scenario,scenario_label,estimator,estimator_label,param,truth,R,fail_share,mean,median,bias,mc_se_bias,median_bias,sd,rmse,mae
exog,(a) Exogenous budget,E1_pooled_huber,"Pooled Huber-LSE (ML practice, E free)",alpha,0.3478,400,0.0,0.4038601330823602,0.40164718504972863,0.05606013308236012,0.003906667515577582,0.0538471850497286,0.07813335031155165,0.09608484220230737,0.06566798052169084
exog,(a) Exogenous budget,E1_pooled_huber,"Pooled Huber-LSE (ML practice, E free)",beta,0.3658,400,0.0,0.4258163041668583,0.4173953623961999,0.060016304166858256,0.006558863762057526,0.051595362396199856,0.13117727524115053,0.14410557106403687,0.07496041715139584
exog,(a) Exogenous budget,E1_pooled_huber,"Pooled Huber-LSE (ML practice, E free)",a,0.5126121076233184,400,0.0,0.50657143370113,0.5072384979375504,-0.006040673922188401,0.005553987095680068,-0.005373609685768055,0.11107974191360136,0.11110513954074092,0.07263631361190642
exog,(a) Exogenous budget,E1_pooled_huber,"Pooled Huber-LSE (ML practice, E free)",gamma,0.17828649103139016,400,0.0,0.19693422871266658,0.1995142456265052,0.018647737681276418,0.0012418251687365497,0.021227754595115028,0.024836503374730996,0.03103301291790749,0.022321008547975044
exog,(a) Exogenous budget,E1_pooled_huber,"Pooled Huber-LSE (ML practice, E free)",sigma_star,0.7370283018867925,400,0.0,0.7075762539625806,0.7082061501226853,-0.02945204792421181,0.0011384540598626679,-0.02882215176410713,0.022769081197253356,0.03720965073540422,0.02898858469023019
exog,(a) Exogenous budget,E1_pooled_huber,"Pooled Huber-LSE (ML practice, E free)",lnMstar,2.8979598554678856,400,0.0,3.4300113645517754,3.548585820956201,0.5320515090838902,0.0762756393914266,0.6506259654883155,1.5255127878285322,1.6138308774410826,1.0781511866181894
exog,(a) Exogenous budget,E1_pooled_huber,"Pooled Huber-LSE (ML practice, E free)",sd_omega,0.25,400,0.0,0.21847739539055688,0.21912349742937043,-0.031522604609443124,0.001384400515862679,-0.030876502570629558,0.02768801031725358,0.041933088985946464,0.031860122911308436
exog,(a) Exogenous budget,E1_pooled_huber,"Pooled Huber-LSE (ML practice, E free)",tfp_growth,0.15,400,0.0,0.06948604749234967,0.06932362456116757,-0.08051395250765032,0.0005163659582583234,-0.08067637543883242,0.010327319165166467,0.08117193748913806,0.08067637543883242
exog,(a) Exogenous budget,E1b_pooled_huber_Etrue,"Pooled Huber-LSE, E fixed at truth (decomposition of E1)",alpha,0.3478,400,0.0,0.4462225883261271,0.44410935531522133,0.09842258832612703,0.0017473417200480693,0.0963093553152213,0.034946834400961385,0.10442812803251754,0.0963093553152213
exog,(a) Exogenous budget,E1b_pooled_huber_Etrue,"Pooled Huber-LSE, E fixed at truth (decomposition of E1)",beta,0.3658,400,0.0,0.4721677509130564,0.46520698636357,0.1063677509130564,0.002558503684986125,0.09940698636356998,0.0511700736997225,0.11800817317300932,0.09940698636356998
exog,(a) Exogenous budget,E1b_pooled_huber_Etrue,"Pooled Huber-LSE, E fixed at truth (decomposition of E1)",a,0.5126121076233184,400,0.0,0.5133758670884594,0.5113079745942843,0.0007637594651409775,0.002051711166350636,-0.0013041330290340936,0.04103422332701272,0.040990014562837365,0.024972284701542335
exog,(a) Exogenous budget,E1b_pooled_huber_Etrue,"Pooled Huber-LSE, E fixed at truth (decomposition of E1)",gamma,0.17828649103139016,400,0.0,0.22781874617796916,0.2272584518032692,0.04953225514657901,0.000410108542274898,0.04897196077187903,0.00820217084549796,0.05020509652881958,0.04897196077187903
exog,(a) Exogenous budget,E1b_pooled_huber_Etrue,"Pooled Huber-LSE, E fixed at truth (decomposition of E1)",sigma_star,0.7370283018867925,400,0.0,0.6854281867984553,0.6861802375476622,-0.05160011508833731,0.00044932337590233113,-0.050848064339130195,0.008986467518046623,0.05237486595769416,0.050848064339130195
exog,(a) Exogenous budget,E1b_pooled_huber_Etrue,"Pooled Huber-LSE, E fixed at truth (decomposition of E1)",lnMstar,2.8979598554678856,400,0.0,3.4609764429218965,3.4546234384197447,0.5630165874540114,0.03861982000480089,0.5566635829518591,0.7723964000960177,0.9550352800459493,0.6241387633984445
exog,(a) Exogenous budget,E1b_pooled_huber_Etrue,"Pooled Huber-LSE, E fixed at truth (decomposition of E1)",sd_omega,0.25,400,0.0,0.2600990201313823,0.2599386769908777,0.010099020131382287,0.0009715395402984675,0.00993867699087772,0.01943079080596935,0.02187697305115688,0.01541459314410662
exog,(a) Exogenous budget,E1b_pooled_huber_Etrue,"Pooled Huber-LSE, E fixed at truth (decomposition of E1)",tfp_growth,0.15,400,0.0,0.09584047847364272,0.0954487153872403,-0.054159521526357286,0.0005019861583655876,-0.054551284612759696,0.010039723167311753,0.055079922141711715,0.054551284612759696
exog,(a) Exogenous budget,E2_pooled_nls,Pooled NLS + generation effects,alpha,0.3478,400,0.0,0.3549790242758685,0.3474272345001048,0.00717902427586854,0.002463278440579807,-0.00037276549989517793,0.04926556881159614,0.049724912460534294,0.03344988283188255
exog,(a) Exogenous budget,E2_pooled_nls,Pooled NLS + generation effects,beta,0.3658,400,0.0,0.3769730510089222,0.36424867404937167,0.011173051008922177,0.0043194860923085904,-0.0015513259506283739,0.08638972184617182,0.08700208704051453,0.055704531989485495
exog,(a) Exogenous budget,E2_pooled_nls,Pooled NLS + generation effects,a,0.5126121076233184,400,0.0,0.5107371628906706,0.5095938528980373,-0.001874944732647902,0.004259749481829988,-0.003018254725281222,0.08519498963659977,0.08510908418778147,0.06267841963563181
exog,(a) Exogenous budget,E2_pooled_nls,Pooled NLS + generation effects,gamma,0.17828649103139016,400,0.0,0.1773479428195139,0.1777074873052375,-0.0009385482118762544,0.0005029421982820953,-0.0005790037261526465,0.010058843965641906,0.010090008117753617,0.006009780315036337
exog,(a) Exogenous budget,E2_pooled_nls,Pooled NLS + generation effects,sigma_star,0.7370283018867925,400,0.0,0.7323392980067445,0.7343373546717923,-0.004689003880048014,0.0006859585179525504,-0.0026909472150001834,0.013719170359051007,0.014482121862469511,0.006959709061564678
exog,(a) Exogenous budget,E2_pooled_nls,Pooled NLS + generation effects,lnMstar,2.8979598554678856,400,0.0,2.9061773178454047,2.8960356795229507,0.008217462377519214,0.05836333396645142,-0.0019241759449348805,1.1672666793290285,1.1658356439087216,0.8329268017854525
exog,(a) Exogenous budget,E2_pooled_nls,Pooled NLS + generation effects,sd_omega,0.25,400,0.0,0.24871042212942224,0.24854617432470688,-0.001289577870577726,0.0009651395395804905,-0.001453825675293105,0.01930279079160981,0.01932172997166865,0.013062350349612117
exog,(a) Exogenous budget,E2_pooled_nls,Pooled NLS + generation effects,tfp_growth,0.15,400,0.0,0.15168295347995717,0.15236873595512518,0.0016829534799571784,0.0005861933646933889,0.00236873595512517,0.011723867293867778,0.011829529748857814,0.008666768035729827
exog,(a) Exogenous budget,E3_lab_fe,Lab FE NLS,alpha,0.3478,400,0.0,0.3507335737072406,0.34921229362693185,0.002933573707240641,0.001812669188452395,0.001412293626931821,0.0362533837690479,0.036326683303254025,0.024827400318569087
exog,(a) Exogenous budget,E3_lab_fe,Lab FE NLS,beta,0.3658,400,0.0,0.37493197276809936,0.36770697528894614,0.00913197276809942,0.003248593017552028,0.0019069752889461222,0.06497186035104056,0.06553000997648893,0.04038623722437418
exog,(a) Exogenous budget,E3_lab_fe,Lab FE NLS,a,0.5126121076233184,400,0.0,0.5140809816522376,0.5114909859519547,0.00146887402891921,0.0033139400761776523,-0.001121121671363745,0.06627880152355305,0.06621219618380646,0.045450265616563706
exog,(a) Exogenous budget,E3_lab_fe,Lab FE NLS,gamma,0.17828649103139016,400,0.0,0.1779631435038308,0.17834072827449787,-0.0003233475275593239,0.0003075999292042531,5.4237243107699284e-05,0.006151998584085062,0.0061528060659927246,0.0038356399505775074
exog,(a) Exogenous budget,E3_lab_fe,Lab FE NLS,sigma_star,0.7370283018867925,400,0.0,0.7338795189153696,0.7356589631591768,-0.003148782971422899,0.00045376638150069267,-0.0013693387276156876,0.009075327630013853,0.009595337506530735,0.004456810409556755
exog,(a) Exogenous budget,E3_lab_fe,Lab FE NLS,lnMstar,2.8979598554678856,400,0.0,2.8948807520580497,2.916268931201393,-0.0030791034098359214,0.04371143023912295,0.018309075733507596,0.8742286047824591,0.8731405643790372,0.6381827733167407
exog,(a) Exogenous budget,E3_lab_fe,Lab FE NLS,sd_omega,0.25,400,0.0,0.24956689088784045,0.24916073235965341,-0.0004331091121595242,0.0009664460627867693,-0.000839267640346586,0.019328921255735387,0.019309602855086865,0.013104009881405199
exog,(a) Exogenous budget,E3_lab_fe,Lab FE NLS,tfp_growth,0.15,400,0.0,0.15122969827052635,0.1517103329045193,0.001229698270526332,0.0004745385127227523,0.0017103329045193016,0.009490770254455046,0.009558330976657328,0.006695126591149639
exog,(a) Exogenous budget,E4_mundlak,Mundlak (CRE),alpha,0.3478,400,0.0,0.355971710359025,0.35161621555512046,0.008171710359024973,0.002380154497155972,0.0038162155551204613,0.04760308994311944,0.04824070777770765,0.03458771623464005
exog,(a) Exogenous budget,E4_mundlak,Mundlak (CRE),beta,0.3658,400,0.0,0.3766002575939538,0.36258865520882755,0.010800257593953764,0.004214254800739596,-0.0032113447911724935,0.08428509601479192,0.08486968263633894,0.05736598308860391
exog,(a) Exogenous budget,E4_mundlak,Mundlak (CRE),a,0.5126121076233184,400,0.0,0.5099707462674243,0.5079572090375448,-0.002641361355894099,0.0042099582172350795,-0.004654898585773559,0.0841991643447016,0.08413532146469527,0.06532989794056279
exog,(a) Exogenous budget,E4_mundlak,Mundlak (CRE),gamma,0.17828649103139016,400,0.0,0.1776374983257071,0.17852885802763915,-0.0006489927056830378,0.00039367575177811314,0.00024236699624899383,0.007873515035562263,0.007890402394663832,0.005092467726193775
exog,(a) Exogenous budget,E4_mundlak,Mundlak (CRE),sigma_star,0.7370283018867925,400,0.0,0.7321065621483617,0.7349787363729585,-0.004921739738430829,0.0005900268281085959,-0.0020495655138338953,0.011800536562171919,0.01277215931431007,0.005545677214281675
exog,(a) Exogenous budget,E4_mundlak,Mundlak (CRE),lnMstar,2.8979598554678856,400,0.0,2.954426299796946,3.021505410865499,0.0564664443290603,0.05512392576235553,0.12354555539761325,1.1024785152471106,1.102546456492962,0.8186846022417331
exog,(a) Exogenous budget,E4_mundlak,Mundlak (CRE),sd_omega,0.25,400,0.0,0.2493174773311887,0.24916718474103175,-0.0006825226688113397,0.0009654176104787431,-0.0008328152589682503,0.019308352209574862,0.019296276093583788,0.01295778629008694
exog,(a) Exogenous budget,E4_mundlak,Mundlak (CRE),tfp_growth,0.15,400,0.0,0.15155452002197087,0.15217735354728798,0.0015545200219708626,0.0005084748024429574,0.0021773535472879857,0.010169496048859148,0.01027504918536893,0.007352109766385853
exog,(a) Exogenous budget,E5_labgen_fe,Lab x generation FE,alpha,0.3478,400,0.0,0.34830136485009416,0.3475326806506217,0.0005013648500942039,0.0007173316433797632,-0.00026731934937829216,0.014346632867595263,0.01433745711986197,0.010831878704275377
exog,(a) Exogenous budget,E5_labgen_fe,Lab x generation FE,beta,0.3658,400,0.0,0.36734416872760467,0.3655238542700716,0.0015441687276046751,0.0012204660536661517,-0.0002761457299284009,0.024409321073323033,0.0244276457099683,0.01694811177530145
exog,(a) Exogenous budget,E5_labgen_fe,Lab x generation FE,a,0.5126121076233184,400,0.0,0.5129315256629589,0.5124275742674077,0.0003194180396404517,0.0013265941157912758,-0.00018453335591073206,0.026531882315825518,0.0265006217881168,0.01920484269427644
exog,(a) Exogenous budget,E5_labgen_fe,Lab x generation FE,gamma,0.17828649103139016,400,0.0,0.1782801673145154,0.17812567887652336,-6.323716874742022e-06,0.00011499096803901379,-0.00016081215486679623,0.0022998193607802757,0.0022969514924970355,0.0014852968482219203
exog,(a) Exogenous budget,E5_labgen_fe,Lab x generation FE,sigma_star,0.7370283018867925,400,0.0,0.7364858865321966,0.7370193383652375,-0.0005424153545959235,0.00015313524250889279,-8.963521554994358e-06,0.0030627048501778555,0.003106593796058011,0.0018424566910019702
exog,(a) Exogenous budget,E5_labgen_fe,Lab x generation FE,lnMstar,2.8979598554678856,400,0.0,2.9006552054453696,2.8975621041362905,0.002695349977484187,0.01847211015496396,-0.000397751331595142,0.3694422030992792,0.36898995581014543,0.2632428813142953
exog,(a) Exogenous budget,E5_labgen_fe,Lab x generation FE,sd_omega,0.25,400,0.0,0.24993368044381506,0.24945430643626593,-6.631955618496527e-05,0.00096749346008932,-0.0005456935637340871,0.0193498692017864,0.01932578052277472,0.013416166633851118
exog,(a) Exogenous budget,E5_labgen_fe,Lab x generation FE,tfp_growth,0.15,400,0.0,0.15057947698731985,0.15106108767597692,0.0005794769873198474,0.00044905751907153976,0.0010610876759769433,0.008981150381430795,0.008988615193525258,0.006334617410982929
exog,(a) Exogenous budget,E6_acf,ACF/Wooldridge GMM (c predetermined),alpha,0.3478,400,0.0,0.3601582224601274,0.3422330893074429,0.012358222460127416,0.00357772576351464,-0.0055669106925570755,0.0715545152702928,0.07252567956456284,0.04989714677966012
exog,(a) Exogenous budget,E6_acf,ACF/Wooldridge GMM (c predetermined),beta,0.3658,400,0.0,0.39755366389039465,0.3725851985386811,0.03175366389039462,0.006401737025144188,0.006785198538681064,0.12803474050288377,0.13175814095973667,0.08351796956479243
exog,(a) Exogenous budget,E6_acf,ACF/Wooldridge GMM (c predetermined),a,0.5126121076233184,400,0.0,0.5164581289349713,0.5204745164087977,0.0038460213116529485,0.005856894424006996,0.00786240878547928,0.11713788848013991,0.11705457524258253,0.09775276387112947
exog,(a) Exogenous budget,E6_acf,ACF/Wooldridge GMM (c predetermined),gamma,0.17828649103139016,400,0.0,0.17796759856479877,0.1779694720052708,-0.00031889246659138644,0.0004981244031333069,-0.00031701902611937227,0.009962488062666138,0.00995513600524961,0.006358582388347869
exog,(a) Exogenous budget,E6_acf,ACF/Wooldridge GMM (c predetermined),sigma_star,0.7370283018867925,400,0.0,0.7257707293647303,0.7320841212604097,-0.011257572522062236,0.000955648044735408,-0.004944180626382799,0.01911296089470816,0.022161339085595155,0.006786562532242135
exog,(a) Exogenous budget,E6_acf,ACF/Wooldridge GMM (c predetermined),lnMstar,2.8979598554678856,400,0.0,2.924745458345019,2.849599557155961,0.02678560287713381,0.07364964216296337,-0.04836029831192468,1.4729928432592674,1.4713942758566716,1.1417626198566384
exog,(a) Exogenous budget,E6_acf,ACF/Wooldridge GMM (c predetermined),sd_omega,0.25,400,0.0,0.24985918922722733,0.24902203705366088,-0.0001408107727726656,0.000965402358959344,-0.000977962946339117,0.01930804717918688,0.019284411109306683,0.013219765348987444
exog,(a) Exogenous budget,E6_acf,ACF/Wooldridge GMM (c predetermined),tfp_growth,0.15,400,0.0,0.15185545769931932,0.15225181178136346,0.0018554576993193286,0.00048796462160460776,0.0022518117813634664,0.009759292432092155,0.009922116839521536,0.0076259264574326385
exog,(a) Exogenous budget,E6b_acf_lagonly,ACF GMM (lagged instruments only),alpha,0.3478,400,0.0,0.3650090406395883,0.34163994720181007,0.017209040639588214,0.003990097508575064,-0.00616005279818993,0.07980195017150127,0.0815388340165705,0.050473410273572106
exog,(a) Exogenous budget,E6b_acf_lagonly,ACF GMM (lagged instruments only),beta,0.3658,400,0.0,0.39600038382243463,0.3681561256823756,0.03020038382243456,0.006922075970349324,0.002356125682375587,0.13844151940698649,0.14152809736231917,0.09066706553910603
exog,(a) Exogenous budget,E6b_acf_lagonly,ACF GMM (lagged instruments only),a,0.5126121076233184,400,0.0,0.5113051396886773,0.5190387227940695,-0.0013069679346411178,0.006299208050165045,0.006426615170751049,0.1259841610033009,0.1258333698461126,0.1030585055616623
exog,(a) Exogenous budget,E6b_acf_lagonly,ACF GMM (lagged instruments only),gamma,0.17828649103139016,400,0.0,0.1770279897101166,0.17711786628852083,-0.0012585013212735629,0.0005456172214024354,-0.0011686247428693147,0.010912344428048708,0.010971116093621563,0.006901474805540597
exog,(a) Exogenous budget,E6b_acf_lagonly,ACF GMM (lagged instruments only),sigma_star,0.7370283018867925,400,0.0,0.7250075408817631,0.7317827153670027,-0.012020761005029322,0.0010417302807513612,-0.005245586519789791,0.020834605615027223,0.024031110758679534,0.007324241380167462
exog,(a) Exogenous budget,E6b_acf_lagonly,ACF GMM (lagged instruments only),lnMstar,2.8979598554678856,400,0.0,2.9815053738631163,2.856450135691479,0.08354551839523072,0.07889129395434966,-0.041509719776406495,1.577825879086993,1.5780654365706064,1.140795795071253
exog,(a) Exogenous budget,E6b_acf_lagonly,ACF GMM (lagged instruments only),sd_omega,0.25,400,0.0,0.2500748595047342,0.2493008273035528,7.48595047341781e-05,0.0009657440830369037,-0.0006991726964471895,0.019314881660738074,0.019290868199224324,0.013604264232296437
exog,(a) Exogenous budget,E6b_acf_lagonly,ACF GMM (lagged instruments only),tfp_growth,0.15,400,0.0,0.15253073390812547,0.15307128853269827,0.0025307339081254627,0.00046525410564416514,0.0030712885326982797,0.009305082112883303,0.009631858899424245,0.00692177677702667
exog,(a) Exogenous budget,E7_iv_path,IV (compute price) + expansion path,alpha,0.3478,400,0.0,0.349983099216946,0.34256216343931184,0.002183099216946024,0.005094590213044205,-0.005237836560688158,0.10189180426088411,0.10178777356976872,0.060304880783907805
exog,(a) Exogenous budget,E7_iv_path,IV (compute price) + expansion path,beta,0.3658,400,0.0,0.3681797663099481,0.36193771676272324,0.002379766309947998,0.005384404238458005,-0.0038622832372768034,0.1076880847691601,0.10757971500211667,0.06330797553530224
exog,(a) Exogenous budget,E7_iv_path,IV (compute price) + expansion path,a,0.5126121076233184,400,0.0,0.5125660956354939,0.5124218926585278,-4.601198782449384e-05,0.00018756554874113532,-0.00019021496479065814,0.0037513109748227064,0.0037469014262153048,0.002564361475943744
exog,(a) Exogenous budget,E7_iv_path,IV (compute price) + expansion path,gamma,0.17828649103139016,400,0.0,0.1794152463121622,0.17615541271414348,0.0011287552807720488,0.002616671604763299,-0.0021310783172466957,0.05233343209526598,0.05228016098929413,0.030792355333151486
exog,(a) Exogenous budget,E7_iv_path,IV (compute price) + expansion path,sigma_star,0.7370283018867925,400,0.0,0.74009893030797,0.7393317200424343,0.0030706284211775483,0.0028249469701624864,0.0023034181556418343,0.05649893940324973,0.05651175618584861,0.03343491653858993
exog,(a) Exogenous budget,E7_iv_path,IV (compute price) + expansion path,lnMstar,2.8979598554678856,400,0.0,4.1756229238802804,4.171949607977897,1.2776630684123946,0.002640772463066913,1.2739897525100115,0.05281544926133826,1.278751506113072,1.2739897525100115
exog,(a) Exogenous budget,E7_iv_path,IV (compute price) + expansion path,sd_omega,0.25,400,0.0,0.259840531393636,0.2583061660388086,0.009840531393635985,0.0013500619397138565,0.008306166038808599,0.02700123879427713,0.028706798624953775,0.016792542261956048
exog,(a) Exogenous budget,E7_iv_path,IV (compute price) + expansion path,tfp_growth,0.15,400,0.0,0.1492122860544619,0.15479589453690454,-0.0007877139455380762,0.0029260007279485367,0.004795894536904544,0.05852001455897073,0.05845212671051573,0.035258970279977
exog,(a) Exogenous budget,E8_heckman,Heckman selection correction,alpha,0.3478,400,0.0,0.3549791834475776,0.34742484040037835,0.007179183447577614,0.0024633068450347594,-0.0003751595996216439,0.04926613690069519,0.04972549687513657,0.03344988104731794
exog,(a) Exogenous budget,E8_heckman,Heckman selection correction,beta,0.3658,400,0.0,0.37697300096828806,0.36424867404937167,0.011173000968288018,0.004319489884777776,-0.0015513259506283739,0.08638979769555553,0.08700215574140494,0.055672789719330984
exog,(a) Exogenous budget,E8_heckman,Heckman selection correction,a,0.5126121076233184,400,0.0,0.5107370640631302,0.5095813249321399,-0.001875043560188176,0.004259766377863324,-0.003030782691178513,0.08519532755726647,0.08510942378108641,0.06267468578936491
exog,(a) Exogenous budget,E8_heckman,Heckman selection correction,gamma,0.17828649103139016,400,0.0,0.17734792537885077,0.1777074873052375,-0.0009385656525393687,0.0005029372511069178,-0.0005790037261526465,0.010058745022138356,0.01008991134876659,0.0060103247607661
exog,(a) Exogenous budget,E8_heckman,Heckman selection correction,sigma_star,0.7370283018867925,400,0.0,0.7323392671401595,0.7343394357276414,-0.004689034746632983,0.0006859562577485911,-0.002688866159151093,0.01371912515497182,0.014482089140913597,0.006959812710766067
exog,(a) Exogenous budget,E8_heckman,Heckman selection correction,lnMstar,2.8979598554678856,400,0.0,2.906187613999777,2.8961174927214137,0.008227758531891251,0.058363380202260465,-0.0018423627464718706,1.1672676040452092,1.1658366400638078,0.8331926554561995
exog,(a) Exogenous budget,E8_heckman,Heckman selection correction,sd_omega,0.25,400,0.0,0.2487104290082123,0.24854617432470688,-0.0012895709917876827,0.0009651397047806548,-0.001453825675293105,0.019302794095613095,0.019321732805076052,0.013062445322255672
exog,(a) Exogenous budget,E8_heckman,Heckman selection correction,tfp_growth,0.15,400,0.0,0.15168296065679276,0.15236873595512518,0.001682960656792753,0.0005861927456136082,0.00236873595512517,0.011723854912272165,0.011829518529564525,0.008666768035729827
exog,(a) Exogenous budget,E9_foc_system,FOC system (T ignored),alpha,0.3478,400,0.0,0.34486662307289834,0.3450075301440564,-0.0029333769271016556,0.00015040448765626507,-0.0027924698559435857,0.003008089753125301,0.004198890645087419,0.002939818793124299
exog,(a) Exogenous budget,E9_foc_system,FOC system (T ignored),beta,0.3658,400,0.0,0.359815026699461,0.35967922654655576,-0.005984973300538955,0.00018768261312205502,-0.00612077345344425,0.0037536522624411007,0.007062194131587224,0.006134520250909659
exog,(a) Exogenous budget,E9_foc_system,FOC system (T ignored),a,0.5126121076233184,400,0.0,0.510601937513582,0.5105088336760191,-0.0020101701097364937,0.0001684102858219816,-0.0021032739472993667,0.003368205716439632,0.003918830385965179,0.0026946869864317713
exog,(a) Exogenous budget,E9_foc_system,FOC system (T ignored),gamma,0.17828649103139016,400,0.0,0.1760831646723679,0.17611443681668887,-0.0022033263590222427,6.019715750373555e-05,-0.0021720542147012772,0.001203943150074711,0.0025100801690787693,0.0021720542147012772
exog,(a) Exogenous budget,E9_foc_system,FOC system (T ignored),sigma_star,0.7370283018867925,400,0.0,0.7394609352944737,0.7394323680492265,0.002432633407681222,6.633999064117418e-05,0.0024040661624340487,0.0013267998128234837,0.0027701447697037274,0.0024040661624340487
exog,(a) Exogenous budget,E9_foc_system,FOC system (T ignored),lnMstar,2.8979598554678856,400,0.0,4.1480654605478335,4.147358912642018,1.2501056050799475,0.002405569986545077,1.2493990571741316,0.04811139973090154,1.2510287542136704,1.2493990571741316
exog,(a) Exogenous budget,E9_foc_system,FOC system (T ignored),sd_omega,0.25,400,0.0,0.25035338863203516,0.24997662518868924,0.0003533886320351652,0.0009694423842634455,-2.3374811310747368e-05,0.019388847685268912,0.019367820722822764,0.013258612705849604
exog,(a) Exogenous budget,E9_foc_system,FOC system (T ignored),tfp_growth,0.15,400,0.0,0.15283057142814102,0.1532334591807379,0.002830571428141021,0.00045141516982196664,0.0032334591807379187,0.009028303396439332,0.009450852933593925,0.006646418821072433
exog,(a) Exogenous budget,E10_foc_system_T,FOC system (T proxied),alpha,0.3478,400,0.0,0.3468757734478389,0.3467068779234447,-0.0009242265521611271,0.00013105259273186938,-0.0010931220765553473,0.0026210518546373874,0.002776136301112751,0.0020586185684272063
exog,(a) Exogenous budget,E10_foc_system_T,FOC system (T proxied),beta,0.3658,400,0.0,0.3636819967352365,0.3634654657630311,-0.002118003264763588,0.00017581500752635265,-0.002334534236968888,0.003516300150527053,0.0041011454084529,0.0030629481941900627
exog,(a) Exogenous budget,E10_foc_system_T,FOC system (T proxied),a,0.5126121076233184,400,0.0,0.5118211259108233,0.511814678745826,-0.0007909817124951276,0.00014979077322368437,-0.0007974288774924565,0.0029958154644736876,0.003094854615476868,0.0022179344246967547
exog,(a) Exogenous budget,E10_foc_system_T,FOC system (T proxied),gamma,0.17828649103139016,400,0.0,0.17753370053163262,0.177503279763573,-0.0007527904997575237,5.531351368697659e-05,-0.0007832112678171493,0.0011062702737395318,0.0013369621798272836,0.0009509614837743263
exog,(a) Exogenous budget,E10_foc_system_T,FOC system (T proxied),sigma_star,0.7370283018867925,400,0.0,0.7378575253867521,0.7378800425472447,0.0008292234999595766,6.09713671233433e-05,0.0008517406604522937,0.001219427342466866,0.0014733964669538622,0.0010454943045911103
exog,(a) Exogenous budget,E10_foc_system_T,FOC system (T proxied),lnMstar,2.8979598554678856,400,0.0,2.87310554237685,2.8734029504078045,-0.024854313091036424,0.002030478225031071,-0.024556905060081347,0.04060956450062142,0.04756837990025591,0.03211777366020274
exog,(a) Exogenous budget,E10_foc_system_T,FOC system (T proxied),sd_omega,0.25,400,0.0,0.24992268898101894,0.24932926696550506,-7.731101898105427e-05,0.0009675366052804256,-0.0006707330344949552,0.01935073210560851,0.01932668318501978,0.013344658156901723
exog,(a) Exogenous budget,E10_foc_system_T,FOC system (T proxied),tfp_growth,0.15,400,0.0,0.15121362700209903,0.15164419421974845,0.0012136270020990452,0.0004495982211279555,0.0016441942197484433,0.00899196442255911,0.009062349370684807,0.006523832663237
funding,(b) Funding rule (c responds to omega),E1_pooled_huber,"Pooled Huber-LSE (ML practice, E free)",alpha,0.3478,400,0.0,0.4200161476092875,0.420357696834497,0.07221614760928748,0.003986170217808613,0.07255769683449695,0.07972340435617226,0.10749466788942975,0.0771311090344941
funding,(b) Funding rule (c responds to omega),E1_pooled_huber,"Pooled Huber-LSE (ML practice, E free)",beta,0.3658,400,0.0,0.4470571611067633,0.43719330299409564,0.08125716110676326,0.0066666315623757615,0.07139330299409563,0.13333263124751524,0.15599959233962085,0.0947968476087016
funding,(b) Funding rule (c responds to omega),E1_pooled_huber,"Pooled Huber-LSE (ML practice, E free)",a,0.5126121076233184,400,0.0,0.5084225852410372,0.5103958461607951,-0.004189522382281128,0.005751087936273853,-0.00221626146252335,0.11502175872547706,0.11495426075462682,0.07736352670620833
funding,(b) Funding rule (c responds to omega),E1_pooled_huber,"Pooled Huber-LSE (ML practice, E free)",gamma,0.17828649103139016,400,0.0,0.2051343632022441,0.20925442850322754,0.026847872170853968,0.0011692162327929146,0.030967937471837376,0.023384324655858293,0.03558465699025453,0.03185338814168934
funding,(b) Funding rule (c responds to omega),E1_pooled_huber,"Pooled Huber-LSE (ML practice, E free)",sigma_star,0.7370283018867925,400,0.0,0.6981748233160119,0.6985336884685874,-0.03885347857078062,0.0010157491511675189,-0.03849461341820504,0.02031498302335038,0.04383217523636062,0.03849461341820504
funding,(b) Funding rule (c responds to omega),E1_pooled_huber,"Pooled Huber-LSE (ML practice, E free)",lnMstar,2.8979598554678856,400,0.0,3.4454926797111782,3.512374856591175,0.5475328242432927,0.07529939567078889,0.6144150011232898,1.5059879134157776,1.6006629220388213,1.0738566060624504
funding,(b) Funding rule (c responds to omega),E1_pooled_huber,"Pooled Huber-LSE (ML practice, E free)",sd_omega,0.25,400,0.0,0.19774694122943987,0.19654641327219127,-0.052253058770560114,0.001119205738591506,-0.05345358672780873,0.022384114771830117,0.05683465600769284,0.05345358672780873
funding,(b) Funding rule (c responds to omega),E1_pooled_huber,"Pooled Huber-LSE (ML practice, E free)",tfp_growth,0.15,400,0.0,0.06023894670402709,0.06048033902424306,-0.0897610532959729,0.00042682806864010247,-0.08951966097575693,0.00853656137280205,0.09016505635041729,0.08951966097575693
funding,(b) Funding rule (c responds to omega),E1b_pooled_huber_Etrue,"Pooled Huber-LSE, E fixed at truth (decomposition of E1)",alpha,0.3478,400,0.0,0.4624332255897815,0.4607601050164991,0.1146332255897815,0.0016155038115837443,0.11296010501649911,0.03231007623167489,0.11908865429859024,0.11296010501649911
funding,(b) Funding rule (c responds to omega),E1b_pooled_huber_Etrue,"Pooled Huber-LSE, E fixed at truth (decomposition of E1)",beta,0.3658,400,0.0,0.49515955731155414,0.4876635657581968,0.12935955731155407,0.002811380488433551,0.12186356575819679,0.05622760976867102,0.14102317294646455,0.12186356575819679
funding,(b) Funding rule (c responds to omega),E1b_pooled_huber_Etrue,"Pooled Huber-LSE, E fixed at truth (decomposition of E1)",a,0.5126121076233184,400,0.0,0.5160960430209667,0.5153819534549671,0.003483935397648227,0.0019991302473101966,0.002769845831648632,0.03998260494620393,0.04008428597834178,0.022473937876716893
funding,(b) Funding rule (c responds to omega),E1b_pooled_huber_Etrue,"Pooled Huber-LSE, E fixed at truth (decomposition of E1)",gamma,0.17828649103139016,400,0.0,0.23750930406676773,0.2371329246782276,0.059222813035377554,0.0003845720215434863,0.05884643364683746,0.007691440430869726,0.0597189412505375,0.05884643364683746
funding,(b) Funding rule (c responds to omega),E1b_pooled_huber_Etrue,"Pooled Huber-LSE, E fixed at truth (decomposition of E1)",sigma_star,0.7370283018867925,400,0.0,0.6763513282959172,0.6770743505739485,-0.06067697359087539,0.0004542390250751381,-0.05995395131284398,0.009084780501502762,0.06135162612202201,0.05995395131284398
funding,(b) Funding rule (c responds to omega),E1b_pooled_huber_Etrue,"Pooled Huber-LSE, E fixed at truth (decomposition of E1)",lnMstar,2.8979598554678856,400,0.0,3.4398592791058205,3.4306733262469526,0.5418994236379349,0.03439395199126111,0.5327134707790668,0.6878790398252221,0.87501406550776,0.6044970495316389
funding,(b) Funding rule (c responds to omega),E1b_pooled_huber_Etrue,"Pooled Huber-LSE, E fixed at truth (decomposition of E1)",sd_omega,0.25,400,0.0,0.23746384446803298,0.23714633949634079,-0.012536155531967049,0.0008778762877179207,-0.0128536605036592,0.017557525754358413,0.021555770442275766,0.015790824552737573
funding,(b) Funding rule (c responds to omega),E1b_pooled_huber_Etrue,"Pooled Huber-LSE, E fixed at truth (decomposition of E1)",tfp_growth,0.15,400,0.0,0.08513135771175863,0.08550970523263046,-0.06486864228824137,0.00046956309216902696,-0.06449029476736953,0.009391261843380539,0.06554323810915375,0.06449029476736953
funding,(b) Funding rule (c responds to omega),E2_pooled_nls,Pooled NLS + generation effects,alpha,0.3478,400,0.0,0.39129748519716856,0.39159694409223544,0.04349748519716859,0.0013962607074298754,0.043796944092235446,0.027925214148597506,0.05167106791774114,0.044149225676896636
funding,(b) Funding rule (c responds to omega),E2_pooled_nls,Pooled NLS + generation effects,beta,0.3658,400,0.0,0.41960905526656617,0.4159916315462345,0.05380905526656614,0.002338787166243133,0.05019163154623446,0.04677574332486266,0.07125948825851065,0.050459541878787456
funding,(b) Funding rule (c responds to omega),E2_pooled_nls,Pooled NLS + generation effects,a,0.5126121076233184,400,0.0,0.5164393851953704,0.513668213229677,0.00382727757205192,0.002103015200551477,0.0010561056063586594,0.042060304011029545,0.042181685056194816,0.024765773686116765
funding,(b) Funding rule (c responds to omega),E2_pooled_nls,Pooled NLS + generation effects,gamma,0.17828649103139016,400,0.0,0.20103067889330709,0.20168324694353343,0.02274418786191695,0.0003644238018213245,0.02339675591214327,0.00728847603642649,0.02388068591402684,0.02339675591214327
funding,(b) Funding rule (c responds to omega),E2_pooled_nls,Pooled NLS + generation effects,sigma_star,0.7370283018867925,400,0.0,0.7116086206715257,0.7114274895357511,-0.025419681215266655,0.00040946629710780997,-0.02560081235104139,0.0081893259421562,0.026703138201795415,0.02560081235104139
funding,(b) Funding rule (c responds to omega),E2_pooled_nls,Pooled NLS + generation effects,lnMstar,2.8979598554678856,400,0.0,3.1302548065279283,3.1538046686035095,0.23229495106004305,0.034469983857579524,0.2558448131356239,0.6893996771515905,0.7266668283041157,0.48649581885065607
funding,(b) Funding rule (c responds to omega),E2_pooled_nls,Pooled NLS + generation effects,sd_omega,0.25,400,0.0,0.24042593035242035,0.23973663885671892,-0.009574069647579637,0.0008936613403657786,-0.010263361143281094,0.01787322680731557,0.020256268549048842,0.014678503674379992
funding,(b) Funding rule (c responds to omega),E2_pooled_nls,Pooled NLS + generation effects,tfp_growth,0.15,400,0.0,0.12566755054946854,0.12612617882533161,-0.02433244945053147,0.0005587439027550986,-0.023873821174668394,0.011174878055101973,0.02677001682965856,0.023873821174668394
funding,(b) Funding rule (c responds to omega),E3_lab_fe,Lab FE NLS,alpha,0.3478,400,0.0,0.36503998398639687,0.3635010603814265,0.01723998398639689,0.001268196164218857,0.01570106038142649,0.02536392328437714,0.03064208430763238,0.019078487343880096
funding,(b) Funding rule (c responds to omega),E3_lab_fe,Lab FE NLS,beta,0.3658,400,0.0,0.38770128089554107,0.38400474249692895,0.021901280895541015,0.002142332665274088,0.01820474249692894,0.042846653305481756,0.04807194831808713,0.02886723277235606
funding,(b) Funding rule (c responds to omega),E3_lab_fe,Lab FE NLS,a,0.5126121076233184,400,0.0,0.5140514315256723,0.5137623203372863,0.0014393239023538734,0.0021498596679948236,0.0011502127139678686,0.04299719335989647,0.04296752719824754,0.02675469524412641
funding,(b) Funding rule (c responds to omega),E3_lab_fe,Lab FE NLS,gamma,0.17828649103139016,400,0.0,0.1866005390181239,0.1861628960711877,0.008314047986733707,0.0002182012940820056,0.007876405039797515,0.004364025881640112,0.009387252207999767,0.007876405039797515
funding,(b) Funding rule (c responds to omega),E3_lab_fe,Lab FE NLS,sigma_star,0.7370283018867925,400,0.0,0.7265987632340165,0.7276194511206185,-0.010429538652775955,0.0003011447792551308,-0.009408850766173926,0.006022895585102616,0.012039927722404468,0.009408850766173926
funding,(b) Funding rule (c responds to omega),E3_lab_fe,Lab FE NLS,lnMstar,2.8979598554678856,400,0.0,3.007509708311364,3.0181512561712136,0.10954985284347828,0.0322478212130593,0.12019140070332801,0.644956424261186,0.6533988349245914,0.47044407192980153
funding,(b) Funding rule (c responds to omega),E3_lab_fe,Lab FE NLS,sd_omega,0.25,400,0.0,0.24628136040987342,0.24576999836453217,-0.0037186395901265684,0.0009463692371081704,-0.004230001635467814,0.01892738474216341,0.019265994883373973,0.013491038017490048
funding,(b) Funding rule (c responds to omega),E3_lab_fe,Lab FE NLS,tfp_growth,0.15,400,0.0,0.14134812336587793,0.14195249283120648,-0.008651876634122079,0.0004735967760311056,-0.008047507168793516,0.009471935520622112,0.01281983767029144,0.008800847299776274
funding,(b) Funding rule (c responds to omega),E4_mundlak,Mundlak (CRE),alpha,0.3478,400,0.0,0.36674748040837213,0.36574230511075867,0.01894748040837218,0.001309013766613847,0.0179423051107587,0.02618027533227694,0.0322908704320322,0.0217619478449958
funding,(b) Funding rule (c responds to omega),E4_mundlak,Mundlak (CRE),beta,0.3658,400,0.0,0.39456340985521493,0.3880959188958616,0.02876340985521486,0.0023044848637776877,0.02229591889586155,0.04608969727555375,0.05427967659229261,0.02955137200554314
funding,(b) Funding rule (c responds to omega),E4_mundlak,Mundlak (CRE),a,0.5126121076233184,400,0.0,0.5170854863927395,0.5135178850691703,0.004473378769421034,0.002249130019855294,0.0009057774458518519,0.04498260039710588,0.045148497984475656,0.02888647020811763
funding,(b) Funding rule (c responds to omega),E4_mundlak,Mundlak (CRE),gamma,0.17828649103139016,400,0.0,0.18850953817837968,0.1888854415496019,0.0102230471469895,0.0002454337252771133,0.010598950518211733,0.004908674505542266,0.011337792583101322,0.010598950518211733
funding,(b) Funding rule (c responds to omega),E4_mundlak,Mundlak (CRE),sigma_star,0.7370283018867925,400,0.0,0.7243543497685573,0.7250529848649695,-0.012673952118235137,0.00033063698700393717,-0.011975317021822973,0.006612739740078743,0.014291538347853197,0.011975317021822973
funding,(b) Funding rule (c responds to omega),E4_mundlak,Mundlak (CRE),lnMstar,2.8979598554678856,400,0.0,2.9919712041558357,3.0262262985887856,0.0940113486879503,0.032552450504267576,0.12826644312089996,0.6510490100853515,0.6569956508085961,0.48886577160305933
funding,(b) Funding rule (c responds to omega),E4_mundlak,Mundlak (CRE),sd_omega,0.25,400,0.0,0.2454539988622152,0.24471075170412032,-0.004546001137784806,0.0009405394402967596,-0.005289248295879664,0.018810788805935192,0.01932944094917087,0.013655987448336904
funding,(b) Funding rule (c responds to omega),E4_mundlak,Mundlak (CRE),tfp_growth,0.15,400,0.0,0.13947556927707075,0.13995597048574948,-0.010524430722929239,0.00047439844272371924,-0.010044029514250527,0.009487968854474385,0.014161925756857863,0.010544425080278794
funding,(b) Funding rule (c responds to omega),E5_labgen_fe,Lab x generation FE,alpha,0.3478,400,0.0,0.34815019378388584,0.3480526190293425,0.0003501937838857873,0.0007287165166999242,0.0002526190293424546,0.014574330333998483,0.014560312929640946,0.010531475247357702
funding,(b) Funding rule (c responds to omega),E5_labgen_fe,Lab x generation FE,beta,0.3658,400,0.0,0.368449153467934,0.3660745497883399,0.0026491534679339446,0.0012926602900539003,0.0002745497883399062,0.025853205801078007,0.02595641141729876,0.017868941242675435
funding,(b) Funding rule (c responds to omega),E5_labgen_fe,Lab x generation FE,a,0.5126121076233184,400,0.0,0.5137296762696866,0.5124390749801105,0.0011175686463681287,0.0013758215807619576,-0.00017303264320789324,0.027516431615239152,0.027504728384286716,0.019154834334955878
funding,(b) Funding rule (c responds to omega),E5_labgen_fe,Lab x generation FE,gamma,0.17828649103139016,400,0.0,0.17846189545255725,0.17839027004400798,0.00017540442116712214,0.00012878496398345982,0.00010377901261782174,0.0025756992796691965,0.0025784506827366644,0.0018863872950859173
funding,(b) Funding rule (c responds to omega),E5_labgen_fe,Lab x generation FE,sigma_star,0.7370283018867925,400,0.0,0.7362307095453646,0.7367624685157199,-0.0007975923414278996,0.0001723130367346627,-0.0002658333710726102,0.003446260734693254,0.003533153663791628,0.0023287264554326947
funding,(b) Funding rule (c responds to omega),E5_labgen_fe,Lab x generation FE,lnMstar,2.8979598554678856,400,0.0,2.888775466096214,2.903313962907803,-0.00918438937167115,0.018907371314413744,0.00535410743991771,0.37814742628827486,0.3777861039352237,0.26903139374169704
funding,(b) Funding rule (c responds to omega),E5_labgen_fe,Lab x generation FE,sd_omega,0.25,400,0.0,0.2502109609412933,0.24905769042405929,0.0002109609412933277,0.0009603901774835954,-0.0009423095759407141,0.019207803549671908,0.019184938687119464,0.012307040285706256
funding,(b) Funding rule (c responds to omega),E5_labgen_fe,Lab x generation FE,tfp_growth,0.15,400,0.0,0.15005041179167836,0.15067372123763106,5.041179167837646e-05,0.0004561623317932351,0.0006737212376310558,0.009123246635864703,0.009111974893216608,0.005897914626038461
funding,(b) Funding rule (c responds to omega),E6_acf,ACF/Wooldridge GMM (c predetermined),alpha,0.3478,400,0.0,0.363940670045301,0.36187868256195055,0.016140670045301033,0.001620806052024464,0.01407868256195055,0.03241612104048928,0.03617594671276276,0.02047521328566365
funding,(b) Funding rule (c responds to omega),E6_acf,ACF/Wooldridge GMM (c predetermined),beta,0.3658,400,0.0,0.38786770259813963,0.3797122767573857,0.022067702598139585,0.0029258979042396374,0.013912276757385739,0.058517958084792744,0.06247218611372155,0.031830928808789294
funding,(b) Funding rule (c responds to omega),E6_acf,ACF/Wooldridge GMM (c predetermined),a,0.5126121076233184,400,0.0,0.5140649647861955,0.5122256191405126,0.0014528571628769844,0.002718168218959906,-0.0003864884828058135,0.05436336437919812,0.054314802237462184,0.03211434271410413
funding,(b) Funding rule (c responds to omega),E6_acf,ACF/Wooldridge GMM (c predetermined),gamma,0.17828649103139016,400,0.0,0.1854223702764589,0.18520386569921432,0.0071358792450687426,0.0002884856617197889,0.006917374667824161,0.005769713234395778,0.009172084791929627,0.00704783979208537
funding,(b) Funding rule (c responds to omega),E6_acf,ACF/Wooldridge GMM (c predetermined),sigma_star,0.7370283018867925,400,0.0,0.726913984186451,0.7285707706119041,-0.01011431770034148,0.0004576603432852296,-0.008457531274888352,0.009153206865704592,0.01363345757612524,0.008457531274888352
funding,(b) Funding rule (c responds to omega),E6_acf,ACF/Wooldridge GMM (c predetermined),lnMstar,2.8979598554678856,400,0.0,2.9962047970672194,3.032626426130099,0.09824494159933414,0.03909811648004443,0.13466657066221321,0.7819623296008886,0.7871394353940212,0.5138249273896451
funding,(b) Funding rule (c responds to omega),E6_acf,ACF/Wooldridge GMM (c predetermined),sd_omega,0.25,400,0.0,0.24699829512834093,0.24644590398964372,-0.0030017048716590934,0.0009498400479128592,-0.003554096010356292,0.018996800958257183,0.019209020866966745,0.013189382479469283
funding,(b) Funding rule (c responds to omega),E6_acf,ACF/Wooldridge GMM (c predetermined),tfp_growth,0.15,400,0.0,0.14262294568547543,0.1430726385356777,-0.007377054314524551,0.0004702838701041006,-0.006927361464322296,0.009405677402082011,0.011944309558656014,0.007675769642919772
funding,(b) Funding rule (c responds to omega),E6b_acf_lagonly,ACF GMM (lagged instruments only),alpha,0.3478,400,0.0,0.36314496517785644,0.34771175893211076,0.015344965177856426,0.0037409297165989356,-8.824106788923869e-05,0.07481859433197871,0.07628430676737051,0.051547360931645
funding,(b) Funding rule (c responds to omega),E6b_acf_lagonly,ACF GMM (lagged instruments only),beta,0.3658,400,0.0,0.3948195593664236,0.360041582179362,0.02901955936642354,0.006736160572524,-0.005758417820638018,0.13472321145048,0.1376484750009723,0.08357764310921376
funding,(b) Funding rule (c responds to omega),E6b_acf_lagonly,ACF GMM (lagged instruments only),a,0.5126121076233184,400,0.0,0.5118375718503199,0.508371971904561,-0.0007745357729985713,0.006045721185298351,-0.004240135718757532,0.12091442370596701,0.12076566987832019,0.09639728726254812
funding,(b) Funding rule (c responds to omega),E6b_acf_lagonly,ACF GMM (lagged instruments only),gamma,0.17828649103139016,400,0.0,0.17726343999587782,0.1771549665022502,-0.001023051035512337,0.0005259699937047739,-0.001131524529139949,0.010519399874095477,0.010555934951396064,0.006958144311015782
funding,(b) Funding rule (c responds to omega),E6b_acf_lagonly,ACF GMM (lagged instruments only),sigma_star,0.7370283018867925,400,0.0,0.7257947731260113,0.7339498629228414,-0.011233528760781217,0.0010334677338963197,-0.003078438963951158,0.020669354677926396,0.02350204960560274,0.00597442430316053
funding,(b) Funding rule (c responds to omega),E6b_acf_lagonly,ACF GMM (lagged instruments only),lnMstar,2.8979598554678856,400,0.0,2.917855210530903,2.9335424360462685,0.019895355063016984,0.07580458164940801,0.035582580578382705,1.5160916329881602,1.5143260316625176,1.1368410510670492
funding,(b) Funding rule (c responds to omega),E6b_acf_lagonly,ACF GMM (lagged instruments only),sd_omega,0.25,400,0.0,0.25122156824786207,0.25004898153328303,0.0012215682478621049,0.00097199162871729,4.8981533283004586e-05,0.0194398325743458,0.019453908393340512,0.012563456284788985
funding,(b) Funding rule (c responds to omega),E6b_acf_lagonly,ACF GMM (lagged instruments only),tfp_growth,0.15,400,0.0,0.15184115001806126,0.15215538083306088,0.0018411500180612527,0.00045991337691989503,0.0021553808330608826,0.0091982675383979,0.0093694417540578,0.006838665124467944
funding,(b) Funding rule (c responds to omega),E7_iv_path,IV (compute price) + expansion path,alpha,0.3478,400,0.0,0.344413171314376,0.3555873346228634,-0.0033868286856239605,0.0049845678552613475,0.007787334622863379,0.09969135710522695,0.09962425092980093,0.06027053315283876
funding,(b) Funding rule (c responds to omega),E7_iv_path,IV (compute price) + expansion path,beta,0.3658,400,0.0,0.3619358142789268,0.3736129746181247,-0.003864185721073163,0.005235853443422802,0.007812974618124718,0.10471706886845605,0.10465745211119422,0.06456141152242312
funding,(b) Funding rule (c responds to omega),E7_iv_path,IV (compute price) + expansion path,a,0.5126121076233184,400,0.0,0.5124111601841512,0.5121689838940204,-0.00020094743916718118,0.00017903216219598497,-0.0004431237292980561,0.003580643243919699,0.003581805885085771,0.0024713863528818547
funding,(b) Funding rule (c responds to omega),E7_iv_path,IV (compute price) + expansion path,gamma,0.17828649103139016,400,0.0,0.1764695133584981,0.18291890666022886,-0.0018169776728920706,0.0025525789471088443,0.00463241562883869,0.051051578942176885,0.051020088799137574,0.031175276581318606
funding,(b) Funding rule (c responds to omega),E7_iv_path,IV (compute price) + expansion path,sigma_star,0.7370283018867925,400,0.0,0.7435104248379458,0.7319743167506549,0.0064821229511533044,0.0030194945424319654,-0.005053985136137473,0.060389890848639306,0.06066168055183322,0.03405413421881409
funding,(b) Funding rule (c responds to omega),E7_iv_path,IV (compute price) + expansion path,lnMstar,2.8979598554678856,400,0.0,4.178379871205196,4.180682755566114,1.28042001573731,0.002603681250647109,1.282722900098228,0.05207362501294218,1.2814758288655568,1.282722900098228
funding,(b) Funding rule (c responds to omega),E7_iv_path,IV (compute price) + expansion path,sd_omega,0.25,400,0.0,0.2609924691174184,0.25063399115940355,0.010992469117418415,0.0020130666812490875,0.0006339911594035186,0.04026133362498175,0.041686411756066605,0.017442140037730924
funding,(b) Funding rule (c responds to omega),E7_iv_path,IV (compute price) + expansion path,tfp_growth,0.15,400,0.0,0.15217417986093115,0.14654623901396274,0.002174179860931154,0.002810642561729369,-0.003453760986037238,0.05621285123458738,0.05618462414557675,0.03188356541214152
funding,(b) Funding rule (c responds to omega),E8_heckman,Heckman selection correction,alpha,0.3478,400,0.0,0.39129705239354423,0.39158688242756934,0.04349705239354419,0.0013962769577147433,0.04378688242756937,0.027925539154294868,0.05167087878720604,0.04415085477490188
funding,(b) Funding rule (c responds to omega),E8_heckman,Heckman selection correction,beta,0.3658,400,0.0,0.4196100929051518,0.41598700938122457,0.05381009290515177,0.0023388816768981865,0.050187009381224584,0.04677763353796373,0.07126150945899591,0.050483087264951126
funding,(b) Funding rule (c responds to omega),E8_heckman,Heckman selection correction,a,0.5126121076233184,400,0.0,0.516440158664388,0.5136463829744609,0.00382805104106958,0.002103088711831306,0.0010342753511424774,0.04206177423662612,0.04218321757021513,0.024730110396258054
funding,(b) Funding rule (c responds to omega),E8_heckman,Heckman selection correction,gamma,0.17828649103139016,400,0.0,0.20103070487575003,0.2016846185865872,0.022744213844359845,0.000364431952140156,0.02339812755519706,0.00728863904280312,0.02388076028619071,0.02339812755519706
funding,(b) Funding rule (c responds to omega),E8_heckman,Heckman selection correction,sigma_star,0.7370283018867925,400,0.0,0.7116084720003337,0.7114274130039562,-0.025419829886458637,0.00040947603596267287,-0.025600888882836292,0.008189520719253458,0.026703339312594405,0.025600888882836292
funding,(b) Funding rule (c responds to omega),E8_heckman,Heckman selection correction,lnMstar,2.8979598554678856,400,0.0,3.130247158943167,3.1539628066675736,0.2322873034752812,0.03447019548047843,0.25600295119968774,0.6894039096095687,0.7266683889948106,0.48661465558214023
funding,(b) Funding rule (c responds to omega),E8_heckman,Heckman selection correction,sd_omega,0.25,400,0.0,0.24042593073492655,0.23973663885671892,-0.00957406926507345,0.0008936607702424102,-0.010263361143281094,0.017873215404848205,0.02025625833238353,0.014678464789369863
funding,(b) Funding rule (c responds to omega),E8_heckman,Heckman selection correction,tfp_growth,0.15,400,0.0,0.1256675780401466,0.12612587780317674,-0.024332421959853398,0.0005587468248520763,-0.023874122196823236,0.011174936497041528,0.026770016177264152,0.023874122196823236
funding,(b) Funding rule (c responds to omega),E9_foc_system,FOC system (T ignored),alpha,0.3478,400,0.0,0.34508895264479356,0.3450026857744697,-0.0027110473552064197,0.00015181453890666778,-0.0027973142255303396,0.0030362907781333556,0.004067651877597927,0.00289833528830169
funding,(b) Funding rule (c responds to omega),E9_foc_system,FOC system (T ignored),beta,0.3658,400,0.0,0.3599461251311342,0.359878185990368,-0.005853874868865731,0.00021146050538213128,-0.005921814009631959,0.0042292101076426255,0.007218680874618843,0.005996730095270575
funding,(b) Funding rule (c responds to omega),E9_foc_system,FOC system (T ignored),a,0.5126121076233184,400,0.0,0.51052846402962,0.5103443710651152,-0.002083643593698387,0.00016466981076539798,-0.0022677365582031705,0.0032933962153079595,0.003893701723294635,0.002973893549276352
funding,(b) Funding rule (c responds to omega),E9_foc_system,FOC system (T ignored),gamma,0.17828649103139016,400,0.0,0.17617286570001361,0.17617053786368397,-0.002113625331376584,7.024324017455764e-05,-0.002115953167706172,0.0014048648034911528,0.0025369515258937816,0.0021305587963070943
funding,(b) Funding rule (c responds to omega),E9_foc_system,FOC system (T ignored),sigma_star,0.7370283018867925,400,0.0,0.739365198738634,0.7393951195228682,0.002336896851841547,7.763588522526307e-05,0.002366817636075713,0.0015527177045052613,0.0028046375586439527,0.0023728053132518467
funding,(b) Funding rule (c responds to omega),E9_foc_system,FOC system (T ignored),lnMstar,2.8979598554678856,400,0.0,4.149477808410736,4.151715167176546,1.25151795294285,0.002427884611271227,1.2537553117086602,0.04855769222542455,1.2524572413415298,1.2537553117086602
funding,(b) Funding rule (c responds to omega),E9_foc_system,FOC system (T ignored),sd_omega,0.25,400,0.0,0.2517361835034816,0.250600401217136,0.0017361835034815326,0.0009697545676791893,0.0006004012171360318,0.019395091353583787,0.01944848266189646,0.012043999687017692
funding,(b) Funding rule (c responds to omega),E9_foc_system,FOC system (T ignored),tfp_growth,0.15,400,0.0,0.15239701270300965,0.15303471053082895,0.0023970127030096787,0.00046616636943173294,0.003034710530828974,0.009323327388634658,0.009615237511890477,0.006201294345565961
funding,(b) Funding rule (c responds to omega),E10_foc_system_T,FOC system (T proxied),alpha,0.3478,400,0.0,0.34716604124676337,0.34733525152964295,-0.000633958753236566,0.0001375726705224994,-0.00046474847035701816,0.002751453410449988,0.0028201903004952413,0.0018633176468857704
funding,(b) Funding rule (c responds to omega),E10_foc_system_T,FOC system (T proxied),beta,0.3658,400,0.0,0.3639221349186526,0.363888415683249,-0.0018778650813473954,0.00019140153113159244,-0.001911584316751036,0.0038280306226318485,0.0042595259320059925,0.0030257837989173253
funding,(b) Funding rule (c responds to omega),E10_foc_system_T,FOC system (T proxied),a,0.5126121076233184,400,0.0,0.5117756082901549,0.5118542834666329,-0.0008364993331635262,0.00015169198261201928,-0.000757824156685516,0.003033839652240386,0.003143390480404928,0.002036872697960157
funding,(b) Funding rule (c responds to omega),E10_foc_system_T,FOC system (T proxied),gamma,0.17828649103139016,400,0.0,0.17766681008012733,0.1776916484471872,-0.0006196809512628513,6.246053119808513e-05,-0.0005948425842029481,0.0012492106239617028,0.0013930650905177664,0.0009708006040970996
funding,(b) Funding rule (c responds to omega),E10_foc_system_T,FOC system (T proxied),sigma_star,0.7370283018867925,400,0.0,0.7377137160992027,0.7377140102763282,0.0006854142124100845,6.876691878560878e-05,0.0006857083895356886,0.0013753383757121756,0.0015351284640580005,0.0010742275204790874
funding,(b) Funding rule (c responds to omega),E10_foc_system_T,FOC system (T proxied),lnMstar,2.8979598554678856,400,0.0,2.8756844197874085,2.8773313252852963,-0.022275435680477212,0.002057220518525797,-0.020628530182589033,0.041144410370515944,0.046742115733358215,0.031288020644340664
funding,(b) Funding rule (c responds to omega),E10_foc_system_T,FOC system (T proxied),sd_omega,0.25,400,0.0,0.25049219867161704,0.24961034157524017,0.000492198671617032,0.0009610404333702955,-0.0003896584247598256,0.01922080866740591,0.019203076489114842,0.012212608515778212
funding,(b) Funding rule (c responds to omega),E10_foc_system_T,FOC system (T proxied),tfp_growth,0.15,400,0.0,0.15067006671772215,0.1512596869112645,0.0006700667177221534,0.0004571370470111199,0.0012596869112645181,0.009142740940222398,0.009155857525457002,0.00580552471401892
target,(c) Target-loss rule,E1_pooled_huber,"Pooled Huber-LSE (ML practice, E free)",alpha,0.3478,400,0.0,0.34845452828959933,0.3482225744940895,0.0006545282895993771,0.002626781332241674,0.00042257449408950043,0.05253562664483348,0.052473998266568275,0.03353916263931775
target,(c) Target-loss rule,E1_pooled_huber,"Pooled Huber-LSE (ML practice, E free)",beta,0.3658,400,0.0,0.36690568645772115,0.36166022693658995,0.001105686457721157,0.004214863109178074,-0.004139773063410068,0.08429726218356147,0.08419908481187774,0.04946739112183346
target,(c) Target-loss rule,E1_pooled_huber,"Pooled Huber-LSE (ML practice, E free)",a,0.5126121076233184,400,0.0,0.508593719070552,0.5115836052779457,-0.004018388552766492,0.004113380741733777,-0.0010285023453728281,0.08226761483467554,0.08226291993371658,0.04968491450341572
target,(c) Target-loss rule,E1_pooled_huber,"Pooled Huber-LSE (ML practice, E free)",gamma,0.17828649103139016,400,0.0,0.17408566205132942,0.17676733474386036,-0.004200828980060742,0.0010642815990857945,-0.0015191562875297993,0.02128563198171589,0.021670080702632644,0.012255378686793064
target,(c) Target-loss rule,E1_pooled_huber,"Pooled Huber-LSE (ML practice, E free)",sigma_star,0.7370283018867925,400,0.0,0.7371934342714107,0.7351659046678332,0.00016513238461830809,0.0010945051836113704,-0.0018623972189592553,0.021890103672227407,0.02186334754534084,0.014022165228764205
target,(c) Target-loss rule,E1_pooled_huber,"Pooled Huber-LSE (ML practice, E free)",lnMstar,2.8979598554678856,400,0.0,2.8606427076395335,2.9021268143461176,-0.037317147828352465,0.07066723962600759,0.004166958878232263,1.4133447925201517,1.4120701871045627,0.9202375796854447
target,(c) Target-loss rule,E1_pooled_huber,"Pooled Huber-LSE (ML practice, E free)",sd_omega,0.25,400,0.0,0.24446304364788454,0.24788410824921187,-0.005536956352115478,0.0013811806220336807,-0.0021158917507881347,0.027623612440673614,0.028139193129993773,0.0189946118405261
target,(c) Target-loss rule,E1_pooled_huber,"Pooled Huber-LSE (ML practice, E free)",tfp_growth,0.15,400,0.0,0.11381035188417768,0.11334389602323984,-0.036189648115822315,0.0007824037797217349,-0.036656103976760154,0.015648075594434697,0.039420055110078955,0.036656103976760154
target,(c) Target-loss rule,E1b_pooled_huber_Etrue,"Pooled Huber-LSE, E fixed at truth (decomposition of E1)",alpha,0.3478,400,0.0,0.3740835914830704,0.3716223730403208,0.02628359148307039,0.0015416537753187897,0.02382237304032081,0.030833075506375793,0.04048615849976195,0.02574163547276323
target,(c) Target-loss rule,E1b_pooled_huber_Etrue,"Pooled Huber-LSE, E fixed at truth (decomposition of E1)",beta,0.3658,400,0.0,0.39634150057952416,0.3884431450398361,0.03054150057952413,0.0026348234007201286,0.022643145039836138,0.05269646801440257,0.06085029748891162,0.029944933017754305
target,(c) Target-loss rule,E1b_pooled_huber_Etrue,"Pooled Huber-LSE, E fixed at truth (decomposition of E1)",a,0.5126121076233184,400,0.0,0.5130517690862463,0.511190823276201,0.0004396614629278675,0.002304478369123857,-0.0014212843471174685,0.04608956738247714,0.04603401897675375,0.02309518595215529
target,(c) Target-loss rule,E1b_pooled_huber_Etrue,"Pooled Huber-LSE, E fixed at truth (decomposition of E1)",gamma,0.17828649103139016,400,0.0,0.19075987333885436,0.19004172838952066,0.012473382307464203,0.00048439998332628335,0.011755237358130513,0.009687999666525667,0.015786321939670302,0.011914143184950501
target,(c) Target-loss rule,E1b_pooled_huber_Etrue,"Pooled Huber-LSE, E fixed at truth (decomposition of E1)",sigma_star,0.7370283018867925,400,0.0,0.7220913881275345,0.7234497915097752,-0.014936913759257925,0.0005690317946290332,-0.013578510377017294,0.011380635892580664,0.018769828682960996,0.013683027149191673
target,(c) Target-loss rule,E1b_pooled_huber_Etrue,"Pooled Huber-LSE, E fixed at truth (decomposition of E1)",lnMstar,2.8979598554678856,400,0.0,2.933427234197802,3.035672742408212,0.03546737872991606,0.06740674879419822,0.13771288694032657,1.3481349758839645,1.3469158022581158,0.7229521246933399
target,(c) Target-loss rule,E1b_pooled_huber_Etrue,"Pooled Huber-LSE, E fixed at truth (decomposition of E1)",sd_omega,0.25,400,0.0,0.26642595947679665,0.2661742442968361,0.016425959476796603,0.0008192095106351993,0.016174244296836116,0.016384190212703986,0.023185830359016994,0.017494281896191996
target,(c) Target-loss rule,E1b_pooled_huber_Etrue,"Pooled Huber-LSE, E fixed at truth (decomposition of E1)",tfp_growth,0.15,400,0.0,0.13526989225519734,0.13509965035237656,-0.014730107744802656,0.0005703852862294261,-0.014900349647623434,0.011407705724588522,0.018622204077325486,0.015288820317174712
target,(c) Target-loss rule,E2_pooled_nls,Pooled NLS + generation effects,alpha,0.3478,400,0.0,0.30911453830975283,0.33301186072970435,-0.03868546169024714,0.0043763466148918784,-0.014788139270295653,0.08752693229783756,0.09559485558315438,0.06684722270348731
target,(c) Target-loss rule,E2_pooled_nls,Pooled NLS + generation effects,beta,0.3658,400,0.0,0.2737268478469455,0.19508925839187413,-0.09207315215305453,0.007030930468741152,-0.17071074160812588,0.14061860937482304,0.1679333935423575,0.17534490152720122
target,(c) Target-loss rule,E2_pooled_nls,Pooled NLS + generation effects,a,0.5126121076233184,400,0.0,0.45308673483839995,0.36432959213568483,-0.05952537278491841,0.009085132280597446,-0.14828251548763363,0.1817026456119489,0.19098843367861063,0.18977300488506973
target,(c) Target-loss rule,E2_pooled_nls,Pooled NLS + generation effects,gamma,0.17828649103139016,400,0.0,0.12483407229222297,0.12533146860810224,-0.0534524187391672,0.0007693622896744379,-0.05295502242328792,0.015387245793488756,0.055617771295187086,0.05295502242328792
target,(c) Target-loss rule,E2_pooled_nls,Pooled NLS + generation effects,sigma_star,0.7370283018867925,400,0.0,0.7749554014172029,0.7788361329478679,0.03792709953041032,0.0010797894919815363,0.041807831061075496,0.021595789839630727,0.04363114795922924,0.041886140112731673
target,(c) Target-loss rule,E2_pooled_nls,Pooled NLS + generation effects,lnMstar,2.8979598554678856,400,0.0,2.996817897877803,3.4096953087253556,0.09885804240991743,0.10832467811547859,0.51173545325747,2.166493562309572,2.1660408657707997,1.9310427271836286
target,(c) Target-loss rule,E2_pooled_nls,Pooled NLS + generation effects,sd_omega,0.25,400,0.0,0.19341772803704935,0.19333443350954088,-0.05658227196295064,0.0006030736018392934,-0.05666556649045912,0.01206147203678587,0.057850401125785135,0.05666556649045912
target,(c) Target-loss rule,E2_pooled_nls,Pooled NLS + generation effects,tfp_growth,0.15,400,0.0,0.2040408074523178,0.20396767916449002,0.054040807452317804,0.0005052981932242909,0.05396767916449002,0.010105963864485817,0.05497530399610997,0.05396767916449002
target,(c) Target-loss rule,E3_lab_fe,Lab FE NLS,alpha,0.3478,400,0.0,0.323593013664008,0.31579140977341347,-0.0242069863359919,0.0028284311761312105,-0.03200859022658653,0.056568623522624206,0.061465334390997835,0.05708798957351874
target,(c) Target-loss rule,E3_lab_fe,Lab FE NLS,beta,0.3658,400,0.0,0.33550703902158263,0.3143863309139773,-0.030292960978417428,0.00483598973385793,-0.05141366908602271,0.0967197946771586,0.10123732202367691,0.09902335138048898
target,(c) Target-loss rule,E3_lab_fe,Lab FE NLS,a,0.5126121076233184,400,0.0,0.502308528426791,0.4985405591969728,-0.010303579196527414,0.0055852483539196845,-0.014071548426345643,0.1117049670783937,0.11204003041354982,0.10542191157478822
target,(c) Target-loss rule,E3_lab_fe,Lab FE NLS,gamma,0.17828649103139016,400,0.0,0.15635914682290405,0.15724025918475668,-0.021927344208486098,0.0004804362826744,-0.021046231846633484,0.009608725653488,0.02393543844803594,0.021046231846633484
target,(c) Target-loss rule,E3_lab_fe,Lab FE NLS,sigma_star,0.7370283018867925,400,0.0,0.7523729422927908,0.7563351100277476,0.015344640405998353,0.0006664187611870484,0.019306808140955145,0.013328375223740968,0.020314021298821344,0.019590491041392155
target,(c) Target-loss rule,E3_lab_fe,Lab FE NLS,lnMstar,2.8979598554678856,400,0.0,2.8411628798478943,2.843733445647449,-0.056796975619990905,0.06727824719228015,-0.05422640982043636,1.345564943845603,1.3450816153678307,1.1477499264301012
target,(c) Target-loss rule,E3_lab_fe,Lab FE NLS,sd_omega,0.25,400,0.0,0.22056203114352133,0.21993067873789418,-0.029437968856478668,0.0008690578066148765,-0.03006932126210582,0.01738115613229753,0.03417518598953156,0.03006932126210582
target,(c) Target-loss rule,E3_lab_fe,Lab FE NLS,tfp_growth,0.15,400,0.0,0.17343863661842485,0.17347327322298214,0.023438636618424855,0.0004276192227682959,0.02347327322298215,0.008552384455365918,0.02494654501535774,0.02347327322298215
target,(c) Target-loss rule,E4_mundlak,Mundlak (CRE),alpha,0.3478,400,0.0,0.33681360389513637,0.35344108896014315,-0.010986396104863627,0.003572175736526145,0.00564108896014312,0.0714435147305229,0.07219498775490428,0.069919414472291
target,(c) Target-loss rule,E4_mundlak,Mundlak (CRE),beta,0.3658,400,0.0,0.3254371724699095,0.261329584342826,-0.04036282753009052,0.0059297412533711475,-0.10447041565717402,0.11859482506742294,0.12513484146177895,0.12441714927561207
target,(c) Target-loss rule,E4_mundlak,Mundlak (CRE),a,0.5126121076233184,400,0.0,0.4818048583687238,0.4256700151124395,-0.030807249254594632,0.006840568212700899,-0.08694209251087892,0.136811364254018,0.14007013465477822,0.13808858523088594
target,(c) Target-loss rule,E4_mundlak,Mundlak (CRE),gamma,0.17828649103139016,400,0.0,0.1526978903467743,0.15197611647064407,-0.025588600684615853,0.0005746919452155466,-0.026310374560746086,0.011493838904310931,0.02804557981078442,0.026310374560746086
target,(c) Target-loss rule,E4_mundlak,Mundlak (CRE),sigma_star,0.7370283018867925,400,0.0,0.7515766874734876,0.7571765123996896,0.014548385586695285,0.000783502243646317,0.020148210512897224,0.01567004487292634,0.021368012395468358,0.02105968439786171
target,(c) Target-loss rule,E4_mundlak,Mundlak (CRE),lnMstar,2.8979598554678856,400,0.0,3.0773213738588465,3.5507361735289873,0.17936151839096073,0.08228756550851947,0.6527763180611017,1.6457513101703893,1.6534499344611997,1.5215732558758734
target,(c) Target-loss rule,E4_mundlak,Mundlak (CRE),sd_omega,0.25,400,0.0,0.2175291282384368,0.21729386397335446,-0.032470871761563214,0.0008480841828705469,-0.032706136026645544,0.016961683657410936,0.03662426761955424,0.032706136026645544
target,(c) Target-loss rule,E4_mundlak,Mundlak (CRE),tfp_growth,0.15,400,0.0,0.1762698310073902,0.17604781537900419,0.02626983100739019,0.000430597889912308,0.02604781537900419,0.00861195779824616,0.027642077051712576,0.02604781537900419
target,(c) Target-loss rule,E5_labgen_fe,Lab x generation FE,alpha,0.3478,400,0.0,0.34795647980844024,0.34684842240609887,0.00015647980844025647,0.0006561203911928409,-0.0009515775939011317,0.013122407823856817,0.013106928666103631,0.009027270256234038
target,(c) Target-loss rule,E5_labgen_fe,Lab x generation FE,beta,0.3658,400,0.0,0.36711406481708636,0.36644508928649155,0.0013140648170862895,0.0011414308954274296,0.000645089286491568,0.022828617908548593,0.022837900461053183,0.015250232378947709
target,(c) Target-loss rule,E5_labgen_fe,Lab x generation FE,a,0.5126121076233184,400,0.0,0.5130602267304221,0.5137674283313483,0.0004481191071036392,0.0012332058628846975,0.0011553207080297612,0.024664117257693952,0.024637343487786477,0.017206727145680667
target,(c) Target-loss rule,E5_labgen_fe,Lab x generation FE,gamma,0.17828649103139016,400,0.0,0.17820474776391904,0.17837445968665822,-8.1743267471081e-05,0.00011605664343084847,8.796865526805586e-05,0.002321132868616969,0.002319670366898378,0.0015680484244806059
target,(c) Target-loss rule,E5_labgen_fe,Lab x generation FE,sigma_star,0.7370283018867925,400,0.0,0.7366409995042928,0.7368708435512693,-0.00038730238249960026,0.0001479996578712751,-0.00015745833552316402,0.0029599931574255016,0.0029815530732766847,0.0019589546121557833
target,(c) Target-loss rule,E5_labgen_fe,Lab x generation FE,lnMstar,2.8979598554678856,400,0.0,2.889718321684617,2.896112488657187,-0.00824153378326867,0.01661317786523154,-0.0018473668106981922,0.33226355730463075,0.3319502925334553,0.22777887277262288
target,(c) Target-loss rule,E5_labgen_fe,Lab x generation FE,sd_omega,0.25,400,0.0,0.2483019113704209,0.2480281987998536,-0.0016980886295790943,0.0009898671873488515,-0.0019718012001464086,0.01979734374697703,0.01984536438015907,0.013482328156822682
target,(c) Target-loss rule,E5_labgen_fe,Lab x generation FE,tfp_growth,0.15,400,0.0,0.14985679462298804,0.15019688880661408,-0.00014320537701193812,0.00043243511681658386,0.00019688880661407338,0.008648702336331677,0.008639071695050227,0.005872142527681062
target,(c) Target-loss rule,E6_acf,ACF/Wooldridge GMM (c predetermined),alpha,0.3478,400,0.0,0.41378510997921825,0.40005211327212475,0.06598510997921825,0.008733418160959482,0.052252113272124756,0.17466836321918963,0.18651219599765081,0.12171609650778892
target,(c) Target-loss rule,E6_acf,ACF/Wooldridge GMM (c predetermined),beta,0.3658,400,0.0,0.3908363156646189,0.23985705446277744,0.02503631566461893,0.014333909016256932,-0.12594294553722257,0.28667818032513864,0.2874121347975844,0.1881772360917354
target,(c) Target-loss rule,E6_acf,ACF/Wooldridge GMM (c predetermined),a,0.5126121076233184,400,0.0,0.45729267265450074,0.3756842840124045,-0.05531943496881773,0.011722415731842904,-0.13692782361091393,0.23444831463685809,0.24060099145835268,0.2324906990577124
target,(c) Target-loss rule,E6_acf,ACF/Wooldridge GMM (c predetermined),gamma,0.17828649103139016,400,0.0,0.15113365894990585,0.15040490666846545,-0.027152832081484276,0.0010244490372890447,-0.02788158436292472,0.020488980745780892,0.03400036950117248,0.02788158436292472
target,(c) Target-loss rule,E6_acf,ACF/Wooldridge GMM (c predetermined),sigma_star,0.7370283018867925,400,0.0,0.7158880937527536,0.7240935775843884,-0.021140208134038847,0.0020983313196825475,-0.01293472430240411,0.04196662639365095,0.046943616568044716,0.021300308718923855
target,(c) Target-loss rule,E6_acf,ACF/Wooldridge GMM (c predetermined),lnMstar,2.8979598554678856,400,0.0,3.4216097107227155,4.070972992901813,0.5236498552548303,0.13908576497863,1.173013137433927,2.7817152995726,2.827154811602116,2.5813162454084706
target,(c) Target-loss rule,E6_acf,ACF/Wooldridge GMM (c predetermined),sd_omega,0.25,400,0.0,0.2237204812424286,0.22312541597351243,-0.026279518757571417,0.0009370217072282958,-0.026874584026487555,0.018740434144565915,0.0322635857953908,0.02724732213797068
target,(c) Target-loss rule,E6_acf,ACF/Wooldridge GMM (c predetermined),tfp_growth,0.15,400,0.0,0.17423328743315672,0.17435167977893193,0.02423328743315672,0.000476541224850454,0.024351679778931934,0.00953082449700908,0.02603577814991897,0.024351679778931934
target,(c) Target-loss rule,E6b_acf_lagonly,ACF GMM (lagged instruments only),alpha,0.3478,400,0.0,0.36241838963857803,0.3460835256399208,0.014618389638578075,0.00391153718997703,-0.001716474360079212,0.0782307437995406,0.07948865622128778,0.051542429496230224
target,(c) Target-loss rule,E6b_acf_lagonly,ACF GMM (lagged instruments only),beta,0.3658,400,0.0,0.39622452383838513,0.3612256075444759,0.030424523838385054,0.006870777122528456,-0.004574392455524101,0.1374155424505691,0.14057551486481976,0.09102097683105795
target,(c) Target-loss rule,E6b_acf_lagonly,ACF GMM (lagged instruments only),a,0.5126121076233184,400,0.0,0.512858880119542,0.5104499724106157,0.0002467724962236334,0.006321624225016695,-0.0021621352127027538,0.1264324845003339,0.12627458612385054,0.10330532326692413
target,(c) Target-loss rule,E6b_acf_lagonly,ACF GMM (lagged instruments only),gamma,0.17828649103139016,400,0.0,0.17638976682079893,0.1769243657168867,-0.001896724210591264,0.0005331968840092856,-0.0013621253145034706,0.010663937680185712,0.010818171317778732,0.00709897152780202
target,(c) Target-loss rule,E6b_acf_lagonly,ACF GMM (lagged instruments only),sigma_star,0.7370283018867925,400,0.0,0.725585091162094,0.7331820617879248,-0.011443210724698361,0.0010118767405773645,-0.003846240098867637,0.02023753481154729,0.023226730127168537,0.007250417717624469
target,(c) Target-loss rule,E6b_acf_lagonly,ACF GMM (lagged instruments only),lnMstar,2.8979598554678856,400,0.0,2.9329180831676895,2.9234528298816724,0.03495822769980375,0.07530502876837687,0.02549297441378684,1.5061005753675374,1.5046229339766597,1.2041084774048652
target,(c) Target-loss rule,E6b_acf_lagonly,ACF GMM (lagged instruments only),sd_omega,0.25,400,0.0,0.24603918316795265,0.24479796945777693,-0.003960816832047305,0.0009980682728981806,-0.005202030542223082,0.019961365457963613,0.020326043408544766,0.013599619559641354
target,(c) Target-loss rule,E6b_acf_lagonly,ACF GMM (lagged instruments only),tfp_growth,0.15,400,0.0,0.15212418084224807,0.15234844020026067,0.0021241808422480944,0.00043435932023683867,0.0023484402002606763,0.008687186404736773,0.008932563118284732,0.006022405960996416
target,(c) Target-loss rule,E7_iv_path,IV (compute price) + expansion path,alpha,0.3478,400,0.0,0.4009811311260135,0.3451479413550212,0.05318113112601352,0.017194792684892865,-0.0026520586449788053,0.3438958536978573,0.34755852744961374,0.053251307556955285
target,(c) Target-loss rule,E7_iv_path,IV (compute price) + expansion path,beta,0.3658,400,0.0,0.41660664452802776,0.35981347101421046,0.0508066445280277,0.017982706953908183,-0.00598652898578958,0.3596541390781637,0.3627795985648343,0.05683252664459254
target,(c) Target-loss rule,E7_iv_path,IV (compute price) + expansion path,a,0.5126121076233184,400,0.0,0.5093850154563778,0.509263797875535,-0.0032270921669405594,0.0001776610116920546,-0.0033483097477833845,0.003553220233841092,0.004796658675477276,0.0035704564660930527
target,(c) Target-loss rule,E7_iv_path,IV (compute price) + expansion path,gamma,0.17828649103139016,400,0.0,0.20431194046067574,0.17608270721424923,0.02602544942928557,0.008788998453916992,-0.0022037838171409113,0.17577996907833984,0.17747866083942446,0.02739743932989115
target,(c) Target-loss rule,E7_iv_path,IV (compute price) + expansion path,sigma_star,0.7370283018867925,400,0.0,0.7242488162084142,0.7393543961968743,-0.012779485678378333,0.0035260545319707242,0.002326094310081739,0.07052109063941449,0.07158286400119765,0.029800588299477127
target,(c) Target-loss rule,E7_iv_path,IV (compute price) + expansion path,lnMstar,2.8979598554678856,400,0.0,4.215518800403186,4.216599834859981,1.3175589449353005,0.0023792400919644746,1.318639979392095,0.047584801839289495,1.3184158016201453,1.318639979392095
target,(c) Target-loss rule,E7_iv_path,IV (compute price) + expansion path,sd_omega,0.25,400,0.0,0.30180317121174577,0.24456715936178136,0.05180317121174578,0.0170477974639829,-0.005432840638218653,0.340955949279658,0.34444723906342056,0.03933905504024396
target,(c) Target-loss rule,E7_iv_path,IV (compute price) + expansion path,tfp_growth,0.15,400,0.0,0.12196747965306771,0.15072185584608627,-0.028032520346932266,0.008896453010435674,0.0007218558460862917,0.17792906020871346,0.17990393488634498,0.03213661172405315
target,(c) Target-loss rule,E8_heckman,Heckman selection correction,alpha,0.3478,400,0.0,0.30911473426634745,0.33301181556148857,-0.03868526573365255,0.004376342951813461,-0.014788184438511431,0.08752685903626921,0.09559470937246667,0.06684722270348731
target,(c) Target-loss rule,E8_heckman,Heckman selection correction,beta,0.3658,400,0.0,0.2737263776280852,0.19508929648201873,-0.09207362237191483,0.007030916171300308,-0.1707107035179813,0.14061832342600616,0.16793341251108723,0.1753449382687754
target,(c) Target-loss rule,E8_heckman,Heckman selection correction,a,0.5126121076233184,400,0.0,0.4530862145413835,0.36432959213568483,-0.059525893081935,0.00908512365886187,-0.14828251548763363,0.1817024731772374,0.1909884321995178,0.18977263259492144
target,(c) Target-loss rule,E8_heckman,Heckman selection correction,gamma,0.17828649103139016,400,0.0,0.124834025924382,0.12533146915077478,-0.053452465107008164,0.0007693601426517732,-0.05295502188061538,0.015387202853035464,0.055617804007595334,0.05295502188061538
target,(c) Target-loss rule,E8_heckman,Heckman selection correction,sigma_star,0.7370283018867925,400,0.0,0.7749554787873136,0.778836130545693,0.037927176900521116,0.0010797852714962692,0.04180782865890054,0.021595705429925383,0.04363117353942008,0.041886140112731673
target,(c) Target-loss rule,E8_heckman,Heckman selection correction,lnMstar,2.8979598554678856,400,0.0,2.996825531367236,3.4096953087253556,0.09886567589935033,0.1083245034720954,0.51173545325747,2.166490069441908,2.166037729313357,1.9310423982166043
target,(c) Target-loss rule,E8_heckman,Heckman selection correction,sd_omega,0.25,400,0.0,0.1934177275303002,0.19333474604234047,-0.05658227246969977,0.0006030736396260667,-0.05666525395765952,0.012061472792521335,0.057850401778598445,0.05666525395765952
target,(c) Target-loss rule,E8_heckman,Heckman selection correction,tfp_growth,0.15,400,0.0,0.2040408052732615,0.20396767988234044,0.054040805273261494,0.0005052984649801874,0.05396767988234043,0.01010596929960375,0.05497530285072006,0.05396767988234043
target,(c) Target-loss rule,E9_foc_system,FOC system (T ignored),alpha,0.3478,400,0.0,0.34546741022084715,0.3453925418523275,-0.0023325897791528346,0.00015211809008952663,-0.0024074581476724866,0.0030423618017905323,0.0038306396982057604,0.0026558511949401342
target,(c) Target-loss rule,E9_foc_system,FOC system (T ignored),beta,0.3658,400,0.0,0.357061982784971,0.35679715989711,-0.008738017215029046,0.00018438978143313177,-0.009002840102890042,0.0036877956286626356,0.00948255144238249,0.009002840102890042
target,(c) Target-loss rule,E9_foc_system,FOC system (T ignored),a,0.5126121076233184,400,0.0,0.5082480619889356,0.5081760482691738,-0.004364045634382923,0.00016214016563742174,-0.004436059354144595,0.0032428033127484346,0.005434554093100551,0.004442660901085915
target,(c) Target-loss rule,E9_foc_system,FOC system (T ignored),gamma,0.17828649103139016,400,0.0,0.17557713835163447,0.17551797924899243,-0.0027093526797556744,6.193169837345037e-05,-0.002768511782397731,0.0012386339674690073,0.002978417451164938,0.002768511782397731
target,(c) Target-loss rule,E9_foc_system,FOC system (T ignored),sigma_star,0.7370283018867925,400,0.0,0.7400499627677125,0.7401132549103255,0.003021660880920023,6.82022733264533e-05,0.0030849530235330103,0.001364045466529066,0.0033145743262075096,0.0030849530235330103
target,(c) Target-loss rule,E9_foc_system,FOC system (T ignored),lnMstar,2.8979598554678856,400,0.0,4.177574454983105,4.17803051521874,1.2796145995152195,0.0021320474534993043,1.2800706597508547,0.042640949069986084,1.280323095239534,1.2800706597508547
target,(c) Target-loss rule,E9_foc_system,FOC system (T ignored),sd_omega,0.25,400,0.0,0.24530318748434624,0.2450676599839622,-0.0046968125156537565,0.0009840347902528763,-0.0049323400160377895,0.019680695805057526,0.020209441128096108,0.01356122820846746
target,(c) Target-loss rule,E9_foc_system,FOC system (T ignored),tfp_growth,0.15,400,0.0,0.1525796007145355,0.1526721566041452,0.002579600714535496,0.00042854033450329067,0.002672156604145215,0.008570806690065814,0.008940325516814965,0.006043173376529654
target,(c) Target-loss rule,E10_foc_system_T,FOC system (T proxied),alpha,0.3478,400,0.0,0.34667435750325754,0.3468529758384825,-0.001125642496742474,0.00012530895351152722,-0.0009470241615174846,0.0025061790702305443,0.0027445040041333716,0.001735274202597753
target,(c) Target-loss rule,E10_foc_system_T,FOC system (T proxied),beta,0.3658,400,0.0,0.3636722731593086,0.36387919234498234,-0.002127726840691424,0.000171812531084367,-0.0019208076550176478,0.0034362506216873397,0.004038009447463901,0.0026418206254856524
target,(c) Target-loss rule,E10_foc_system_T,FOC system (T proxied),a,0.5126121076233184,400,0.0,0.5119595489074963,0.511984966480306,-0.0006525587158220957,0.00013740194970122106,-0.0006271411430123774,0.0027480389940244213,0.0028211118188566082,0.001878380826943582
target,(c) Target-loss rule,E10_foc_system_T,FOC system (T proxied),gamma,0.17828649103139016,400,0.0,0.17747962259874162,0.17747851410347,-0.0008068684326485309,5.622551691865454e-05,-0.0008079769279201732,0.0011245103383730908,0.0013828951008517927,0.0009356706089031913
target,(c) Target-loss rule,E10_foc_system_T,FOC system (T proxied),sigma_star,0.7370283018867925,400,0.0,0.7379150687624138,0.737929244247223,0.0008867668756212388,6.193196999852829e-05,0.0009009423604304234,0.001238639399970566,0.0015220865566552377,0.0010389395311956595
target,(c) Target-loss rule,E10_foc_system_T,FOC system (T proxied),lnMstar,2.8979598554678856,400,0.0,2.870450996553581,2.870340428674079,-0.02750885891430444,0.001766868742340804,-0.0276194267938068,0.03533737484681608,0.04474757596427806,0.031935826474714046
target,(c) Target-loss rule,E10_foc_system_T,FOC system (T proxied),sd_omega,0.25,400,0.0,0.2474729201446349,0.24710562101640698,-0.0025270798553650884,0.0009873859213276146,-0.0028943789835930295,0.01974771842655229,0.019884254692900838,0.013661523203121195
target,(c) Target-loss rule,E10_foc_system_T,FOC system (T proxied),tfp_growth,0.15,400,0.0,0.15051442048790323,0.15085740844232276,0.0005144204879032398,0.0004314291710590782,0.0008574084423227796,0.008628583421181564,0.008633130901649948,0.005846930000329972
predet,(d) Predetermined budget (ACF timing),E1_pooled_huber,"Pooled Huber-LSE (ML practice, E free)",alpha,0.3478,400,0.0,0.4194149214666657,0.42291973770772684,0.07161492146666573,0.0039044846846245556,0.07511973770772681,0.07808969369249111,0.10588414535241486,0.07907540554965165
predet,(d) Predetermined budget (ACF timing),E1_pooled_huber,"Pooled Huber-LSE (ML practice, E free)",beta,0.3658,400,0.0,0.4317076500271145,0.42812159412294837,0.06590765002711448,0.005689641587856494,0.062321594122948326,0.11379283175712988,0.1313782891881486,0.08250404581643608
predet,(d) Predetermined budget (ACF timing),E1_pooled_huber,"Pooled Huber-LSE (ML practice, E free)",a,0.5126121076233184,400,0.0,0.5022288034051019,0.5054034233436655,-0.010383304218216474,0.005377053261287738,-0.007208684279652988,0.10754106522575475,0.10790727971088579,0.0690170788438687
predet,(d) Predetermined budget (ACF timing),E1_pooled_huber,"Pooled Huber-LSE (ML practice, E free)",gamma,0.17828649103139016,400,0.0,0.20323505528963431,0.2063289544782097,0.024948564258244144,0.0012164031099439097,0.02804246344681953,0.024328062198878193,0.034825361913041794,0.029308268668725934
predet,(d) Predetermined budget (ACF timing),E1_pooled_huber,"Pooled Huber-LSE (ML practice, E free)",sigma_star,0.7370283018867925,400,0.0,0.7019893418840798,0.7014189622399738,-0.03503896000271266,0.0009536649010214206,-0.03560933964681867,0.01907329802042841,0.03988245151321989,0.0358095450928948
predet,(d) Predetermined budget (ACF timing),E1_pooled_huber,"Pooled Huber-LSE (ML practice, E free)",lnMstar,2.8979598554678856,400,0.0,3.5379925812774338,3.5320028061188475,0.6400327258095483,0.06769703767393655,0.6340429506509617,1.3539407534787309,1.496066363878263,1.071955035750638
predet,(d) Predetermined budget (ACF timing),E1_pooled_huber,"Pooled Huber-LSE (ML practice, E free)",sd_omega,0.25,400,0.0,0.20303086492637568,0.20360987610627654,-0.046969135073624324,0.0012015304120272128,-0.04639012389372346,0.024030608240544257,0.052745863407890614,0.04639012389372346
predet,(d) Predetermined budget (ACF timing),E1_pooled_huber,"Pooled Huber-LSE (ML practice, E free)",tfp_growth,0.15,400,0.0,0.06209687778111178,0.06179145432612451,-0.08790312221888823,0.0004646312053400555,-0.08820854567387548,0.00929262410680111,0.08839171837034353,0.08820854567387548
predet,(d) Predetermined budget (ACF timing),E1b_pooled_huber_Etrue,"Pooled Huber-LSE, E fixed at truth (decomposition of E1)",alpha,0.3478,400,0.0,0.46065377846337197,0.45752748392355436,0.11285377846337204,0.001648986080083866,0.10972748392355433,0.03297972160167732,0.11756240128243249,0.10972748392355433
predet,(d) Predetermined budget (ACF timing),E1b_pooled_huber_Etrue,"Pooled Huber-LSE, E fixed at truth (decomposition of E1)",beta,0.3658,400,0.0,0.48474632114542054,0.4827570261007865,0.11894632114542052,0.0020939934058318093,0.11695702610078648,0.04187986811663619,0.12608634287309903,0.11695702610078648
predet,(d) Predetermined budget (ACF timing),E1b_pooled_huber_Etrue,"Pooled Huber-LSE, E fixed at truth (decomposition of E1)",a,0.5126121076233184,400,0.0,0.5123882305104622,0.5117749212262859,-0.00022387711285622739,0.0017679134723685309,-0.0008371863970325633,0.03535826944737062,0.035314753591505356,0.020155368022570563
predet,(d) Predetermined budget (ACF timing),E1b_pooled_huber_Etrue,"Pooled Huber-LSE, E fixed at truth (decomposition of E1)",gamma,0.17828649103139016,400,0.0,0.23499616014431146,0.23476984610115428,0.05670966911292128,0.00036823600438472146,0.056483355069764124,0.007364720087694429,0.05718470140791313,0.056483355069764124
predet,(d) Predetermined budget (ACF timing),E1b_pooled_huber_Etrue,"Pooled Huber-LSE, E fixed at truth (decomposition of E1)",sigma_star,0.7370283018867925,400,0.0,0.679103315788309,0.6793766017734031,-0.05792498609848355,0.000364911252800478,-0.057651700113389326,0.007298225056009561,0.058381803186054966,0.057651700113389326
predet,(d) Predetermined budget (ACF timing),E1b_pooled_huber_Etrue,"Pooled Huber-LSE, E fixed at truth (decomposition of E1)",lnMstar,2.8979598554678856,400,0.0,3.5113463491322734,3.4918642343954662,0.6133864936643875,0.03298057238987762,0.5939043789275806,0.6596114477975524,0.9001347313154352,0.6386969829465046
predet,(d) Predetermined budget (ACF timing),E1b_pooled_huber_Etrue,"Pooled Huber-LSE, E fixed at truth (decomposition of E1)",sd_omega,0.25,400,0.0,0.24261252660661456,0.24112611826990543,-0.007387473393385437,0.000885716552332238,-0.008873881730094568,0.01771433104664476,0.01917257921504107,0.012582589895632948
predet,(d) Predetermined budget (ACF timing),E1b_pooled_huber_Etrue,"Pooled Huber-LSE, E fixed at truth (decomposition of E1)",tfp_growth,0.15,400,0.0,0.08761600084274938,0.08800029001466597,-0.062383999157250604,0.0004695632918973147,-0.06199970998533402,0.009391265837946293,0.06308517048566742,0.06199970998533402
predet,(d) Predetermined budget (ACF timing),E2_pooled_nls,Pooled NLS + generation effects,alpha,0.3478,400,0.0,0.38483779877333,0.38525181553176113,0.037037798773330015,0.0015208420362547998,0.03745181553176116,0.030416840725095998,0.04790271158473501,0.03745181553176116
predet,(d) Predetermined budget (ACF timing),E2_pooled_nls,Pooled NLS + generation effects,beta,0.3658,400,0.0,0.40663255962261047,0.4041237741902928,0.04083255962261052,0.0024229386753733813,0.03832377419029276,0.04845877350746763,0.0633220342642075,0.040791116372526
predet,(d) Predetermined budget (ACF timing),E2_pooled_nls,Pooled NLS + generation effects,a,0.5126121076233184,400,0.0,0.5126964709686195,0.5127327815913173,8.436334530107309e-05,0.0022712844192020265,0.00012067396799886332,0.045425688384040534,0.04536894917699853,0.0295378587296789
predet,(d) Predetermined budget (ACF timing),E2_pooled_nls,Pooled NLS + generation effects,gamma,0.17828649103139016,400,0.0,0.19605568958267203,0.19619933565323988,0.01776919855128188,0.00035854273840139504,0.017912844621849708,0.007170854768027901,0.019158210312129005,0.017912844621849708
predet,(d) Predetermined budget (ACF timing),E2_pooled_nls,Pooled NLS + generation effects,sigma_star,0.7370283018867925,400,0.0,0.7165660552256324,0.7167187361805678,-0.020462246661160127,0.00041767034035927405,-0.02030956570622472,0.00835340680718548,0.02209770339187481,0.02030956570622472
predet,(d) Predetermined budget (ACF timing),E2_pooled_nls,Pooled NLS + generation effects,lnMstar,2.8979598554678856,400,0.0,3.1644934349663494,3.165436318919436,0.2665335794984636,0.03775928395256335,0.2674764634515503,0.755185679051267,0.7999498705042566,0.5258260890070969
predet,(d) Predetermined budget (ACF timing),E2_pooled_nls,Pooled NLS + generation effects,sd_omega,0.25,400,0.0,0.2432183464900045,0.2425887850777773,-0.006781653509995509,0.0009276632640357744,-0.0074112149222227,0.01855326528071549,0.019732053055239732,0.012685619969498727
predet,(d) Predetermined budget (ACF timing),E2_pooled_nls,Pooled NLS + generation effects,tfp_growth,0.15,400,0.0,0.13158381147073112,0.13222939670050457,-0.018416188529268872,0.0005526755321377862,-0.017770603299495424,0.011053510642755723,0.021471624233654625,0.017812333688652274
predet,(d) Predetermined budget (ACF timing),E3_lab_fe,Lab FE NLS,alpha,0.3478,400,0.0,0.3578522860300008,0.3529223937771432,0.010052286030000737,0.0017288603311094853,0.005122393777143186,0.03457720662218971,0.03596724501790573,0.024107266370056446
predet,(d) Predetermined budget (ACF timing),E3_lab_fe,Lab FE NLS,beta,0.3658,400,0.0,0.381466000440059,0.3743400265138451,0.015666000440058968,0.002949874744461336,0.00854002651384514,0.05899749488922672,0.060970699618622136,0.04271099662187264
predet,(d) Predetermined budget (ACF timing),E3_lab_fe,Lab FE NLS,a,0.5126121076233184,400,0.0,0.5139896666349015,0.5156518858750998,0.0013775590115831398,0.0030216020907995627,0.003039778251781311,0.06043204181599125,0.060372172958118586,0.04591062220503378
predet,(d) Predetermined budget (ACF timing),E3_lab_fe,Lab FE NLS,gamma,0.17828649103139016,400,0.0,0.1819017172915602,0.18219991515040457,0.0036152262601700257,0.0002879643127817947,0.003913424119014394,0.005759286255635894,0.006793843951780433,0.004977224103455913
predet,(d) Predetermined budget (ACF timing),E3_lab_fe,Lab FE NLS,sigma_star,0.7370283018867925,400,0.0,0.730197205920292,0.7315452033192611,-0.00683109596650043,0.00039987018646874884,-0.00548309856753143,0.007997403729374977,0.010510111433668659,0.005706790709141096
predet,(d) Predetermined budget (ACF timing),E3_lab_fe,Lab FE NLS,lnMstar,2.8979598554678856,400,0.0,2.955542362724556,2.9711698731685203,0.057582507256670974,0.04160944299645215,0.07321001770063473,0.8321888599290431,0.83314026309229,0.5919304703962416
predet,(d) Predetermined budget (ACF timing),E3_lab_fe,Lab FE NLS,sd_omega,0.25,400,0.0,0.24813758513165987,0.24776251323970638,-0.0018624148683401428,0.0009869050650866216,-0.0022374867602936305,0.01973810130173243,0.01980119315929655,0.01256596775974382
predet,(d) Predetermined budget (ACF timing),E3_lab_fe,Lab FE NLS,tfp_growth,0.15,400,0.0,0.1473940575285094,0.1474596903806405,-0.0026059424714905905,0.00047976048957343396,-0.0025403096193594987,0.00959520979146868,0.009931204205918797,0.0069776976145276
predet,(d) Predetermined budget (ACF timing),E4_mundlak,Mundlak (CRE),alpha,0.3478,400,0.0,0.35982945517284565,0.36017366058260625,0.01202945517284562,0.0014031875732240097,0.012373660582606222,0.028063751464480192,0.03050103281284039,0.01934727738519021
predet,(d) Predetermined budget (ACF timing),E4_mundlak,Mundlak (CRE),beta,0.3658,400,0.0,0.3834163041835328,0.3801013686767923,0.01761630418353277,0.0023687493220126096,0.01430136867679227,0.04737498644025219,0.050488736763265304,0.027614367730272704
predet,(d) Predetermined budget (ACF timing),E4_mundlak,Mundlak (CRE),a,0.5126121076233184,400,0.0,0.5146179099381348,0.5114373474837728,0.0020058023148164035,0.002401581626527236,-0.0011747601395456497,0.048031632530544724,0.04801347073651864,0.028764639087373894
predet,(d) Predetermined budget (ACF timing),E4_mundlak,Mundlak (CRE),gamma,0.17828649103139016,400,0.0,0.18387889402373897,0.18389631707427173,0.005592402992348822,0.0002482243340507116,0.005609826042881572,0.004964486681014232,0.00747392025076431,0.005804783153535317
predet,(d) Predetermined budget (ACF timing),E4_mundlak,Mundlak (CRE),sigma_star,0.7370283018867925,400,0.0,0.7291256364762414,0.7297352052690478,-0.007902665410551084,0.00033561109456896093,-0.007293096617744632,0.006712221891379219,0.010363079103405183,0.0073324053272094125
predet,(d) Predetermined budget (ACF timing),E4_mundlak,Mundlak (CRE),lnMstar,2.8979598554678856,400,0.0,2.974804511952867,2.9711858224943013,0.0768446564849817,0.034847249124948396,0.0732259670264157,0.6969449824989679,0.7003021341458308,0.4201751416699102
predet,(d) Predetermined budget (ACF timing),E4_mundlak,Mundlak (CRE),sd_omega,0.25,400,0.0,0.24734206351254698,0.246991653569602,-0.002657936487453032,0.0009811791111300687,-0.0030083464303979762,0.019623582222601372,0.019778445165644663,0.01232502951791127
predet,(d) Predetermined budget (ACF timing),E4_mundlak,Mundlak (CRE),tfp_growth,0.15,400,0.0,0.14516039120268506,0.14518791457638183,-0.004839608797314944,0.000490184444058856,-0.004812085423618162,0.00980368888117712,0.010922172320594782,0.007315049923379682
predet,(d) Predetermined budget (ACF timing),E5_labgen_fe,Lab x generation FE,alpha,0.3478,400,0.0,0.3473340001276731,0.34575141943787074,-0.00046599987232687017,0.0007291622327789433,-0.002048580562129254,0.014583244655578866,0.01457245699955114,0.010085847453395996
predet,(d) Predetermined budget (ACF timing),E5_labgen_fe,Lab x generation FE,beta,0.3658,400,0.0,0.36872057865816416,0.36869423522521594,0.002920578658164118,0.0012446830089758707,0.002894235225215952,0.024893660179517416,0.025033474809522182,0.017121366938797733
predet,(d) Predetermined budget (ACF timing),E5_labgen_fe,Lab x generation FE,a,0.5126121076233184,400,0.0,0.5145441247079198,0.5164171240632884,0.0019320170846012683,0.0013506433102374112,0.0038050164399699438,0.027012866204748222,0.02704816802039152,0.018753070115147014
predet,(d) Predetermined budget (ACF timing),E5_labgen_fe,Lab x generation FE,gamma,0.17828649103139016,400,0.0,0.17833182640739287,0.17833526143392067,4.5335376002690747e-05,0.0001218140471130684,4.877040253051246e-05,0.0024362809422613678,0.0024336559871660536,0.0015408676366051588
predet,(d) Predetermined budget (ACF timing),E5_labgen_fe,Lab x generation FE,sigma_star,0.7370283018867925,400,0.0,0.7363759345157505,0.7368265728271541,-0.0006523673710419963,0.0001588631112150792,-0.00020172905963833365,0.003177262224301584,0.003239651360975307,0.0020704324398501117
predet,(d) Predetermined budget (ACF timing),E5_labgen_fe,Lab x generation FE,lnMstar,2.8979598554678856,400,0.0,2.8819081255297387,2.8506362235972675,-0.016051729938147487,0.01959004230133181,-0.047323631870618055,0.3918008460266362,0.391639874404825,0.2896166020519684
predet,(d) Predetermined budget (ACF timing),E5_labgen_fe,Lab x generation FE,sd_omega,0.25,400,0.0,0.24974725828115305,0.2493435291261491,-0.0002527417188469653,0.000999287034401187,-0.0006564708738509145,0.019985740688023737,0.01996234291480464,0.012972325610656463
predet,(d) Predetermined budget (ACF timing),E5_labgen_fe,Lab x generation FE,tfp_growth,0.15,400,0.0,0.15121514829434257,0.15190677983687045,0.0012151482943425754,0.00045761918302059617,0.0019067798368704453,0.009152383660411923,0.009221350049095328,0.00649799147755821
predet,(d) Predetermined budget (ACF timing),E6_acf,ACF/Wooldridge GMM (c predetermined),alpha,0.3478,400,0.0,0.3585505619970455,0.34329215795319956,0.010750561997045438,0.003731519312023735,-0.0045078420468004365,0.0746303862404747,0.0753083321902613,0.04787049587801362
predet,(d) Predetermined budget (ACF timing),E6_acf,ACF/Wooldridge GMM (c predetermined),beta,0.3658,400,0.0,0.4044805100345779,0.37103611666098946,0.03868051003457791,0.0066356305164974524,0.0052361166609894705,0.13271261032994905,0.1380752954180164,0.08868215718372158
predet,(d) Predetermined budget (ACF timing),E6_acf,ACF/Wooldridge GMM (c predetermined),a,0.5126121076233184,400,0.0,0.5212138891517,0.5167048642642526,0.008601781528381574,0.0060611199563385,0.004092756640934114,0.12122239912676999,0.12137595940047932,0.09589988391272741
predet,(d) Predetermined budget (ACF timing),E6_acf,ACF/Wooldridge GMM (c predetermined),gamma,0.17828649103139016,400,0.0,0.17822658976986705,0.17824714238245346,-5.990126152312772e-05,0.0005084294435502986,-3.934864893670453e-05,0.010168588871005973,0.010156046833764096,0.0068141502383097935
predet,(d) Predetermined budget (ACF timing),E6_acf,ACF/Wooldridge GMM (c predetermined),sigma_star,0.7370283018867925,400,0.0,0.7244094113141594,0.7317569923186349,-0.01261889057263295,0.0009953676018256495,-0.005271309568157578,0.01990735203651299,0.023548849392846745,0.007505597466058833
predet,(d) Predetermined budget (ACF timing),E6_acf,ACF/Wooldridge GMM (c predetermined),lnMstar,2.8979598554678856,400,0.0,2.8676954753373387,2.8802085936444466,-0.030264380130547018,0.07511636359262205,-0.017751261823439002,1.5023272718524412,1.5007533762670353,1.1284393894767342
predet,(d) Predetermined budget (ACF timing),E6_acf,ACF/Wooldridge GMM (c predetermined),sd_omega,0.25,400,0.0,0.25029063452600536,0.24977127466644544,0.00029063452600536075,0.0010004975131645256,-0.00022872533355454416,0.020009950263290513,0.019987035365286617,0.012983652402935558
predet,(d) Predetermined budget (ACF timing),E6_acf,ACF/Wooldridge GMM (c predetermined),tfp_growth,0.15,400,0.0,0.15238142347210112,0.15242229772259802,0.002381423472101128,0.0005048266847416333,0.002422297722598027,0.010096533694832665,0.010361289515438622,0.0076042949329121895
predet,(d) Predetermined budget (ACF timing),E6b_acf_lagonly,ACF GMM (lagged instruments only),alpha,0.3478,400,0.0,0.3634949137152344,0.34387188869105906,0.01569491371523447,0.004175027678834898,-0.00392811130894094,0.08350055357669794,0.08486013144006213,0.05168129972283006
predet,(d) Predetermined budget (ACF timing),E6b_acf_lagonly,ACF GMM (lagged instruments only),beta,0.3658,400,0.0,0.4014472796823611,0.3659003775734179,0.03564727968236109,0.007097938390956289,0.0001003775734179091,0.14195876781912578,0.14619384248344772,0.09011029629139658
predet,(d) Predetermined budget (ACF timing),E6b_acf_lagonly,ACF GMM (lagged instruments only),a,0.5126121076233184,400,0.0,0.5152852620053169,0.5136762095845206,0.0026731543819983983,0.006489334851989223,0.001064101961202213,0.12978669703978446,0.12965192253115862,0.09961421672872572
predet,(d) Predetermined budget (ACF timing),E6b_acf_lagonly,ACF GMM (lagged instruments only),gamma,0.17828649103139016,400,0.0,0.1770000076365504,0.17741284803007795,-0.0012864833948397442,0.0005445224299408587,-0.0008736430013122076,0.010890448598817173,0.010952643769061816,0.00730445765281372
predet,(d) Predetermined budget (ACF timing),E6b_acf_lagonly,ACF GMM (lagged instruments only),sigma_star,0.7370283018867925,400,0.0,0.7239953738299785,0.7320233889848502,-0.013032928056813942,0.001065250100636877,-0.005004912901942327,0.02130500201273754,0.02495246614505131,0.007606132131298793
predet,(d) Predetermined budget (ACF timing),E6b_acf_lagonly,ACF GMM (lagged instruments only),lnMstar,2.8979598554678856,400,0.0,2.931784272645709,2.964624957863601,0.03382441717782389,0.08013704837554982,0.06666510239571544,1.6027409675109963,1.6010936117582755,1.2230643255554248
predet,(d) Predetermined budget (ACF timing),E6b_acf_lagonly,ACF GMM (lagged instruments only),sd_omega,0.25,400,0.0,0.25074786178107056,0.2500928527480665,0.0007478617810705673,0.0010056848182397019,9.28527480664465e-05,0.02011369636479404,0.020102454495535545,0.013374241979189141
predet,(d) Predetermined budget (ACF timing),E6b_acf_lagonly,ACF GMM (lagged instruments only),tfp_growth,0.15,400,0.0,0.153239924532349,0.15346292570296477,0.0032399245323490138,0.000487550502535136,0.0034629257029647614,0.00975101005070272,0.010263605725655102,0.007702673574602303
predet,(d) Predetermined budget (ACF timing),E7_iv_path,IV (compute price) + expansion path,alpha,0.3478,400,0.0,0.3340322056318913,0.3450529013353715,-0.01376779436810868,0.004987793792843987,-0.0027470986646285223,0.09975587585687976,0.10057787451927883,0.05454058986561522
predet,(d) Predetermined budget (ACF timing),E7_iv_path,IV (compute price) + expansion path,beta,0.3658,400,0.0,0.35072725436125096,0.36243200278460486,-0.015072745638749012,0.0052417703036233085,-0.0033679972153951854,0.10483540607246618,0.10578361816251776,0.057200022328171146
predet,(d) Predetermined budget (ACF timing),E7_iv_path,IV (compute price) + expansion path,a,0.5126121076233184,400,0.0,0.5122608223144954,0.5123455464681679,-0.00035128530882306245,0.00017583998799882485,-0.00026656115515055756,0.0035167997599764972,0.003529923826173341,0.0023939881264193885
predet,(d) Predetermined budget (ACF timing),E7_iv_path,IV (compute price) + expansion path,gamma,0.17828649103139016,400,0.0,0.1710798387222673,0.1767379258672165,-0.007206652309122804,0.0025549748460686325,-0.0015485651641736486,0.051099496921372646,0.0515418909883787,0.027983271309392196
predet,(d) Predetermined budget (ACF timing),E7_iv_path,IV (compute price) + expansion path,sigma_star,0.7370283018867925,400,0.0,0.7508258544338873,0.7386911120064004,0.013797552547094742,0.0042745496178221865,0.0016628101196078382,0.08549099235644372,0.08649167853582293,0.030834832191896477
predet,(d) Predetermined budget (ACF timing),E7_iv_path,IV (compute price) + expansion path,lnMstar,2.8979598554678856,400,0.0,4.178443686857082,4.175098922192102,1.2804838313891964,0.0024660222967038082,1.2771390667242168,0.04932044593407617,1.2814309452991697,1.2771390667242168
predet,(d) Predetermined budget (ACF timing),E7_iv_path,IV (compute price) + expansion path,sd_omega,0.25,400,0.0,0.26176971235464863,0.254958832231723,0.011769712354648618,0.00217783289991447,0.004958832231723026,0.0435566579982894,0.045066236017124464,0.015925974204552842
predet,(d) Predetermined budget (ACF timing),E7_iv_path,IV (compute price) + expansion path,tfp_growth,0.15,400,0.0,0.15890803150532443,0.15294881999607382,0.00890803150532442,0.0029334573527927095,0.002948819996073826,0.05866914705585419,0.059269019474938525,0.031543535867458866
predet,(d) Predetermined budget (ACF timing),E8_heckman,Heckman selection correction,alpha,0.3478,400,0.0,0.38483832551845026,0.3852706100017961,0.037038325518450294,0.001520875126828655,0.037470610001796106,0.0304175025365731,0.04790353803866382,0.037470610001796106
predet,(d) Predetermined budget (ACF timing),E8_heckman,Heckman selection correction,beta,0.3658,400,0.0,0.40663258546791675,0.4041306198776947,0.0408325854679167,0.0024229888661800847,0.03833061987769468,0.0484597773236017,0.06332281720835035,0.04077250703751406
predet,(d) Predetermined budget (ACF timing),E8_heckman,Heckman selection correction,a,0.5126121076233184,400,0.0,0.5126961068216362,0.5127488533160666,8.39991983178165e-05,0.0022713345745134315,0.0001367456927481303,0.04542669149026863,0.04536995035117388,0.029530524198433217
predet,(d) Predetermined budget (ACF timing),E8_heckman,Heckman selection correction,gamma,0.17828649103139016,400,0.0,0.19605576096664964,0.19619991963155708,0.01776926993525948,0.0003585481515880282,0.01791342860016691,0.007170963031760564,0.019158316942205177,0.01791342860016691
predet,(d) Predetermined budget (ACF timing),E8_heckman,Heckman selection correction,sigma_star,0.7370283018867925,400,0.0,0.7165659163128606,0.7167165237304436,-0.02046238557393194,0.00041767634034312094,-0.020311778156348936,0.008353526806862419,0.02209787727280484,0.020311778156348936
predet,(d) Predetermined budget (ACF timing),E8_heckman,Heckman selection correction,lnMstar,2.8979598554678856,400,0.0,3.1645000365454963,3.1654291596991904,0.26654018107761057,0.03776050667357126,0.26746930423130477,0.7552101334714252,0.7999750983390473,0.5258260890070969
predet,(d) Predetermined budget (ACF timing),E8_heckman,Heckman selection correction,sd_omega,0.25,400,0.0,0.24321834594023317,0.2425889173388818,-0.0067816540597668215,0.0009276634939696634,-0.007411082661118201,0.018553269879393267,0.019732057557333177,0.012685595632011548
predet,(d) Predetermined budget (ACF timing),E8_heckman,Heckman selection correction,tfp_growth,0.15,400,0.0,0.13158382455945983,0.13222939454092503,-0.01841617544054016,0.0005526754262656987,-0.017770605459074953,0.011053508525313975,0.021471611920141097,0.01781234303658462
predet,(d) Predetermined budget (ACF timing),E9_foc_system,FOC system (T ignored),alpha,0.3478,400,0.0,0.3447094179455238,0.344654134068963,-0.0030905820544761754,0.00015742714845602365,-0.003145865931036995,0.003148542969120473,0.004409108408372054,0.0034136603038995295
predet,(d) Predetermined budget (ACF timing),E9_foc_system,FOC system (T ignored),beta,0.3658,400,0.0,0.3593899813985152,0.35934768053551436,-0.006410018601484855,0.00019718013904720922,-0.006452319464485684,0.003943602780944184,0.007523394271073255,0.006452319464485684
predet,(d) Predetermined budget (ACF timing),E9_foc_system,FOC system (T ignored),a,0.5126121076233184,400,0.0,0.5104200121238311,0.5106018109192219,-0.0021920954994871784,0.0001643363942726791,-0.0020102967040965813,0.003286727885453582,0.00394725935573121,0.00254786816457786
predet,(d) Predetermined budget (ACF timing),E9_foc_system,FOC system (T ignored),gamma,0.17828649103139016,400,0.0,0.17594074023662323,0.1758839279672916,-0.002345750794766938,6.717619576057234e-05,-0.0024025630640985562,0.0013435239152114467,0.0027024231091037454,0.0024025630640985562
predet,(d) Predetermined budget (ACF timing),E9_foc_system,FOC system (T ignored),sigma_star,0.7370283018867925,400,0.0,0.7396207357099288,0.7396666446163227,0.0025924338231363506,7.3979508103255e-05,0.0026383427295302297,0.0014795901620651,0.00298402868742946,0.0026383427295302297
predet,(d) Predetermined budget (ACF timing),E9_foc_system,FOC system (T ignored),lnMstar,2.8979598554678856,400,0.0,4.149744364987899,4.148187615447551,1.2517845095200124,0.002348355754496784,1.2502277599796647,0.04696711508993568,1.2526631045095002,1.2502277599796647
predet,(d) Predetermined budget (ACF timing),E9_foc_system,FOC system (T ignored),sd_omega,0.25,400,0.0,0.25101936337002173,0.2513378652086028,0.00101936337002175,0.0010041308385624083,0.0013378652086027676,0.020082616771248167,0.020083384160046538,0.013851821192503389
predet,(d) Predetermined budget (ACF timing),E9_foc_system,FOC system (T ignored),tfp_growth,0.15,400,0.0,0.1535314939069873,0.15428418043761616,0.003531493906987317,0.0004614456332919916,0.004284180437616164,0.009228912665839832,0.009870731793352669,0.00710315192611706
predet,(d) Predetermined budget (ACF timing),E10_foc_system_T,FOC system (T proxied),alpha,0.3478,400,0.0,0.3465390416915723,0.346479804308108,-0.001260958308427721,0.00014053198038699953,-0.0013201956918920399,0.0028106396077399905,0.0030773302752025522,0.00206690509437385
predet,(d) Predetermined budget (ACF timing),E10_foc_system_T,FOC system (T proxied),beta,0.3658,400,0.0,0.3637208678369804,0.3632873161176946,-0.002079132163019682,0.00018548640820547643,-0.002512683882305383,0.0037097281641095287,0.004248584281294345,0.0031869252083494004
predet,(d) Predetermined budget (ACF timing),E10_foc_system_T,FOC system (T proxied),a,0.5126121076233184,400,0.0,0.5120902681509025,0.5120925552578514,-0.000521839472415877,0.0001491812911716112,-0.0005195523654670797,0.002983625823432224,0.0030252412187439315,0.0021416497871509788
predet,(d) Predetermined budget (ACF timing),E10_foc_system_T,FOC system (T proxied),gamma,0.17828649103139016,400,0.0,0.17745475467617688,0.1773867046484906,-0.0008317363552132616,6.192258627427458e-05,-0.000899786382899545,0.0012384517254854916,0.0014905413896469084,0.00114184667977843
predet,(d) Predetermined budget (ACF timing),E10_foc_system_T,FOC system (T proxied),sigma_star,0.7370283018867925,400,0.0,0.7379391171453769,0.738037155436302,0.000910815258584419,6.81336356240275e-05,0.0010088535495095252,0.00136267271248055,0.0016376260758506364,0.001278693537920872
predet,(d) Predetermined budget (ACF timing),E10_foc_system_T,FOC system (T proxied),lnMstar,2.8979598554678856,400,0.0,2.86802381135399,2.8693520943147295,-0.029936044113895516,0.002007785826508741,-0.028607761153155886,0.04015571653017482,0.050046149735176675,0.03355231632678146
predet,(d) Predetermined budget (ACF timing),E10_foc_system_T,FOC system (T proxied),sd_omega,0.25,400,0.0,0.24996652211718723,0.24941369752950582,-3.347788281279164e-05,0.0009998693451746569,-0.0005863024704941822,0.019997386903493137,0.019972402585297956,0.012952450043848346
predet,(d) Predetermined budget (ACF timing),E10_foc_system_T,FOC system (T proxied),tfp_growth,0.15,400,0.0,0.15185559775044224,0.15233638364603497,0.0018555977504422613,0.0004564748674721586,0.002336383646034973,0.009129497349443173,0.009304976924221928,0.0066802524080320225
exog_sel,(a) + selection on release,E1_pooled_huber,"Pooled Huber-LSE (ML practice, E free)",alpha,0.3478,400,0.0,0.4304323001259739,0.4282264483613838,0.08263230012597397,0.00425618856106111,0.08042644836138382,0.08512377122122221,0.11855816424845954,0.08474185582449342
exog_sel,(a) + selection on release,E1_pooled_huber,"Pooled Huber-LSE (ML practice, E free)",beta,0.3658,400,0.0,0.4374213702731015,0.42417523338883933,0.07162137027310153,0.006535516770203448,0.05837523338883935,0.13071033540406896,0.1489029868128484,0.08711337572271724
exog_sel,(a) + selection on release,E1_pooled_huber,"Pooled Huber-LSE (ML practice, E free)",a,0.5126121076233184,400,0.0,0.49774084236833216,0.49925903774239777,-0.014871265254986237,0.005611920883259594,-0.013353069880920693,0.11223841766519188,0.11308016304494016,0.07699349893184138
exog_sel,(a) + selection on release,E1_pooled_huber,"Pooled Huber-LSE (ML practice, E free)",gamma,0.17828649103139016,400,0.0,0.2058968859425211,0.20802996040616137,0.027610394911130934,0.001226786552681085,0.02974346937477121,0.024535731053621702,0.03691654101129225,0.03077108826211042
exog_sel,(a) + selection on release,E1_pooled_huber,"Pooled Huber-LSE (ML practice, E free)",sigma_star,0.7370283018867925,400,0.0,0.6981243358971463,0.6983621153096159,-0.038903965989646266,0.0011326271280849638,-0.038666186577176576,0.022652542561699275,0.04500414880899178,0.038715818150885484
exog_sel,(a) + selection on release,E1_pooled_huber,"Pooled Huber-LSE (ML practice, E free)",lnMstar,2.8979598554678856,400,0.0,3.5362646744207256,3.586183091314367,0.6383048189528399,0.07736438334301017,0.6882232358464813,1.5472876668602034,1.6719889108801123,1.1373352958094771
exog_sel,(a) + selection on release,E1_pooled_huber,"Pooled Huber-LSE (ML practice, E free)",sd_omega,0.25,400,0.0,0.22214660178222403,0.22148944056517328,-0.02785339821777595,0.0012613589468498019,-0.028510559434826735,0.025227178936996036,0.03755837220919489,0.029461102517935517
exog_sel,(a) + selection on release,E1_pooled_huber,"Pooled Huber-LSE (ML practice, E free)",tfp_growth,0.15,400,0.0,0.06832170336358785,0.06754657237382995,-0.08167829663641214,0.0005062043011383157,-0.08245342762617004,0.010124086022766314,0.08230179230385944,0.08245342762617004
exog_sel,(a) + selection on release,E1b_pooled_huber_Etrue,"Pooled Huber-LSE, E fixed at truth (decomposition of E1)",alpha,0.3478,400,0.0,0.4617085104879075,0.45448621920243815,0.11390851048790758,0.0023152144917476395,0.10668621920243815,0.046304289834952786,0.12293850414150266,0.10668621920243815
exog_sel,(a) + selection on release,E1b_pooled_huber_Etrue,"Pooled Huber-LSE, E fixed at truth (decomposition of E1)",beta,0.3658,400,0.0,0.4817216576585636,0.4732648774184,0.11592165765856365,0.003160637314795118,0.1074648774184,0.06321274629590236,0.13199883476888602,0.1074648774184
exog_sel,(a) + selection on release,E1b_pooled_huber_Etrue,"Pooled Huber-LSE, E fixed at truth (decomposition of E1)",a,0.5126121076233184,400,0.0,0.5096576480327344,0.5102802057827078,-0.002954459590584048,0.002550513374880331,-0.0023319018406106617,0.05101026749760662,0.05103205956234113,0.027786578685013552
exog_sel,(a) + selection on release,E1b_pooled_huber_Etrue,"Pooled Huber-LSE, E fixed at truth (decomposition of E1)",gamma,0.17828649103139016,400,0.0,0.23320061812144505,0.23293124013288324,0.05491412709005489,0.0004629327428541994,0.054644749101493084,0.009258654857083989,0.05568724932245171,0.054644749101493084
exog_sel,(a) + selection on release,E1b_pooled_huber_Etrue,"Pooled Huber-LSE, E fixed at truth (decomposition of E1)",sigma_star,0.7370283018867925,400,0.0,0.6796422842964722,0.6805472897129259,-0.057386017590320304,0.0005234437955841885,-0.05648101217386653,0.010468875911683771,0.05833076704727659,0.05648101217386653
exog_sel,(a) + selection on release,E1b_pooled_huber_Etrue,"Pooled Huber-LSE, E fixed at truth (decomposition of E1)",lnMstar,2.8979598554678856,400,0.0,3.4818352513086177,3.537734045018353,0.583875395840732,0.046645785927713464,0.6397741895504674,0.9329157185542692,1.0995755483135234,0.8059559585038085
exog_sel,(a) + selection on release,E1b_pooled_huber_Etrue,"Pooled Huber-LSE, E fixed at truth (decomposition of E1)",sd_omega,0.25,400,0.0,0.257070836424276,0.25698682968065334,0.007070836424276004,0.0009140000638806496,0.006986829680653367,0.018280001277612992,0.019578554040879194,0.012458043126730364
exog_sel,(a) + selection on release,E1b_pooled_huber_Etrue,"Pooled Huber-LSE, E fixed at truth (decomposition of E1)",tfp_growth,0.15,400,0.0,0.08952516613678935,0.08974711341096663,-0.06047483386321064,0.0005232680153379267,-0.06025288658903337,0.010465360306758533,0.06137145499104067,0.06025288658903337
exog_sel,(a) + selection on release,E2_pooled_nls,Pooled NLS + generation effects,alpha,0.3478,400,0.0,0.3552445333653911,0.346050602889836,0.007444533365391101,0.003344781310195964,-0.0017493971101639472,0.06689562620391928,0.06722542911897161,0.053425271293514764
exog_sel,(a) + selection on release,E2_pooled_nls,Pooled NLS + generation effects,beta,0.3658,400,0.0,0.36190956331435553,0.3352759046749351,-0.003890436685644522,0.005306492086810729,-0.030524095325064893,0.10612984173621458,0.10606846819998665,0.08545140154057593
exog_sel,(a) + selection on release,E2_pooled_nls,Pooled NLS + generation effects,a,0.5126121076233184,400,0.0,0.4987486951514038,0.49288694922959086,-0.013863412471914643,0.005485352920683007,-0.019725158393727543,0.10970705841366014,0.11044339624658521,0.09665194650511755
exog_sel,(a) + selection on release,E2_pooled_nls,Pooled NLS + generation effects,gamma,0.17828649103139016,400,0.0,0.170230951198012,0.1702235192459083,-0.00805553983337818,0.0005401979386682998,-0.008062971785481848,0.010803958773365997,0.013465713251469199,0.009666557782141566
exog_sel,(a) + selection on release,E2_pooled_nls,Pooled NLS + generation effects,sigma_star,0.7370283018867925,400,0.0,0.7364319600578864,0.7396049849043942,-0.0005963418289061043,0.000812208478112891,0.0025766830176017774,0.01624416956225782,0.016234807844023532,0.009734627105634053
exog_sel,(a) + selection on release,E2_pooled_nls,Pooled NLS + generation effects,lnMstar,2.8979598554678856,400,0.0,3.177611573015795,3.1276444393288587,0.2796517175479093,0.07431303173459755,0.22968458386097335,1.486260634691951,1.5105142603354755,1.1269967087686292
exog_sel,(a) + selection on release,E2_pooled_nls,Pooled NLS + generation effects,sd_omega,0.25,400,0.0,0.23777471893871266,0.23607036715233376,-0.01222528106128734,0.0009090348132594396,-0.013929632847666254,0.01818069626518879,0.021889926208710775,0.016161822034478843
exog_sel,(a) + selection on release,E2_pooled_nls,Pooled NLS + generation effects,tfp_growth,0.15,400,0.0,0.16119457314892063,0.16066761518888878,0.01119457314892064,0.0006090477706992099,0.010667615188888785,0.012180955413984198,0.016532489334550083,0.011778811724286464
exog_sel,(a) + selection on release,E3_lab_fe,Lab FE NLS,alpha,0.3478,400,0.0,0.34468454671783894,0.3397689579127987,-0.0031154532821610573,0.0023076789376426828,-0.00803104208720129,0.046153578752853655,0.04620101188036852,0.036324944366296824
exog_sel,(a) + selection on release,E3_lab_fe,Lab FE NLS,beta,0.3658,400,0.0,0.3684536617453034,0.35800834560456585,0.0026536617453034135,0.0039038980467750208,-0.007791654395434139,0.07807796093550042,0.07802544126465674,0.05732519199348593
exog_sel,(a) + selection on release,E3_lab_fe,Lab FE NLS,a,0.5126121076233184,400,0.0,0.5130754725226487,0.5140481674796331,0.0004633648993303167,0.004092716834443516,0.0014360598563147309,0.08185433668887032,0.08175326789014574,0.06398108142886785
exog_sel,(a) + selection on release,E3_lab_fe,Lab FE NLS,gamma,0.17828649103139016,400,0.0,0.1731843289055764,0.17321352838456971,-0.005102162125813764,0.0003545967690131,-0.005072962646820459,0.007091935380262,0.00872936807147607,0.005832848074527899
exog_sel,(a) + selection on release,E3_lab_fe,Lab FE NLS,sigma_star,0.7370283018867925,400,0.0,0.7373202667824518,0.7403838969169892,0.00029196489565922775,0.0005485193907870342,0.0033555950301967785,0.010970387815740683,0.010960555588380525,0.0069472311522424945
exog_sel,(a) + selection on release,E3_lab_fe,Lab FE NLS,lnMstar,2.8979598554678856,400,0.0,2.955661592647319,2.9223949046372826,0.05770173717943328,0.05354748368984631,0.024435049169396983,1.0709496737969262,1.0711654219912778,0.7828096473122881
exog_sel,(a) + selection on release,E3_lab_fe,Lab FE NLS,sd_omega,0.25,400,0.0,0.23892421512864445,0.23726358621206395,-0.011075784871355526,0.0009197286073935055,-0.012736413787936038,0.01839457214787011,0.021451978797036152,0.015967293899276647
exog_sel,(a) + selection on release,E3_lab_fe,Lab FE NLS,tfp_growth,0.15,400,0.0,0.15869043949410247,0.15844391626436855,0.008690439494102486,0.0005074882706495666,0.008443916264368537,0.010149765412991332,0.013352300633020682,0.009771347957469353
exog_sel,(a) + selection on release,E4_mundlak,Mundlak (CRE),alpha,0.3478,400,0.0,0.355840014177457,0.35372710284173586,0.008040014177456941,0.003146410451839132,0.005927102841735865,0.06292820903678265,0.06336167155165084,0.05165773185027256
exog_sel,(a) + selection on release,E4_mundlak,Mundlak (CRE),beta,0.3658,400,0.0,0.3615046111907965,0.33072207387758007,-0.00429538880920352,0.005227696832832023,-0.035077926122419945,0.10455393665664046,0.10451146932871537,0.0861787840560029
exog_sel,(a) + selection on release,E4_mundlak,Mundlak (CRE),a,0.5126121076233184,400,0.0,0.4977519020408904,0.4858649092766244,-0.01486020558242797,0.005448422624512768,-0.026747198346694062,0.10896845249025537,0.10984199578930529,0.0981506711188988
exog_sel,(a) + selection on release,E4_mundlak,Mundlak (CRE),gamma,0.17828649103139016,400,0.0,0.17045975992473367,0.17136632842651078,-0.007826731106656477,0.0004734350778847681,-0.006920162604879376,0.009468701557695362,0.012275580973283299,0.008259751869224022
exog_sel,(a) + selection on release,E4_mundlak,Mundlak (CRE),sigma_star,0.7370283018867925,400,0.0,0.7362933858013175,0.7407553351570135,-0.0007349160854749037,0.0007098532473924891,0.0037270332702210585,0.014197064947849782,0.014198340154867435,0.008969895085561619
exog_sel,(a) + selection on release,E4_mundlak,Mundlak (CRE),lnMstar,2.8979598554678856,400,0.0,3.1321216712352733,3.186821258576235,0.2341618157673876,0.06654935071641147,0.28886140310834985,1.3309870143282294,1.349788639822205,1.0875773466352343
exog_sel,(a) + selection on release,E4_mundlak,Mundlak (CRE),sd_omega,0.25,400,0.0,0.2384673190932233,0.23671867712911987,-0.011532680906776688,0.0009173325154843839,-0.013281322870880144,0.018346650309687677,0.021650884682606612,0.016256104224312506
exog_sel,(a) + selection on release,E4_mundlak,Mundlak (CRE),tfp_growth,0.15,400,0.0,0.16055964535090084,0.1606925363745273,0.01055964535090084,0.0005229662275836509,0.0106925363745273,0.010459324551673017,0.014853621993939345,0.011024009743323529
exog_sel,(a) + selection on release,E5_labgen_fe,Lab x generation FE,alpha,0.3478,400,0.0,0.34601418691538044,0.3460737626656534,-0.001785813084619587,0.0009049251333344055,-0.001726237334346653,0.01809850266668811,0.018163866263887073,0.012057398910124195
exog_sel,(a) + selection on release,E5_labgen_fe,Lab x generation FE,beta,0.3658,400,0.0,0.3697935186488114,0.36648706399597103,0.003993518648811398,0.0015641586701213705,0.0006870639959710156,0.03128317340242741,0.031498230696015775,0.02039721813496989
exog_sel,(a) + selection on release,E5_labgen_fe,Lab x generation FE,a,0.5126121076233184,400,0.0,0.5159929384587006,0.5133490587884895,0.003380830835382195,0.0016783901893405288,0.0007369511651710292,0.033567803786810575,0.033695852483348915,0.02323754610258838
exog_sel,(a) + selection on release,E5_labgen_fe,Lab x generation FE,gamma,0.17828649103139016,400,0.0,0.177943885533874,0.17799300131372964,-0.00034260549751616916,0.00014287330809383456,-0.0002934897176605361,0.0028574661618766912,0.0028743831705311897,0.001918116136465975
exog_sel,(a) + selection on release,E5_labgen_fe,Lab x generation FE,sigma_star,0.7370283018867925,400,0.0,0.7364513331674494,0.7369872442473269,-0.0005769687193430817,0.00020177131746407844,-4.105763946554708e-05,0.004035426349281569,0.004071467433128401,0.0024469692295440715
exog_sel,(a) + selection on release,E5_labgen_fe,Lab x generation FE,lnMstar,2.8979598554678856,400,0.0,2.873909519737284,2.9048015733892267,-0.0240503357306011,0.023161738819051484,0.006841717921341139,0.46323477638102967,0.4632800562860604,0.34044739028210125
exog_sel,(a) + selection on release,E5_labgen_fe,Lab x generation FE,sd_omega,0.25,400,0.0,0.23980132576316307,0.23878648814196285,-0.01019867423683694,0.0009172845479660892,-0.011213511858037165,0.018345690959321783,0.020969881306820152,0.015523651103111935
exog_sel,(a) + selection on release,E5_labgen_fe,Lab x generation FE,tfp_growth,0.15,400,0.0,0.1531912753629677,0.15299089146406689,0.003191275362967716,0.0005025486903322024,0.0029908914640668915,0.01005097380664405,0.010533458962656802,0.006969198198762974
exog_sel,(a) + selection on release,E6_acf,ACF/Wooldridge GMM (c predetermined),alpha,0.3478,400,0.0,0.36876096440656,0.3345655381539109,0.020960964406559993,0.0055311370343687025,-0.013234461846089118,0.11062274068737404,0.11245514354241923,0.07883636500247926
exog_sel,(a) + selection on release,E6_acf,ACF/Wooldridge GMM (c predetermined),beta,0.3658,400,0.0,0.42020310781634435,0.3519538525250757,0.05440310781634433,0.01082726360943471,-0.013846147474924297,0.21654527218869418,0.2230119355776373,0.12581330082411474
exog_sel,(a) + selection on release,E6_acf,ACF/Wooldridge GMM (c predetermined),a,0.5126121076233184,400,0.0,0.5133262711646105,0.5157389049155415,0.000714163541292126,0.008374187383517952,0.0031267972922230935,0.16748374767035903,0.16727578649923586,0.15037500764072673
exog_sel,(a) + selection on release,E6_acf,ACF/Wooldridge GMM (c predetermined),gamma,0.17828649103139016,400,0.0,0.1719019152789204,0.1717221701742552,-0.00638457575246975,0.0007050072671081285,-0.006564320857134959,0.014100145342162569,0.01546220782949376,0.010173506771232438
exog_sel,(a) + selection on release,E6_acf,ACF/Wooldridge GMM (c predetermined),sigma_star,0.7370283018867925,400,0.0,0.7189498377133586,0.7299883677181548,-0.018078464173433947,0.0017046414622014544,-0.007039934168637685,0.03409282924402909,0.038551862084962946,0.011964726321752217
exog_sel,(a) + selection on release,E6_acf,ACF/Wooldridge GMM (c predetermined),lnMstar,2.8979598554678856,400,0.0,2.9619012102468765,2.9236818108055393,0.06394135477899139,0.09607734800445128,0.025721955337653757,1.9215469600890256,1.9202084157400152,1.686076648704105
exog_sel,(a) + selection on release,E6_acf,ACF/Wooldridge GMM (c predetermined),sd_omega,0.25,400,0.0,0.23978550690162026,0.23799325375706398,-0.010214493098379735,0.000925446103270112,-0.012006746242936017,0.01850892206540224,0.02112012345584001,0.015505883442034449
exog_sel,(a) + selection on release,E6_acf,ACF/Wooldridge GMM (c predetermined),tfp_growth,0.15,400,0.0,0.15897475536150155,0.15966001805509428,0.008974755361501538,0.0005351981511652023,0.009660018055094269,0.010703963023304047,0.013958317274730871,0.010645713333319581
exog_sel,(a) + selection on release,E6b_acf_lagonly,ACF GMM (lagged instruments only),alpha,0.3478,400,0.0,0.3589124358048656,0.3364537991449287,0.011112435804865617,0.004196424967455803,-0.01134620085507132,0.08392849934911606,0.08455689948197218,0.049211940054129266
exog_sel,(a) + selection on release,E6b_acf_lagonly,ACF GMM (lagged instruments only),beta,0.3658,400,0.0,0.4018346661017189,0.3635828702938515,0.03603466610171893,0.008319046877694209,-0.002217129706148513,0.1663809375538842,0.17003501698596854,0.07794313639259734
exog_sel,(a) + selection on release,E6b_acf_lagonly,ACF GMM (lagged instruments only),a,0.5126121076233184,400,0.0,0.5167115962175687,0.5181850094668772,0.004099488594250353,0.0063389560051300125,0.005572901843558742,0.12677912010260026,0.12668689252440032,0.09088423343490384
exog_sel,(a) + selection on release,E6b_acf_lagonly,ACF GMM (lagged instruments only),gamma,0.17828649103139016,400,0.0,0.1755956422398449,0.17473482299889553,-0.0026908487915452807,0.0005269024763941079,-0.003551668032494612,0.010538049527882157,0.010863403189214133,0.00717229860721906
exog_sel,(a) + selection on release,E6b_acf_lagonly,ACF GMM (lagged instruments only),sigma_star,0.7370283018867925,400,0.0,0.7256498679870077,0.7351694861151288,-0.011378433899784674,0.0013752296197936608,-0.001858815771663691,0.027504592395873214,0.02973348456484268,0.007628663722488882
exog_sel,(a) + selection on release,E6b_acf_lagonly,ACF GMM (lagged instruments only),lnMstar,2.8979598554678856,400,0.0,2.9420914433345375,2.9802284716727825,0.044131587866652354,0.07616813994646945,0.0822686162048969,1.523362798929389,1.5220973124825854,1.0957582026842392
exog_sel,(a) + selection on release,E6b_acf_lagonly,ACF GMM (lagged instruments only),sd_omega,0.25,400,0.0,0.23988425670504637,0.23842910788691563,-0.010115743294953634,0.0009184561078920796,-0.011570892113084388,0.018369122157841592,0.020950163475185152,0.015083359354769052
exog_sel,(a) + selection on release,E6b_acf_lagonly,ACF GMM (lagged instruments only),tfp_growth,0.15,400,0.0,0.1557967823820316,0.15587703941768197,0.0057967823820316,0.0005146297754513981,0.005877039417681973,0.010292595509027962,0.0118014984002589,0.00849504775080022
exog_sel,(a) + selection on release,E7_iv_path,IV (compute price) + expansion path,alpha,0.3478,400,0.0,0.2948781422205832,0.3046852219269004,-0.052921857779416846,0.0057928529443252216,-0.04311477807309963,0.11585705888650444,0.12724002506845558,0.07447262547701167
exog_sel,(a) + selection on release,E7_iv_path,IV (compute price) + expansion path,beta,0.3658,400,0.0,0.3095627388655419,0.32003844762048295,-0.05623726113445814,0.006071150065819102,-0.04576155237951704,0.12142300131638203,0.1336761606475203,0.07748910808421539
exog_sel,(a) + selection on release,E7_iv_path,IV (compute price) + expansion path,a,0.5126121076233184,400,0.0,0.5122073355692696,0.5123141530892377,-0.0004047720540488523,0.00022086444910091372,-0.0002979545340807688,0.004417288982018274,0.004430293586380289,0.002941946013297947
exog_sel,(a) + selection on release,E7_iv_path,IV (compute price) + expansion path,gamma,0.17828649103139016,400,0.0,0.15100889822908153,0.15592606933084388,-0.027277592802308633,0.002963286880085898,-0.02236042170054628,0.059265737601717966,0.06517448621531709,0.03805485618545636
exog_sel,(a) + selection on release,E7_iv_path,IV (compute price) + expansion path,sigma_star,0.7370283018867925,400,0.0,0.7750657297174814,0.7621807550522484,0.038037427830688905,0.004089704539984642,0.025152453165455946,0.08179409079969283,0.09011322612413168,0.042568899269705696
exog_sel,(a) + selection on release,E7_iv_path,IV (compute price) + expansion path,lnMstar,2.8979598554678856,400,0.0,4.168871671016648,4.165575788763263,1.2709118155487624,0.0027124035533120277,1.2676159332953776,0.05424807106624055,1.272066169262756,1.2676159332953776
exog_sel,(a) + selection on release,E7_iv_path,IV (compute price) + expansion path,sd_omega,0.25,400,0.0,0.2512503252108351,0.24499361846243703,0.0012503252108350977,0.0015535417165124243,-0.0050063815375629706,0.031070834330248487,0.031057150018082045,0.01654814729600121
exog_sel,(a) + selection on release,E7_iv_path,IV (compute price) + expansion path,tfp_growth,0.15,400,0.0,0.18333855338754604,0.17620427967797092,0.03333855338754607,0.003433440961813012,0.026204279677970926,0.06866881923626024,0.07625665453216648,0.0457849411946285
exog_sel,(a) + selection on release,E8_heckman,Heckman selection correction,alpha,0.3478,400,0.0,0.3620019628205457,0.3604279463090991,0.01420196282054571,0.003263564208302984,0.01262794630909908,0.06527128416605968,0.06671870377413638,0.044931118215772475
exog_sel,(a) + selection on release,E8_heckman,Heckman selection correction,beta,0.3658,400,0.0,0.370281433996532,0.35214109170559665,0.004481433996532059,0.005068666053166672,-0.01365890829440336,0.10137332106333344,0.1013456565350308,0.06864356067049726
exog_sel,(a) + selection on release,E8_heckman,Heckman selection correction,a,0.5126121076233184,400,0.0,0.500513050814465,0.49496055175502907,-0.012099056808853523,0.00517567128395037,-0.017651555868289343,0.1035134256790074,0.10408952347968428,0.08532539897818464
exog_sel,(a) + selection on release,E8_heckman,Heckman selection correction,gamma,0.17828649103139016,400,0.0,0.17495222256856274,0.17481902188221496,-0.0033342684628274288,0.0007124875098903295,-0.0034674691491752008,0.01424975019780659,0.014617287314352991,0.009576790618654796
exog_sel,(a) + selection on release,E8_heckman,Heckman selection correction,sigma_star,0.7370283018867925,400,0.0,0.7323837235789783,0.7346812860431307,-0.004644578307814165,0.0008446596853653031,-0.002347015843661815,0.016893193707306062,0.017499675748593218,0.010340718655220238
exog_sel,(a) + selection on release,E8_heckman,Heckman selection correction,lnMstar,2.8979598554678856,400,0.0,3.1533113574540534,3.103389706698916,0.2553515019861677,0.07172692081518846,0.2054298512310302,1.434538416303769,1.4553213068763509,0.9958621680535686
exog_sel,(a) + selection on release,E8_heckman,Heckman selection correction,sd_omega,0.25,400,0.0,0.23851467985219826,0.2370684871883381,-0.011485320147801742,0.0009116774217619121,-0.01293151281166191,0.018233548435238243,0.021530065297539838,0.016036556200924645
exog_sel,(a) + selection on release,E8_heckman,Heckman selection correction,tfp_growth,0.15,400,0.0,0.15597404829593944,0.15697513456629758,0.005974048295939449,0.0008259775465753117,0.006975134566297586,0.016519550931506234,0.017547152963184626,0.012135644994937411
exog_sel,(a) + selection on release,E9_foc_system,FOC system (T ignored),alpha,0.3478,400,0.0,0.3435620960025807,0.3433268436853622,-0.004237903997419317,0.00018020852176175135,-0.004473156314637794,0.003604170435235027,0.005560341689703009,0.00458722699171174
exog_sel,(a) + selection on release,E9_foc_system,FOC system (T ignored),beta,0.3658,400,0.0,0.357762386321569,0.35760534504269914,-0.00803761367843101,0.00023235654883447176,-0.008194654957300845,0.004647130976689435,0.009281436871111149,0.008194654957300845
exog_sel,(a) + selection on release,E9_foc_system,FOC system (T ignored),a,0.5126121076233184,400,0.0,0.5101159394740157,0.510217653454424,-0.0024961681493027243,0.00019753718292733462,-0.0023944541688944443,0.0039507436585466925,0.004669069494717488,0.0030778480878980163
exog_sel,(a) + selection on release,E9_foc_system,FOC system (T ignored),gamma,0.17828649103139016,400,0.0,0.1752483173956371,0.17522261624947244,-0.003038173635753065,7.652409659052151e-05,-0.0030638747819177192,0.0015304819318104302,0.0034010319091746536,0.0030638747819177192
exog_sel,(a) + selection on release,E9_foc_system,FOC system (T ignored),sigma_star,0.7370283018867925,400,0.0,0.7403814052624562,0.7404019046399637,0.003353103375663845,8.457462834831025e-05,0.0033736027531712787,0.001691492566966205,0.003754636664742667,0.0033736027531712787
exog_sel,(a) + selection on release,E9_foc_system,FOC system (T ignored),lnMstar,2.8979598554678856,400,0.0,4.1422856177280165,4.138731967963837,1.2443257622601311,0.0025035031982068934,1.2407721124959519,0.05007006396413787,1.2453302158067818,1.2407721124959519
exog_sel,(a) + selection on release,E9_foc_system,FOC system (T ignored),sd_omega,0.25,400,0.0,0.2398043210866266,0.23813552747140992,-0.010195678913373394,0.0009142214797968368,-0.011864472528590062,0.018284429595936735,0.02091498107193148,0.015347892507260638
exog_sel,(a) + selection on release,E9_foc_system,FOC system (T ignored),tfp_growth,0.15,400,0.0,0.15589079631971012,0.15555769020742619,0.005890796319710119,0.0005073431791191581,0.005557690207426191,0.010146863582383163,0.01172189936564912,0.007699297065723837
exog_sel,(a) + selection on release,E10_foc_system_T,FOC system (T proxied),alpha,0.3478,400,0.0,0.3457164320710982,0.34565391601538775,-0.0020835679289017525,0.00016081660513702335,-0.0021460839846122737,0.003216332102740467,0.0038288621715829698,0.0027586051678589463
exog_sel,(a) + selection on release,E10_foc_system_T,FOC system (T proxied),beta,0.3658,400,0.0,0.3625569285275428,0.3624688184541448,-0.003243071472457262,0.0002106747759302616,-0.0033311815458552108,0.004213495518605232,0.005312878052389234,0.003934408628523872
exog_sel,(a) + selection on release,E10_foc_system_T,FOC system (T proxied),a,0.5126121076233184,400,0.0,0.5118818126661071,0.511769030445808,-0.0007302949572113395,0.00017113594389317396,-0.0008430771775104762,0.0034227188778634793,0.003495575450497263,0.0022396263135761596
exog_sel,(a) + selection on release,E10_foc_system_T,FOC system (T proxied),gamma,0.17828649103139016,400,0.0,0.17695995307414536,0.1769361103899032,-0.0013265379572448422,7.033876262731114e-05,-0.0013503806414869451,0.001406775252546223,0.0019322970842134673,0.001416442079148414
exog_sel,(a) + selection on release,E10_foc_system_T,FOC system (T proxied),sigma_star,0.7370283018867925,400,0.0,0.7384811358278963,0.7384914503985713,0.0014528339411038027,7.748629696946547e-05,0.0014631485117788667,0.0015497259393893092,0.002122821900542117,0.001553535776501802
exog_sel,(a) + selection on release,E10_foc_system_T,FOC system (T proxied),lnMstar,2.8979598554678856,400,0.0,2.865711524811051,2.8668097830687493,-0.032248330656834086,0.0022248408549679645,-0.031150072399136253,0.04449681709935929,0.05490875745540418,0.03795215334862578
exog_sel,(a) + selection on release,E10_foc_system_T,FOC system (T proxied),sd_omega,0.25,400,0.0,0.2397409595559729,0.23866943725862427,-0.010259040444027088,0.0009178508342457122,-0.011330562741375741,0.018357016684914244,0.02100917709593781,0.015770827850105515
exog_sel,(a) + selection on release,E10_foc_system_T,FOC system (T proxied),tfp_growth,0.15,400,0.0,0.15380937042454942,0.1536715537712766,0.0038093704245494233,0.0005026622603562041,0.003671553771276592,0.010053245207124082,0.010739011727249802,0.007209755165641915
predet_sel,(d) + selection on release,E1_pooled_huber,"Pooled Huber-LSE (ML practice, E free)",alpha,0.3478,400,0.0,0.45094558875814245,0.4481507324476895,0.1031455887581424,0.004343395817021598,0.1003507324476895,0.08686791634043196,0.13478198055514987,0.10194143365168484
predet_sel,(d) + selection on release,E1_pooled_huber,"Pooled Huber-LSE (ML practice, E free)",beta,0.3658,400,0.0,0.4244259751650371,0.42338270976626774,0.058625975165037036,0.007272570855152283,0.057582709766267726,0.14545141710304565,0.15665321386582684,0.10670692694554237
predet_sel,(d) + selection on release,E1_pooled_huber,"Pooled Huber-LSE (ML practice, E free)",a,0.5126121076233184,400,0.0,0.4761696303211542,0.4799926349640937,-0.03644247730216424,0.006273888214593662,-0.03261947265922471,0.12547776429187324,0.1305119221001531,0.08810468502940572
predet_sel,(d) + selection on release,E1_pooled_huber,"Pooled Huber-LSE (ML practice, E free)",gamma,0.17828649103139016,400,0.0,0.2051651589761692,0.21160326705195615,0.026878667944779062,0.0015953001870628036,0.033316776020565986,0.03190600374125607,0.041688258329365326,0.03541207878478882
predet_sel,(d) + selection on release,E1_pooled_huber,"Pooled Huber-LSE (ML practice, E free)",sigma_star,0.7370283018867925,400,0.0,0.6963837212971776,0.6960953421082092,-0.04064458058961474,0.001180629871265558,-0.0409329597785833,0.02361259742531116,0.046990879983062395,0.04096442512105991
predet_sel,(d) + selection on release,E1_pooled_huber,"Pooled Huber-LSE (ML practice, E free)",lnMstar,2.8979598554678856,400,0.0,3.7827570439687306,3.834353630978445,0.8847971885008454,0.0751066333920383,0.9363937755105596,1.5021326678407658,1.7417312106619465,1.1815980319071016
predet_sel,(d) + selection on release,E1_pooled_huber,"Pooled Huber-LSE (ML practice, E free)",sd_omega,0.25,400,0.0,0.20114906951346045,0.20176233058164428,-0.04885093048653953,0.0013590629929450908,-0.048237669418355736,0.027181259858901817,0.055887272653969006,0.048237669418355736
predet_sel,(d) + selection on release,E1_pooled_huber,"Pooled Huber-LSE (ML practice, E free)",tfp_growth,0.15,400,0.0,0.061509265103492326,0.06163231063738767,-0.08849073489650766,0.0004980207192800516,-0.08836768936261233,0.009960414385601033,0.08904814424018086,0.08836768936261233
predet_sel,(d) + selection on release,E1b_pooled_huber_Etrue,"Pooled Huber-LSE, E fixed at truth (decomposition of E1)",alpha,0.3478,400,0.0,0.4773214103985005,0.4725126695989448,0.1295214103985005,0.0020054825807042766,0.12471266959894478,0.040109651614085536,0.13557491635195135,0.12471266959894478
predet_sel,(d) + selection on release,E1b_pooled_huber_Etrue,"Pooled Huber-LSE, E fixed at truth (decomposition of E1)",beta,0.3658,400,0.0,0.48694136300403346,0.4830740041178641,0.12114136300403341,0.0030933419830060415,0.1172740041178641,0.061866839660120826,0.13598958384884582,0.1172740041178641
predet_sel,(d) + selection on release,E1b_pooled_huber_Etrue,"Pooled Huber-LSE, E fixed at truth (decomposition of E1)",a,0.5126121076233184,400,0.0,0.5039379874323803,0.5048647289481732,-0.008674120190938215,0.0023078229737396845,-0.007747378675145189,0.046156459474793694,0.04690770795356552,0.028040322247458005
predet_sel,(d) + selection on release,E1b_pooled_huber_Etrue,"Pooled Huber-LSE, E fixed at truth (decomposition of E1)",gamma,0.17828649103139016,400,0.0,0.2389073204108644,0.2388739062937596,0.060620829379474266,0.0004828823064818106,0.06058741526236945,0.009657646129636212,0.061383400916686696,0.06058741526236945
predet_sel,(d) + selection on release,E1b_pooled_huber_Etrue,"Pooled Huber-LSE, E fixed at truth (decomposition of E1)",sigma_star,0.7370283018867925,400,0.0,0.6748632490725732,0.6752130593706428,-0.06216505281421913,0.0005112075841898465,-0.06181524251614967,0.01022415168379693,0.06299814073330902,0.06181524251614967
predet_sel,(d) + selection on release,E1b_pooled_huber_Etrue,"Pooled Huber-LSE, E fixed at truth (decomposition of E1)",lnMstar,2.8979598554678856,400,0.0,3.5298624914260914,3.52249559819878,0.6319026359582058,0.0407423051581045,0.6245357427308944,0.81484610316209,1.0303471151703083,0.691247342695817
predet_sel,(d) + selection on release,E1b_pooled_huber_Etrue,"Pooled Huber-LSE, E fixed at truth (decomposition of E1)",sd_omega,0.25,400,0.0,0.2389574555537077,0.23928728889983453,-0.011042544446292334,0.0008746340706625282,-0.010712711100165473,0.017492681413250565,0.020668011663347294,0.01461675793900541
predet_sel,(d) + selection on release,E1b_pooled_huber_Etrue,"Pooled Huber-LSE, E fixed at truth (decomposition of E1)",tfp_growth,0.15,400,0.0,0.08402380082921876,0.08352700711113162,-0.06597619917078124,0.00048772842887752604,-0.06647299288886838,0.009754568577550521,0.0666916230581952,0.06647299288886838
predet_sel,(d) + selection on release,E2_pooled_nls,Pooled NLS + generation effects,alpha,0.3478,400,0.0,0.38004028830779235,0.37636822633212685,0.03224028830779232,0.0021232567801856795,0.028568226332126884,0.04246513560371359,0.053274906969949264,0.034388775112143444
predet_sel,(d) + selection on release,E2_pooled_nls,Pooled NLS + generation effects,beta,0.3658,400,0.0,0.387705488257546,0.37844868536651305,0.021905488257545933,0.0031248789056134004,0.012648685366513035,0.062497578112268005,0.06615158968252974,0.03840855363498613
predet_sel,(d) + selection on release,E2_pooled_nls,Pooled NLS + generation effects,a,0.5126121076233184,400,0.0,0.5033232863268384,0.5019994564504418,-0.00928882129648008,0.0031498943865703255,-0.01061265117287663,0.06299788773140651,0.06360105521962896,0.042275839237258916
predet_sel,(d) + selection on release,E2_pooled_nls,Pooled NLS + generation effects,gamma,0.17828649103139016,400,0.0,0.18880303084956232,0.18899891924636936,0.010516539818172186,0.00042478771865542807,0.010712428214979197,0.00849575437310856,0.013512772014263905,0.01084035286967916
predet_sel,(d) + selection on release,E2_pooled_nls,Pooled NLS + generation effects,sigma_star,0.7370283018867925,400,0.0,0.7227503474328449,0.7238445334206804,-0.014277954453947441,0.0005018594306562215,-0.013183768466111967,0.01003718861312443,0.01744572370973167,0.013241313900297869
predet_sel,(d) + selection on release,E2_pooled_nls,Pooled NLS + generation effects,lnMstar,2.8979598554678856,400,0.0,3.292877772372927,3.2908668253027145,0.3949179169050416,0.04648429613597804,0.3929069698348291,0.9296859227195609,1.0090169900493655,0.6483550164080618
predet_sel,(d) + selection on release,E2_pooled_nls,Pooled NLS + generation effects,sd_omega,0.25,400,0.0,0.23371031134907735,0.23331030816633586,-0.01628968865092266,0.0009136453289563546,-0.016689691833664158,0.018272906579127092,0.024462590284072147,0.018048853945794988
predet_sel,(d) + selection on release,E2_pooled_nls,Pooled NLS + generation effects,tfp_growth,0.15,400,0.0,0.1419918926887408,0.14191888432893557,-0.008008107311259177,0.0005866428950942194,-0.008081115671064412,0.011732857901884388,0.014193152833957964,0.009994045391529968
predet_sel,(d) + selection on release,E3_lab_fe,Lab FE NLS,alpha,0.3478,400,0.0,0.35939523750322183,0.3543299420188339,0.011595237503221754,0.002425778044589656,0.00652994201883389,0.048515560891793125,0.049822934300177396,0.03680973734356224
predet_sel,(d) + selection on release,E3_lab_fe,Lab FE NLS,beta,0.3658,400,0.0,0.36512807695069793,0.3508511541069008,-0.0006719230493020326,0.0038377140894566494,-0.014948845893099222,0.07675428178913299,0.07666122360174928,0.060143573574517245
predet_sel,(d) + selection on release,E3_lab_fe,Lab FE NLS,a,0.5126121076233184,400,0.0,0.500769093793885,0.49446852786944573,-0.011843013829433438,0.004111117473961524,-0.01814357975387268,0.08222234947923047,0.08296909330325451,0.0700223802645549
predet_sel,(d) + selection on release,E3_lab_fe,Lab FE NLS,gamma,0.17828649103139016,400,0.0,0.17610355416315607,0.17657237086685248,-0.0021829368682340666,0.0003761131938463144,-0.0017141201645376747,0.007522263876926288,0.007823567349375884,0.005033462886411655
predet_sel,(d) + selection on release,E3_lab_fe,Lab FE NLS,sigma_star,0.7370283018867925,400,0.0,0.7342125025395473,0.7366485373922882,-0.0028157993472452303,0.000502371480011514,-0.00037976449450433103,0.01004742960023028,0.01042243687587511,0.005227279935502316
predet_sel,(d) + selection on release,E3_lab_fe,Lab FE NLS,lnMstar,2.8979598554678856,400,0.0,3.0956555217529025,3.0935576850222684,0.19769566628501656,0.0532032501009143,0.19559782955438276,1.064065002018286,1.0809659195214025,0.8158396614235706
predet_sel,(d) + selection on release,E3_lab_fe,Lab FE NLS,sd_omega,0.25,400,0.0,0.2372004057852048,0.23686527061035006,-0.012799594214795212,0.000949342097773204,-0.013134729389649949,0.01898684195546408,0.022878560467970568,0.016105321779908477
predet_sel,(d) + selection on release,E3_lab_fe,Lab FE NLS,tfp_growth,0.15,400,0.0,0.15663469184549744,0.15620715265660945,0.006634691845497455,0.0005255496584095393,0.006207152656609455,0.010510993168190786,0.012418691993241856,0.008402947999630261
predet_sel,(d) + selection on release,E4_mundlak,Mundlak (CRE),alpha,0.3478,400,0.0,0.3594740485286166,0.35614421141662045,0.011674048528616612,0.0017727224949518894,0.00834421141662045,0.03545444989903779,0.03728483447258105,0.02291686334348378
predet_sel,(d) + selection on release,E4_mundlak,Mundlak (CRE),beta,0.3658,400,0.0,0.3632061692047154,0.35968196995890256,-0.002593830795284654,0.0027283111376049714,-0.0061180300410974275,0.05456622275209943,0.054559664056542,0.03599753796923258
predet_sel,(d) + selection on release,E4_mundlak,Mundlak (CRE),a,0.5126121076233184,400,0.0,0.5010136865275778,0.5033451160349731,-0.011598421095740647,0.0029542160669144587,-0.009266991588345264,0.05908432133828918,0.060139446350546986,0.04008611985298943
predet_sel,(d) + selection on release,E4_mundlak,Mundlak (CRE),gamma,0.17828649103139016,400,0.0,0.1780911820861057,0.17850904905258405,-0.00019530894528447737,0.0003047884926351251,0.00022255802119389156,0.0060957698527025015,0.0060912773419030935,0.003932719252160752
predet_sel,(d) + selection on release,E4_mundlak,Mundlak (CRE),sigma_star,0.7370283018867925,400,0.0,0.7346488514345444,0.7358028953225669,-0.0023794504522480654,0.0003784112850864815,-0.0012254065642255396,0.00756822570172963,0.007924432448216317,0.004008174275906995
predet_sel,(d) + selection on release,E4_mundlak,Mundlak (CRE),lnMstar,2.8979598554678856,400,0.0,3.113123085222201,3.1127602441519677,0.21516322975431557,0.04080997955774043,0.2148003886840819,0.8161995911548087,0.843096396391351,0.6092479426721402
predet_sel,(d) + selection on release,E4_mundlak,Mundlak (CRE),sd_omega,0.25,400,0.0,0.23646935153173293,0.23634122643814837,-0.01353064846826708,0.0009407179539560277,-0.013658773561851648,0.018814359079120553,0.02315542280462633,0.016666067341871496
predet_sel,(d) + selection on release,E4_mundlak,Mundlak (CRE),tfp_growth,0.15,400,0.0,0.15411506966341382,0.15369723154677428,0.0041150696634138124,0.0005281528039144634,0.0036972315467743017,0.010563056078289267,0.011324001353918579,0.007769430353817261
predet_sel,(d) + selection on release,E5_labgen_fe,Lab x generation FE,alpha,0.3478,400,0.0,0.3488531105225515,0.3480688131382059,0.0010531105225516034,0.000856796151340688,0.0002688131382058978,0.01713592302681376,0.017146859773983187,0.010954933520468751
predet_sel,(d) + selection on release,E5_labgen_fe,Lab x generation FE,beta,0.3658,400,0.0,0.36439179216818585,0.36003706603855556,-0.0014082078318141539,0.0014739755000397565,-0.0057629339614444774,0.029479510000795132,0.02947629480463658,0.018992351652758116
predet_sel,(d) + selection on release,E5_labgen_fe,Lab x generation FE,a,0.5126121076233184,400,0.0,0.5103410445047829,0.5075964278106432,-0.0022710631185354655,0.0015937153654764704,-0.0050156798126752555,0.03187430730952941,0.031915345297905455,0.020288749015716145
predet_sel,(d) + selection on release,E5_labgen_fe,Lab x generation FE,gamma,0.17828649103139016,400,0.0,0.17749819929069752,0.17753039697899936,-0.000788291740692672,0.00014594230540071576,-0.0007560940523908127,0.002918846108014315,0.0030198952488801533,0.0019538181501242563
predet_sel,(d) + selection on release,E5_labgen_fe,Lab x generation FE,sigma_star,0.7370283018867925,400,0.0,0.7371446042032823,0.7377481132457291,0.00011630231649002037,0.00019103742398785337,0.0007198113589366728,0.0038207484797570675,0.003817741462831522,0.0025879781619477793
predet_sel,(d) + selection on release,E5_labgen_fe,Lab x generation FE,lnMstar,2.8979598554678856,400,0.0,2.9354820865370526,2.936065027187689,0.03752223106916712,0.020708998880728836,0.03810517171980354,0.4141799776145767,0.4153602160132542,0.2748289833216009
predet_sel,(d) + selection on release,E5_labgen_fe,Lab x generation FE,sd_omega,0.25,400,0.0,0.2373866684020448,0.23720566231812584,-0.012613331597955168,0.0009427217682260033,-0.012794337681874171,0.018854435364520066,0.022664887879328948,0.015944795963378597
predet_sel,(d) + selection on release,E5_labgen_fe,Lab x generation FE,tfp_growth,0.15,400,0.0,0.15556392612229483,0.1552789944578472,0.005563926122294846,0.000498625446038397,0.0052789944578472275,0.00997250892076794,0.011408750182807676,0.00735125478283373
predet_sel,(d) + selection on release,E6_acf,ACF/Wooldridge GMM (c predetermined),alpha,0.3478,400,0.0,0.3821173583744344,0.3486091982304065,0.03431735837443443,0.006156766027227317,0.0008091982304064549,0.12313532054454633,0.1276796087223544,0.08133857346011095
predet_sel,(d) + selection on release,E6_acf,ACF/Wooldridge GMM (c predetermined),beta,0.3658,400,0.0,0.4054570165213125,0.333555725930556,0.039657016521312476,0.010274013334196327,-0.03224427406944402,0.20548026668392655,0.20901976845714373,0.13052268992011903
predet_sel,(d) + selection on release,E6_acf,ACF/Wooldridge GMM (c predetermined),a,0.5126121076233184,400,0.0,0.49759453441458895,0.48781753665930816,-0.015017573208729469,0.008764142571980276,-0.02479457096401025,0.17528285143960554,0.17570656026129583,0.15969997917826592
predet_sel,(d) + selection on release,E6_acf,ACF/Wooldridge GMM (c predetermined),gamma,0.17828649103139016,400,0.0,0.17005457634650767,0.17085568546413837,-0.008231914684882505,0.0007930942165893485,-0.0074308055672518,0.01586188433178697,0.017853145255046398,0.011588306711456053
predet_sel,(d) + selection on release,E6_acf,ACF/Wooldridge GMM (c predetermined),sigma_star,0.7370283018867925,400,0.0,0.7189984544207562,0.7301242335629871,-0.018029847466036263,0.001604626194712996,-0.006904068323805412,0.03209252389425992,0.03677540841822724,0.012620469174335291
predet_sel,(d) + selection on release,E6_acf,ACF/Wooldridge GMM (c predetermined),lnMstar,2.8979598554678856,400,0.0,3.05211916781387,2.9464945777934703,0.15415931234598415,0.09682523659741205,0.048534722325584534,1.936504731948241,1.940216622957027,1.699477073400331
predet_sel,(d) + selection on release,E6_acf,ACF/Wooldridge GMM (c predetermined),sd_omega,0.25,400,0.0,0.23980514592173285,0.2399418694944799,-0.010194854078267139,0.0009732512287064903,-0.010058130505520096,0.019465024574129807,0.02195165172360519,0.014732353238932364
predet_sel,(d) + selection on release,E6_acf,ACF/Wooldridge GMM (c predetermined),tfp_growth,0.15,400,0.0,0.1611575946761159,0.16110903409835034,0.011157594676115917,0.0005449967337716162,0.011109034098350345,0.010899934675432325,0.015588568678533655,0.01161975439981315
predet_sel,(d) + selection on release,E6b_acf_lagonly,ACF GMM (lagged instruments only),alpha,0.3478,400,0.0,0.3626881643779531,0.34430174007918574,0.014888164377953057,0.0044843913614684315,-0.0034982599208142617,0.08968782722936863,0.09080448241021594,0.05191852790706536
predet_sel,(d) + selection on release,E6b_acf_lagonly,ACF GMM (lagged instruments only),beta,0.3658,400,0.0,0.39635778172510194,0.3526441614452083,0.030557781725101898,0.007466475158951484,-0.013155838554791688,0.14932950317902968,0.15224102696827674,0.08285565019486396
predet_sel,(d) + selection on release,E6b_acf_lagonly,ACF GMM (lagged instruments only),a,0.5126121076233184,400,0.0,0.5124895950234307,0.5046503356153069,-0.00012251259988768108,0.00654663164608833,-0.00796177200801157,0.1309326329217666,0.1307689221002209,0.09696981069072838
predet_sel,(d) + selection on release,E6b_acf_lagonly,ACF GMM (lagged instruments only),gamma,0.17828649103139016,400,0.0,0.17500405301046829,0.17452117714811388,-0.0032824380209218753,0.0005694055859133086,-0.003765313883276264,0.011388111718266172,0.011838043129995578,0.00715060319277272
predet_sel,(d) + selection on release,E6b_acf_lagonly,ACF GMM (lagged instruments only),sigma_star,0.7370283018867925,400,0.0,0.7257677484484311,0.7350557384161531,-0.011260553438361414,0.0012232902874795663,-0.001972563470639399,0.024465805749591327,0.026905004656893987,0.007873722712961051
predet_sel,(d) + selection on release,E6b_acf_lagonly,ACF GMM (lagged instruments only),lnMstar,2.8979598554678856,400,0.0,2.9210970050493668,2.8225539762301413,0.023137149581480783,0.074264886006946,-0.07540587923774433,1.48529772013892,1.4836203597440298,1.0769035711058155
predet_sel,(d) + selection on release,E6b_acf_lagonly,ACF GMM (lagged instruments only),sd_omega,0.25,400,0.0,0.2384808262337755,0.23832849243881205,-0.011519173766224465,0.0009546724161263581,-0.011671507561187969,0.019093448322527164,0.02227868339196409,0.015217419150038908
predet_sel,(d) + selection on release,E6b_acf_lagonly,ACF GMM (lagged instruments only),tfp_growth,0.15,400,0.0,0.1576610144011882,0.15705733797348193,0.007661014401188199,0.0005253690751978533,0.007057337973481931,0.010507381503957067,0.012993082584965655,0.008303660081913841
predet_sel,(d) + selection on release,E7_iv_path,IV (compute price) + expansion path,alpha,0.3478,400,0.0,0.27316282794750746,0.28329179760009415,-0.07463717205249248,0.0072445307803817045,-0.06450820239990582,0.14489061560763408,0.16282356929180938,0.08778374164813016
predet_sel,(d) + selection on release,E7_iv_path,IV (compute price) + expansion path,beta,0.3658,400,0.0,0.2871250298553896,0.29688035821209174,-0.07867497014461042,0.007614444843776581,-0.06891964178790827,0.15228889687553163,0.171241581599046,0.09112234310333664
predet_sel,(d) + selection on release,E7_iv_path,IV (compute price) + expansion path,a,0.5126121076233184,400,0.0,0.5122975468285749,0.5121783342976234,-0.000314560794743593,0.00021432949142212568,-0.00043377332569505267,0.004286589828442514,0.004292768770852127,0.002917847892824843
predet_sel,(d) + selection on release,E7_iv_path,IV (compute price) + expansion path,gamma,0.17828649103139016,400,0.0,0.13997455273067902,0.145408032173625,-0.03831193830071114,0.003711550394996052,-0.032878458857765164,0.07423100789992104,0.08345221113823792,0.044556177471215375
predet_sel,(d) + selection on release,E7_iv_path,IV (compute price) + expansion path,sigma_star,0.7370283018867925,400,0.0,0.7931734571711408,0.7745904832265598,0.05614515528434824,0.0053686969198011945,0.03756218133976724,0.10737393839602388,0.12104799957851442,0.04993714816630446
predet_sel,(d) + selection on release,E7_iv_path,IV (compute price) + expansion path,lnMstar,2.8979598554678856,400,0.0,4.169054975890544,4.172507939502847,1.2710951204226593,0.002847518361333447,1.274548084034961,0.056950367226668935,1.2723671015586375,1.274548084034961
predet_sel,(d) + selection on release,E7_iv_path,IV (compute price) + expansion path,sd_omega,0.25,400,0.0,0.2676570149713403,0.2527734674500822,0.01765701497134032,0.00278066090241173,0.002773467450082223,0.055613218048234596,0.058282657148798746,0.022146500261502805
predet_sel,(d) + selection on release,E7_iv_path,IV (compute price) + expansion path,tfp_growth,0.15,400,0.0,0.1984114908727138,0.1924815389182195,0.04841149087271381,0.0042643960914427485,0.04248153891821953,0.08528792182885497,0.09797712480155263,0.05468647215904366
predet_sel,(d) + selection on release,E8_heckman,Heckman selection correction,alpha,0.3478,400,0.0,0.3932830239120584,0.39341538224527883,0.04548302391205844,0.002059487368008055,0.04561538224527886,0.0411897473601611,0.06132747560074354,0.046665537339786595
predet_sel,(d) + selection on release,E8_heckman,Heckman selection correction,beta,0.3658,400,0.0,0.4018570878506022,0.3994084960058172,0.03605708785060222,0.003023361370722628,0.033608496005817196,0.06046722741445256,0.07033675043303601,0.04439285631243722
predet_sel,(d) + selection on release,E8_heckman,Heckman selection correction,a,0.5126121076233184,400,0.0,0.5038869848709372,0.504708969456629,-0.008725122752381227,0.002779121253483742,-0.007903138166689416,0.05558242506967484,0.056194396773420155,0.03398094410843755
predet_sel,(d) + selection on release,E8_heckman,Heckman selection correction,gamma,0.17828649103139016,400,0.0,0.19630576149595505,0.19555795868729312,0.018019270464564915,0.0006608106953018636,0.017271467655902956,0.01321621390603727,0.022336645838403068,0.017447139304257203
predet_sel,(d) + selection on release,E8_heckman,Heckman selection correction,sigma_star,0.7370283018867925,400,0.0,0.7157804864191527,0.7166826421468648,-0.021247815467639798,0.0006730473900918882,-0.02034565973992758,0.013460947801837765,0.025143861777407312,0.02039670377915276
predet_sel,(d) + selection on release,E8_heckman,Heckman selection correction,lnMstar,2.8979598554678856,400,0.0,3.2907586045910295,3.3048651136903104,0.3927987491231437,0.042826397170279626,0.40690525822242485,0.8565279434055926,0.9413271879918979,0.6100800013529966
predet_sel,(d) + selection on release,E8_heckman,Heckman selection correction,sd_omega,0.25,400,0.0,0.23333772665429076,0.23303502378749327,-0.01666227334570923,0.0009110542353681068,-0.016964976212506727,0.018221084707362136,0.024674060491540833,0.0177175739735959
predet_sel,(d) + selection on release,E8_heckman,Heckman selection correction,tfp_growth,0.15,400,0.0,0.13359279544794483,0.13441581374123443,-0.01640720455205516,0.0007888821645252919,-0.015584186258765564,0.01577764329050584,0.022748803351954967,0.01597390988534496
predet_sel,(d) + selection on release,E9_foc_system,FOC system (T ignored),alpha,0.3478,400,0.0,0.3436259183692837,0.3436078609274607,-0.004174081630716351,0.0001844804199069093,-0.0041921390725392915,0.0036896083981381857,0.005567956049230855,0.004271444148397557
predet_sel,(d) + selection on release,E9_foc_system,FOC system (T ignored),beta,0.3658,400,0.0,0.3578544903430576,0.3577576492162228,-0.007945509656942356,0.00023353425632633356,-0.008042350783777241,0.004670685126526671,0.009213679233120924,0.008071215832084894
predet_sel,(d) + selection on release,E9_foc_system,FOC system (T ignored),a,0.5126121076233184,400,0.0,0.5101343437119418,0.509974212222774,-0.0024777639113766235,0.00019904948590571359,-0.002637895400544543,0.003980989718114272,0.004684866320228637,0.003209531448755354
predet_sel,(d) + selection on release,E9_foc_system,FOC system (T ignored),gamma,0.17828649103139016,400,0.0,0.17528686018887132,0.17522633541124621,-0.002999630842518839,7.781638357005651e-05,-0.003060155620143945,0.0015563276714011301,0.0033784442606926675,0.003060155620143945
predet_sel,(d) + selection on release,E9_foc_system,FOC system (T ignored),sigma_star,0.7370283018867925,400,0.0,0.7403387955310613,0.7403804879525377,0.0033104936442688426,8.592761184035382e-05,0.003352186065745222,0.0017185522368070765,0.003728995361340963,0.003352186065745222
predet_sel,(d) + selection on release,E9_foc_system,FOC system (T ignored),lnMstar,2.8979598554678856,400,0.0,4.143229966863049,4.143756529472492,1.245270111395163,0.0026415552920068582,1.2457966740046071,0.052831105840137164,1.2463874992409274,1.2457966740046071
predet_sel,(d) + selection on release,E9_foc_system,FOC system (T ignored),sd_omega,0.25,400,0.0,0.23808870982382652,0.23760044635554553,-0.011911290176173499,0.0009466416885127182,-0.01239955364445447,0.018932833770254363,0.02234804013211586,0.015558185518366546
predet_sel,(d) + selection on release,E9_foc_system,FOC system (T ignored),tfp_growth,0.15,400,0.0,0.15833168032435763,0.15777644003683924,0.00833168032435761,0.0005014615542276551,0.0077764400368392494,0.010029231084553102,0.013028849123552145,0.008623676931306085
predet_sel,(d) + selection on release,E10_foc_system_T,FOC system (T proxied),alpha,0.3478,400,0.0,0.3458642829525668,0.3457527659058892,-0.0019357170474331837,0.00015695173591614514,-0.0020472340941108114,0.003139034718322903,0.003684549579413052,0.0025535260241025814
predet_sel,(d) + selection on release,E10_foc_system_T,FOC system (T proxied),beta,0.3658,400,0.0,0.3623829980237251,0.3624187846891885,-0.0034170019762749548,0.00021528366614702692,-0.003381215310811536,0.004305673322940538,0.005492574825420138,0.003855451237211538
predet_sel,(d) + selection on release,E10_foc_system_T,FOC system (T proxied),a,0.5126121076233184,400,0.0,0.5116538482445371,0.5116570259148199,-0.0009582593787813232,0.0001674645544521367,-0.0009550817084985064,0.0033492910890427336,0.003479650479454161,0.0021414687408944366
predet_sel,(d) + selection on release,E10_foc_system_T,FOC system (T proxied),gamma,0.17828649103139016,400,0.0,0.1769575758723638,0.17690234404273242,-0.001328915159026397,7.196892927852464e-05,-0.0013841469886577418,0.0014393785855704928,0.001957714658909099,0.0014486361075641274
predet_sel,(d) + selection on release,E10_foc_system_T,FOC system (T proxied),sigma_star,0.7370283018867925,400,0.0,0.7384884045052913,0.7385366358657466,0.0014601026184987388,7.934291612009955e-05,0.0015083339789541683,0.001586858322401991,0.0021549300901850376,0.0015960456817993296
predet_sel,(d) + selection on release,E10_foc_system_T,FOC system (T proxied),lnMstar,2.8979598554678856,400,0.0,2.8681790167266046,2.8697818708200526,-0.02978083874128039,0.0021261266476582967,-0.028177984647832943,0.04252253295316594,0.051870451611349476,0.033635232311812535
predet_sel,(d) + selection on release,E10_foc_system_T,FOC system (T proxied),sd_omega,0.25,400,0.0,0.2375084695048259,0.23746954079115506,-0.012491530495174135,0.0009429034138724743,-0.012530459208844949,0.018858068277449486,0.022600354121582244,0.015838646911558077
predet_sel,(d) + selection on release,E10_foc_system_T,FOC system (T proxied),tfp_growth,0.15,400,0.0,0.1562130270622414,0.15580381420157724,0.006213027062241417,0.0005000386563139005,0.005803814201577259,0.01000077312627801,0.011762955825030563,0.00734823040115648
predet_me,(d) + measurement error in D (sd 0.15),E1_pooled_huber,"Pooled Huber-LSE (ML practice, E free)",alpha,0.3478,400,0.0,0.420912323731107,0.41877993488666765,0.07311232373110702,0.0037234954613036683,0.07097993488666768,0.07446990922607337,0.10429436630543115,0.07490080701891677
predet_me,(d) + measurement error in D (sd 0.15),E1_pooled_huber,"Pooled Huber-LSE (ML practice, E free)",beta,0.3658,400,0.0,0.43151270748355436,0.42135430246237454,0.06571270748355429,0.006467227523210673,0.05555430246237453,0.12934455046421345,0.1449356672036654,0.08108687948086943
predet_me,(d) + measurement error in D (sd 0.15),E1_pooled_huber,"Pooled Huber-LSE (ML practice, E free)",a,0.5126121076233184,400,0.0,0.4989903022659709,0.4965341060857591,-0.013621805357347581,0.005578280738369093,-0.016078001537559367,0.11156561476738186,0.11225561350605705,0.07244254498802938
predet_me,(d) + measurement error in D (sd 0.15),E1_pooled_huber,"Pooled Huber-LSE (ML practice, E free)",gamma,0.17828649103139016,400,0.0,0.2025184266439098,0.2043680286534884,0.024231935612519625,0.0012470478958760138,0.026081537622098236,0.024940957917520278,0.03475173314984744,0.028377141311105622
predet_me,(d) + measurement error in D (sd 0.15),E1_pooled_huber,"Pooled Huber-LSE (ML practice, E free)",sigma_star,0.7370283018867925,400,0.0,0.7017854639198461,0.7034383928392178,-0.035242837966946425,0.0010380304397540098,-0.033589909047574584,0.020760608795080196,0.040889888705069204,0.033589909047574584
predet_me,(d) + measurement error in D (sd 0.15),E1_pooled_huber,"Pooled Huber-LSE (ML practice, E free)",lnMstar,2.8979598554678856,400,0.0,3.290323686214882,3.333892356554756,0.3923638307469966,0.07329349368433291,0.4359325010868704,1.4658698736866582,1.515701793244351,1.052759991837596
predet_me,(d) + measurement error in D (sd 0.15),E1_pooled_huber,"Pooled Huber-LSE (ML practice, E free)",sd_omega,0.25,400,0.0,0.20234733762565946,0.2035284765595536,-0.047652662374340515,0.0011359540391232908,-0.04647152344044639,0.022719080782465814,0.052779185967425604,0.04647152344044639
predet_me,(d) + measurement error in D (sd 0.15),E1_pooled_huber,"Pooled Huber-LSE (ML practice, E free)",tfp_growth,0.15,400,0.0,0.06329624024622457,0.06335646779220108,-0.08670375975377542,0.0004747923677068517,-0.08664353220779891,0.009495847354137034,0.0872209128857354,0.08664353220779891
predet_me,(d) + measurement error in D (sd 0.15),E1b_pooled_huber_Etrue,"Pooled Huber-LSE, E fixed at truth (decomposition of E1)",alpha,0.3478,400,0.0,0.45990593484680853,0.4595167154876014,0.11210593484680852,0.0015964297859025925,0.1117167154876014,0.03192859571805185,0.11655310920066593,0.1117167154876014
predet_me,(d) + measurement error in D (sd 0.15),E1b_pooled_huber_Etrue,"Pooled Huber-LSE, E fixed at truth (decomposition of E1)",beta,0.3658,400,0.0,0.4835212166135952,0.47798382567336106,0.11772121661359515,0.002645145992161452,0.11218382567336105,0.05290291984322904,0.12903490602005435,0.11218382567336105
predet_me,(d) + measurement error in D (sd 0.15),E1b_pooled_huber_Etrue,"Pooled Huber-LSE, E fixed at truth (decomposition of E1)",a,0.5126121076233184,400,0.0,0.5116259816308582,0.5089981327159794,-0.000986125992460341,0.002002893481424496,-0.0036139749073391125,0.04005786962848992,0.04001991730811257,0.022310821707128364
predet_me,(d) + measurement error in D (sd 0.15),E1b_pooled_huber_Etrue,"Pooled Huber-LSE, E fixed at truth (decomposition of E1)",gamma,0.17828649103139016,400,0.0,0.23414862416218582,0.2337094603902321,0.05586213313079568,0.0003878070449980232,0.05542296935884193,0.007756140899960465,0.0563966776085137,0.05542296935884193
predet_me,(d) + measurement error in D (sd 0.15),E1b_pooled_huber_Etrue,"Pooled Huber-LSE, E fixed at truth (decomposition of E1)",sigma_star,0.7370283018867925,400,0.0,0.6795865563560884,0.6805174922005826,-0.057441745530703935,0.0004201351389263049,-0.05651080968620986,0.008402702778526097,0.058051554932348155,0.05651080968620986
predet_me,(d) + measurement error in D (sd 0.15),E1b_pooled_huber_Etrue,"Pooled Huber-LSE, E fixed at truth (decomposition of E1)",lnMstar,2.8979598554678856,400,0.0,3.235324914109197,3.243453677807956,0.33736505864131144,0.03417596442596009,0.34549382234007053,0.6835192885192017,0.7614760692401349,0.5172940796364478
predet_me,(d) + measurement error in D (sd 0.15),E1b_pooled_huber_Etrue,"Pooled Huber-LSE, E fixed at truth (decomposition of E1)",sd_omega,0.25,400,0.0,0.24155368245674633,0.24154064815022275,-0.008446317543253644,0.0008213627907193927,-0.008459351849777252,0.016427255814387854,0.01845319421668876,0.012741606197119532
predet_me,(d) + measurement error in D (sd 0.15),E1b_pooled_huber_Etrue,"Pooled Huber-LSE, E fixed at truth (decomposition of E1)",tfp_growth,0.15,400,0.0,0.08850522316611727,0.08885929597486308,-0.061494776833882735,0.000468009310502875,-0.061140704025136904,0.0093601862100575,0.06220129927116694,0.061140704025136904
predet_me,(d) + measurement error in D (sd 0.15),E2_pooled_nls,Pooled NLS + generation effects,alpha,0.3478,400,0.0,0.38431295275017363,0.385442482600974,0.03651295275017367,0.0014531029550086693,0.037642482600974,0.029062059100173385,0.04664426534398983,0.03839134185417731
predet_me,(d) + measurement error in D (sd 0.15),E2_pooled_nls,Pooled NLS + generation effects,beta,0.3658,400,0.0,0.4029477900680881,0.3994187276743339,0.03714779006808806,0.0027322836094367505,0.03361872767433388,0.05464567218873501,0.06602001531489547,0.03913187296488305
predet_me,(d) + measurement error in D (sd 0.15),E2_pooled_nls,Pooled NLS + generation effects,a,0.5126121076233184,400,0.0,0.5101837289871038,0.5073309816799896,-0.0024283786362147186,0.0024486318410413097,-0.005281125943328913,0.04897263682082619,0.04897162833817561,0.029907715538563612
predet_me,(d) + measurement error in D (sd 0.15),E2_pooled_nls,Pooled NLS + generation effects,gamma,0.17828649103139016,400,0.0,0.194787871109435,0.19544819789731635,0.01650138007804483,0.0004117908462822516,0.01716170686592619,0.008235816925645033,0.01843785923614111,0.01716170686592619
predet_me,(d) + measurement error in D (sd 0.15),E2_pooled_nls,Pooled NLS + generation effects,sigma_star,0.7370283018867925,400,0.0,0.7176762134464072,0.7180798328112468,-0.019352088440385228,0.0004742225814226753,-0.018948469075545704,0.009484451628453506,0.021546073021324202,0.018948469075545704
predet_me,(d) + measurement error in D (sd 0.15),E2_pooled_nls,Pooled NLS + generation effects,lnMstar,2.8979598554678856,400,0.0,2.8570773345257745,2.8981364122027284,-0.04088252094211109,0.03697706229790872,0.00017655673484284762,0.7395412459581744,0.7397468025316282,0.46483345133762
predet_me,(d) + measurement error in D (sd 0.15),E2_pooled_nls,Pooled NLS + generation effects,sd_omega,0.25,400,0.0,0.24186406211652967,0.24161761937951895,-0.00813593788347034,0.0008596310996613189,-0.00838238062048105,0.017192621993226378,0.019001072880712663,0.013635209127354025
predet_me,(d) + measurement error in D (sd 0.15),E2_pooled_nls,Pooled NLS + generation effects,tfp_growth,0.15,400,0.0,0.13206922928977183,0.1320323807118589,-0.01793077071022818,0.0005687640154220478,-0.017967619288141085,0.011375280308440957,0.02122701222153373,0.017967619288141085
predet_me,(d) + measurement error in D (sd 0.15),E3_lab_fe,Lab FE NLS,alpha,0.3478,400,0.0,0.35824437804721837,0.354154856545986,0.010444378047218367,0.0016685962340555085,0.006354856545986026,0.03337192468111017,0.034928300507219116,0.022738601003752634
predet_me,(d) + measurement error in D (sd 0.15),E3_lab_fe,Lab FE NLS,beta,0.3658,400,0.0,0.3764989200345413,0.36867408940849966,0.010698920034541226,0.0032696637890705918,0.002874089408499675,0.06539327578141184,0.06618199684231152,0.04417097601075068
predet_me,(d) + measurement error in D (sd 0.15),E3_lab_fe,Lab FE NLS,a,0.5126121076233184,400,0.0,0.5096626444767663,0.5102463411541577,-0.0029494631465520693,0.0031978266842225974,-0.002365766469160757,0.06395653368445195,0.06394459663084114,0.04641063429414369
predet_me,(d) + measurement error in D (sd 0.15),E3_lab_fe,Lab FE NLS,gamma,0.17828649103139016,400,0.0,0.1805093978130079,0.18104613365547598,0.002222906781617766,0.00036506137596179313,0.0027596426240858174,0.007301227519235863,0.007623382978651289,0.005319569815008654
predet_me,(d) + measurement error in D (sd 0.15),E3_lab_fe,Lab FE NLS,sigma_star,0.7370283018867925,400,0.0,0.7314614137001858,0.7334380284072739,-0.005566888186606655,0.00048668846630358373,-0.0035902734795185687,0.009733769326071675,0.011202662349286513,0.00492777690796925
predet_me,(d) + measurement error in D (sd 0.15),E3_lab_fe,Lab FE NLS,lnMstar,2.8979598554678856,400,0.0,2.621780798701493,2.564291927960433,-0.27617905676639276,0.04219947183465552,-0.33366792750745256,0.8439894366931104,0.8870243769044932,0.6385588115595451
predet_me,(d) + measurement error in D (sd 0.15),E3_lab_fe,Lab FE NLS,sd_omega,0.25,400,0.0,0.24682633135273413,0.24618724713629997,-0.0031736686472658526,0.0009097605945329049,-0.0038127528637000307,0.0181952118906581,0.01844749967039488,0.013975190620748576
predet_me,(d) + measurement error in D (sd 0.15),E3_lab_fe,Lab FE NLS,tfp_growth,0.15,400,0.0,0.1478435321459381,0.14762453357387767,-0.0021564678540618846,0.00047527701631935507,-0.0023754664261223385,0.009505540326387101,0.009735489831535557,0.00656803982813757
predet_me,(d) + measurement error in D (sd 0.15),E4_mundlak,Mundlak (CRE),alpha,0.3478,400,0.0,0.3607066501432607,0.36110849141439694,0.012906650143260751,0.0013665308228581097,0.013308491414396967,0.027330616457162196,0.0301939862780524,0.020508011861658626
predet_me,(d) + measurement error in D (sd 0.15),E4_mundlak,Mundlak (CRE),beta,0.3658,400,0.0,0.37843758938817695,0.3729020243347936,0.012637589388176924,0.0027515371037558625,0.007102024334793594,0.05503074207511725,0.05639610166003407,0.030875256690472808
predet_me,(d) + measurement error in D (sd 0.15),E4_mundlak,Mundlak (CRE),a,0.5126121076233184,400,0.0,0.5100234354766277,0.507091897254627,-0.0025886721466908853,0.0026264940946372265,-0.005520210368691381,0.05252988189274453,0.05252800437785143,0.03384260408769854
predet_me,(d) + measurement error in D (sd 0.15),E4_mundlak,Mundlak (CRE),gamma,0.17828649103139016,400,0.0,0.18259142064125983,0.1828520273510601,0.004304929609869679,0.00032379724159394485,0.0045655363196699245,0.0064759448318788965,0.007769519660687387,0.005742863530744283
predet_me,(d) + measurement error in D (sd 0.15),E4_mundlak,Mundlak (CRE),sigma_star,0.7370283018867925,400,0.0,0.7302569274152505,0.7316564317358172,-0.006771374471542065,0.00042896017448158433,-0.005371870150975289,0.008579203489631686,0.010921091425268302,0.006150339835950758
predet_me,(d) + measurement error in D (sd 0.15),E4_mundlak,Mundlak (CRE),lnMstar,2.8979598554678856,400,0.0,2.6510908364999786,2.6497872394160025,-0.24686901896790744,0.036459651721127986,-0.24817261605188334,0.7291930344225597,0.768984712314186,0.47669213525856047
predet_me,(d) + measurement error in D (sd 0.15),E4_mundlak,Mundlak (CRE),sd_omega,0.25,400,0.0,0.24596331398983895,0.2451206865030814,-0.004036686010161061,0.0009018670112144479,-0.0048793134969186275,0.018037340224288958,0.01846150351963419,0.013808731028357266
predet_me,(d) + measurement error in D (sd 0.15),E4_mundlak,Mundlak (CRE),tfp_growth,0.15,400,0.0,0.14554621551483468,0.14514348073238242,-0.0044537844851653356,0.0004886380980048719,-0.004856519267617557,0.009772761960097439,0.010728667455849546,0.007435764555390592
predet_me,(d) + measurement error in D (sd 0.15),E5_labgen_fe,Lab x generation FE,alpha,0.3478,400,0.0,0.3478804246571011,0.3479121397319285,8.042465710116242e-05,0.000662650336563048,0.00011213973192852889,0.013253006731260961,0.013236674434153432,0.009096985704922261
predet_me,(d) + measurement error in D (sd 0.15),E5_labgen_fe,Lab x generation FE,beta,0.3658,400,0.0,0.3646387781259222,0.36263520800630866,-0.0011612218740778108,0.001321304302062959,-0.0031647919936913793,0.026426086041259178,0.026418565718869372,0.017084162497365968
predet_me,(d) + measurement error in D (sd 0.15),E5_labgen_fe,Lab x generation FE,a,0.5126121076233184,400,0.0,0.511258270174165,0.5106848745782038,-0.0013538374491534316,0.0013533705683457806,-0.001927233045114607,0.027067411366915612,0.027067434714972492,0.017140622777705228
predet_me,(d) + measurement error in D (sd 0.15),E5_labgen_fe,Lab x generation FE,gamma,0.17828649103139016,400,0.0,0.1775063917883005,0.17750244420738504,-0.0007800992430896815,0.0001526714864864829,-0.0007840468240051385,0.003053429729729658,0.003147805483297854,0.0020927791089744296
predet_me,(d) + measurement error in D (sd 0.15),E5_labgen_fe,Lab x generation FE,sigma_star,0.7370283018867925,400,0.0,0.7373429191574447,0.7379310847158271,0.0003146172706521741,0.00019631766983275144,0.0009027828290347206,0.003926353396655029,0.003934043008779714,0.002491571096163936
predet_me,(d) + measurement error in D (sd 0.15),E5_labgen_fe,Lab x generation FE,lnMstar,2.8979598554678856,400,0.0,2.5720498662176157,2.581820618055675,-0.32590998925026937,0.019237670492315305,-0.3161392374122105,0.38475340984630607,0.5038674622512347,0.3388680924631353
predet_me,(d) + measurement error in D (sd 0.15),E5_labgen_fe,Lab x generation FE,sd_omega,0.25,400,0.0,0.24826886792041625,0.24791210722373092,-0.0017311320795837853,0.0009217463838081333,-0.0020878927762690846,0.018434927676162664,0.018493073306139488,0.013763252875526141
predet_me,(d) + measurement error in D (sd 0.15),E5_labgen_fe,Lab x generation FE,tfp_growth,0.15,400,0.0,0.15112443738112927,0.15095181670955493,0.0011244373811292805,0.00045081188028946824,0.0009518167095549507,0.009016237605789365,0.009074892210749454,0.005759820422679016
predet_me,(d) + measurement error in D (sd 0.15),E6_acf,ACF/Wooldridge GMM (c predetermined),alpha,0.3478,400,0.0,0.36766666911174256,0.35232012692694814,0.019866669111742556,0.0035916513923178834,0.0045201269269481426,0.07183302784635767,0.07444305522644219,0.04682395658828725
predet_me,(d) + measurement error in D (sd 0.15),E6_acf,ACF/Wooldridge GMM (c predetermined),beta,0.3658,400,0.0,0.38021196968727694,0.34968542583648843,0.014411969687276916,0.006406111842115455,-0.016114574163511558,0.1281222368423091,0.12877101449786768,0.08681791298716615
predet_me,(d) + measurement error in D (sd 0.15),E6_acf,ACF/Wooldridge GMM (c predetermined),a,0.5126121076233184,400,0.0,0.4996445848874548,0.5001142134155747,-0.01296752273586368,0.005999515687523256,-0.012497894207743665,0.11999031375046511,0.12053977705038017,0.0935591848759652
predet_me,(d) + measurement error in D (sd 0.15),E6_acf,ACF/Wooldridge GMM (c predetermined),gamma,0.17828649103139016,400,0.0,0.17549813745378892,0.1764129751699385,-0.002788353577601267,0.000657500623529108,-0.0018735158614516523,0.013150012470582161,0.013426296458079828,0.009373971307791731
predet_me,(d) + measurement error in D (sd 0.15),E6_acf,ACF/Wooldridge GMM (c predetermined),sigma_star,0.7370283018867925,400,0.0,0.7283812592345669,0.7354982565851784,-0.008647042652225564,0.0009777565953878334,-0.0015300453016141025,0.01955513190775667,0.021359272520367976,0.0077642161893622386
predet_me,(d) + measurement error in D (sd 0.15),E6_acf,ACF/Wooldridge GMM (c predetermined),lnMstar,2.8979598554678856,400,0.0,2.722524878105155,2.657070569083183,-0.1754349773627308,0.07198306973038407,-0.24088928638470275,1.4396613946076815,1.4485236622431084,1.100166358197591
predet_me,(d) + measurement error in D (sd 0.15),E6_acf,ACF/Wooldridge GMM (c predetermined),sd_omega,0.25,400,0.0,0.24878944391085156,0.24900465597198618,-0.0012105560891484375,0.0009249365189712879,-0.0009953440280138365,0.01849873037942576,0.018515208995081238,0.013245629027408626
predet_me,(d) + measurement error in D (sd 0.15),E6_acf,ACF/Wooldridge GMM (c predetermined),tfp_growth,0.15,400,0.0,0.15236301165558797,0.15233306685078302,0.0023630116555879745,0.00047614520602922144,0.002333066850783036,0.009522904120584428,0.00980014350492195,0.006629051613095252
predet_me,(d) + measurement error in D (sd 0.15),E6b_acf_lagonly,ACF GMM (lagged instruments only),alpha,0.3478,400,0.0,0.36650209095993236,0.3486653401209476,0.018702090959932336,0.003623487813695954,0.0008653401209475775,0.07246975627391908,0.07475629817439339,0.04717246512797532
predet_me,(d) + measurement error in D (sd 0.15),E6b_acf_lagonly,ACF GMM (lagged instruments only),beta,0.3658,400,0.0,0.38460456818048366,0.35271295829721283,0.018804568180483622,0.006842407988242235,-0.013087041702787211,0.13684815976484468,0.13796453192179992,0.09257705987641279
predet_me,(d) + measurement error in D (sd 0.15),E6b_acf_lagonly,ACF GMM (lagged instruments only),a,0.5126121076233184,400,0.0,0.5019954401048843,0.5039260480979812,-0.010616667518434104,0.006157484381966514,-0.008686059525337242,0.12314968763933029,0.12345300555655755,0.09941811423624114
predet_me,(d) + measurement error in D (sd 0.15),E6b_acf_lagonly,ACF GMM (lagged instruments only),gamma,0.17828649103139016,400,0.0,0.17547992106705387,0.17499714895689816,-0.002806569964336298,0.0006528739037069545,-0.0032893420744920104,0.01305747807413909,0.013339727294333876,0.009859011706552054
predet_me,(d) + measurement error in D (sd 0.15),E6b_acf_lagonly,ACF GMM (lagged instruments only),sigma_star,0.7370283018867925,400,0.0,0.727643138963461,0.7358306246455577,-0.009385162923331379,0.001069602586105396,-0.001197677241234707,0.02139205172210792,0.023335747476492183,0.007839824781063542
predet_me,(d) + measurement error in D (sd 0.15),E6b_acf_lagonly,ACF GMM (lagged instruments only),lnMstar,2.8979598554678856,400,0.0,2.692785715192154,2.6470331455217515,-0.2051741402757314,0.07432832506003194,-0.2509267099461343,1.4865665012006388,1.4988167634582834,1.1092994658559223
predet_me,(d) + measurement error in D (sd 0.15),E6b_acf_lagonly,ACF GMM (lagged instruments only),sd_omega,0.25,400,0.0,0.249103840866482,0.24857017440134072,-0.0008961591335180177,0.0009338426272315033,-0.0014298255986592984,0.018676852544630067,0.018675006294885357,0.013224449420253331
predet_me,(d) + measurement error in D (sd 0.15),E6b_acf_lagonly,ACF GMM (lagged instruments only),tfp_growth,0.15,400,0.0,0.15280263283232576,0.15246778826011703,0.0028026328323257554,0.0004663968813643893,0.0024677882601170376,0.009327937627287786,0.009728702129290173,0.006386620118442446
predet_me,(d) + measurement error in D (sd 0.15),E7_iv_path,IV (compute price) + expansion path,alpha,0.3478,400,0.0,0.3419722489558531,0.3486991707082402,-0.005827751044146941,0.0049801333721438855,0.0008991707082401657,0.09960266744287771,0.09964864432376742,0.06131649044781459
predet_me,(d) + measurement error in D (sd 0.15),E7_iv_path,IV (compute price) + expansion path,beta,0.3658,400,0.0,0.3577822694023131,0.36603043944497343,-0.008017730597686817,0.005196132068696903,0.00023043944497341817,0.10392264137393807,0.10410187128768575,0.0626896329197058
predet_me,(d) + measurement error in D (sd 0.15),E7_iv_path,IV (compute price) + expansion path,a,0.5126121076233184,400,0.0,0.5113476450967365,0.5111517777921024,-0.001264462526582046,0.00020045613329406934,-0.0014603298312159674,0.004009122665881387,0.004199017429094445,0.002896755446177346
predet_me,(d) + measurement error in D (sd 0.15),E7_iv_path,IV (compute price) + expansion path,gamma,0.17828649103139016,400,0.0,0.17483796018203854,0.1784491252132298,-0.003448530849351626,0.0025416921870966835,0.00016263418183966316,0.05083384374193367,0.05088724629437429,0.03164056296252281
predet_me,(d) + measurement error in D (sd 0.15),E7_iv_path,IV (compute price) + expansion path,sigma_star,0.7370283018867925,400,0.0,0.7453591318736101,0.7368485111465815,0.008330829986817764,0.003064021292496068,-0.0001797907402110721,0.061280425849921355,0.06176815598782355,0.03344741671122614
predet_me,(d) + measurement error in D (sd 0.15),E7_iv_path,IV (compute price) + expansion path,lnMstar,2.8979598554678856,400,0.0,4.1892031161282555,4.19181372847401,1.2912432606603699,0.00279534308418808,1.2938538730061242,0.055906861683761605,1.292449968641414,1.2938538730061242
predet_me,(d) + measurement error in D (sd 0.15),E7_iv_path,IV (compute price) + expansion path,sd_omega,0.25,400,0.0,0.25957543216847784,0.25458753101570286,0.009575432168477827,0.001714498121796667,0.004587531015702834,0.03428996243593334,0.035560524760768014,0.017005742668800256
predet_me,(d) + measurement error in D (sd 0.15),E7_iv_path,IV (compute price) + expansion path,tfp_growth,0.15,400,0.0,0.15387517051510105,0.1492698343111566,0.0038751705151010537,0.002773802164605761,-0.00073016568884339,0.055476043292115224,0.05554200525207367,0.03602411588952117
predet_me,(d) + measurement error in D (sd 0.15),E8_heckman,Heckman selection correction,alpha,0.3478,400,0.0,0.3843130582289575,0.38543608128524653,0.03651305822895743,0.001453127812300947,0.03763608128524651,0.02906255624601894,0.04664465688956634,0.03838162139158452
predet_me,(d) + measurement error in D (sd 0.15),E8_heckman,Heckman selection correction,beta,0.3658,400,0.0,0.40294876806487673,0.39945207963674717,0.03714876806487673,0.0027324079931320593,0.033652079636747156,0.05464815986264119,0.06602261954565163,0.03912702865632406
predet_me,(d) + measurement error in D (sd 0.15),E8_heckman,Heckman selection correction,a,0.5126121076233184,400,0.0,0.5101840763196966,0.5073852294384094,-0.0024280313036217772,0.0024487360156601303,-0.005226878184909134,0.04897472031320261,0.048973689443347,0.029922613325108316
predet_me,(d) + measurement error in D (sd 0.15),E8_heckman,Heckman selection correction,gamma,0.17828649103139016,400,0.0,0.1947879713741846,0.19544692614610792,0.016501480342794472,0.00041180208720769263,0.017160435114717765,0.008236041744153853,0.018438049141816727,0.017160435114717765
predet_me,(d) + measurement error in D (sd 0.15),E8_heckman,Heckman selection correction,sigma_star,0.7370283018867925,400,0.0,0.7176759415635834,0.7180793039485638,-0.019352360323209004,0.00047423592445222814,-0.018948997938228684,0.009484718489044563,0.021546434396059525,0.018948997938228684
predet_me,(d) + measurement error in D (sd 0.15),E8_heckman,Heckman selection correction,lnMstar,2.8979598554678856,400,0.0,2.8570880181776306,2.8979487880383914,-0.04087183729025497,0.03697867783020052,-1.1067429494193703e-05,0.7395735566040105,0.7397784331117775,0.464828942374498
predet_me,(d) + measurement error in D (sd 0.15),E8_heckman,Heckman selection correction,sd_omega,0.25,400,0.0,0.2418640618368258,0.24161761873483673,-0.008135938163174249,0.0008596307702529208,-0.00838238126516326,0.017192615405058415,0.019001067054249386,0.013635201594483407
predet_me,(d) + measurement error in D (sd 0.15),E8_heckman,Heckman selection correction,tfp_growth,0.15,400,0.0,0.13206926961314447,0.13203270093492153,-0.01793073038685554,0.0005687644385476829,-0.017967299065078476,0.011375288770953658,0.021226982683418116,0.017967299065078476
predet_me,(d) + measurement error in D (sd 0.15),E9_foc_system,FOC system (T ignored),alpha,0.3478,400,0.0,0.34357245404069603,0.343541776165794,-0.004227545959303944,0.00016282095663192395,-0.0042582238342059875,0.003256419132638479,0.00533384474291505,0.0042582238342059875
predet_me,(d) + measurement error in D (sd 0.15),E9_foc_system,FOC system (T ignored),beta,0.3658,400,0.0,0.35629928579899633,0.356333367047451,-0.009500714201003695,0.0002250041516895089,-0.009466632952549042,0.004500083033790178,0.010510170825057126,0.009466632952549042
predet_me,(d) + measurement error in D (sd 0.15),E9_foc_system,FOC system (T ignored),a,0.5126121076233184,400,0.0,0.5090830767554622,0.5091946587174778,-0.00352903086785625,0.0001841553282544591,-0.00341744890584067,0.003683106565089182,0.005097589592264246,0.0036838433436190976
predet_me,(d) + measurement error in D (sd 0.15),E9_foc_system,FOC system (T ignored),gamma,0.17828649103139016,400,0.0,0.17490060389449127,0.17480777460715066,-0.003385887136898928,7.300952794850816e-05,-0.0034787164242394975,0.0014601905589701632,0.003686605183790631,0.0034787164242394975
predet_me,(d) + measurement error in D (sd 0.15),E9_foc_system,FOC system (T ignored),sigma_star,0.7370283018867925,400,0.0,0.7407794549759842,0.74085770772499,0.0037511530891918697,8.088830610914528e-05,0.0038294058381976304,0.0016177661221829056,0.004084332724763154,0.0038294058381976304
predet_me,(d) + measurement error in D (sd 0.15),E9_foc_system,FOC system (T ignored),lnMstar,2.8979598554678856,400,0.0,4.154097585584349,4.1546372766872555,1.256137730116464,0.002661728954141493,1.2566774212193703,0.053234579082829865,1.2572624358626339,1.2566774212193703
predet_me,(d) + measurement error in D (sd 0.15),E9_foc_system,FOC system (T ignored),sd_omega,0.25,400,0.0,0.24999891353870113,0.24947571746624253,-1.086461298873409e-06,0.000920781502553357,-0.0005242825337574697,0.01841563005106714,0.018392596140369116,0.013312980988928635
predet_me,(d) + measurement error in D (sd 0.15),E9_foc_system,FOC system (T ignored),tfp_growth,0.15,400,0.0,0.1539382583621835,0.15377390122669693,0.003938258362183497,0.0004519495790611014,0.003773901226696935,0.009038991581222029,0.009849314154330617,0.00652540116115892
predet_me,(d) + measurement error in D (sd 0.15),E10_foc_system_T,FOC system (T proxied),alpha,0.3478,400,0.0,0.34699140561701847,0.3469852280040799,-0.0008085943829815134,0.00014166951770159394,-0.0008147719959201161,0.0028333903540318788,0.0029431030430931812,0.0018956340206842115
predet_me,(d) + measurement error in D (sd 0.15),E10_foc_system_T,FOC system (T proxied),beta,0.3658,400,0.0,0.35916334683558376,0.35922515217007345,-0.006636653164416238,0.00022114884746602233,-0.006574847829926567,0.004422976949320446,0.007972388820563165,0.006574847829926567
predet_me,(d) + measurement error in D (sd 0.15),E10_foc_system_T,FOC system (T proxied),a,0.5126121076233184,400,0.0,0.5086074523113527,0.5086892111528805,-0.004004655311965658,0.00017519349564780074,-0.003922896470437975,0.0035038699129560148,0.005318239913134406,0.00407969977228495
predet_me,(d) + measurement error in D (sd 0.15),E10_foc_system_T,FOC system (T proxied),gamma,0.17828649103139016,400,0.0,0.17647758187986035,0.17646607693684535,-0.001808909151529802,6.787357055895243e-05,-0.0018204140945448088,0.0013574714111790486,0.002260591544060157,0.0018226687891283455
predet_me,(d) + measurement error in D (sd 0.15),E10_foc_system_T,FOC system (T proxied),sigma_star,0.7370283018867925,400,0.0,0.7390590810443513,0.7390791894730404,0.002030779157558943,7.511874923665873e-05,0.0020508875862479403,0.0015023749847331745,0.0025249854960060535,0.0020550232216680064
predet_me,(d) + measurement error in D (sd 0.15),E10_foc_system_T,FOC system (T proxied),lnMstar,2.8979598554678856,400,0.0,2.889192825225955,2.8917874669267514,-0.008767030241930979,0.002305180670813212,-0.006172388541134,0.04610361341626424,0.046873128030612395,0.03220671892609639
predet_me,(d) + measurement error in D (sd 0.15),E10_foc_system_T,FOC system (T proxied),sd_omega,0.25,400,0.0,0.2485517025942792,0.24828822142316165,-0.0014482974057207858,0.0009229351376339107,-0.001711778576838352,0.018458702752678215,0.018492416375878753,0.013852349710196776
predet_me,(d) + measurement error in D (sd 0.15),E10_foc_system_T,FOC system (T proxied),tfp_growth,0.15,400,0.0,0.15193166143426196,0.1517063624419065,0.0019316614342619616,0.00044920202807598685,0.0017063624419065004,0.008984040561519737,0.0091783723091635,0.005961667685268873
predet_psiD,(d) + data-augmenting lab heterogeneity,E1_pooled_huber,"Pooled Huber-LSE (ML practice, E free)",alpha,0.3478,400,0.0,0.42151876007686645,0.4222871765844382,0.07371876007686645,0.003421904430786675,0.07448717658443821,0.0684380886157335,0.10053117989316623,0.07649750673773043
predet_psiD,(d) + data-augmenting lab heterogeneity,E1_pooled_huber,"Pooled Huber-LSE (ML practice, E free)",beta,0.3658,400,0.0,0.4203028271298649,0.4210601492342311,0.05450282712986487,0.007167339627209302,0.05526014923423109,0.14334679254418603,0.15319102565268655,0.09678711064219378
predet_psiD,(d) + data-augmenting lab heterogeneity,E1_pooled_huber,"Pooled Huber-LSE (ML practice, E free)",a,0.5126121076233184,400,0.0,0.4885953953598726,0.4932535193756604,-0.024016712263445882,0.005856717074939179,-0.019358588247657987,0.11713434149878357,0.11942761527972882,0.07771965795032143
predet_psiD,(d) + data-augmenting lab heterogeneity,E1_pooled_huber,"Pooled Huber-LSE (ML practice, E free)",gamma,0.17828649103139016,400,0.0,0.19905034708249913,0.20378820601931916,0.02076385605110901,0.0014600160682355532,0.025501714987928997,0.029200321364711065,0.03580034691164419,0.02876262152413442
predet_psiD,(d) + data-augmenting lab heterogeneity,E1_pooled_huber,"Pooled Huber-LSE (ML practice, E free)",sigma_star,0.7370283018867925,400,0.0,0.704721895211207,0.7052758371304504,-0.0323064066755854,0.0012790419913629285,-0.031752464756342025,0.025580839827258568,0.04118795127389195,0.031752464756342025
predet_psiD,(d) + data-augmenting lab heterogeneity,E1_pooled_huber,"Pooled Huber-LSE (ML practice, E free)",lnMstar,2.8979598554678856,400,0.0,3.0535331631030136,3.0807389333884028,0.15557330763512822,0.07344427003410073,0.18277907792051717,1.4688854006820147,1.47527397915928,1.008749307064968
predet_psiD,(d) + data-augmenting lab heterogeneity,E1_pooled_huber,"Pooled Huber-LSE (ML practice, E free)",sd_omega,0.25,400,0.0,0.20355692495963085,0.20434522108952188,-0.04644307504036917,0.0012070772859953773,-0.04565477891047812,0.024141545719907547,0.05232892520755019,0.04565477891047812
predet_psiD,(d) + data-augmenting lab heterogeneity,E1_pooled_huber,"Pooled Huber-LSE (ML practice, E free)",tfp_growth,0.15,400,0.0,0.06200256375052272,0.061737292190357604,-0.08799743624947728,0.00045841906268510424,-0.08826270780964239,0.009168381253702085,0.08847258249456168,0.08826270780964239
predet_psiD,(d) + data-augmenting lab heterogeneity,E1b_pooled_huber_Etrue,"Pooled Huber-LSE, E fixed at truth (decomposition of E1)",alpha,0.3478,400,0.0,0.46038341529106935,0.45911748699652943,0.1125834152910694,0.001451579234790245,0.11131748699652941,0.0290315846958049,0.11625726311192869,0.11131748699652941
predet_psiD,(d) + data-augmenting lab heterogeneity,E1b_pooled_huber_Etrue,"Pooled Huber-LSE, E fixed at truth (decomposition of E1)",beta,0.3658,400,0.0,0.48132749834331695,0.4770471915126705,0.11552749834331694,0.0027240136504692353,0.11124719151267046,0.054480273009384704,0.12769997169253502,0.11124719151267046
predet_psiD,(d) + data-augmenting lab heterogeneity,E1b_pooled_huber_Etrue,"Pooled Huber-LSE, E fixed at truth (decomposition of E1)",a,0.5126121076233184,400,0.0,0.5100243724159862,0.5095647605576535,-0.002587735207332278,0.0019642812895373984,-0.003047347065664896,0.03928562579074797,0.039321728933116896,0.024105322112654926
predet_psiD,(d) + data-augmenting lab heterogeneity,E1b_pooled_huber_Etrue,"Pooled Huber-LSE, E fixed at truth (decomposition of E1)",gamma,0.17828649103139016,400,0.0,0.23381510817402656,0.2339047152454994,0.05552861714263639,0.0004365853128217487,0.05561822421410925,0.008731706256434974,0.05620924665201257,0.05561822421410925
predet_psiD,(d) + data-augmenting lab heterogeneity,E1b_pooled_huber_Etrue,"Pooled Huber-LSE, E fixed at truth (decomposition of E1)",sigma_star,0.7370283018867925,400,0.0,0.6800037755783754,0.6807248430024264,-0.05702452630841716,0.00046140921467008507,-0.05630345888436605,0.009228184293401701,0.05776454870929888,0.05630345888436605
predet_psiD,(d) + data-augmenting lab heterogeneity,E1b_pooled_huber_Etrue,"Pooled Huber-LSE, E fixed at truth (decomposition of E1)",lnMstar,2.8979598554678856,400,0.0,2.9417158294177774,2.996620081703696,0.04375597394989129,0.03995652881044246,0.09866022623581028,0.7991305762088492,0.7993295558739281,0.5246456453452566
predet_psiD,(d) + data-augmenting lab heterogeneity,E1b_pooled_huber_Etrue,"Pooled Huber-LSE, E fixed at truth (decomposition of E1)",sd_omega,0.25,400,0.0,0.24540483391396686,0.24426268372724352,-0.004595166086033125,0.0009138890401636556,-0.00573731627275649,0.01827778080327311,0.018824389213809748,0.013027661141681968
predet_psiD,(d) + data-augmenting lab heterogeneity,E1b_pooled_huber_Etrue,"Pooled Huber-LSE, E fixed at truth (decomposition of E1)",tfp_growth,0.15,400,0.0,0.08813993729545185,0.08785021576904917,-0.06186006270454815,0.00045298605052356705,-0.06214978423095083,0.00905972101047134,0.06251832296404179,0.06214978423095083
predet_psiD,(d) + data-augmenting lab heterogeneity,E2_pooled_nls,Pooled NLS + generation effects,alpha,0.3478,400,0.0,0.3841509824007926,0.38169314641208796,0.03635098240079264,0.0013885470956689035,0.03389314641208793,0.02777094191337807,0.04572407542227688,0.03396272646953402
predet_psiD,(d) + data-augmenting lab heterogeneity,E2_pooled_nls,Pooled NLS + generation effects,beta,0.3658,400,0.0,0.4055989810804314,0.4017585738557523,0.03979898108043149,0.0028892967353001736,0.03595857385575227,0.057785934706003475,0.0701058136623663,0.04244775880059978
predet_psiD,(d) + data-augmenting lab heterogeneity,E2_pooled_nls,Pooled NLS + generation effects,a,0.5126121076233184,400,0.0,0.5116454859038814,0.513043091827294,-0.0009666217194369852,0.0024682675540019273,0.0004309842039755818,0.04936535108003855,0.04931308041570524,0.029776246550406532
predet_psiD,(d) + data-augmenting lab heterogeneity,E2_pooled_nls,Pooled NLS + generation effects,gamma,0.17828649103139016,400,0.0,0.19534328440615936,0.19556180184311459,0.017056793374769195,0.00047164362812573794,0.017275310811724426,0.009432872562514759,0.01948565722007504,0.017344705603234006
predet_psiD,(d) + data-augmenting lab heterogeneity,E2_pooled_nls,Pooled NLS + generation effects,sigma_star,0.7370283018867925,400,0.0,0.7170712400977284,0.7179249933754055,-0.0199570617890641,0.0005349403534264945,-0.019103308511386974,0.01069880706852989,0.02263763739351842,0.019103308511386974
predet_psiD,(d) + data-augmenting lab heterogeneity,E2_pooled_nls,Pooled NLS + generation effects,lnMstar,2.8979598554678856,400,0.0,2.3609956777802803,2.4482774972591073,-0.5369641776876054,0.04947488352219445,-0.44968235820877833,0.989497670443889,1.1247170327838354,0.7197837956657773
predet_psiD,(d) + data-augmenting lab heterogeneity,E2_pooled_nls,Pooled NLS + generation effects,sd_omega,0.25,400,0.0,0.2460160515498326,0.24445672158321266,-0.003983948450167384,0.0009498724546545484,-0.0055432784167873395,0.01899744909309097,0.019387435612222226,0.01292903478500157
predet_psiD,(d) + data-augmenting lab heterogeneity,E2_pooled_nls,Pooled NLS + generation effects,tfp_growth,0.15,400,0.0,0.13122544148962687,0.13145438111883867,-0.01877455851037314,0.0005544632479177166,-0.01854561888116131,0.011089264958354331,0.021797899327291106,0.01854561888116131
predet_psiD,(d) + data-augmenting lab heterogeneity,E3_lab_fe,Lab FE NLS,alpha,0.3478,400,0.0,0.3579201641216758,0.35394171338409297,0.01012016412167583,0.0017233429231542324,0.006141713384092945,0.03446685846308465,0.035880525962326396,0.024783908159823786
predet_psiD,(d) + data-augmenting lab heterogeneity,E3_lab_fe,Lab FE NLS,beta,0.3658,400,0.0,0.3802859885926179,0.37467533232419914,0.014485988592617871,0.0029744104433160495,0.008875332324199126,0.05948820886632099,0.061154261847750066,0.03891664766804481
predet_psiD,(d) + data-augmenting lab heterogeneity,E3_lab_fe,Lab FE NLS,a,0.5126121076233184,400,0.0,0.5130930788403358,0.5144927578098203,0.00048097121701739685,0.003056428499874516,0.0018806501865018532,0.06112856999749032,0.061054005995305735,0.04450641526770968
predet_psiD,(d) + data-augmenting lab heterogeneity,E3_lab_fe,Lab FE NLS,gamma,0.17828649103139016,400,0.0,0.1815864672547121,0.18174182931923055,0.0032999762233218988,0.00028319580857488064,0.0034553382878403927,0.005663916171497613,0.006549014399606071,0.004675288562520377
predet_psiD,(d) + data-augmenting lab heterogeneity,E3_lab_fe,Lab FE NLS,sigma_star,0.7370283018867925,400,0.0,0.7304902333476955,0.7325056046050736,-0.006538068539097156,0.0003922834614981755,-0.004522697281718835,0.00784566922996351,0.010205242749379517,0.004734624583327018
predet_psiD,(d) + data-augmenting lab heterogeneity,E3_lab_fe,Lab FE NLS,lnMstar,2.8979598554678856,400,0.0,2.940838939099636,2.9338207112634445,0.04287908363175024,0.040660723301555055,0.03586085579555909,0.8132144660311011,0.8133284017885655,0.5985873640046548
predet_psiD,(d) + data-augmenting lab heterogeneity,E3_lab_fe,Lab FE NLS,sd_omega,0.25,400,0.0,0.2518565052771209,0.2515423934346258,0.0018565052771208968,0.0010088420213702092,0.0015423934346257828,0.020176840427404183,0.020236939967614356,0.012984271190061208
predet_psiD,(d) + data-augmenting lab heterogeneity,E3_lab_fe,Lab FE NLS,tfp_growth,0.15,400,0.0,0.14678435691004052,0.1471639839654486,-0.0032156430899594767,0.0004907934935277607,-0.0028360160345513863,0.009815869870555213,0.010317498899655312,0.006732843607979752
predet_psiD,(d) + data-augmenting lab heterogeneity,E4_mundlak,Mundlak (CRE),alpha,0.3478,400,0.0,0.3625900018927773,0.36239186632234677,0.014790001892777318,0.0014279184943574144,0.014591866322346797,0.02855836988714829,0.03212920315496491,0.019976279992188678
predet_psiD,(d) + data-augmenting lab heterogeneity,E4_mundlak,Mundlak (CRE),beta,0.3658,400,0.0,0.37815152819175374,0.3739602822963622,0.012351528191753726,0.0023752254932307604,0.008160282296362176,0.047504509864615206,0.04902649294009635,0.02705679312041448
predet_psiD,(d) + data-augmenting lab heterogeneity,E4_mundlak,Mundlak (CRE),a,0.5126121076233184,400,0.0,0.5092474205542872,0.507370449833636,-0.0033646870690312524,0.002462017323576562,-0.005241657789682497,0.04924034647153124,0.049293724858315936,0.029582015496026376
predet_psiD,(d) + data-augmenting lab heterogeneity,E4_mundlak,Mundlak (CRE),gamma,0.17828649103139016,400,0.0,0.18328283285816213,0.18343054219752725,0.0049963418267719726,0.00024998345042563864,0.005144051166137101,0.004999669008512773,0.007063825459278243,0.005504041780147906
predet_psiD,(d) + data-augmenting lab heterogeneity,E4_mundlak,Mundlak (CRE),sigma_star,0.7370283018867925,400,0.0,0.7297847756949758,0.730789057078689,-0.007243526191816595,0.00031640208083750257,-0.00623924480810345,0.006328041616750052,0.009613150998402934,0.00623924480810345
predet_psiD,(d) + data-augmenting lab heterogeneity,E4_mundlak,Mundlak (CRE),lnMstar,2.8979598554678856,400,0.0,3.0088269855023033,3.033712953430693,0.11086713003441721,0.03485558093432738,0.13575309796280766,0.6971116186865477,0.7050115019682853,0.4936991267572943
predet_psiD,(d) + data-augmenting lab heterogeneity,E4_mundlak,Mundlak (CRE),sd_omega,0.25,400,0.0,0.2510449419037627,0.25102998800000476,0.0010449419037626923,0.0010003196822047087,0.0010299880000047834,0.020006393644094175,0.020008674387827014,0.01312559762742739
predet_psiD,(d) + data-augmenting lab heterogeneity,E4_mundlak,Mundlak (CRE),tfp_growth,0.15,400,0.0,0.144513630448795,0.1445805934246419,-0.005486369551205016,0.0004837881668824065,-0.005419406575358068,0.00967576333764813,0.011112452295877349,0.007449084402427891
predet_psiD,(d) + data-augmenting lab heterogeneity,E5_labgen_fe,Lab x generation FE,alpha,0.3478,400,0.0,0.3485874081190818,0.34820727887875447,0.0007874081190818079,0.0006411162525022413,0.00040727887875444124,0.012822325050044827,0.012830471588596442,0.008639445842585247
predet_psiD,(d) + data-augmenting lab heterogeneity,E5_labgen_fe,Lab x generation FE,beta,0.3658,400,0.0,0.36697471649575664,0.36536681366919077,0.0011747164957565594,0.0011225733288613867,-0.0004331863308092432,0.022451466577227734,0.022454134127930778,0.015452304473777573
predet_psiD,(d) + data-augmenting lab heterogeneity,E5_labgen_fe,Lab x generation FE,a,0.5126121076233184,400,0.0,0.5125228382954817,0.5127318408848377,-8.926932783678066e-05,0.0012047639618997228,0.00011973326151926145,0.024095279237994455,0.024065306862076925,0.016593146254571145
predet_psiD,(d) + data-augmenting lab heterogeneity,E5_labgen_fe,Lab x generation FE,gamma,0.17828649103139016,400,0.0,0.17835642100169666,0.17833918788411263,6.992997030647777e-05,0.00011488589137713555,5.2696852722466936e-05,0.002297717827542711,0.0022959091113798776,0.00160055395702062
predet_psiD,(d) + data-augmenting lab heterogeneity,E5_labgen_fe,Lab x generation FE,sigma_star,0.7370283018867925,400,0.0,0.7365077841674929,0.7368819533942987,-0.000520517719299455,0.0001487777907594441,-0.00014634849249378634,0.0029755558151888816,0.0030170741247748313,0.0019373784841968389
predet_psiD,(d) + data-augmenting lab heterogeneity,E5_labgen_fe,Lab x generation FE,lnMstar,2.8979598554678856,400,0.0,2.8721512020551647,2.873993531892739,-0.02580865341272081,0.017005499670800363,-0.023966323575146165,0.3401099934160073,0.3406636276348869,0.22926002526879463
predet_psiD,(d) + data-augmenting lab heterogeneity,E5_labgen_fe,Lab x generation FE,sd_omega,0.25,400,0.0,0.25324201306622285,0.2529138944016315,0.00324201306622288,0.0010144868108594096,0.0029138944016314505,0.02028973621718819,0.0205220579132608,0.013014772428453406
predet_psiD,(d) + data-augmenting lab heterogeneity,E5_labgen_fe,Lab x generation FE,tfp_growth,0.15,400,0.0,0.15014387113853064,0.15048364545854365,0.00014387113853065717,0.0004742722655371186,0.00048364545854365226,0.009485445310742371,0.009474673475414804,0.006296111498291526
predet_psiD,(d) + data-augmenting lab heterogeneity,E6_acf,ACF/Wooldridge GMM (c predetermined),alpha,0.3478,400,0.0,0.36451262365819725,0.3426805539701285,0.01671262365819724,0.003915135650137456,-0.005119446029871522,0.07830271300274912,0.07997060938852756,0.05350661447563959
predet_psiD,(d) + data-augmenting lab heterogeneity,E6_acf,ACF/Wooldridge GMM (c predetermined),beta,0.3658,400,0.0,0.39423504635938644,0.37229954678918864,0.02843504635938645,0.006515925804686041,0.006499546789188626,0.13031851609372083,0.1332254112744174,0.090063910550918
predet_psiD,(d) + data-augmenting lab heterogeneity,E6_acf,ACF/Wooldridge GMM (c predetermined),a,0.5126121076233184,400,0.0,0.5115170613638517,0.5202975095482765,-0.001095046259466732,0.006162265149821166,0.00768540192495798,0.12324530299642332,0.12309602075296287,0.10303956908150189
predet_psiD,(d) + data-augmenting lab heterogeneity,E6_acf,ACF/Wooldridge GMM (c predetermined),gamma,0.17828649103139016,400,0.0,0.17721234881282263,0.17759451498171336,-0.0010741422185675347,0.000516498650957202,-0.0006919760496767874,0.01032997301914404,0.010372817998283419,0.007040514509911014
predet_psiD,(d) + data-augmenting lab heterogeneity,E6_acf,ACF/Wooldridge GMM (c predetermined),sigma_star,0.7370283018867925,400,0.0,0.7254733905554002,0.7320258506616862,-0.011554911331392147,0.0009379299513291876,-0.00500245122510623,0.018758599026583753,0.022011844555213524,0.006772326302365905
predet_psiD,(d) + data-augmenting lab heterogeneity,E6_acf,ACF/Wooldridge GMM (c predetermined),lnMstar,2.8979598554678856,400,0.0,3.00153347494363,2.952991429478187,0.10357361947574421,0.07626118633333205,0.055031574010301565,1.525223726666641,1.5268330434259063,1.216233469061064
predet_psiD,(d) + data-augmenting lab heterogeneity,E6_acf,ACF/Wooldridge GMM (c predetermined),sd_omega,0.25,400,0.0,0.2541426944830366,0.25396643516379847,0.00414269448303663,0.0010285775653984064,0.003966435163798465,0.020571551307968127,0.020959309840452914,0.013804683782251317
predet_psiD,(d) + data-augmenting lab heterogeneity,E6_acf,ACF/Wooldridge GMM (c predetermined),tfp_growth,0.15,400,0.0,0.15186914800917528,0.15184530388552875,0.0018691480091752788,0.0005049924679587929,0.0018453038855287401,0.010099849359175858,0.010258930449396457,0.007665442934463099
predet_psiD,(d) + data-augmenting lab heterogeneity,E6b_acf_lagonly,ACF GMM (lagged instruments only),alpha,0.3478,400,0.0,0.3663156111085219,0.3445656198647394,0.018515611108521967,0.004000185937373088,-0.003234380135260617,0.08000371874746176,0.08202085942375528,0.05270439463911236
predet_psiD,(d) + data-augmenting lab heterogeneity,E6b_acf_lagonly,ACF GMM (lagged instruments only),beta,0.3658,400,0.0,0.3916581730227744,0.3679439100194204,0.0258581730227744,0.006572939696639866,0.002143910019420381,0.13145879393279733,0.13381650151638905,0.08868132350838745
predet_psiD,(d) + data-augmenting lab heterogeneity,E6b_acf_lagonly,ACF GMM (lagged instruments only),a,0.5126121076233184,400,0.0,0.5086008596061258,0.5163314852791439,-0.004011248017192707,0.006213946977413518,0.003719377655825362,0.12427893954827036,0.12418829167381266,0.1039457852134601
predet_psiD,(d) + data-augmenting lab heterogeneity,E6b_acf_lagonly,ACF GMM (lagged instruments only),gamma,0.17828649103139016,400,0.0,0.17682917430252082,0.17709198667739065,-0.001457316728869349,0.0005124552696914174,-0.0011945043539995093,0.010249105393828348,0.01033950303537889,0.007595374168918423
predet_psiD,(d) + data-augmenting lab heterogeneity,E6b_acf_lagonly,ACF GMM (lagged instruments only),sigma_star,0.7370283018867925,400,0.0,0.7256981531158456,0.7332025705749605,-0.011330148770946824,0.0009583430931063411,-0.0038257313118320035,0.01916686186212682,0.02224460481396635,0.0063591951865484275
predet_psiD,(d) + data-augmenting lab heterogeneity,E6b_acf_lagonly,ACF GMM (lagged instruments only),lnMstar,2.8979598554678856,400,0.0,3.0362295409152273,3.022970613110491,0.13826968544734192,0.07739623249877624,0.12501075764260539,1.5479246499755248,1.5521594799216198,1.236119235841771
predet_psiD,(d) + data-augmenting lab heterogeneity,E6b_acf_lagonly,ACF GMM (lagged instruments only),sd_omega,0.25,400,0.0,0.2543855488086224,0.2543385564204196,0.0043855488086224055,0.0010240767264091187,0.004338556420419609,0.020481534528182375,0.020920744772602227,0.01383801272528859
predet_psiD,(d) + data-augmenting lab heterogeneity,E6b_acf_lagonly,ACF GMM (lagged instruments only),tfp_growth,0.15,400,0.0,0.15213927629962143,0.15228155885069894,0.002139276299621419,0.0004968214832160407,0.002281558850698931,0.009936429664320814,0.010151960696039538,0.006427024670089362
predet_psiD,(d) + data-augmenting lab heterogeneity,E7_iv_path,IV (compute price) + expansion path,alpha,0.3478,400,0.0,0.337115311317033,0.3399345964604452,-0.010684688682967059,0.005186027971713305,-0.007865403539554783,0.1037205594342661,0.1041403962710228,0.05708683704480594
predet_psiD,(d) + data-augmenting lab heterogeneity,E7_iv_path,IV (compute price) + expansion path,beta,0.3658,400,0.0,0.35406886513635283,0.3566908072874166,-0.011731134863647154,0.0054365723034978265,-0.009109192712583425,0.10873144606995654,0.10922724280710278,0.06065626877411451
predet_psiD,(d) + data-augmenting lab heterogeneity,E7_iv_path,IV (compute price) + expansion path,a,0.5126121076233184,400,0.0,0.5123195202788,0.5125387567572175,-0.00029258734451847594,0.00021892763534321543,-7.335086610088526e-05,0.004378552706864308,0.004382853163345102,0.0029355653850879904
predet_psiD,(d) + data-augmenting lab heterogeneity,E7_iv_path,IV (compute price) + expansion path,gamma,0.17828649103139016,400,0.0,0.17267840011880267,0.17421795321389028,-0.005608090912587507,0.0026526550865722193,-0.004068537817499884,0.05305310173144438,0.0532826961405156,0.029739682369092663
predet_psiD,(d) + data-augmenting lab heterogeneity,E7_iv_path,IV (compute price) + expansion path,sigma_star,0.7370283018867925,400,0.0,0.7481570841565098,0.7415278108215454,0.011128782269717547,0.003209370352339814,0.004499508934752927,0.06418740704679628,0.06506591242839382,0.03217335274424299
predet_psiD,(d) + data-augmenting lab heterogeneity,E7_iv_path,IV (compute price) + expansion path,lnMstar,2.8979598554678856,400,0.0,4.183108042271481,4.183686028046502,1.285148186803595,0.00332188343289755,1.2857261725786162,0.066437668657951,1.2868600510357486,1.2857261725786162
predet_psiD,(d) + data-augmenting lab heterogeneity,E7_iv_path,IV (compute price) + expansion path,sd_omega,0.25,400,0.0,0.2671240846034313,0.26050585281347877,0.01712408460343126,0.0018573205560086382,0.010505852813478767,0.037146411120172765,0.04086123459914782,0.019094154971124336
predet_psiD,(d) + data-augmenting lab heterogeneity,E7_iv_path,IV (compute price) + expansion path,tfp_growth,0.15,400,0.0,0.1563155969493747,0.15437763211448824,0.006315596949374696,0.002924764572568861,0.004377632114488231,0.058495291451377225,0.05876250198045997,0.03446474414949235
predet_psiD,(d) + data-augmenting lab heterogeneity,E8_heckman,Heckman selection correction,alpha,0.3478,400,0.0,0.38415176310563454,0.3816809401458787,0.03635176310563451,0.001388543367192695,0.033880940145878696,0.027770867343853898,0.045724650914310175,0.03395241177192998
predet_psiD,(d) + data-augmenting lab heterogeneity,E8_heckman,Heckman selection correction,beta,0.3658,400,0.0,0.40559663331550133,0.40176433090446295,0.03979663331550131,0.0028891543576664534,0.03596433090446294,0.05778308715332907,0.07010213956303521,0.042454567716225466
predet_psiD,(d) + data-augmenting lab heterogeneity,E8_heckman,Heckman selection correction,a,0.5126121076233184,400,0.0,0.5116437662026199,0.5130426522289406,-0.0009683414206985691,0.002468185620626588,0.0004305446056222517,0.049363712412531756,0.04931147785248698,0.029753585425523338
predet_psiD,(d) + data-augmenting lab heterogeneity,E8_heckman,Heckman selection correction,gamma,0.17828649103139016,400,0.0,0.19534306788176392,0.19556206406921312,0.017056576850373758,0.00047162585495331055,0.01727557303782297,0.009432517099066211,0.019485296039060376,0.017342731430312147
predet_psiD,(d) + data-augmenting lab heterogeneity,E8_heckman,Heckman selection correction,sigma_star,0.7370283018867925,400,0.0,0.7170716262866784,0.7179225011225521,-0.019956675600113917,0.0005349130712989293,-0.0191058007642404,0.010698261425978585,0.022637039703833118,0.0191058007642404
predet_psiD,(d) + data-augmenting lab heterogeneity,E8_heckman,Heckman selection correction,lnMstar,2.8979598554678856,400,0.0,2.3610089421085947,2.4481982786921654,-0.536950913359291,0.04947465212790177,-0.44976157677572015,0.9894930425580355,1.124706638828525,0.7199254837560543
predet_psiD,(d) + data-augmenting lab heterogeneity,E8_heckman,Heckman selection correction,sd_omega,0.25,400,0.0,0.24601604181039483,0.24445668067945142,-0.00398395818960515,0.0009498722395152577,-0.005543319320548579,0.018997444790305153,0.019387433407901434,0.012929066838908626
predet_psiD,(d) + data-augmenting lab heterogeneity,E8_heckman,Heckman selection correction,tfp_growth,0.15,400,0.0,0.1312254096023719,0.131454343710735,-0.01877459039762812,0.0005544610310682261,-0.018545656289264995,0.011089220621364523,0.02179790429268449,0.018545656289264995
predet_psiD,(d) + data-augmenting lab heterogeneity,E9_foc_system,FOC system (T ignored),alpha,0.3478,400,0.0,0.34513258641136985,0.3451600080213045,-0.0026674135886301954,0.00017285615215842045,-0.0026399919786955217,0.003457123043168409,0.004363131414371564,0.003319298763531958
predet_psiD,(d) + data-augmenting lab heterogeneity,E9_foc_system,FOC system (T ignored),beta,0.3658,400,0.0,0.35948592070166285,0.35972674611160527,-0.006314079298337172,0.00021886906008658063,-0.00607325388839472,0.004377381201731613,0.007679919264256634,0.00607325388839472
predet_psiD,(d) + data-augmenting lab heterogeneity,E9_foc_system,FOC system (T ignored),a,0.5126121076233184,400,0.0,0.5101785007095254,0.5102871326790018,-0.0024336069137930586,0.0002053421858065436,-0.0023249749443166046,0.004106843716130872,0.004769323065835779,0.0031800122813666065
predet_psiD,(d) + data-augmenting lab heterogeneity,E9_foc_system,FOC system (T ignored),gamma,0.17828649103139016,400,0.0,0.17606967430618867,0.17609305030141295,-0.0022168167252014743,6.603799721922068e-05,-0.0021934407299772085,0.0013207599443844137,0.0025795972954603943,0.0021934407299772085
predet_psiD,(d) + data-augmenting lab heterogeneity,E9_foc_system,FOC system (T ignored),sigma_star,0.7370283018867925,400,0.0,0.7394786916712498,0.7393782433895745,0.002450389784457359,7.289984865100693e-05,0.0023499415027820048,0.0014579969730201385,0.0028504124054556613,0.0023499415027820048
predet_psiD,(d) + data-augmenting lab heterogeneity,E9_foc_system,FOC system (T ignored),lnMstar,2.8979598554678856,400,0.0,4.152115466251453,4.151322786899389,1.2541556107835676,0.003130206777906342,1.2533629314315027,0.06260413555812684,1.2557132537543796,1.2533629314315027
predet_psiD,(d) + data-augmenting lab heterogeneity,E9_foc_system,FOC system (T ignored),sd_omega,0.25,400,0.0,0.25592164165563,0.25551262683114595,0.00592164165562999,0.0010242971823522693,0.005512626831145978,0.020485943647045386,0.02130001272980457,0.013858352789118109
predet_psiD,(d) + data-augmenting lab heterogeneity,E9_foc_system,FOC system (T ignored),tfp_growth,0.15,400,0.0,0.15257077655075027,0.15279154604907777,0.00257077655075026,0.00047803161575323374,0.0027915460490777755,0.009560632315064675,0.00988868384124433,0.006702474280269044
predet_psiD,(d) + data-augmenting lab heterogeneity,E10_foc_system_T,FOC system (T proxied),alpha,0.3478,400,0.0,0.34702222811491934,0.3468599998854057,-0.000777771885080672,0.00016067666375932458,-0.0009400001145942749,0.0032135332751864914,0.003302409457604543,0.0022415370458427897
predet_psiD,(d) + data-augmenting lab heterogeneity,E10_foc_system_T,FOC system (T proxied),beta,0.3658,400,0.0,0.3623684698833515,0.3623890612104387,-0.0034315301166485857,0.0002195109677369641,-0.0034109387895613075,0.004390219354739282,0.0055678757043630955,0.003983692284771939
predet_psiD,(d) + data-augmenting lab heterogeneity,E10_foc_system_T,FOC system (T proxied),a,0.5126121076233184,400,0.0,0.5108081406616672,0.5111562671791936,-0.0018039669616511645,0.00020826005243056826,-0.0014558404441247785,0.004165201048611365,0.004534294247691009,0.003163443965737589
predet_psiD,(d) + data-augmenting lab heterogeneity,E10_foc_system_T,FOC system (T proxied),gamma,0.17828649103139016,400,0.0,0.17725240152816238,0.17730257854358858,-0.001034089503227783,6.022281921475875e-05,-0.0009839124878015804,0.001204456384295175,0.0015863257844469137,0.0010778120916610928
predet_psiD,(d) + data-augmenting lab heterogeneity,E10_foc_system_T,FOC system (T proxied),sigma_star,0.7370283018867925,400,0.0,0.7381757442766815,0.7381219454804759,0.0011474423898889788,6.659494044980314e-05,0.0010936435936834688,0.0013318988089960626,0.0017567423230017965,0.0011641388774877304
predet_psiD,(d) + data-augmenting lab heterogeneity,E10_foc_system_T,FOC system (T proxied),lnMstar,2.8979598554678856,400,0.0,2.8866908854623454,2.890551612747817,-0.011268970005540467,0.00342621991130009,-0.007408242720068792,0.0685243982260018,0.06936024693108338,0.0447428784296342
predet_psiD,(d) + data-augmenting lab heterogeneity,E10_foc_system_T,FOC system (T proxied),sd_omega,0.25,400,0.0,0.25356882407813497,0.2533714375845674,0.0035688240781349607,0.0010163218685970545,0.003371437584567427,0.02032643737194109,0.02061231795299914,0.013029000943708041
predet_psiD,(d) + data-augmenting lab heterogeneity,E10_foc_system_T,FOC system (T proxied),tfp_growth,0.15,400,0.0,0.1511384708211388,0.1514195076886206,0.0011384708211388032,0.00047386539704397785,0.0014195076886206193,0.009477307940879557,0.009533673646728608,0.006454771006155838
funding_all,(b) + selection + ME in D,E1_pooled_huber,"Pooled Huber-LSE (ML practice, E free)",alpha,0.3478,400,0.0,0.4445981723186609,0.44734665510018135,0.0967981723186609,0.004266205976132015,0.09954665510018135,0.0853241195226403,0.12896468905524563,0.10167499003385977
funding_all,(b) + selection + ME in D,E1_pooled_huber,"Pooled Huber-LSE (ML practice, E free)",beta,0.3658,400,0.0,0.45243761912384656,0.4448322759491734,0.0866376191238465,0.007426878797821901,0.07903227594917342,0.14853757595643802,0.17179735152145317,0.10717611399878163
funding_all,(b) + selection + ME in D,E1_pooled_huber,"Pooled Huber-LSE (ML practice, E free)",a,0.5126121076233184,400,0.0,0.4960208590177022,0.49881854740454046,-0.01659124860561618,0.006093722063097717,-0.01379356021877795,0.12187444126195435,0.12284752954221195,0.07637228660730777
funding_all,(b) + selection + ME in D,E1_pooled_huber,"Pooled Huber-LSE (ML practice, E free)",gamma,0.17828649103139016,400,0.0,0.21116607517870142,0.2153901669026263,0.032879584147311264,0.0015015675646851555,0.037103675871236155,0.030031351293703108,0.044504993080266966,0.03891180153465007
funding_all,(b) + selection + ME in D,E1_pooled_huber,"Pooled Huber-LSE (ML practice, E free)",sigma_star,0.7370283018867925,400,0.0,0.6911698770640173,0.6911001841763338,-0.04585842482277517,0.0011550924457875136,-0.04592811771045868,0.023101848915750272,0.051335721598064224,0.04592811771045868
funding_all,(b) + selection + ME in D,E1_pooled_huber,"Pooled Huber-LSE (ML practice, E free)",lnMstar,2.8979598554678856,400,0.0,3.3774721883668404,3.438465534878278,0.4795123328989554,0.07183629749713022,0.5405056794103924,1.4367259499426044,1.5129286430637041,0.9730430526009994
funding_all,(b) + selection + ME in D,E1_pooled_huber,"Pooled Huber-LSE (ML practice, E free)",sd_omega,0.25,400,0.0,0.19883795394876508,0.1992318770281728,-0.051162046051234936,0.0012726592317810269,-0.050768122971827215,0.02545318463562054,0.05712967620005768,0.050768122971827215
funding_all,(b) + selection + ME in D,E1_pooled_huber,"Pooled Huber-LSE (ML practice, E free)",tfp_growth,0.15,400,0.0,0.05886402576051556,0.05841661613962687,-0.09113597423948443,0.00047230415881800947,-0.09158338386037312,0.00944608317636019,0.09162298410735292,0.09158338386037312
funding_all,(b) + selection + ME in D,E1b_pooled_huber_Etrue,"Pooled Huber-LSE, E fixed at truth (decomposition of E1)",alpha,0.3478,400,0.0,0.4793640877454232,0.47569412474875084,0.13156408774542322,0.0020006506271747155,0.12789412474875084,0.04001301254349431,0.13749962819644002,0.12789412474875084
funding_all,(b) + selection + ME in D,E1b_pooled_huber_Etrue,"Pooled Huber-LSE, E fixed at truth (decomposition of E1)",beta,0.3658,400,0.0,0.498467090932308,0.4931674877667529,0.13266709093230802,0.00316428518318743,0.12736748776675286,0.0632857036637486,0.1469544984134087,0.12736748776675286
funding_all,(b) + selection + ME in D,E1b_pooled_huber_Etrue,"Pooled Huber-LSE, E fixed at truth (decomposition of E1)",a,0.5126121076233184,400,0.0,0.5085997641514709,0.5095240350001184,-0.004012343471847522,0.002410278217878194,-0.003088072623199989,0.04820556435756388,0.04831217128301865,0.02818527470073015
funding_all,(b) + selection + ME in D,E1b_pooled_huber_Etrue,"Pooled Huber-LSE, E fixed at truth (decomposition of E1)",gamma,0.17828649103139016,400,0.0,0.2420494614943381,0.24250790138541614,0.06376297046294792,0.00046515987039455573,0.06422141035402598,0.009303197407891114,0.06443639895714173,0.06422141035402598
funding_all,(b) + selection + ME in D,E1b_pooled_huber_Etrue,"Pooled Huber-LSE, E fixed at truth (decomposition of E1)",sigma_star,0.7370283018867925,400,0.0,0.6717636057568326,0.672238847318055,-0.06526469612995978,0.00047064166846789133,-0.06478945456873741,0.009412833369357826,0.06593830820847003,0.06478945456873741
funding_all,(b) + selection + ME in D,E1b_pooled_huber_Etrue,"Pooled Huber-LSE, E fixed at truth (decomposition of E1)",lnMstar,2.8979598554678856,400,0.0,3.3253680940514396,3.3769551364338026,0.4274082385835545,0.03683619414395547,0.47899528096591704,0.7367238828791094,0.8509306533522911,0.5906886298151248
funding_all,(b) + selection + ME in D,E1b_pooled_huber_Etrue,"Pooled Huber-LSE, E fixed at truth (decomposition of E1)",sd_omega,0.25,400,0.0,0.2334255988253958,0.2325304410377671,-0.01657440117460422,0.0008887415903765054,-0.0174695589622329,0.017774831807530107,0.02428714801017692,0.018670298517204267
funding_all,(b) + selection + ME in D,E1b_pooled_huber_Etrue,"Pooled Huber-LSE, E fixed at truth (decomposition of E1)",tfp_growth,0.15,400,0.0,0.0798837239529812,0.07995461242460586,-0.07011627604701881,0.00046204548532295474,-0.07004538757539414,0.009240909706459095,0.07072109369116238,0.07004538757539414
funding_all,(b) + selection + ME in D,E2_pooled_nls,Pooled NLS + generation effects,alpha,0.3478,400,0.0,0.38548011891500883,0.3830287870613421,0.03768011891500886,0.0020431045206872876,0.03522878706134208,0.04086209041374575,0.05554572457307481,0.03764368871429333
funding_all,(b) + selection + ME in D,E2_pooled_nls,Pooled NLS + generation effects,beta,0.3658,400,0.0,0.40056896860994373,0.3937956088833149,0.03476896860994371,0.003178783428743543,0.027995608883314843,0.06357566857487086,0.07239227962189214,0.04394614137813438
funding_all,(b) + selection + ME in D,E2_pooled_nls,Pooled NLS + generation effects,a,0.5126121076233184,400,0.0,0.5077887007621326,0.5058303037071756,-0.004823406861185842,0.0030529724278834476,-0.006781803916142859,0.06105944855766895,0.061173530805976366,0.04115446504405415
funding_all,(b) + selection + ME in D,E2_pooled_nls,Pooled NLS + generation effects,gamma,0.17828649103139016,400,0.0,0.1934563452248042,0.19383083087084552,0.015169854193414016,0.0004546456317527185,0.01554433983945537,0.00909291263505437,0.017680464750331096,0.01557780023611692
funding_all,(b) + selection + ME in D,E2_pooled_nls,Pooled NLS + generation effects,sigma_star,0.7370283018867925,400,0.0,0.7180165697842062,0.7188333444694843,-0.01901173210258611,0.0005240974114702544,-0.0181949574173082,0.010481948229405088,0.021703513958060385,0.0181949574173082
funding_all,(b) + selection + ME in D,E2_pooled_nls,Pooled NLS + generation effects,lnMstar,2.8979598554678856,400,0.0,2.9672549867874607,2.9711923085454046,0.06929513131957488,0.041756098651685516,0.07323245307751902,0.8351219730337104,0.8369509861955508,0.5678272264316546
funding_all,(b) + selection + ME in D,E2_pooled_nls,Pooled NLS + generation effects,sd_omega,0.25,400,0.0,0.23149150642043062,0.23065324982623703,-0.018508493579569386,0.000938474901919199,-0.019346750173762972,0.01876949803838398,0.02634345565897399,0.020016364598132497
funding_all,(b) + selection + ME in D,E2_pooled_nls,Pooled NLS + generation effects,tfp_growth,0.15,400,0.0,0.13619791553642988,0.13565378241558224,-0.013802084463570128,0.0006041269649600782,-0.014346217584417745,0.012082539299201564,0.018333584539486057,0.014855590630503485
funding_all,(b) + selection + ME in D,E3_lab_fe,Lab FE NLS,alpha,0.3478,400,0.0,0.3581717684075093,0.3555367350777525,0.010371768407509325,0.0017056042418496196,0.007736735077752549,0.03411208483699239,0.03561318331735257,0.02265350134865926
funding_all,(b) + selection + ME in D,E3_lab_fe,Lab FE NLS,beta,0.3658,400,0.0,0.3791589617230642,0.36880647447379056,0.013358961723064158,0.0031526559165176915,0.0030064744737905713,0.06305311833035383,0.06437560368782526,0.03959458712291336
funding_all,(b) + selection + ME in D,E3_lab_fe,Lab FE NLS,a,0.5126121076233184,400,0.0,0.5118040071551851,0.5079341630843928,-0.0008081004681332244,0.0031043716259997944,-0.004677944538925727,0.062087432519995885,0.06201503995080006,0.04217809162215924
funding_all,(b) + selection + ME in D,E3_lab_fe,Lab FE NLS,gamma,0.17828649103139016,400,0.0,0.18127659343607427,0.18095484305066672,0.0029901024046840915,0.0003370977849595375,0.0026683520192765653,0.0067419556991907496,0.0073675670423636866,0.004635340215943043
funding_all,(b) + selection + ME in D,E3_lab_fe,Lab FE NLS,sigma_star,0.7370283018867925,400,0.0,0.7307614073786083,0.7329534554427027,-0.006266894508184207,0.0004703332584605691,-0.00407484644408973,0.009406665169211383,0.011293276894168045,0.004983467116842333
funding_all,(b) + selection + ME in D,E3_lab_fe,Lab FE NLS,lnMstar,2.8979598554678856,400,0.0,2.7181202220116787,2.738774139948653,-0.1798396334562074,0.04067932891259886,-0.15918571551923288,0.8135865782519772,0.8322323030696683,0.5065692481914228
funding_all,(b) + selection + ME in D,E3_lab_fe,Lab FE NLS,sd_omega,0.25,400,0.0,0.23572725365626745,0.23546302420650672,-0.01427274634373255,0.0009870045231658198,-0.014536975793493292,0.019740090463316394,0.02433943881365583,0.017578496068535995
funding_all,(b) + selection + ME in D,E3_lab_fe,Lab FE NLS,tfp_growth,0.15,400,0.0,0.1510002524190815,0.1512070159379449,0.0010002524190815016,0.0004886521975328859,0.0012070159379448803,0.009773043950657718,0.009811937219184195,0.006482198703572847
funding_all,(b) + selection + ME in D,E4_mundlak,Mundlak (CRE),alpha,0.3478,400,0.0,0.36223580876954764,0.3619769238827273,0.014435808769547634,0.0016604219251988319,0.014176923882727288,0.03320843850397664,0.036172309322652675,0.022546681868080565
funding_all,(b) + selection + ME in D,E4_mundlak,Mundlak (CRE),beta,0.3658,400,0.0,0.3800083661743375,0.3739114164738281,0.01420836617433751,0.002902621302430649,0.008111416473828043,0.05805242604861298,0.059695365222506284,0.036266729969398476
funding_all,(b) + selection + ME in D,E4_mundlak,Mundlak (CRE),a,0.5126121076233184,400,0.0,0.5100058973085251,0.5073249672096736,-0.0026062103147933818,0.0029234521142878145,-0.005287140413644809,0.058469042285756286,0.05845403891737472,0.040386530380023655
funding_all,(b) + selection + ME in D,E4_mundlak,Mundlak (CRE),gamma,0.17828649103139016,400,0.0,0.1828829012510239,0.18334545587964085,0.004596410219633772,0.00034284044240328606,0.005058964848250677,0.006856808848065721,0.008247743625811781,0.006113709830411651
funding_all,(b) + selection + ME in D,E4_mundlak,Mundlak (CRE),sigma_star,0.7370283018867925,400,0.0,0.729428982688136,0.7304404676342073,-0.007599319198656346,0.00042413499862475055,-0.006587834252585079,0.008482699972495011,0.011380947263271867,0.00707474196928376
funding_all,(b) + selection + ME in D,E4_mundlak,Mundlak (CRE),lnMstar,2.8979598554678856,400,0.0,2.759414427205992,2.7538829826752496,-0.13854542826189398,0.03641491685054071,-0.14407687279263626,0.7282983370108143,0.7404642173770164,0.46509874307087573
funding_all,(b) + selection + ME in D,E4_mundlak,Mundlak (CRE),sd_omega,0.25,400,0.0,0.23494902418394006,0.23482759742425335,-0.015050975816059955,0.0009798010378075644,-0.015172402575746632,0.019596020756151286,0.0246895907705544,0.01764167076782823
funding_all,(b) + selection + ME in D,E4_mundlak,Mundlak (CRE),tfp_growth,0.15,400,0.0,0.14870723957367196,0.1481245404680609,-0.0012927604263280178,0.0005011562173270083,-0.0018754595319390999,0.010023124346540166,0.01009371555136762,0.007267223645860785
funding_all,(b) + selection + ME in D,E5_labgen_fe,Lab x generation FE,alpha,0.3478,400,0.0,0.34570981672485573,0.34376369397207407,-0.0020901832751442236,0.0008586600705328811,-0.004036306027925929,0.01717320141065762,0.017278611509550703,0.012769923609980832
funding_all,(b) + selection + ME in D,E5_labgen_fe,Lab x generation FE,beta,0.3658,400,0.0,0.3680207160989295,0.3660361315442556,0.0022207160989294373,0.001677641523864069,0.0002361315442556411,0.03355283047728138,0.03358436439694271,0.02381553079000634
funding_all,(b) + selection + ME in D,E5_labgen_fe,Lab x generation FE,a,0.5126121076233184,400,0.0,0.5148383805260415,0.5165028695176741,0.002226272902723078,0.0017232686425927627,0.00389076189435561,0.034465372851855254,0.034494181567914554,0.025971859218618776
funding_all,(b) + selection + ME in D,E5_labgen_fe,Lab x generation FE,gamma,0.17828649103139016,400,0.0,0.17740577844178212,0.1775745635003797,-0.000880712589608073,0.0001808979626098547,-0.0007119275310104589,0.003617959252197094,0.0037192149364047673,0.0026516051438982974
funding_all,(b) + selection + ME in D,E5_labgen_fe,Lab x generation FE,sigma_star,0.7370283018867925,400,0.0,0.7370254261326293,0.7377008338208502,-2.875754163160493e-06,0.0002446777571310079,0.0006725319340576963,0.004893555142620158,0.00488743521685879,0.0034013781028037204
funding_all,(b) + selection + ME in D,E5_labgen_fe,Lab x generation FE,lnMstar,2.8979598554678856,400,0.0,2.531390682920056,2.5254930733208854,-0.3665691725478299,0.023477184161184467,-0.372466782147,0.46954368322368933,0.5952252099344675,0.43004275875952236
funding_all,(b) + selection + ME in D,E5_labgen_fe,Lab x generation FE,sd_omega,0.25,400,0.0,0.23749311661305114,0.2373274631566325,-0.012506883386948832,0.0009995450409443787,-0.012672536843367485,0.01999090081888757,0.02355969348944209,0.0166295148573202
funding_all,(b) + selection + ME in D,E5_labgen_fe,Lab x generation FE,tfp_growth,0.15,400,0.0,0.1557324039783973,0.1553776051723268,0.005732403978397312,0.0004639249233456131,0.005377605172326813,0.009278498466912262,0.010896594093455867,0.007342969303153479
funding_all,(b) + selection + ME in D,E6_acf,ACF/Wooldridge GMM (c predetermined),alpha,0.3478,400,0.0,0.3566146405047009,0.34507110676376507,0.00881464050470089,0.0027249880857539524,-0.0027288932362349583,0.054499761715079045,0.05514069598907878,0.025673633689602515
funding_all,(b) + selection + ME in D,E6_acf,ACF/Wooldridge GMM (c predetermined),beta,0.3658,400,0.0,0.3851907756942674,0.3704983268142169,0.019390775694267413,0.005090301507981636,0.004698326814216919,0.10180603015963273,0.10351115297129715,0.04981627480998313
funding_all,(b) + selection + ME in D,E6_acf,ACF/Wooldridge GMM (c predetermined),a,0.5126121076233184,400,0.0,0.5139414591619629,0.5188917994673555,0.0013293515386444289,0.0044831324233407825,0.006279691844037094,0.08966264846681565,0.08956036639759714,0.052104048612665904
funding_all,(b) + selection + ME in D,E6_acf,ACF/Wooldridge GMM (c predetermined),gamma,0.17828649103139016,400,0.0,0.17871138247748783,0.17929888971146668,0.00042489144609764704,0.0005125509698517099,0.0010123986800765344,0.010251019397034197,0.010247010438300645,0.00526325677884297
funding_all,(b) + selection + ME in D,E6_acf,ACF/Wooldridge GMM (c predetermined),sigma_star,0.7370283018867925,400,0.0,0.7298653508601691,0.7343137413188929,-0.007162951026623404,0.0008439670386810821,-0.002714560567899593,0.016879340773621642,0.018316870147475284,0.005995886439385867
funding_all,(b) + selection + ME in D,E6_acf,ACF/Wooldridge GMM (c predetermined),lnMstar,2.8979598554678856,400,0.0,2.6645514989120613,2.635734187236454,-0.23340835655582437,0.05042310668363158,-0.26222566823143145,1.0084621336726316,1.0338920863774994,0.6836748096623415
funding_all,(b) + selection + ME in D,E6_acf,ACF/Wooldridge GMM (c predetermined),sd_omega,0.25,400,0.0,0.2368539284990152,0.23712122150511872,-0.0131460715009848,0.0009940183110547997,-0.012878778494881296,0.019880366221095992,0.023813023423983504,0.01642843740233048
funding_all,(b) + selection + ME in D,E6_acf,ACF/Wooldridge GMM (c predetermined),tfp_growth,0.15,400,0.0,0.15336185498552696,0.15314502716987616,0.003361854985526945,0.0005035764583401979,0.0031450271698761634,0.010071529166803957,0.010605855903796767,0.006661911486997907
funding_all,(b) + selection + ME in D,E6b_acf_lagonly,ACF GMM (lagged instruments only),alpha,0.3478,400,0.0,0.35707587618465114,0.33546877797163743,0.009275876184651083,0.004028561003667562,-0.012331222028362593,0.08057122007335124,0.0810032967189676,0.041846493456174166
funding_all,(b) + selection + ME in D,E6b_acf_lagonly,ACF GMM (lagged instruments only),beta,0.3658,400,0.0,0.3976342389629868,0.367765537586774,0.0318342389629867,0.007853001032493579,0.0019655375867740077,0.1570600206498716,0.16006123588075374,0.07898661357689934
funding_all,(b) + selection + ME in D,E6b_acf_lagonly,ACF GMM (lagged instruments only),a,0.5126121076233184,400,0.0,0.5158012537317097,0.5239332883843997,0.003189146108391351,0.006258435995619126,0.011321180761081295,0.12516871991238251,0.12505283313981283,0.087687996071452
funding_all,(b) + selection + ME in D,E6b_acf_lagonly,ACF GMM (lagged instruments only),gamma,0.17828649103139016,400,0.0,0.17487366270973945,0.17493011213946136,-0.003412828321650742,0.0006549031596065314,-0.003356378891928788,0.013098063192130627,0.013519532476740679,0.008227467560499177
funding_all,(b) + selection + ME in D,E6b_acf_lagonly,ACF GMM (lagged instruments only),sigma_star,0.7370283018867925,400,0.0,0.7271104220996084,0.7360692681872125,-0.009917879787184192,0.001319402978187702,-0.000959033699579892,0.02638805956375404,0.028159424759650494,0.008952448487141329
funding_all,(b) + selection + ME in D,E6b_acf_lagonly,ACF GMM (lagged instruments only),lnMstar,2.8979598554678856,400,0.0,2.5878625975880127,2.5032387935617915,-0.3100972578798727,0.06790176064626638,-0.39472106190609413,1.3580352129253277,1.3913336407170258,0.941037852894948
funding_all,(b) + selection + ME in D,E6b_acf_lagonly,ACF GMM (lagged instruments only),sd_omega,0.25,400,0.0,0.23851989329184115,0.23799466193228924,-0.011480106708158853,0.0010073914142507737,-0.012005338067710758,0.020147828285015473,0.023167067081779624,0.01665617451544714
funding_all,(b) + selection + ME in D,E6b_acf_lagonly,ACF GMM (lagged instruments only),tfp_growth,0.15,400,0.0,0.15748853713831912,0.1576207555109661,0.007488537138319129,0.0004853230263156355,0.007620755510966096,0.00970646052631271,0.01224981738561761,0.00862442744783766
funding_all,(b) + selection + ME in D,E7_iv_path,IV (compute price) + expansion path,alpha,0.3478,400,0.0,0.2715304767478563,0.2944425556805296,-0.07626952325214371,0.008113712808827299,-0.05335744431947037,0.16227425617654598,0.17912046800747378,0.08749360850409293
funding_all,(b) + selection + ME in D,E7_iv_path,IV (compute price) + expansion path,beta,0.3658,400,0.0,0.283809847490703,0.3087768946277458,-0.08199015250929705,0.008446560906479895,-0.05702310537225416,0.1689312181295979,0.18758677239107427,0.09061060718576694
funding_all,(b) + selection + ME in D,E7_iv_path,IV (compute price) + expansion path,a,0.5126121076233184,400,0.0,0.5108366067338437,0.5109244984504504,-0.0017755008894747403,0.00022130490193023552,-0.001687609172868032,0.00442609803860471,0.004763798001201112,0.003293140399265815
funding_all,(b) + selection + ME in D,E7_iv_path,IV (compute price) + expansion path,gamma,0.17828649103139016,400,0.0,0.13875652539560712,0.15022963178875148,-0.03952996563578304,0.004137508766706574,-0.028056859242638663,0.08275017533413148,0.09161381294434326,0.04413453661793176
funding_all,(b) + selection + ME in D,E7_iv_path,IV (compute price) + expansion path,sigma_star,0.7370283018867925,400,0.0,0.8039777201681075,0.7688482179098128,0.06694941828131491,0.009509802842279697,0.03181991602302037,0.19019605684559393,0.2014108445385199,0.048281574938380256
funding_all,(b) + selection + ME in D,E7_iv_path,IV (compute price) + expansion path,lnMstar,2.8979598554678856,400,0.0,4.1863515158629925,4.186543741848254,1.2883916603951076,0.002799471681201683,1.2885838863803687,0.05598943362403366,1.2896046100303409,1.2885838863803687
funding_all,(b) + selection + ME in D,E7_iv_path,IV (compute price) + expansion path,sd_omega,0.25,400,0.0,0.27307025364600007,0.2556485350898391,0.023070253646000086,0.0036795419697605533,0.005648535089839091,0.07359083939521106,0.07703446772111365,0.023831370444224842
funding_all,(b) + selection + ME in D,E7_iv_path,IV (compute price) + expansion path,tfp_growth,0.15,400,0.0,0.1993959405122738,0.18786546419362787,0.04939594051227383,0.004796599505172352,0.03786546419362789,0.09593199010344705,0.10779563208909225,0.05291524433246528
funding_all,(b) + selection + ME in D,E8_heckman,Heckman selection correction,alpha,0.3478,400,0.0,0.4018828987935463,0.40264597645954975,0.054082898793546316,0.0019742340945718847,0.05484597645954975,0.039484681891437695,0.06693356740620383,0.055076723820015966
funding_all,(b) + selection + ME in D,E8_heckman,Heckman selection correction,beta,0.3658,400,0.0,0.4166357445031782,0.4188557614839119,0.05083574450317819,0.0029987474399786793,0.05305576148391189,0.05997494879957359,0.07856382702296971,0.056552562053422406
funding_all,(b) + selection + ME in D,E8_heckman,Heckman selection correction,a,0.5126121076233184,400,0.0,0.5075240163614172,0.5093197786874014,-0.005088091261901251,0.0026147335419146834,-0.0032923289359170216,0.052294670838293665,0.052476513215720645,0.03271042689302722
funding_all,(b) + selection + ME in D,E8_heckman,Heckman selection correction,gamma,0.17828649103139016,400,0.0,0.202347156816027,0.20299811861350706,0.024060665784636857,0.0006934940955093424,0.024711627582116896,0.013869881910186848,0.027763435092618076,0.024935959671149505
funding_all,(b) + selection + ME in D,E8_heckman,Heckman selection correction,sigma_star,0.7370283018867925,400,0.0,0.709857315281372,0.7096566074940257,-0.0271709866054206,0.000686268410225742,-0.027371694392766766,0.01372536820451484,0.0304331608797144,0.027371694392766766
funding_all,(b) + selection + ME in D,E8_heckman,Heckman selection correction,lnMstar,2.8979598554678856,400,0.0,2.9997287352693185,2.9718806938509053,0.10176887980143307,0.037160398998834235,0.07392083838301944,0.7432079799766846,0.7492223375896571,0.48097871288131344
funding_all,(b) + selection + ME in D,E8_heckman,Heckman selection correction,sd_omega,0.25,400,0.0,0.23054809749399127,0.23013242549597385,-0.01945190250600873,0.0009333305779012565,-0.019867574504026153,0.01866661155802513,0.026943418346487155,0.02078016688264185
funding_all,(b) + selection + ME in D,E8_heckman,Heckman selection correction,tfp_growth,0.15,400,0.0,0.12602759563370827,0.12515827540271296,-0.023972404366291736,0.0008419147931469685,-0.024841724597287035,0.01683829586293937,0.029283025085362416,0.025018506734410605
funding_all,(b) + selection + ME in D,E9_foc_system,FOC system (T ignored),alpha,0.3478,400,0.0,0.34249138854323646,0.342274860128994,-0.00530861145676354,0.00019490309890787268,-0.0055251398710060295,0.0038980619781574534,0.006583179745873116,0.0055881397159426305
funding_all,(b) + selection + ME in D,E9_foc_system,FOC system (T ignored),beta,0.3658,400,0.0,0.3545063028965001,0.35449641493209527,-0.011293697103499978,0.0002559129691547798,-0.01130358506790477,0.005118259383095596,0.012396720611938798,0.01130358506790477
funding_all,(b) + selection + ME in D,E9_foc_system,FOC system (T ignored),a,0.5126121076233184,400,0.0,0.5086085801068411,0.5084276398852554,-0.004003527516477324,0.00020556661834842047,-0.00418446773806308,0.004111332366968409,0.005734895707185437,0.004387530442252374
funding_all,(b) + selection + ME in D,E9_foc_system,FOC system (T ignored),gamma,0.17828649103139016,400,0.0,0.1741858877453155,0.1741872032452359,-0.004100603286074667,8.734262883379185e-05,-0.004099287786154246,0.001746852576675837,0.004456322755321227,0.004099287786154246
funding_all,(b) + selection + ME in D,E9_foc_system,FOC system (T ignored),sigma_star,0.7370283018867925,400,0.0,0.7415703733412209,0.74155741202893,0.004542071454428598,9.674519449798629e-05,0.004529110142137527,0.001934903889959726,0.004936082103030494,0.004529110142137527
funding_all,(b) + selection + ME in D,E9_foc_system,FOC system (T ignored),lnMstar,2.8979598554678856,400,0.0,4.148548500374967,4.15150322200807,1.2505886449070815,0.0027628082236651214,1.253543366540184,0.05525616447330243,1.251805723494485,1.253543366540184
funding_all,(b) + selection + ME in D,E9_foc_system,FOC system (T ignored),sd_omega,0.25,400,0.0,0.23897447041311376,0.23832971563350447,-0.01102552958688625,0.0010056613054464955,-0.011670284366495531,0.020113226108929908,0.022914903720482254,0.015528999811489863
funding_all,(b) + selection + ME in D,E9_foc_system,FOC system (T ignored),tfp_growth,0.15,400,0.0,0.15908503469933916,0.15873370912711504,0.009085034699339155,0.00046945963322598313,0.00873370912711506,0.009389192664519663,0.013056584623569735,0.009448991906756563
funding_all,(b) + selection + ME in D,E10_foc_system_T,FOC system (T proxied),alpha,0.3478,400,0.0,0.3460583819098432,0.3457787804644368,-0.0017416180901567567,0.00017867106457329093,-0.0020212195355631957,0.0035734212914658187,0.003971227763418607,0.0030384338758532303
funding_all,(b) + selection + ME in D,E10_foc_system_T,FOC system (T proxied),beta,0.3658,400,0.0,0.35805359843377027,0.35796745002475194,-0.007746401566229744,0.0002547528639318414,-0.007832549975248071,0.005095057278636828,0.00926830334398887,0.007832549975248071
funding_all,(b) + selection + ME in D,E10_foc_system_T,FOC system (T proxied),a,0.5126121076233184,400,0.0,0.508505372078373,0.5083905625893854,-0.0041067355449454475,0.00021633410150370862,-0.004221545033933072,0.004326682030074172,0.005961430514734843,0.004384927440666819
funding_all,(b) + selection + ME in D,E10_foc_system_T,FOC system (T proxied),gamma,0.17828649103139016,400,0.0,0.17596374753314584,0.17597694425340632,-0.002322743498244299,7.798796622600533e-05,-0.0023095467779838397,0.0015597593245201067,0.0027967667736490853,0.0023137307362567916
funding_all,(b) + selection + ME in D,E10_foc_system_T,FOC system (T proxied),sigma_star,0.7370283018867925,400,0.0,0.7396183584947821,0.73962656342055,0.0025900566079895453,8.629189813756023e-05,0.0025982615337575288,0.0017258379627512047,0.003111183635624769,0.002601136389329517
funding_all,(b) + selection + ME in D,E10_foc_system_T,FOC system (T proxied),lnMstar,2.8979598554678856,400,0.0,2.880566282036251,2.8855459535553463,-0.017393573431634817,0.0027134171327719806,-0.012413901912539327,0.05426834265543961,0.056922989896468525,0.03730372348143063
funding_all,(b) + selection + ME in D,E10_foc_system_T,FOC system (T proxied),sd_omega,0.25,400,0.0,0.23768626027607292,0.23740898357787366,-0.012313739723927066,0.001001564755954097,-0.012591016422126344,0.02003129511908194,0.02349208032882584,0.01655700001258685
funding_all,(b) + selection + ME in D,E10_foc_system_T,FOC system (T proxied),tfp_growth,0.15,400,0.0,0.15663010948858036,0.15632225504391836,0.006630109488580369,0.0004646746437635867,0.006322255043918368,0.009293492875271734,0.011406640133217719,0.007519187684848383
funding_flag,(b) flagships only (1 model per lab-generation),E1_pooled_huber,"Pooled Huber-LSE (ML practice, E free)",alpha,0.3478,400,0.0,0.5932023663955402,0.5818879887106642,0.2454023663955402,0.0060418555081770044,0.23408798871066416,0.1208371101635401,0.27347289556229293,0.23408798871066416
funding_flag,(b) flagships only (1 model per lab-generation),E1_pooled_huber,"Pooled Huber-LSE (ML practice, E free)",beta,0.3658,400,0.0,0.6371028717403938,0.6286668675217402,0.2713028717403937,0.008213599544060434,0.26286686752174016,0.1642719908812087,0.3170537367469279,0.26286686752174016
funding_flag,(b) flagships only (1 model per lab-generation),E1_pooled_huber,"Pooled Huber-LSE (ML practice, E free)",a,0.5126121076233184,400,0.0,0.514401065078262,0.5164546785073585,0.0017889574549436143,0.005057218965061952,0.0038425708840399975,0.10114437930123904,0.10103370907448626,0.06777834660635118
funding_flag,(b) flagships only (1 model per lab-generation),E1_pooled_huber,"Pooled Huber-LSE (ML practice, E free)",gamma,0.17828649103139016,400,0.0,0.2948206322188458,0.29603209881134035,0.11653414118745568,0.001927899738794483,0.11774560777995019,0.038557994775889656,0.12273226236826462,0.11774560777995019
funding_flag,(b) flagships only (1 model per lab-generation),E1_pooled_huber,"Pooled Huber-LSE (ML practice, E free)",sigma_star,0.7370283018867925,400,0.0,0.6203286350037073,0.6205540285200171,-0.11669966688308517,0.001344135868670194,-0.1164742733667754,0.026882717373403878,0.11974842814320324,0.1164742733667754
funding_flag,(b) flagships only (1 model per lab-generation),E1_pooled_huber,"Pooled Huber-LSE (ML practice, E free)",lnMstar,2.8979598554678856,400,0.0,3.8415773201353987,3.780362092265527,0.943617464667513,0.046531408570333575,0.8824022367976414,0.9306281714066715,1.3245065273745278,0.947022850663995
funding_flag,(b) flagships only (1 model per lab-generation),E1_pooled_huber,"Pooled Huber-LSE (ML practice, E free)",sd_omega,0.25,400,0.0,0.21080064918115177,0.2073916978328913,-0.0391993508188482,0.0015680826339760535,-0.04260830216710869,0.03136165267952107,0.05017652319823553,0.04335400981129928
funding_flag,(b) flagships only (1 model per lab-generation),E1_pooled_huber,"Pooled Huber-LSE (ML practice, E free)",tfp_growth,0.15,400,0.0,0.004659693607217018,0.004600271056411108,-0.14534030639278295,0.00043046919349834224,-0.14539972894358888,0.008609383869966845,0.14559443962336585,0.14539972894358888
funding_flag,(b) flagships only (1 model per lab-generation),E1b_pooled_huber_Etrue,"Pooled Huber-LSE, E fixed at truth (decomposition of E1)",alpha,0.3478,400,0.0,0.611390492412142,0.588824489728238,0.2635904924121421,0.004798747887307631,0.24102448972823792,0.09597495774615261,0.2804783631996689,0.24102448972823792
funding_flag,(b) flagships only (1 model per lab-generation),E1b_pooled_huber_Etrue,"Pooled Huber-LSE, E fixed at truth (decomposition of E1)",beta,0.3658,400,0.0,0.6626956595556434,0.6399334575591396,0.2968956595556434,0.007032589227682096,0.2741334575591395,0.1406517845536419,0.3284516704933304,0.2741334575591395
funding_flag,(b) flagships only (1 model per lab-generation),E1b_pooled_huber_Etrue,"Pooled Huber-LSE, E fixed at truth (decomposition of E1)",a,0.5126121076233184,400,0.0,0.517642030074205,0.5199018062354119,0.005029922450886517,0.003991535295452755,0.007289698612093443,0.0798307059090551,0.07988935706203382,0.05761983520358735
funding_flag,(b) flagships only (1 model per lab-generation),E1b_pooled_huber_Etrue,"Pooled Huber-LSE, E fixed at truth (decomposition of E1)",gamma,0.17828649103139016,400,0.0,0.3093681426734879,0.30884304709903154,0.1310816516420977,0.0007218418336303266,0.13055655606764138,0.014436836672606533,0.13187228895677436,0.13055655606764138
funding_flag,(b) flagships only (1 model per lab-generation),E1b_pooled_huber_Etrue,"Pooled Huber-LSE, E fixed at truth (decomposition of E1)",sigma_star,0.7370283018867925,400,0.0,0.6113414996536902,0.6139011255577864,-0.12568680223310225,0.0008278156589054236,-0.1231271763290061,0.016556313178108472,0.12676986425357345,0.1231271763290061
funding_flag,(b) flagships only (1 model per lab-generation),E1b_pooled_huber_Etrue,"Pooled Huber-LSE, E fixed at truth (decomposition of E1)",lnMstar,2.8979598554678856,400,0.0,3.8309343154722,3.839708597890586,0.9329744600043148,0.040109181112015835,0.9417487424227005,0.8021836222403167,1.2297687426510162,0.9659689933816931
funding_flag,(b) flagships only (1 model per lab-generation),E1b_pooled_huber_Etrue,"Pooled Huber-LSE, E fixed at truth (decomposition of E1)",sd_omega,0.25,400,0.0,0.22154863459755336,0.22197573069467347,-0.028451365402446617,0.0008779183988790607,-0.028024269305326532,0.017558367977581216,0.03342163578558948,0.028024269305326532
funding_flag,(b) flagships only (1 model per lab-generation),E1b_pooled_huber_Etrue,"Pooled Huber-LSE, E fixed at truth (decomposition of E1)",tfp_growth,0.15,400,0.0,0.007258531538675027,0.007176846187686454,-0.14274146846132496,0.0005423502700963086,-0.14282315381231353,0.010847005401926173,0.14315198287438904,0.14282315381231353
funding_flag,(b) flagships only (1 model per lab-generation),E2_pooled_nls,Pooled NLS + generation effects,alpha,0.3478,400,0.0,0.589703333474801,0.5807315910532282,0.24190333347480092,0.004324477514690633,0.23293159105322825,0.08648955029381267,0.25686370695462535,0.23293159105322825
funding_flag,(b) flagships only (1 model per lab-generation),E2_pooled_nls,Pooled NLS + generation effects,beta,0.3658,400,0.0,0.6202564626516994,0.60658183241064,0.2544564626516994,0.005282500767344029,0.24078183241063994,0.1056500153468806,0.2754670802721349,0.24078183241063994
funding_flag,(b) flagships only (1 model per lab-generation),E2_pooled_nls,Pooled NLS + generation effects,a,0.5126121076233184,400,0.0,0.5114831393268742,0.5087192596999912,-0.0011289682964442985,0.003353319844905977,-0.0038928479233271696,0.06706639689811954,0.06699202496064911,0.04560387165811547
funding_flag,(b) flagships only (1 model per lab-generation),E2_pooled_nls,Pooled NLS + generation effects,gamma,0.17828649103139016,400,0.0,0.2967661848104365,0.2968830239093425,0.11847969377904637,0.0011787946910954065,0.11859653287795238,0.02357589382190813,0.12079681722030067,0.11859653287795238
funding_flag,(b) flagships only (1 model per lab-generation),E2_pooled_nls,Pooled NLS + generation effects,sigma_star,0.7370283018867925,400,0.0,0.6236403987739547,0.6236965251930744,-0.11338790311283783,0.0009539206452907134,-0.11333177669371802,0.019078412905814267,0.1149777911021669,0.11333177669371802
funding_flag,(b) flagships only (1 model per lab-generation),E2_pooled_nls,Pooled NLS + generation effects,lnMstar,2.8979598554678856,400,0.0,3.8317305409534397,3.846849237185318,0.933770685485554,0.033057009580693415,0.9488893817174322,0.6611401916138683,1.143652604664968,0.9498445282084729
funding_flag,(b) flagships only (1 model per lab-generation),E2_pooled_nls,Pooled NLS + generation effects,sd_omega,0.25,400,0.0,0.219471644964517,0.21993213876658996,-0.030528355035483033,0.0008733116215932476,-0.03006786123341003,0.01746623243186495,0.035160874041298,0.03006786123341003
funding_flag,(b) flagships only (1 model per lab-generation),E2_pooled_nls,Pooled NLS + generation effects,tfp_growth,0.15,400,0.0,0.020402386701353126,0.020955796534830352,-0.12959761329864686,0.0013177120150812377,-0.12904420346516965,0.026354240301624754,0.13224352910304046,0.12904420346516965
funding_flag,(b) flagships only (1 model per lab-generation),E3_lab_fe,Lab FE NLS,alpha,0.3478,400,0.0,0.5725615952124741,0.5679952519292382,0.22476159521247419,0.003247026541284109,0.22019525192923817,0.06494053082568219,0.23393269127041152,0.22019525192923817
funding_flag,(b) flagships only (1 model per lab-generation),E3_lab_fe,Lab FE NLS,beta,0.3658,400,0.0,0.608322041819904,0.6001845488729477,0.24252204181990403,0.004446277045468237,0.23438454887294768,0.08892554090936473,0.2582729626092389,0.23438454887294768
funding_flag,(b) flagships only (1 model per lab-generation),E3_lab_fe,Lab FE NLS,a,0.5126121076233184,400,0.0,0.5139340671275203,0.5092884293580449,0.001321959504201894,0.002854302679073686,-0.003323678265273633,0.05708605358147372,0.05702997498380891,0.03817075362009853
funding_flag,(b) flagships only (1 model per lab-generation),E3_lab_fe,Lab FE NLS,gamma,0.17828649103139016,400,0.0,0.2910523678281509,0.29116497346609754,0.11276587679676078,0.0008484315349431878,0.11287848243470738,0.016968630698863757,0.11403226544038826,0.11287848243470738
funding_flag,(b) flagships only (1 model per lab-generation),E3_lab_fe,Lab FE NLS,sigma_star,0.7370283018867925,400,0.0,0.629075835558118,0.6295359926999711,-0.10795246632867447,0.0007073250994255039,-0.10749230918682146,0.014146501988510078,0.10887312889854063,0.10749230918682146
funding_flag,(b) flagships only (1 model per lab-generation),E3_lab_fe,Lab FE NLS,lnMstar,2.8979598554678856,400,0.0,3.762948076316562,3.784165692954961,0.8649882208486772,0.025728266088847474,0.8862058374870756,0.5145653217769495,1.0061412171789987,0.8862058374870756
funding_flag,(b) flagships only (1 model per lab-generation),E3_lab_fe,Lab FE NLS,sd_omega,0.25,400,0.0,0.22151671263255424,0.22152021044068648,-0.02848328736744578,0.0008859428505373215,-0.028479789559313504,0.01771885701074643,0.0335331277737308,0.028479789559313504
funding_flag,(b) flagships only (1 model per lab-generation),E3_lab_fe,Lab FE NLS,tfp_growth,0.15,400,0.0,0.026400386087939584,0.02691842992923403,-0.12359961391206042,0.0009816703466200406,-0.12308157007076595,0.019633406932400812,0.12514540163471533,0.12308157007076595
funding_flag,(b) flagships only (1 model per lab-generation),E4_mundlak,Mundlak (CRE),alpha,0.3478,400,0.0,0.5778041349084284,0.5731512007008153,0.23000413490842841,0.003915044114331436,0.2253512007008152,0.07830088228662872,0.24293538785327648,0.2253512007008152
funding_flag,(b) flagships only (1 model per lab-generation),E4_mundlak,Mundlak (CRE),beta,0.3658,400,0.0,0.6092030692705085,0.5956518883639481,0.24340306927050842,0.00525536958860297,0.2298518883639481,0.10510739177205941,0.26507545911667546,0.2298518883639481
funding_flag,(b) flagships only (1 model per lab-generation),E4_mundlak,Mundlak (CRE),a,0.5126121076233184,400,0.0,0.5116209029223597,0.5093711017185065,-0.0009912047009587247,0.003473651395155633,-0.0032410059048119666,0.06947302790311266,0.06939321176290089,0.047714261474693986
funding_flag,(b) flagships only (1 model per lab-generation),E4_mundlak,Mundlak (CRE),gamma,0.17828649103139016,400,0.0,0.29071651428658585,0.2904058859323496,0.11243002325519569,0.0008836103490806428,0.11211939490095946,0.017672206981612856,0.1138070132351948,0.11211939490095946
funding_flag,(b) flagships only (1 model per lab-generation),E4_mundlak,Mundlak (CRE),sigma_star,0.7370283018867925,400,0.0,0.6278970426615793,0.6280118600458864,-0.10913125922521325,0.0007390235287835177,-0.10901644184090614,0.014780470575670354,0.1101251465140585,0.10901644184090614
funding_flag,(b) flagships only (1 model per lab-generation),E4_mundlak,Mundlak (CRE),lnMstar,2.8979598554678856,400,0.0,3.784048759487681,3.790097111807794,0.8860889040197958,0.03188520863822998,0.8921372563399084,0.6377041727645996,1.0912394289332115,0.8921372563399084
funding_flag,(b) flagships only (1 model per lab-generation),E4_mundlak,Mundlak (CRE),sd_omega,0.25,400,0.0,0.22127486108368583,0.221262961905609,-0.02872513891631419,0.0008853325829751514,-0.028737038094391,0.01770665165950303,0.033732407340272226,0.028737038094391
funding_flag,(b) flagships only (1 model per lab-generation),E4_mundlak,Mundlak (CRE),tfp_growth,0.15,400,0.0,0.0268796259575527,0.02762740326826658,-0.12312037404244729,0.0010056550867822529,-0.12237259673173341,0.020113101735645057,0.12474835479326758,0.12237259673173341
funding_flag,(b) flagships only (1 model per lab-generation),E7_iv_path,IV (compute price) + expansion path,alpha,0.3478,400,0.0,0.34343129725430577,0.3512971135582485,-0.004368702745694156,0.004270887804124038,0.003497113558248499,0.08541775608248077,0.08542270269203031,0.051841992332241016
funding_flag,(b) flagships only (1 model per lab-generation),E7_iv_path,IV (compute price) + expansion path,beta,0.3658,400,0.0,0.3613234233605993,0.3687022876319722,-0.00447657663940072,0.0045026925163719105,0.002902287631972228,0.0900538503274382,0.09005254831101715,0.05516226834477833
funding_flag,(b) flagships only (1 model per lab-generation),E7_iv_path,IV (compute price) + expansion path,a,0.5126121076233184,400,0.0,0.5126792644422775,0.5125779395378041,6.715681895912345e-05,0.00042609254009844924,-3.416808551442996e-05,0.008521850801968985,0.00851145676583184,0.005822688611403393
funding_flag,(b) flagships only (1 model per lab-generation),E7_iv_path,IV (compute price) + expansion path,gamma,0.17828649103139016,400,0.0,0.17602411143900995,0.17855906493205137,-0.0022623795923801906,0.002185698270369174,0.00027257390066122433,0.043713965407383475,0.043717866555092126,0.026512586790724185
funding_flag,(b) flagships only (1 model per lab-generation),E7_iv_path,IV (compute price) + expansion path,sigma_star,0.7370283018867925,400,0.0,0.7426633330818766,0.7360746465072407,0.005635031195084064,0.0025096427284348887,-0.0009536553795516656,0.05019285456869777,0.050445791892878726,0.028749754003115136
funding_flag,(b) flagships only (1 model per lab-generation),E7_iv_path,IV (compute price) + expansion path,lnMstar,2.8979598554678856,400,0.0,4.176244307429047,4.174660486145111,1.2782844519611616,0.003875791691522337,1.2767006306772255,0.07751583383044675,1.2806267304952057,1.2767006306772255
funding_flag,(b) flagships only (1 model per lab-generation),E7_iv_path,IV (compute price) + expansion path,sd_omega,0.25,400,0.0,0.25702526470676385,0.2535248095382787,0.007025264706763802,0.0016405707657312387,0.0035248095382786893,0.032811415314624774,0.033514949600313024,0.018539320692385314
funding_flag,(b) flagships only (1 model per lab-generation),E7_iv_path,IV (compute price) + expansion path,tfp_growth,0.15,400,0.0,0.15283890273096729,0.14958410197028615,0.0028389027309673014,0.00247803669646394,-0.0004158980297138265,0.0495607339292788,0.049580087237273376,0.030320648093159847
