scenario,estimator,param,truth,bias_v1,bias_v2,median_bias_v1,median_bias_v2,rmse_v1,rmse_v2,mae_v1,mae_v2,diff_bias,diff_rmse
exog,E1_pooled_huber,alpha,0.3478,0.0570392763013986,0.05606013308236012,0.0554561480942455,0.0538471850497286,0.0974853026904956,0.09608484220230737,0.0662715796933194,0.06566798052169084,-0.0009791432190384836,-0.001400460488188232
exog,E1_pooled_huber,beta,0.3658,0.0574552398876958,0.060016304166858256,0.0512999140882539,0.051595362396199856,0.1406760347027724,0.14410557106403687,0.0741516685364131,0.07496041715139584,0.002561064279162459,0.0034295363612644736
exog,E1_pooled_huber,a,0.5126121076233184,-0.007806167515986,-0.006040673922188401,-0.0067712989170017,-0.005373609685768055,0.1119440996497149,0.11110513954074092,0.0726363136119064,0.07263631361190642,0.0017654935937975987,-0.0008389601089739823
exog,E1_pooled_huber,gamma,0.17828649103139016,0.018241883998174,0.018647737681276418,0.0212066468713682,0.021227754595115028,0.0311399649111421,0.03103301291790749,0.0223210085271869,0.022321008547975044,0.00040585368310241954,-0.0001069519932346101
exog,E1_pooled_huber,sigma_star,0.7370283018867925,-0.0291063393549083,-0.02945204792421181,-0.0286853502002197,-0.02882215176410713,0.0365258437545871,0.03720965073540422,0.0288221517841674,0.02898858469023019,-0.0003457085693035107,0.0006838069808171171
exog,E1_pooled_huber,lnMstar,2.8979598554678856,0.5573218703081727,0.5320515090838902,0.6759874398326808,0.6506259654883155,1.6200000633766911,1.6138308774410826,1.0764519724048691,1.0781511866181894,-0.0252703612242825,-0.0061691859356085565
exog,E1_pooled_huber,sd_omega,0.25,-0.0317621184538216,-0.031522604609443124,-0.0309048245790813,-0.030876502570629558,0.0422840395438416,0.041933088985946464,0.0319894846855193,0.031860122911308436,0.00023951384437847362,-0.0003509505578951355
exog,E1_pooled_huber,tfp_growth,0.15,-0.0805904725907436,-0.08051395250765032,-0.0808166944596682,-0.08067637543883242,0.0812606220523372,0.08117193748913806,0.0808166944596682,0.08067637543883242,7.652008309327885e-05,-8.868456319913176e-05
exog,E1b_pooled_huber_Etrue,alpha,0.3478,0.0986676710426312,0.09842258832612703,0.0964599852864778,0.0963093553152213,0.1045800868264444,0.10442812803251754,0.0964599852864778,0.0963093553152213,-0.00024508271650416913,-0.0001519587939268624
exog,E1b_pooled_huber_Etrue,beta,0.3658,0.10594673325726,0.1063677509130564,0.0993352618736689,0.09940698636356998,0.1174613202123667,0.11800817317300932,0.0993352618736689,0.09940698636356998,0.00042101765579639905,0.0005468529606426215
exog,E1b_pooled_huber_Etrue,a,0.5126121076233184,0.0004164160673687,0.0007637594651409775,-0.0016421711044464,-0.0013041330290340936,0.0406347727811069,0.040990014562837365,0.0249722847015423,0.024972284701542335,0.00034734339777227753,0.0003552417817304643
exog,E1b_pooled_huber_Etrue,gamma,0.17828649103139016,0.0495248049662994,0.04953225514657901,0.048971960771879,0.04897196077187903,0.05019811675234,0.05020509652881958,0.048971960771879,0.04897196077187903,7.450180279609808e-06,6.979776479586197e-06
exog,E1b_pooled_huber_Etrue,sigma_star,0.7370283018867925,-0.0515591590105759,-0.05160011508833731,-0.0508118825561449,-0.050848064339130195,0.0523321185028889,0.05237486595769416,0.0508118825561449,0.050848064339130195,-4.095607776141014e-05,4.2747454805258656e-05
exog,E1b_pooled_huber_Etrue,lnMstar,2.8979598554678856,0.5680884006569229,0.5630165874540114,0.5632570298069255,0.5566635829518591,0.9576900902584716,0.9550352800459493,0.6258769231135604,0.6241387633984445,-0.0050718132029115015,-0.0026548102125223405
exog,E1b_pooled_huber_Etrue,sd_omega,0.25,0.0101056511302191,0.010099020131382287,0.0099386770118096,0.00993867699087772,0.0218820631485721,0.02187697305115688,0.0154145931441066,0.01541459314410662,-6.630998836812396e-06,-5.090097415220984e-06
exog,E1b_pooled_huber_Etrue,tfp_growth,0.15,-0.0541708220772406,-0.054159521526357286,-0.0546048367694693,-0.054551284612759696,0.0550907914488362,0.055079922141711715,0.0546048367694693,0.054551284612759696,1.130055088331694e-05,-1.0869307124482253e-05
exog,E2_pooled_nls,alpha,0.3478,0.0074742872841005,0.00717902427586854,-2.439059024861301e-05,-0.00037276549989517793,0.0497611550931891,0.049724912460534294,0.0334551243121833,0.03344988283188255,-0.00029526300823195985,-3.6242632654802376e-05
exog,E2_pooled_nls,beta,0.3658,0.0104787625263772,0.011173051008922177,-0.001927455468924,-0.0015513259506283739,0.0867252147613261,0.08700208704051453,0.0557476583836953,0.055704531989485495,0.0006942884825449774,0.0002768722791884337
exog,E2_pooled_nls,a,0.5126121076233184,-0.0025214056259195,-0.001874944732647902,-0.0033365804302132,-0.003018254725281222,0.0850696661893591,0.08510908418778147,0.0627041006783865,0.06267841963563181,0.0006464608932715979,3.941799842237248e-05
exog,E2_pooled_nls,gamma,0.17828649103139016,-0.0010144080912482,-0.0009385482118762544,-0.0005816612453636,-0.0005790037261526465,0.0101091447601443,0.010090008117753617,0.0060064666173495,0.006009780315036337,7.585987937194566e-05,-1.913664239068351e-05
exog,E2_pooled_nls,sigma_star,0.7370283018867925,-0.0045836984048871,-0.004689003880048014,-0.0026470083009311,-0.0026909472150001834,0.0144075485235743,0.014482121862469511,0.0069557144641017,0.006959709061564678,-0.00010530547516091407,7.45733388952119e-05
exog,E2_pooled_nls,lnMstar,2.8979598554678856,0.0150125915751324,0.008217462377519214,0.0104753528803944,-0.0019241759449348805,1.1617745935924797,1.1658356439087216,0.8236453601144631,0.8329268017854525,-0.006795129197613187,0.004061050316241932
exog,E2_pooled_nls,sd_omega,0.25,-0.0012897121236555,-0.001289577870577726,-0.0014535554195505,-0.001453825675293105,0.0193217405315855,0.01932172997166865,0.0130623911541913,0.013062350349612117,1.3425307777395652e-07,-1.0559916847202588e-08
exog,E2_pooled_nls,tfp_growth,0.15,0.0016806753326446,0.0016829534799571784,0.0023692833877768,0.00236873595512517,0.0118316481411526,0.011829529748857814,0.0086692143564298,0.008666768035729827,2.2781473125784574e-06,-2.1183922947858036e-06
exog,E3_lab_fe,alpha,0.3478,0.002714253735822,0.002933573707240641,0.0010982635564247,0.001412293626931821,0.036292915737761,0.036326683303254025,0.0248285225656818,0.024827400318569087,0.0002193199714186412,3.3767565493024454e-05
exog,E3_lab_fe,beta,0.3658,0.0095629154742979,0.00913197276809942,0.0024265209175588,0.0019069752889461222,0.0655630899559688,0.06553000997648893,0.0403782103531419,0.04038623722437418,-0.00043094270619848003,-3.307997947986363e-05
exog,E3_lab_fe,a,0.5126121076233184,0.0019158272037626,0.00146887402891921,-0.0008869672670298,-0.001121121671363745,0.0661731760829348,0.06621219618380646,0.0454414032649371,0.045450265616563706,-0.00044695317484339013,3.902010087165897e-05
exog,E3_lab_fe,gamma,0.17828649103139016,-0.0002765653302009,-0.0003233475275593239,0.0001719533510368,5.4237243107699284e-05,0.0061291980234725,0.0061528060659927246,0.0038402892797431,0.0038356399505775074,-4.6782197358423915e-05,2.3608042520224803e-05
exog,E3_lab_fe,sigma_star,0.7370283018867925,-0.0032058296860754,-0.003148782971422899,-0.00138497641242,-0.0013693387276156876,0.0096112606105959,0.009595337506530735,0.0044567619936144,0.004456810409556755,5.704671465250107e-05,-1.592310406516549e-05
exog,E3_lab_fe,lnMstar,2.8979598554678856,-0.0084936844186291,-0.0030791034098359214,0.0127660683673547,0.018309075733507596,0.8753855349693415,0.8731405643790372,0.6381015823972267,0.6381827733167407,0.005414581008793178,-0.0022449705903042627
exog,E3_lab_fe,sd_omega,0.25,-0.0004330054083184,-0.0004331091121595242,-0.0008391455023176,-0.000839267640346586,0.0193097570498179,0.019309602855086865,0.013104026805111,0.013104009881405199,-1.0370384112421338e-07,-1.5419473103558956e-07
exog,E3_lab_fe,tfp_growth,0.15,0.0012281872732602,0.001229698270526332,0.0017110628816826,0.0017103329045193016,0.0095599399051436,0.009558330976657328,0.0066950702092917,0.006695126591149639,1.5109972661320106e-06,-1.6089284862724068e-06
exog,E4_mundlak,alpha,0.3478,0.0079849250468929,0.008171710359024973,0.0031398135373392,0.0038162155551204613,0.0481031363810728,0.04824070777770765,0.0335632534570293,0.03458771623464005,0.00018678531213207374,0.00013757139663484602
exog,E4_mundlak,beta,0.3658,0.0111909226278614,0.010800257593953764,-0.0021753874352395,-0.0032113447911724935,0.0848780008093742,0.08486968263633894,0.0573944809661918,0.05736598308860391,-0.0003906650339076372,-8.318173035259946e-06
exog,E4_mundlak,a,0.5126121076233184,-0.0022501999824619,-0.002641361355894099,-0.0036549376108875,-0.004654898585773559,0.0839705591558089,0.08413532146469527,0.0653566743095294,0.06532989794056279,-0.0003911613734321989,0.00016476230888637367
exog,E4_mundlak,gamma,0.17828649103139016,-0.0005886287157016,-0.0006489927056830378,0.0003155299092607,0.00024236699624899383,0.0078543343163368,0.007890402394663832,0.0050923226547087,0.005092467726193775,-6.0363989981437774e-05,3.606807832703257e-05
exog,E4_mundlak,sigma_star,0.7370283018867925,-0.0049758461728868,-0.004921739738430829,-0.0021327962672758,-0.0020495655138338953,0.0128069858702079,0.01277215931431007,0.0055465995677624,0.005545677214281675,5.4106434455971145e-05,-3.4826555897831193e-05
exog,E4_mundlak,lnMstar,2.8979598554678856,0.0515866295963806,0.0564664443290603,0.1185304438645213,0.12354555539761325,1.1059540477247791,1.102546456492962,0.8187392501469049,0.8186846022417331,0.004879814732679698,-0.0034075912318172197
exog,E4_mundlak,sd_omega,0.25,-0.0006823869052059,-0.0006825226688113397,-0.0008327217551584,-0.0008328152589682503,0.0192966016486735,0.019296276093583788,0.0129577036666646,0.01295778629008694,-1.3576360543968765e-07,-3.2555508971271463e-07
exog,E4_mundlak,tfp_growth,0.15,0.0015540945437919,0.0015545200219708626,0.0021766628021408,0.0021773535472879857,0.0102724217572486,0.01027504918536893,0.0073519488114846,0.007352109766385853,4.254781789626502e-07,2.627428120330691e-06
exog,E5_labgen_fe,alpha,0.3478,0.0005011974321131,0.0005013648500942039,-0.0002752453478416,-0.00026731934937829216,0.0143359302718359,0.01433745711986197,0.0108304676735133,0.010831878704275377,1.6741798110396586e-07,1.526848026071198e-06
exog,E5_labgen_fe,beta,0.3658,0.0015438783390157,0.0015441687276046751,-0.0002745510358362,-0.0002761457299284009,0.0244246630704993,0.0244276457099683,0.0169439453196582,0.01694811177530145,2.903885889752461e-07,2.982639469000653e-06
exog,E5_labgen_fe,a,0.5126121076233184,0.0003194362929482,0.0003194180396404517,-0.0001829075879759,-0.00018453335591073206,0.0264975825631035,0.0265006217881168,0.0192057534736712,0.01920484269427644,-1.8253307748324413e-08,3.039225013299479e-06
exog,E5_labgen_fe,gamma,0.17828649103139016,-6.319703878683997e-06,-6.323716874742022e-06,-0.0001594562114843,-0.00016081215486679623,0.002296732047726,0.0022969514924970355,0.0014849438524783,0.0014852968482219203,-4.012996058025578e-09,2.194447710356269e-07
exog,E5_labgen_fe,sigma_star,0.7370283018867925,-0.0005422943432085,-0.0005424153545959235,-8.870637999536246e-06,-8.963521554994358e-06,0.003106202981525,0.003106593796058011,0.0018424819386337,0.0018424566910019702,-1.2101138742340138e-07,3.9081453301120436e-07
exog,E5_labgen_fe,lnMstar,2.8979598554678856,0.0026943174340748,0.002695349977484187,-0.0003826086757714,-0.000397751331595142,0.3689512953006034,0.36898995581014543,0.2632394477315496,0.2632428813142953,1.0325434093871357e-06,3.8660509542043364e-05
exog,E5_labgen_fe,sd_omega,0.25,-6.631910406647137e-05,-6.631955618496527e-05,-0.0005456764724894,-0.0005456935637340871,0.0193257812484055,0.01932578052277472,0.0134161598381183,0.013416166633851118,-4.521184939019346e-10,-7.256307811565055e-10
exog,E5_labgen_fe,tfp_growth,0.15,0.0005794497607339,0.0005794769873198474,0.0010610814618948,0.0010610876759769433,0.0089886229187146,0.008988615193525258,0.0063346171760492,0.006334617410982929,2.722658594737047e-08,-7.725189342389083e-09
exog,E6_acf,alpha,0.3478,0.0130359408973268,0.012358222460127416,-0.0051824190972482,-0.0055669106925570755,0.0729641621766468,0.07252567956456284,0.0498971555865072,0.04989714677966012,-0.0006777184371993851,-0.0004384826120839569
exog,E6_acf,beta,0.3658,0.030672712871295,0.03175366389039462,0.0057218721896468,0.006785198538681064,0.1311333214054821,0.13175814095973667,0.0835179707251847,0.08351796956479243,0.0010809510190996213,0.0006248195542545854
exog,E6_acf,a,0.5126121076233184,0.0027987828675727,0.0038460213116529485,0.007261082426745,0.00786240878547928,0.1170971364412584,0.11705457524258253,0.0977528117366589,0.09775276387112947,0.0010472384440802485,-4.256119867586394e-05
exog,E6_acf,gamma,0.17828649103139016,-0.0003882286166207,-0.00031889246659138644,-0.0004157914741906,-0.00031701902611937227,0.0099977967424059,0.00995513600524961,0.0063585818690505,0.006358582388347869,6.933615002931355e-05,-4.266073715629079e-05
exog,E6_acf,sigma_star,0.7370283018867925,-0.0111572660763857,-0.011257572522062236,-0.0049441786550221,-0.004944180626382799,0.0220187665787716,0.022161339085595155,0.0067865620179728,0.006786562532242135,-0.00010030644567653527,0.00014257250682355588
exog,E6_acf,lnMstar,2.8979598554678856,0.0389985570502765,0.02678560287713381,-0.045781863377138,-0.04836029831192468,1.4747521570177518,1.4713942758566716,1.1417626066595314,1.1417626198566384,-0.012212954173142693,-0.0033578811610801562
exog,E6_acf,sd_omega,0.25,-0.0001397562727371,-0.0001408107727726656,-0.0009779629461169,-0.000977962946339117,0.0192843163818752,0.019284411109306683,0.0132197653389886,0.013219765348987444,-1.054500035565614e-06,9.472743148219998e-08
exog,E6_acf,tfp_growth,0.15,0.0018570808233361,0.0018554576993193286,0.0022518118434032,0.0022518117813634664,0.0099207557175963,0.009922116839521536,0.0076259264100673,0.0076259264574326385,-1.6231240167713205e-06,1.3611219252356033e-06
exog,E6b_acf_lagonly,alpha,0.3478,0.0172090808474851,0.017209040639588214,-0.0061600510510127,-0.00616005279818993,0.0815388267103515,0.0815388340165705,0.0504734018064499,0.050473410273572106,-4.020789688696791e-08,7.306219004798997e-09
exog,E6b_acf_lagonly,beta,0.3658,0.0302003042444859,0.03020038382243456,0.0023557532473517,0.002356125682375587,0.1415280694404865,0.14152809736231917,0.0906670518495682,0.09066706553910603,7.957794865773304e-08,2.7921832679300707e-08
exog,E6b_acf_lagonly,a,0.5126121076233184,-0.0013070454028317,-0.0013069679346411178,0.0064264983253409,0.006426615170751049,0.1258333489258545,0.1258333698461126,0.1030585116211368,0.1030585055616623,7.746819058224337e-08,2.0920258109180523e-08
exog,E6b_acf_lagonly,gamma,0.17828649103139016,-0.0012585052415836,-0.0012585013212735629,-0.0011686224027068,-0.0011686247428693147,0.0109711172083532,0.010971116093621563,0.0069014752750624,0.006901474805540597,3.920310037101166e-09,-1.1147316368587123e-09
exog,E6b_acf_lagonly,sigma_star,0.7370283018867925,-0.0120207506230375,-0.012020761005029322,-0.0052455849398256,-0.005245586519789791,0.0240311061187976,0.024031110758679534,0.0073242415737178,0.007324241380167462,-1.0381991821795111e-08,4.639881933526935e-09
exog,E6b_acf_lagonly,lnMstar,2.8979598554678856,0.0835463785338311,0.08354551839523072,-0.041509862770013,-0.041509719776406495,1.5780653849546276,1.5780654365706064,1.1407957008287335,1.140795795071253,-8.601386003725953e-07,5.1615978824415265e-08
exog,E6b_acf_lagonly,sd_omega,0.25,7.486003374816432e-05,7.48595047341781e-05,-0.00069917269111,-0.0006991726964471895,0.0192908680006453,0.019290868199224324,0.0136042642387569,0.013604264232296437,-5.290139862219921e-10,1.985790247516217e-10
exog,E6b_acf_lagonly,tfp_growth,0.15,0.0025307333986244,0.0025307339081254627,0.0030712882051785,0.0030712885326982797,0.0096318592177504,0.009631858899424245,0.0069217768658144,0.00692177677702667,5.095010628675123e-10,-3.183261553657557e-10
exog,E7_iv_path,alpha,0.3478,0.002183099216946,0.002183099216946024,-0.0052378365606881,-0.005237836560688158,0.1017877735697687,0.10178777356976872,0.0603048807839078,0.060304880783907805,2.3852447794681098e-17,1.3877787807814457e-17
exog,E7_iv_path,beta,0.3658,0.0023797663099479,0.002379766309947998,-0.0038622832372768,-0.0038622832372768034,0.1075797150021166,0.10757971500211667,0.0633079755353022,0.06330797553530224,9.80118763926896e-17,6.938893903907228e-17
exog,E7_iv_path,a,0.5126121076233184,-4.601198782449384e-05,-4.601198782449384e-05,-0.0001902149647906,-0.00019021496479065814,0.0037469014262153,0.0037469014262153048,0.0025643614759437,0.002564361475943744,0.0,4.7704895589362195e-18
exog,E7_iv_path,gamma,0.17828649103139016,0.001128755280772,0.0011287552807720488,-0.0021310783172466,-0.0021310783172466957,0.0522801609892941,0.05228016098929413,0.0307923553331514,0.030792355333151486,4.87890977618477e-17,3.469446951953614e-17
exog,E7_iv_path,sigma_star,0.7370283018867925,0.0030706284211775,0.0030706284211775483,0.0023034181556418,0.0023034181556418343,0.0565117561858486,0.05651175618584861,0.0334349165385899,0.03343491653858993,4.8138576458356397e-17,1.3877787807814457e-17
exog,E7_iv_path,lnMstar,2.8979598554678856,1.2776630684123946,1.2776630684123946,1.2739897525100117,1.2739897525100115,1.278751506113072,1.278751506113072,1.2739897525100117,1.2739897525100115,0.0,0.0
exog,E7_iv_path,sd_omega,0.25,0.0098405313936359,0.009840531393635985,0.0083061660388085,0.008306166038808599,0.0287067986249537,0.028706798624953775,0.016792542261956,0.016792542261956048,8.500145032286355e-17,7.632783294297951e-17
exog,E7_iv_path,tfp_growth,0.15,-0.000787713945538,-0.0007877139455380762,0.0047958945369045,0.004795894536904544,0.0584521267105157,0.05845212671051573,0.035258970279977,0.035258970279977,-7.621941272573096e-17,2.7755575615628914e-17
exog,E8_heckman,alpha,0.3478,0.0074731700392384,0.007179183447577614,-2.8787994967277575e-05,-0.0003751595996216439,0.0497606931197095,0.04972549687513657,0.0334551243121833,0.03344988104731794,-0.0002939865916607859,-3.519624457293258e-05
exog,E8_heckman,beta,0.3658,0.0104808942799447,0.011173000968288018,-0.001927455468924,-0.0015513259506283739,0.0867252005530081,0.08700215574140494,0.0557476583836953,0.055672789719330984,0.0006921066883433177,0.0002769551883968352
exog,E8_heckman,a,0.5126121076233184,-0.0025191940085527,-0.001875043560188176,-0.003320060224329,-0.003030782691178513,0.0850692562648731,0.08510942378108641,0.0626910688907723,0.06267468578936491,0.0006441504483645239,4.0167516213301946e-05
exog,E8_heckman,gamma,0.17828649103139016,-0.0010141466564234,-0.0009385656525393687,-0.0005787185120938,-0.0005790037261526465,0.0101092260379063,0.01008991134876659,0.0060058262383335,0.0060103247607661,7.558100388403135e-05,-1.9314689139710017e-05
exog,E8_heckman,sigma_star,0.7370283018867925,-0.0045839700256231,-0.004689034746632983,-0.0026466096400878,-0.002688866159151093,0.0144076516788855,0.014482089140913597,0.0069549597180427,0.006959812710766067,-0.00010506472100988307,7.443746202809645e-05
exog,E8_heckman,lnMstar,2.8979598554678856,0.0149966331742007,0.008227758531891251,0.011073232030808,-0.0018423627464718706,1.1617778058024564,1.1658366400638078,0.8238412947442182,0.8331926554561995,-0.006768874642309448,0.004058834261351452
exog,E8_heckman,sd_omega,0.25,-0.0012896996400934,-0.0012895709917876827,-0.0014535554195505,-0.001453825675293105,0.0193217375235839,0.019321732805076052,0.0130625709820293,0.013062445322255672,1.286483057173337e-07,-4.7185078483336085e-09
exog,E8_heckman,tfp_growth,0.15,0.0016806590824059,0.001682960656792753,0.0023692812573347,0.00236873595512517,0.0118316225015513,0.011829518529564525,0.0086692143564298,0.008666768035729827,2.3015743868530936e-06,-2.1039719867756157e-06
exog,E9_foc_system,alpha,0.3478,-0.002933467956876,-0.0029333769271016556,-0.0027923773967808,-0.0027924698559435857,0.0041989455385521,0.004198890645087419,0.0029399025204826,0.002939818793124299,9.10297743442548e-08,-5.489346468177947e-08
exog,E9_foc_system,beta,0.3658,-0.0059850393026535,-0.005984973300538955,-0.0061207809396129,-0.00612077345344425,0.0070622449176716,0.007062194131587224,0.0061344093247466,0.006134520250909659,6.600211454460547e-08,-5.0786084376114315e-08
exog,E9_foc_system,a,0.5126121076233184,-0.0020101499979495,-0.0020101701097364937,-0.0021032344146925,-0.0021032739472993667,0.003918823027497,0.003918830385965179,0.0026946864544436,0.0026946869864317713,-2.011178699360544e-08,7.358468179403943e-09
exog,E9_foc_system,gamma,0.17828649103139016,-0.0022033659151829,-0.0022033263590222427,-0.0021721257390676,-0.0021720542147012772,0.0025101107240693,0.0025100801690787693,0.0021721257390676,0.0021720542147012772,3.955616065731346e-08,-3.0554990530784476e-08
exog,E9_foc_system,sigma_star,0.7370283018867925,0.0024326763073155,0.002432633407681222,0.0024041513348853,0.0024040661624340487,0.002770178114456,0.0027701447697037274,0.0024041513348853,0.0024040661624340487,-4.289963427767454e-08,-3.3344752272713996e-08
exog,E9_foc_system,lnMstar,2.8979598554678856,1.2501062371921854,1.2501056050799475,1.2493994014467966,1.2493990571741316,1.2510293781558688,1.2510287542136704,1.2493994014467966,1.2493990571741316,-6.321122378860622e-07,-6.239421983522675e-07
exog,E9_foc_system,sd_omega,0.25,0.000353389414115,0.0003533886320351652,-2.3383583356670345e-05,-2.3374811310747368e-05,0.0193678188912821,0.019367820722822764,0.0132586098989998,0.013258612705849604,-7.820798348127586e-10,1.8315406656588262e-09
exog,E9_foc_system,tfp_growth,0.15,0.0028306154409112,0.002830571428141021,0.0032334346695972,0.0032334591807379187,0.0094508487660449,0.009450852933593925,0.006646424163387,0.006646418821072433,-4.401277017927058e-08,4.167549024630679e-09
exog,E10_foc_system_T,alpha,0.3478,-0.0009242550139834,-0.0009242265521611271,-0.0010931296782369,-0.0010931220765553473,0.0027761401766491,0.002776136301112751,0.0020585605974849,0.0020586185684272063,2.8461822272813665e-08,-3.875536349305653e-09
exog,E10_foc_system_T,beta,0.3658,-0.0021180351627155,-0.002118003264763588,-0.0023345377025439,-0.002334534236968888,0.0041011693549058,0.0041011454084529,0.0030629221603993,0.0030629481941900627,3.189795191177458e-08,-2.3946452900464044e-08
exog,E10_foc_system_T,a,0.5126121076233184,-0.0007909832173348,-0.0007909817124951276,-0.0007974236712507,-0.0007974288774924565,0.0030948576304954,0.003094854615476868,0.0022179164998255,0.0022179344246967547,1.50483967236055e-09,-3.0150185321466128e-09
exog,E10_foc_system_T,gamma,0.17828649103139016,-0.000752805568627,-0.0007527904997575237,-0.0007832291036612,-0.0007832112678171493,0.0013369710530899,0.0013369621798272836,0.0009509689912519,0.0009509614837743263,1.506886947633037e-08,-8.873262616424654e-09
exog,E10_foc_system_T,sigma_star,0.7370283018867925,0.000829239933561,0.0008292234999595766,0.0008516957717263,0.0008517406604522937,0.0014734064191754,0.0014733964669538622,0.0010454780944083,0.0010454943045911103,-1.6433601423464575e-08,-9.9522215377644e-09
exog,E10_foc_system_T,lnMstar,2.8979598554678856,-0.0248544195066978,-0.024854313091036424,-0.0245570283979157,-0.024556905060081347,0.0475684579604032,0.04756837990025591,0.0321178960756203,0.03211777366020274,1.0641566137656322e-07,-7.806014729050403e-08
exog,E10_foc_system_T,sd_omega,0.25,-7.731112755991316e-05,-7.731101898105427e-05,-0.0006707341650997,-0.0006707330344949552,0.0193266825679903,0.01932668318501978,0.0133446561588366,0.013344658156901723,1.0857885888949838e-10,6.170294830631917e-10
exog,E10_foc_system_T,tfp_growth,0.15,0.0012136435640767,0.0012136270020990452,0.0016441995500574,0.0016441942197484433,0.0090623447899909,0.009062349370684807,0.0065238576486843,0.006523832663237,-1.6561977654767912e-08,4.5806939057840834e-09
funding,E1_pooled_huber,alpha,0.3478,0.0733998100532542,0.07221614760928748,0.0727159351935968,0.07255769683449695,0.1091663465561238,0.10749466788942975,0.0800616959833513,0.0771311090344941,-0.0011836624439667265,-0.001671678666694043
funding,E1_pooled_huber,beta,0.3658,0.0792433739784485,0.08125716110676326,0.0692584875504587,0.07139330299409563,0.1540408411284645,0.15599959233962085,0.0932582299880595,0.0947968476087016,0.0020137871283147646,0.001958751211156351
funding,E1_pooled_huber,a,0.5126121076233184,-0.0057702811128241,-0.004189522382281128,-0.0036805884726401,-0.00221626146252335,0.1151124909801338,0.11495426075462682,0.0778829599013198,0.07736352670620833,0.0015807587305429723,-0.0001582302255069834
funding,E1_pooled_huber,gamma,0.17828649103139016,0.026656293418637,0.026847872170853968,0.0306927278,0.030967937471837376,0.0352720419106036,0.03558465699025453,0.031688929641087,0.03185338814168934,0.00019157875221696707,0.00031261507965092694
funding,E1_pooled_huber,sigma_star,0.7370283018867925,-0.0386691844834847,-0.03885347857078062,-0.0384573146762158,-0.03849461341820504,0.0435385067411807,0.04383217523636062,0.0384573146762158,0.03849461341820504,-0.000184294087295922,0.0002936684951799218
funding,E1_pooled_huber,lnMstar,2.8979598554678856,0.5704515691030859,0.5475328242432927,0.6528154977419465,0.6144150011232898,1.6089925435441952,1.6006629220388213,1.0738566060624504,1.0738566060624504,-0.022918744859793172,-0.008329621505373863
funding,E1_pooled_huber,sd_omega,0.25,-0.0523036808409102,-0.052253058770560114,-0.0534535870234692,-0.05345358672780873,0.0568412100195209,0.05683465600769284,0.0534535870234692,0.05345358672780873,5.0622070350087034e-05,-6.554011828065198e-06
funding,E1_pooled_huber,tfp_growth,0.15,-0.089771240340732,-0.0897610532959729,-0.0895196607959237,-0.08951966097575693,0.0901760353770766,0.09016505635041729,0.0895196607959237,0.08951966097575693,1.0187044759094044e-05,-1.0979026659307944e-05
funding,E1b_pooled_huber_Etrue,alpha,0.3478,0.1151781375612517,0.1146332255897815,0.1130961135675153,0.11296010501649911,0.1198902394788394,0.11908865429859024,0.1130961135675153,0.11296010501649911,-0.0005449119714701911,-0.0008015851802491564
funding,E1b_pooled_huber_Etrue,beta,0.3658,0.1283737974410932,0.12935955731155407,0.1216504862916292,0.12186356575819679,0.1396266062236959,0.14102317294646455,0.1216504862916292,0.12186356575819679,0.0009857598704608728,0.0013965667227686385
funding,E1b_pooled_huber_Etrue,a,0.5126121076233184,0.002783656744263,0.003483935397648227,0.0026665085826657,0.002769845831648632,0.0401734095514958,0.04008428597834178,0.0224739342800582,0.022473937876716893,0.0007002786533852269,-8.912357315402075e-05
funding,E1b_pooled_huber_Etrue,gamma,0.17828649103139016,0.0591327113659481,0.059222813035377554,0.0587820269835544,0.05884643364683746,0.0596099605927835,0.0597189412505375,0.0587820269835544,0.05884643364683746,9.010166942945153e-05,0.00010898065775399868
funding,E1b_pooled_huber_Etrue,sigma_star,0.7370283018867925,-0.0605844465952695,-0.06067697359087539,-0.0599539513128439,-0.05995395131284398,0.0612174526501189,0.06135162612202201,0.0599539513128439,0.05995395131284398,-9.252699560589189e-05,0.0001341734719031082
funding,E1b_pooled_huber_Etrue,lnMstar,2.8979598554678856,0.5523580392428251,0.5418994236379349,0.5338295193516636,0.5327134707790668,0.8779850148929162,0.87501406550776,0.6044970594193817,0.6044970495316389,-0.010458615604890253,-0.0029709493851562963
funding,E1b_pooled_huber_Etrue,sd_omega,0.25,-0.0125340257501562,-0.012536155531967049,-0.0128536604507804,-0.0128536605036592,0.0215586102229938,0.021555770442275766,0.0157908245529754,0.015790824552737573,-2.1297818108487188e-06,-2.839780718032897e-06
funding,E1b_pooled_huber_Etrue,tfp_growth,0.15,-0.0648699442018585,-0.06486864228824137,-0.064490295346335,-0.06449029476736953,0.0655446799783208,0.06554323810915375,0.064490295346335,0.06449029476736953,1.3019136171354972e-06,-1.4418691670486927e-06
funding,E2_pooled_nls,alpha,0.3478,0.0432372674759933,0.04349748519716859,0.0435190577064506,0.043796944092235446,0.0514244855671672,0.05167106791774114,0.0437933118765846,0.044149225676896636,0.00026021772117528624,0.00024658235057394007
funding,E2_pooled_nls,beta,0.3658,0.0541812830990834,0.05380905526656614,0.0503648410482941,0.05019163154623446,0.071527979711052,0.07125948825851065,0.0505909436888713,0.050459541878787456,-0.00037222783251725927,-0.0002684914525413473
funding,E2_pooled_nls,a,0.5126121076233184,0.004214345447142,0.00382727757205192,0.0010960578290369,0.0010561056063586594,0.0421627070546127,0.042181685056194816,0.0247622238608186,0.024765773686116765,-0.0003870678750900799,1.8978001582119208e-05
funding,E2_pooled_nls,gamma,0.17828649103139016,0.0227648647605713,0.02274418786191695,0.0233992003723113,0.02339675591214327,0.0238982180354293,0.02388068591402684,0.0233992003723113,0.02339675591214327,-2.0676898654349574e-05,-1.753212140246166e-05
funding,E2_pooled_nls,sigma_star,0.7370283018867925,-0.0254479718965469,-0.025419681215266655,-0.0256447463278812,-0.02560081235104139,0.0267309507674841,0.026703138201795415,0.0256447463278812,0.02560081235104139,2.8290681280244284e-05,-2.7812565688685453e-05
funding,E2_pooled_nls,lnMstar,2.8979598554678856,0.2275079058064314,0.23229495106004305,0.2502486450820418,0.2558448131356239,0.7222686841655159,0.7266668283041157,0.4850658346711813,0.48649581885065607,0.004787045253611649,0.0043981441385997355
funding,E2_pooled_nls,sd_omega,0.25,-0.0095740782772836,-0.009574069647579637,-0.0102633609875987,-0.010263361143281094,0.02025627132583,0.020256268549048842,0.0146784530918293,0.014678503674379992,8.629703963577984e-09,-2.7767811591750124e-09
funding,E2_pooled_nls,tfp_growth,0.15,-0.0243338159368131,-0.02433244945053147,-0.0238744429615881,-0.023873821174668394,0.0267706521101778,0.02677001682965856,0.0238744429615881,0.023873821174668394,1.3664862816321899e-06,-6.352805192386124e-07
funding,E3_lab_fe,alpha,0.3478,0.0172396548732497,0.01723998398639689,0.0156923637341524,0.01570106038142649,0.030640191425761,0.03064208430763238,0.0190921778693713,0.019078487343880096,3.291131471933051e-07,1.8928818713813411e-06
funding,E3_lab_fe,beta,0.3658,0.0219008389886273,0.021901280895541015,0.0182470680030989,0.01820474249692894,0.0480687813114976,0.04807194831808713,0.0288593741023709,0.02886723277235606,4.419069137145959e-07,3.1670065895259003e-06
funding,E3_lab_fe,a,0.5126121076233184,0.0014394140958763,0.0014393239023538734,0.0011666134215621,0.0011502127139678686,0.0429641022457217,0.04296752719824754,0.0267362412783235,0.02675469524412641,-9.019352242649846e-08,3.4249525258447933e-06
funding,E3_lab_fe,gamma,0.17828649103139016,0.0083140852934699,0.008314047986733707,0.0078792155842291,0.007876405039797515,0.0093872201970647,0.009387252207999767,0.0078792155842291,0.007876405039797515,-3.730673619334324e-08,3.2010935067591784e-08
funding,E3_lab_fe,sigma_star,0.7370283018867925,-0.0104293406583094,-0.010429538652775955,-0.0094126105960649,-0.009408850766173926,0.0120395922613381,0.012039927722404468,0.0094126105960649,0.009408850766173926,-1.9799446655463515e-07,3.3546106636798967e-07
funding,E3_lab_fe,lnMstar,2.8979598554678856,0.1095513406686692,0.10954985284347828,0.1201793378125581,0.12019140070332801,0.653362468954685,0.6533988349245914,0.4703743539653287,0.47044407192980153,-1.4878251909239415e-06,3.636596990641561e-05
funding,E3_lab_fe,sd_omega,0.25,-0.0037186618124431,-0.0037186395901265684,-0.0042299675751684,-0.004230001635467814,0.0192659854869356,0.019265994883373973,0.0134909941234626,0.013491038017490048,2.2222316531633063e-08,9.39643837391535e-09
funding,E3_lab_fe,tfp_growth,0.15,-0.0086519297217886,-0.008651876634122079,-0.0080475615182079,-0.008047507168793516,0.0128198734407549,0.01281983767029144,0.0088008824561295,0.008800847299776274,5.3087666521470234e-08,-3.577046346105173e-08
funding,E4_mundlak,alpha,0.3478,0.0189467125902022,0.01894748040837218,0.0179516293799018,0.0179423051107587,0.032289688033351,0.0322908704320322,0.0217699972476512,0.0217619478449958,7.678181699784237e-07,1.182398681201513e-06
funding,E4_mundlak,beta,0.3658,0.028764544121461,0.02876340985521486,0.0222895476063602,0.02229591889586155,0.0542796005049966,0.05427967659229261,0.0296350048039209,0.02955137200554314,-1.1342662461395758e-06,7.608729601232822e-08
funding,E4_mundlak,a,0.5126121076233184,0.0044746473333278,0.004473378769421034,0.0009308078570817,0.0009057774458518519,0.0451472243086854,0.045148497984475656,0.0288462471501729,0.02888647020811763,-1.2685639067663498e-06,1.2736757902531703e-06
funding,E4_mundlak,gamma,0.17828649103139016,0.0102231940447278,0.0102230471469895,0.0105975657986916,0.010598950518211733,0.0113378438560565,0.011337792583101322,0.0105975657986916,0.010598950518211733,-1.4689773829984487e-07,-5.127295517846908e-08
funding,E4_mundlak,sigma_star,0.7370283018867925,-0.012674047512804,-0.012673952118235137,-0.0119742003890265,-0.011975317021822973,0.0142916413778275,0.014291538347853197,0.0119742003890265,0.011975317021822973,9.53945688622615e-08,-1.0302997430211569e-07
funding,E4_mundlak,lnMstar,2.8979598554678856,0.0939965530180049,0.0940113486879503,0.1287451516665334,0.12826644312089996,0.6569891341854112,0.6569956508085961,0.4888441232547826,0.48886577160305933,1.4795669945402712e-05,6.5166231849600464e-06
funding,E4_mundlak,sd_omega,0.25,-0.0045460043634629,-0.004546001137784806,-0.0052891938612275,-0.005289248295879664,0.0193294135381348,0.01932944094917087,0.0136553470016519,0.013655987448336904,3.2256780935560614e-09,2.7411036069430184e-08
funding,E4_mundlak,tfp_growth,0.15,-0.0105244509617526,-0.010524430722929239,-0.0100441249868169,-0.010044029514250527,0.0141619423852044,0.014161925756857863,0.0105439857246932,0.010544425080278794,2.0238823362009328e-08,-1.662834653651246e-08
funding,E5_labgen_fe,alpha,0.3478,0.0003499284830186,0.0003501937838857873,0.0002501349096541,0.0002526190293424546,0.0145589142884523,0.014560312929640946,0.0105315437539364,0.010531475247357702,2.6530086718728205e-07,1.398641188646993e-06
funding,E5_labgen_fe,beta,0.3658,0.0026491237076963,0.0026491534679339446,0.0002780082939042,0.0002745497883399062,0.0259539467148642,0.02595641141729876,0.0178667835093506,0.017868941242675435,2.976023764445293e-08,2.4647024345590685e-06
funding,E5_labgen_fe,a,0.5126121076233184,0.0011178213949864,0.0011175686463681287,-0.0001758232213392,-0.00017303264320789324,0.0275021041059038,0.027504728384286716,0.0191564241541684,0.019154834334955878,-2.5274861827138777e-07,2.6242783829170946e-06
funding,E5_labgen_fe,gamma,0.17828649103139016,0.0001754323605439,0.00017540442116712214,0.0001035828759494,0.00010377901261782174,0.0025782790009924,0.0025784506827366644,0.0018860371171864,0.0018863872950859173,-2.7939376777853103e-08,1.716817442645388e-07
funding,E5_labgen_fe,sigma_star,0.7370283018867925,-0.0007975150531453,-0.0007975923414278996,-0.000265585150781,-0.0002658333710726102,0.0035328592426689,0.003533153663791628,0.0023286567005378,0.0023287264554326947,-7.728828259963468e-08,2.9442112272791074e-07
funding,E5_labgen_fe,lnMstar,2.8979598554678856,-0.0091874461938875,-0.00918438937167115,0.0054937031306574,0.00535410743991771,0.3777564032127955,0.3777861039352237,0.2690080543973687,0.26903139374169704,3.056822216350105e-06,2.9700722428194215e-05
funding,E5_labgen_fe,sd_omega,0.25,0.000210949383516,0.0002109609412933277,-0.0009423784288348,-0.0009423095759407141,0.0191849372484361,0.019184938687119464,0.012307050525155,0.012307040285706256,1.1557777327699751e-08,1.4386833634139062e-09
funding,E5_labgen_fe,tfp_growth,0.15,5.038783542276139e-05,5.041179167837646e-05,0.0006736204412024,0.0006737212376310558,0.0091119812942037,0.009111974893216608,0.0058978949060814,0.005897914626038461,2.3956255615073324e-08,-6.400987091065291e-09
funding,E6_acf,alpha,0.3478,0.0161403403823941,0.016140670045301033,0.0140753011259824,0.01407868256195055,0.0361756429818295,0.03617594671276276,0.0204717228083939,0.02047521328566365,3.2966290693450806e-07,3.0373093325847256e-07
funding,E6_acf,beta,0.3658,0.0220680114107847,0.022067702598139585,0.013912277678888,0.013912276757385739,0.0624720279230218,0.06247218611372155,0.0318313953772903,0.031830928808789294,-3.088126451153417e-07,1.5819069975470113e-07
funding,E6_acf,a,0.5126121076233184,0.0014532992976036,0.0014528571628769844,-0.0003814560605284,-0.0003864884828058135,0.0543145297832619,0.054314802237462184,0.0321122264531361,0.03211434271410413,-4.4213472661573487e-07,2.7245420028410017e-07
funding,E6_acf,gamma,0.17828649103139016,0.0071358888885804,0.0071358792450687426,0.0069173717913181,0.006917374667824161,0.0091720779893057,0.009172084791929627,0.0070480517016154,0.00704783979208537,-9.643511657622672e-09,6.802623925966644e-09
funding,E6_acf,sigma_star,0.7370283018867925,-0.0101143131452121,-0.01011431770034148,-0.0084575165212847,-0.008457531274888352,0.0136334301043018,0.01363345757612524,0.0084575165212847,0.008457531274888352,-4.555129379593681e-09,2.74718234393595e-08
funding,E6_acf,lnMstar,2.8979598554678856,0.0982417571965141,0.09824494159933414,0.1346666655797272,0.13466657066221321,0.7871302205766988,0.7871394353940212,0.513825840315941,0.5138249273896451,3.1844028200445074e-06,9.214817322411584e-06
funding,E6_acf,sd_omega,0.25,-0.0030017090430574,-0.0030017048716590934,-0.0035540977714774,-0.003554096010356292,0.0192090212654413,0.019209020866966745,0.0131893822987832,0.013189382479469283,4.1713983066349325e-09,-3.9847455543529087e-10
funding,E6_acf,tfp_growth,0.15,-0.0073770613171703,-0.007377054314524551,-0.0069273222691472,-0.006927361464322296,0.0119443169700156,0.011944309558656014,0.0076758170237553,0.007675769642919772,7.002645749723535e-09,-7.411359586803612e-09
funding,E6b_acf_lagonly,alpha,0.3478,0.0153449538120979,0.015344965177856426,-8.82358751505552e-05,-8.824106788923869e-05,0.0762842798625007,0.07628430676737051,0.0515473664119737,0.051547360931645,1.1365758525311298e-08,2.690486980427842e-08
funding,E6b_acf_lagonly,beta,0.3658,0.0290195553884202,0.02901955936642354,-0.0057584096519561,-0.005758417820638018,0.1376484496885936,0.1376484750009723,0.0835776225524471,0.08357764310921376,3.978003339927261e-09,2.5312378693076454e-08
funding,E6b_acf_lagonly,a,0.5126121076233184,-0.000774529575343,-0.0007745357729985713,-0.0042401336293054,-0.004240135718757532,0.1207656492143954,0.12076566987832019,0.0963972938903768,0.09639728726254812,-6.19765557136661e-09,2.0663924779618092e-08
funding,E6b_acf_lagonly,gamma,0.17828649103139016,-0.0010230503084732,-0.001023051035512337,-0.0011315331462328,-0.001131524529139949,0.0105559348099824,0.010555934951396064,0.0069581444098544,0.006958144311015782,-7.270391370103185e-10,1.4141366376507758e-10
funding,E6b_acf_lagonly,sigma_star,0.7370283018867925,-0.0112335249751453,-0.011233528760781217,-0.0030784407248412,-0.003078438963951158,0.0235020443035394,0.02350204960560274,0.0059744258936013,0.00597442430316053,-3.785635917588626e-09,5.302063336987128e-09
funding,E6b_acf_lagonly,lnMstar,2.8979598554678856,0.0198952488488694,0.019895355063016984,0.0355825842013843,0.035582580578382705,1.5143257478717098,1.5143260316625176,1.136840980794314,1.1368410510670492,1.0621414758479886e-07,2.837908077424345e-07
funding,E6b_acf_lagonly,sd_omega,0.25,0.0012215681932881,0.0012215682478621049,4.898154748469996e-05,4.8981533283004586e-05,0.0194539083153241,0.019453908393340512,0.0125634575656559,0.012563456284788985,5.4574004820437394e-11,7.801641277449534e-11
funding,E6b_acf_lagonly,tfp_growth,0.15,0.0018411496811924,0.0018411500180612527,0.0021553807796395,0.0021553808330608826,0.0093694420768145,0.0093694417540578,0.006838665329938,0.006838665124467944,3.3686885269126887e-10,-3.2275669983872213e-10
funding,E7_iv_path,alpha,0.3478,-0.0033868286856239,-0.0033868286856239605,0.0077873346228633,0.007787334622863379,0.0996242509298009,0.09962425092980093,0.0602705331528387,0.06027053315283876,-6.071532165918825e-17,2.7755575615628914e-17
funding,E7_iv_path,beta,0.3658,-0.0038641857210731,-0.003864185721073163,0.0078129746181247,0.007812974618124718,0.1046574521111942,0.10465745211119422,0.0645614115224231,0.06456141152242312,-6.288372600415926e-17,1.3877787807814457e-17
funding,E7_iv_path,a,0.5126121076233184,-0.0002009474391671,-0.00020094743916718118,-0.000443123729298,-0.0004431237292980561,0.0035818058850857,0.003581805885085771,0.0024713863528818,0.0024713863528818547,-8.117963766485214e-17,7.112366251504909e-17
funding,E7_iv_path,gamma,0.17828649103139016,-0.001816977672892,-0.0018169776728920706,0.0046324156288386,0.00463241562883869,0.0510200887991375,0.051020088799137574,0.0311752765813186,0.031175276581318606,-7.068998164605489e-17,7.632783294297951e-17
funding,E7_iv_path,sigma_star,0.7370283018867925,0.0064821229511533,0.0064821229511533044,-0.0050539851361374,-0.005053985136137473,0.0606616805518332,0.06066168055183322,0.034054134218814,0.03405413421881409,4.336808689942018e-18,2.0816681711721685e-17
funding,E7_iv_path,lnMstar,2.8979598554678856,1.28042001573731,1.28042001573731,1.282722900098228,1.282722900098228,1.2814758288655568,1.2814758288655568,1.282722900098228,1.282722900098228,0.0,0.0
funding,E7_iv_path,sd_omega,0.25,0.0109924691174184,0.010992469117418415,0.0006339911594035,0.0006339911594035186,0.0416864117560666,0.041686411756066605,0.0174421400377309,0.017442140037730924,1.5612511283791264e-17,6.938893903907228e-18
funding,E7_iv_path,tfp_growth,0.15,0.0021741798609311,0.002174179860931154,-0.0034537609860372,-0.003453760986037238,0.0561846241455767,0.05618462414557675,0.0318835654121415,0.03188356541214152,5.421010862427522e-17,4.85722573273506e-17
funding,E8_heckman,alpha,0.3478,0.043238971401922,0.04349705239354419,0.0435191782985887,0.04378688242756937,0.0514261836680706,0.05167087878720604,0.0438108384973779,0.04415085477490188,0.0002580809916221949,0.00024469511913544073
funding,E8_heckman,beta,0.3658,0.054178159619611,0.05381009290515177,0.0503570766607935,0.050187009381224584,0.0715263656815471,0.07126150945899591,0.0505769364876099,0.050483087264951126,-0.0003680667144592281,-0.00026485622255119357
funding,E8_heckman,a,0.5126121076233184,0.0042113404003797,0.00382805104106958,0.00114106131419,0.0010342753511424774,0.0421632699601586,0.04218321757021513,0.0247804696790043,0.024730110396258054,-0.00038328935931012005,1.9947610056525455e-05
funding,E8_heckman,gamma,0.17828649103139016,0.0227645335359874,0.022744213844359845,0.0233992003723113,0.02339812755519706,0.0238979752630392,0.02388076028619071,0.0233992003723113,0.02339812755519706,-2.031969162755512e-05,-1.7214976848489022e-05
funding,E8_heckman,sigma_star,0.7370283018867925,-0.0254476064884627,-0.025419829886458637,-0.0256433199936758,-0.025600888882836292,0.0267306823732874,0.026703339312594405,0.0256433199936758,0.025600888882836292,2.7776602004061374e-05,-2.7343060692994886e-05
funding,E8_heckman,lnMstar,2.8979598554678856,0.2275153862700823,0.2322873034752812,0.2506368728725756,0.25600295119968774,0.7222610237881588,0.7266683889948106,0.4846876985557733,0.48661465558214023,0.0047719172051989,0.004407365206651748
funding,E8_heckman,sd_omega,0.25,-0.0095740716353843,-0.00957406926507345,-0.0102633609875987,-0.010263361143281094,0.0202562587152396,0.02025625833238353,0.0146785197403818,0.014678464789369863,2.370310850374757e-09,-3.8285606976384834e-10
funding,E8_heckman,tfp_growth,0.15,-0.0243337949427718,-0.024332421959853398,-0.0238737795048332,-0.023874122196823236,0.0267706299193325,0.026770016177264152,0.0238737795048332,0.023874122196823236,1.3729829184024045e-06,-6.137420683477446e-07
funding,E9_foc_system,alpha,0.3478,-0.002711117089095,-0.0027110473552064197,-0.0027973301577066,-0.0027973142255303396,0.0040676756648492,0.004067651877597927,0.0028983132057062,0.00289833528830169,6.973388858022567e-08,-2.378725127288872e-08
funding,E9_foc_system,beta,0.3658,-0.0058539270700719,-0.005853874868865731,-0.0059217728306861,-0.005921814009631959,0.0072187140550476,0.007218680874618843,0.0059967251404324,0.005996730095270575,5.220120616843127e-08,-3.3180428756982017e-08
funding,E9_foc_system,a,0.5126121076233184,-0.0020836294021541,-0.002083643593698387,-0.0022677372424618,-0.0022677365582031705,0.0038936938231912,0.003893701723294635,0.0029738688022092,0.002973893549276352,-1.4191544286945579e-08,7.90010343514752e-09
funding,E9_foc_system,gamma,0.17828649103139016,-0.0021136560099014,-0.002113625331376584,-0.0021159714982428,-0.002115953167706172,0.0025369693985357,0.0025369515258937816,0.00213054194339,0.0021305587963070943,3.0678524815582614e-08,-1.787264191852045e-08
funding,E9_foc_system,sigma_star,0.7370283018867925,0.0023369301179182,0.002336896851841547,0.0023668943094499,0.002366817636075713,0.0028046571133956,0.0028046375586439527,0.0023728152515137,0.0023728053132518467,-3.3266076652875565e-08,-1.9554751647370833e-08
funding,E9_foc_system,lnMstar,2.8979598554678856,1.251518524290331,1.25151795294285,1.253756642865946,1.2537553117086602,1.2524578072332058,1.2524572413415298,1.253756642865946,1.2537553117086602,-5.713474811042119e-07,-5.658916759632149e-07
funding,E9_foc_system,sd_omega,0.25,0.0017361991628687,0.0017361835034815326,0.0006006565539526,0.0006004012171360318,0.0194484833521343,0.01944848266189646,0.0120440381605583,0.012043999687017692,-1.565938716739136e-08,-6.902378391071551e-10
funding,E9_foc_system,tfp_growth,0.15,0.0023970463789384,0.0023970127030096787,0.0030347640541706,0.003034710530828974,0.0096152428426682,0.009615237511890477,0.0062011712988564,0.006201294345565961,-3.367592872139183e-08,-5.330777723758229e-09
funding,E10_foc_system_T,alpha,0.3478,-0.0006339852032193,-0.000633958753236566,-0.0004647096700381,-0.00046474847035701816,0.0028201861375406,0.0028201903004952413,0.0018632330151227,0.0018633176468857704,2.644998273399271e-08,4.162954641163258e-09
funding,E10_foc_system_T,beta,0.3658,-0.0018778960481778,-0.0018778650813473954,-0.0019115910187954,-0.001911584316751036,0.0042595328534256,0.0042595259320059925,0.0030257730250132,0.0030257837989173253,3.0966830404620393e-08,-6.921419607591739e-09
funding,E10_foc_system_T,a,0.5126121076233184,-0.000836501563013,-0.0008364993331635262,-0.0007578204928914,-0.000757824156685516,0.0031433889443624,0.003143390480404928,0.0020368663668792,0.002036872697960157,2.2298494737954186e-09,1.5360425279810352e-09
funding,E10_foc_system_T,gamma,0.17828649103139016,-0.0006196952499497,-0.0006196809512628513,-0.0005948780257773,-0.0005948425842029481,0.0013930670486348,0.0013930650905177664,0.0009707965082588,0.0009708006040970996,1.4298686848695369e-08,-1.9581170335354614e-09
funding,E10_foc_system_T,sigma_star,0.7370283018867925,0.0006854298164517,0.0006854142124100845,0.0006857319934878,0.0006857083895356886,0.0015351307552569,0.0015351284640580005,0.0010742103235326,0.0010742275204790874,-1.5604041615465206e-08,-2.2911988994435417e-09
funding,E10_foc_system_T,lnMstar,2.8979598554678856,-0.0222755414611901,-0.022275435680477212,-0.0206285030234452,-0.020628530182589033,0.0467421423458033,0.046742115733358215,0.0312884089572529,0.031288020644340664,1.0578071288694368e-07,-2.66124450878924e-08
funding,E10_foc_system_T,sd_omega,0.25,0.0004922055801385,0.000492198671617032,-0.0003896535950173,-0.0003896584247598256,0.0192030769938961,0.019203076489114842,0.0122126028497886,0.012212608515778212,-6.9085214680041085e-09,-5.047812584590972e-10
funding,E10_foc_system_T,tfp_growth,0.15,0.0006700822656923,0.0006700667177221534,0.0012598898472778,0.0012596869112645181,0.0091558569504665,0.009155857525457002,0.005805563967305,0.00580552471401892,-1.5547970146599643e-08,5.749905031271485e-10
target,E1_pooled_huber,alpha,0.3478,0.0006545288507211,0.0006545282895993771,0.0004225744940895,0.00042257449408950043,0.0524739980174386,0.052473998266568275,0.0335391597786725,0.03353916263931775,-5.611217229794033e-10,2.4912967522272567e-10
target,E1_pooled_huber,beta,0.3658,0.0011056859675681,0.001105686457721157,-0.0041397761597999,-0.004139773063410068,0.0841990844195341,0.08419908481187774,0.0494673923751657,0.04946739112183346,4.901530570311508e-10,3.9234364368478936e-10
target,E1_pooled_huber,a,0.5126121076233184,-0.0040183891561248,-0.004018388552766492,-0.0010285051766026,-0.0010285023453728281,0.0822629189103135,0.08226291993371658,0.0496849145034157,0.04968491450341572,6.033583086276217e-10,1.0234030844991082e-09
target,E1_pooled_huber,gamma,0.17828649103139016,-0.0042008288898369,-0.004200828980060742,-0.0015191560877042,-0.0015191562875297993,0.0216700802389207,0.021670080702632644,0.012255378686793,0.012255378686793064,-9.022384228618563e-11,4.637119438433146e-10
target,E1_pooled_huber,sigma_star,0.7370283018867925,0.0001651323539217,0.00016513238461830809,-0.0018623952261562,-0.0018623972189592553,0.0218633473145465,0.02186334754534084,0.0140221645635413,0.014022165228764205,3.0696608097199526e-11,2.3079433850159425e-10
target,E1_pooled_huber,lnMstar,2.8979598554678856,-0.0373171401393297,-0.037317147828352465,0.0041669588782322,0.004166958878232263,1.4120701947502636,1.4120701871045627,0.9202375796854448,0.9202375796854447,-7.689022765711151e-09,-7.64570096123407e-09
target,E1_pooled_huber,sd_omega,0.25,-0.0055369561589511,-0.005536956352115478,-0.0021158921370482,-0.0021158917507881347,0.0281391926550084,0.028139193129993773,0.0189946111977982,0.0189946118405261,-1.9316437858962754e-10,4.749853739494103e-10
target,E1_pooled_huber,tfp_growth,0.15,-0.0361896480203469,-0.036189648115822315,-0.0366561039767601,-0.036656103976760154,0.0394200549970444,0.039420055110078955,0.0366561039767601,0.036656103976760154,-9.547541229837364e-11,1.1303455393907313e-10
target,E1b_pooled_huber_Etrue,alpha,0.3478,0.027274645143196,0.02628359148307039,0.024114731620385,0.02382237304032081,0.0418647692570855,0.04048615849976195,0.0258253015882958,0.02574163547276323,-0.0009910536601256091,-0.0013786107573235534
target,E1b_pooled_huber_Etrue,beta,0.3658,0.0294103743340658,0.03054150057952413,0.0213530940968783,0.022643145039836138,0.0602305823428218,0.06085029748891162,0.0292709400615964,0.029944933017754305,0.0011311262454583304,0.0006197151460898137
target,E1b_pooled_huber_Etrue,a,0.5126121076233184,-0.0008842706861586,0.0004396614629278675,-0.0018624885831308,-0.0014212843471174685,0.0465563079240649,0.04603401897675375,0.0230951923017897,0.02309518595215529,0.0013239321490864675,-0.0005222889473111489
target,E1b_pooled_huber_Etrue,gamma,0.17828649103139016,0.0124291592693104,0.012473382307464203,0.0117552368313561,0.011755237358130513,0.0157758811180321,0.015786321939670302,0.011914142849474,0.011914143184950501,4.422303815380252e-05,1.0440821638202369e-05
target,E1b_pooled_huber_Etrue,sigma_star,0.7370283018867925,-0.0149008221422427,-0.014936913759257925,-0.0134485938119947,-0.013578510377017294,0.0187332532223871,0.018769828682960996,0.0135785099776633,0.013683027149191673,-3.609161701522562e-05,3.657546057389549e-05
target,E1b_pooled_huber_Etrue,lnMstar,2.8979598554678856,0.0553805915962384,0.03546737872991606,0.1399082908639584,0.13771288694032657,1.3610949050222585,1.3469158022581158,0.7259199069105644,0.7229521246933399,-0.01991321286632234,-0.014179102764142693
target,E1b_pooled_huber_Etrue,sd_omega,0.25,0.0164202106400722,0.016425959476796603,0.0161742442968361,0.016174244296836116,0.0231656503995106,0.023185830359016994,0.0174942825183136,0.017494281896191996,5.748836724401435e-06,2.017995950639312e-05
target,E1b_pooled_huber_Etrue,tfp_growth,0.15,-0.0147239760058702,-0.014730107744802656,-0.0149003496476234,-0.014900349647623434,0.0186157522103443,0.018622204077325486,0.0152888207282419,0.015288820317174712,-6.1317389324563876e-06,6.4518669811858276e-06
target,E2_pooled_nls,alpha,0.3478,-0.0507327450842086,-0.03868546169024714,-0.0438382793496528,-0.014788139270295653,0.1013345195147595,0.09559485558315438,0.0759990099206131,0.06684722270348731,0.01204728339396146,-0.0057396639316051185
target,E2_pooled_nls,beta,0.3658,-0.0693092271331606,-0.09207315215305453,-0.1573099192516277,-0.17071074160812588,0.1632466755540779,0.1679333935423575,0.1693369414642947,0.17534490152720122,-0.022763925019893938,0.004686717988279604
target,E2_pooled_nls,a,0.5126121076233184,-0.0316371767698559,-0.05952537278491841,-0.1160034924464904,-0.14828251548763363,0.1881393678332043,0.19098843367861063,0.1864121337087718,0.18977300488506973,-0.02788819601506251,0.0028490658454063122
target,E2_pooled_nls,gamma,0.17828649103139016,-0.0510807415691563,-0.0534524187391672,-0.0500627513901523,-0.05295502242328792,0.0533437477463762,0.055617771295187086,0.0500627513901523,0.05295502242328792,-0.0023716771700109038,0.0022740235488108856
target,E2_pooled_nls,sigma_star,0.7370283018867925,0.0348233064828364,0.03792709953041032,0.0388714507193702,0.041807831061075496,0.0418087565833985,0.04363114795922924,0.0393395098601914,0.041886140112731673,0.0031037930475739176,0.0018223913758307411
target,E2_pooled_nls,lnMstar,2.8979598554678856,-0.1788211822183847,0.09885804240991743,-0.111108856125814,0.51173545325747,2.2522051646271635,2.1660408657707997,1.9876155093312988,1.9310427271836286,0.27767922462830213,-0.08616429885636379
target,E2_pooled_nls,sd_omega,0.25,-0.0565231888359226,-0.05658227196295064,-0.0566654921407231,-0.05666556649045912,0.0577856770733055,0.057850401125785135,0.0566654921407231,0.05666556649045912,-5.9083127028042304e-05,6.472405247963386e-05
target,E2_pooled_nls,tfp_growth,0.15,0.0539823040630075,0.054040807452317804,0.0539676597622805,0.05396767916449002,0.054911943144236,0.05497530399610997,0.0539676597622805,0.05396767916449002,5.850338931030763e-05,6.336085187396562e-05
target,E3_lab_fe,alpha,0.3478,-0.0282343048216958,-0.0242069863359919,-0.0433148015730696,-0.03200859022658653,0.0628134159352522,0.061465334390997835,0.0601942241229444,0.05708798957351874,0.004027318485703899,-0.0013480815442543717
target,E3_lab_fe,beta,0.3658,-0.0232291161961627,-0.030292960978417428,-0.0354812038472163,-0.05141366908602271,0.0996401430310911,0.10123732202367691,0.0964110165223517,0.09902335138048898,-0.007063844782254726,0.0015971789925858099
target,E3_lab_fe,a,0.5126121076233184,-0.0020134997939584,-0.010303579196527414,0.0065569809485767,-0.014071548426345643,0.1111284667378983,0.11204003041354982,0.1048062069797396,0.10542191157478822,-0.008290079402569015,0.000911563675651525
target,E3_lab_fe,gamma,0.17828649103139016,-0.0212333845044098,-0.021927344208486098,-0.0201985429531539,-0.021046231846633484,0.023236105656513,0.02393543844803594,0.0201985429531539,0.021046231846633484,-0.0006939597040762982,0.0006993327915229414
target,E3_lab_fe,sigma_star,0.7370283018867925,0.0144936063886939,0.015344640405998353,0.0184094947000438,0.019306808140955145,0.0198071184352816,0.020314021298821344,0.0189534667730112,0.019590491041392155,0.0008510340173044535,0.0005069028635397432
target,E3_lab_fe,lnMstar,2.8979598554678856,-0.1473479434530932,-0.056796975619990905,-0.2487206589848405,-0.05422640982043636,1.3613477950345247,1.3450816153678307,1.166854903024482,1.1477499264301012,0.0905509678331023,-0.01626617966669408
target,E3_lab_fe,sd_omega,0.25,-0.0293986679298437,-0.029437968856478668,-0.0300693342981683,-0.03006932126210582,0.0341341693561222,0.03417518598953156,0.0300693342981683,0.03006932126210582,-3.93009266349692e-05,4.101663340935757e-05
target,E3_lab_fe,tfp_growth,0.15,0.0234176673000406,0.023438636618424855,0.0234657350574872,0.02347327322298215,0.0249267070218562,0.02494654501535774,0.0234657350574872,0.02347327322298215,2.0969318384255614e-05,1.9837993501539697e-05
target,E4_mundlak,alpha,0.3478,-0.0172905337162261,-0.010986396104863627,-0.0139503920512314,0.00564108896014312,0.0731677472236593,0.07219498775490428,0.0713651678577927,0.069919414472291,0.006304137611362472,-0.0009727594687550245
target,E4_mundlak,beta,0.3658,-0.0297192623476197,-0.04036282753009052,-0.0825094338468457,-0.10447041565717402,0.1241687037112238,0.12513484146177895,0.1224687215050104,0.12441714927561207,-0.010643565182470817,0.0009661377505551516
target,E4_mundlak,a,0.5126121076233184,-0.0185244978168075,-0.030807249254594632,-0.0548791301121243,-0.08694209251087892,0.1388917624737179,0.14007013465477822,0.137323061252554,0.13808858523088594,-0.012282751437787131,0.0011783721810603165
target,E4_mundlak,gamma,0.17828649103139016,-0.0246033545094734,-0.025588600684615853,-0.024239234949848,-0.026310374560746086,0.0272220723990319,0.02804557981078442,0.024239234949848,0.026310374560746086,-0.0009852461751424547,0.0008235074117525186
target,E4_mundlak,sigma_star,0.7370283018867925,0.0133504598327343,0.014548385586695285,0.0186964355248476,0.020148210512897224,0.0210126364249147,0.021368012395468358,0.0202135490707616,0.02105968439786171,0.0011979257539609846,0.0003553759705536598
target,E4_mundlak,lnMstar,2.8979598554678856,0.0392839997572819,0.17936151839096073,0.2914181922824954,0.6527763180611017,1.6646731316551568,1.6534499344611997,1.5248979807462266,1.5215732558758734,0.14007751863367884,-0.011223197193957146
target,E4_mundlak,sd_omega,0.25,-0.0324328409168888,-0.032470871761563214,-0.032660649235948,-0.032706136026645544,0.0365898840179277,0.03662426761955424,0.032660649235948,0.032706136026645544,-3.803084467441514e-05,3.4383601626546134e-05
target,E4_mundlak,tfp_growth,0.15,0.0262267252513475,0.02626983100739019,0.0260023661996501,0.02604781537900419,0.0275935847751759,0.027642077051712576,0.0260023661996501,0.02604781537900419,4.3105756042688403e-05,4.8492276536676177e-05
target,E5_labgen_fe,alpha,0.3478,0.000157026927285,0.00015647980844025647,-0.00092850474786,-0.0009515775939011317,0.013105139546572,0.013106928666103631,0.0090266039613002,0.009027270256234038,-5.471188447435285e-07,1.7891195316314251e-06
target,E5_labgen_fe,beta,0.3658,0.0013127029801176,0.0013140648170862895,0.0006484306349062,0.000645089286491568,0.0228352540852333,0.022837900461053183,0.015244644888722,0.015250232378947709,1.361836968689521e-06,2.646375819884139e-06
target,E5_labgen_fe,a,0.5126121076233184,0.0004468670321516,0.0004481191071036392,0.0011556388602855,0.0011553207080297612,0.0246342680110345,0.024637343487786477,0.0171896795036908,0.017206727145680667,1.2520749520391846e-06,3.0754767519763915e-06
target,E5_labgen_fe,gamma,0.17828649103139016,-8.18141413756502e-05,-8.1743267471081e-05,8.50082289043097e-05,8.796865526805586e-05,0.0023195341810727,0.002319670366898378,0.0015680186499141,0.0015680484244806059,7.087390456919748e-08,1.36185825677735e-07
target,E5_labgen_fe,sigma_star,0.7370283018867925,-0.0003870829715916,-0.00038730238249960026,-0.0001552732996852,-0.00015745833552316402,0.0029813235275565,0.0029815530732766847,0.0019588102908136,0.0019589546121557833,-2.194109080002585e-07,2.29545720184781e-07
target,E5_labgen_fe,lnMstar,2.8979598554678856,-0.0082258295323245,-0.00824153378326867,-0.0018017420000082,-0.0018473668106981922,0.3319258868228683,0.3319502925334553,0.2278333664159249,0.22777887277262288,-1.5704250944170023e-05,2.4405710587038776e-05
target,E5_labgen_fe,sd_omega,0.25,-0.0016980617742553,-0.0016980886295790943,-0.0019717982571214,-0.0019718012001464086,0.0198453694300314,0.01984536438015907,0.013482304836283,0.013482328156822682,-2.685532379440546e-08,-5.049872329326854e-09
target,E5_labgen_fe,tfp_growth,0.15,-0.0001432252804519,-0.00014320537701193812,0.000196875633377,0.00019688880661407338,0.0086390783687743,0.008639071695050227,0.0058724109733412,0.005872142527681062,1.990343996189389e-08,-6.673724073369414e-09
target,E6_acf,alpha,0.3478,0.0527339522697138,0.06598510997921825,0.0224269824247066,0.052252113272124756,0.1798219199303228,0.18651219599765081,0.1207382119601966,0.12171609650778892,0.013251157709504448,0.006690276067328027
target,E6_acf,beta,0.3658,0.0458739310232914,0.02503631566461893,-0.1072816240121427,-0.12594294553722257,0.2978718708210262,0.2874121347975844,0.1883584105758987,0.1881772360917354,-0.020837615358672474,-0.010459736023441801
target,E6_acf,a,0.5126121076233184,-0.0369854208528003,-0.05531943496881773,-0.0996251229124444,-0.13692782361091393,0.2388028817096109,0.24060099145835268,0.2318132428226091,0.2324906990577124,-0.018334014116017427,0.001798109748741783
target,E6_acf,gamma,0.17828649103139016,-0.0256392111837283,-0.027152832081484276,-0.0249480753232389,-0.02788158436292472,0.0327254998774159,0.03400036950117248,0.0249480753232389,0.02788158436292472,-0.0015136208977559774,0.001274869623756579
target,E6_acf,sigma_star,0.7370283018867925,-0.0228675959839441,-0.021140208134038847,-0.013777030520587,-0.01293472430240411,0.0490853557837561,0.046943616568044716,0.0222234303167999,0.021300308718923855,0.0017273878499052542,-0.002141739215711383
target,E6_acf,lnMstar,2.8979598554678856,0.3069866616393182,0.5236498552548303,0.6995004018181965,1.173013137433927,2.810636069462321,2.827154811602116,2.5788728354353574,2.5813162454084706,0.21666319361551212,0.016518742139794984
target,E6_acf,sd_omega,0.25,-0.0261930186568504,-0.026279518757571417,-0.0265942943945395,-0.026874584026487555,0.0321908272170672,0.0322635857953908,0.0270341963096366,0.02724732213797068,-8.65001007210181e-05,7.27585783235965e-05
target,E6_acf,tfp_growth,0.15,0.0241376819194975,0.02423328743315672,0.0241693645115805,0.024351679778931934,0.0259332800999135,0.02603577814991897,0.0241693645115805,0.024351679778931934,9.56055136592214e-05,0.000102498050005468
target,E6b_acf_lagonly,alpha,0.3478,0.0140239915497228,0.014618389638578075,-0.0028010281600746,-0.001716474360079212,0.0791487726970563,0.07948865622128778,0.0515424291078049,0.051542429496230224,0.000594398088855275,0.0003398835242314907
target,E6b_acf_lagonly,beta,0.3658,0.0313995282459372,0.030424523838385054,-0.0041197693904143,-0.004574392455524101,0.1409608611522866,0.14057551486481976,0.0910187537856453,0.09102097683105795,-0.0009750044075521429,-0.00038534628746683675
target,E6b_acf_lagonly,a,0.5126121076233184,0.0012103909057442,0.0002467724962236334,-0.0016351587766979,-0.0021621352127027538,0.1261732597765759,0.12627458612385054,0.1033053261108454,0.10330532326692413,-0.0009636184095205665,0.0001013263472746384
target,E6b_acf_lagonly,gamma,0.17828649103139016,-0.001814677481576,-0.001896724210591264,-0.0012955903503672,-0.0013621253145034706,0.0107811199299317,0.010818171317778732,0.0070989076650595,0.00709897152780202,-8.204672901526407e-05,3.705138784703202e-05
target,E6b_acf_lagonly,sigma_star,0.7370283018867925,-0.0115393693658638,-0.011443210724698361,-0.003846570275416,-0.003846240098867637,0.0233338298253445,0.023226730127168537,0.0072684660316467,0.007250417717624469,9.615864116543915e-05,-0.00010709969817596435
target,E6b_acf_lagonly,lnMstar,2.8979598554678856,0.0237429753084092,0.03495822769980375,0.0146192311409591,0.02549297441378684,1.5033775102303597,1.5046229339766597,1.2041080595214964,1.2041084774048652,0.01121525239139455,0.0012454237462999895
target,E6b_acf_lagonly,sd_omega,0.25,-0.0039568422355134,-0.003960816832047305,-0.0052020305680797,-0.005202030542223082,0.0203261573331603,0.020326043408544766,0.0135996195680591,0.013599619559641354,-3.974596533905077e-06,-1.1392461553294542e-07
target,E6b_acf_lagonly,tfp_growth,0.15,0.0021189029450898,0.0021241808422480944,0.0023484401356682,0.0023484402002606763,0.0089298991955817,0.008932563118284732,0.0060224059413205,0.006022405960996416,5.277897158294416e-06,2.6639227030320067e-06
target,E7_iv_path,alpha,0.3478,0.0531811311260135,0.05318113112601352,-0.0026520586449788,-0.0026520586449788053,0.3475585274496137,0.34755852744961374,0.0532513075569552,0.053251307556955285,2.0816681711721685e-17,5.551115123125783e-17
target,E7_iv_path,beta,0.3658,0.0508066445280277,0.0508066445280277,-0.0059865289857895,-0.00598652898578958,0.3627795985648343,0.3627795985648343,0.0568325266445925,0.05683252664459254,0.0,0.0
target,E7_iv_path,a,0.5126121076233184,-0.0032270921669405,-0.0032270921669405594,-0.0033483097477833,-0.0033483097477833845,0.0047966586754772,0.004796658675477276,0.003570456466093,0.0035704564660930527,-5.941427905220564e-17,7.632783294297951e-17
target,E7_iv_path,gamma,0.17828649103139016,0.0260254494292855,0.02602544942928557,-0.0022037838171409,-0.0022037838171409113,0.1774786608394244,0.17747866083942446,0.0273974393298911,0.02739743932989115,7.28583859910259e-17,5.551115123125783e-17
target,E7_iv_path,sigma_star,0.7370283018867925,-0.0127794856783783,-0.012779485678378333,0.0023260943100817,0.002326094310081739,0.0715828640011976,0.07158286400119765,0.0298005882994771,0.029800588299477127,-3.2959746043559335e-17,5.551115123125783e-17
target,E7_iv_path,lnMstar,2.8979598554678856,1.3175589449353005,1.3175589449353005,1.318639979392095,1.318639979392095,1.3184158016201453,1.3184158016201453,1.318639979392095,1.318639979392095,0.0,0.0
target,E7_iv_path,sd_omega,0.25,0.0518031712117457,0.05180317121174578,-0.0054328406382186,-0.005432840638218653,0.3444472390634205,0.34444723906342056,0.0393390550402439,0.03933905504024396,8.326672684688674e-17,5.551115123125783e-17
target,E7_iv_path,tfp_growth,0.15,-0.0280325203469322,-0.028032520346932266,0.0007218558460862,0.0007218558460862917,0.1799039348863449,0.17990393488634498,0.0321366117240531,0.03213661172405315,-6.591949208711867e-17,8.326672684688674e-17
target,E8_heckman,alpha,0.3478,-0.0507329747937818,-0.03868526573365255,-0.0438382794617125,-0.014788184438511431,0.1013346662479829,0.09559470937246667,0.0759967024480526,0.06684722270348731,0.012047709060129246,-0.005739956875516233
target,E8_heckman,beta,0.3658,-0.0693091546616314,-0.09207362237191483,-0.1573099192516277,-0.1707107035179813,0.1632457755389287,0.16793341251108723,0.1693369404493566,0.1753449382687754,-0.022764467710283426,0.004687636972158543
target,E8_heckman,a,0.5126121076233184,-0.0316365979266658,-0.059525893081935,-0.1160034893739045,-0.14828251548763363,0.1881390684458127,0.1909884321995178,0.1864123681304451,0.18977263259492144,-0.027889295155269195,0.002849363753705092
target,E8_heckman,gamma,0.17828649103139016,-0.0510806785286361,-0.053452465107008164,-0.0500627513901523,-0.05295502188061538,0.0533436957932984,0.055617804007595334,0.0500627513901523,0.05295502188061538,-0.0023717865783720662,0.0022741082142969313
target,E8_heckman,sigma_star,0.7370283018867925,0.0348233336498887,0.037927176900521116,0.0388714494575666,0.04180782865890054,0.0418086038285022,0.04363117353942008,0.039340169058383,0.041886140112731673,0.0031038432506324126,0.0018225697109178832
target,E8_heckman,lnMstar,2.8979598554678856,-0.178815930437832,0.09886567589935033,-0.1111035263889665,0.51173545325747,2.252195731138298,2.166037729313357,1.9875772928544857,1.9310423982166043,0.2776816063371823,-0.08615800182494082
target,E8_heckman,sd_omega,0.25,-0.0565231795049691,-0.05658227246969977,-0.0566654921407231,-0.05666525395765952,0.0577856692949965,0.057850401778598445,0.0566654921407231,0.05666525395765952,-5.909296473066705e-05,6.473248360194805e-05
target,E8_heckman,tfp_growth,0.15,0.0539822938588616,0.054040805273261494,0.0539676597546607,0.05396767988234043,0.0549119314470971,0.05497530285072006,0.0539676597546607,0.05396767988234043,5.8511414399893547e-05,6.337140362296101e-05
target,E9_foc_system,alpha,0.3478,-0.0023326912610719,-0.0023325897791528346,-0.00240745473348,-0.0024074581476724866,0.0038307328646265,0.0038306396982057604,0.0026558522909648,0.0026558511949401342,1.0148191906516474e-07,-9.316642073965709e-08
target,E9_foc_system,beta,0.3658,-0.0087381074880633,-0.008738017215029046,-0.009002937467151,-0.009002840102890042,0.0094826270688277,0.00948255144238249,0.009002937467151,0.009002840102890042,9.027303425439281e-08,-7.562644520862916e-08
target,E9_foc_system,a,0.5126121076233184,-0.004364035010726,-0.004364045634382923,-0.0044360586355502,-0.004436059354144595,0.0054345469398511,0.005434554093100551,0.0044426587484527,0.004442660901085915,-1.062365692292011e-08,7.153249451108401e-09
target,E9_foc_system,gamma,0.17828649103139016,-0.0027094007327656,-0.0027093526797556744,-0.0027689140721457,-0.002768511782397731,0.0029784633776931,0.002978417451164938,0.0027689140721457,0.002768511782397731,4.805300992576436e-08,-4.59265281620852e-08
target,E9_foc_system,sigma_star,0.7370283018867925,0.0030217134096473,0.003021660880920023,0.0030849705049432,0.0030849530235330103,0.0033146244070505,0.0033145743262075096,0.0030849705049432,0.0030849530235330103,-5.252872727718946e-08,-5.008084299042495e-08
target,E9_foc_system,lnMstar,2.8979598554678856,1.2796154549491272,1.2796145995152195,1.2800715233320097,1.2800706597508547,1.2803239373851405,1.280323095239534,1.2800715233320097,1.2800706597508547,-8.554339077093687e-07,-8.421456065832444e-07
target,E9_foc_system,sd_omega,0.25,-0.0046968758361306,-0.0046968125156537565,-0.004932278633717,-0.0049323400160377895,0.020209457768807,0.020209441128096108,0.0135612137970315,0.01356122820846746,6.332047684364656e-08,-1.6640710892579236e-08
target,E9_foc_system,tfp_growth,0.15,0.0025796539359389,0.002579600714535496,0.0026722020068759,0.002672156604145215,0.0089403275591742,0.008940325516814965,0.0060433221691126,0.006043173376529654,-5.322140340414949e-08,-2.042359234857849e-09
target,E10_foc_system_T,alpha,0.3478,-0.0011256762358405,-0.001125642496742474,-0.000947040097777,-0.0009470241615174846,0.0027445241255206,0.0027445040041333716,0.0017353101580918,0.001735274202597753,3.373909802603138e-08,-2.0121387228275167e-08
target,E10_foc_system_T,beta,0.3658,-0.0021277636745607,-0.002127726840691424,-0.0019208112997822,-0.0019208076550176478,0.0040380269608808,0.004038009447463901,0.0026418198932357,0.0026418206254856524,3.6833869275845754e-08,-1.7513416898998213e-08
target,E10_foc_system_T,a,0.5126121076233184,-0.000652559655766,-0.0006525587158220957,-0.0006271674753958,-0.0006271411430123774,0.0028211114661146,0.0028211118188566082,0.0018783891617813,0.001878380826943582,9.399439042856103e-10,3.5274200834573e-10
target,E10_foc_system_T,gamma,0.17828649103139016,-0.0008068860461838,-0.0008068684326485309,-0.0008080097001162,-0.0008079769279201732,0.0013829066151482,0.0013828951008517927,0.0009356721217989,0.0009356706089031913,1.761353526908132e-08,-1.1514296407175509e-08
target,E10_foc_system_T,sigma_star,0.7370283018867925,0.0008867860948886,0.0008867668756212388,0.0009009444090525,0.0009009423604304234,0.0015220990412111,0.0015220865566552377,0.0010389517153646,0.0010389395311956595,-1.921926736118615e-08,-1.2484555862203595e-08
target,E10_foc_system_T,lnMstar,2.8979598554678856,-0.0275090236799066,-0.02750885891430444,-0.0276190683761561,-0.0276194267938068,0.0447477235000572,0.04474757596427806,0.031935825826455,0.031935826474714046,1.6476560216194258e-07,-1.4753577914222715e-07
target,E10_foc_system_T,sd_omega,0.25,-0.0025271036693123,-0.0025270798553650884,-0.0028943912824266,-0.0028943789835930295,0.019884254866775,0.019884254692900838,0.0136614341432536,0.013661523203121195,2.3813947211751008e-08,-1.7387416159642122e-10
target,E10_foc_system_T,tfp_growth,0.15,0.0005144397848426,0.0005144204879032398,0.0008574216306554,0.0008574084423227796,0.0086331272465814,0.008633130901649948,0.0058469703054677,0.005846930000329972,-1.9296939360227e-08,3.6550685481723244e-09
predet,E1_pooled_huber,alpha,0.3478,0.0736132140323373,0.07161492146666573,0.0758812687997602,0.07511973770772681,0.1076919524416068,0.10588414535241486,0.0811411741220763,0.07907540554965165,-0.001998292565671564,-0.0018078070891919401
predet,E1_pooled_huber,beta,0.3658,0.0630040423437162,0.06590765002711448,0.0561156623831739,0.062321594122948326,0.1287375959477191,0.1313782891881486,0.0797570789824967,0.08250404581643608,0.002903607683398271,0.0026406932404294814
predet,E1_pooled_huber,a,0.5126121076233184,-0.0130117800641714,-0.010383304218216474,-0.0102641626837383,-0.007208684279652988,0.1077672242988494,0.10790727971088579,0.0686032714323967,0.0690170788438687,0.002628475845954926,0.00014005541203639116
predet,E1_pooled_huber,gamma,0.17828649103139016,0.0248230903116888,0.024948564258244144,0.0279080426818189,0.02804246344681953,0.034707017305976,0.034825361913041794,0.0291311272564409,0.029308268668725934,0.00012547394655534547,0.00011834460706579286
predet,E1_pooled_huber,sigma_star,0.7370283018867925,-0.0348251344442243,-0.03503896000271266,-0.0354248683233301,-0.03560933964681867,0.0396172725210771,0.03988245151321989,0.035609339933208,0.0358095450928948,-0.00021382555848836055,0.0002651789921427894
predet,E1_pooled_huber,lnMstar,2.8979598554678856,0.6776719997352256,0.6400327258095483,0.6580718888194896,0.6340429506509617,1.51144079213362,1.496066363878263,1.0771083683173708,1.071955035750638,-0.03763927392567734,-0.015374428255356953
predet,E1_pooled_huber,sd_omega,0.25,-0.0469795665194849,-0.046969135073624324,-0.0463901234096194,-0.04639012389372346,0.0527670379347813,0.052745863407890614,0.0463901234096194,0.04639012389372346,1.0431445860575872e-05,-2.1174526890682666e-05
predet,E1_pooled_huber,tfp_growth,0.15,-0.0879243660879868,-0.08790312221888823,-0.0882085468268857,-0.08820854567387548,0.0884132771429601,0.08839171837034353,0.0882085468268857,0.08820854567387548,2.1243869098575008e-05,-2.1558772616572797e-05
predet,E1b_pooled_huber_Etrue,alpha,0.3478,0.1128537786951173,0.11285377846337204,0.1097274833040655,0.10972748392355433,0.1175624015679925,0.11756240128243249,0.1097274833040655,0.10972748392355433,-2.3174526186942046e-10,-2.8556000619683886e-10
predet,E1b_pooled_huber_Etrue,beta,0.3658,0.1189463207007646,0.11894632114542052,0.1169570261007864,0.11695702610078648,0.1260863424504488,0.12608634287309903,0.1169570261007864,0.11695702610078648,4.4465592319298253e-10,4.226502203774629e-10
predet,E1b_pooled_huber_Etrue,a,0.5126121076233184,-0.0002238774606415,-0.00022387711285622739,-0.0008371863970325,-0.0008371863970325633,0.0353147537501669,0.035314753591505356,0.0201553671746229,0.020155368022570563,3.4778527261314536e-10,-1.5866154223775908e-10
predet,E1b_pooled_huber_Etrue,gamma,0.17828649103139016,0.0567096690580088,0.05670966911292128,0.056483355149633,0.056483355069764124,0.0571847013498506,0.05718470140791313,0.056483355149633,0.056483355069764124,5.491247734301652e-11,5.806253394746719e-11
predet,E1b_pooled_huber_Etrue,sigma_star,0.7370283018867925,-0.0579249860500347,-0.05792498609848355,-0.0576517000074051,-0.057651700113389326,0.0583818031343798,0.058381803186054966,0.0576517000074051,0.057651700113389326,-4.844884909926961e-11,5.167516414772422e-11
predet,E1b_pooled_huber_Etrue,lnMstar,2.8979598554678856,0.6133864985052933,0.6133864936643875,0.5939043789275806,0.5939043789275806,0.9001347365870987,0.9001347313154352,0.6386969840084162,0.6386969829465046,-4.8409057873399775e-09,-5.271663550132644e-09
predet,E1b_pooled_huber_Etrue,sd_omega,0.25,-0.0073874733986276,-0.007387473393385437,-0.0088738817300945,-0.008873881730094568,0.0191725792179903,0.01917257921504107,0.0125825899906838,0.012582589895632948,5.242162606777789e-12,-2.9492311370837854e-12
predet,E1b_pooled_huber_Etrue,tfp_growth,0.15,-0.062383999126975,-0.062383999157250604,-0.061999709985334,-0.06199970998533402,0.0630851704541086,0.06308517048566742,0.061999709985334,0.06199970998533402,-3.027560147028652e-11,3.155882499772389e-11
predet,E2_pooled_nls,alpha,0.3478,0.0370356044984211,0.037037798773330015,0.0374915675453085,0.03745181553176116,0.04789988699083,0.04790271158473501,0.0374915675453085,0.03745181553176116,2.1942749089121083e-06,2.824593905013939e-06
predet,E2_pooled_nls,beta,0.3658,0.0408353643430815,0.04083255962261052,0.0382651790951104,0.03832377419029276,0.0633220701972751,0.0633220342642075,0.0407532640763903,0.040791116372526,-2.8047204709766294e-06,-3.593306759086534e-08
predet,E2_pooled_nls,a,0.5126121076233184,8.76031554122049e-05,8.436334530107309e-05,0.0001324261727,0.00012067396799886332,0.0453661365533997,0.04536894917699853,0.0295502835404125,0.0295378587296789,-3.23981011113181e-06,2.8126235988301662e-06
predet,E2_pooled_nls,gamma,0.17828649103139016,0.0177694845054313,0.01776919855128188,0.0179120325015421,0.017912844621849708,0.0191583980246246,0.019158210312129005,0.0179120325015421,0.017912844621849708,-2.859541494183715e-07,-1.877124955959597e-07
predet,E2_pooled_nls,sigma_star,0.7370283018867925,-0.0204624066585325,-0.020462246661160127,-0.0203124753655952,-0.02030956570622472,0.0220978000036318,0.02209770339187481,0.0203124753655952,0.02030956570622472,1.5999737237176737e-07,-9.661175699032798e-08
predet,E2_pooled_nls,lnMstar,2.8979598554678856,0.2664985090281052,0.2665335794984636,0.2674495375616703,0.2674764634515503,0.7999138994035907,0.7999498705042566,0.526140810773583,0.5258260890070969,3.5070470358444794e-05,3.5971100665888045e-05
predet,E2_pooled_nls,sd_omega,0.25,-0.0067816512949892,-0.006781653509995509,-0.0074112424300719,-0.0074112149222227,0.0197320675461842,0.019732053055239732,0.0126857166754774,0.012685619969498727,-2.2150063085785154e-09,-1.4490944468675826e-08
predet,E2_pooled_nls,tfp_growth,0.15,-0.0184162389951489,-0.018416188529268872,-0.0177707098887835,-0.017770603299495424,0.0214716749480641,0.021471624233654625,0.0178123377485116,0.017812333688652274,5.04658800269675e-08,-5.071440947398975e-08
predet,E3_lab_fe,alpha,0.3478,0.0105682232055968,0.010052286030000737,0.0062606575147882,0.005122393777143186,0.0361776592893707,0.03596724501790573,0.0240992003329122,0.024107266370056446,-0.000515937175596063,-0.00021041427146497454
predet,E3_lab_fe,beta,0.3658,0.0146261882463262,0.015666000440058968,0.0073265144648848,0.00854002651384514,0.0603722452235819,0.060970699618622136,0.042749421234086,0.04271099662187264,0.001039812193732767,0.0005984543950402349
predet,E3_lab_fe,a,0.5126121076233184,0.0003709522315544,0.0013775590115831398,0.0024124263461615,0.003039778251781311,0.0602766351189685,0.060372172958118586,0.0459012085607377,0.04591062220503378,0.0010066067800287397,9.55378391500894e-05
predet,E3_lab_fe,gamma,0.17828649103139016,0.0035177912669159,0.0036152262601700257,0.0037916442575522,0.003913424119014394,0.0067300706509136,0.006793843951780433,0.004906547228066,0.004977224103455913,9.743499325412562e-05,6.377330086683279e-05
predet,E3_lab_fe,sigma_star,0.7370283018867925,-0.0066938022548788,-0.00683109596650043,-0.0054405150354788,-0.00548309856753143,0.010339963749993,0.010510111433668659,0.0056111657221781,0.005706790709141096,-0.00013729371162162982,0.00017014768367565845
predet,E3_lab_fe,lnMstar,2.8979598554678856,0.0697683980600006,0.057582507256670974,0.0779229967963601,0.07321001770063473,0.8292237731838457,0.83314026309229,0.5919668969506771,0.5919304703962416,-0.012185890803329623,0.003916489908444287
predet,E3_lab_fe,sd_omega,0.25,-0.0018620848351159,-0.0018624148683401428,-0.0022375853892186,-0.0022374867602936305,0.0198011255786597,0.01980119315929655,0.0125658497513789,0.01256596775974382,-3.3003322424279315e-07,6.758063685052829e-08
predet,E3_lab_fe,tfp_growth,0.15,-0.0026065272243379,-0.0026059424714905905,-0.0025404600914556,-0.0025403096193594987,0.0099311637835985,0.009931204205918797,0.0069772889131107,0.0069776976145276,5.847528473093208e-07,4.042232029655146e-08
predet,E4_mundlak,alpha,0.3478,0.0120302908923294,0.01202945517284562,0.0123607274908678,0.012373660582606222,0.030499560456111,0.03050103281284039,0.0193643253244341,0.01934727738519021,-8.357194837809584e-07,1.4723567293879747e-06
predet,E4_mundlak,beta,0.3658,0.0176138439192165,0.01761630418353277,0.0144167767653849,0.01430136867679227,0.0504821089852844,0.050488736763265304,0.0276244361391972,0.027614367730272704,2.4602643162729976e-06,6.627777980904026e-06
predet,E4_mundlak,a,0.5126121076233184,0.0020040108017612,0.0020058023148164035,-0.0011707708606785,-0.0011747601395456497,0.0480086217816076,0.04801347073651864,0.0286591461960421,0.028764639087373894,1.7915130552034753e-06,4.84895491104087e-06
predet,E4_mundlak,gamma,0.17828649103139016,0.0055924095427346,0.005592402992348822,0.0056127414166742,0.005609826042881572,0.0074736770842454,0.00747392025076431,0.0058093591325527,0.005804783153535317,-6.550385778063272e-09,2.4316651890936986e-07
predet,E4_mundlak,sigma_star,0.7370283018867925,-0.0079022532901614,-0.007902665410551084,-0.0072940708112465,-0.007293096617744632,0.0103620856389629,0.010363079103405183,0.0073331181728414,0.0073324053272094125,-4.121203896843145e-07,9.934644422827238e-07
predet,E4_mundlak,lnMstar,2.8979598554678856,0.0768793524410115,0.0768446564849817,0.0732998401047213,0.0732259670264157,0.70028682758946,0.7003021341458308,0.4204375912986247,0.4201751416699102,-3.469595602979825e-05,1.530655637071998e-05
predet,E4_mundlak,sd_omega,0.25,-0.0026579529000791,-0.002657936487453032,-0.0030083008802626,-0.0030083464303979762,0.019778430649172,0.019778445165644663,0.0123250483665886,0.01232502951791127,1.641262606811439e-08,1.4516472662817748e-08
predet,E4_mundlak,tfp_growth,0.15,-0.0048397055900626,-0.004839608797314944,-0.0048118629721051,-0.004812085423618162,0.0109222125062974,0.010922172320594782,0.0073149869573078,0.007315049923379682,9.679274765635876e-08,-4.018570261797583e-08
predet,E5_labgen_fe,alpha,0.3478,-0.0004659502079993,-0.00046599987232687017,-0.0020489703067849,-0.002048580562129254,0.0145710481976956,0.01457245699955114,0.0100854885840396,0.010085847453395996,-4.966432757018066e-08,1.4088018555399179e-06
predet,E5_labgen_fe,beta,0.3658,0.0029199399572438,0.002920578658164118,0.0028934189179303,0.002894235225215952,0.0250308648777031,0.025033474809522182,0.0171121785117115,0.017121366938797733,6.387009203177342e-07,2.6099318190808685e-06
predet,E5_labgen_fe,a,0.5126121076233184,0.0019316303952801,0.0019320170846012683,0.0038089365356289,0.0038050164399699438,0.0270454317965218,0.02704816802039152,0.0187479667067678,0.018753070115147014,3.8668932116829417e-07,2.7362238697176133e-06
predet,E5_labgen_fe,gamma,0.17828649103139016,4.530387662723408e-05,4.5335376002690747e-05,5.073581991066334e-05,4.877040253051246e-05,0.0024334659156261,0.0024336559871660536,0.0015407975764865,0.0015408676366051588,3.149937545666976e-08,1.9007153995382123e-07
predet,E5_labgen_fe,sigma_star,0.7370283018867925,-0.0006522101923148,-0.0006523673710419963,-0.0002021268693235,-0.00020172905963833365,0.0032393346667176,0.003239651360975307,0.0020701374246567,0.0020704324398501117,-1.57178727196324e-07,3.1669425770708415e-07
predet,E5_labgen_fe,lnMstar,2.8979598554678856,-0.0160474307342003,-0.016051729938147487,-0.0473299777150975,-0.047323631870618055,0.3916046178421454,0.391639874404825,0.2894813352459289,0.2896166020519684,-4.299203947188274e-06,3.525656267960864e-05
predet,E5_labgen_fe,sd_omega,0.25,-0.0002527523248253,-0.0002527417188469653,-0.0006564712412791,-0.0006564708738509145,0.0199623461129422,0.01996234291480464,0.0129723215540801,0.012972325610656463,1.0605978334671858e-08,-3.1981375603340467e-09
predet,E5_labgen_fe,tfp_growth,0.15,0.0012151221819055,0.0012151482943425754,0.0019067856399861,0.0019067798368704453,0.0092213425166623,0.009221350049095328,0.0064979964172395,0.00649799147755821,2.6112437075467843e-08,7.53243302800688e-09
predet,E6_acf,alpha,0.3478,0.0107506174371556,0.010750561997045438,-0.0045077211499759,-0.0045078420468004365,0.0753083671049978,0.0753083321902613,0.04787049915165,0.04787049587801362,-5.5440110162396916e-08,-3.491473650474308e-08
predet,E6_acf,beta,0.3658,0.0386804752329109,0.03868051003457791,0.0052361180345996,0.0052361166609894705,0.1380753386700324,0.1380752954180164,0.0886821721928856,0.08868215718372158,3.48016670134732e-08,-4.325201599653106e-08
predet,E6_acf,a,0.5126121076233184,0.0086017114252898,0.008601781528381574,0.0040927584934711,0.004092756640934114,0.1213760280907154,0.12137595940047932,0.0958998001734164,0.09589988391272741,7.010309177428453e-08,-6.869023608246927e-08
predet,E6_acf,gamma,0.17828649103139016,-5.9906638445551965e-05,-5.990126152312772e-05,-3.9349081861400625e-05,-3.934864893670453e-05,0.0101560561999506,0.010156046833764096,0.0068141481692689,0.0068141502383097935,5.37692242424568e-09,-9.366186503462215e-09
predet,E6_acf,sigma_star,0.7370283018867925,-0.0126188960433413,-0.01261889057263295,-0.0052713110212837,-0.005271309568157578,0.0235488514986709,0.023548849392846745,0.0075055970418306,0.007505597466058833,5.470708349872289e-09,-2.105824153941782e-09
predet,E6_acf,lnMstar,2.8979598554678856,-0.0302636562592263,-0.030264380130547018,-0.0177497896866292,-0.017751261823439002,1.5007541695232731,1.5007533762670353,1.1284395189803953,1.1284393894767342,-7.238713207180503e-07,-7.932562378076824e-07
predet,E6_acf,sd_omega,0.25,0.0002906354298151,0.00029063452600536075,-0.0002287253191172,-0.00022872533355454416,0.0199870354938346,0.019987035365286617,0.0129836525151428,0.012983652402935558,-9.038097392353138e-10,-1.2854798128736356e-10
predet,E6_acf,tfp_growth,0.15,0.002381424903596,0.002381423472101128,0.0024222974419828,0.002422297722598027,0.0103612908039612,0.010361289515438622,0.0076042948821742,0.0076042949329121895,-1.431494872292105e-09,-1.2885225785658205e-09
predet,E6b_acf_lagonly,alpha,0.3478,0.0156950464294594,0.01569491371523447,-0.0039281069284917,-0.00392811130894094,0.0848602016048084,0.08486013144006213,0.0516813236374298,0.05168129972283006,-1.3271422492910911e-07,-7.016474626309055e-08
predet,E6b_acf_lagonly,beta,0.3658,0.0356471271542874,0.03564727968236109,0.0001003627537703,0.0001003775734179091,0.1461938766109081,0.14619384248344772,0.0901102881396044,0.09011029629139658,1.5252807368526522e-07,-3.4127460385446895e-08
predet,E6b_acf_lagonly,a,0.5126121076233184,0.0026729568180171,0.0026731543819983983,0.0010640936610373,0.001064101961202213,0.1296520085248772,0.12965192253115862,0.0996140945989325,0.09961421672872572,1.9756398129825228e-07,-8.599371859041582e-08
predet,E6b_acf_lagonly,gamma,0.17828649103139016,-0.00128650049527,-0.0012864833948397442,-0.0008736440242807,-0.0008736430013122076,0.0109526504877866,0.010952643769061816,0.0073044575717285,0.00730445765281372,1.710043025585084e-08,-6.7187247848599085e-09
predet,E6b_acf_lagonly,sigma_star,0.7370283018867925,-0.0130329227444399,-0.013032928056813942,-0.0050049109619754,-0.005004912901942327,0.0249524650779438,0.02495246614505131,0.0076061329477707,0.007606132131298793,-5.312374042401591e-09,1.0671075099943916e-09
predet,E6b_acf_lagonly,lnMstar,2.8979598554678856,0.033826928730645,0.03382441717782389,0.0666650830448745,0.06666510239571544,1.601094724931768,1.6010936117582755,1.223064262451973,1.2230643255554248,-2.511552821111984e-06,-1.1131734924951786e-06
predet,E6b_acf_lagonly,sd_omega,0.25,0.0007478649452328,0.0007478617810705673,9.2852692054321e-05,9.28527480664465e-05,0.0201024561503909,0.020102454495535545,0.0133742420576263,0.013374241979189141,-3.1641622326829613e-09,-1.654855353444562e-09
predet,E6b_acf_lagonly,tfp_growth,0.15,0.0032399267600524,0.0032399245323490138,0.0034629258100834,0.0034629257029647614,0.0102636076253451,0.010263605725655102,0.0077026736293206,0.007702673574602303,-2.2277033863427054e-09,-1.8996899973228176e-09
predet,E7_iv_path,alpha,0.3478,-0.0137677943681086,-0.01376779436810868,-0.0027470986646285,-0.0027470986646285223,0.1005778745192788,0.10057787451927883,0.0545405898656152,0.05454058986561522,-7.979727989493313e-17,2.7755575615628914e-17
predet,E7_iv_path,beta,0.3658,-0.015072745638749,-0.015072745638749012,-0.0033679972153951,-0.0033679972153951854,0.1057836181625177,0.10578361816251776,0.0572000223281711,0.057200022328171146,-1.214306433183765e-17,5.551115123125783e-17
predet,E7_iv_path,a,0.5126121076233184,-0.000351285308823,-0.00035128530882306245,-0.0002665611551505,-0.00026656115515055756,0.0035299238261733,0.003529923826173341,0.0023939881264193,0.0023939881264193885,-6.245004513516506e-17,4.119968255444917e-17
predet,E7_iv_path,gamma,0.17828649103139016,-0.0072066523091228,-0.007206652309122804,-0.0015485651641736,-0.0015485651641736486,0.0515418909883787,0.0515418909883787,0.0279832713093921,0.027983271309392196,-3.469446951953614e-18,0.0
predet,E7_iv_path,sigma_star,0.7370283018867925,0.0137975525470947,0.013797552547094742,0.0016628101196078,0.0016628101196078382,0.0864916785358229,0.08649167853582293,0.0308348321918964,0.030834832191896477,4.163336342344337e-17,2.7755575615628914e-17
predet,E7_iv_path,lnMstar,2.8979598554678856,1.2804838313891964,1.2804838313891964,1.2771390667242168,1.2771390667242168,1.2814309452991697,1.2814309452991697,1.2771390667242168,1.2771390667242168,0.0,0.0
predet,E7_iv_path,sd_omega,0.25,0.0117697123546486,0.011769712354648618,0.004958832231723,0.004958832231723026,0.0450662360171244,0.045066236017124464,0.0159259742045528,0.015925974204552842,1.734723475976807e-17,6.245004513516506e-17
predet,E7_iv_path,tfp_growth,0.15,0.0089080315053244,0.00890803150532442,0.0029488199960738,0.002948819996073826,0.0592690194749385,0.059269019474938525,0.0315435358674588,0.031543535867458866,1.9081958235744878e-17,2.7755575615628914e-17
predet,E8_heckman,alpha,0.3478,0.037034787596601,0.037038325518450294,0.0374491804308279,0.037470610001796106,0.047899094370297,0.04790353803866382,0.0374491804308279,0.037470610001796106,3.5379218492961884e-06,4.4436683668200305e-06
predet,E8_heckman,beta,0.3658,0.0408371992276919,0.0408325854679167,0.0382617542723903,0.03833061987769468,0.0633244591142697,0.06332281720835035,0.0407482371308634,0.04077250703751406,-4.613759775194681e-06,-1.6419059193500951e-06
predet,E8_heckman,a,0.5126121076233184,8.913883888630791e-05,8.39991983178165e-05,8.162804141703672e-05,0.0001367456927481303,0.0453667854851332,0.04536995035117388,0.0295127127804077,0.029530524198433217,-5.139640568491418e-06,3.164866040683556e-06
predet,E8_heckman,gamma,0.17828649103139016,0.0177696510172543,0.01776926993525948,0.0179162655914698,0.01791342860016691,0.0191585968017314,0.019158316942205177,0.0179162655914698,0.01791342860016691,-3.810819948178723e-07,-2.7985952622336385e-07
predet,E8_heckman,sigma_star,0.7370283018867925,-0.0204626612434301,-0.02046238557393194,-0.0203138675257887,-0.020311778156348936,0.0220981414153271,0.02209787727280484,0.0203138675257887,0.020311778156348936,2.7566949815927e-07,-2.6414252226117374e-07
predet,E8_heckman,lnMstar,2.8979598554678856,0.2664778230215734,0.26654018107761057,0.2674495375616703,0.26746930423130477,0.7999153645750481,0.7999750983390473,0.525840379053164,0.5258260890070969,6.235805603715949e-05,5.9733763999259004e-05
predet,E8_heckman,sd_omega,0.25,-0.0067816493472458,-0.0067816540597668215,-0.0074111059623374,-0.007411082661118201,0.0197320639501903,0.019732057557333177,0.0126856749371095,0.012685595632011548,-4.71252102184766e-09,-6.39285712214499e-09
predet,E8_heckman,tfp_growth,0.15,-0.0184162257658894,-0.01841617544054016,-0.0177705566313134,-0.017770605459074953,0.021471652878977,0.021471611920141097,0.0178122675915173,0.01781234303658462,5.032534923857246e-08,-4.095883590279903e-08
predet,E9_foc_system,alpha,0.3478,-0.0030906606008486,-0.0030905820544761754,-0.0031458714831235,-0.003145865931036995,0.0044091551754735,0.004409108408372054,0.0034137423564538,0.0034136603038995295,7.854637242444423e-08,-4.676710144580626e-08
predet,E9_foc_system,beta,0.3658,-0.006410078794762,-0.006410018601484855,-0.006452343860247,-0.006452319464485684,0.0075234416059902,0.007523394271073255,0.006452343860247,0.006452319464485684,6.019327714480022e-08,-4.733491694528663e-08
predet,E9_foc_system,a,0.5126121076233184,-0.0021920804305844,-0.0021920954994871784,-0.0020102161394125,-0.0020102967040965813,0.0039472467486924,0.00394725935573121,0.0025478683284513,0.00254786816457786,-1.506890277835904e-08,1.260703880959918e-08
predet,E9_foc_system,gamma,0.17828649103139016,-0.0023457856613988,-0.002345750794766938,-0.0024025851478488,-0.0024025630640985562,0.0027024510925372,0.0027024231091037454,0.0024025851478488,0.0024025630640985562,3.486663186164432e-08,-2.7983433454562695e-08
predet,E9_foc_system,sigma_star,0.7370283018867925,0.0025924717515375,0.0025924338231363506,0.0026383510025995,0.0026383427295302297,0.0029840592441108,0.00298402868742946,0.0026383510025995,0.0026383427295302297,-3.7928401149401464e-08,-3.055668134016934e-08
predet,E9_foc_system,lnMstar,2.8979598554678856,1.2517851945996146,1.2517845095200124,1.2502306437176798,1.2502277599796647,1.2526637872859947,1.2526631045095002,1.2502306437176798,1.2502277599796647,-6.850796021584671e-07,-6.827764944539183e-07
predet,E9_foc_system,sd_omega,0.25,0.001019378260881,0.00101936337002175,0.0013378686224358,0.0013378652086027676,0.0200833858225423,0.020083384160046538,0.0138518258920949,0.013851821192503389,-1.489085925008779e-08,-1.6624957625832604e-09
predet,E9_foc_system,tfp_growth,0.15,0.003531532745785,0.003531493906987317,0.004284191713486,0.004284180437616164,0.0098707486218254,0.009870731793352669,0.0071032440574768,0.00710315192611706,-3.883879768316889e-08,-1.6828472731642008e-08
predet,E10_foc_system_T,alpha,0.3478,-0.0012609838311668,-0.001260958308427721,-0.0013201778059987,-0.0013201956918920399,0.0030773394853921,0.0030773302752025522,0.0020669195717795,0.00206690509437385,2.5522739078871065e-08,-9.210189547657899e-09
predet,E10_foc_system_T,beta,0.3658,-0.0020791635579336,-0.002079132163019682,-0.0025126548484325,-0.002512683882305383,0.0042486016811055,0.004248584281294345,0.0031869243154931,0.0031869252083494004,3.1394913918136175e-08,-1.739981115526229e-08
predet,E10_foc_system_T,a,0.5126121076233184,-0.0005218426625511,-0.000521839472415877,-0.0005194813818576,-0.0005195523654670797,0.0030252448205509,0.0030252412187439315,0.002141648553986,0.0021416497871509788,3.1901352230429697e-09,-3.6018069685637977e-09
predet,E10_foc_system_T,gamma,0.17828649103139016,-0.0008317505345239,-0.0008317363552132616,-0.0008997889353996,-0.000899786382899545,0.0014905489159603,0.0014905413896469084,0.0011418801726141,0.00114184667977843,1.4179310638389592e-08,-7.526313391525291e-09
predet,E10_foc_system_T,sigma_star,0.7370283018867925,0.0009108307543293,0.000910815258584419,0.0010088644079824,0.0010088535495095252,0.0016376343523007,0.0016376260758506364,0.0012786752032958,0.001278693537920872,-1.5495744881037846e-08,-8.276450063487983e-09
predet,E10_foc_system_T,lnMstar,2.8979598554678856,-0.029936125451331,-0.029936044113895516,-0.0286077404425848,-0.028607761153155886,0.050046179778975,0.050046149735176675,0.0335522817980615,0.03355231632678146,8.133743548480177e-08,-3.004379832416415e-08
predet,E10_foc_system_T,sd_omega,0.25,-3.347257008450399e-05,-3.347788281279164e-05,-0.0005863091229976,-0.0005863024704941822,0.0199724029096262,0.019972402585297956,0.0129524554185597,0.012952450043848346,-5.3127282876466535e-09,-3.243282448162077e-10
predet,E10_foc_system_T,tfp_growth,0.15,0.0018556132262248,0.0018555977504422613,0.0023363840018866,0.002336383646034973,0.0093049828062598,0.009304976924221928,0.0066802640613094,0.0066802524080320225,-1.547578253871182e-08,-5.882037872398382e-09
exog_sel,E1_pooled_huber,alpha,0.3478,0.0830173663797104,0.08263230012597397,0.0814153905798149,0.08042644836138382,0.1186879344818793,0.11855816424845954,0.0852394878600571,0.08474185582449342,-0.0003850662537364241,-0.00012977023341975702
exog_sel,E1_pooled_huber,beta,0.3658,0.0707201440983605,0.07162137027310153,0.0583752387489978,0.05837523338883935,0.1476604679058463,0.1489029868128484,0.0870497838289882,0.08711337572271724,0.0009012261747410322,0.0012425189070020826
exog_sel,E1_pooled_huber,a,0.5126121076233184,-0.0154985634962132,-0.014871265254986237,-0.013353068962498,-0.013353069880920693,0.1126609177726032,0.11308016304494016,0.0765836880722359,0.07699349893184138,0.0006272982412269638,0.0004192452723369572
exog_sel,E1_pooled_huber,gamma,0.17828649103139016,0.0275924549989566,0.027610394911130934,0.0298981469258558,0.02974346937477121,0.0368774921090248,0.03691654101129225,0.0309028423216253,0.03077108826211042,1.7939912174334133e-05,3.9048902267448116e-05
exog_sel,E1_pooled_huber,sigma_star,0.7370283018867925,-0.0387872148916147,-0.038903965989646266,-0.0386661864859421,-0.038666186577176576,0.0448383660445136,0.04500414880899178,0.038715818059651,0.038715818150885484,-0.00011675109803156725,0.0001657827644781784
exog_sel,E1_pooled_huber,lnMstar,2.8979598554678856,0.6470664502906399,0.6383048189528399,0.688223233662044,0.6882232358464813,1.6668058844017268,1.6719889108801123,1.1195927917996102,1.1373352958094771,-0.008761631337800058,0.005183026478385422
exog_sel,E1_pooled_huber,sd_omega,0.25,-0.027762361867847,-0.02785339821777595,-0.028510551980687,-0.028510559434826735,0.0375461490742373,0.03755837220919489,0.0294611021473466,0.029461102517935517,-9.103634992895307e-05,1.2223134957592419e-05
exog_sel,E1_pooled_huber,tfp_growth,0.15,-0.0816522348922705,-0.08167829663641214,-0.082356127521063,-0.08245342762617004,0.0822765194758466,0.08230179230385944,0.082356127521063,0.08245342762617004,-2.606174414164497e-05,2.5272828012831705e-05
exog_sel,E1b_pooled_huber_Etrue,alpha,0.3478,0.1139085105508407,0.11390851048790758,0.1066862206773588,0.10668621920243815,0.1229385040685717,0.12293850414150266,0.1066862206773588,0.10668621920243815,-6.293311705096727e-11,7.293096682126077e-11
exog_sel,E1b_pooled_huber_Etrue,beta,0.3658,0.1159216574667998,0.11592165765856365,0.1074648799628823,0.1074648774184,0.1319988346198705,0.13199883476888602,0.1074648799628823,0.1074648774184,1.9176384091768028e-10,1.490155221439693e-10
exog_sel,E1b_pooled_huber_Etrue,a,0.5126121076233184,-0.0029544597442876,-0.002954459590584048,-0.0023319018406106,-0.0023319018406106617,0.0510320593659747,0.05103205956234113,0.0277865786850135,0.027786578685013552,1.5370355205615582e-10,1.9636643006082366e-10
exog_sel,E1b_pooled_huber_Etrue,gamma,0.17828649103139016,0.0549141270787879,0.05491412709005489,0.0546447493042337,0.054644749101493084,0.0556872493071635,0.05568724932245171,0.0546447493042337,0.054644749101493084,1.1266987343105939e-11,1.5288215138298256e-11
exog_sel,E1b_pooled_huber_Etrue,sigma_star,0.7370283018867925,-0.0573860175600848,-0.057386017590320304,-0.0564810121738665,-0.05648101217386653,0.0583307670200924,0.05833076704727659,0.0564810121738665,0.05648101217386653,-3.023550160241584e-11,2.7184192397111673e-11
exog_sel,E1b_pooled_huber_Etrue,lnMstar,2.8979598554678856,0.5838753981338283,0.583875395840732,0.6397741895504674,0.6397741895504674,1.0995755442649875,1.0995755483135234,0.8059559585038085,0.8059559585038085,-2.2930962684242218e-09,4.048535950929022e-09
exog_sel,E1b_pooled_huber_Etrue,sd_omega,0.25,0.007070836437713,0.007070836424276004,0.0069868296806533,0.006986829680653367,0.0195785540610635,0.019578554040879194,0.0124580431267303,0.012458043126730364,-1.3436996307292226e-11,-2.01843056157891e-11
exog_sel,E1b_pooled_huber_Etrue,tfp_growth,0.15,-0.0604748338906064,-0.06047483386321064,-0.0602528867412586,-0.06025288658903337,0.0613714550132459,0.06137145499104067,0.0602528867412586,0.06025288658903337,2.7395759272241804e-11,-2.2205230709726465e-11
exog_sel,E2_pooled_nls,alpha,0.3478,0.0075099282628059,0.007444533365391101,-0.0017599816205292,-0.0017493971101639472,0.0670359647603111,0.06722542911897161,0.0534093876407684,0.053425271293514764,-6.539489741479946e-05,0.00018946435866051825
exog_sel,E2_pooled_nls,beta,0.3658,-0.0040302179849223,-0.003890436685644522,-0.0309867095326127,-0.030524095325064893,0.1060066209278218,0.10606846819998665,0.0854487411090101,0.08545140154057593,0.00013978129927777775,6.184727216484998e-05
exog_sel,E2_pooled_nls,a,0.5126121076233184,-0.014017805510682,-0.013863412471914643,-0.0197774973722772,-0.019725158393727543,0.1102634123214193,0.11044339624658521,0.096653533198131,0.09665194650511755,0.00015439303876735658,0.00017998392516591077
exog_sel,E2_pooled_nls,gamma,0.17828649103139016,-0.0080418347015848,-0.00805553983337818,-0.0081005151667193,-0.008062971785481848,0.0134757639778585,0.013465713251469199,0.0096729758397318,0.009666557782141566,-1.3705131793379302e-05,-1.005072638930217e-05
exog_sel,E2_pooled_nls,sigma_star,0.7370283018867925,-0.0005750480493871,-0.0005963418289061043,0.0026443919848499,0.0025766830176017774,0.0162591341735876,0.016234807844023532,0.009749915731426,0.009734627105634053,-2.129377951900428e-05,-2.4326329564068605e-05
exog_sel,E2_pooled_nls,lnMstar,2.8979598554678856,0.2818034582601074,0.2796517175479093,0.2381262442143363,0.22968458386097335,1.511666456417819,1.5105142603354755,1.1262634748394291,1.1269967087686292,-0.0021517407121980914,-0.0011521960823435151
exog_sel,E2_pooled_nls,sd_omega,0.25,-0.0122263457820373,-0.01222528106128734,-0.0139295963180802,-0.013929632847666254,0.021890692684135,0.021889926208710775,0.0161620535291986,0.016161822034478843,1.0647207499599881e-06,-7.664754242235616e-07
exog_sel,E2_pooled_nls,tfp_growth,0.15,0.0111909355527077,0.01119457314892064,0.0106676380587023,0.010667615188888785,0.0165288152278925,0.016532489334550083,0.0116797625426061,0.011778811724286464,3.637596212940908e-06,3.674106657584192e-06
exog_sel,E3_lab_fe,alpha,0.3478,-0.0026280638150437,-0.0031154532821610573,-0.0078976062611239,-0.00803104208720129,0.0464150652283417,0.04620101188036852,0.0363212556756864,0.036324944366296824,-0.00048738946711735735,-0.00021405334797317682
exog_sel,E3_lab_fe,beta,0.3658,0.0015659206848755,0.0026536617453034135,-0.0087227821709865,-0.007791654395434139,0.0768029978921358,0.07802544126465674,0.0571550166283686,0.05732519199348593,0.0010877410604279135,0.0012224433725209483
exog_sel,E3_lab_fe,a,0.5126121076233184,-0.0004646216857051,0.0004633648993303167,0.0010920622510146,0.0014360598563147309,0.0814841203063835,0.08175326789014574,0.0639002718319859,0.06398108142886785,0.0009279865850354167,0.00026914758376224424
exog_sel,E3_lab_fe,gamma,0.17828649103139016,-0.0051819765840283,-0.005102162125813764,-0.0051735417446767,-0.005072962646820459,0.0087193990114688,0.00872936807147607,0.0058337422596269,0.005832848074527899,7.981445821453586e-05,9.969060007268549e-06
exog_sel,E3_lab_fe,sigma_star,0.7370283018867925,0.0004441806317392,0.00029196489565922775,0.0033556240789525,0.0033555950301967785,0.0106116338663961,0.010960555588380525,0.0068602035041336,0.0069472311522424945,-0.00015221573607997223,0.00034892172198442567
exog_sel,E3_lab_fe,lnMstar,2.8979598554678856,0.0678197089171838,0.05770173717943328,0.0286240767138701,0.024435049169396983,1.066676141107142,1.0711654219912778,0.7884903564923396,0.7828096473122881,-0.010117971737750517,0.0044892808841359155
exog_sel,E3_lab_fe,sd_omega,0.25,-0.0110734114072581,-0.011075784871355526,-0.0127363390672531,-0.012736413787936038,0.0214488779472829,0.021451978797036152,0.0159673206648746,0.015967293899276647,-2.373464097425379e-06,3.10084975325281e-06
exog_sel,E3_lab_fe,tfp_growth,0.15,0.008679430442701,0.008690439494102486,0.0084437787850984,0.008443916264368537,0.0133461330907307,0.013352300633020682,0.0097713268501373,0.009771347957469353,1.1009051401486558e-05,6.167542289981648e-06
exog_sel,E4_mundlak,alpha,0.3478,0.0081757460968286,0.008040014177456941,0.0059203744408726,0.005927102841735865,0.0632639246916314,0.06336167155165084,0.0516586179544288,0.05165773185027256,-0.0001357319193716587,9.774686001944033e-05
exog_sel,E4_mundlak,beta,0.3658,-0.0048001125709318,-0.00429538880920352,-0.0350648476631057,-0.035077926122419945,0.1040836820666266,0.10451146932871537,0.0861459005719786,0.0861787840560029,0.0005047237617282797,0.0004277872620887663
exog_sel,E4_mundlak,a,0.5126121076233184,-0.0152392864622884,-0.01486020558242797,-0.0267867932374191,-0.026747198346694062,0.1095908003175736,0.10984199578930529,0.0981404158663553,0.0981506711188988,0.0003790808798604297,0.0002511954717316911
exog_sel,E4_mundlak,gamma,0.17828649103139016,-0.0078626528663827,-0.007826731106656477,-0.006926493172217,-0.006920162604879376,0.0122906462304814,0.012275580973283299,0.0083384269603362,0.008259751869224022,3.592175972622243e-05,-1.5065257198101228e-05
exog_sel,E4_mundlak,sigma_star,0.7370283018867925,-0.0006378188475817,-0.0007349160854749037,0.0037256342743128,0.0037270332702210585,0.0141205467296997,0.014198340154867435,0.0089637938540062,0.008969895085561619,-9.709723789320371e-05,7.77934251677357e-05
exog_sel,E4_mundlak,lnMstar,2.8979598554678856,0.2383900432245847,0.2341618157673876,0.286652704199416,0.28886140310834985,1.3457153082731057,1.349788639822205,1.084462769127251,1.0875773466352343,-0.004228227457197115,0.004073331549099279
exog_sel,E4_mundlak,sd_omega,0.25,-0.0115345491189859,-0.011532680906776688,-0.0132812014051269,-0.013281322870880144,0.021651802813186,0.021650884682606612,0.016256015338983,0.016256104224312506,1.8682122092123638e-06,-9.18130579386639e-07
exog_sel,E4_mundlak,tfp_growth,0.15,0.0105604810574795,0.01055964535090084,0.0106925162869088,0.0106925363745273,0.014856388324387,0.014853621993939345,0.0110241803500809,0.011024009743323529,-8.357065786595425e-07,-2.7663304476548828e-06
exog_sel,E5_labgen_fe,alpha,0.3478,-0.0017858963670654,-0.001785813084619587,-0.0017222435332839,-0.001726237334346653,0.0181624284016262,0.018163866263887073,0.0120464870361984,0.012057398910124195,8.328244581294608e-08,1.437862260873779e-06
exog_sel,E5_labgen_fe,beta,0.3658,0.0039929380303839,0.003993518648811398,0.0006771435057761,0.0006870639959710156,0.0314955475137607,0.031498230696015775,0.0204015106877037,0.02039721813496989,5.806184274984721e-07,2.683182255075467e-06
exog_sel,E5_labgen_fe,a,0.5126121076233184,0.0033806041458045,0.003380830835382195,0.0007368376501453,0.0007369511651710292,0.0336930486756997,0.033695852483348915,0.0232373179398566,0.02323754610258838,2.26689577694731e-07,2.8038076492140074e-06
exog_sel,E5_labgen_fe,gamma,0.17828649103139016,-0.0003426278993802,-0.00034260549751616916,-0.0002934908037521,-0.0002934897176605361,0.0028741944664987,0.0028743831705311897,0.0019175145587382,0.001918116136465975,2.2401864030842985e-08,1.8870403248978304e-07
exog_sel,E5_labgen_fe,sigma_star,0.7370283018867925,-0.0005767919869992,-0.0005769687193430817,-4.1620486655014055e-05,-4.105763946554708e-05,0.0040711470313089,0.004071467433128401,0.0024466823948054,0.0024469692295440715,-1.767323438816703e-07,3.204018195011177e-07
exog_sel,E5_labgen_fe,lnMstar,2.8979598554678856,-0.0240477894179806,-0.0240503357306011,0.0068850002172442,0.006841717921341139,0.4632445833563046,0.4632800562860604,0.3404563736618982,0.34044739028210125,-2.546312620498037e-06,3.5472929755808735e-05
exog_sel,E5_labgen_fe,sd_omega,0.25,-0.0101986750323696,-0.01019867423683694,-0.0112135133906109,-0.011213511858037165,0.0209698818849353,0.020969881306820152,0.0155236667074876,0.015523651103111935,7.955326605801893e-10,-5.781151495021231e-10
exog_sel,E5_labgen_fe,tfp_growth,0.15,0.003191250955331,0.003191275362967716,0.0029908893595654,0.0029908914640668915,0.0105334524112291,0.010533458962656802,0.006969131102054,0.006969198198762974,2.4407636715993025e-08,6.551427702422563e-09
exog_sel,E6_acf,alpha,0.3478,0.0209609539067162,0.020960964406559993,-0.0132344574313838,-0.013234461846089118,0.1124551416890668,0.11245514354241923,0.0788363604842613,0.07883636500247926,1.0499843793032593e-08,1.8533524298591786e-09
exog_sel,E6_acf,beta,0.3658,0.0544031459732399,0.05440310781634433,-0.013846119047103,-0.013846147474924297,0.2230119919374592,0.2230119355776373,0.1258133068115028,0.12581330082411474,-3.81568955667988e-08,-5.635982189278188e-08
exog_sel,E6_acf,a,0.5126121076233184,0.0007141820190616,0.000714163541292126,0.0031267004326145,0.0031267972922230935,0.1672758032727565,0.16727578649923586,0.1503750053423804,0.15037500764072673,-1.8477769474006464e-08,-1.6773520655766205e-08
exog_sel,E6_acf,gamma,0.17828649103139016,-0.0063845758762874,-0.00638457575246975,-0.0065643212930301,-0.006564320857134959,0.0154622072936474,0.01546220782949376,0.0101735084385675,0.010173506771232438,1.238176505768962e-10,5.358463603388763e-10
exog_sel,E6_acf,sigma_star,0.7370283018867925,-0.0180784704086892,-0.018078464173433947,-0.0070399387825789,-0.007039934168637685,0.0385518718156899,0.038551862084962946,0.0119647261446981,0.011964726321752217,6.2352552530897665e-09,-9.73072695337196e-09
exog_sel,E6_acf,lnMstar,2.8979598554678856,0.0639407132029904,0.06394135477899139,0.025725918635193,0.025721955337653757,1.920208424832405,1.9202084157400152,1.6860765500896586,1.686076648704105,6.41576000992572e-07,-9.09238973001436e-09
exog_sel,E6_acf,sd_omega,0.25,-0.0102144931083713,-0.010214493098379735,-0.0120067461929641,-0.012006746242936017,0.0211201233358853,0.02112012345584001,0.0155058834817296,0.015505883442034449,9.991564867140035e-12,1.1995470935999286e-10
exog_sel,E6_acf,tfp_growth,0.15,0.0089747553396553,0.008974755361501538,0.0096600180249526,0.009660018055094269,0.0139583171738058,0.013958317274730871,0.0106457133208421,0.010645713333319581,2.1846238359990444e-11,1.0092507211900692e-10
exog_sel,E6b_acf_lagonly,alpha,0.3478,0.0111122559887155,0.011112435804865617,-0.0113461963146552,-0.01134620085507132,0.0845568617013559,0.08455689948197218,0.0492117953720497,0.049211940054129266,1.7981615011743168e-07,3.778061627435214e-08
exog_sel,E6b_acf_lagonly,beta,0.3658,0.0360348892646115,0.03603466610171893,-0.0022171387643576,-0.002217129706148513,0.1700349722226365,0.17003501698596854,0.0779600546681944,0.07794313639259734,-2.2316289256807398e-07,4.476333204106453e-08
exog_sel,E6b_acf_lagonly,a,0.5126121076233184,0.004099780022871,0.004099488594250353,0.0055692335530186,0.005572901843558742,0.1266867953414506,0.12668689252440032,0.090884231072903,0.09088423343490384,-2.9142862064714115e-07,9.718294971539088e-08
exog_sel,E6b_acf_lagonly,gamma,0.17828649103139016,-0.0026908265247708,-0.0026908487915452807,-0.0035508512141692,-0.003551668032494612,0.0108633850403245,0.010863403189214133,0.0071721343786992,0.00717229860721906,-2.226677448067399e-08,1.814888963246053e-08
exog_sel,E6b_acf_lagonly,sigma_star,0.7370283018867925,-0.0113784456249486,-0.011378433899784674,-0.0018588165256503,-0.001858815771663691,0.0297334848927096,0.02973348456484268,0.0076286636199568,0.007628663722488882,1.1725163926584736e-08,-3.278669211126406e-10
exog_sel,E6b_acf_lagonly,lnMstar,2.8979598554678856,0.0441281706760369,0.044131587866652354,0.0822721522942635,0.0822686162048969,1.5220961717071604,1.5220973124825854,1.0957578809599815,1.0957582026842392,3.417190615452592e-06,1.1407754250125635e-06
exog_sel,E6b_acf_lagonly,sd_omega,0.25,-0.0101157446039981,-0.010115743294953634,-0.0115708917987682,-0.011570892113084388,0.0209501665142328,0.020950163475185152,0.015083360203776,0.015083359354769052,1.3090444648394817e-09,-3.039047648950577e-09
exog_sel,E6b_acf_lagonly,tfp_growth,0.15,0.0057967823753392,0.0057967823820316,0.0058770396101558,0.005877039417681973,0.0118014973800072,0.0118014984002589,0.0084950477449925,0.00849504775080022,6.69240010631178e-12,1.020251699096475e-09
exog_sel,E7_iv_path,alpha,0.3478,-0.0529218577794168,-0.052921857779416846,-0.0431147780730996,-0.04311477807309963,0.1272400250684555,0.12724002506845558,0.0744726254770116,0.07447262547701167,-4.85722573273506e-17,8.326672684688674e-17
exog_sel,E7_iv_path,beta,0.3658,-0.0562372611344581,-0.05623726113445814,-0.045761552379517,-0.04576155237951704,0.1336761606475203,0.1336761606475203,0.0774891080842153,0.07748910808421539,-4.163336342344337e-17,0.0
exog_sel,E7_iv_path,a,0.5126121076233184,-0.0004047720540488,-0.0004047720540488523,-0.0002979545340807,-0.0002979545340807688,0.0044302935863802,0.004430293586380289,0.0029419460132979,0.002941946013297947,-5.2258544713801314e-17,8.933825901280557e-17
exog_sel,E7_iv_path,gamma,0.17828649103139016,-0.0272775928023086,-0.027277592802308633,-0.0223604217005462,-0.02236042170054628,0.065174486215317,0.06517448621531709,0.0380548561854563,0.03805485618545636,-3.122502256758253e-17,8.326672684688674e-17
exog_sel,E7_iv_path,sigma_star,0.7370283018867925,0.0380374278306889,0.038037427830688905,0.0251524531654559,0.025152453165455946,0.0901132261241316,0.09011322612413168,0.0425688992697056,0.042568899269705696,6.938893903907228e-18,8.326672684688674e-17
exog_sel,E7_iv_path,lnMstar,2.8979598554678856,1.2709118155487624,1.2709118155487624,1.2676159332953776,1.2676159332953776,1.272066169262756,1.272066169262756,1.2676159332953776,1.2676159332953776,0.0,0.0
exog_sel,E7_iv_path,sd_omega,0.25,0.001250325210835,0.0012503252108350977,-0.0050063815375629,-0.0050063815375629706,0.031057150018082,0.031057150018082045,0.0165481472960012,0.01654814729600121,9.77950359581925e-17,4.5102810375396984e-17
exog_sel,E7_iv_path,tfp_growth,0.15,0.033338553387546,0.03333855338754607,0.0262042796779709,0.026204279677970926,0.0762566545321664,0.07625665453216648,0.0457849411946285,0.0457849411946285,6.938893903907228e-17,8.326672684688674e-17
exog_sel,E8_heckman,alpha,0.3478,0.0145449284965562,0.01420196282054571,0.0130061279444434,0.01262794630909908,0.0667626109861991,0.06671870377413638,0.0449088756572661,0.044931118215772475,-0.00034296567601048954,-4.390721206271042e-05
exog_sel,E8_heckman,beta,0.3658,0.0036472967158893,0.004481433996532059,-0.0141670896066163,-0.01365890829440336,0.1008036008335054,0.1013456565350308,0.068523055046413,0.06864356067049726,0.000834137280642759,0.0005420557015254068
exog_sel,E8_heckman,a,0.5126121076233184,-0.0128036001934639,-0.012099056808853523,-0.0179636549927463,-0.017651555868289343,0.1037952228028046,0.10408952347968428,0.085306504434362,0.08532539897818464,0.0007045433846103767,0.00029430067687968853
exog_sel,E8_heckman,gamma,0.17828649103139016,-0.0033866118612226,-0.0033342684628274288,-0.0035472354135545,-0.0034674691491752008,0.0146854138679533,0.014617287314352991,0.0096114270166434,0.009576790618654796,5.234339839517129e-05,-6.812655360030964e-05
exog_sel,E8_heckman,sigma_star,0.7370283018867925,-0.0045117906643441,-0.004644578307814165,-0.0022732649340183,-0.002347015843661815,0.017488886894458,0.017499675748593218,0.010244468501731,0.010340718655220238,-0.0001327876434700651,1.0788854135218573e-05
exog_sel,E8_heckman,lnMstar,2.8979598554678856,0.262241248609638,0.2553515019861677,0.2117653000651451,0.2054298512310302,1.4505439478633542,1.4553213068763509,0.9958192444073416,0.9958621680535686,-0.006889746623470305,0.004777359012996696
exog_sel,E8_heckman,sd_omega,0.25,-0.0114825803906507,-0.011485320147801742,-0.0129312856250434,-0.01293151281166191,0.0215301311807067,0.021530065297539838,0.0160365268093935,0.016036556200924645,-2.739757151041383e-06,-6.588316686303997e-08
exog_sel,E8_heckman,tfp_growth,0.15,0.0059696312831825,0.005974048295939449,0.0069749776732966,0.006975134566297586,0.0175414985199839,0.017547152963184626,0.0121356870717025,0.012135644994937411,4.417012756949626e-06,5.6544432007268886e-06
exog_sel,E9_foc_system,alpha,0.3478,-0.0042380045455612,-0.004237903997419317,-0.0044731917548724,-0.004473156314637794,0.0055604076730668,0.005560341689703009,0.004587216836037,0.00458722699171174,1.005481418828516e-07,-6.598336379105146e-08
exog_sel,E9_foc_system,beta,0.3658,-0.0080376817927799,-0.00803761367843101,-0.0081947868852171,-0.008194654957300845,0.0092814976112475,0.009281436871111149,0.0081947868852171,0.008194654957300845,6.811434889036905e-08,-6.074013635115616e-08
exog_sel,E9_foc_system,a,0.5126121076233184,-0.0024961427441498,-0.0024961681493027243,-0.0023944309116275,-0.0023944541688944443,0.0046690526340324,0.004669069494717488,0.0030778457451366,0.0030778480878980163,-2.5405152924082297e-08,1.6860685087688454e-08
exog_sel,E9_foc_system,gamma,0.17828649103139016,-0.0030382161216209,-0.003038173635753065,-0.0030638653672387,-0.0030638747819177192,0.0034010689234587,0.0034010319091746536,0.0030638653672387,0.0030638747819177192,4.2485867834691354e-08,-3.701428404620857e-08
exog_sel,E9_foc_system,sigma_star,0.7370283018867925,0.0033531495937829,0.003353103375663845,0.0033736363867443,0.0033736027531712787,0.0037546771191326,0.003754636664742667,0.0033736363867443,0.0033736027531712787,-4.6218119055009554e-08,-4.045438993299441e-08
exog_sel,E9_foc_system,lnMstar,2.8979598554678856,1.2443265210444892,1.2443257622601311,1.2407720548829837,1.2407721124959519,1.2453309753453747,1.2453302158067818,1.2407720548829837,1.2407721124959519,-7.587843580125764e-07,-7.595385929093368e-07
exog_sel,E9_foc_system,sd_omega,0.25,-0.0101956806436788,-0.010195678913373394,-0.0118644812506094,-0.011864472528590062,0.0209149815888913,0.02091498107193148,0.0153479105833552,0.015347892507260638,1.7303054059003564e-09,-5.169598187027002e-10
exog_sel,E9_foc_system,tfp_growth,0.15,0.0058908452316846,0.005890796319710119,0.005557870448077,0.005557690207426191,0.0117219238391536,0.01172189936564912,0.007699280870473,0.007699297065723837,-4.891197448106399e-08,-2.4473504479927133e-08
exog_sel,E10_foc_system_T,alpha,0.3478,-0.0020835958148924,-0.0020835679289017525,-0.0021460859812219,-0.0021460839846122737,0.0038288814741215,0.0038288621715829698,0.002758675898533,0.0027586051678589463,2.7885990647267406e-08,-1.9302538530226176e-08
exog_sel,E10_foc_system_T,beta,0.3658,-0.0032431079258684,-0.003243071472457262,-0.0033311695599909,-0.0033311815458552108,0.0053129004602652,0.005312878052389234,0.0039344920243472,0.003934408628523872,3.6453411138195196e-08,-2.2407875966204416e-08
exog_sel,E10_foc_system_T,a,0.5126121076233184,-0.0007302998959169,-0.0007302949572113395,-0.0008431194516217,-0.0008430771775104762,0.0034955806331177,0.003495575450497263,0.0022395934648851,0.0022396263135761596,4.938705560502722e-09,-5.182620436972041e-09
exog_sel,E10_foc_system_T,gamma,0.17828649103139016,-0.001326553969562,-0.0013265379572448422,-0.0013504258712609,-0.0013503806414869451,0.0019323082798778,0.0019322970842134673,0.0014164407989966,0.001416442079148414,1.6012317157745523e-08,-1.1195664332674243e-08
exog_sel,E10_foc_system_T,sigma_star,0.7370283018867925,0.001452851486248,0.0014528339411038027,0.0014631633535964,0.0014631485117788667,0.0021228341670865,0.002122821900542117,0.0015535345583563,0.001553535776501802,-1.7545144197304158e-08,-1.2266544383108396e-08
exog_sel,E10_foc_system_T,lnMstar,2.8979598554678856,-0.0322484041031062,-0.032248330656834086,-0.0311505039403603,-0.031150072399136253,0.0549088428732077,0.05490875745540418,0.0379535077836457,0.03795215334862578,7.344627211275379e-08,-8.54178035178399e-08
exog_sel,E10_foc_system_T,sd_omega,0.25,-0.010259041400424,-0.010259040444027088,-0.0113305626440022,-0.011330562741375741,0.0210091773920997,0.02100917709593781,0.015770835914984,0.015770827850105515,9.563969113196569e-10,-2.9616189015091443e-10
exog_sel,E10_foc_system_T,tfp_growth,0.15,0.0038093882727901,0.0038093704245494233,0.0036715870855156,0.003671553771276592,0.0107390178350851,0.010739011727249802,0.0072096883936935,0.007209755165641915,-1.7848240676642674e-08,-6.107835298294062e-09
predet_sel,E1_pooled_huber,alpha,0.3478,0.1048155291306561,0.1031455887581424,0.101941433150307,0.1003507324476895,0.1357876987664517,0.13478198055514987,0.1038223530349223,0.10194143365168484,-0.0016699403725136952,-0.001005718211301826
predet_sel,E1_pooled_huber,beta,0.3658,0.0550072644287333,0.058625975165037036,0.0544870962699766,0.057582709766267726,0.1552165004615553,0.15665321386582684,0.1061099664689906,0.10670692694554237,0.0036187107363037374,0.001436713404271539
predet_sel,E1_pooled_huber,a,0.5126121076233184,-0.0396384374911624,-0.03644247730216424,-0.0350250088904517,-0.03261947265922471,0.1319102435553249,0.1305119221001531,0.0873070443649552,0.08810468502940572,0.003195960188998162,-0.001398321455171797
predet_sel,E1_pooled_huber,gamma,0.17828649103139016,0.0262703391185128,0.026878667944779062,0.0331130436595932,0.033316776020565986,0.0419937232460185,0.041688258329365326,0.0353569067422267,0.03541207878478882,0.000608328826266262,-0.0003054649166531753
predet_sel,E1_pooled_huber,sigma_star,0.7370283018867925,-0.0401668082944943,-0.04064458058961474,-0.0407190059819927,-0.0409329597785833,0.046628633735027,0.046990879983062395,0.0408746754200629,0.04096442512105991,-0.00047777229512043634,0.0003622462480353944
predet_sel,E1_pooled_huber,lnMstar,2.8979598554678856,0.922005156966634,0.8847971885008454,0.951279899721024,0.9363937755105596,1.7471514314656846,1.7417312106619465,1.1715768196458671,1.1815980319071016,-0.037207968465788555,-0.005420220803738163
predet_sel,E1_pooled_huber,sd_omega,0.25,-0.0491253373584249,-0.04885093048653953,-0.0482953536607148,-0.048237669418355736,0.0563445372023232,0.055887272653969006,0.0482953536607148,0.048237669418355736,0.00027440687188536733,-0.0004572645483541943
predet_sel,E1_pooled_huber,tfp_growth,0.15,-0.0885658318747497,-0.08849073489650766,-0.0884122381214526,-0.08836768936261233,0.0891319782138013,0.08904814424018086,0.0884122381214526,0.08836768936261233,7.509697824203965e-05,-8.383397362043965e-05
predet_sel,E1b_pooled_huber_Etrue,alpha,0.3478,0.1301939395995209,0.1295214103985005,0.125307063307422,0.12471266959894478,0.1365041045251243,0.13557491635195135,0.125307063307422,0.12471266959894478,-0.0006725292010203998,-0.0009291881731729457
predet_sel,E1b_pooled_huber_Etrue,beta,0.3658,0.1202986397737265,0.12114136300403341,0.1164081401753408,0.1172740041178641,0.1349435523995445,0.13598958384884582,0.1164081401753408,0.1172740041178641,0.000842723230306916,0.0010460314493013212
predet_sel,E1b_pooled_huber_Etrue,a,0.5126121076233184,-0.0093848164671558,-0.008674120190938215,-0.0080689356636692,-0.007747378675145189,0.0471732526716521,0.04690770795356552,0.0283465824941948,0.028040322247458005,0.0007106962762175855,-0.00026554471808658275
predet_sel,E1b_pooled_huber_Etrue,gamma,0.17828649103139016,0.0605730941770695,0.060620829379474266,0.0605666098212447,0.06058741526236945,0.0613220040173869,0.061383400916686696,0.0605666098212447,0.06058741526236945,4.77352024047667e-05,6.139689929979958e-05
predet_sel,E1b_pooled_huber_Etrue,sigma_star,0.7370283018867925,-0.0621293552414311,-0.06216505281421913,-0.0618152425044989,-0.06181524251614967,0.0629475523618489,0.06299814073330902,0.0618152425044989,0.06181524251614967,-3.5697572788026544e-05,5.0588371460116854e-05
predet_sel,E1b_pooled_huber_Etrue,lnMstar,2.8979598554678856,0.642507126466366,0.6319026359582058,0.6296549127174869,0.6245357427308944,1.0412992677446782,1.0303471151703083,0.6912473545182889,0.691247342695817,-0.010604490508160147,-0.010952152574369878
predet_sel,E1b_pooled_huber_Etrue,sd_omega,0.25,-0.0110539430494498,-0.011042544446292334,-0.0107127110224758,-0.010712711100165473,0.0206815558354751,0.020668011663347294,0.0146167579786005,0.01461675793900541,1.139860315746595e-05,-1.3544172127805815e-05
predet_sel,E1b_pooled_huber_Etrue,tfp_growth,0.15,-0.0659603882417208,-0.06597619917078124,-0.0664729928888683,-0.06647299288886838,0.0666737336325268,0.0666916230581952,0.0664729928888683,0.06647299288886838,-1.58109290604308e-05,1.788942566841034e-05
predet_sel,E2_pooled_nls,alpha,0.3478,0.0322399678723224,0.03224028830779232,0.0285743406115336,0.028568226332126884,0.053272240894929,0.053274906969949264,0.0344064159866768,0.034388775112143444,3.2043546991517013e-07,2.6660750202661676e-06
predet_sel,E2_pooled_nls,beta,0.3658,0.0219045078181854,0.021905488257545933,0.0126421210326095,0.012648685366513035,0.0661488646489737,0.06615158968252974,0.0383479603085934,0.03840855363498613,9.804393605317152e-07,2.7250335560419225e-06
predet_sel,E2_pooled_nls,a,0.5126121076233184,-0.0092891877636397,-0.00928882129648008,-0.0106347066825822,-0.01061265117287663,0.0635970174985592,0.06360105521962896,0.0422369202480799,0.042275839237258916,3.664671596199237e-07,4.03772106975786e-06
predet_sel,E2_pooled_nls,gamma,0.17828649103139016,0.0105166224235109,0.010516539818172186,0.0107146307514379,0.010712428214979197,0.0135130146870862,0.013512772014263905,0.010838446789954,0.01084035286967916,-8.260533871339015e-08,-2.4267282229539777e-07
predet_sel,E2_pooled_nls,sigma_star,0.7370283018867925,-0.0142776057722637,-0.014277954453947441,-0.0131842262237377,-0.013183768466111967,0.0174456226388033,0.01744572370973167,0.0132405380009461,0.013241313900297869,-3.4868168374141417e-07,1.0107092836969533e-07
predet_sel,E2_pooled_nls,lnMstar,2.8979598554678856,0.3949205311889047,0.3949179169050416,0.3932868446965447,0.3929069698348291,1.0089852027852353,1.0090169900493655,0.648492553422028,0.6483550164080618,-2.6142838631115772e-06,3.1787264130223036e-05
predet_sel,E2_pooled_nls,sd_omega,0.25,-0.0162896729030077,-0.01628968865092266,-0.0166898087221071,-0.016689691833664158,0.0244625813211064,0.024462590284072147,0.0180488264500584,0.018048853945794988,-1.574791495817518e-08,8.962965748066098e-09
predet_sel,E2_pooled_nls,tfp_growth,0.15,-0.0080081979741343,-0.008008107311259177,-0.0080807681632382,-0.008081115671064412,0.0141932297279286,0.014193152833957964,0.0099944631096651,0.009994045391529968,9.066287512231319e-08,-7.689397063526116e-08
predet_sel,E3_lab_fe,alpha,0.3478,0.0115938469273408,0.011595237503221754,0.0065156497043019,0.00652994201883389,0.0498199110820687,0.049822934300177396,0.0368078493268847,0.03680973734356224,1.3905758809544533e-06,3.0232181086956023e-06
predet_sel,E3_lab_fe,beta,0.3658,-0.0006726911039331,-0.0006719230493020326,-0.0149543931184679,-0.014948845893099222,0.0766560862870369,0.07666122360174928,0.0601438846063511,0.060143573574517245,7.680546310674143e-07,5.137314712369556e-06
predet_sel,E3_lab_fe,a,0.5126121076233184,-0.0118421120331229,-0.011843013829433438,-0.0181413696487877,-0.01814357975387268,0.0829638672124118,0.08296909330325451,0.0699686385686448,0.0700223802645549,-9.017963105376753e-07,5.2260908427193e-06
predet_sel,E3_lab_fe,gamma,0.17828649103139016,-0.0021828359741232,-0.0021829368682340666,-0.0017133984124933,-0.0017141201645376747,0.0078232769078507,0.007823567349375884,0.0050336458739699,0.005033462886411655,-1.0089411086678171e-07,2.9044152518448163e-07
predet_sel,E3_lab_fe,sigma_star,0.7370283018867925,-0.0028152328752059,-0.0028157993472452303,-0.0003801448942327,-0.00037976449450433103,0.0104217585814592,0.01042243687587511,0.0052186560240949,0.005227279935502316,-5.664720393303881e-07,6.782944159105381e-07
predet_sel,E3_lab_fe,lnMstar,2.8979598554678856,0.1976841983546199,0.19769566628501656,0.1956042038070879,0.19559782955438276,1.080905611235779,1.0809659195214025,0.8157847700588756,0.8158396614235706,1.1467930396663606e-05,6.030828562342272e-05
predet_sel,E3_lab_fe,sd_omega,0.25,-0.0127996361806127,-0.012799594214795212,-0.0131347979814503,-0.013134729389649949,0.0228785841707388,0.022878560467970568,0.0161053263520809,0.016105321779908477,4.1965817487721324e-08,-2.3702768230798865e-08
predet_sel,E3_lab_fe,tfp_growth,0.15,0.0066345767397267,0.006634691845497455,0.0062071457414314,0.006207152656609455,0.0124186423216917,0.012418691993241856,0.0084030398894154,0.008402947999630261,1.1510577075518613e-07,4.967155015599134e-08
predet_sel,E4_mundlak,alpha,0.3478,0.0116729802592548,0.011674048528616612,0.0083311602700466,0.00834421141662045,0.0372824992555434,0.03728483447258105,0.0228632511582512,0.02291686334348378,1.0682693618122713e-06,2.335217037643944e-06
predet_sel,E4_mundlak,beta,0.3658,-0.0025938196802423,-0.002593830795284654,-0.0060845280269135,-0.0061180300410974275,0.0545565866719087,0.054559664056542,0.0359985009032317,0.03599753796923258,-1.1115042354396809e-08,3.0773846333015387e-06
predet_sel,E4_mundlak,a,0.5126121076233184,-0.0115974958947537,-0.011598421095740647,-0.0092403529510919,-0.009266991588345264,0.0601357491688328,0.060139446350546986,0.0401909536302832,0.04008611985298943,-9.252009869481492e-07,3.697181714189257e-06
predet_sel,E4_mundlak,gamma,0.17828649103139016,-0.000195263943232,-0.00019530894528447737,0.0002303537893242,0.00022255802119389156,0.0060909742404471,0.0060912773419030935,0.0039317668827946,0.003932719252160752,-4.500205247735963e-08,3.0310145599388855e-07
predet_sel,E4_mundlak,sigma_star,0.7370283018867925,-0.0023791701241753,-0.0023794504522480654,-0.001223629476345,-0.0012254065642255396,0.007924122540546,0.007924432448216317,0.0040037288502934,0.004008174275906995,-2.803280727652069e-07,3.099076703160647e-07
predet_sel,E4_mundlak,lnMstar,2.8979598554678856,0.2151436342419505,0.21516322975431557,0.2141425941207395,0.2148003886840819,0.843053260476242,0.843096396391351,0.6090769768403006,0.6092479426721402,1.959551236507817e-05,4.3135915109071554e-05
predet_sel,E4_mundlak,sd_omega,0.25,-0.0135306215339239,-0.01353064846826708,-0.0136587760463587,-0.013658773561851648,0.0231554048830335,0.02315542280462633,0.0166660428264264,0.016666067341871496,-2.6934343181142517e-08,1.792159282781869e-08
predet_sel,E4_mundlak,tfp_growth,0.15,0.0041150118780242,0.0041150696634138124,0.0036973725517978,0.0036972315467743017,0.011323913644985,0.011324001353918579,0.0077693055887099,0.007769430353817261,5.778538961220825e-08,8.770893357781806e-08
predet_sel,E5_labgen_fe,alpha,0.3478,0.0010526183349733,0.0010531105225516034,0.0002725564001917,0.0002688131382058978,0.0171455113511674,0.017146859773983187,0.0109610994542345,0.010954933520468751,4.921875783035247e-07,1.3484228157875644e-06
predet_sel,E5_labgen_fe,beta,0.3658,-0.0014079368270928,-0.0014082078318141539,-0.0057642330081949,-0.0057629339614444774,0.0294738654687793,0.02947629480463658,0.0189921847903307,0.018992351652758116,-2.710047213537719e-07,2.429335857281195e-06
predet_sel,E5_labgen_fe,a,0.5126121076233184,-0.0022704314719201,-0.0022710631185354655,-0.0050151706865798,-0.0050156798126752555,0.0319127328043839,0.031915345297905455,0.0202839523659513,0.020288749015716145,-6.316466153654873e-07,2.612493521556014e-06
predet_sel,E5_labgen_fe,gamma,0.17828649103139016,-0.0007882366459642,-0.000788291740692672,-0.0007564593703397,-0.0007560940523908127,0.0030197134069868,0.0030198952488801533,0.0019538857410367,0.0019538181501242563,-5.509472847202695e-08,1.818418933533482e-07
predet_sel,E5_labgen_fe,sigma_star,0.7370283018867925,0.0001163596144942,0.00011630231649002037,0.0007174778113003,0.0007198113589366728,0.0038174750744502,0.003817741462831522,0.0025879034563334,0.0025879781619477793,-5.7298004179631365e-08,2.6638838132196294e-07
predet_sel,E5_labgen_fe,lnMstar,2.8979598554678856,0.0375142812858176,0.03752223106916712,0.0381336540266672,0.03810517171980354,0.4153303176139251,0.4153602160132542,0.2747492660589219,0.2748289833216009,7.949783349517348e-06,2.989839932909799e-05
predet_sel,E5_labgen_fe,sd_omega,0.25,-0.0126133411384321,-0.012613331597955168,-0.0127943600418936,-0.012794337681874171,0.0226648964603279,0.022664887879328948,0.0159447982895609,0.015944795963378597,9.540476931038655e-09,-8.580998953067187e-09
predet_sel,E5_labgen_fe,tfp_growth,0.15,0.0055639023731001,0.005563926122294846,0.0052789545177169,0.0052789944578472275,0.0114087387358853,0.011408750182807676,0.0073512719041679,0.00735125478283373,2.3749194746208735e-08,1.1446922375257795e-08
predet_sel,E6_acf,alpha,0.3478,0.0343175226127922,0.03431735837443443,0.0008062882108576,0.0008091982304064549,0.1276796942044369,0.1276796087223544,0.0813384959369731,0.08133857346011095,-1.6423835777490403e-07,-8.548208249581357e-08
predet_sel,E6_acf,beta,0.3658,0.0396567482427696,0.039657016521312476,-0.0322442351631998,-0.03224427406944402,0.2090198038967206,0.20901976845714373,0.1305226912469579,0.13052268992011903,2.682785428739787e-07,-3.543957685647747e-08
predet_sel,E6_acf,a,0.5126121076233184,-0.0150178757656908,-0.015017573208729469,-0.0247945498807286,-0.02479457096401025,0.1757065981175249,0.17570656026129583,0.1596999368291323,0.15969997917826592,3.0255696133185683e-07,-3.785622906815611e-08
predet_sel,E6_acf,gamma,0.17828649103139016,-0.0082319484943121,-0.008231914684882505,-0.007430802826895,-0.0074308055672518,0.0178531651265191,0.017853145255046398,0.0115881807987936,0.011588306711456053,3.38094295945085e-08,-1.9871472703436588e-08
predet_sel,E6_acf,sigma_star,0.7370283018867925,-0.0180298171418234,-0.018029847466036263,-0.0069040787413852,-0.006904068323805412,0.0367754288187427,0.03677540841822724,0.0126204692426244,0.012620469174335291,-3.0324212862975486e-08,-2.0400515457486e-08
predet_sel,E6_acf,lnMstar,2.8979598554678856,0.1541628452253776,0.15415931234598415,0.0485347767648216,0.048534722325584534,1.9402154870395452,1.940216622957027,1.699477646884179,1.699477073400331,-3.5328793934474856e-06,1.1359174818537099e-06
predet_sel,E6_acf,sd_omega,0.25,-0.0101948529340603,-0.010194854078267139,-0.0100581304726755,-0.010058130505520096,0.0219516478730926,0.02195165172360519,0.0147323533434743,0.014732353238932364,-1.1442068386519066e-09,3.850512589331778e-09
predet_sel,E6_acf,tfp_growth,0.15,0.0111575920291407,0.011157594676115917,0.0111090338829628,0.011109034098350345,0.0155885660710489,0.015588568678533655,0.0116197543346531,0.01161975439981315,2.646975217138192e-09,2.6074847558898995e-09
predet_sel,E6b_acf_lagonly,alpha,0.3478,0.0148882700024103,0.014888164377953057,-0.0034990188170953,-0.0034982599208142617,0.0908044736928869,0.09080448241021594,0.0519185367131202,0.05191852790706536,-1.056244572431031e-07,8.717329039176214e-09
predet_sel,E6b_acf_lagonly,beta,0.3658,0.030557568163416,0.030557781725101898,-0.0131558354138714,-0.013155838554791688,0.1522410111167526,0.15224102696827674,0.0828556484536192,0.08285565019486396,2.1356168589808933e-07,1.5851524148846607e-08
predet_sel,E6b_acf_lagonly,a,0.5126121076233184,-0.0001227325700317,-0.00012251259988768108,-0.0079766252448356,-0.00796177200801157,0.1307689101090967,0.1307689221002209,0.0969698035531731,0.09696981069072838,2.1997014401891734e-07,1.1991124204691062e-08
predet_sel,E6b_acf_lagonly,gamma,0.17828649103139016,-0.0032824578459577,-0.0032824380209218753,-0.0037653136928705,-0.003765313883276264,0.0118380518658755,0.011838043129995578,0.0071506043855819,0.00715060319277272,1.9825035824788673e-08,-8.735879922228129e-09
predet_sel,E6b_acf_lagonly,sigma_star,0.7370283018867925,-0.0112605241888566,-0.011260553438361414,-0.0019725631502955,-0.001972563470639399,0.0269050040231692,0.026905004656893987,0.0078736788877561,0.007873722712961051,-2.9249504814726768e-08,6.33724787924006e-10
predet_sel,E6b_acf_lagonly,lnMstar,2.8979598554678856,0.0231395397609244,0.023137149581480783,-0.0754057787174624,-0.07540587923774433,1.4836197388898,1.4836203597440298,1.0769036834688752,1.0769035711058155,-2.390179443617635e-06,6.208542298047348e-07
predet_sel,E6b_acf_lagonly,sd_omega,0.25,-0.011519173389103,-0.011519173766224465,-0.0116715077507711,-0.011671507561187969,0.0222786832751619,0.02227868339196409,0.0152174209566679,0.015217419150038908,-3.771214642650511e-10,1.168021894482063e-10
predet_sel,E6b_acf_lagonly,tfp_growth,0.15,0.0076610134301598,0.007661014401188199,0.007057334986039,0.007057337973481931,0.0129930824340862,0.012993082584965655,0.0083036602584377,0.008303660081913841,9.710283991812285e-10,1.5087945476333076e-10
predet_sel,E7_iv_path,alpha,0.3478,-0.0746371720524924,-0.07463717205249248,-0.0645082023999058,-0.06450820239990582,0.1628235692918093,0.16282356929180938,0.0877837416481301,0.08778374164813016,-8.326672684688674e-17,8.326672684688674e-17
predet_sel,E7_iv_path,beta,0.3658,-0.0786749701446104,-0.07867497014461042,-0.0689196417879082,-0.06891964178790827,0.171241581599046,0.171241581599046,0.0911223431033366,0.09112234310333664,-1.3877787807814457e-17,0.0
predet_sel,E7_iv_path,a,0.5126121076233184,-0.0003145607947435,-0.000314560794743593,-0.000433773325695,-0.00043377332569505267,0.0042927687708521,0.004292768770852127,0.0029178478928248,0.002917847892824843,-9.302454639925628e-17,2.688821387764051e-17
predet_sel,E7_iv_path,gamma,0.17828649103139016,-0.0383119383007111,-0.03831193830071114,-0.0328784588577651,-0.032878458857765164,0.0834522111382379,0.08345221113823792,0.0445561774712153,0.044556177471215375,-4.163336342344337e-17,1.3877787807814457e-17
predet_sel,E7_iv_path,sigma_star,0.7370283018867925,0.0561451552843482,0.05614515528434824,0.0375621813397672,0.03756218133976724,0.1210479995785144,0.12104799957851442,0.0499371481663044,0.04993714816630446,4.163336342344337e-17,1.3877787807814457e-17
predet_sel,E7_iv_path,lnMstar,2.8979598554678856,1.2710951204226593,1.2710951204226593,1.274548084034961,1.274548084034961,1.2723671015586375,1.2723671015586375,1.274548084034961,1.274548084034961,0.0,0.0
predet_sel,E7_iv_path,sd_omega,0.25,0.0176570149713403,0.01765701497134032,0.0027734674500822,0.002773467450082223,0.0582826571487987,0.058282657148798746,0.0221465002615028,0.022146500261502805,2.0816681711721685e-17,4.85722573273506e-17
predet_sel,E7_iv_path,tfp_growth,0.15,0.0484114908727138,0.04841149087271381,0.0424815389182195,0.04248153891821953,0.0979771248015526,0.09797712480155263,0.0546864721590436,0.05468647215904366,1.3877787807814457e-17,2.7755575615628914e-17
predet_sel,E8_heckman,alpha,0.3478,0.0454808869684747,0.04548302391205844,0.0455952241771352,0.04561538224527886,0.0613239166992322,0.06132747560074354,0.0467160409422401,0.046665537339786595,2.1369435837387263e-06,3.5589015113385303e-06
predet_sel,E8_heckman,beta,0.3658,0.0360587736696833,0.03605708785060222,0.0335875447579791,0.033608496005817196,0.0703364028279415,0.07033675043303601,0.044335159147814,0.04439285631243722,-1.6858190810750684e-06,3.476050945139253e-07
predet_sel,E8_heckman,a,0.5126121076233184,-0.0087227406147303,-0.008725122752381227,-0.007899375957891,-0.007903138166689416,0.056190626644529,0.056194396773420155,0.0339782382406684,0.03398094410843755,-2.3821376509275405e-06,3.770128891154856e-06
predet_sel,E8_heckman,gamma,0.17828649103139016,0.0180194406221442,0.018019270464564915,0.0172675338720915,0.017271467655902956,0.0223368557101944,0.022336645838403068,0.0174404080524985,0.017447139304257203,-1.701575792836807e-07,-2.098717913311121e-07
predet_sel,E8_heckman,sigma_star,0.7370283018867925,-0.0212476894434908,-0.021247815467639798,-0.0203515578501135,-0.02034565973992758,0.0251438985788313,0.025143861777407312,0.0203963974760329,0.02039670377915276,-1.2602414899837155e-07,-3.680142398806985e-08
predet_sel,E8_heckman,lnMstar,2.8979598554678856,0.3927806403021942,0.3927987491231437,0.4065781174354121,0.40690525822242485,0.9412685316040058,0.9413271879918979,0.6105502111142871,0.6100800013529966,1.8108820949547244e-05,5.865638789204208e-05
predet_sel,E8_heckman,sd_omega,0.25,-0.0166622790393498,-0.01666227334570923,-0.0169648325678475,-0.016964976212506727,0.024674072875151,0.024674060491540833,0.0177175415648776,0.0177175739735959,5.69364056943189e-09,-1.238361016508982e-08
predet_sel,E8_heckman,tfp_growth,0.15,-0.0164073259851918,-0.01640720455205516,-0.0155843654640185,-0.015584186258765564,0.022748852961593,0.022748803351954967,0.0159736587444949,0.01597390988534496,1.2143313663989797e-07,-4.9609638032993564e-08
predet_sel,E9_foc_system,alpha,0.3478,-0.0041741647739824,-0.004174081630716351,-0.0041921425340274,-0.0041921390725392915,0.0055680094546805,0.005567956049230855,0.0042717039042354,0.004271444148397557,8.314326604887817e-08,-5.34054496450706e-08
predet_sel,E9_foc_system,beta,0.3658,-0.0079455715117992,-0.007945509656942356,-0.0080423370296842,-0.008042350783777241,0.0092137319630723,0.009213679233120924,0.0080712199837848,0.008071215832084894,6.185485684415126e-08,-5.272995137577119e-08
predet_sel,E9_foc_system,a,0.5126121076233184,-0.0024777467290319,-0.0024777639113766235,-0.0026378934314313,-0.002637895400544543,0.0046848469849847,0.004684866320228637,0.0032095110108128,0.003209531448755354,-1.718234472368116e-08,1.933524393718522e-08
predet_sel,E9_foc_system,gamma,0.17828649103139016,-0.0029996672526946,-0.002999630842518839,-0.0030604263420636,-0.003060155620143945,0.0033784763495435,0.0033784442606926675,0.0030604263420636,0.003060155620143945,3.6410175761111135e-08,-3.2088850832577565e-08
predet_sel,E9_foc_system,sigma_star,0.7370283018867925,0.0033105333790884,0.0033104936442688426,0.0033522086529837,0.003352186065745222,0.0037290304835188,0.003728995361340963,0.0033522086529837,0.003352186065745222,-3.973481955748745e-08,-3.512217783708388e-08
predet_sel,E9_foc_system,lnMstar,2.8979598554678856,1.2452707413389323,1.245270111395163,1.24579583449697,1.2457966740046071,1.2463881264023078,1.2463874992409274,1.24579583449697,1.2457966740046071,-6.299437693702004e-07,-6.271613803843223e-07
predet_sel,E9_foc_system,sd_omega,0.25,-0.011911280271816,-0.011911290176173499,-0.0123995541192716,-0.01239955364445447,0.022348033389113,0.02234804013211586,0.0155581728895409,0.015558185518366546,-9.904357499077032e-09,6.743002860937208e-09
predet_sel,E9_foc_system,tfp_growth,0.15,0.008331722136005,0.00833168032435761,0.0077764869570638,0.0077764400368392494,0.0130288734244803,0.013028849123552145,0.0086236577160119,0.008623676931306085,-4.18116473908936e-08,-2.430092815516871e-08
predet_sel,E10_foc_system_T,alpha,0.3478,-0.0019357401031901,-0.0019357170474331837,-0.0020472281205006,-0.0020472340941108114,0.0036845616701196,0.003684549579413052,0.0025534728831491,0.0025535260241025814,2.3055756916265033e-08,-1.2090706547930596e-08
predet_sel,E10_foc_system_T,beta,0.3658,-0.0034170324305026,-0.0034170019762749548,-0.0033812257500115,-0.003381215310811536,0.0054925938615731,0.005492574825420138,0.0038553237226029,0.003855451237211538,3.045422764533581e-08,-1.903615296210831e-08
predet_sel,E10_foc_system_T,a,0.5126121076233184,-0.0009582637213431,-0.0009582593787813232,-0.0009550882531833,-0.0009550817084985064,0.0034796498298569,0.003479650479454161,0.0021414385286373,0.0021414687408944366,4.342561776859467e-09,6.495972613984602e-10
predet_sel,E10_foc_system_T,gamma,0.17828649103139016,-0.0013289284481246,-0.001328915159026397,-0.0013841663243037,-0.0013841469886577418,0.0019577241209087,0.001957714658909099,0.0014486220548728,0.0014486361075641274,1.3289098202938499e-08,-9.46199960093555e-09
predet_sel,E10_foc_system_T,sigma_star,0.7370283018867925,0.0014601172126914,0.0014601026184987388,0.001508335211949,0.0015083339789541683,0.0021549405094533,0.0021549300901850376,0.0015960441535794,0.0015960456817993296,-1.4594192661223498e-08,-1.0419268262409909e-08
predet_sel,E10_foc_system_T,lnMstar,2.8979598554678856,-0.0297809243985313,-0.02978083874128039,-0.0281779900873502,-0.028177984647832943,0.0518705011609885,0.051870451611349476,0.0336369546506256,0.033635232311812535,8.565725090683984e-08,-4.954963902376042e-08
predet_sel,E10_foc_system_T,sd_omega,0.25,-0.0124915274240004,-0.012491530495174135,-0.0125304453723172,-0.012530459208844949,0.0226003520497064,0.022600354121582244,0.0158386464216136,0.015838646911558077,-3.071173735463839e-09,2.071875844500415e-09
predet_sel,E10_foc_system_T,tfp_growth,0.15,0.0062130418391189,0.006213027062241417,0.0058038873150878,0.005803814201577259,0.011762961568072,0.011762955825030563,0.0073481508963778,0.00734823040115648,-1.4776877482920725e-08,-5.7430414365094995e-09
predet_me,E1_pooled_huber,alpha,0.3478,0.0747035300605888,0.07311232373110702,0.0720765998613646,0.07097993488666768,0.1054865712232162,0.10429436630543115,0.076278062065718,0.07490080701891677,-0.0015912063294817869,-0.0011922049177850447
predet_me,E1_pooled_huber,beta,0.3658,0.0614761316429559,0.06571270748355429,0.0539181694939236,0.05555430246237453,0.1388825377202855,0.1449356672036654,0.0810868789378067,0.08108687948086943,0.004236575840598389,0.00605312948337991
predet_me,E1_pooled_huber,a,0.5126121076233184,-0.0165221252051532,-0.013621805357347581,-0.0175678492503152,-0.016078001537559367,0.1121972373092341,0.11225561350605705,0.0722987868029196,0.07244254498802938,0.0029003198478056175,5.83761968229457e-05
predet_me,E1_pooled_huber,gamma,0.17828649103139016,0.0238102400627396,0.024231935612519625,0.0258314037929896,0.026081537622098236,0.0346309357797699,0.03475173314984744,0.0280963438851176,0.028377141311105622,0.0004216955497800233,0.00012079737007753694
predet_me,E1_pooled_huber,sigma_star,0.7370283018867925,-0.0346544310834191,-0.035242837966946425,-0.0332451293818964,-0.033589909047574584,0.0399054012734716,0.040889888705069204,0.0332451293818964,0.033589909047574584,-0.0005884068835273273,0.000984487431597604
predet_me,E1_pooled_huber,lnMstar,2.8979598554678856,0.4348452473953416,0.3923638307469966,0.4675562209642592,0.4359325010868704,1.5024303773236525,1.515701793244351,1.0527599936863323,1.052759991837596,-0.04248141664834498,0.013271415920698582
predet_me,E1_pooled_huber,sd_omega,0.25,-0.0476912981465758,-0.047652662374340515,-0.046471523367564,-0.04647152344044639,0.0528921551761736,0.052779185967425604,0.046471523367564,0.04647152344044639,3.8635772235284804e-05,-0.00011296920874799554
predet_me,E1_pooled_huber,tfp_growth,0.15,-0.086753189673678,-0.08670375975377542,-0.0866711609876262,-0.08664353220779891,0.0872666006181663,0.0872209128857354,0.0866711609876262,0.08664353220779891,4.942991990257439e-05,-4.56877324308963e-05
predet_me,E1b_pooled_huber_Etrue,alpha,0.3478,0.1123027318683005,0.11210593484680852,0.1117167146806865,0.1117167154876014,0.1168464324277334,0.11655310920066593,0.1117167146806865,0.1117167154876014,-0.0001967970214919873,-0.00029332322706747405
predet_me,E1b_pooled_huber_Etrue,beta,0.3658,0.1174814430631076,0.11772121661359515,0.1120209753254117,0.11218382567336105,0.1288353070656878,0.12903490602005435,0.1120209753254117,0.11218382567336105,0.000239773550487557,0.00019959895436655328
predet_me,E1b_pooled_huber_Etrue,a,0.5126121076233184,-0.0012066083557741,-0.000986125992460341,-0.0037632007432748,-0.0036139749073391125,0.0402255596993644,0.04001991730811257,0.0224480619704876,0.022310821707128364,0.000220482363313759,-0.00020564239125182848
predet_me,E1b_pooled_huber_Etrue,gamma,0.17828649103139016,0.0558406147546898,0.05586213313079568,0.0554229693588419,0.05542296935884193,0.0563707629205077,0.0563966776085137,0.0554229693588419,0.05542296935884193,2.15183761058807e-05,2.5914688005994335e-05
predet_me,E1b_pooled_huber_Etrue,sigma_star,0.7370283018867925,-0.0574321623734164,-0.057441745530703935,-0.0565108096862098,-0.05651080968620986,0.0580401278789907,0.058051554932348155,0.0565108096862098,0.05651080968620986,-9.58315728753767e-06,1.1427053357458694e-05
predet_me,E1b_pooled_huber_Etrue,lnMstar,2.8979598554678856,0.340736100304627,0.33736505864131144,0.3454938137088654,0.34549382234007053,0.7666203014816372,0.7614760692401349,0.519946120337696,0.5172940796364478,-0.0033710416633155327,-0.005144232241502289
predet_me,E1b_pooled_huber_Etrue,sd_omega,0.25,-0.0084443374468845,-0.008446317543253644,-0.0084593518497772,-0.008459351849777252,0.018451765123589,0.01845319421668876,0.0127416061971195,0.012741606197119532,-1.980096369143952e-06,1.4290930997612472e-06
predet_me,E1b_pooled_huber_Etrue,tfp_growth,0.15,-0.0614822968418252,-0.061494776833882735,-0.0611407041535723,-0.061140704025136904,0.0621842626003901,0.06220129927116694,0.0611407041535723,0.061140704025136904,-1.2479992057536082e-05,1.7036670776834906e-05
predet_me,E2_pooled_nls,alpha,0.3478,0.0365111191828344,0.03651295275017367,0.0376382228751733,0.037642482600974,0.0466407888890642,0.04664426534398983,0.0383905458829166,0.03839134185417731,1.8335673392655405e-06,3.4764549256272037e-06
predet_me,E2_pooled_nls,beta,0.3658,0.037148774035569,0.03714779006808806,0.0336898721709819,0.03361872767433388,0.066016093712554,0.06602001531489547,0.0390959481488474,0.03913187296488305,-9.839674809386523e-07,3.921602341472319e-06
predet_me,E2_pooled_nls,a,0.5126121076233184,-0.0024262393780656,-0.0024283786362147186,-0.005208122615872,-0.005281125943328913,0.0489654133740755,0.04897162833817561,0.0298943110986903,0.029907715538563612,-2.1392581491187952e-06,6.214964100109688e-06
predet_me,E2_pooled_nls,gamma,0.17828649103139016,0.0165016006650097,0.01650138007804483,0.0171566759541198,0.01716170686592619,0.0184377979642761,0.01843785923614111,0.0171566759541198,0.01716170686592619,-2.2058696486776386e-07,6.12718650122579e-08
predet_me,E2_pooled_nls,sigma_star,0.7370283018867925,-0.0193518791784953,-0.019352088440385228,-0.0189473755079053,-0.018948469075545704,0.0215457222732763,0.021546073021324202,0.0189473755079053,0.018948469075545704,-2.0926188992742567e-07,3.5074804790105607e-07
predet_me,E2_pooled_nls,lnMstar,2.8979598554678856,-0.0409088550800799,-0.04088252094211109,2.0745348427997357e-05,0.00017655673484284762,0.7396834772314127,0.7397468025316282,0.4657798890995375,0.46483345133762,2.6334137968812843e-05,6.332530021546656e-05
predet_me,E2_pooled_nls,sd_omega,0.25,-0.0081359526664466,-0.00813593788347034,-0.0083824172658122,-0.00838238062048105,0.019001080782951,0.019001072880712663,0.0136351300364909,0.013635209127354025,1.4782976259786196e-08,-7.902238335910639e-09
predet_me,E2_pooled_nls,tfp_growth,0.15,-0.0179308504938087,-0.01793077071022818,-0.017967190328498,-0.017967619288141085,0.0212270476469234,0.02122701222153373,0.017967190328498,0.017967619288141085,7.978358051996537e-08,-3.542538967032938e-08
predet_me,E3_lab_fe,alpha,0.3478,0.0104450145335047,0.010444378047218367,0.0063469929110976,0.006354856545986026,0.0349267405424415,0.034928300507219116,0.0227522881177248,0.022738601003752634,-6.364862863324217e-07,1.5599647776171066e-06
predet_me,E3_lab_fe,beta,0.3658,0.0106964255698703,0.010698920034541226,0.0028697888638651,0.002874089408499675,0.0661773492358687,0.06618199684231152,0.0441612723461797,0.04417097601075068,2.4944646709271906e-06,4.647606442823027e-06
predet_me,E3_lab_fe,a,0.5126121076233184,-0.0029511740506675,-0.0029494631465520693,-0.002312349271102,-0.002365766469160757,0.0639405097230641,0.06394459663084114,0.0464095371375688,0.04641063429414369,1.7109041154307787e-06,4.086907777034465e-06
predet_me,E3_lab_fe,gamma,0.17828649103139016,0.0022228711734881,0.002222906781617766,0.0027415161005167,0.0027596426240858174,0.0076227929298319,0.007623382978651289,0.0053219964360014,0.005319569815008654,3.560812966577412e-08,5.900488193894687e-07
predet_me,E3_lab_fe,sigma_star,0.7370283018867925,-0.0055664080705226,-0.005566888186606655,-0.0035853494804777,-0.0035902734795185687,0.0112018804489767,0.011202662349286513,0.0049281458893227,0.00492777690796925,-4.80116084055314e-07,7.81900309812858e-07
predet_me,E3_lab_fe,lnMstar,2.8979598554678856,-0.2761573677054786,-0.27617905676639276,-0.3337737780296823,-0.33366792750745256,0.887000446699223,0.8870243769044932,0.6392381413265444,0.6385588115595451,-2.1689060914154012e-05,2.3930205270250582e-05
predet_me,E3_lab_fe,sd_omega,0.25,-0.0031736873454589,-0.0031736686472658526,-0.0038127011687101,-0.0038127528637000307,0.0184475034290419,0.01844749967039488,0.013975195459835,0.013975190620748576,1.869819304728057e-08,-3.758647018625716e-09
predet_me,E3_lab_fe,tfp_growth,0.15,-0.0021565362898392,-0.0021564678540618846,-0.0023755356282049,-0.0023754664261223385,0.0097355107893784,0.009735489831535557,0.0065680765623371,0.00656803982813757,6.843577731547798e-08,-2.0957842843116747e-08
predet_me,E4_mundlak,alpha,0.3478,0.0129058841326614,0.012906650143260751,0.0132955757016511,0.013308491414396967,0.0301923388703185,0.0301939862780524,0.0205014967222292,0.020508011861658626,7.660105993505251e-07,1.647407733899181e-06
predet_me,E4_mundlak,beta,0.3658,0.0126371359324617,0.012637589388176924,0.0070863182691841,0.007102024334793594,0.0563921086968634,0.05639610166003407,0.0308705341376695,0.030875256690472808,4.534557152234553e-07,3.9929631706764335e-06
predet_me,E4_mundlak,a,0.5126121076233184,-0.002588137518947,-0.0025886721466908853,-0.0054899336128756,-0.005520210368691381,0.0525246269219286,0.05252800437785143,0.0338731876360263,0.03384260408769854,-5.346277438854699e-07,3.3774559228261225e-06
predet_me,E4_mundlak,gamma,0.17828649103139016,0.0043048968527243,0.004304929609869679,0.004562372354545,0.0045655363196699245,0.0077692051529267,0.007769519660687387,0.0057430628850575,0.005742863530744283,3.2757145379015695e-08,3.145077606863181e-07
predet_me,E4_mundlak,sigma_star,0.7370283018867925,-0.0067710645210946,-0.006771374471542065,-0.0053723396827826,-0.005371870150975289,0.0109203996770605,0.010921091425268302,0.0061581955289866,0.006150339835950758,-3.099504474650752e-07,6.917482078018511e-07
predet_me,E4_mundlak,lnMstar,2.8979598554678856,-0.2468579655660439,-0.24686901896790744,-0.2477515385850766,-0.24817261605188334,0.7689152465708088,0.768984712314186,0.4757821883181177,0.47669213525856047,-1.1053401863553303e-05,6.946574337718392e-05
predet_me,E4_mundlak,sd_omega,0.25,-0.0040366726211362,-0.004036686010161061,-0.0048791517135132,-0.0048793134969186275,0.0184615192977083,0.01846150351963419,0.0138086975813951,0.013808731028357266,-1.3389024861032439e-08,-1.577807411112797e-08
predet_me,E4_mundlak,tfp_growth,0.15,-0.0044538494086927,-0.0044537844851653356,-0.0048564320292661,-0.004856519267617557,0.0107286804916023,0.010728667455849546,0.00743521293443,0.007435764555390592,6.492352736409829e-08,-1.3035752753284835e-08
predet_me,E5_labgen_fe,alpha,0.3478,8.021663034872589e-05,8.042465710116242e-05,0.0001162580593942,0.00011213973192852889,0.013235280187498,0.013236674434153432,0.0091007394876627,0.009096985704922261,2.0802675243653793e-07,1.394246655432238e-06
predet_me,E5_labgen_fe,beta,0.3658,-0.0011613987111676,-0.0011612218740778108,-0.0031658250236986,-0.0031647919936913793,0.0264153658973396,0.026418565718869372,0.0170640184254845,0.017084162497365968,1.7683708978914747e-07,3.1998215297701638e-06
predet_me,E5_labgen_fe,a,0.5126121076233184,-0.0013536827836897,-0.0013538374491534316,-0.0019311459414007,-0.001927233045114607,0.0270642929266322,0.027067434714972492,0.0171396377836738,0.017140622777705228,-1.5466546373146817e-07,3.141788340293994e-06
predet_me,E5_labgen_fe,gamma,0.17828649103139016,-0.0007800729889899,-0.0007800992430896815,-0.0007840366587338,-0.0007840468240051385,0.0031474940299114,0.003147805483297854,0.0020924259697534,0.0020927791089744296,-2.6254099781556142e-08,3.1145338645404905e-07
predet_me,E5_labgen_fe,sigma_star,0.7370283018867925,0.0003147168916553,0.0003146172706521741,0.0009024236997404,0.0009027828290347206,0.0039335862410127,0.003934043008779714,0.0024894472872407,0.002491571096163936,-9.962100312586224e-08,4.5676776701426836e-07
predet_me,E5_labgen_fe,lnMstar,2.8979598554678856,-0.3259113574556029,-0.32590998925026937,-0.3161228817014885,-0.3161392374122105,0.503843661820255,0.5038674622512347,0.338915324657945,0.3388680924631353,1.3682053335295485e-06,2.3800430979714626e-05
predet_me,E5_labgen_fe,sd_omega,0.25,-0.0017311431050793,-0.0017311320795837853,-0.0020878761977644,-0.0020878927762690846,0.0184930738860178,0.018493073306139488,0.0137632529130991,0.013763252875526141,1.1025495514618497e-08,-5.79878312034765e-10
predet_me,E5_labgen_fe,tfp_growth,0.15,0.0011244018136471,0.0011244373811292805,0.0009518046185141,0.0009518167095549507,0.0090748859616639,0.009074892210749454,0.0057598201464516,0.005759820422679016,3.556748218061338e-08,6.249085552842426e-09
predet_me,E6_acf,alpha,0.3478,0.0198665177423873,0.019866669111742556,0.0045201306731175,0.0045201269269481426,0.0744428893502774,0.07444305522644219,0.0468239586923533,0.04682395658828725,1.5136935525503215e-07,1.6587616478991318e-07
predet_me,E6_acf,beta,0.3658,0.0144120664548859,0.014411969687276916,-0.0161145509672678,-0.016114574163511558,0.1287709641515945,0.12877101449786768,0.0868180697717205,0.08681791298716615,-9.676760898309766e-08,5.03462731782367e-08
predet_me,E6_acf,a,0.5126121076233184,-0.012967357937779,-0.01296752273586368,-0.012497884700997,-0.012497894207743665,0.12053963172171,0.12053977705038017,0.0935591811700572,0.0935591848759652,-1.64798084678619e-07,1.453286701674772e-07
predet_me,E6_acf,gamma,0.17828649103139016,-0.0027883444770379,-0.002788353577601267,-0.0018735153992218,-0.0018735158614516523,0.013426288827388,0.013426296458079828,0.0093739718088347,0.009373971307791731,-9.100563367128722e-09,7.630691828408587e-09
predet_me,E6_acf,sigma_star,0.7370283018867925,-0.0086470278272188,-0.008647042652225564,-0.0015300451346119,-0.0015300453016141025,0.021359272078167,0.021359272520367976,0.0077642184052242,0.0077642161893622386,-1.4825006763863335e-08,4.4220097722424967e-10
predet_me,E6_acf,lnMstar,2.8979598554678856,-0.1754368814254106,-0.1754349773627308,-0.2408895275767599,-0.24088928638470275,1.448521109703316,1.4485236622431084,1.100166367068979,1.100166358197591,1.9040626798028093e-06,2.5525397924219817e-06
predet_me,E6_acf,sd_omega,0.25,-0.0012105584030395,-0.0012105560891484375,-0.0009953440743943,-0.0009953440280138365,0.0185152098590764,0.018515208995081238,0.0132456291306858,0.013245629027408626,2.3138910624793257e-09,-8.639951636080223e-10
predet_me,E6_acf,tfp_growth,0.15,0.0023630081883686,0.0023630116555879745,0.0023330666804764,0.002333066850783036,0.0098001435536216,0.00980014350492195,0.0066290517329147,0.006629051613095252,3.467219374456154e-09,-4.869965021525591e-11
predet_me,E6b_acf_lagonly,alpha,0.3478,0.0187020560864289,0.018702090959932336,0.0008653456264202,0.0008653401209475775,0.0747562633448565,0.07475629817439339,0.0471724590231924,0.04717246512797532,3.4873503435700615e-08,3.482953689348811e-08
predet_me,E6b_acf_lagonly,beta,0.3658,0.0188045536254471,0.018804568180483622,-0.0130870447669257,-0.013087041702787211,0.1379644025546028,0.13796453192179992,0.0925770611949497,0.09257705987641279,1.455503652325607e-08,1.2936719712142164e-07
predet_me,E6b_acf_lagonly,a,0.5126121076233184,-0.0106166249326586,-0.010616667518434104,-0.0086861479668041,-0.008686059525337242,0.1234528831589052,0.12345300555655755,0.0994180910804,0.09941811423624114,-4.258577550493581e-08,1.223976523606618e-07
predet_me,E6b_acf_lagonly,gamma,0.17828649103139016,-0.002806560299749,-0.002806569964336298,-0.0032893413463348,-0.0032893420744920104,0.0133397034815374,0.013339727294333876,0.0098590111240259,0.009859011706552054,-9.664587297987526e-09,2.3812796475994324e-08
predet_me,E6b_acf_lagonly,sigma_star,0.7370283018867925,-0.0093851508364554,-0.009385162923331379,-0.0011976791461557,-0.001197677241234707,0.023335726891788,0.023335747476492183,0.0078398248372486,0.007839824781063542,-1.208687597925584e-08,2.058470418425662e-08
predet_me,E6b_acf_lagonly,lnMstar,2.8979598554678856,-0.2051748933523415,-0.2051741402757314,-0.250926578753079,-0.2509267099461343,1.4988162128795486,1.4988167634582834,1.1094344976655832,1.1092994658559223,7.530766100993791e-07,5.505787348258906e-07
predet_me,E6b_acf_lagonly,sd_omega,0.25,-0.0008961623936667,-0.0008961591335180177,-0.0014298258122403,-0.0014298255986592984,0.0186750022364136,0.018675006294885357,0.0132244494275911,0.013224449420253331,3.260148682265873e-09,4.058471756579474e-09
predet_me,E6b_acf_lagonly,tfp_growth,0.15,0.0028026276480358,0.0028026328323257554,0.002467788406136,0.0024677882601170376,0.0097286987971651,0.009728702129290173,0.0063866201893955,0.006386620118442446,5.184289955228322e-09,3.3321250723916673e-09
predet_me,E7_iv_path,alpha,0.3478,-0.0058277510441469,-0.005827751044146941,0.0008991707082401,0.0008991707082401657,0.0996486443237674,0.09964864432376742,0.0613164904478145,0.06131649044781459,-4.163336342344337e-17,2.7755575615628914e-17
predet_me,E7_iv_path,beta,0.3658,-0.0080177305976868,-0.008017730597686817,0.0002304394449734,0.00023043944497341817,0.1041018712876857,0.10410187128768575,0.0626896329197058,0.0626896329197058,-1.734723475976807e-17,5.551115123125783e-17
predet_me,E7_iv_path,a,0.5126121076233184,-0.001264462526582,-0.001264462526582046,-0.0014603298312159,-0.0014603298312159674,0.0041990174290944,0.004199017429094445,0.0028967554461773,0.002896755446177346,-4.597017211338539e-17,4.5102810375396984e-17
predet_me,E7_iv_path,gamma,0.17828649103139016,-0.0034485308493516,-0.003448530849351626,0.0001626341818396,0.00016263418183966316,0.0508872462943742,0.05088724629437429,0.0316405629625228,0.03164056296252281,-2.6020852139652106e-17,9.020562075079397e-17
predet_me,E7_iv_path,sigma_star,0.7370283018867925,0.0083308299868177,0.008330829986817764,-0.000179790740211,-0.0001797907402110721,0.0617681559878235,0.06176815598782355,0.0334474167112261,0.03344741671122614,6.418476861114186e-17,4.85722573273506e-17
predet_me,E7_iv_path,lnMstar,2.8979598554678856,1.29124326066037,1.2912432606603699,1.2938538730061242,1.2938538730061242,1.292449968641414,1.292449968641414,1.2938538730061242,1.2938538730061242,-2.220446049250313e-16,0.0
predet_me,E7_iv_path,sd_omega,0.25,0.0095754321684778,0.009575432168477827,0.0045875310157028,0.004587531015702834,0.035560524760768,0.035560524760768014,0.0170057426688002,0.017005742668800256,2.7755575615628914e-17,1.3877787807814457e-17
predet_me,E7_iv_path,tfp_growth,0.15,0.003875170515101,0.0038751705151010537,-0.0007301656888433,-0.00073016568884339,0.0555420052520736,0.05554200525207367,0.0360241158895211,0.03602411588952117,5.377642775528102e-17,7.632783294297951e-17
predet_me,E8_heckman,alpha,0.3478,0.0365112391357839,0.03651305822895743,0.0376326033687488,0.03763608128524651,0.0466415193091763,0.04664465688956634,0.0383791136208375,0.03838162139158452,1.8190931735315163e-06,3.137580390034922e-06
predet_me,E8_heckman,beta,0.3658,0.0371490640698922,0.03714876806487673,0.0336497450240668,0.033652079636747156,0.0660161686248765,0.06602261954565163,0.0390988211688964,0.03912702865632406,-2.9600501547100144e-07,6.4509207751278774e-06
predet_me,E8_heckman,a,0.5126121076233184,-0.0024260974536831,-0.0024280313036217772,-0.0052508904403121,-0.005226878184909134,0.0489661582432219,0.048973689443347,0.0298366755541032,0.029922613325108316,-1.933849938677134e-06,7.531200125102111e-06
predet_me,E8_heckman,gamma,0.17828649103139016,0.0165016489988129,0.016501480342794472,0.0171579865803919,0.017160435114717765,0.0184378357071686,0.018438049141816727,0.0171579865803919,0.017160435114717765,-1.686560184288588e-07,2.1343464812542678e-07
predet_me,E8_heckman,sigma_star,0.7370283018867925,-0.0193519885821886,-0.019352360323209004,-0.0189517215820041,-0.018948997938228684,0.0215457635901248,0.021546434396059525,0.0189517215820041,0.018948997938228684,-3.7174102040377077e-07,6.708059347264317e-07
predet_me,E8_heckman,lnMstar,2.8979598554678856,-0.0408965826166939,-0.04087183729025497,-1.2612913484977284e-05,-1.1067429494193703e-05,0.7396844034846548,0.7397784331117775,0.4650667454422277,0.464828942374498,2.474532643893107e-05,9.402962712268259e-05
predet_me,E8_heckman,sd_omega,0.25,-0.0081359398751659,-0.008135938163174249,-0.0083824177276965,-0.00838238126516326,0.0190010728046307,0.019001067054249386,0.013635193003579,0.013635201594483407,1.7119916508739896e-09,-5.750381313479602e-09
predet_me,E8_heckman,tfp_growth,0.15,-0.0179308543307419,-0.01793073038685554,-0.0179672297485283,-0.017967299065078476,0.0212270364495524,0.021226982683418116,0.0179672297485283,0.017967299065078476,1.2394388635914022e-07,-5.376613428434429e-08
predet_me,E9_foc_system,alpha,0.3478,-0.0042276514040207,-0.004227545959303944,-0.0042589004172217,-0.0042582238342059875,0.0053339045161988,0.00533384474291505,0.0042589004172217,0.0042582238342059875,1.0544471675671963e-07,-5.977328375057073e-08
predet_me,E9_foc_system,beta,0.3658,-0.0095007884562125,-0.009500714201003695,-0.0094666138893327,-0.009466632952549042,0.0105102310257976,0.010510170825057126,0.0094666138893327,0.009466632952549042,7.425520880469105e-08,-6.020074047423385e-08
predet_me,E9_foc_system,a,0.5126121076233184,-0.0035290063806755,-0.00352903086785625,-0.003417384894415,-0.00341744890584067,0.005097573703347,0.005097589592264246,0.0036838246953005,0.0036838433436190976,-2.4487180749679233e-08,1.5888917246145717e-08
predet_me,E9_foc_system,gamma,0.17828649103139016,-0.0033859323666624,-0.003385887136898928,-0.0034788533486806,-0.0034787164242394975,0.0036866396474665,0.003686605183790631,0.0034788533486806,0.0034787164242394975,4.5229763471869855e-08,-3.4463675868852406e-08
predet_me,E9_foc_system,sigma_star,0.7370283018867925,0.0037512023119035,0.0037511530891918697,0.003829436234238,0.0038294058381976304,0.0040843704911365,0.004084332724763154,0.003829436234238,0.0038294058381976304,-4.922271163018341e-08,-3.776637334546723e-08
predet_me,E9_foc_system,lnMstar,2.8979598554678856,1.2561385012130832,1.256137730116464,1.2566783220395492,1.2566774212193703,1.257263202961017,1.2572624358626339,1.2566783220395492,1.2566774212193703,-7.710966192231439e-07,-7.670983830365685e-07
predet_me,E9_foc_system,sd_omega,0.25,-1.0668211510139746e-06,-1.086461298873409e-06,-0.0005242694205169,-0.0005242825337574697,0.0183925966851858,0.018392596140369116,0.0133126871034353,0.013312980988928635,-1.9640147859434396e-08,-5.448166848220914e-10
predet_me,E9_foc_system,tfp_growth,0.15,0.0039383092063608,0.003938258362183497,0.0037740964189224,0.003773901226696935,0.0098493374338882,0.009849314154330617,0.0065253651252174,0.00652540116115892,-5.0844177303284444e-08,-2.3279557581981636e-08
predet_me,E10_foc_system_T,alpha,0.3478,-0.0008086295258548,-0.0008085943829815134,-0.0008147267240882,-0.0008147719959201161,0.002943108955844,0.0029431030430931812,0.0018956279172146,0.0018956340206842115,3.514287328656128e-08,-5.912750818907325e-09
predet_me,E10_foc_system_T,beta,0.3658,-0.006636688493596,-0.006636653164416238,-0.0065748759719401,-0.006574847829926567,0.0079724072813223,0.007972388820563165,0.0065748759719401,0.006574847829926567,3.532917976223349e-08,-1.8460759134905635e-08
predet_me,E10_foc_system_T,a,0.5126121076233184,-0.0040046544402765,-0.004004655311965658,-0.0039228232201574,-0.003922896470437975,0.0053182396897679,0.005318239913134406,0.0040797231506803,0.00407969977228495,-8.716891583548936e-10,2.233665067144508e-10
predet_me,E10_foc_system_T,gamma,0.17828649103139016,-0.0018089267753413,-0.001808909151529802,-0.0018203833607255,-0.0018204140945448088,0.0022606003973565,0.002260591544060157,0.0018226381613023,0.0018226687891283455,1.762381149805932e-08,-8.85329634299839e-09
predet_me,E10_foc_system_T,sigma_star,0.7370283018867925,0.0020307983643287,0.002030779157558943,0.002050916576005,0.0020508875862479403,0.0025249951993789,0.0025249854960060535,0.002055030073753,0.0020550232216680064,-1.9206769757106057e-08,-9.7033728465451e-09
predet_me,E10_foc_system_T,lnMstar,2.8979598554678856,-0.008766981276019,-0.008767030241930979,-0.0061725401522256,-0.006172388541134,0.0468730959151005,0.046873128030612395,0.0322067661133302,0.03220671892609639,-4.896591197962874e-08,3.211551189569173e-08
predet_me,E10_foc_system_T,sd_omega,0.25,-0.001448290285979,-0.0014482974057207858,-0.0017117601706817,-0.001711778576838352,0.0184924167937493,0.018492416375878753,0.0138523484535621,0.013852349710196776,-7.119741785932901e-09,-4.178705471924449e-10
predet_me,E10_foc_system_T,tfp_growth,0.15,0.0019316812601575,0.0019316614342619616,0.0017063717290579,0.0017063624419065004,0.0091783791299901,0.0091783723091635,0.0059616503306517,0.005961667685268873,-1.9825895538347696e-08,-6.820826601444674e-09
predet_psiD,E1_pooled_huber,alpha,0.3478,0.074958134209637,0.07371876007686645,0.0756033495323459,0.07448717658443821,0.102086838914699,0.10053117989316623,0.0777643305219797,0.07649750673773043,-0.001239374132770546,-0.0015556590215327626
predet_psiD,E1_pooled_huber,beta,0.3658,0.0498151936300347,0.05450282712986487,0.0505841884833704,0.05526014923423109,0.1505294990336075,0.15319102565268655,0.0965753108555696,0.09678711064219378,0.004687633499830174,0.002661526619079063
predet_psiD,E1_pooled_huber,a,0.5126121076233184,-0.0275231959772744,-0.024016712263445882,-0.0209330022109631,-0.019358588247657987,0.1222351903859841,0.11942761527972882,0.0777196558494076,0.07771965795032143,0.0035064837138285183,-0.002807575106255275
predet_psiD,E1_pooled_huber,gamma,0.17828649103139016,0.0196148585946867,0.02076385605110901,0.0252100823656221,0.025501714987928997,0.0360093479275895,0.03580034691164419,0.0286487602842916,0.02876262152413442,0.0011489974564223085,-0.00020900101594531484
predet_psiD,E1_pooled_huber,sigma_star,0.7370283018867925,-0.031496322196485,-0.0323064066755854,-0.0315560553132804,-0.031752464756342025,0.0402150073582539,0.04118795127389195,0.0315560553132804,0.031752464756342025,-0.0008100844791004008,0.0009729439156380484
predet_psiD,E1_pooled_huber,lnMstar,2.8979598554678856,0.2018057887288263,0.15557330763512822,0.1959073611905171,0.18277907792051717,1.4714958104489664,1.47527397915928,1.008749307064968,1.008749307064968,-0.04623248109369807,0.0037781687103135564
predet_psiD,E1_pooled_huber,sd_omega,0.25,-0.0470773138546242,-0.04644307504036917,-0.0458790667081177,-0.04565477891047812,0.0532466267244817,0.05232892520755019,0.0458790667081177,0.04565477891047812,0.0006342388142550337,-0.0009177015169315114
predet_psiD,E1_pooled_huber,tfp_growth,0.15,-0.0882397250447188,-0.08799743624947728,-0.0884359004901082,-0.08826270780964239,0.0887206963940026,0.08847258249456168,0.0884359004901082,0.08826270780964239,0.0002422887952415187,-0.00024811389944091877
predet_psiD,E1b_pooled_huber_Etrue,alpha,0.3478,0.1125834153240212,0.1125834152910694,0.111317486996797,0.11131748699652941,0.1162572631497734,0.11625726311192869,0.111317486996797,0.11131748699652941,-3.2951807948933265e-11,-3.7844713474122216e-11
predet_psiD,E1b_pooled_huber_Etrue,beta,0.3658,0.1155274982506156,0.11552749834331694,0.1112471914680085,0.11124719151267046,0.1276999716630953,0.12769997169253502,0.1112471914680085,0.11124719151267046,9.270133272121228e-11,2.9439728432834045e-11
predet_psiD,E1b_pooled_huber_Etrue,a,0.5126121076233184,-0.0025877352795514,-0.002587735207332278,-0.0030473469386129,-0.003047347065664896,0.0393217289963769,0.039321728933116896,0.0241053221126549,0.024105322112654926,7.221912217553195e-11,-6.326000140388643e-11
predet_psiD,E1b_pooled_huber_Etrue,gamma,0.17828649103139016,0.0555286171240895,0.05552861714263639,0.0556182248162517,0.05561822421410925,0.0562092466358695,0.05620924665201257,0.0556182248162517,0.05561822421410925,1.8546893187920688e-11,1.6143072989471818e-11
predet_psiD,E1b_pooled_huber_Etrue,sigma_star,0.7370283018867925,-0.057024526293927,-0.05702452630841716,-0.0563034594293724,-0.05630345888436605,0.0577645486988479,0.05776454870929888,0.0563034594293724,0.05630345888436605,-1.4490159072622077e-11,1.0450980358900352e-11
predet_psiD,E1b_pooled_huber_Etrue,lnMstar,2.8979598554678856,0.0437559754468453,0.04375597394989129,0.0986602311647288,0.09866022623581028,0.7993295582054919,0.7993295558739281,0.5246456471552625,0.5246456453452566,-1.4969540121367864e-09,-2.3315638308929465e-09
predet_psiD,E1b_pooled_huber_Etrue,sd_omega,0.25,-0.004595166083552,-0.004595166086033125,-0.0057373163477447,-0.00573731627275649,0.0188243892076293,0.018824389213809748,0.0130276611594171,0.013027661141681968,-2.481125548070562e-12,6.180448514081505e-12
predet_psiD,E1b_pooled_huber_Etrue,tfp_growth,0.15,-0.0618600627078771,-0.06186006270454815,-0.0621497842131829,-0.06214978423095083,0.0625183229639193,0.06251832296404179,0.0621497842131829,0.06214978423095083,3.3289482281873006e-12,1.224853551917704e-13
predet_psiD,E2_pooled_nls,alpha,0.3478,0.036350546087623,0.03635098240079264,0.0338964784077628,0.03389314641208793,0.0457238016744437,0.04572407542227688,0.0339434505012168,0.03396272646953402,4.3631316964248823e-07,2.737478331862886e-07
predet_psiD,E2_pooled_nls,beta,0.3658,0.0397992117750871,0.03979898108043149,0.036052418650028,0.03595857385575227,0.0701035586959008,0.0701058136623663,0.0423743659586472,0.04244775880059978,-2.3069465560771052e-07,2.254966465498054e-06
predet_psiD,E2_pooled_nls,a,0.5126121076233184,-0.0009658962618622,-0.0009666217194369852,0.0004179430480906,0.0004309842039755818,0.0493105081799404,0.04931308041570524,0.0297394301796741,0.029776246550406532,-7.254575747851679e-07,2.572235764844444e-06
predet_psiD,E2_pooled_nls,gamma,0.17828649103139016,0.0170569183920359,0.017056793374769195,0.0172701710436967,0.017275310811724426,0.0194855274015728,0.01948565722007504,0.0173413413494653,0.017344705603234006,-1.2501726670555158e-07,1.298185022431675e-07
predet_psiD,E2_pooled_nls,sigma_star,0.7370283018867925,-0.0199570188256421,-0.0199570617890641,-0.0191101145368052,-0.019103308511386974,0.0226374333374392,0.02263763739351842,0.0191101145368052,0.019103308511386974,-4.29634220006081e-08,2.040560792213042e-07
predet_psiD,E2_pooled_nls,lnMstar,2.8979598554678856,-0.5369502825138629,-0.5369641776876054,-0.4495288389465188,-0.44968235820877833,1.1246775754652685,1.1247170327838354,0.7199860770373419,0.7197837956657773,-1.3895173742506373e-05,3.945731856691559e-05
predet_psiD,E2_pooled_nls,sd_omega,0.25,-0.0039839359832117,-0.003983948450167384,-0.0055434340757741,-0.0055432784167873395,0.0193874443259238,0.019387435612222226,0.0129291372327516,0.01292903478500157,-1.2466955683944347e-08,-8.713701572793386e-09
predet_psiD,E2_pooled_nls,tfp_growth,0.15,-0.0187746316584238,-0.01877455851037314,-0.0185456683399352,-0.01854561888116131,0.021797957613605,0.021797899327291106,0.0185456683399352,0.01854561888116131,7.314805066174768e-08,-5.828631389342975e-08
predet_psiD,E3_lab_fe,alpha,0.3478,0.0105058244246879,0.01012016412167583,0.0063730400837476,0.006141713384092945,0.0359409171455042,0.035880525962326396,0.0248621511357421,0.024783908159823786,-0.00038566030301206977,-6.0391183177806174e-05
predet_psiD,E3_lab_fe,beta,0.3658,0.0137976196053374,0.014485988592617871,0.008028569177108,0.008875332324199126,0.0609108552540677,0.061154261847750066,0.0385661119868881,0.03891664766804481,0.0006883689872804709,0.00024340659368236872
predet_psiD,E3_lab_fe,a,0.5126121076233184,-0.000236546344976,0.00048097121701739685,0.0014076873667024,0.0018806501865018532,0.0609868750552197,0.061054005995305735,0.0440672445149744,0.04450641526770968,0.0007175175619933969,6.713094008603537e-05
predet_psiD,E3_lab_fe,gamma,0.17828649103139016,0.0032462628968081,0.0032999762233218988,0.003430781171004,0.0034553382878403927,0.0065425359269637,0.006549014399606071,0.0046592799853667,0.004675288562520377,5.3713326513798575e-05,6.478472642371287e-06
predet_psiD,E3_lab_fe,sigma_star,0.7370283018867925,-0.0064574835809007,-0.006538068539097156,-0.0044893480768454,-0.004522697281718835,0.0101476442301678,0.010205242749379517,0.0046713783690816,0.004734624583327018,-8.058495819645607e-05,5.759851921171601e-05
predet_psiD,E3_lab_fe,lnMstar,2.8979598554678856,0.0514375426527902,0.04287908363175024,0.0555387979473018,0.03586085579555909,0.8125891071961815,0.8133284017885655,0.5981856503449416,0.5985873640046548,-0.008558459021039959,0.0007392945923839767
predet_psiD,E3_lab_fe,sd_omega,0.25,0.0018533903852671,0.0018565052771208968,0.0015424563882664,0.0015423934346257828,0.02023984459807,0.020236939967614356,0.0129843059511378,0.012984271190061208,3.114891853796785e-06,-2.9046304556440417e-06
predet_psiD,E3_lab_fe,tfp_growth,0.15,-0.0032165558346016,-0.0032156430899594767,-0.002836310605758,-0.0028360160345513863,0.0103129771389957,0.010317498899655312,0.0067329719765742,0.006732843607979752,9.127446421231845e-07,4.521760659612073e-06
predet_psiD,E4_mundlak,alpha,0.3478,0.0147893863228064,0.014790001892777318,0.0145636643082911,0.014591866322346797,0.0321278782845381,0.03212920315496491,0.0199862703075905,0.019976279992188678,6.155699709183698e-07,1.3248704268109535e-06
predet_psiD,E4_mundlak,beta,0.3658,0.0123518175217117,0.012351528191753726,0.008230950532129,0.008160282296362176,0.049024044575945,0.04902649294009635,0.0270341816374408,0.02705679312041448,-2.893299579729419e-07,2.4483641513500798e-06
predet_psiD,E4_mundlak,a,0.5126121076233184,-0.0033639130997517,-0.0033646870690312524,-0.0053175897028523,-0.005241657789682497,0.0492910421847889,0.049293724858315936,0.0295660035471123,0.029582015496026376,-7.739692795523737e-07,2.6826735270366053e-06
predet_psiD,E4_mundlak,gamma,0.17828649103139016,0.0049964427720352,0.0049963418267719726,0.0051463862614441,0.005144051166137101,0.0070636415903247,0.007063825459278243,0.0055029126143163,0.005504041780147906,-1.0094526322734082e-07,1.838689535427554e-07
predet_psiD,E4_mundlak,sigma_star,0.7370283018867925,-0.0072434445572122,-0.007243526191816595,-0.0062374652882,-0.00623924480810345,0.0096128941081382,0.009613150998402934,0.0062374652882,0.00623924480810345,-8.163460439494091e-08,2.568902647340221e-07
predet_psiD,E4_mundlak,lnMstar,2.8979598554678856,0.1108491654828551,0.11086713003441721,0.1359361905557194,0.13575309796280766,0.704986029615957,0.7050115019682853,0.4933113343518778,0.4936991267572943,1.7964551562110742e-05,2.5472352328304027e-05
predet_psiD,E4_mundlak,sd_omega,0.25,0.0010449104284796,0.0010449419037626923,0.001029616699856,0.0010299880000047834,0.020008672928792,0.020008674387827014,0.0131258340630781,0.01312559762742739,3.147528309234253e-08,1.4590350143339759e-09
predet_psiD,E4_mundlak,tfp_growth,0.15,-0.0054864161672218,-0.005486369551205016,-0.0054196116271478,-0.005419406575358068,0.0111125017165091,0.011112452295877349,0.0074484250683175,0.007449084402427891,4.661601678366406e-08,-4.942063175188138e-08
predet_psiD,E5_labgen_fe,alpha,0.3478,0.0007870860761268,0.0007874081190818079,0.0004129059421976,0.00040727887875444124,0.012829316142495,0.012830471588596442,0.0086392960148269,0.008639445842585247,3.220429550079059e-07,1.1554461014414569e-06
predet_psiD,E5_labgen_fe,beta,0.3658,0.0011749107320324,0.0011747164957565594,-0.000454129150368,-0.0004331863308092432,0.022451770795146,0.022454134127930778,0.015450528017657,0.015452304473777573,-1.9423627584049148e-07,2.3633327847771834e-06
predet_psiD,E5_labgen_fe,a,0.5126121076233184,-8.883234005964386e-05,-8.926932783678066e-05,0.0001173060142575,0.00011973326151926145,0.0240628885747299,0.024065306862076925,0.0165880320281681,0.016593146254571145,-4.369877771367986e-07,2.4182873470252053e-06
predet_psiD,E5_labgen_fe,gamma,0.17828649103139016,6.997544114654378e-05,6.992997030647777e-05,5.270675552290771e-05,5.2696852722466936e-05,0.0022957021134965,0.0022959091113798776,0.0016023037433537,0.00160055395702062,-4.54708400660092e-08,2.069978833774827e-07
predet_psiD,E5_labgen_fe,sigma_star,0.7370283018867925,-0.0005204855079476,-0.000520517719299455,-0.0001467574512678,-0.00014634849249378634,0.0030167709095619,0.0030170741247748313,0.0019368555437493,0.0019373784841968389,-3.221135185503283e-08,3.0321521293135215e-07
predet_psiD,E5_labgen_fe,lnMstar,2.8979598554678856,-0.0258134711231622,-0.02580865341272081,-0.0239988243854851,-0.023966323575146165,0.3406403754384993,0.3406636276348869,0.229247915387271,0.22926002526879463,4.817710441390455e-06,2.325219638760201e-05
predet_psiD,E5_labgen_fe,sd_omega,0.25,0.0032420043515428,0.00324201306622288,0.0029138787248289,0.0029138944016314505,0.020522048064087,0.0205220579132608,0.0130147413063971,0.013014772428453406,8.714680079999204e-09,9.84917379945327e-09
predet_psiD,E5_labgen_fe,tfp_growth,0.15,0.0001438525717182,0.00014387113853065717,0.0004836461214333,0.00048364545854365226,0.0094746682820754,0.009474673475414804,0.0062961491552809,0.006296111498291526,1.8566812457171226e-08,5.193339404352404e-09
predet_psiD,E6_acf,alpha,0.3478,0.0167126823754462,0.01671262365819724,-0.0051194340249083,-0.005119446029871522,0.0799706163993114,0.07997060938852756,0.0535066138280903,0.05350661447563959,-5.87172489623089e-08,-7.010783842353874e-09
predet_psiD,E6_acf,beta,0.3658,0.0284349456145584,0.02843504635938645,0.0064996224593643,0.006499546789188626,0.1332254038442535,0.1332254112744174,0.0900640131708503,0.090063910550918,1.0074482804933726e-07,7.430163900812303e-09
predet_psiD,E6_acf,a,0.5126121076233184,-0.0010951552387236,-0.001095046259466732,0.0076854478941849,0.00768540192495798,0.1230960334874233,0.12309602075296287,0.1030395655916785,0.10303956908150189,1.0897925686783466e-07,-1.2734460430596783e-08
predet_psiD,E6_acf,gamma,0.17828649103139016,-0.0010741519447515,-0.0010741422185675347,-0.0006919746452158,-0.0006919760496767874,0.0103728297588364,0.010372817998283419,0.0070405152988046,0.007040514509911014,9.726183965424323e-09,-1.1760552981118777e-08
predet_psiD,E6_acf,sigma_star,0.7370283018867925,-0.0115549001142725,-0.011554911331392147,-0.0050024508034285,-0.00500245122510623,0.0220118414362252,0.022011844555213524,0.0067723263022689,0.006772326302365905,-1.1217119648063156e-08,3.118988324557481e-09
predet_psiD,E6_acf,lnMstar,2.8979598554678856,0.1035744914404466,0.10357361947574421,0.0550316149547827,0.055031574010301565,1.5268331422782593,1.5268330434259063,1.2162335304408671,1.216233469061064,-8.719647023869292e-07,-9.885235296991368e-08
predet_psiD,E6_acf,sd_omega,0.25,0.0041426946108401,0.00414269448303663,0.0039664354122908,0.003966435163798465,0.0209593098524413,0.020959309840452914,0.013804683532575,0.013804683782251317,-1.2780346919649688e-10,-1.1988385978378702e-11
predet_psiD,E6_acf,tfp_growth,0.15,0.0018691480542544,0.0018691480091752788,0.001845303824298,0.0018453038855287401,0.0102589328338846,0.010258930449396457,0.0076654428202095,0.007665442934463099,-4.507912120844948e-11,-2.3844881433948695e-09
predet_psiD,E6b_acf_lagonly,alpha,0.3478,0.0185156147632132,0.018515611108521967,-0.0032343536007863,-0.003234380135260617,0.0820208238321049,0.08202085942375528,0.0527043972180529,0.05270439463911236,-3.654691233673235e-09,3.559165037692047e-08
predet_psiD,E6b_acf_lagonly,beta,0.3658,0.0258581373990966,0.0258581730227744,0.0021439141698159,0.002143910019420381,0.1338165061111274,0.13381650151638905,0.0886813225528357,0.08868132350838745,3.562367779930131e-08,-4.594738339802618e-09
predet_psiD,E6b_acf_lagonly,a,0.5126121076233184,-0.0040112814578769,-0.004011248017192707,0.0037192760999604,0.003719377655825362,0.1241882599813383,0.12418829167381266,0.1039457915362204,0.1039457852134601,3.3440684193107584e-08,3.169247436707323e-08
predet_psiD,E6b_acf_lagonly,gamma,0.17828649103139016,-0.0014573189843119,-0.001457316728869349,-0.0011945068974278,-0.0011945043539995093,0.0103395002062167,0.01033950303537889,0.0075953741202864,0.007595374168918423,2.2554425510405707e-09,2.829162190978729e-09
predet_psiD,E6b_acf_lagonly,sigma_star,0.7370283018867925,-0.0113301396927062,-0.011330148770946824,-0.0038257262392433,-0.0038257313118320035,0.0222446112093794,0.02224460481396635,0.0063591957026858,0.0063591951865484275,-9.07824062451601e-09,-6.395413049836707e-09
predet_psiD,E6b_acf_lagonly,lnMstar,2.8979598554678856,0.138269727596652,0.13826968544734192,0.1250107951567978,0.12501075764260539,1.5521590927639854,1.5521594799216198,1.2361192072639997,1.236119235841771,-4.214931006996103e-08,3.8715763439611806e-07
predet_psiD,E6b_acf_lagonly,sd_omega,0.25,0.0043855473989497,0.0043855488086224055,0.0043385564747867,0.004338556420419609,0.0209207445355831,0.020920744772602227,0.0138380124824795,0.01383801272528859,1.409672705822429e-09,2.370191265477217e-10
predet_psiD,E6b_acf_lagonly,tfp_growth,0.15,0.0021392756899008,0.002139276299621419,0.0022815586550431,0.002281558850698931,0.0101519609891284,0.010151960696039538,0.0064270246655203,0.006427024670089362,6.097206190457116e-10,-2.9308886220769104e-10
predet_psiD,E7_iv_path,alpha,0.3478,-0.010684688682967,-0.010684688682967059,-0.0078654035395547,-0.007865403539554783,0.1041403962710228,0.1041403962710228,0.0570868370448059,0.05708683704480594,-5.898059818321144e-17,0.0
predet_psiD,E7_iv_path,beta,0.3658,-0.0117311348636471,-0.011731134863647154,-0.0091091927125834,-0.009109192712583425,0.1092272428071027,0.10922724280710278,0.0606562687741145,0.06065626877411451,-5.377642775528102e-17,6.938893903907228e-17
predet_psiD,E7_iv_path,a,0.5126121076233184,-0.0002925873445184,-0.00029258734451847594,-7.335086610088526e-05,-7.335086610088526e-05,0.0043828531633451,0.004382853163345102,0.0029355653850879,0.0029355653850879904,-7.594836218260959e-17,1.734723475976807e-18
predet_psiD,E7_iv_path,gamma,0.17828649103139016,-0.0056080909125875,-0.005608090912587507,-0.0040685378174998,-0.004068537817499884,0.0532826961405156,0.0532826961405156,0.0297396823690926,0.029739682369092663,-6.938893903907228e-18,0.0
predet_psiD,E7_iv_path,sigma_star,0.7370283018867925,0.0111287822697175,0.011128782269717547,0.0044995089347529,0.004499508934752927,0.0650659124283938,0.06506591242839382,0.0321733527442429,0.03217335274424299,4.683753385137379e-17,2.7755575615628914e-17
predet_psiD,E7_iv_path,lnMstar,2.8979598554678856,1.285148186803595,1.285148186803595,1.2857261725786162,1.2857261725786162,1.2868600510357486,1.2868600510357486,1.2857261725786162,1.2857261725786162,0.0,0.0
predet_psiD,E7_iv_path,sd_omega,0.25,0.0171240846034312,0.01712408460343126,0.0105058528134787,0.010505852813478767,0.0408612345991478,0.04086123459914782,0.0190941549711243,0.019094154971124336,6.245004513516506e-17,2.0816681711721685e-17
predet_psiD,E7_iv_path,tfp_growth,0.15,0.0063155969493746,0.006315596949374696,0.0043776321144882,0.004377632114488231,0.0587625019804599,0.05876250198045997,0.0344647441494923,0.03446474414949235,9.540979117872439e-17,6.938893903907228e-17
predet_psiD,E8_heckman,alpha,0.3478,0.0363515198723932,0.03635176310563451,0.0338839723186792,0.033880940145878696,0.0457252571656778,0.045724650914310175,0.0339457389696938,0.03395241177192998,2.432332413121463e-07,-6.062513676283188e-07
predet_psiD,E8_heckman,beta,0.3658,0.0397975130324649,0.03979663331550131,0.0359843426007382,0.03596433090446294,0.0701019808598438,0.07010213956303521,0.0423859707807809,0.042454567716225466,-8.79716963587962e-07,1.5870319140798284e-07
predet_psiD,E8_heckman,a,0.5126121076233184,-0.0009674546473629,-0.0009683414206985691,0.0004179430480906,0.0004305446056222517,0.049311228598151,0.04931147785248698,0.0297803712059595,0.029753585425523338,-8.867733356691205e-07,2.4925433598360636e-07
predet_psiD,E8_heckman,gamma,0.17828649103139016,0.0170567168336015,0.017056576850373758,0.0172713336989746,0.01727557303782297,0.0194850532683046,0.019485296039060376,0.0173414975007495,0.017342731430312147,-1.3998322774197436e-07,2.4277075577616714e-07
predet_psiD,E8_heckman,sigma_star,0.7370283018867925,-0.0199568522666894,-0.019956675600113917,-0.0191071419649751,-0.0191058007642404,0.0226369677457876,0.022637039703833118,0.0191071419649751,0.0191058007642404,1.766665754833474e-07,7.195804551871077e-08
predet_psiD,E8_heckman,lnMstar,2.8979598554678856,-0.5369456536141044,-0.536950913359291,-0.4498651874387769,-0.44976157677572015,1.1246904349875326,1.124706638828525,0.7197248638972875,0.7199254837560543,-5.2597451866143174e-06,1.6203840992323748e-05
predet_psiD,E8_heckman,sd_omega,0.25,-0.0039839493407176,-0.00398395818960515,-0.0055434224139439,-0.005543319320548579,0.0193874427800505,0.019387433407901434,0.0129291357107699,0.012929066838908626,-8.84888755065677e-09,-9.372149067238267e-09
predet_psiD,E8_heckman,tfp_growth,0.15,-0.0187745900154436,-0.01877459039762812,-0.01854610791002,-0.018545656289264995,0.0217979133995411,0.02179790429268449,0.01854610791002,0.018545656289264995,-3.8218452014238125e-10,-9.106856609097935e-09
predet_psiD,E9_foc_system,alpha,0.3478,-0.0026674678589335,-0.0026674135886301954,-0.0026402689617875,-0.0026399919786955217,0.0043631689573497,0.004363131414371564,0.0033194117445802,0.003319298763531958,5.427030330467861e-08,-3.7542978136018146e-08
predet_psiD,E9_foc_system,beta,0.3658,-0.0063141151784351,-0.006314079298337172,-0.0060731691084526,-0.00607325388839472,0.007679951845798,0.007679919264256634,0.0060731691084526,0.00607325388839472,3.588009792835495e-08,-3.258154136591418e-08
predet_psiD,E9_foc_system,a,0.5126121076233184,-0.0024335925662763,-0.0024336069137930586,-0.0023249744084893,-0.0023249749443166046,0.0047693155898457,0.004769323065835779,0.0031799850586867,0.0031800122813666065,-1.4347516758429074e-08,7.47599007960148e-09
predet_psiD,E9_foc_system,gamma,0.17828649103139016,-0.002216839457175,-0.0022168167252014743,-0.0021934373087832,-0.0021934407299772085,0.0025796189789867,0.0025795972954603943,0.0021934373087832,0.0021934407299772085,2.2731973525758065e-08,-2.1683526305656814e-08
predet_psiD,E9_foc_system,sigma_star,0.7370283018867925,0.0024504144511452,0.002450389784457359,0.0023499233239849,0.0023499415027820048,0.0028504360134841,0.0028504124054556613,0.0023499233239849,0.0023499415027820048,-2.4666687840728396e-08,-2.36080284388325e-08
predet_psiD,E9_foc_system,lnMstar,2.8979598554678856,1.2541560888887064,1.2541556107835676,1.253364305097827,1.2533629314315027,1.2557137258948052,1.2557132537543796,1.253364305097827,1.2533629314315027,-4.781051388125235e-07,-4.7214042564469594e-07
predet_psiD,E9_foc_system,sd_omega,0.25,0.0059216527060886,0.00592164165562999,0.0055126279646494,0.005512626831145978,0.0213000227204989,0.02130001272980457,0.013858318353201,0.013858352789118109,-1.1050458610661895e-08,-9.990694327388638e-09
predet_psiD,E9_foc_system,tfp_growth,0.15,0.0025708016524712,0.00257077655075026,0.0027915531705809,0.0027915460490777755,0.0098886925474821,0.00988868384124433,0.0067025450462544,0.006702474280269044,-2.510172094011623e-08,-8.706237770647607e-09
predet_psiD,E10_foc_system_T,alpha,0.3478,-0.000777794371904,-0.000777771885080672,-0.0009400064730655,-0.0009400001145942749,0.0033024237302614,0.003302409457604543,0.0022415371507022,0.0022415370458427897,2.2486823327981693e-08,-1.4272656857165084e-08
predet_psiD,E10_foc_system_T,beta,0.3658,-0.0034315542583483,-0.0034315301166485857,-0.0034110067421902,-0.0034109387895613075,0.0055678880150584,0.0055678757043630955,0.0039836758486787,0.003983692284771939,2.41416997144063e-08,-1.2310695304308672e-08
predet_psiD,E10_foc_system_T,a,0.5126121076233184,-0.0018039673291698,-0.0018039669616511645,-0.0014558486362289,-0.0014558404441247785,0.0045342944331697,0.004534294247691009,0.0031634403777954,0.003163443965737589,3.6751863553320663e-10,-1.8547869143348272e-10
predet_psiD,E10_foc_system_T,gamma,0.17828649103139016,-0.0010341011470834,-0.001034089503227783,-0.0009839270324915,-0.0009839124878015804,0.0015863349484398,0.0015863257844469137,0.0010777929608659,0.0010778120916610928,1.1643855617107096e-08,-9.163992886361202e-09
predet_psiD,E10_foc_system_T,sigma_star,0.7370283018867925,0.0011474551010496,0.0011474423898889788,0.001093697608632,0.0010936435936834688,0.0017567521499641,0.0017567423230017965,0.0011641137983355,0.0011641388774877304,-1.271116062124926e-08,-9.82696230357287e-09
predet_psiD,E10_foc_system_T,lnMstar,2.8979598554678856,-0.0112690384506866,-0.011268970005540467,-0.007408247089083,-0.007408242720068792,0.0693602928170554,0.06936024693108338,0.0447431895563781,0.0447428784296342,6.844514613239816e-08,-4.58859720220417e-08
predet_psiD,E10_foc_system_T,sd_omega,0.25,0.0035688289118147,0.0035688240781349607,0.0033714141221273,0.003371437584567427,0.020612321722729,0.02061231795299914,0.0130290009273254,0.013029000943708041,-4.833679739454921e-09,-3.7697298616024e-09
predet_psiD,E10_foc_system_T,tfp_growth,0.15,0.0011384834983663,0.0011384708211388032,0.0014195043590601,0.0014195076886206193,0.00953367486852,0.009533673646728608,0.0064547821003573,0.006454771006155838,-1.267722749692668e-08,-1.2217913920170576e-09
funding_all,E1_pooled_huber,alpha,0.3478,0.0968534713648431,0.0967981723186609,0.0995466544630724,0.09954665510018135,0.1290267693931138,0.12896468905524563,0.1016749901025443,0.10167499003385977,-5.5299046182191725e-05,-6.208033786817002e-05
funding_all,E1_pooled_huber,beta,0.3658,0.0864206238204016,0.0866376191238465,0.0780059459944157,0.07903227594917342,0.171745040276448,0.17179735152145317,0.1071761065194286,0.10717611399878163,0.0002169953034449057,5.231124500518214e-05
funding_all,E1_pooled_huber,a,0.5126121076233184,-0.0167512874210193,-0.01659124860561618,-0.0137935593373444,-0.01379356021877795,0.1229272559407034,0.12284752954221195,0.0764858840092236,0.07637228660730777,0.0001600388154031178,-7.972639849145036e-05
funding_all,E1_pooled_huber,gamma,0.17828649103139016,0.0328257083398152,0.032879584147311264,0.0367425980857532,0.037103675871236155,0.0444520331194499,0.044504993080266966,0.0388019114587963,0.03891180153465007,5.387580749606491e-05,5.2959960817063056e-05
funding_all,E1_pooled_huber,sigma_star,0.7370283018867925,-0.0458199620212158,-0.04585842482277517,-0.0458635132291722,-0.04592811771045868,0.0513003112695598,0.051335721598064224,0.0458635132291722,0.04592811771045868,-3.8462801559370485e-05,3.541032850442466e-05
funding_all,E1_pooled_huber,lnMstar,2.8979598554678856,0.4810334264039906,0.4795123328989554,0.540505690731302,0.5405056794103924,1.513863829051446,1.5129286430637041,0.9822530422202762,0.9730430526009994,-0.0015210935050352092,-0.0009351859877417823
funding_all,E1_pooled_huber,sd_omega,0.25,-0.0511994447462426,-0.051162046051234936,-0.050768122419346,-0.050768122971827215,0.0571508644056199,0.05712967620005768,0.050768122419346,0.050768122971827215,3.739869500766352e-05,-2.11882055622184e-05
funding_all,E1_pooled_huber,tfp_growth,0.15,-0.0911437109222526,-0.09113597423948443,-0.0915833837748332,-0.09158338386037312,0.0916296447642317,0.09162298410735292,0.0915833837748332,0.09158338386037312,7.736682768169634e-06,-6.660656878779148e-06
funding_all,E1b_pooled_huber_Etrue,alpha,0.3478,0.1318721453273106,0.13156408774542322,0.127964296113662,0.12789412474875084,0.1378521788682176,0.13749962819644002,0.127964296113662,0.12789412474875084,-0.0003080575818873721,-0.00035255067177758503
funding_all,E1b_pooled_huber_Etrue,beta,0.3658,0.1322700997861898,0.13266709093230802,0.1272637525551283,0.12736748776675286,0.1465637679132402,0.1469544984134087,0.1272637525551283,0.12736748776675286,0.00039699114611821407,0.0003907305001685235
funding_all,E1b_pooled_huber_Etrue,a,0.5126121076233184,-0.0043593469948446,-0.004012343471847522,-0.0032318847903455,-0.003088072623199989,0.0483941478859048,0.04831217128301865,0.0281852747007301,0.02818527470073015,0.0003470035229970782,-8.197660288614822e-05
funding_all,E1b_pooled_huber_Etrue,gamma,0.17828649103139016,0.0637420036570748,0.06376297046294792,0.0642214103540259,0.06422141035402598,0.0644133838085493,0.06443639895714173,0.0642214103540259,0.06422141035402598,2.09668058731155e-05,2.3015148592431256e-05
funding_all,E1b_pooled_huber_Etrue,sigma_star,0.7370283018867925,-0.0652451364479415,-0.06526469612995978,-0.0647894545543038,-0.06478945456873741,0.0659164162498851,0.06593830820847003,0.0647894545543038,0.06478945456873741,-1.9559682018277513e-05,2.189195858492976e-05
funding_all,E1b_pooled_huber_Etrue,lnMstar,2.8979598554678856,0.4333676574015552,0.4274082385835545,0.4800445931150201,0.47899528096591704,0.8590186455021606,0.8509306533522911,0.5928311737068415,0.5906886298151248,-0.005959418818000717,-0.008087992149869438
funding_all,E1b_pooled_huber_Etrue,sd_omega,0.25,-0.0165772175819824,-0.01657440117460422,-0.0174695589798039,-0.0174695589622329,0.0242879528857622,0.02428714801017692,0.0186702985144281,0.018670298517204267,2.816407378182506e-06,-8.048755852814449e-07
funding_all,E1b_pooled_huber_Etrue,tfp_growth,0.15,-0.0701021585877237,-0.07011627604701881,-0.0700453877871008,-0.07004538757539414,0.0707064910297767,0.07072109369116238,0.0700453877871008,0.07004538757539414,-1.411745929510988e-05,1.4602661385670901e-05
funding_all,E2_pooled_nls,alpha,0.3478,0.0377499210763022,0.03768011891500886,0.0352394591881881,0.03522878706134208,0.0555604192405285,0.05554572457307481,0.0376311716110059,0.03764368871429333,-6.980216129334055e-05,-1.4694667453692134e-05
funding_all,E2_pooled_nls,beta,0.3658,0.0345860027471699,0.03476896860994371,0.0279283780364759,0.027995608883314843,0.0722167836769718,0.07239227962189214,0.0437464507597847,0.04394614137813438,0.00018296586277381094,0.00017549594492033416
funding_all,E2_pooled_nls,a,0.5126121076233184,-0.0049758105600492,-0.004823406861185842,-0.0067773760786309,-0.006781803916142859,0.0610891943289145,0.061173530805976366,0.0407123925161383,0.04115446504405415,0.00015240369886335842,8.433647706186653e-05
funding_all,E2_pooled_nls,gamma,0.17828649103139016,0.0151531495889511,0.015169854193414016,0.0154238058950515,0.01554433983945537,0.0176630195417826,0.017680464750331096,0.0155454240067468,0.01557780023611692,1.670460446291655e-05,1.7445208548495794e-05
funding_all,E2_pooled_nls,sigma_star,0.7370283018867925,-0.0189827792132995,-0.01901173210258611,-0.0181460927823641,-0.0181949574173082,0.021674583132095,0.021703513958060385,0.0181460927823641,0.0181949574173082,-2.8952889286608385e-05,2.8930825965386292e-05
funding_all,E2_pooled_nls,lnMstar,2.8979598554678856,0.0709373534280074,0.06929513131957488,0.0730231981750202,0.07323245307751902,0.8354369299403201,0.8369509861955508,0.5660546653961622,0.5678272264316546,-0.0016422221084325256,0.0015140562552306003
funding_all,E2_pooled_nls,sd_omega,0.25,-0.0185084959191268,-0.018508493579569386,-0.0193468181387548,-0.019346750173762972,0.0263434583284373,0.02634345565897399,0.0200162382496998,0.020016364598132497,2.339557412384119e-09,-2.669463306653741e-09
funding_all,E2_pooled_nls,tfp_growth,0.15,-0.0138039174729636,-0.013802084463570128,-0.0143464728428201,-0.014346217584417745,0.0183353825407637,0.018333584539486057,0.0148546182003465,0.014855590630503485,1.8330093934718072e-06,-1.7980012776419585e-06
funding_all,E3_lab_fe,alpha,0.3478,0.0103735204602162,0.010371768407509325,0.0077181322480259,0.007736735077752549,0.0356097504609207,0.03561318331735257,0.0226521989454372,0.02265350134865926,-1.7520527068742853e-06,3.432856431867526e-06
funding_all,E3_lab_fe,beta,0.3658,0.0133526990327431,0.013358961723064158,0.0030055276451068,0.0030064744737905713,0.0643674884137148,0.06437560368782526,0.0395874131623348,0.03959458712291336,6.262690321057196e-06,8.115274110459536e-06
funding_all,E3_lab_fe,a,0.5126121076233184,-0.0008129500115622,-0.0008081004681332244,-0.0046965898478345,-0.004677944538925727,0.0620077835863103,0.06201503995080006,0.0421161876931495,0.04217809162215924,4.8495434289755595e-06,7.256364489754974e-06
funding_all,E3_lab_fe,gamma,0.17828649103139016,0.0029897614261349,0.0029901024046840915,0.0026683965859475,0.0026683520192765653,0.0073669116955649,0.0073675670423636866,0.0046399780927145,0.004635340215943043,3.409785491914792e-07,6.55346798786316e-07
funding_all,E3_lab_fe,sigma_star,0.7370283018867925,-0.0062657110062094,-0.006266894508184207,-0.0040735260914032,-0.00407484644408973,0.0112919734458764,0.011293276894168045,0.0049836708669562,0.004983467116842333,-1.1835019748064265e-06,1.303448291644499e-06
funding_all,E3_lab_fe,lnMstar,2.8979598554678856,-0.1797833307327472,-0.1798396334562074,-0.1591919969140827,-0.15918571551923288,0.8321567404899276,0.8322323030696683,0.5066104886579987,0.5065692481914228,-5.6302723460216475e-05,7.556257974072889e-05
funding_all,E3_lab_fe,sd_omega,0.25,-0.0142727815441694,-0.01427274634373255,-0.0145370170582769,-0.014536975793493292,0.0243394566545906,0.02433943881365583,0.0175785064886356,0.017578496068535995,3.520043685006913e-08,-1.7840934767726635e-08
funding_all,E3_lab_fe,tfp_growth,0.15,0.0010001381279132,0.0010002524190815016,0.0012069113139106,0.0012070159379448803,0.0098119172177225,0.009811937219184195,0.0064821983035621,0.006482198703572847,1.1429116830155225e-07,2.0001461695229317e-08
funding_all,E4_mundlak,alpha,0.3478,0.0144345994424729,0.014435808769547634,0.0141670987703853,0.014176923882727288,0.0361696383781435,0.036172309322652675,0.0225601898645755,0.022546681868080565,1.2093270747338958e-06,2.670944509175488e-06
funding_all,E4_mundlak,beta,0.3658,0.014208508444163,0.01420836617433751,0.0080666108313426,0.008111416473828043,0.0596898853865373,0.059695365222506284,0.0362467895606259,0.036266729969398476,-1.4226982548992684e-07,5.479835968984215e-06
funding_all,E4_mundlak,a,0.5126121076233184,-0.0026048403876996,-0.0026062103147933818,-0.0052643900395328,-0.005287140413644809,0.0584485552054358,0.05845403891737472,0.0403615477215535,0.040386530380023655,-1.369927093781715e-06,5.483711938918112e-06
funding_all,E4_mundlak,gamma,0.17828649103139016,0.0045966058699402,0.004596410219633772,0.0050561900612216,0.005058964848250677,0.0082473748503125,0.008247743625811781,0.0061173370499358,0.006113709830411651,-1.956503064282078e-07,3.6877549928170106e-07
funding_all,E4_mundlak,sigma_star,0.7370283018867925,-0.0075990516453388,-0.007599319198656346,-0.0065943179454968,-0.006587834252585079,0.011380250077979,0.011380947263271867,0.0070795019221879,0.00707474196928376,-2.6755331754627076e-07,6.971852928670114e-07
funding_all,E4_mundlak,lnMstar,2.8979598554678856,-0.1385295262419264,-0.13854542826189398,-0.1435635995292816,-0.14407687279263626,0.7403975107202998,0.7404642173770164,0.4655108866908051,0.46509874307087573,-1.590201996756746e-05,6.670665671659748e-05
funding_all,E4_mundlak,sd_omega,0.25,-0.0150509876156043,-0.015050975816059955,-0.0151731325631469,-0.015172402575746632,0.0246896084776491,0.0246895907705544,0.0176416584036574,0.01764167076782823,1.1799544345075796e-08,-1.770709470022558e-08
funding_all,E4_mundlak,tfp_growth,0.15,-0.0012928628344365,-0.0012927604263280178,-0.0018754394349811,-0.0018754595319390999,0.0100937356350913,0.01009371555136762,0.0072672588592876,0.007267223645860785,1.0240810848220934e-07,-2.008372368064726e-08
funding_all,E5_labgen_fe,alpha,0.3478,-0.0020898505993168,-0.0020901832751442236,-0.0040325937428803,-0.004036306027925929,0.0172773290286731,0.017278611509550703,0.0127692007525089,0.012769923609980832,-3.3267582742356125e-07,1.2824808776033814e-06
funding_all,E5_labgen_fe,beta,0.3658,0.0022194625391183,0.0022207160989294373,0.0002387987382637,0.0002361315442556411,0.0335818580356737,0.03358436439694271,0.0238088803880048,0.02381553079000634,1.2535598111372212e-06,2.5063612690140458e-06
funding_all,E5_labgen_fe,a,0.5126121076233184,0.002225294570528,0.002226272902723078,0.0038823743596577,0.00389076189435561,0.0344916053227745,0.034494181567914554,0.0259702101830882,0.025971859218618776,9.78332195078306e-07,2.576245140051281e-06
funding_all,E5_labgen_fe,gamma,0.17828649103139016,-0.0008807936405315,-0.000880712589608073,-0.0007116363288344,-0.0007119275310104589,0.0037190314078318,0.0037192149364047673,0.0026456015887907,0.0026516051438982974,8.10509234269079e-08,1.8352857296746738e-07
funding_all,E5_labgen_fe,sigma_star,0.7370283018867925,-2.629792921287344e-06,-2.875754163160493e-06,0.000672549468163,0.0006725319340576963,0.0048871260457056,0.00488743521685879,0.0034020465774696,0.0034013781028037204,-2.4596124187314926e-07,3.0917115319013116e-07
funding_all,E5_labgen_fe,lnMstar,2.8979598554678856,-0.3665572291827958,-0.3665691725478299,-0.3725942374038804,-0.372466782147,0.5951970557673198,0.5952252099344675,0.4300019273706748,0.43004275875952236,-1.1943365034072784e-05,2.8154167147631526e-05
funding_all,E5_labgen_fe,sd_omega,0.25,-0.0125068941453021,-0.012506883386948832,-0.0126725372668956,-0.012672536843367485,0.0235597069788219,0.02355969348944209,0.0166295080646355,0.0166295148573202,1.0758353267276144e-08,-1.3489379811076896e-08
funding_all,E5_labgen_fe,tfp_growth,0.15,0.0057323664812783,0.005732403978397312,0.0053775287726244,0.005377605172326813,0.0108965682398755,0.010896594093455867,0.0073430167948549,0.007342969303153479,3.7497119011360713e-08,2.5853580366830275e-08
funding_all,E6_acf,alpha,0.3478,0.0088149150963576,0.00881464050470089,-0.0027288917400941,-0.0027288932362349583,0.0551406617017332,0.05514069598907878,0.0256736313515115,0.025673633689602515,-2.745916567094969e-07,3.4287345580807926e-08
funding_all,E6_acf,beta,0.3658,0.0193901273053309,0.019390775694267413,0.0046983518970024,0.004698326814216919,0.1035108349554487,0.10351115297129715,0.0498162885214686,0.04981627480998313,6.483889365138662e-07,3.180158484467066e-07
funding_all,E6_acf,a,0.5126121076233184,0.0013287622068484,0.0013293515386444289,0.0062797076186559,0.006279691844037094,0.0895601797334815,0.08956036639759714,0.0521038913059299,0.052104048612665904,5.893317960288611e-07,1.8666411563672547e-07
funding_all,E6_acf,gamma,0.17828649103139016,0.0004248394095475,0.00042489144609764704,0.0010123992340203,0.0010123986800765344,0.0102470116840667,0.010247010438300645,0.0052625931049548,0.00526325677884297,5.203655014702916e-08,-1.2457660545500682e-09
funding_all,E6_acf,sigma_star,0.7370283018867925,-0.0071628524636959,-0.007162951026623404,-0.0027145639420518,-0.002714560567899593,0.0183168133819947,0.018316870147475284,0.0059958853653999,0.005995886439385867,-9.856292750368145e-08,5.6765480583448324e-08
funding_all,E6_acf,lnMstar,2.8979598554678856,-0.2334047258803273,-0.23340835655582437,-0.2622256090244637,-0.26222566823143145,1.0338892942148536,1.0338920863774994,0.6836747013847688,0.6836748096623415,-3.6306754970794053e-06,2.792162645759433e-06
funding_all,E6_acf,sd_omega,0.25,-0.013146071435505,-0.0131460715009848,-0.01287877896028,-0.012878778494881296,0.0238130234884214,0.023813023423983504,0.016428440093431,0.01642843740233048,-6.547979866655673e-11,-6.443789599130945e-11
funding_all,E6_acf,tfp_growth,0.15,0.0033618523098314,0.003361854985526945,0.0031450270717665,0.0031450271698761634,0.0106058548218375,0.010605855903796767,0.0066619083570331,0.006661911486997907,2.675695544903517e-09,1.0819592669714106e-09
funding_all,E6b_acf_lagonly,alpha,0.3478,0.0092761135887806,0.009275876184651083,-0.0123312265985164,-0.012331222028362593,0.0810033525557443,0.0810032967189676,0.0418491110415331,0.041846493456174166,-2.3740412951646361e-07,-5.583677670228937e-08
funding_all,E6b_acf_lagonly,beta,0.3658,0.0318337801277494,0.0318342389629867,0.0019733360553444,0.0019655375867740077,0.1600612142077231,0.16006123588075374,0.0789866060316101,0.07898661357689934,4.588352372977833e-07,2.167303064792847e-08
funding_all,E6b_acf_lagonly,a,0.5126121076233184,0.0031886761525922,0.003189146108391351,0.0113276696030528,0.011321180761081295,0.1250528574864895,0.12505283313981283,0.0876879931020727,0.087687996071452,4.6995579915110053e-07,-2.4346676674724677e-08
funding_all,E6b_acf_lagonly,gamma,0.17828649103139016,-0.0034128785450564,-0.003412828321650742,-0.0033563670421627,-0.003356378891928788,0.0135195445072656,0.013519532476740679,0.0082347807939736,0.008227467560499177,5.022340565782532e-08,-1.2030524921755048e-08
funding_all,E6b_acf_lagonly,sigma_star,0.7370283018867925,-0.009917819810671,-0.009917879787184192,-0.0009590328102093,-0.000959033699579892,0.0281594231583859,0.028159424759650494,0.008952405954702,0.008952448487141329,-5.997651319165909e-08,1.6012645931429148e-09
funding_all,E6b_acf_lagonly,lnMstar,2.8979598554678856,-0.3100926038102071,-0.3100972578798727,-0.394721125954272,-0.39472106190609413,1.3913319969542812,1.3913336407170258,0.941038054388643,0.941037852894948,-4.654069665599447e-06,1.6437627445853309e-06
funding_all,E6b_acf_lagonly,sd_omega,0.25,-0.0114801057309053,-0.011480106708158853,-0.0120053381659602,-0.012005338067710758,0.0231670664711982,0.023167067081779624,0.0166561745860246,0.01665617451544714,-9.772535523866477e-10,6.105814256973652e-10
funding_all,E6b_acf_lagonly,tfp_growth,0.15,0.0074885361763159,0.007488537138319129,0.0076207553657412,0.007620755510966096,0.0122498144434053,0.01224981738561761,0.0086244277068022,0.00862442744783766,9.620032288132352e-10,2.942212310591552e-09
funding_all,E7_iv_path,alpha,0.3478,-0.0762695232521437,-0.07626952325214371,-0.0533574443194703,-0.05335744431947037,0.1791204680074737,0.17912046800747378,0.0874936085040929,0.08749360850409293,-1.3877787807814457e-17,8.326672684688674e-17
funding_all,E7_iv_path,beta,0.3658,-0.081990152509297,-0.08199015250929705,-0.0570231053722541,-0.05702310537225416,0.1875867723910742,0.18758677239107427,0.0906106071857669,0.09061060718576694,-4.163336342344337e-17,5.551115123125783e-17
funding_all,E7_iv_path,a,0.5126121076233184,-0.0017755008894747,-0.0017755008894747403,-0.001687609172868,-0.001687609172868032,0.0047637980012011,0.004763798001201112,0.0032931403992658,0.003293140399265815,-4.0332320816460765e-17,1.214306433183765e-17
funding_all,E7_iv_path,gamma,0.17828649103139016,-0.039529965635783,-0.03952996563578304,-0.0280568592426386,-0.028056859242638663,0.0916138129443432,0.09161381294434326,0.0441345366179317,0.04413453661793176,-3.469446951953614e-17,5.551115123125783e-17
funding_all,E7_iv_path,sigma_star,0.7370283018867925,0.0669494182813149,0.06694941828131491,0.0318199160230203,0.03181991602302037,0.2014108445385199,0.2014108445385199,0.0482815749383802,0.048281574938380256,1.3877787807814457e-17,0.0
funding_all,E7_iv_path,lnMstar,2.8979598554678856,1.2883916603951076,1.2883916603951076,1.2885838863803687,1.2885838863803687,1.2896046100303409,1.2896046100303409,1.2885838863803687,1.2885838863803687,0.0,0.0
funding_all,E7_iv_path,sd_omega,0.25,0.023070253646,0.023070253646000086,0.005648535089839,0.005648535089839091,0.0770344677211136,0.07703446772111365,0.0238313704442248,0.023831370444224842,8.673617379884035e-17,5.551115123125783e-17
funding_all,E7_iv_path,tfp_growth,0.15,0.0493959405122738,0.04939594051227383,0.0378654641936278,0.03786546419362789,0.1077956320890922,0.10779563208909225,0.0529152443324652,0.05291524433246528,2.7755575615628914e-17,5.551115123125783e-17
funding_all,E8_heckman,alpha,0.3478,0.0540834488840481,0.054082898793546316,0.0548755148449111,0.05484597645954975,0.0669318267750119,0.06693356740620383,0.0550580282568232,0.055076723820015966,-5.500905017816193e-07,1.7406311919321293e-06
funding_all,E8_heckman,beta,0.3658,0.0508341714556886,0.05083574450317819,0.0530574935977166,0.05305576148391189,0.0785622358838353,0.07856382702296971,0.0565462289368649,0.056552562053422406,1.573047489586421e-06,1.5911391344075598e-06
funding_all,E8_heckman,a,0.5126121076233184,-0.0050895135030861,-0.005088091261901251,-0.0032943348411672,-0.0032923289359170216,0.0524731007388888,0.052476513215720645,0.0327131099865572,0.03271042689302722,1.4222411848490574e-06,3.4124768318460896e-06
funding_all,E8_heckman,gamma,0.17828649103139016,0.0240607206455784,0.024060665784636857,0.0247146468461988,0.024711627582116896,0.0277635530815317,0.027763435092618076,0.024934397034416,0.024935959671149505,-5.486094154308341e-08,-1.1798891362546637e-07
funding_all,E8_heckman,sigma_star,0.7370283018867925,-0.0271707154122348,-0.0271709866054206,-0.0273698049194907,-0.027371694392766766,0.0304330737000095,0.0304331608797144,0.0273698049194907,0.027371694392766766,-2.711931858002947e-07,8.717970489957594e-08
funding_all,E8_heckman,lnMstar,2.8979598554678856,0.1017776416693438,0.10176887980143307,0.073892078610924,0.07392083838301944,0.7492041248345964,0.7492223375896571,0.4815768930361441,0.48097871288131344,-8.761867910739296e-06,1.821275506064257e-05
funding_all,E8_heckman,sd_omega,0.25,-0.0194519126080848,-0.01945190250600873,-0.0198681622367905,-0.019867574504026153,0.0269434132396054,0.026943418346487155,0.0207801607585594,0.02078016688264185,1.0102076068024823e-08,5.1068817542854195e-09
funding_all,E8_heckman,tfp_growth,0.15,-0.0239725150118771,-0.023972404366291736,-0.0248409717296185,-0.024841724597287035,0.0292830888237914,0.029283025085362416,0.0250183774336755,0.025018506734410605,1.1064558536402758e-07,-6.373842898269033e-08
funding_all,E9_foc_system,alpha,0.3478,-0.0053087344160686,-0.00530861145676354,-0.0055252163146862,-0.0055251398710060295,0.0065832706825808,0.006583179745873116,0.0055881807333701,0.0055881397159426305,1.2295930506070474e-07,-9.093670768397372e-08
funding_all,E9_foc_system,beta,0.3658,-0.0112937849666386,-0.011293697103499978,-0.0113035518781304,-0.01130358506790477,0.0123968074902149,0.012396720611938798,0.0113035518781304,0.01130358506790477,8.786313862238493e-08,-8.687827610098786e-08
funding_all,E9_foc_system,a,0.5126121076233184,-0.0040035000311188,-0.004003527516477324,-0.0041844772890201,-0.00418446773806308,0.0057348730085687,0.005734895707185437,0.0043875250708206,0.004387530442252374,-2.7485358523871017e-08,2.2698616737072685e-08
funding_all,E9_foc_system,gamma,0.17828649103139016,-0.0041006562770294,-0.004100603286074667,-0.0040993291597908,-0.004099287786154246,0.0044563729311584,0.004456322755321227,0.0040993291597908,0.004099287786154246,5.299095473271925e-08,-5.017583717265017e-08
funding_all,E9_foc_system,sigma_star,0.7370283018867925,0.0045421294466017,0.004542071454428598,0.0045291551342724,0.004529110142137527,0.0049361374340857,0.004936082103030494,0.0045291551342724,0.004529110142137527,-5.7992173101845124e-08,-5.53310552054917e-08
funding_all,E9_foc_system,lnMstar,2.8979598554678856,1.2505896559070029,1.2505886449070815,1.2535502307961797,1.253543366540184,1.2518067224577742,1.251805723494485,1.2535502307961797,1.253543366540184,-1.0109999213359089e-06,-9.989632892004607e-07
funding_all,E9_foc_system,sd_omega,0.25,-0.0110255100463097,-0.01102552958688625,-0.0116702905422585,-0.011670284366495531,0.0229148928807119,0.022914903720482254,0.0155289984551309,0.015528999811489863,-1.9540576550944322e-08,1.0839770355625111e-08
funding_all,E9_foc_system,tfp_growth,0.15,0.0090850980264591,0.009085034699339155,0.0087339383975756,0.00873370912711506,0.0130566380638628,0.013056584623569735,0.009449146750013,0.009448991906756563,-6.332711994551377e-08,-5.344029306401932e-08
funding_all,E10_foc_system_T,alpha,0.3478,-0.0017416503653033,-0.0017416180901567567,-0.0020212173212988,-0.0020212195355631957,0.0039712471481989,0.003971227763418607,0.0030384571193327,0.0030384338758532303,3.22751465432064e-08,-1.9384780293105197e-08
funding_all,E10_foc_system_T,beta,0.3658,-0.0077464351987515,-0.007746401566229744,-0.0078325857437443,-0.007832549975248071,0.0092683297197668,0.00926830334398887,0.0078325857437443,0.007832549975248071,3.3632521756303546e-08,-2.637577792979906e-08
funding_all,E10_foc_system_T,a,0.5126121076233184,-0.004106735642498,-0.0041067355449454475,-0.0042215474167168,-0.004221545033933072,0.0059614342207789,0.005961430514734843,0.0043848906602089,0.004384927440666819,9.755255284127351e-11,-3.7060440575761855e-09
funding_all,E10_foc_system_T,gamma,0.17828649103139016,-0.0023227599975503,-0.002322743498244299,-0.0023095511836317,-0.0023095467779838397,0.0027967799061758,0.0027967667736490853,0.0023136864997754,0.0023137307362567916,1.6499306000877095e-08,-1.3132526714525194e-08
funding_all,E10_foc_system_T,sigma_star,0.7370283018867925,0.0025900746295316,0.0025900566079895453,0.0025982686924884,0.0025982615337575288,0.0031111980701316,0.003111183635624769,0.0026011664837595,0.002601136389329517,-1.8021542054665052e-08,-1.4434506831126348e-08
funding_all,E10_foc_system_T,lnMstar,2.8979598554678856,-0.0173934765795869,-0.017393573431634817,-0.0124139855789393,-0.012413901912539327,0.0569229659258029,0.056922989896468525,0.0373036036751952,0.03730372348143063,-9.68520479163737e-08,2.3970665626038556e-08
funding_all,E10_foc_system_T,sd_omega,0.25,-0.0123137340951335,-0.012313739723927066,-0.0125910164562546,-0.012591016422126344,0.0234920770152421,0.02349208032882584,0.0165569847447387,0.01655700001258685,-5.628793566664347e-09,3.3135837407272106e-09
funding_all,E10_foc_system_T,tfp_growth,0.15,0.0066301290676237,0.006630109488580369,0.0063222588866193,0.006322255043918368,0.0114066528403414,0.011406640133217719,0.0075192386293573,0.007519187684848383,-1.957904333105276e-08,-1.2707123681413024e-08
funding_flag,E1_pooled_huber,alpha,0.3478,0.2464217207742546,0.2454023663955402,0.2360428587236466,0.23408798871066416,0.2747808483970617,0.27347289556229293,0.2360428587236466,0.23408798871066416,-0.0010193543787143933,-0.0013079528347687552
funding_flag,E1_pooled_huber,beta,0.3658,0.2699787914388782,0.2713028717403937,0.2628668675217401,0.26286686752174016,0.3150079420811628,0.3170537367469279,0.2628668675217401,0.26286686752174016,0.0013240803015154845,0.0020457946657650994
funding_flag,E1_pooled_huber,a,0.5126121076233184,0.001035754004944,0.0017889574549436143,0.0019696712517609,0.0038425708840399975,0.1008783147358333,0.10103370907448626,0.067557627699982,0.06777834660635118,0.0007532034499996144,0.00015539433865296992
funding_flag,E1_pooled_huber,gamma,0.17828649103139016,0.1165417875673656,0.11653414118745568,0.1177456075438027,0.11774560777995019,0.1227161245205975,0.12273226236826462,0.1177456075438027,0.11774560777995019,-7.646379909923007e-06,1.6137847667116456e-05
funding_flag,E1_pooled_huber,sigma_star,0.7370283018867925,-0.1166586284359593,-0.11669966688308517,-0.1164742735555204,-0.1164742733667754,0.1196714732420649,0.11974842814320324,0.1164742735555204,0.1164742733667754,-4.1038447125871236e-05,7.695490113834857e-05
funding_flag,E1_pooled_huber,lnMstar,2.8979598554678856,0.9507501161226004,0.943617464667513,0.8965952536382731,0.8824022367976414,1.3289751016502709,1.3245065273745278,0.9805067907127648,0.947022850663995,-0.007132651455087458,-0.004468574275743098
funding_flag,E1_pooled_huber,sd_omega,0.25,-0.0391305982817585,-0.0391993508188482,-0.0426082960126796,-0.04260830216710869,0.0501606347489809,0.05017652319823553,0.0433540098112992,0.04335400981129928,-6.875253708969742e-05,1.588844925463212e-05
funding_flag,E1_pooled_huber,tfp_growth,0.15,-0.1453555200271248,-0.14534030639278295,-0.1453997289435888,-0.14539972894358888,0.1456102765411333,0.14559443962336585,0.1453997289435888,0.14539972894358888,1.5213634341842974e-05,-1.5836917767436676e-05
funding_flag,E1b_pooled_huber_Etrue,alpha,0.3478,0.2656184119849697,0.2635904924121421,0.2422064211039091,0.24102448972823792,0.2827936277829461,0.2804783631996689,0.2422064211039091,0.24102448972823792,-0.002027919572827608,-0.002315264583277188
funding_flag,E1b_pooled_huber_Etrue,beta,0.3658,0.2938038010492733,0.2968956595556434,0.26904885002528,0.2741334575591395,0.3241886414439049,0.3284516704933304,0.26904885002528,0.2741334575591395,0.0030918585063701154,0.004263029049425493
funding_flag,E1b_pooled_huber_Etrue,a,0.5126121076233184,0.0032875135137422,0.005029922450886517,0.0064371503848103,0.007289698612093443,0.0798396855933604,0.07988935706203382,0.0582957241955958,0.05761983520358735,0.0017424089371443174,4.967146867342065e-05
funding_flag,E1b_pooled_huber_Etrue,gamma,0.17828649103139016,0.1309472594103227,0.1310816516420977,0.130344054421986,0.13055655606764138,0.1317061207360928,0.13187228895677436,0.130344054421986,0.13055655606764138,0.00013439223177499904,0.00016616822068155068
funding_flag,E1b_pooled_huber_Etrue,sigma_star,0.7370283018867925,-0.1255261291485514,-0.12568680223310225,-0.1231369306560273,-0.1231271763290061,0.1265328695043617,0.12676986425357345,0.1231369306560273,0.1231271763290061,-0.00016067308455083862,0.00023699474921173858
funding_flag,E1b_pooled_huber_Etrue,lnMstar,2.8979598554678856,0.9508330886289104,0.9329744600043148,0.953673192275032,0.9417487424227005,1.2405153133145297,1.2297687426510162,0.9715441026553706,0.9659689933816931,-0.01785862862459553,-0.010746570663513477
funding_flag,E1b_pooled_huber_Etrue,sd_omega,0.25,-0.0284413472168845,-0.028451365402446617,-0.0280242693053265,-0.028024269305326532,0.0334126096820375,0.03342163578558948,0.0280242693053265,0.028024269305326532,-1.0018185562118281e-05,9.026103551981746e-06
funding_flag,E1b_pooled_huber_Etrue,tfp_growth,0.15,-0.1427903862961902,-0.14274146846132496,-0.1428792265119868,-0.14282315381231353,0.1432068892279102,0.14315198287438904,0.1428792265119868,0.14282315381231353,4.891783486524193e-05,-5.490635352115025e-05
funding_flag,E2_pooled_nls,alpha,0.3478,0.2418982533218561,0.24190333347480092,0.2329441491219156,0.23293159105322825,0.2568576905553388,0.25686370695462535,0.2329441491219156,0.23293159105322825,5.08015294481412e-06,6.016399286545848e-06
funding_flag,E2_pooled_nls,beta,0.3658,0.2544593633490574,0.2544564626516994,0.2407836970225346,0.24078183241063994,0.2754668325910302,0.2754670802721349,0.2407836970225346,0.24078183241063994,-2.9006973579770445e-06,2.476811046814298e-07
funding_flag,E2_pooled_nls,a,0.5126121076233184,-0.0011252927932864,-0.0011289682964442985,-0.0039222856606694,-0.0038928479233271696,0.066986665344207,0.06699202496064911,0.045602494375705,0.04560387165811547,-3.6755031578984514e-06,5.359616442116022e-06
funding_flag,E2_pooled_nls,gamma,0.17828649103139016,0.1184799161735952,0.11847969377904637,0.1185942417438851,0.11859653287795238,0.120796992264595,0.12079681722030067,0.1185942417438851,0.11859653287795238,-2.2239454883221654e-07,-1.7504429433712332e-07
funding_flag,E2_pooled_nls,sigma_star,0.7370283018867925,-0.1133874921963388,-0.11338790311283783,-0.1133286052578867,-0.11333177669371802,0.1149773529184988,0.1149777911021669,0.1133286052578867,0.11333177669371802,-4.1091649903568506e-07,4.3818366810000065e-07
funding_flag,E2_pooled_nls,lnMstar,2.8979598554678856,0.9337386691438208,0.933770685485554,0.9489950372710356,0.9488893817174322,1.1436015784907734,1.143652604664968,0.9498397137707864,0.9498445282084729,3.201634173322088e-05,5.102617419461275e-05
funding_flag,E2_pooled_nls,sd_omega,0.25,-0.0305283549931227,-0.030528355035483033,-0.0300678610529447,-0.03006786123341003,0.0351608740048001,0.035160874041298,0.0300678610529447,0.03006786123341003,-4.236033399052097e-11,3.649790192294944e-11
funding_flag,E2_pooled_nls,tfp_growth,0.15,-0.1295976981313724,-0.12959761329864686,-0.1290436041801328,-0.12904420346516965,0.1322436105251299,0.13224352910304046,0.1290436041801328,0.12904420346516965,8.483272553871934e-08,-8.142208943184848e-08
funding_flag,E3_lab_fe,alpha,0.3478,0.2247580844939688,0.22476159521247419,0.2201521909883744,0.22019525192923817,0.2339291498935011,0.23393269127041152,0.2201521909883744,0.22019525192923817,3.5107185053784296e-06,3.541376910415339e-06
funding_flag,E3_lab_fe,beta,0.3658,0.2425262588260252,0.24252204181990403,0.2343793286741084,0.23438454887294768,0.2582763517229617,0.2582729626092389,0.2343793286741084,0.23438454887294768,-4.2170061211599386e-06,-3.38911372282924e-06
funding_flag,E3_lab_fe,a,0.5126121076233184,0.0013253042917873,0.001321959504201894,-0.0033332421042925,-0.003323678265273633,0.0570289328703447,0.05702997498380891,0.0381668584937278,0.03817075362009853,-3.3447875854061403e-06,1.0421134642168983e-06
funding_flag,E3_lab_fe,gamma,0.17828649103139016,0.112766089515944,0.11276587679676078,0.1128784113006832,0.11287848243470738,0.114032451525491,0.11403226544038826,0.1128784113006832,0.11287848243470738,-2.1271918321241756e-07,-1.860851027435384e-07
funding_flag,E3_lab_fe,sigma_star,0.7370283018867925,-0.1079526079713631,-0.10795246632867447,-0.1074913145206706,-0.10749230918682146,0.1088732641533405,0.10887312889854063,0.1074913145206706,0.10749230918682146,1.4164268861971419e-07,-1.3525479987397393e-07
funding_flag,E3_lab_fe,lnMstar,2.8979598554678856,0.8649606364095311,0.8649882208486772,0.8862603972023801,0.8862058374870756,1.0061117658195575,1.0061412171789987,0.8862603972023801,0.8862058374870756,2.7584439146077777e-05,2.9451359441212688e-05
funding_flag,E3_lab_fe,sd_omega,0.25,-0.0284832951492815,-0.02848328736744578,-0.0284798027103958,-0.028479789559313504,0.0335331391285122,0.0335331277737308,0.0284798027103958,0.028479789559313504,7.781835717479701e-09,-1.1354781399852687e-08
funding_flag,E3_lab_fe,tfp_growth,0.15,-0.1235996256713298,-0.12359961391206042,-0.1230765052705093,-0.12308157007076595,0.1251454052307685,0.12514540163471533,0.1230765052705093,0.12308157007076595,1.1759269377686898e-08,-3.596053177457037e-09
funding_flag,E4_mundlak,alpha,0.3478,0.2299948795237812,0.23000413490842841,0.2253775068813553,0.2253512007008152,0.2429254020219018,0.24293538785327648,0.2253775068813553,0.2253512007008152,9.255384647216536e-06,9.985831374681453e-06
funding_flag,E4_mundlak,beta,0.3658,0.2434134945524053,0.24340306927050842,0.2298250539412662,0.2298518883639481,0.2650812906723694,0.26507545911667546,0.2298250539412662,0.2298518883639481,-1.0425281896875305e-05,-5.831555693946999e-06
funding_flag,E4_mundlak,a,0.5126121076233184,-0.0009824064997785,-0.0009912047009587247,-0.0032340152350697,-0.0032410059048119666,0.0693868110559502,0.06939321176290089,0.0475782162852857,0.047714261474693986,-8.798201180224789e-06,6.400706950696056e-06
funding_flag,E4_mundlak,gamma,0.17828649103139016,0.1124310921817113,0.11243002325519569,0.112120802563232,0.11211939490095946,0.1138079695345918,0.1138070132351948,0.112120802563232,0.11211939490095946,-1.0689265156071937e-06,-9.562993969897127e-07
funding_flag,E4_mundlak,sigma_star,0.7370283018867925,-0.1091315077700073,-0.10913125922521325,-0.1090174183984205,-0.10901644184090614,0.1101253404488507,0.1101251465140585,0.1090174183984205,0.10901644184090614,2.485447940514529e-07,-1.939347921975365e-07
funding_flag,E4_mundlak,lnMstar,2.8979598554678856,0.8860183038810955,0.8860889040197958,0.8910163594163396,0.8921372563399084,1.0911646441858536,1.0912394289332115,0.8910163594163396,0.8921372563399084,7.060013870030524e-05,7.47847473578922e-05
funding_flag,E4_mundlak,sd_omega,0.25,-0.0287251424264975,-0.02872513891631419,-0.0287370912380844,-0.028737038094391,0.0337324155866616,0.033732407340272226,0.0287370912380844,0.028737038094391,3.5101833106843117e-09,-8.246389376909136e-09
funding_flag,E4_mundlak,tfp_growth,0.15,-0.123120715298287,-0.12312037404244729,-0.1223714944163588,-0.12237259673173341,0.1247486808221083,0.12474835479326758,0.1223714944163588,0.12237259673173341,3.412558397114518e-07,-3.2602884071641913e-07
funding_flag,E7_iv_path,alpha,0.3478,-0.0043687027456941,-0.004368702745694156,0.0034971135582484,0.003497113558248499,0.0854227026920303,0.08542270269203031,0.051841992332241,0.051841992332241016,-5.637851296924623e-17,1.3877787807814457e-17
funding_flag,E7_iv_path,beta,0.3658,-0.0044765766394007,-0.00447657663940072,0.0029022876319722,0.002902287631972228,0.0900525483110171,0.09005254831101715,0.0551622683447783,0.05516226834477833,-1.9949319973733282e-17,5.551115123125783e-17
funding_flag,E7_iv_path,a,0.5126121076233184,6.715681895912345e-05,6.715681895912345e-05,-3.416808551442996e-05,-3.416808551442996e-05,0.0085114567658318,0.00851145676583184,0.0058226886114033,0.005822688611403393,0.0,3.9898639947466563e-17
funding_flag,E7_iv_path,gamma,0.17828649103139016,-0.0022623795923801,-0.0022623795923801906,0.0002725739006612,0.00027257390066122433,0.0437178665550921,0.043717866555092126,0.0265125867907241,0.026512586790724185,-9.063930161978817e-17,2.7755575615628914e-17
funding_flag,E7_iv_path,sigma_star,0.7370283018867925,0.005635031195084,0.005635031195084064,-0.0009536553795516,-0.0009536553795516656,0.0504457918928787,0.050445791892878726,0.0287497540031151,0.028749754003115136,6.418476861114186e-17,2.7755575615628914e-17
funding_flag,E7_iv_path,lnMstar,2.8979598554678856,1.2782844519611616,1.2782844519611616,1.2767006306772255,1.2767006306772255,1.2806267304952057,1.2806267304952057,1.2767006306772255,1.2767006306772255,0.0,0.0
funding_flag,E7_iv_path,sd_omega,0.25,0.0070252647067638,0.007025264706763802,0.0035248095382786,0.0035248095382786893,0.033514949600313,0.033514949600313024,0.0185393206923853,0.018539320692385314,1.734723475976807e-18,2.0816681711721685e-17
funding_flag,E7_iv_path,tfp_growth,0.15,0.0028389027309673,0.0028389027309673014,-0.0004158980297138,-0.0004158980297138265,0.0495800872372733,0.049580087237273376,0.0303206480931598,0.030320648093159847,1.3010426069826053e-18,7.632783294297951e-17
