block,cell,estimator,param,stat,v1,v2,diff
summary,onpath,primal,alpha,bias,0.3342179949236074,0.3889276991605307,0.05470970423692334
summary,onpath,primal,alpha,median_bias,0.0095828654937605,0.026057215635817615,0.016474350142057115
summary,onpath,primal,alpha,rmse,0.9369063214679384,0.9795575298965737,0.042651208428635345
summary,onpath,primal,alpha,mae,0.0734346419361906,0.18147154403935448,0.10803690210316387
summary,onpath,primal,alpha,q05,0.1061567327969837,0.10691739991956506,0.0007606671225813544
summary,onpath,primal,alpha,q95,3.015029144421573,3.51918707752107,0.504157933099497
summary,onpath,primal,alpha,wald_cover,1.0,1.0,0.0
summary,onpath,primal,alpha,boot_cover,0.78,0.7066666666666667,-0.07333333333333336
summary,onpath,primal,alpha,corner_share,0.264,0.718,0.45399999999999996
summary,onpath,primal,beta,bias,0.3930787112221898,0.6943144117223785,0.3012357005001887
summary,onpath,primal,beta,median_bias,0.0200413934253172,0.04304029577699256,0.02299890235167536
summary,onpath,primal,beta,rmse,1.023343536915638,1.2740465581873537,0.2507030212717156
summary,onpath,primal,beta,mae,0.0944711177731197,0.13956069886947706,0.045089581096357356
summary,onpath,primal,beta,q05,0.1001086616994932,0.2665743354292362,0.166465673729743
summary,onpath,primal,beta,q95,3.386104352404294,2.9979895446287586,-0.38811480777553564
summary,onpath,primal,beta,wald_cover,1.0,1.0,0.0
summary,onpath,primal,beta,boot_cover,0.7466666666666667,0.58,-0.16666666666666674
summary,onpath,primal,beta,corner_share,0.264,0.718,0.45399999999999996
summary,onpath,primal,a,bias,0.0022240400332717,0.049982909165531275,0.047758869132259574
summary,onpath,primal,a,median_bias,0.0079870379037962,0.01858528879577248,0.010598250891976281
summary,onpath,primal,a,rmse,0.2757996444407719,0.2955023954407461,0.019702750999974206
summary,onpath,primal,a,mae,0.2378549655020119,0.27149547236820076,0.03364050686618886
summary,onpath,primal,a,q05,0.0888091591487312,0.09320917928222819,0.004400020133496982
summary,onpath,primal,a,q95,0.919730525526056,0.9283592195930696,0.008628694067013498
summary,onpath,primal,a,wald_cover,0.8680981595092024,0.7663551401869159,-0.10174301932228658
summary,onpath,primal,a,boot_cover,0.5533333333333333,0.32,-0.23333333333333334
summary,onpath,primal,a,corner_share,0.264,0.718,0.45399999999999996
summary,onpath,primal,gamma,bias,0.0190944657293411,0.05806209176892026,0.03896762603957916
summary,onpath,primal,gamma,median_bias,0.0079093578836239,0.06017151676409399,0.05226215888047009
summary,onpath,primal,gamma,rmse,0.0812836486656555,0.09615830150302308,0.01487465283736758
summary,onpath,primal,gamma,mae,0.0384975347128365,0.08052816649072389,0.04203063177788739
summary,onpath,primal,gamma,q05,0.0582772895831584,0.05917477892619243,0.000897489343034033
summary,onpath,primal,gamma,q95,0.3308902265929032,0.3342202737747939,0.0033300471818907273
summary,onpath,primal,gamma,wald_cover,1.0,1.0,0.0
summary,onpath,primal,gamma,boot_cover,0.72,0.56,-0.15999999999999992
summary,onpath,primal,gamma,corner_share,0.264,0.718,0.45399999999999996
summary,onpath,primal,sigma_star,bias,-0.1060117712369165,-0.1659794649641588,-0.0599676937272423
summary,onpath,primal,sigma_star,median_bias,-0.0299291542326201,-0.11874974962723434,-0.08882059539461423
summary,onpath,primal,sigma_star,rmse,0.184707773698747,0.22208802330217317,0.037380249603426174
summary,onpath,primal,sigma_star,mae,0.0365358332910197,0.11874974962723434,0.08221391633621464
summary,onpath,primal,sigma_star,q05,0.3415502291066657,0.33979391935595743,-0.0017563097507082848
summary,onpath,primal,sigma_star,q95,0.7702066099557983,0.7535372103486848,-0.016669399607113444
summary,onpath,primal,sigma_star,wald_cover,1.0,1.0,0.0
summary,onpath,primal,sigma_star,boot_cover,0.6733333333333333,0.44,-0.23333333333333334
summary,onpath,primal,sigma_star,corner_share,0.264,0.718,0.45399999999999996
summary,onpath,primal,lnMstar,bias,-1.0727733336575676,-1.0785096374595224,-0.0057363038019548895
summary,onpath,primal,lnMstar,median_bias,-0.8174356806406649,-2.9441249666332965,-2.1266892859926316
summary,onpath,primal,lnMstar,rmse,16.85256898737629,23.83100744321621,6.9784384558399175
summary,onpath,primal,lnMstar,mae,7.011582093255114,21.10603659852728,14.094454505272164
summary,onpath,primal,lnMstar,q05,-36.497197785226525,-36.675640308585834,-0.17844252335930832
summary,onpath,primal,lnMstar,q95,31.920091731484337,34.479687373578855,2.559595642094518
summary,onpath,primal,lnMstar,wald_cover,0.8251533742331288,0.719626168224299,-0.10552720600882981
summary,onpath,primal,lnMstar,boot_cover,0.66,0.4266666666666667,-0.23333333333333334
summary,onpath,primal,lnMstar,corner_share,0.264,0.718,0.45399999999999996
summary,onpath,dual,alpha,bias,0.0001126520386335,0.00011265220794918208,1.6931568208025313e-10
summary,onpath,dual,alpha,median_bias,0.0006534594817843,0.0006534596112520441,1.2946774414265144e-10
summary,onpath,dual,alpha,rmse,0.020232822663904,0.020232822767833832,1.039298334892802e-10
summary,onpath,dual,alpha,mae,0.0138348951117121,0.013834893869939469,-1.2417726309027488e-09
summary,onpath,dual,alpha,q05,0.3159898026499981,0.3159898026945665,4.4568404522493665e-11
summary,onpath,dual,alpha,q95,0.3818623332007417,0.38186233502830286,1.8275611579632312e-09
summary,onpath,dual,beta,bias,9.441121225584726e-05,9.441139021830302e-05,1.7796245576631124e-10
summary,onpath,dual,beta,median_bias,0.0004889083343984,0.0004889081679628482,-1.6643555175548108e-10
summary,onpath,dual,beta,rmse,0.0213507340796526,0.02135073418608166,1.0642906000946084e-10
summary,onpath,dual,beta,mae,0.0146925908064371,0.014692591006884387,2.004472872407792e-10
summary,onpath,dual,beta,q05,0.3320644349936099,0.3320644353118966,3.182867303053172e-10
summary,onpath,dual,beta,q95,0.4022504248524086,0.40225042082681345,-4.025595135015436e-09
summary,onpath,dual,a,bias,-1.9098901319442695e-05,-1.9098901319442695e-05,0.0
summary,onpath,dual,a,median_bias,2.899281080204208e-05,2.899281080204208e-05,0.0
summary,onpath,dual,a,rmse,0.0005230161703035,0.0005230161703035246,2.461138931542095e-17
summary,onpath,dual,a,mae,0.0003590532399974,0.0003590532399974644,6.440160904563896e-17
summary,onpath,dual,a,q05,0.5117109020480983,0.5117109020480983,0.0
summary,onpath,dual,a,q95,0.5134071992649598,0.5134071992649598,0.0
summary,onpath,dual,gamma,bias,5.183401631023049e-05,5.18341030759763e-05,8.676574581289445e-11
summary,onpath,dual,gamma,median_bias,0.0004584967672846,0.00045849676728465516,5.5185890579512176e-17
summary,onpath,dual,gamma,rmse,0.0103867412784978,0.01038674133109807,5.260027136078094e-11
summary,onpath,dual,gamma,mae,0.0071258366709247,0.007125836438403074,-2.3252162608539129e-10
summary,onpath,dual,gamma,q05,0.1618166478030843,0.1618166479581552,1.5507090056487982e-10
summary,onpath,dual,gamma,q95,0.1958849458944865,0.19588494669805642,8.035699328168278e-10
summary,onpath,dual,sigma_star,bias,0.0001165507180066,0.00011655062536081618,-9.26457838261929e-11
summary,onpath,dual,sigma_star,median_bias,-0.0004898240427749,-0.0004898237421873675,3.005875325121782e-10
summary,onpath,dual,sigma_star,rmse,0.0112811514879754,0.011281151540407788,5.2432388292222853e-11
summary,onpath,dual,sigma_star,mae,0.0077971107783808,0.007797111222373421,4.4399262044692023e-10
summary,onpath,dual,sigma_star,q05,0.7183734161811756,0.718373415351174,-8.300015119644399e-10
summary,onpath,dual,sigma_star,q95,0.7553771131318958,0.7553771129548229,-1.7707291188884255e-10
summary,onpath,dual,lnMstar,bias,0.0004469680288647,0.0004469680288647986,9.855397747893235e-17
summary,onpath,dual,lnMstar,median_bias,-0.0005865284348556,-0.0005865284348556266,-2.656295322589486e-17
summary,onpath,dual,lnMstar,rmse,0.009447038143089,0.00944703814308901,1.0408340855860843e-17
summary,onpath,dual,lnMstar,mae,0.006542256308883,0.006542256308883054,5.4643789493269423e-17
summary,onpath,dual,lnMstar,q05,2.883564154191867,2.883564154191867,0.0
summary,onpath,dual,lnMstar,q95,2.9149369548581405,2.9149369548581405,0.0
summary,iso16,primal,alpha,bias,-0.0007506773355072,-0.0007506774209430714,-8.54358713766809e-11
summary,iso16,primal,alpha,median_bias,-0.000963960667078,-0.0009639616786719929,-1.0115939929255732e-09
summary,iso16,primal,alpha,rmse,0.0081422148955975,0.008142214891722453,-3.875047852042179e-12
summary,iso16,primal,alpha,mae,0.0056343330259223,0.005634333025922339,3.903127820947816e-17
summary,iso16,primal,alpha,q05,0.3341730359105334,0.3341730387820022,2.871468840481839e-09
summary,iso16,primal,alpha,q95,0.3601426553306694,0.3601426553306694,0.0
summary,iso16,primal,alpha,wald_cover,0.968,0.968,0.0
summary,iso16,primal,alpha,boot_cover,0.9733333333333334,0.9733333333333334,0.0
summary,iso16,primal,alpha,corner_share,0.0,0.0,0.0
summary,iso16,primal,beta,bias,8.586813108920377e-05,8.586807214854064e-05,-5.89406631276235e-11
summary,iso16,primal,beta,median_bias,0.0002307148224557,0.00023071482245576314,6.31276714929685e-17
summary,iso16,primal,beta,rmse,0.0085739013758506,0.008573901454148826,7.829822554206167e-11
summary,iso16,primal,beta,mae,0.0055225812355564,0.005522581235556462,6.158268339717665e-17
summary,iso16,primal,beta,q05,0.3513548553118493,0.3513548554848804,1.7303108945654344e-10
summary,iso16,primal,beta,q95,0.3797393559840835,0.37973935595387337,-3.021011218962144e-11
summary,iso16,primal,beta,wald_cover,0.946,0.946,0.0
summary,iso16,primal,beta,boot_cover,0.9866666666666668,0.9866666666666667,-1.1102230246251565e-16
summary,iso16,primal,beta,corner_share,0.0,0.0,0.0
summary,iso16,primal,a,bias,0.0005951724632578,0.0005951724830297088,1.9771908828063178e-11
summary,iso16,primal,a,median_bias,0.001031183561062,0.0010311819492102026,-1.6118517974332558e-09
summary,iso16,primal,a,rmse,0.0072604545599678,0.007260454626233547,6.626574722973233e-11
summary,iso16,primal,a,mae,0.0049398676518788,0.004939867651878871,7.112366251504909e-17
summary,iso16,primal,a,q05,0.501113486925658,0.501113486925658,0.0
summary,iso16,primal,a,q95,0.5248934092875303,0.5248934092875303,0.0
summary,iso16,primal,a,wald_cover,0.944,0.944,0.0
summary,iso16,primal,a,boot_cover,0.9733333333333334,0.9733333333333334,0.0
summary,iso16,primal,a,corner_share,0.0,0.0,0.0
summary,iso16,primal,gamma,bias,-0.0002143974368407,-0.00021439747396298349,-3.7122283491532876e-11
summary,iso16,primal,gamma,median_bias,-0.0002439078142492,-0.0002439078716418297,-5.739262971121706e-11
summary,iso16,primal,gamma,rmse,0.0032845655217899,0.0032845655272325347,5.442634624236442e-12
summary,iso16,primal,gamma,mae,0.0022698154482444,0.0022698153621681094,-8.607629062643007e-11
summary,iso16,primal,gamma,q05,0.1727427161426862,0.17274271611653724,-2.6148944121118234e-11
summary,iso16,primal,gamma,q95,0.1833264652070236,0.18332646520702364,5.551115123125783e-17
summary,iso16,primal,gamma,wald_cover,0.962,0.962,0.0
summary,iso16,primal,gamma,boot_cover,0.9666666666666668,0.9666666666666667,-1.1102230246251565e-16
summary,iso16,primal,gamma,corner_share,0.0,0.0,0.0
summary,iso16,primal,sigma_star,bias,0.0001978422047246,0.00019784224399976247,3.927516246796971e-11
summary,iso16,primal,sigma_star,median_bias,0.0001952315503408,0.00019523155034084638,4.637674792806745e-17
summary,iso16,primal,sigma_star,rmse,0.0035707000761125,0.0035707000824546403,6.342140354553827e-12
summary,iso16,primal,sigma_star,mae,0.0024520419492518,0.0024520424320598755,4.828080756372199e-10
summary,iso16,primal,sigma_star,q05,0.7316383424706037,0.7316383424706037,0.0
summary,iso16,primal,sigma_star,q95,0.7430070958067969,0.7430070958877987,8.100176085434896e-11
summary,iso16,primal,sigma_star,wald_cover,0.96,0.96,0.0
summary,iso16,primal,sigma_star,boot_cover,0.9666666666666668,0.9666666666666667,-1.1102230246251565e-16
summary,iso16,primal,sigma_star,corner_share,0.0,0.0,0.0
summary,iso16,primal,lnMstar,bias,-0.0156477094664935,-0.01564771031435938,-8.478658816701845e-10
summary,iso16,primal,lnMstar,median_bias,-0.0239511803172858,-0.023951180317285825,-2.42861286636753e-17
summary,iso16,primal,lnMstar,rmse,0.1619123670968702,0.16191236839984693,1.3029767265138048e-09
summary,iso16,primal,lnMstar,mae,0.1131032641791747,0.11310326417917471,1.3877787807814457e-17
summary,iso16,primal,lnMstar,q05,2.6174103198187497,2.617410318293603,-1.5251466756183163e-09
summary,iso16,primal,lnMstar,q95,3.1681184472064974,3.1681184737082924,2.6501794980759996e-08
summary,iso16,primal,lnMstar,wald_cover,0.96,0.96,0.0
summary,iso16,primal,lnMstar,boot_cover,0.9733333333333334,0.9733333333333334,0.0
summary,iso16,primal,lnMstar,corner_share,0.0,0.0,0.0
summary,iso16,dual,alpha,bias,0.0002968475281627,0.00029684727610795604,-2.5205474393861366e-10
summary,iso16,dual,alpha,median_bias,3.7624785502288205e-05,3.762502684342972e-05,2.413411415158606e-10
summary,iso16,dual,alpha,rmse,0.0291312879519965,0.02913128731810561,-6.338908911662777e-10
summary,iso16,dual,alpha,mae,0.0205477267087471,0.020547727159163975,4.504168739372094e-10
summary,iso16,dual,alpha,q05,0.3016387609696721,0.301638767338464,6.368791882760405e-09
summary,iso16,dual,alpha,q95,0.3951815799692753,0.39518158020241423,2.3313895258780803e-10
summary,iso16,dual,beta,bias,0.0006997136892122,0.0006997134269311311,-2.6228106893375763e-10
summary,iso16,dual,beta,median_bias,0.0018455943353868,0.0018455920534294346,-2.2819573654731667e-09
summary,iso16,dual,beta,rmse,0.030429231365437,0.03042923071987635,-6.455606500754829e-10
summary,iso16,dual,beta,mae,0.0221194675064819,0.022119466365614487,-1.140867410959201e-09
summary,iso16,dual,beta,q05,0.315610604681098,0.315610604934818,2.5372004497370426e-10
summary,iso16,dual,beta,q95,0.4146275017212915,0.41462750126323455,-4.580569257228717e-10
summary,iso16,dual,a,bias,0.0002793529227691,0.0002793529227691628,6.282951589553498e-17
summary,iso16,dual,a,median_bias,0.0006960277319084,0.0006960277319084662,6.624475273886432e-17
summary,iso16,dual,a,rmse,0.0068494611459438,0.006849461145943823,2.3418766925686896e-17
summary,iso16,dual,a,mae,0.0045519758437649,0.004551975843764988,8.847089727481716e-17
summary,iso16,dual,a,q05,0.4998493270435303,0.49984932704353036,5.551115123125783e-17
summary,iso16,dual,a,q95,0.5236142332429522,0.5236142332429522,0.0
summary,iso16,dual,gamma,bias,0.0002110000716593,0.00021099994310502896,-1.2855427104232174e-10
summary,iso16,dual,gamma,median_bias,0.0005451856210761,0.0005451846382367731,-9.828393268511426e-10
summary,iso16,dual,gamma,rmse,0.014683554273157,0.014683553948566993,-3.245900076498387e-10
summary,iso16,dual,gamma,mae,0.0106002486989421,0.010600250121272206,1.4223301061239146e-09
summary,iso16,dual,gamma,q05,0.1550915386867235,0.1550915386726644,-1.405911498331136e-11
summary,iso16,dual,gamma,q95,0.20161116655667,0.20161116607756158,-4.791084196043016e-10
summary,iso16,dual,sigma_star,bias,7.452041744119953e-05,7.452054235108863e-05,1.2490988909982965e-10
summary,iso16,dual,sigma_star,median_bias,-0.0006448197475255,-0.0006448197475255601,-6.01732205729455e-17
summary,iso16,dual,sigma_star,rmse,0.0159519165838839,0.0159519162518485,-3.3203539917536773e-10
summary,iso16,dual,sigma_star,mae,0.011443912269494,0.01144390921771532,-3.051778680457362e-09
summary,iso16,dual,sigma_star,q05,0.7124786434453875,0.7124786439289746,4.83587170307942e-10
summary,iso16,dual,sigma_star,q95,0.7627787261307757,0.7627787261472007,1.6424972493211953e-11
summary,iso16,dual,lnMstar,bias,0.0245858383237118,0.024585838323711823,2.42861286636753e-17
summary,iso16,dual,lnMstar,median_bias,0.0183866875176614,0.018386687517661482,8.326672684688674e-17
summary,iso16,dual,lnMstar,rmse,0.1368750565669716,0.1368750565669716,0.0
summary,iso16,dual,lnMstar,mae,0.0912065371710575,0.09120653717105753,2.7755575615628914e-17
summary,iso16,dual,lnMstar,q05,2.708651635851157,2.708651635851157,0.0
summary,iso16,dual,lnMstar,q95,3.169008687172844,3.1690086871728442,4.440892098500626e-16
summary,iso4,primal,alpha,bias,1.9763595752043116e-05,1.9763613636786024e-05,1.788474290811016e-11
summary,iso4,primal,alpha,median_bias,0.0013017870789493,0.0013017846934370303,-2.385512269708137e-09
summary,iso4,primal,alpha,rmse,0.0197031989410796,0.019703198744446856,-1.9663274480885562e-10
summary,iso4,primal,alpha,mae,0.0127656031240938,0.012765603013124682,-1.1096911757546568e-10
summary,iso4,primal,alpha,q05,0.3136512247038654,0.31365122032768816,-4.376177253906377e-09
summary,iso4,primal,alpha,q95,0.3796481627486719,0.37964816274867197,5.551115123125783e-17
summary,iso4,primal,alpha,wald_cover,0.938,0.938,0.0
summary,iso4,primal,alpha,corner_share,0.0,0.0,0.0
summary,iso4,primal,beta,bias,-0.0004808332025338,-0.00048083323197837147,-2.944457145551832e-11
summary,iso4,primal,beta,median_bias,-0.0002897139154414,-0.0002897088088363864,5.1066050136324564e-09
summary,iso4,primal,beta,rmse,0.0199000682293567,0.019900068260245044,3.0888343965918e-11
summary,iso4,primal,beta,mae,0.0130954304801573,0.013095419896990562,-1.0583166737063165e-08
summary,iso4,primal,beta,q05,0.3338312482493587,0.3338312482493587,0.0
summary,iso4,primal,beta,q95,0.3984722511532679,0.39847225115326795,5.551115123125783e-17
summary,iso4,primal,beta,wald_cover,0.96,0.96,0.0
summary,iso4,primal,beta,corner_share,0.0,0.0,0.0
summary,iso4,primal,a,bias,-0.0003191575451366,-0.00031915758849747735,-4.336087733444391e-11
summary,iso4,primal,a,median_bias,-0.0005837096131479,-0.0005837076993280288,1.9138198712430332e-09
summary,iso4,primal,a,rmse,0.0148602688033888,0.014860268782223882,-2.1164917041183173e-11
summary,iso4,primal,a,mae,0.0096530620916814,0.009653062091681486,8.500145032286355e-17
summary,iso4,primal,a,q05,0.4891262356342356,0.48912623557562385,-5.861172658327973e-11
summary,iso4,primal,a,q95,0.5384941996143531,0.5384941996143531,0.0
summary,iso4,primal,a,wald_cover,0.964,0.964,0.0
summary,iso4,primal,a,corner_share,0.0,0.0,0.0
summary,iso4,primal,gamma,bias,-0.0002657418870556,-0.00026574188898748,-1.931880003191999e-12
summary,iso4,primal,gamma,median_bias,-0.0005356286520697,-0.0005356286520697279,-2.7863995832877464e-17
summary,iso4,primal,gamma,rmse,0.0083991899193542,0.008399189866931457,-5.242274322969642e-11
summary,iso4,primal,gamma,mae,0.005655294460606,0.005655294155875984,-3.047300163941391e-10
summary,iso4,primal,gamma,q05,0.1643814878932198,0.16438148789321985,5.551115123125783e-17
summary,iso4,primal,gamma,q95,0.1922839457740065,0.19228394667191867,8.979121612906482e-10
summary,iso4,primal,gamma,wald_cover,0.94,0.94,0.0
summary,iso4,primal,gamma,corner_share,0.0,0.0,0.0
summary,iso4,primal,sigma_star,bias,0.000237612953744,0.0002376129555872628,1.843262792834005e-12
summary,iso4,primal,sigma_star,median_bias,0.0003171181892193,0.0003171181892193675,6.754579534584693e-17
summary,iso4,primal,sigma_star,rmse,0.0091028437622097,0.0091028437085312,-5.367849914561518e-11
summary,iso4,primal,sigma_star,mae,0.0060281434366578,0.006028143436657862,6.245004513516506e-17
summary,iso4,primal,sigma_star,q05,0.7218384918585984,0.7218384918585984,0.0
summary,iso4,primal,sigma_star,q95,0.7524011736241487,0.7524011745995917,9.754429486363847e-10
summary,iso4,primal,sigma_star,wald_cover,0.938,0.938,0.0
summary,iso4,primal,sigma_star,corner_share,0.0,0.0,0.0
summary,iso4,primal,lnMstar,bias,0.0039036039450835,0.003903604812268128,8.671846279256767e-10
summary,iso4,primal,lnMstar,median_bias,0.0122256376126732,0.012225637612673257,5.724587470723463e-17
summary,iso4,primal,lnMstar,rmse,0.309261592779683,0.30926159241562856,-3.6405445325016217e-10
summary,iso4,primal,lnMstar,mae,0.202352452173425,0.202352452173425,0.0
summary,iso4,primal,lnMstar,q05,2.3477862056026444,2.3477862056026444,0.0
summary,iso4,primal,lnMstar,q95,3.371755760455733,3.371755760455733,0.0
summary,iso4,primal,lnMstar,wald_cover,0.958,0.958,0.0
summary,iso4,primal,lnMstar,corner_share,0.0,0.0,0.0
summary,iso4,dual,alpha,bias,0.0023820325233567,0.00238203283056973,3.072130297550324e-10
summary,iso4,dual,alpha,median_bias,0.0005656300662365,0.0005656303112535066,2.4501700657524744e-10
summary,iso4,dual,alpha,rmse,0.0326098340534651,0.032609834102512836,4.904773809322194e-11
summary,iso4,dual,alpha,mae,0.0218279528598875,0.02182795265402218,-2.05865317848275e-10
summary,iso4,dual,alpha,q05,0.2968927137041278,0.2968927149849719,1.280844097450995e-09
summary,iso4,dual,alpha,q95,0.4049791026029689,0.40497909772083956,-4.8821293119338804e-09
summary,iso4,dual,beta,bias,0.0016880204129708,0.0016880207338233202,3.2085252011683496e-10
summary,iso4,dual,beta,median_bias,0.0002779649963669,0.0002779636705759758,-1.3257909242019375e-09
summary,iso4,dual,beta,rmse,0.033279576145445,0.033279576210004984,6.455998236010174e-11
summary,iso4,dual,beta,mae,0.0222035808599371,0.022203579736627205,-1.123309896489122e-09
summary,iso4,dual,beta,q05,0.3189762060486548,0.31897620650480885,4.561540589698154e-10
summary,iso4,dual,beta,q95,0.4223322230132302,0.4223322224221805,-5.910497091754507e-10
summary,iso4,dual,a,bias,-0.0005256076208208,-0.000525607620820859,-5.898059818321144e-17
summary,iso4,dual,a,median_bias,-0.0006671634272951,-0.0006671634272951699,-6.982261990806649e-17
summary,iso4,dual,a,rmse,0.01785625029352,0.01785625029352004,3.8163916471489756e-17
summary,iso4,dual,a,mae,0.0098149013735371,0.009814901373537133,3.2959746043559335e-17
summary,iso4,dual,a,q05,0.4856843520065657,0.4856843520065657,0.0
summary,iso4,dual,a,q95,0.5356225007744747,0.5356225007744747,0.0
summary,iso4,dual,gamma,bias,0.0007937860997597,0.0007937862566101372,1.5685043726083175e-10
summary,iso4,dual,gamma,median_bias,-7.909812108053416e-05,-7.909831483476903e-05,-1.9375423487844046e-10
summary,iso4,dual,gamma,rmse,0.0150652023904799,0.015065202419342337,2.8862436746157627e-11
summary,iso4,dual,gamma,mae,0.0100142641440912,0.010014263814177929,-3.299132703138419e-10
summary,iso4,dual,gamma,q05,0.1540520135838682,0.15405201479248468,1.2086164846714098e-09
summary,iso4,dual,gamma,q95,0.2036961545215269,0.20369615466772487,1.4619797039649995e-10
summary,iso4,dual,sigma_star,bias,-0.0007414732313939,-0.0007414734010366207,-1.6964272066093133e-10
summary,iso4,dual,sigma_star,median_bias,-0.0003307625828313,-0.0003307601426457696,2.44018553041854e-09
summary,iso4,dual,sigma_star,rmse,0.0163476746712166,0.01634767468084288,9.626282410080123e-12
summary,iso4,dual,sigma_star,mae,0.0109063042777051,0.010906304275399792,-2.3053087216950985e-12
summary,iso4,dual,sigma_star,q05,0.7100461452304367,0.7100461450826037,-1.4783307911159227e-10
summary,iso4,dual,sigma_star,q95,0.7644406186044076,0.764440617009449,-1.5949586096297708e-09
summary,iso4,dual,lnMstar,bias,0.0175691468306216,0.017569146830621687,8.673617379884035e-17
summary,iso4,dual,lnMstar,median_bias,0.0172322971886589,0.01723229718865893,2.7755575615628914e-17
summary,iso4,dual,lnMstar,rmse,0.3613993780270289,0.3613993780270289,0.0
summary,iso4,dual,lnMstar,mae,0.1982495623750746,0.19824956237507463,2.7755575615628914e-17
summary,iso4,dual,lnMstar,q05,2.4139500787822095,2.4139500787822095,0.0
summary,iso4,dual,lnMstar,q95,3.451202971515989,3.451202971515989,0.0
summary,fact,primal,alpha,bias,0.0010908337559259,0.0010908338261629812,7.023708112514904e-11
summary,fact,primal,alpha,median_bias,0.0009953154162279,0.0009953142208463384,-1.195381561748185e-09
summary,fact,primal,alpha,rmse,0.0127501060332287,0.012750106132285121,9.90564210517908e-11
summary,fact,primal,alpha,mae,0.0083797198844468,0.008379719884446857,5.724587470723463e-17
summary,fact,primal,alpha,q05,0.328261773038957,0.32826177303895704,5.551115123125783e-17
summary,fact,primal,alpha,q95,0.370273518951452,0.37027351845516443,-4.962875665981414e-10
summary,fact,primal,alpha,wald_cover,0.946,0.946,0.0
summary,fact,primal,alpha,boot_cover,0.94,0.94,0.0
summary,fact,primal,alpha,corner_share,0.0,0.0,0.0
summary,fact,primal,beta,bias,-0.0001206657228597,-0.00012066577635388875,-5.34941887471831e-11
summary,fact,primal,beta,median_bias,3.941876937785249e-05,3.941876937785249e-05,0.0
summary,fact,primal,beta,rmse,0.0124485711332099,0.01244857108912689,-4.408300981195712e-11
summary,fact,primal,beta,mae,0.0088049392316594,0.008804939231659453,5.377642775528102e-17
summary,fact,primal,beta,q05,0.3455684248780118,0.3455684277955484,2.917536601199089e-09
summary,fact,primal,beta,q95,0.3840636856409202,0.3840636910722705,5.431350313944705e-09
summary,fact,primal,beta,wald_cover,0.954,0.954,0.0
summary,fact,primal,beta,boot_cover,0.96,0.96,0.0
summary,fact,primal,beta,corner_share,0.0,0.0,0.0
summary,fact,primal,a,bias,-0.0008514289851502,-0.0008514290686025621,-8.345236209971602e-11
summary,fact,primal,a,median_bias,-0.0011806487512195,-0.001180648751219593,-9.280770596475918e-17
summary,fact,primal,a,rmse,0.0121267793239699,0.012126779289525255,-3.444464505286682e-11
summary,fact,primal,a,mae,0.0075943396731361,0.007594339673136108,7.806255641895632e-18
summary,fact,primal,a,q05,0.4925542389027317,0.49255423911342566,2.1069396227701986e-10
summary,fact,primal,a,q95,0.5321227782916141,0.5321227782635967,-2.8017477227137988e-11
summary,fact,primal,a,wald_cover,0.954,0.954,0.0
summary,fact,primal,a,boot_cover,0.94,0.94,0.0
summary,fact,primal,a,corner_share,0.0,0.0,0.0
summary,fact,primal,gamma,bias,0.0001531431556346,0.00015314316192201866,6.287418665134464e-12
summary,fact,primal,gamma,median_bias,0.0003293996094737,0.0003293999285084309,3.1903473092509405e-10
summary,fact,primal,gamma,rmse,0.0046041255578784,0.004604125587763952,2.9885551498798346e-11
summary,fact,primal,gamma,mae,0.0029987733919721,0.002998773391972173,7.32920668600201e-17
summary,fact,primal,gamma,q05,0.1706170092703109,0.17061700927031095,5.551115123125783e-17
summary,fact,primal,gamma,q95,0.1859582499106894,0.18595824991068946,5.551115123125783e-17
summary,fact,primal,gamma,wald_cover,0.952,0.952,0.0
summary,fact,primal,gamma,boot_cover,0.96,0.96,0.0
summary,fact,primal,gamma,corner_share,0.0,0.0,0.0
summary,fact,primal,sigma_star,bias,-0.0002298507504234,-0.00022985075453516845,-4.111768461519463e-12
summary,fact,primal,sigma_star,median_bias,-0.0005323704210125,-0.000532371159884637,-7.388721369764803e-10
summary,fact,primal,sigma_star,rmse,0.0049782425213328,0.004978242553215787,3.188298756950925e-11
summary,fact,primal,sigma_star,mae,0.0032053359354695,0.0032053357415905426,-1.9387895759323537e-10
summary,fact,primal,sigma_star,q05,0.7288841436670639,0.7288841436670639,0.0
summary,fact,primal,sigma_star,q95,0.7451693931080556,0.7451693944509639,1.3429082290628003e-09
summary,fact,primal,sigma_star,wald_cover,0.946,0.946,0.0
summary,fact,primal,sigma_star,boot_cover,0.9666666666666668,0.9666666666666667,-1.1102230246251565e-16
summary,fact,primal,sigma_star,corner_share,0.0,0.0,0.0
summary,fact,primal,lnMstar,bias,0.0214592266421241,0.021459228757191612,2.115067513491775e-09
summary,fact,primal,lnMstar,median_bias,0.0217808680504751,0.02178086805047519,8.673617379884035e-17
summary,fact,primal,lnMstar,rmse,0.2766221875500965,0.2766221863831657,-1.1669307742323554e-09
summary,fact,primal,lnMstar,mae,0.1768807625202371,0.1768807625202371,0.0
summary,fact,primal,lnMstar,q05,2.427368562279605,2.427368606120798,4.384119289824184e-08
summary,fact,primal,lnMstar,q95,3.360771158092736,3.360771159308557,1.2158212214785635e-09
summary,fact,primal,lnMstar,wald_cover,0.964,0.964,0.0
summary,fact,primal,lnMstar,boot_cover,0.9466666666666668,0.9466666666666667,-1.1102230246251565e-16
summary,fact,primal,lnMstar,corner_share,0.0,0.0,0.0
summary,opt_s0,primal,alpha,bias,0.8470527745711163,0.45158859180057187,-0.3954641827705444
summary,opt_s0,primal,alpha,median_bias,0.0228421185759474,0.009546116061834337,-0.013296002514113062
summary,opt_s0,primal,alpha,rmse,1.595915620738317,1.1291389133369842,-0.4667767074013327
summary,opt_s0,primal,alpha,mae,0.1419170080261053,0.028714562876860694,-0.1132024451492446
summary,opt_s0,primal,alpha,q05,0.0542356630461405,0.21026204772441717,0.15602638467827668
summary,opt_s0,primal,alpha,q95,3.525318744627569,3.5252799945488977,-3.8750078671156984e-05
summary,opt_s0,primal,alpha,wald_cover,1.0,1.0,0.0
summary,opt_s0,primal,alpha,corner_share,0.51,0.868,0.358
summary,opt_s0,primal,beta,bias,0.7782667867149917,1.1428601076113531,0.36459332089636143
summary,opt_s0,primal,beta,median_bias,0.0332528989483928,0.7628246826993968,0.7295717837510041
summary,opt_s0,primal,beta,rmse,1.4687493324739402,1.6089856377079528,0.14023630523401254
summary,opt_s0,primal,beta,mae,0.1362780312575351,0.7628246826993968,0.6265466514418617
summary,opt_s0,primal,beta,q05,0.0511300435541948,0.3314829866960417,0.2803529431418469
summary,opt_s0,primal,beta,q95,3.4159977064314013,3.415835579136865,-0.00016212729453624064
summary,opt_s0,primal,beta,wald_cover,1.0,1.0,0.0
summary,opt_s0,primal,beta,corner_share,0.51,0.868,0.358
summary,opt_s0,primal,a,bias,-0.0072209459187088,0.14021549157549787,0.14743643749420668
summary,opt_s0,primal,a,median_bias,0.0226016376956491,0.2578946215913976,0.2352929838957485
summary,opt_s0,primal,a,rmse,0.358363546381854,0.33072516238207533,-0.027638383999778693
summary,opt_s0,primal,a,mae,0.3925939132096278,0.36259921085884433,-0.029994702350783442
summary,opt_s0,primal,a,q05,0.0706562498242548,0.09053128095943457,0.01987503113517977
summary,opt_s0,primal,a,q95,0.9283603485291884,0.9182824281993146,-0.010077920329873757
summary,opt_s0,primal,a,wald_cover,0.2678571428571428,0.43478260869565216,0.16692546583850937
summary,opt_s0,primal,a,corner_share,0.51,0.868,0.358
summary,opt_s0,primal,gamma,bias,0.0586780182680507,0.09264574272779526,0.03396772445974456
summary,opt_s0,primal,gamma,median_bias,0.0988228996931278,0.103388534502725,0.004565634809597208
summary,opt_s0,primal,gamma,rmse,0.1170001086021592,0.11268718623783873,-0.004312922364320473
summary,opt_s0,primal,gamma,mae,0.1252642413587172,0.10966543603876405,-0.01559880531995314
summary,opt_s0,primal,gamma,q05,0.0344856741517153,0.09252413985828808,0.058038465706572784
summary,opt_s0,primal,gamma,q95,0.3418965944975441,0.33827436594123317,-0.003622228556310947
summary,opt_s0,primal,gamma,wald_cover,1.0,1.0,0.0
summary,opt_s0,primal,gamma,corner_share,0.51,0.868,0.358
summary,opt_s0,primal,sigma_star,bias,-0.2202367454912464,-0.2400060233708743,-0.0197692778796279
summary,opt_s0,primal,sigma_star,median_bias,-0.2972130397161775,-0.26650471351990823,0.030708326196269287
summary,opt_s0,primal,sigma_star,rmse,0.2818862432792252,0.2717343902300434,-0.010151853049181758
summary,opt_s0,primal,sigma_star,mae,0.2972130397161775,0.26650471351990823,-0.030708326196269287
summary,opt_s0,primal,sigma_star,q05,0.3377118665898934,0.33901134875975153,0.001299482169858146
summary,opt_s0,primal,sigma_star,q95,0.7869952876837506,0.6927506085687742,-0.09424467911497636
summary,opt_s0,primal,sigma_star,wald_cover,1.0,1.0,0.0
summary,opt_s0,primal,sigma_star,corner_share,0.51,0.868,0.358
summary,opt_s0,primal,lnMstar,bias,-2.8043443999263515,-11.766175356375404,-8.961830956449052
summary,opt_s0,primal,lnMstar,median_bias,-1.8518540664426373,-18.39687236742688,-16.545018300984243
summary,opt_s0,primal,lnMstar,rmse,23.995371033653125,27.726354893903498,3.7309838602503724
summary,opt_s0,primal,lnMstar,mae,10.876213313096972,21.706206439110048,10.829993126013076
summary,opt_s0,primal,lnMstar,q05,-42.51234340001432,-38.960769637543365,3.5515737624709587
summary,opt_s0,primal,lnMstar,q95,34.846681854237595,34.624094728595814,-0.2225871256417804
summary,opt_s0,primal,lnMstar,wald_cover,0.25,0.4782608695652174,0.2282608695652174
summary,opt_s0,primal,lnMstar,corner_share,0.51,0.868,0.358
summary,opt_s0,dual,alpha,bias,0.0007570259806854,0.0007570259631213594,-1.756404060821587e-11
summary,opt_s0,dual,alpha,median_bias,0.0006613537907049,0.0006613532101863995,-5.805185005662919e-10
summary,opt_s0,dual,alpha,rmse,0.0208971447361322,0.020897144852373692,1.1624149212630108e-10
summary,opt_s0,dual,alpha,mae,0.0151304412861034,0.015130442023112478,7.370090787661709e-10
summary,opt_s0,dual,alpha,q05,0.314750572457292,0.31475057634499876,3.887706767624621e-09
summary,opt_s0,dual,alpha,q95,0.3836758942714884,0.3836758942628565,-8.631928505309361e-12
summary,opt_s0,dual,beta,bias,0.0007962050136139,0.0007962049951408376,-1.847306238100116e-11
summary,opt_s0,dual,beta,median_bias,0.0006955814164464,0.0006955808058837498,-6.105626501346634e-10
summary,opt_s0,dual,beta,rmse,0.0219786530893536,0.021978653211611028,1.2225742640481485e-10
summary,opt_s0,dual,beta,mae,0.0159135003520887,0.015913501127240853,7.751521542698203e-10
summary,opt_s0,dual,beta,q05,0.3310401362992455,0.3310401403881562,4.088910710020599e-09
summary,opt_s0,dual,beta,q95,0.4035326110537973,0.40353261104471855,-9.078737761569755e-12
summary,opt_s0,dual,a,bias,3.3306690738754696e-16,3.3306690738754696e-16,0.0
summary,opt_s0,dual,a,median_bias,3.3306690738754696e-16,3.3306690738754696e-16,0.0
summary,opt_s0,dual,a,rmse,3.3306690738754696e-16,3.3306690738754696e-16,0.0
summary,opt_s0,dual,a,mae,3.3306690738754696e-16,3.3306690738754696e-16,0.0
summary,opt_s0,dual,a,q05,0.5126121076233188,0.5126121076233188,0.0
summary,opt_s0,dual,a,q95,0.5126121076233188,0.5126121076233188,0.0
summary,opt_s0,dual,gamma,bias,0.0003880606834849,0.0003880606744813205,-9.003579511720344e-12
summary,opt_s0,dual,gamma,median_bias,0.000339017960538,0.00033901766295720004,-2.975807999539351e-10
summary,opt_s0,dual,gamma,rmse,0.0107121294064983,0.010712129466085069,5.958676954631592e-11
summary,opt_s0,dual,gamma,mae,0.0077560473969402,0.00775604777474001,3.777998105330971e-10
summary,opt_s0,dual,gamma,q05,0.1613449543229785,0.16134495631586412,1.992885634294339e-09
summary,opt_s0,dual,gamma,q95,0.1966769088067693,0.19667690880234445,-4.424849375794793e-12
summary,opt_s0,dual,sigma_star,bias,-0.0002383445561374,-0.00023834454421202422,1.1925375780191122e-11
summary,opt_s0,dual,sigma_star,median_bias,-0.0003683664596454,-0.00036836613647572847,3.2316967152465e-10
summary,opt_s0,dual,sigma_star,rmse,0.0116189126181683,0.011618912688811796,7.064349626106914e-11
summary,opt_s0,dual,sigma_star,mae,0.0084537078697206,0.008453707120293918,-7.494266821700402e-10
summary,opt_s0,dual,sigma_star,q05,0.7175638264186245,0.717563826423189,4.564570943443869e-12
summary,opt_s0,dual,sigma_star,q95,0.7559176966325909,0.7559176943536925,-2.278898403318408e-09
summary,opt_s0,dual,lnMstar,bias,-1.1102230246251564e-14,-1.1102230246251565e-14,-1.5777218104420236e-30
summary,opt_s0,dual,lnMstar,median_bias,-1.1102230246251564e-14,-1.1102230246251565e-14,-1.5777218104420236e-30
summary,opt_s0,dual,lnMstar,rmse,1.1102230246251564e-14,1.1102230246251565e-14,1.5777218104420236e-30
summary,opt_s0,dual,lnMstar,mae,1.1102230246251564e-14,1.1102230246251565e-14,1.5777218104420236e-30
summary,opt_s0,dual,lnMstar,q05,2.8979598554678745,2.8979598554678745,0.0
summary,opt_s0,dual,lnMstar,q95,2.8979598554678745,2.8979598554678745,0.0
summary,opt_s0.05,primal,alpha,bias,0.0121591679163017,0.01013765863764943,-0.002021509278652269
summary,opt_s0.05,primal,alpha,median_bias,-0.0160114445775652,-0.009994463810008486,0.006016980767556714
summary,opt_s0.05,primal,alpha,rmse,0.3132242536025945,0.30225891080242084,-0.010965342800173639
summary,opt_s0.05,primal,alpha,mae,0.1347391818919687,0.14322046528367177,0.008481283391703065
summary,opt_s0.05,primal,alpha,q05,0.0510444862041442,0.053290739200058064,0.0022462529959138625
summary,opt_s0.05,primal,alpha,q95,0.750587094537141,0.6497526615107517,-0.10083443302638928
summary,opt_s0.05,primal,alpha,wald_cover,0.974477958236659,0.9629629629629629,-0.011514995273696038
summary,opt_s0.05,primal,alpha,corner_share,0.006,0.132,0.126
summary,opt_s0.05,primal,beta,bias,0.0882175660742756,0.17531056133054798,0.08709299525627238
summary,opt_s0.05,primal,beta,median_bias,0.0303039792443743,0.03693840207925819,0.006634422834883892
summary,opt_s0.05,primal,beta,rmse,0.3828893280980237,0.5592361386386633,0.1763468105406396
summary,opt_s0.05,primal,beta,mae,0.1417556786390301,0.13951299098484632,-0.0022426876541837837
summary,opt_s0.05,primal,beta,q05,0.0608836432770224,0.09469385529788721,0.03381021202086481
summary,opt_s0.05,primal,beta,q95,0.9021761517660258,1.133650141021824,0.2314739892557982
summary,opt_s0.05,primal,beta,wald_cover,0.9837587006960556,0.9867724867724867,0.003013786076431102
summary,opt_s0.05,primal,beta,corner_share,0.006,0.132,0.126
summary,opt_s0.05,primal,a,bias,0.0338380686335551,0.05619510005224366,0.022357031418688555
summary,opt_s0.05,primal,a,median_bias,0.0331141545751739,0.04490602896559037,0.01179187439041647
summary,opt_s0.05,primal,a,rmse,0.2634951748709829,0.2593051718582391,-0.004190003012743804
summary,opt_s0.05,primal,a,mae,0.2296001896599885,0.2226208512069588,-0.006979338453029699
summary,opt_s0.05,primal,a,q05,0.0828567236267969,0.10836010244972002,0.025503378822923126
summary,opt_s0.05,primal,a,q95,0.927212553457908,0.9273179310957529,0.00010537763784490561
summary,opt_s0.05,primal,a,wald_cover,0.8538283062645011,0.8544973544973545,0.0006690482328534086
summary,opt_s0.05,primal,a,corner_share,0.006,0.132,0.126
summary,opt_s0.05,primal,gamma,bias,-0.0374901721065272,-0.025198228742017187,0.012291943364510012
summary,opt_s0.05,primal,gamma,median_bias,-0.0206939364526619,-0.014851745876043931,0.005842190576617969
summary,opt_s0.05,primal,gamma,rmse,0.0664902826165799,0.06749964759946396,0.0010093649828840645
summary,opt_s0.05,primal,gamma,mae,0.0276261406724535,0.03699388474485585,0.009367744072402349
summary,opt_s0.05,primal,gamma,q05,0.0389495555112368,0.040791392421624724,0.0018418369103879242
summary,opt_s0.05,primal,gamma,q95,0.1997373833153184,0.24927636464960204,0.04953898133428364
summary,opt_s0.05,primal,gamma,wald_cover,1.0,1.0,0.0
summary,opt_s0.05,primal,gamma,corner_share,0.006,0.132,0.126
summary,opt_s0.05,primal,sigma_star,bias,-0.0174203661005987,-0.03195777427562798,-0.014537408175029281
summary,opt_s0.05,primal,sigma_star,median_bias,-0.0047006381169625,-0.009831318652139154,-0.005130680535176654
summary,opt_s0.05,primal,sigma_star,rmse,0.0669533241724746,0.08865316595837491,0.021699841785900315
summary,opt_s0.05,primal,sigma_star,mae,0.0205052817222866,0.025454653579084552,0.004949371856797953
summary,opt_s0.05,primal,sigma_star,q05,0.6289833867980896,0.5680646484271458,-0.06091873837094386
summary,opt_s0.05,primal,sigma_star,q95,0.7857922386745375,0.7804035347664485,-0.005388703908088988
summary,opt_s0.05,primal,sigma_star,wald_cover,1.0,1.0,0.0
summary,opt_s0.05,primal,sigma_star,corner_share,0.006,0.132,0.126
summary,opt_s0.05,primal,lnMstar,bias,-0.754655376324226,-0.20102725755684908,0.5536281187673768
summary,opt_s0.05,primal,lnMstar,median_bias,-1.1720467354903252,-1.3800805250242312,-0.20803378953390594
summary,opt_s0.05,primal,lnMstar,rmse,5.873860985694982,10.227628911391019,4.353767925696037
summary,opt_s0.05,primal,lnMstar,mae,4.299617285789901,5.257432156841922,0.9578148710520216
summary,opt_s0.05,primal,lnMstar,q05,-5.544551573314553,-7.092629772860269,-1.5480781995457153
summary,opt_s0.05,primal,lnMstar,q95,11.049147953980953,24.742198392746527,13.693050438765574
summary,opt_s0.05,primal,lnMstar,wald_cover,0.8074245939675174,0.8015873015873016,-0.005837292380215797
summary,opt_s0.05,primal,lnMstar,corner_share,0.006,0.132,0.126
summary,opt_s0.05,dual,alpha,bias,-0.0005061411714679,-0.0005061411094126499,6.205525004444878e-11
summary,opt_s0.05,dual,alpha,median_bias,0.0002584807834633,0.000258479779931986,-1.0035313139831158e-09
summary,opt_s0.05,dual,alpha,rmse,0.0213837408286268,0.02138374111394256,2.8531576060086827e-10
summary,opt_s0.05,dual,alpha,mae,0.0146802324921762,0.014680233697520029,1.205343828220018e-09
summary,opt_s0.05,dual,alpha,q05,0.3120502368659658,0.31205023772791557,8.619497893214145e-10
summary,opt_s0.05,dual,alpha,q95,0.381812875052902,0.381812873917027,-1.135875005164877e-09
summary,opt_s0.05,dual,beta,bias,-0.0005896767429401,-0.0005896766779652402,6.497485980239831e-11
summary,opt_s0.05,dual,beta,median_bias,0.0004548788357683,0.00045487881085087833,-2.491742164163757e-11
summary,opt_s0.05,dual,beta,rmse,0.0225836590068374,0.02258365930375474,2.9691733793857367e-10
summary,opt_s0.05,dual,beta,mae,0.0156439560862912,0.015643957786393353,1.700102152807359e-09
summary,opt_s0.05,dual,beta,q05,0.3276482605906786,0.32764826031685285,-2.73825739860456e-10
summary,opt_s0.05,dual,beta,q95,0.4029183846198406,0.40291838339957825,-1.220262335621669e-09
summary,opt_s0.05,dual,a,bias,-4.337046312875748e-05,-4.337046312875748e-05,0.0
summary,opt_s0.05,dual,a,median_bias,-1.9093415079884934e-05,-1.9093415079884934e-05,0.0
summary,opt_s0.05,dual,a,rmse,0.0013284730772116,0.0013284730772116584,5.854691731421724e-17
summary,opt_s0.05,dual,a,mae,0.0009072006332344,0.0009072006332344063,6.288372600415926e-18
summary,opt_s0.05,dual,a,q05,0.5104000074321308,0.5104000074321308,0.0
summary,opt_s0.05,dual,a,q95,0.5148342831029278,0.5148342831029278,0.0
summary,opt_s0.05,dual,gamma,bias,-0.0002743345008545,-0.00027433446911443094,3.174006906912427e-11
summary,opt_s0.05,dual,gamma,median_bias,0.0001329756032837,0.00013297609070934968,4.874256496741145e-10
summary,opt_s0.05,dual,gamma,rmse,0.0109733861081227,0.010973386253730897,1.4560819737441388e-10
summary,opt_s0.05,dual,gamma,mae,0.0075630065806501,0.007563003808437857,-2.7722122427492613e-09
summary,opt_s0.05,dual,gamma,q05,0.1598960037156285,0.15989600281888883,-8.967396825099172e-10
summary,opt_s0.05,dual,gamma,q95,0.1965085169014865,0.19650851690924867,7.762179787818013e-12
summary,opt_s0.05,dual,sigma_star,bias,0.0004912336745806,0.0004912336452126662,-2.936793386601466e-11
summary,opt_s0.05,dual,sigma_star,median_bias,-0.0001428687657662,-0.0001428692953687749,-5.296025749022826e-10
summary,opt_s0.05,dual,sigma_star,rmse,0.0119641103929823,0.011964110551678614,1.5869631476983503e-10
summary,opt_s0.05,dual,sigma_star,mae,0.0081973184579726,0.008197316687296508,-1.7706760918612119e-09
summary,opt_s0.05,dual,sigma_star,q05,0.7177240100287626,0.71772401002076,-8.002598583800591e-12
summary,opt_s0.05,dual,sigma_star,q95,0.7575678607113158,0.757567861741263,1.02994723860661e-09
summary,opt_s0.05,dual,lnMstar,bias,0.0011743312658222,0.0011743312658222854,8.543513119185775e-17
summary,opt_s0.05,dual,lnMstar,median_bias,0.0008995842010679,0.0008995842010679489,4.889751797909625e-17
summary,opt_s0.05,dual,lnMstar,rmse,0.0245765900173297,0.024576590017329706,6.938893903907228e-18
summary,opt_s0.05,dual,lnMstar,mae,0.0163978013477428,0.016397801347742824,2.42861286636753e-17
summary,opt_s0.05,dual,lnMstar,q05,2.860546828991469,2.860546828991469,0.0
summary,opt_s0.05,dual,lnMstar,q95,2.937377324962172,2.937377324962172,0.0
summary,opt_s0.1,primal,alpha,bias,-0.0017250951524918,-0.001486045183278564,0.000239049969213236
summary,opt_s0.1,primal,alpha,median_bias,-0.0076914993391978,-0.008724400844112828,-0.0010329015049150283
summary,opt_s0.1,primal,alpha,rmse,0.1673115237261733,0.16833089041374125,0.0010193666875679408
summary,opt_s0.1,primal,alpha,mae,0.1227547018200081,0.1227546622383935,-3.9581614597050674e-08
summary,opt_s0.1,primal,alpha,q05,0.0826942919345795,0.08269429193457951,1.3877787807814457e-17
summary,opt_s0.1,primal,alpha,q95,0.6337538170895782,0.6353791638625569,0.001625346772978653
summary,opt_s0.1,primal,alpha,wald_cover,0.9291845493562232,0.9290322580645162,-0.0001522912917070185
summary,opt_s0.1,primal,alpha,corner_share,0.0,0.002,0.002
summary,opt_s0.1,primal,beta,bias,0.0275153585150271,0.02821307156789827,0.0006977130528711684
summary,opt_s0.1,primal,beta,median_bias,0.0113516967489138,0.012427951373398083,0.0010762546244842824
summary,opt_s0.1,primal,beta,rmse,0.1891241356914012,0.1887682740106624,-0.0003558616807388115
summary,opt_s0.1,primal,beta,mae,0.13214319085689,0.13182611268361732,-0.0003170781732726724
summary,opt_s0.1,primal,beta,q05,0.1034011602732923,0.10340161419490763,4.5392161533708286e-07
summary,opt_s0.1,primal,beta,q95,0.7124936379335373,0.7124936379335373,0.0
summary,opt_s0.1,primal,beta,wald_cover,0.9527896995708156,0.9526881720430107,-0.00010152752780490104
summary,opt_s0.1,primal,beta,corner_share,0.0,0.002,0.002
summary,opt_s0.1,primal,a,bias,0.0135794279391352,0.014172862913372485,0.0005934349742372849
summary,opt_s0.1,primal,a,median_bias,0.009725829418867,0.011121697532722963,0.0013958681138559626
summary,opt_s0.1,primal,a,rmse,0.2257106957079854,0.22538766288239062,-0.00032303282559478785
summary,opt_s0.1,primal,a,mae,0.1805000469837292,0.18050004698372926,5.551115123125783e-17
summary,opt_s0.1,primal,a,q05,0.1555508204186047,0.15555102342458774,2.0300598302380735e-07
summary,opt_s0.1,primal,a,q95,0.8963214028283598,0.8963214028283598,0.0
summary,opt_s0.1,primal,a,wald_cover,0.8776824034334764,0.8774193548387097,-0.0002630485947666683
summary,opt_s0.1,primal,a,corner_share,0.0,0.002,0.002
summary,opt_s0.1,primal,gamma,bias,-0.0321397229053469,-0.03184425995176782,0.0002954629535790801
summary,opt_s0.1,primal,gamma,median_bias,-0.0194338193943502,-0.019325501283676688,0.00010831811067351163
summary,opt_s0.1,primal,gamma,rmse,0.0513279321816602,0.0512850646122842,-4.2867569375999726e-05
summary,opt_s0.1,primal,gamma,mae,0.0210549921876606,0.02105499218766066,5.898059818321144e-17
summary,opt_s0.1,primal,gamma,q05,0.0533691898786321,0.05336918987863212,2.0816681711721685e-17
summary,opt_s0.1,primal,gamma,q95,0.1901390821135143,0.1903539624593599,0.00021488034584560278
summary,opt_s0.1,primal,gamma,wald_cover,0.9957081545064378,0.9956989247311828,-9.229775254970818e-06
summary,opt_s0.1,primal,gamma,corner_share,0.0,0.002,0.002
summary,opt_s0.1,primal,sigma_star,bias,-0.0061379467202885,-0.006354514112366411,-0.0002165673920779109
summary,opt_s0.1,primal,sigma_star,median_bias,-0.0033167068302931,-0.0034808432750292884,-0.00016413644473618847
summary,opt_s0.1,primal,sigma_star,rmse,0.0246247763363455,0.025102402907813078,0.0004776265714675765
summary,opt_s0.1,primal,sigma_star,mae,0.0121016000569851,0.012188220128905192,8.66200719200922e-05
summary,opt_s0.1,primal,sigma_star,q05,0.6875653203893419,0.6870026558655566,-0.0005626645237852834
summary,opt_s0.1,primal,sigma_star,q95,0.7655963815864797,0.7655963815864797,0.0
summary,opt_s0.1,primal,sigma_star,wald_cover,0.9892703862660944,0.989247311827957,-2.3074438137427045e-05
summary,opt_s0.1,primal,sigma_star,corner_share,0.0,0.002,0.002
summary,opt_s0.1,primal,lnMstar,bias,-0.2715680697872183,-0.24934177410414599,0.022226295683072328
summary,opt_s0.1,primal,lnMstar,median_bias,-0.4196882739211902,-0.43248482941255695,-0.012796555491366768
summary,opt_s0.1,primal,lnMstar,rmse,4.490758329288034,4.5801262584441504,0.08936792915611669
summary,opt_s0.1,primal,lnMstar,mae,3.583359226602223,3.583360229359375,1.0027571519799494e-06
summary,opt_s0.1,primal,lnMstar,q05,-4.442887279818094,-4.442887279818094,0.0
summary,opt_s0.1,primal,lnMstar,q95,10.062246954079384,10.227535207519232,0.1652882534398472
summary,opt_s0.1,primal,lnMstar,wald_cover,0.8605150214592274,0.8623655913978494,0.001850569938621982
summary,opt_s0.1,primal,lnMstar,corner_share,0.0,0.002,0.002
summary,opt_s0.1,dual,alpha,bias,-0.0003781670933513,-0.0003781672594214347,-1.6607013469472146e-10
summary,opt_s0.1,dual,alpha,median_bias,0.0009809042608881,0.0009809031094777376,-1.1514103624536698e-09
summary,opt_s0.1,dual,alpha,rmse,0.0214473930425387,0.0214473931684316,1.2589290027120725e-10
summary,opt_s0.1,dual,alpha,mae,0.0137093966869627,0.013709396299974197,-3.869885037421916e-10
summary,opt_s0.1,dual,alpha,q05,0.3131805556315538,0.3131805522169554,-3.4145983818234527e-09
summary,opt_s0.1,dual,alpha,q95,0.3814573621909423,0.38145736291847904,7.275367530645838e-10
summary,opt_s0.1,dual,beta,bias,-0.0003991957047121,-0.0003991958795886447,-1.7487654466880054e-10
summary,opt_s0.1,dual,beta,median_bias,0.0013836441835888,0.0013836431584715592,-1.0251172408767134e-09
summary,opt_s0.1,dual,beta,rmse,0.022110843798545,0.02211084392995787,1.3141287016904535e-10
summary,opt_s0.1,dual,beta,mae,0.0143639309153962,0.014363930816755827,-9.86403736469299e-11
summary,opt_s0.1,dual,beta,q05,0.3277094383065108,0.3277094385999245,2.93413737750825e-10
summary,opt_s0.1,dual,beta,q95,0.4009911183508363,0.4009911104536731,-7.897163201153745e-09
summary,opt_s0.1,dual,a,bias,1.6997779259503076e-05,1.6997779259503076e-05,0.0
summary,opt_s0.1,dual,a,median_bias,-0.000135767889811,-0.00013576788981106702,-6.703079931391631e-17
summary,opt_s0.1,dual,a,rmse,0.0026694414512147,0.002669441451214713,1.3010426069826053e-17
summary,opt_s0.1,dual,a,mae,0.0017379778982074,0.0017379778982074545,5.442694905877232e-17
summary,opt_s0.1,dual,a,q05,0.5081928138517509,0.5081928138517509,0.0
summary,opt_s0.1,dual,a,q95,0.51725940925527,0.51725940925527,0.0
summary,opt_s0.1,dual,gamma,bias,-0.0001992880285803,-0.00019928811375768857,-8.517738855277728e-11
summary,opt_s0.1,dual,gamma,median_bias,0.0005532656800155,0.0005532643873172455,-1.2926982545383506e-09
summary,opt_s0.1,dual,gamma,rmse,0.0108463773559953,0.01084637742060974,6.461444053418308e-11
summary,opt_s0.1,dual,gamma,mae,0.0070080051709471,0.007008005390288341,2.1934124135036814e-10
summary,opt_s0.1,dual,gamma,q05,0.1600318396379499,0.16003183968762388,4.967398714583737e-11
summary,opt_s0.1,dual,gamma,q95,0.1954767279848467,0.19547672417868178,-3.806164911024368e-09
summary,opt_s0.1,dual,sigma_star,bias,0.0003998944654928,0.00039989456041919567,9.49263956827838e-11
summary,opt_s0.1,dual,sigma_star,median_bias,-0.0006332399969654,-0.0006332385936162477,1.4033491522709787e-09
summary,opt_s0.1,dual,sigma_star,rmse,0.0118087432475531,0.011808743322632079,7.507897949177167e-11
summary,opt_s0.1,dual,sigma_star,mae,0.0076374903694232,0.0076374910429817255,6.735585257947041e-10
summary,opt_s0.1,dual,sigma_star,q05,0.7188049134520844,0.7188049173884633,3.936378889513037e-09
summary,opt_s0.1,dual,sigma_star,q95,0.757427837946848,0.7574278384916069,5.447589046525536e-10
summary,opt_s0.1,dual,lnMstar,bias,-0.000127212154711,-0.00012721215471100678,-6.776263578034403e-18
summary,opt_s0.1,dual,lnMstar,median_bias,0.0008321869448688,0.0008321869448688624,6.23416249179165e-17
summary,opt_s0.1,dual,lnMstar,rmse,0.048790814891329,0.048790814891329005,6.938893903907228e-18
summary,opt_s0.1,dual,lnMstar,mae,0.0317675931215712,0.03176759312157129,9.020562075079397e-17
summary,opt_s0.1,dual,lnMstar,q05,2.809533411328462,2.809533411328462,0.0
summary,opt_s0.1,dual,lnMstar,q95,2.9767155229238615,2.9767155229238615,0.0
summary,opt_s0.2,primal,alpha,bias,0.0003546941227574,0.0003546952491589439,1.1264015438699343e-09
summary,opt_s0.2,primal,alpha,median_bias,-0.0005184266264973,-0.0005184213431667639,5.2833305360863725e-09
summary,opt_s0.2,primal,alpha,rmse,0.1077756204100202,0.10777562201307951,1.6030593102955848e-09
summary,opt_s0.2,primal,alpha,mae,0.0666012852512501,0.06660129253208827,7.280838168477466e-09
summary,opt_s0.2,primal,alpha,q05,0.1760735451514374,0.17607354515143744,5.551115123125783e-17
summary,opt_s0.2,primal,alpha,q95,0.5345521776034711,0.5345521784933797,8.899085912617011e-10
summary,opt_s0.2,primal,alpha,wald_cover,0.9274193548387096,0.9274193548387096,0.0
summary,opt_s0.2,primal,alpha,corner_share,0.0,0.0,0.0
summary,opt_s0.2,primal,beta,bias,0.0117468653253028,0.01174686390870654,-1.4165962604339999e-09
summary,opt_s0.2,primal,beta,median_bias,0.0029617355913728,0.00296172610017828,-9.491194519987284e-09
summary,opt_s0.2,primal,beta,rmse,0.119507127225131,0.11950712976836385,2.5432328465413434e-09
summary,opt_s0.2,primal,beta,mae,0.0747416144096454,0.07474161440964547,6.938893903907228e-17
summary,opt_s0.2,primal,beta,q05,0.1849276682658797,0.18492731130196796,-3.5696391173511977e-07
summary,opt_s0.2,primal,beta,q95,0.5885896668122002,0.5885896811373333,1.4325133190773442e-08
summary,opt_s0.2,primal,beta,wald_cover,0.9193548387096774,0.9193548387096774,0.0
summary,opt_s0.2,primal,beta,corner_share,0.0,0.0,0.0
summary,opt_s0.2,primal,a,bias,0.0055401381874823,0.0055401361552982085,-2.0321840911441402e-09
summary,opt_s0.2,primal,a,median_bias,0.0040537701284887,0.004053770128488732,3.209238430557093e-17
summary,opt_s0.2,primal,a,rmse,0.1489266110559364,0.1489266144556998,3.399763387479382e-09
summary,opt_s0.2,primal,a,mae,0.0975555652879721,0.09755551886019001,-4.642778209107412e-08
summary,opt_s0.2,primal,a,q05,0.2619041574262437,0.2619041574262437,0.0
summary,opt_s0.2,primal,a,q95,0.7547980126119694,0.7547980126119694,0.0
summary,opt_s0.2,primal,a,wald_cover,0.905241935483871,0.905241935483871,0.0
summary,opt_s0.2,primal,a,corner_share,0.0,0.0,0.0
summary,opt_s0.2,primal,gamma,bias,-0.013467549418109,-0.013467550137442032,-7.193330323757019e-10
summary,opt_s0.2,primal,gamma,median_bias,-0.0082731955323506,-0.008273195532350675,-7.45931094670027e-17
summary,opt_s0.2,primal,gamma,rmse,0.0277288820201939,0.02772888278791121,7.677173098630252e-10
summary,opt_s0.2,primal,gamma,mae,0.0115948374970756,0.011594837786267825,2.891922257219903e-10
summary,opt_s0.2,primal,gamma,q05,0.1178850806347784,0.11788508063477848,8.326672684688674e-17
summary,opt_s0.2,primal,gamma,q95,0.1914986988944179,0.19149869889441795,5.551115123125783e-17
summary,opt_s0.2,primal,gamma,wald_cover,0.9818548387096774,0.9818548387096774,0.0
summary,opt_s0.2,primal,gamma,corner_share,0.0,0.0,0.0
summary,opt_s0.2,primal,sigma_star,bias,-0.0029884755893638,-0.0029884755049622226,8.440157730701947e-11
summary,opt_s0.2,primal,sigma_star,median_bias,-0.003093482123296,-0.003093481564857725,5.584382747891858e-10
summary,opt_s0.2,primal,sigma_star,rmse,0.0146948150492352,0.014694815200439653,1.5120445347183153e-10
summary,opt_s0.2,primal,sigma_star,mae,0.008870835761547,0.00887083523139548,-5.301515199063189e-10
summary,opt_s0.2,primal,sigma_star,q05,0.7089087798605814,0.708908779667401,-1.9318047161931418e-10
summary,opt_s0.2,primal,sigma_star,q95,0.7553908436262905,0.7553908436262905,0.0
summary,opt_s0.2,primal,sigma_star,wald_cover,0.9657258064516128,0.9657258064516129,1.1102230246251565e-16
summary,opt_s0.2,primal,sigma_star,corner_share,0.0,0.0,0.0
summary,opt_s0.2,primal,lnMstar,bias,-0.1632024113514136,-0.1632023879540659,2.339734772593971e-08
summary,opt_s0.2,primal,lnMstar,median_bias,-0.1396617805743913,-0.13966178057439138,-8.326672684688674e-17
summary,opt_s0.2,primal,lnMstar,rmse,2.9949092580542955,2.994909311244509,5.319021356697817e-08
summary,opt_s0.2,primal,lnMstar,mae,1.8901425938455287,1.8901425938455287,0.0
summary,opt_s0.2,primal,lnMstar,q05,-1.963148872246359,-1.963148872246359,0.0
summary,opt_s0.2,primal,lnMstar,q95,7.961636636182632,7.961638213822955,1.5776403223810576e-06
summary,opt_s0.2,primal,lnMstar,wald_cover,0.8931451612903226,0.8931451612903226,0.0
summary,opt_s0.2,primal,lnMstar,corner_share,0.0,0.0,0.0
summary,opt_s0.2,dual,alpha,bias,0.0015167886440109,0.0015167884551514606,-1.8885943937202443e-10
summary,opt_s0.2,dual,alpha,median_bias,0.0014426818732649,0.0014426828881687892,1.014903889227925e-09
summary,opt_s0.2,dual,alpha,rmse,0.0212518659737242,0.021251865770602594,-2.031216063402841e-10
summary,opt_s0.2,dual,alpha,mae,0.0145611432637747,0.014561139464558143,-3.799216557673346e-09
summary,opt_s0.2,dual,alpha,q05,0.3150282623337298,0.3150282682119328,5.878202979925362e-09
summary,opt_s0.2,dual,alpha,q95,0.3831958612146189,0.383195861941924,7.273051050304957e-10
summary,opt_s0.2,dual,beta,bias,0.0016955147113975,0.001695514510717274,-2.0068022590913337e-10
summary,opt_s0.2,dual,beta,median_bias,0.0027193270280777,0.0027193270388246593,1.0746959312052384e-11
summary,opt_s0.2,dual,beta,rmse,0.0224323953450548,0.022432395106673848,-2.3838095386530256e-10
summary,opt_s0.2,dual,beta,mae,0.0159115998220107,0.015911591640555278,-8.181455422862083e-09
summary,opt_s0.2,dual,beta,q05,0.3300115465892586,0.3300115465695911,-1.9667489858932186e-11
summary,opt_s0.2,dual,beta,q95,0.4045298931837721,0.4045298927099156,-4.738565095863123e-10
summary,opt_s0.2,dual,a,bias,6.488298384890356e-05,6.488298384890356e-05,0.0
summary,opt_s0.2,dual,a,median_bias,-0.0002576636149734,-0.0002576636149734246,-2.461138931542095e-17
summary,opt_s0.2,dual,a,rmse,0.0051088955408826,0.005108895540882617,1.734723475976807e-17
summary,opt_s0.2,dual,a,mae,0.0034981517372966,0.003498151737296673,7.28583859910259e-17
summary,opt_s0.2,dual,a,q05,0.5041174192799202,0.5041174192799202,0.0
summary,opt_s0.2,dual,a,q95,0.521012261156312,0.521012261156312,0.0
summary,opt_s0.2,dual,gamma,bias,0.0007826181753568,0.0007826180780539627,-9.730283733692252e-11
summary,opt_s0.2,dual,gamma,median_bias,0.0006998023424455,0.0006998030091365792,6.666910791876604e-10
summary,opt_s0.2,dual,gamma,rmse,0.0107554827233262,0.010755482611564301,-1.1176189834705141e-10
summary,opt_s0.2,dual,gamma,mae,0.0075612448538922,0.007561246618772624,1.7648804240960603e-09
summary,opt_s0.2,dual,gamma,q05,0.1616270767580011,0.16162707699461865,2.366175588797148e-10
summary,opt_s0.2,dual,gamma,q95,0.1967864186765111,0.19678641904812866,3.716175700496649e-10
summary,opt_s0.2,dual,sigma_star,bias,-0.0006875609962502,-0.0006875608940696429,1.0218055709280277e-10
summary,opt_s0.2,dual,sigma_star,median_bias,-0.000835276172224,-0.0008352761778298023,-5.605802389126169e-12
summary,opt_s0.2,dual,sigma_star,rmse,0.0116567341744683,0.011656734067620047,-1.0684825246798368e-10
summary,opt_s0.2,dual,sigma_star,mae,0.0082467103882972,0.008246710345342911,-4.295428943090762e-11
summary,opt_s0.2,dual,sigma_star,q05,0.7174349096407313,0.7174349092578967,-3.8283465286781393e-10
summary,opt_s0.2,dual,sigma_star,q95,0.7556708683603672,0.755670868090078,-2.70289235437815e-10
summary,opt_s0.2,dual,lnMstar,bias,-0.0026463348171877,-0.002646334817187796,-9.584347204771859e-17
summary,opt_s0.2,dual,lnMstar,median_bias,-0.0014636339575848,-0.0014636339575848645,-6.440160904563896e-17
summary,opt_s0.2,dual,lnMstar,rmse,0.094324105952755,0.09432410595275509,8.326672684688674e-17
summary,opt_s0.2,dual,lnMstar,mae,0.0630466699669263,0.06304666996692632,1.3877787807814457e-17
summary,opt_s0.2,dual,lnMstar,q05,2.7453257541408407,2.7453257541408407,0.0
summary,opt_s0.2,dual,lnMstar,q95,3.0512184158490885,3.0512184158490885,0.0
summary,opt_s0.3,primal,alpha,bias,0.0027660927312995,0.0027660926417131635,-8.958633661293458e-11
summary,opt_s0.3,primal,alpha,median_bias,0.0005017953956115,0.0005017953956115151,1.5070410197548512e-17
summary,opt_s0.3,primal,alpha,rmse,0.0714313850850062,0.07143138505805734,-2.694885981036066e-11
summary,opt_s0.3,primal,alpha,mae,0.0481227726973187,0.048122772697318794,9.71445146547012e-17
summary,opt_s0.3,primal,alpha,q05,0.2375094857447001,0.2375094857447001,0.0
summary,opt_s0.3,primal,alpha,q95,0.4742615783653297,0.4742615266426583,-5.1722671368104045e-08
summary,opt_s0.3,primal,alpha,wald_cover,0.946,0.946,0.0
summary,opt_s0.3,primal,alpha,boot_cover,0.9533333333333334,0.9533333333333334,0.0
summary,opt_s0.3,primal,alpha,corner_share,0.0,0.0,0.0
summary,opt_s0.3,primal,beta,bias,0.0048012102762539,0.004801210543140206,2.66886305590186e-10
summary,opt_s0.3,primal,beta,median_bias,0.00039731312217,0.00039731312217008985,8.982614999042404e-17
summary,opt_s0.3,primal,beta,rmse,0.0788367177325466,0.0788367184158678,6.833212051748916e-10
summary,opt_s0.3,primal,beta,mae,0.0506891455303475,0.05068914553034751,6.938893903907228e-18
summary,opt_s0.3,primal,beta,q05,0.242490243993286,0.24249024399328603,2.7755575615628914e-17
summary,opt_s0.3,primal,beta,q95,0.502487308134115,0.5024873054179173,-2.716197711194468e-09
summary,opt_s0.3,primal,beta,wald_cover,0.952,0.952,0.0
summary,opt_s0.3,primal,beta,boot_cover,0.9733333333333334,0.9733333333333334,0.0
summary,opt_s0.3,primal,beta,corner_share,0.0,0.0,0.0
summary,opt_s0.3,primal,a,bias,0.0002819064049235,0.0002819065439429076,1.3901940758504275e-10
summary,opt_s0.3,primal,a,median_bias,-0.0021321166789806,-0.0021322593994926864,-1.4272051208647635e-07
summary,opt_s0.3,primal,a,rmse,0.0983862592818952,0.09838625955335314,2.714579394602623e-10
summary,opt_s0.3,primal,a,mae,0.0654392459410018,0.06543924758760156,1.646599759319578e-09
summary,opt_s0.3,primal,a,q05,0.3430705682788538,0.3430705691109012,8.320474309542192e-10
summary,opt_s0.3,primal,a,q95,0.6686501601277034,0.668650160509815,3.8211156461187556e-10
summary,opt_s0.3,primal,a,wald_cover,0.93,0.93,0.0
summary,opt_s0.3,primal,a,boot_cover,0.96,0.96,0.0
summary,opt_s0.3,primal,a,corner_share,0.0,0.0,0.0
summary,opt_s0.3,primal,gamma,bias,-0.0051048084392933,-0.005104808458013852,-1.8720552018292036e-11
summary,opt_s0.3,primal,gamma,median_bias,-0.0038415609144608,-0.0038415609144608065,-6.5052130349130266e-18
summary,opt_s0.3,primal,gamma,rmse,0.0164465077105143,0.016446507355009556,-3.555047436987202e-10
summary,opt_s0.3,primal,gamma,mae,0.0086396662896301,0.008639666289630143,4.336808689942018e-17
summary,opt_s0.3,primal,gamma,q05,0.1469040605200478,0.14690406052004787,5.551115123125783e-17
summary,opt_s0.3,primal,gamma,q95,0.1949166842143593,0.19491668421435934,5.551115123125783e-17
summary,opt_s0.3,primal,gamma,wald_cover,0.97,0.97,0.0
summary,opt_s0.3,primal,gamma,boot_cover,0.9133333333333332,0.9133333333333333,1.1102230246251565e-16
summary,opt_s0.3,primal,gamma,corner_share,0.0,0.0,0.0
summary,opt_s0.3,primal,sigma_star,bias,-0.0018205510983239,-0.0018205511486800111,-5.035611120793315e-11
summary,opt_s0.3,primal,sigma_star,median_bias,-0.0023134331082844,-0.002313433695757705,-5.874733052455006e-10
summary,opt_s0.3,primal,sigma_star,rmse,0.0131109733026529,0.01311097324512517,-5.752773084288787e-11
summary,opt_s0.3,primal,sigma_star,mae,0.0087399223615641,0.008739923001623129,6.400590283478502e-10
summary,opt_s0.3,primal,sigma_star,q05,0.7137171266855467,0.7137171268231054,1.3755874217480368e-10
summary,opt_s0.3,primal,sigma_star,q95,0.7558930615246456,0.755893064024046,2.4994003533507225e-09
summary,opt_s0.3,primal,sigma_star,wald_cover,0.932,0.932,0.0
summary,opt_s0.3,primal,sigma_star,boot_cover,0.96,0.96,0.0
summary,opt_s0.3,primal,sigma_star,corner_share,0.0,0.0,0.0
summary,opt_s0.3,primal,lnMstar,bias,0.0029082518684235,0.0029082580772326026,6.208809102698637e-09
summary,opt_s0.3,primal,lnMstar,median_bias,-0.0236716191091059,-0.02367161910910598,-7.979727989493313e-17
summary,opt_s0.3,primal,lnMstar,rmse,1.9749503118738068,1.9749503188431379,6.969331112216537e-09
summary,opt_s0.3,primal,lnMstar,mae,1.2876023221188722,1.2876023496121345,2.7493262333422308e-08
summary,opt_s0.3,primal,lnMstar,q05,-0.3987405942736909,-0.39874059916269466,-4.889003757391208e-09
summary,opt_s0.3,primal,lnMstar,q95,6.344177812347926,6.344177812347926,0.0
summary,opt_s0.3,primal,lnMstar,wald_cover,0.938,0.938,0.0
summary,opt_s0.3,primal,lnMstar,boot_cover,0.9666666666666668,0.9666666666666667,-1.1102230246251565e-16
summary,opt_s0.3,primal,lnMstar,corner_share,0.0,0.0,0.0
summary,opt_s0.3,dual,alpha,bias,0.0009339898004964,0.0009339897686801852,-3.181621481031238e-11
summary,opt_s0.3,dual,alpha,median_bias,0.0005107239096695,0.0005107244688812296,5.592117295486268e-10
summary,opt_s0.3,dual,alpha,rmse,0.0221451264661551,0.022145126362353985,-1.0380111700736272e-10
summary,opt_s0.3,dual,alpha,mae,0.01519048653588,0.01519048766656636,1.1306863605120565e-09
summary,opt_s0.3,dual,alpha,q05,0.3120867582838763,0.31208675815786513,-1.2601114596222374e-10
summary,opt_s0.3,dual,alpha,q95,0.3854461021291729,0.3854461014137053,-7.154676295861861e-10
summary,opt_s0.3,dual,beta,bias,0.001503953560992,0.0015039535257665563,-3.522544365572311e-11
summary,opt_s0.3,dual,beta,median_bias,0.0015808751147688,0.0015808768444062204,1.7296374204851112e-09
summary,opt_s0.3,dual,beta,rmse,0.0236516325030424,0.02365163236526071,-1.3778169230538317e-10
summary,opt_s0.3,dual,beta,mae,0.0153267235794888,0.015326723285127353,-2.9436144667605024e-10
summary,opt_s0.3,dual,beta,q05,0.3299304253416972,0.3299304254276449,8.594769340675157e-11
summary,opt_s0.3,dual,beta,q95,0.4045318078447763,0.40453180780346576,-4.1310566079033606e-11
summary,opt_s0.3,dual,a,bias,0.0003393170934825,0.00033931709348250175,1.734723475976807e-18
summary,opt_s0.3,dual,a,median_bias,0.0006597837506948,0.0006597837506948645,6.451002926288751e-17
summary,opt_s0.3,dual,a,rmse,0.007760727880126,0.007760727880126053,5.2909066017292616e-17
summary,opt_s0.3,dual,a,mae,0.0053920663843021,0.005392066384302174,7.45931094670027e-17
summary,opt_s0.3,dual,a,q05,0.5002956207721508,0.5002956207721508,0.0
summary,opt_s0.3,dual,a,q95,0.5250681616434475,0.5250681616434475,0.0
summary,opt_s0.3,dual,gamma,bias,0.0005596694284939,0.0005596694117793908,-1.6714509225475294e-11
summary,opt_s0.3,dual,gamma,median_bias,0.0001960893098643,0.00019608892736827643,-3.8249602356960066e-10
summary,opt_s0.3,dual,gamma,rmse,0.0110922734240811,0.011092273362678672,-6.14024282807879e-11
summary,opt_s0.3,dual,gamma,mae,0.0075327421171459,0.007532742552677968,4.3553206787588783e-10
summary,opt_s0.3,dual,gamma,q05,0.1610563296954808,0.1610563302224874,5.270065772666754e-10
summary,opt_s0.3,dual,gamma,q95,0.1966827069204555,0.19668270662296042,-2.974950841228008e-10
summary,opt_s0.3,dual,sigma_star,bias,-0.0004648894049192,-0.00046488938885801633,1.6061183687274966e-11
summary,opt_s0.3,dual,sigma_star,median_bias,-0.0003712301702084,-0.00037122957149376967,5.987146303363354e-10
summary,opt_s0.3,dual,sigma_star,rmse,0.0120530958908807,0.012053095826976876,-6.390382494003699e-11
summary,opt_s0.3,dual,sigma_star,mae,0.0082851218543874,0.008285122713043935,8.586565347634689e-10
summary,opt_s0.3,dual,sigma_star,q05,0.7176069265103437,0.7176069268168556,3.0651181592844523e-10
summary,opt_s0.3,dual,sigma_star,q95,0.756361395968248,0.756361395365294,-6.029540200458428e-10
summary,opt_s0.3,dual,lnMstar,bias,-0.0070389551340916,-0.007038955134091655,-5.4643789493269423e-17
summary,opt_s0.3,dual,lnMstar,median_bias,-0.0181687210124441,-0.018168721012444156,-5.551115123125783e-17
summary,opt_s0.3,dual,lnMstar,rmse,0.1433735801358216,0.14337358013582163,2.7755575615628914e-17
summary,opt_s0.3,dual,lnMstar,mae,0.1001162419942822,0.10011624199428226,5.551115123125783e-17
summary,opt_s0.3,dual,lnMstar,q05,2.672345763033607,2.672345763033607,0.0
summary,opt_s0.3,dual,lnMstar,q95,3.1207587573344475,3.1207587573344475,0.0
summary,opt_s0.5,primal,alpha,bias,0.0023890887767175,0.002389088246247594,-5.304699058489293e-10
summary,opt_s0.5,primal,alpha,median_bias,0.002596095999586,0.002596094136388921,-1.863197078826734e-09
summary,opt_s0.5,primal,alpha,rmse,0.0470376252492639,0.04703762600438498,7.551210767786642e-10
summary,opt_s0.5,primal,alpha,mae,0.0287180914944013,0.028718091494401382,8.326672684688674e-17
summary,opt_s0.5,primal,alpha,q05,0.2685053050427426,0.26850530504274267,5.551115123125783e-17
summary,opt_s0.5,primal,alpha,q95,0.4296555750435637,0.42965557476518274,-2.78380984930493e-10
summary,opt_s0.5,primal,alpha,wald_cover,0.946,0.946,0.0
summary,opt_s0.5,primal,alpha,corner_share,0.0,0.0,0.0
summary,opt_s0.5,primal,beta,bias,-0.0022438463069645,-0.002243845916968687,3.8999581298757025e-10
summary,opt_s0.5,primal,beta,median_bias,-0.0040898651764189,-0.004089865176418961,-6.071532165918825e-17
summary,opt_s0.5,primal,beta,rmse,0.0514759928825223,0.051475993241443564,3.589212607679748e-10
summary,opt_s0.5,primal,beta,mae,0.0348045594676849,0.034804562880942996,3.4132580997714435e-09
summary,opt_s0.5,primal,beta,q05,0.2814317797838059,0.28143177433424915,-5.4495567503032305e-09
summary,opt_s0.5,primal,beta,q95,0.4437769750569945,0.4437769750569945,0.0
summary,opt_s0.5,primal,beta,wald_cover,0.94,0.94,0.0
summary,opt_s0.5,primal,beta,corner_share,0.0,0.0,0.0
summary,opt_s0.5,primal,a,bias,-0.0036088304593281,-0.003608829780890107,6.784379928508055e-10
summary,opt_s0.5,primal,a,median_bias,-0.0024138310682274,-0.002413831068227401,-1.3010426069826053e-18
summary,opt_s0.5,primal,a,rmse,0.0611821032713149,0.061182104321752084,1.0504371816821845e-09
summary,opt_s0.5,primal,a,mae,0.0385206089200254,0.038520611401034494,2.4810090926141726e-09
summary,opt_s0.5,primal,a,q05,0.4093769510531105,0.4093769510531105,0.0
summary,opt_s0.5,primal,a,q95,0.6153741748492642,0.6153741777573551,2.9080909902390317e-09
summary,opt_s0.5,primal,a,wald_cover,0.926,0.926,0.0
summary,opt_s0.5,primal,a,corner_share,0.0,0.0,0.0
summary,opt_s0.5,primal,gamma,bias,-0.0025835081671377,-0.0025835083046707834,-1.3753308344618964e-10
summary,opt_s0.5,primal,gamma,median_bias,-0.0024463499596671,-0.0024463499596671656,-6.548581121812447e-17
summary,opt_s0.5,primal,gamma,rmse,0.0117842326384182,0.011784232595397818,-4.302038239534234e-11
summary,opt_s0.5,primal,gamma,mae,0.0082203791621426,0.008220379230358635,6.821603525108966e-11
summary,opt_s0.5,primal,gamma,q05,0.1573875972683636,0.15738759726836365,5.551115123125783e-17
summary,opt_s0.5,primal,gamma,q95,0.1931242396730172,0.19312423952167387,-1.5134332675970086e-10
summary,opt_s0.5,primal,gamma,wald_cover,0.944,0.944,0.0
summary,opt_s0.5,primal,gamma,corner_share,0.0,0.0,0.0
summary,opt_s0.5,primal,sigma_star,bias,0.0001624828766764,0.00016248291057199382,3.389559382412262e-11
summary,opt_s0.5,primal,sigma_star,median_bias,-0.0004061681327334,-0.00040616779391366986,3.3881973013913727e-10
summary,opt_s0.5,primal,sigma_star,rmse,0.0122264417529587,0.012226441623493409,-1.2946529091839576e-10
summary,opt_s0.5,primal,sigma_star,mae,0.0079467657247097,0.007946764930258088,-7.944516121349832e-10
summary,opt_s0.5,primal,sigma_star,q05,0.7178398820335037,0.7178398820335037,0.0
summary,opt_s0.5,primal,sigma_star,q95,0.75743619807997,0.75743619807997,0.0
summary,opt_s0.5,primal,sigma_star,wald_cover,0.94,0.94,0.0
summary,opt_s0.5,primal,sigma_star,corner_share,0.0,0.0,0.0
summary,opt_s0.5,primal,lnMstar,bias,0.0819669326171718,0.08196692003543875,-1.2581733058181221e-08
summary,opt_s0.5,primal,lnMstar,median_bias,0.0393125426554907,0.03931261747031711,7.48148264104187e-08
summary,opt_s0.5,primal,lnMstar,rmse,1.249302649603944,1.249302673287997,2.3684052941064238e-08
summary,opt_s0.5,primal,lnMstar,mae,0.7937344431062536,0.7937345938533753,1.507471216743994e-07
summary,opt_s0.5,primal,lnMstar,q05,0.9354383136592188,0.9354381074754341,-2.0618378471226606e-07
summary,opt_s0.5,primal,lnMstar,q95,5.022740221103882,5.022740490398121,2.6929423935229124e-07
summary,opt_s0.5,primal,lnMstar,wald_cover,0.932,0.932,0.0
summary,opt_s0.5,primal,lnMstar,corner_share,0.0,0.0,0.0
summary,opt_s0.5,dual,alpha,bias,-0.0008020562935463,-0.0008020562161042379,7.7442062094632e-11
summary,opt_s0.5,dual,alpha,median_bias,-0.0010410956371745,-0.0010410969900382927,-1.3528637927799625e-09
summary,opt_s0.5,dual,alpha,rmse,0.023888247745613,0.02388824777906439,3.3451390962779826e-11
summary,opt_s0.5,dual,alpha,mae,0.0154314828690049,0.015431483742161856,8.731569547254514e-10
summary,opt_s0.5,dual,alpha,q05,0.309231985726576,0.3092319847074101,-1.0191659183256263e-09
summary,opt_s0.5,dual,alpha,q95,0.3835722418484533,0.38357223903438736,-2.814065924727771e-09
summary,opt_s0.5,dual,beta,bias,-0.0006781713347265,-0.0006781712550283767,7.969812331788673e-11
summary,opt_s0.5,dual,beta,median_bias,0.0008435176015502,0.0008435175495357938,-5.2014406128585156e-11
summary,opt_s0.5,dual,beta,rmse,0.0258329694872699,0.025832969508562155,2.1292256152660727e-11
summary,opt_s0.5,dual,beta,mae,0.0179268494134931,0.01792684963076499,2.1727189145059889e-10
summary,opt_s0.5,dual,beta,q05,0.3236567717265801,0.32365677223120193,5.046218443105488e-10
summary,opt_s0.5,dual,beta,q95,0.4076315854824806,0.407631588024637,2.542156429807818e-09
summary,opt_s0.5,dual,a,bias,7.453538047185892e-05,7.453538047185892e-05,0.0
summary,opt_s0.5,dual,a,median_bias,-9.89155491307736e-05,-9.89155491307736e-05,0.0
summary,opt_s0.5,dual,a,rmse,0.0130148563353306,0.013014856335330685,8.500145032286355e-17
summary,opt_s0.5,dual,a,mae,0.0089094907169132,0.008909490716913215,1.5612511283791264e-17
summary,opt_s0.5,dual,a,q05,0.4920784873208105,0.4920784873208105,0.0
summary,opt_s0.5,dual,a,q95,0.5346769866149579,0.5346769866149579,0.0
summary,opt_s0.5,dual,gamma,bias,-0.0004932234310374,-0.0004932233918563073,3.918109272357112e-11
summary,opt_s0.5,dual,gamma,median_bias,-0.0001566479830101,-0.00015664747979106386,5.03219036129517e-10
summary,opt_s0.5,dual,gamma,rmse,0.0114897162326249,0.011489716244177457,1.1552555786997765e-11
summary,opt_s0.5,dual,gamma,mae,0.0081101742079757,0.008110173688549008,-5.194266926300539e-10
summary,opt_s0.5,dual,gamma,q05,0.1588147351777884,0.15881473550032077,3.2253236192936185e-10
summary,opt_s0.5,dual,gamma,q95,0.1960281538864129,0.19602815078435787,-3.1020550295135507e-09
summary,opt_s0.5,dual,sigma_star,bias,0.0006155731402223,0.0006155730981569698,-4.206533027722309e-11
summary,opt_s0.5,dual,sigma_star,median_bias,-8.353488719453628e-05,-8.353458471660469e-05,3.024779315907722e-10
summary,opt_s0.5,dual,sigma_star,rmse,0.0125809991285083,0.012580999150476793,2.196849299695991e-11
summary,opt_s0.5,dual,sigma_star,mae,0.0088945585933777,0.008894558915691297,3.223135976865299e-10
summary,opt_s0.5,dual,sigma_star,q05,0.7175680021742984,0.7175680003273304,-1.8469680229671326e-09
summary,opt_s0.5,dual,sigma_star,q95,0.7585134118062199,0.7585134104872286,-1.3189912495548128e-09
summary,opt_s0.5,dual,lnMstar,bias,-0.0015284612728135,-0.0015284612728135335,-3.361026734705064e-17
summary,opt_s0.5,dual,lnMstar,median_bias,0.0011079677742382,0.001107967774238272,7.19910242530375e-17
summary,opt_s0.5,dual,lnMstar,rmse,0.2423120056453006,0.24231200564530062,2.7755575615628914e-17
summary,opt_s0.5,dual,lnMstar,mae,0.1710633002529178,0.17106330025291783,2.7755575615628914e-17
summary,opt_s0.5,dual,lnMstar,q05,2.508535647950102,2.5085356479501026,4.440892098500626e-16
summary,opt_s0.5,dual,lnMstar,q95,3.2820103016585236,3.2820103016585236,0.0
summary,opt_s1,primal,alpha,bias,0.0035839338265152,0.0035839334572345923,-3.6928060782870364e-10
summary,opt_s1,primal,alpha,median_bias,0.0048041409789472,0.004804131761610209,-9.217336991752811e-09
summary,opt_s1,primal,alpha,rmse,0.0282839887274587,0.02828398889140779,1.6394909041483885e-10
summary,opt_s1,primal,alpha,mae,0.0193377971249958,0.019337796941412244,-1.835835546082354e-10
summary,opt_s1,primal,alpha,q05,0.3072058077499437,0.30720580774994377,5.551115123125783e-17
summary,opt_s1,primal,alpha,q95,0.3962671818302845,0.39626718183028453,5.551115123125783e-17
summary,opt_s1,primal,alpha,wald_cover,0.956,0.956,0.0
summary,opt_s1,primal,alpha,boot_cover,0.9733333333333334,0.9733333333333334,0.0
summary,opt_s1,primal,alpha,corner_share,0.0,0.0,0.0
summary,opt_s1,primal,beta,bias,0.0006742841593681,0.0006742840417622092,-1.176058908461744e-10
summary,opt_s1,primal,beta,median_bias,-0.0009281508625225,-0.0009281471177087497,3.744813750327508e-09
summary,opt_s1,primal,beta,rmse,0.0316908799954813,0.03169087971586315,-2.7961814808019625e-10
summary,opt_s1,primal,beta,mae,0.0200760316300857,0.02007602458385732,-7.046228378548847e-09
summary,opt_s1,primal,beta,q05,0.3177256181905704,0.31772560782413556,-1.0366434821662551e-08
summary,opt_s1,primal,beta,q95,0.4174822608039548,0.41748226080395484,5.551115123125783e-17
summary,opt_s1,primal,beta,wald_cover,0.942,0.942,0.0
summary,opt_s1,primal,beta,boot_cover,0.9733333333333334,0.9733333333333334,0.0
summary,opt_s1,primal,beta,corner_share,0.0,0.0,0.0
summary,opt_s1,primal,a,bias,-0.0022756884725143,-0.0022756882616507936,2.108635063433062e-10
summary,opt_s1,primal,a,median_bias,-0.0031115848711957,-0.0031115848711957828,-8.283304597789254e-17
summary,opt_s1,primal,a,rmse,0.0290987025189455,0.02909870269492578,1.7598028242971075e-10
summary,opt_s1,primal,a,mae,0.017555621903531,0.01755562245372294,5.501919406181166e-10
summary,opt_s1,primal,a,q05,0.4634379292304459,0.46343792923044597,5.551115123125783e-17
summary,opt_s1,primal,a,q95,0.5606017776960004,0.5606017776960004,0.0
summary,opt_s1,primal,a,wald_cover,0.95,0.95,0.0
summary,opt_s1,primal,a,boot_cover,0.9733333333333334,0.9733333333333334,0.0
summary,opt_s1,primal,a,corner_share,0.0,0.0,0.0
summary,opt_s1,primal,gamma,bias,0.0004944899086144,0.0004944897776391498,-1.3097525017671807e-10
summary,opt_s1,primal,gamma,median_bias,0.0004262227117703,0.0004262227117703965,9.64939933512099e-17
summary,opt_s1,primal,gamma,rmse,0.0106800023226262,0.010680002270744927,-5.188127184807545e-11
summary,opt_s1,primal,gamma,mae,0.0070742182850375,0.007074218499362628,2.1432512795765968e-10
summary,opt_s1,primal,gamma,q05,0.1617797227085434,0.1617797225645359,-1.4400750036891452e-10
summary,opt_s1,primal,gamma,q95,0.1954737344545042,0.19547373445450422,2.7755575615628914e-17
summary,opt_s1,primal,gamma,wald_cover,0.954,0.954,0.0
summary,opt_s1,primal,gamma,boot_cover,0.98,0.98,0.0
summary,opt_s1,primal,gamma,corner_share,0.0,0.0,0.0
summary,opt_s1,primal,sigma_star,bias,-0.0009724202483035,-0.0009724201186931707,1.2961032930507849e-10
summary,opt_s1,primal,sigma_star,median_bias,-0.0011116556978474,-0.0011116559670410475,-2.691936476246354e-10
summary,opt_s1,primal,sigma_star,rmse,0.0116227577650096,0.011622757689137862,-7.587173771195221e-11
summary,opt_s1,primal,sigma_star,mae,0.007557166603096,0.007557166603096077,7.719519468096792e-17
summary,opt_s1,primal,sigma_star,q05,0.7173263779029813,0.7173263779029813,0.0
summary,opt_s1,primal,sigma_star,q95,0.7554079411800539,0.7554079408746621,-3.0539182294120337e-10
summary,opt_s1,primal,sigma_star,wald_cover,0.954,0.954,0.0
summary,opt_s1,primal,sigma_star,boot_cover,0.9533333333333334,0.9533333333333334,0.0
summary,opt_s1,primal,sigma_star,corner_share,0.0,0.0,0.0
summary,opt_s1,primal,lnMstar,bias,0.0434014069531689,0.04340140290432352,-4.048845383963773e-09
summary,opt_s1,primal,lnMstar,median_bias,0.0558995875915462,0.05589958759154623,2.7755575615628914e-17
summary,opt_s1,primal,lnMstar,rmse,0.5902999589184018,0.5902999616091292,2.6907274186527275e-09
summary,opt_s1,primal,lnMstar,mae,0.3802725550127952,0.38027219575115856,-3.5926163666211153e-07
summary,opt_s1,primal,lnMstar,q05,1.9598585933080117,1.9598585895025267,-3.805485038199663e-09
summary,opt_s1,primal,lnMstar,q95,3.87737245886522,3.8773730052279474,5.463627275048566e-07
summary,opt_s1,primal,lnMstar,wald_cover,0.948,0.948,0.0
summary,opt_s1,primal,lnMstar,boot_cover,0.98,0.98,0.0
summary,opt_s1,primal,lnMstar,corner_share,0.0,0.0,0.0
summary,opt_s1,dual,alpha,bias,5.065412097092481e-05,5.065424386119744e-05,1.2289027262436195e-10
summary,opt_s1,dual,alpha,median_bias,0.00053197266696,0.0005319721867417804,-4.802182195732391e-10
summary,opt_s1,dual,alpha,rmse,0.0315396451205615,0.03153964496103583,-1.5952567045118826e-10
summary,opt_s1,dual,alpha,mae,0.0217661213657213,0.021766121325995064,-3.9726236189530084e-11
summary,opt_s1,dual,alpha,q05,0.2980194446782176,0.29801944427419325,-4.0402436951580967e-10
summary,opt_s1,dual,alpha,q95,0.3977308420402433,0.39773084307931406,1.0390707738672234e-09
summary,opt_s1,dual,beta,bias,0.0033764074083834,0.00337640755667689,1.4829348990094693e-10
summary,opt_s1,dual,beta,median_bias,0.0024222088384086,0.0024222104548445866,1.6164359867981704e-09
summary,opt_s1,dual,beta,rmse,0.0344260467886215,0.03442604687540198,8.67804786364168e-11
summary,opt_s1,dual,beta,mae,0.0236272141278853,0.02362721435869955,2.3081424965765152e-10
summary,opt_s1,dual,beta,q05,0.3148585106700898,0.3148585110109061,3.408163196105818e-10
summary,opt_s1,dual,beta,q95,0.4241844220346314,0.42418442324462213,1.2099907187312908e-09
summary,opt_s1,dual,a,bias,0.0021627358929574,0.0021627358929574483,4.8138576458356397e-17
summary,opt_s1,dual,a,median_bias,0.0007095254099331,0.0007095254099331316,3.165870343657673e-17
summary,opt_s1,dual,a,rmse,0.0258023567197589,0.025802356719758904,3.469446951953614e-18
summary,opt_s1,dual,a,mae,0.016773575743837,0.01677357574383706,5.898059818321144e-17
summary,opt_s1,dual,a,q05,0.4729520764943946,0.4729520764943946,0.0
summary,opt_s1,dual,a,q95,0.5542935806259738,0.5542935806259738,0.0
summary,opt_s1,dual,gamma,bias,0.0003339231852475,0.0003339232522785559,6.703105594457054e-11
summary,opt_s1,dual,gamma,median_bias,0.0012152556466519,0.0012152571706728482,1.5240209482857842e-09
summary,opt_s1,dual,gamma,rmse,0.0134732231567172,0.01347322312064042,-3.607677871719783e-11
summary,opt_s1,dual,gamma,mae,0.0088834253170139,0.008883425161392983,-1.5562091719434346e-10
summary,opt_s1,dual,gamma,q05,0.1555604876311795,0.15556048741450285,-2.1667664884539306e-10
summary,opt_s1,dual,gamma,q95,0.2008282044568816,0.20082820549791405,1.0410324546850092e-09
summary,opt_s1,dual,sigma_star,bias,-0.0006351365114489,-0.0006351365865656799,-7.511677998367494e-11
summary,opt_s1,dual,sigma_star,median_bias,-0.001732236629401,-0.0017322355764030073,1.0529979926204858e-09
summary,opt_s1,dual,sigma_star,rmse,0.014774876776139,0.014774876731965819,-4.4173180738238393e-11
summary,opt_s1,dual,sigma_star,mae,0.0098761703782661,0.009876170138795604,-2.394704972513706e-10
summary,opt_s1,dual,sigma_star,q05,0.7131164500890583,0.7131164505673534,4.782950702164612e-10
summary,opt_s1,dual,sigma_star,q95,0.7619279573292116,0.7619279557393394,-1.589872233864753e-09
summary,opt_s1,dual,lnMstar,bias,-0.0352308733945713,-0.0352308733945713,0.0
summary,opt_s1,dual,lnMstar,median_bias,0.0032308333072594,0.003230833307259484,8.413408858487514e-17
summary,opt_s1,dual,lnMstar,rmse,0.4757432033189384,0.4757432033189384,0.0
summary,opt_s1,dual,lnMstar,mae,0.3195458103677602,0.3195458103677602,0.0
summary,opt_s1,dual,lnMstar,q05,2.098877715909643,2.098877715909643,0.0
summary,opt_s1,dual,lnMstar,q95,3.626595813184082,3.626595813184082,0.0
summary,opt_s2,primal,alpha,bias,-0.0008016342411433,-0.0008016343772261536,-1.3608285364449108e-10
summary,opt_s2,primal,alpha,median_bias,-0.0018711368153472,-0.001871137260728073,-4.4538087302405105e-10
summary,opt_s2,primal,alpha,rmse,0.0160771492626515,0.01607714916332974,-9.932175915050578e-11
summary,opt_s2,primal,alpha,mae,0.0112395772642275,0.011239577313389676,4.916217606620865e-11
summary,opt_s2,primal,alpha,q05,0.3208110764506424,0.32081107645064244,5.551115123125783e-17
summary,opt_s2,primal,alpha,q95,0.3735077640346168,0.3735077640346168,0.0
summary,opt_s2,primal,alpha,wald_cover,0.948,0.948,0.0
summary,opt_s2,primal,alpha,corner_share,0.0,0.0,0.0
summary,opt_s2,primal,beta,bias,0.0001020176813922,0.00010201793248135316,2.510891531585374e-10
summary,opt_s2,primal,beta,median_bias,3.892180777234633e-05,3.892180777234633e-05,0.0
summary,opt_s2,primal,beta,rmse,0.0159230155111303,0.015923015609116957,9.798665698279585e-11
summary,opt_s2,primal,beta,mae,0.0097260279646763,0.009726028954599147,9.899228468196464e-10
summary,opt_s2,primal,beta,q05,0.3410505308715273,0.34105053087152737,5.551115123125783e-17
summary,opt_s2,primal,beta,q95,0.3907832004466121,0.3907832004466121,0.0
summary,opt_s2,primal,beta,wald_cover,0.954,0.954,0.0
summary,opt_s2,primal,beta,corner_share,0.0,0.0,0.0
summary,opt_s2,primal,a,bias,0.0006650244721338,0.0006650247340541461,2.619203460889341e-10
summary,opt_s2,primal,a,median_bias,0.0001884622700899,0.00018846227008995076,5.0767766726633745e-17
summary,opt_s2,primal,a,rmse,0.0148477677696756,0.014847767923636453,1.5396085274732574e-10
summary,opt_s2,primal,a,mae,0.0107060864158129,0.010706086415812943,4.336808689942018e-17
summary,opt_s2,primal,a,q05,0.4893086458145504,0.48930864581455047,5.551115123125783e-17
summary,opt_s2,primal,a,q95,0.5367685829474557,0.5367685830458596,9.840395165383597e-11
summary,opt_s2,primal,a,wald_cover,0.962,0.962,0.0
summary,opt_s2,primal,a,corner_share,0.0,0.0,0.0
summary,opt_s2,primal,gamma,bias,-0.0003437392312264,-0.0003437392107046474,2.052175259153327e-11
summary,opt_s2,primal,gamma,median_bias,-1.5436897789294912e-05,-1.5435903314930943e-05,9.944743639689335e-10
summary,opt_s2,primal,gamma,rmse,0.0060066295227954,0.006006629463666723,-5.912867678120604e-11
summary,opt_s2,primal,gamma,mae,0.0039411059179967,0.00394110591799679,9.020562075079397e-17
summary,opt_s2,primal,gamma,q05,0.1685206613602974,0.1685206613602974,0.0
summary,opt_s2,primal,gamma,q95,0.1875228377151276,0.18752283771512765,5.551115123125783e-17
summary,opt_s2,primal,gamma,wald_cover,0.942,0.942,0.0
summary,opt_s2,primal,gamma,corner_share,0.0,0.0,0.0
summary,opt_s2,primal,sigma_star,bias,0.0002477000907092,0.0002477000584148981,-3.229430188978616e-11
summary,opt_s2,primal,sigma_star,median_bias,-0.0002566732179468,-0.00025667272333251834,4.94614281660883e-10
summary,opt_s2,primal,sigma_star,rmse,0.0065284344693747,0.00652843440823236,-6.114234032267296e-11
summary,opt_s2,primal,sigma_star,mae,0.0043013419657262,0.004301341965726291,9.107298248878237e-17
summary,opt_s2,primal,sigma_star,q05,0.726557094800548,0.726557094800548,0.0
summary,opt_s2,primal,sigma_star,q95,0.7475478354335735,0.7475478354335735,0.0
summary,opt_s2,primal,sigma_star,wald_cover,0.944,0.944,0.0
summary,opt_s2,primal,sigma_star,corner_share,0.0,0.0,0.0
summary,opt_s2,primal,lnMstar,bias,-0.0137771105762615,-0.013777117295255235,-6.7189937346529005e-09
summary,opt_s2,primal,lnMstar,median_bias,-0.0033078536038895,-0.0033078331990363807,2.0404853119226213e-08
summary,opt_s2,primal,lnMstar,rmse,0.3160331346749632,0.316033136818918,2.1439547914781087e-09
summary,opt_s2,primal,lnMstar,mae,0.234658202194516,0.23465820219451605,5.551115123125783e-17
summary,opt_s2,primal,lnMstar,q05,2.387692588889333,2.387692588889333,0.0
summary,opt_s2,primal,lnMstar,q95,3.383771916002377,3.383771916002377,0.0
summary,opt_s2,primal,lnMstar,wald_cover,0.964,0.964,0.0
summary,opt_s2,primal,lnMstar,corner_share,0.0,0.0,0.0
summary,opt_s2,dual,alpha,bias,0.005830880295258,0.00583088009381092,-2.014470803710089e-10
summary,opt_s2,dual,alpha,median_bias,-0.0003579995511254,-0.0003579989150847007,6.360406992755863e-10
summary,opt_s2,dual,alpha,rmse,0.0612258060993096,0.061225806062617655,-3.6691948090972204e-11
summary,opt_s2,dual,alpha,mae,0.0361159048968949,0.03611590415727389,-7.396210102705858e-10
summary,opt_s2,dual,alpha,q05,0.2680963688867486,0.26809636892713196,4.0383363320017907e-11
summary,opt_s2,dual,alpha,q95,0.4618777666424869,0.46187777451745254,7.874965624043995e-09
summary,opt_s2,dual,beta,bias,0.0053777026080895,0.0053777023658701266,-2.422193730311495e-10
summary,opt_s2,dual,beta,median_bias,-0.0014030385729567,-0.0014030352504064703,3.3225502297368203e-09
summary,opt_s2,dual,beta,rmse,0.0655905086673045,0.06559050847945998,-1.8784451771836075e-10
summary,opt_s2,dual,beta,mae,0.0425358533615779,0.04253585411810937,7.565314694146785e-10
summary,opt_s2,dual,beta,q05,0.2803673469520515,0.28036734766259286,7.105413479813194e-10
summary,opt_s2,dual,beta,q95,0.4896740758236113,0.48967408293724596,7.113634681310543e-09
summary,opt_s2,dual,a,bias,-0.0007688891100484,-0.0007688891100484622,-6.223320470066795e-17
summary,opt_s2,dual,a,median_bias,-0.00082005035321,-0.0008200503532100889,-8.890457814381136e-17
summary,opt_s2,dual,a,rmse,0.0487775416899863,0.04877754168998633,3.469446951953614e-17
summary,opt_s2,dual,a,mae,0.0342857647368942,0.034285764736894236,3.469446951953614e-17
summary,opt_s2,dual,a,q05,0.4334490579751506,0.4334490579751506,0.0
summary,opt_s2,dual,a,q95,0.5873656972748423,0.5873656972748423,0.0
summary,opt_s2,dual,gamma,bias,0.0010262690941196,0.0010262689829130616,-1.112065383356009e-10
summary,opt_s2,dual,gamma,median_bias,-0.0001935213807028,-0.00019352168208586207,-3.013830620615318e-10
summary,opt_s2,dual,gamma,rmse,0.0250693209319754,0.025069320844699435,-8.72759642334131e-11
summary,opt_s2,dual,gamma,mae,0.0153254077177759,0.015325408953319825,1.2355439241162891e-09
summary,opt_s2,dual,gamma,q05,0.1434347040698246,0.14343470367642067,-3.934039205510942e-10
summary,opt_s2,dual,gamma,q95,0.2226446177060598,0.22264461941354874,1.7074889280266348e-09
summary,opt_s2,dual,sigma_star,bias,-0.0019991240806936,-0.0019991239662403596,1.1445324028802606e-10
summary,opt_s2,dual,sigma_star,median_bias,-0.0016823818801708,-0.0016823825506058765,-6.704350765957684e-10
summary,opt_s2,dual,sigma_star,rmse,0.0275751881132527,0.027575188036954162,-7.629853693291722e-11
summary,opt_s2,dual,sigma_star,mae,0.0169377922131272,0.01693779255356448,3.404372790616339e-10
summary,opt_s2,dual,sigma_star,q05,0.6902637664857323,0.6902637666073346,1.2160228379798355e-10
summary,opt_s2,dual,sigma_star,q95,0.7743296091118789,0.7743296086699069,-4.4197201454210244e-10
summary,opt_s2,dual,lnMstar,bias,-0.0010567334449262,-0.001056733444926266,-6.591949208711867e-17
summary,opt_s2,dual,lnMstar,median_bias,-0.0277444998324765,-0.02774449983247651,-1.0408340855860843e-17
summary,opt_s2,dual,lnMstar,rmse,0.913072003305046,0.913072003305046,0.0
summary,opt_s2,dual,lnMstar,mae,0.6334270325476727,0.6334270325476727,0.0
summary,opt_s2,dual,lnMstar,q05,1.4589898038859634,1.4589898038859634,0.0
summary,opt_s2,dual,lnMstar,q95,4.389946836225307,4.389946836225307,0.0
summary,kaplan,primal,alpha,bias,-0.0096263894200033,-0.010062084720733453,-0.0004356953007301524
summary,kaplan,primal,alpha,median_bias,-0.002407775469008,-0.0030622446268923076,-0.0006544691578843076
summary,kaplan,primal,alpha,rmse,0.0649089590735046,0.06507744081413579,0.00016848174063119337
summary,kaplan,primal,alpha,mae,0.0404162083357569,0.04041620833575699,9.020562075079397e-17
summary,kaplan,primal,alpha,q05,0.2218033186032217,0.2167992634783011,-0.005004055124920581
summary,kaplan,primal,alpha,q95,0.4337279499085217,0.4337279499085217,0.0
summary,kaplan,primal,alpha,wald_cover,0.883419689119171,0.8811369509043928,-0.0022827382147782016
summary,kaplan,primal,alpha,corner_share,0.0,0.0,0.0
summary,kaplan,primal,beta,bias,0.160994045069671,0.16626847992183394,0.005274434852162946
summary,kaplan,primal,beta,median_bias,0.0127525458366947,0.013285235708106552,0.0005326898714118518
summary,kaplan,primal,beta,rmse,0.5660367481457844,0.57551338863092,0.009476640485135635
summary,kaplan,primal,beta,mae,0.2831231046542889,0.2831231046542889,0.0
summary,kaplan,primal,beta,q05,0.0461548874743661,0.04615488747436611,6.938893903907228e-18
summary,kaplan,primal,beta,q95,1.528590742584491,1.6910016798287602,0.16241093724426925
summary,kaplan,primal,beta,wald_cover,0.9715025906735753,0.9715762273901809,7.363671660565174e-05
summary,kaplan,primal,beta,corner_share,0.0,0.0,0.0
summary,kaplan,primal,a,bias,-0.0294119382009538,-0.0278464962401776,0.0015654419607762024
summary,kaplan,primal,a,median_bias,0.0052859304039366,0.006363099363802693,0.0010771689598660936
summary,kaplan,primal,a,rmse,0.26472180926626,0.26485730634442683,0.0001354970781668463
summary,kaplan,primal,a,mae,0.2353909761437733,0.23539097614377333,2.7755575615628914e-17
summary,kaplan,primal,a,q05,0.1121353782996585,0.11213537829965854,4.163336342344337e-17
summary,kaplan,primal,a,q95,0.8789438988341622,0.8820416887601432,0.003097789925980976
summary,kaplan,primal,a,wald_cover,0.8186528497409327,0.8165374677002584,-0.0021153820406742962
summary,kaplan,primal,a,corner_share,0.0,0.0,0.0
summary,kaplan,primal,gamma,bias,-0.0285324307577519,-0.028260640996964542,0.00027178976078735817
summary,kaplan,primal,gamma,median_bias,-0.0033401597319962,-0.0029391690991034114,0.00040099063289278846
summary,kaplan,primal,gamma,rmse,0.0717453043904663,0.07156280163279756,-0.00018250275766873436
summary,kaplan,primal,gamma,mae,0.0353293958466963,0.035249789744455584,-7.960610224071879e-05
summary,kaplan,primal,gamma,q05,0.0407311258842438,0.040731125868461046,-1.5782757045723628e-11
summary,kaplan,primal,gamma,q95,0.2225965684439887,0.22259658080767522,1.2363686519023531e-08
summary,kaplan,primal,gamma,wald_cover,0.8911917098445595,0.8914728682170543,0.00028115837249476083
summary,kaplan,primal,gamma,corner_share,0.0,0.0,0.0
summary,kaplan,primal,sigma_star,bias,-0.0223533539678246,-0.02313820326332519,-0.0007848492955005899
summary,kaplan,primal,sigma_star,median_bias,-0.0032186958375958,-0.003824520715417612,-0.0006058248778218118
summary,kaplan,primal,sigma_star,rmse,0.1013748429922257,0.102411734895929,0.0010368919037033048
summary,kaplan,primal,sigma_star,mae,0.0621719827471946,0.06294058377844441,0.0007686010312498159
summary,kaplan,primal,sigma_star,q05,0.5322177018405478,0.513988519437261,-0.01822918240328686
summary,kaplan,primal,sigma_star,q95,0.8309722333791457,0.8309722333791457,0.0
summary,kaplan,primal,sigma_star,wald_cover,0.9196891191709844,0.917312661498708,-0.002376457672276344
summary,kaplan,primal,sigma_star,corner_share,0.0,0.0,0.0
summary,kaplan,primal,lnMstar,bias,0.3777730270941221,0.3441885657229854,-0.03358446137113669
summary,kaplan,primal,lnMstar,median_bias,-0.0148322158332778,-0.0309634976408939,-0.0161312818076161
summary,kaplan,primal,lnMstar,rmse,4.966031008187036,4.9672303137731975,0.0011993055861614366
summary,kaplan,primal,lnMstar,mae,4.454687496392708,4.454687496392708,0.0
summary,kaplan,primal,lnMstar,q05,-4.675275227370726,-4.771056158558555,-0.09578093118782949
summary,kaplan,primal,lnMstar,q95,10.675762618035565,10.66198858771834,-0.013774030317224017
summary,kaplan,primal,lnMstar,wald_cover,0.8316062176165803,0.8294573643410853,-0.0021488532754949663
summary,kaplan,primal,lnMstar,corner_share,0.0,0.0,0.0
summary,kaplan,dual,alpha,bias,-0.0559232320613806,-0.05592323205569482,5.68577823711891e-12
summary,kaplan,dual,alpha,median_bias,-0.0560834114103536,-0.05608340956986366,1.8404899410073838e-09
summary,kaplan,dual,alpha,rmse,0.0578147859240339,0.05781478591425256,-9.781335463809882e-12
summary,kaplan,dual,alpha,mae,0.0560834114103536,0.05608340956986366,-1.8404899410073838e-09
summary,kaplan,dual,alpha,q05,0.2692018701630578,0.2692018700597032,-1.0335460265409324e-10
summary,kaplan,dual,alpha,q95,0.3196473623930388,0.3196473593490316,-3.0440072129600537e-09
summary,kaplan,dual,beta,bias,0.4229606215901295,0.4229606216104887,2.035921431442489e-11
summary,kaplan,dual,beta,median_bias,0.4207026263506276,0.42070262683698106,4.863534575072492e-10
summary,kaplan,dual,beta,rmse,0.4249607970121357,0.4249607970378999,2.576422408751e-11
summary,kaplan,dual,beta,mae,0.4207026263506276,0.42070262683698106,4.863534575072492e-10
summary,kaplan,dual,beta,q05,0.7254756494814033,0.7254756485269315,-9.544718349019377e-10
summary,kaplan,dual,beta,q95,0.8592075534449274,0.8592075677241723,1.4279244897608123e-08
summary,kaplan,dual,a,bias,0.2172632082539231,0.21726320825392315,5.551115123125783e-17
summary,kaplan,dual,a,median_bias,0.2172834015839398,0.21728340158393988,8.326672684688674e-17
summary,kaplan,dual,a,rmse,0.2172781888836373,0.21727818888363737,5.551115123125783e-17
summary,kaplan,dual,a,mae,0.2172834015839398,0.21728340158393988,8.326672684688674e-17
summary,kaplan,dual,a,q05,0.7255873425768464,0.7255873425768464,0.0
summary,kaplan,dual,a,q95,0.733900837613041,0.733900837613041,0.0
summary,kaplan,dual,gamma,bias,0.0347482424447318,0.034748242449246465,4.514666418486968e-12
summary,kaplan,dual,gamma,median_bias,0.0345001132344721,0.03450011565870369,2.4242315863065578e-09
summary,kaplan,dual,gamma,rmse,0.0363731762461,0.03637317624903646,2.936456633406692e-12
summary,kaplan,dual,gamma,mae,0.0345001132344721,0.03450011565870369,2.4242315863065578e-09
summary,kaplan,dual,gamma,q05,0.1964349880407142,0.1964349879501052,-9.06089925312159e-11
summary,kaplan,dual,gamma,q95,0.2330744904227215,0.23307449058941374,1.666922433418705e-10
summary,kaplan,dual,sigma_star,bias,-0.087601290913253,-0.087601290918529,-5.276001857623669e-12
summary,kaplan,dual,sigma_star,median_bias,-0.0873925022724594,-0.08739250227677353,-4.314132384664049e-12
summary,kaplan,dual,sigma_star,rmse,0.0883788706497643,0.08837887065539858,5.634284705458015e-12
summary,kaplan,dual,sigma_star,mae,0.0873925022724594,0.08739250227677353,4.314132384664049e-12
summary,kaplan,dual,sigma_star,q05,0.6292403777069928,0.6292403779335092,2.2651636122361651e-10
summary,kaplan,dual,sigma_star,q95,0.6674902894385017,0.6674902880617284,-1.3767733619829414e-09
summary,kaplan,dual,lnMstar,bias,-3.9171992193447895,-3.9171992193447895,0.0
summary,kaplan,dual,lnMstar,median_bias,-3.918731999349568,-3.918731999349568,0.0
summary,kaplan,dual,lnMstar,rmse,3.9174909423147857,3.9174909423147857,0.0
summary,kaplan,dual,lnMstar,mae,3.918731999349568,3.918731999349568,0.0
summary,kaplan,dual,lnMstar,q05,-1.0953564037125858,-1.0953564037125858,0.0
summary,kaplan,dual,lnMstar,q95,-0.9373281534272044,-0.9373281534272045,-1.1102230246251565e-16
summary,iso16_digit,primal,alpha,bias,-0.0008251914892395,-0.0008251915995313782,-1.102918781694176e-10
summary,iso16_digit,primal,alpha,median_bias,-0.0002605807036829,-0.0002605807036829555,-5.551115123125783e-17
summary,iso16_digit,primal,alpha,rmse,0.0094698022476117,0.009469802332437617,8.482591712377641e-11
summary,iso16_digit,primal,alpha,mae,0.0064389523280785,0.006438952356315364,2.8236864235697823e-11
summary,iso16_digit,primal,alpha,q05,0.329477083048017,0.32947708304801704,5.551115123125783e-17
summary,iso16_digit,primal,alpha,q95,0.3609992000207888,0.3609991999624615,-5.832728744437077e-11
summary,iso16_digit,primal,alpha,wald_cover,0.93,0.93,0.0
summary,iso16_digit,primal,alpha,corner_share,0.0,0.0,0.0
summary,iso16_digit,primal,beta,bias,-0.0008319734065964,-0.0008319734191544014,-1.2558001405253705e-11
summary,iso16_digit,primal,beta,median_bias,-0.0002875340875191,-0.0002875340875191368,-3.6808663755882876e-17
summary,iso16_digit,primal,beta,rmse,0.010208952074307,0.010208952080305546,5.998545410390577e-12
summary,iso16_digit,primal,beta,mae,0.0065485995331198,0.006548599533119842,4.2500725161431774e-17
summary,iso16_digit,primal,beta,q05,0.3493478914994484,0.34934789149944845,5.551115123125783e-17
summary,iso16_digit,primal,beta,q95,0.3825917998770287,0.3825918067422038,6.865175095072118e-09
summary,iso16_digit,primal,beta,wald_cover,0.924,0.924,0.0
summary,iso16_digit,primal,beta,corner_share,0.0,0.0,0.0
summary,iso16_digit,primal,a,bias,1.6173044005009186e-05,1.6173116179368784e-05,7.217435959796267e-11
summary,iso16_digit,primal,a,median_bias,-0.0005422803323779,-0.0005422803323779091,-9.107298248878237e-18
summary,iso16_digit,primal,a,rmse,0.0089205011257132,0.008920501134786646,9.073446854968026e-12
summary,iso16_digit,primal,a,mae,0.0059104553519871,0.005910455351987198,9.80118763926896e-17
summary,iso16_digit,primal,a,q05,0.4976373738720026,0.4976373738720026,0.0
summary,iso16_digit,primal,a,q95,0.5279370142852963,0.5279370142852963,0.0
summary,iso16_digit,primal,a,wald_cover,0.914,0.914,0.0
summary,iso16_digit,primal,a,corner_share,0.0,0.0,0.0
summary,iso16_digit,primal,gamma,bias,-0.0004710638034391,-0.00047106383552174584,-3.208264583902734e-11
summary,iso16_digit,primal,gamma,median_bias,-0.0004147400939607,-0.0004147400939607665,-6.65158032819857e-17
summary,iso16_digit,primal,gamma,rmse,0.003762474101496,0.0037624741293365528,2.7840552779823113e-11
summary,iso16_digit,primal,gamma,mae,0.0025587509225517,0.002558750952529873,2.997817315567031e-11
summary,iso16_digit,primal,gamma,q05,0.1719487465806628,0.17194874658066286,5.551115123125783e-17
summary,iso16_digit,primal,gamma,q95,0.1837070563423672,0.18370705634236725,5.551115123125783e-17
summary,iso16_digit,primal,gamma,wald_cover,0.936,0.936,0.0
summary,iso16_digit,primal,gamma,corner_share,0.0,0.0,0.0
summary,iso16_digit,primal,sigma_star,bias,0.0004727566540051,0.00047275668769503374,3.368993376374335e-11
summary,iso16_digit,primal,sigma_star,median_bias,0.0004547334390552,0.0004547335266019137,8.754671369359118e-11
summary,iso16_digit,primal,sigma_star,rmse,0.0040895692830342,0.004089569312502132,2.9467932434468214e-11
summary,iso16_digit,primal,sigma_star,mae,0.002769646346293,0.0027696463462930088,8.673617379884035e-18
summary,iso16_digit,primal,sigma_star,q05,0.7310515935662654,0.7310515935662654,0.0
summary,iso16_digit,primal,sigma_star,q95,0.743899192240449,0.7438991922344417,-6.0073057639442595e-12
summary,iso16_digit,primal,sigma_star,wald_cover,0.936,0.936,0.0
summary,iso16_digit,primal,sigma_star,corner_share,0.0,0.0,0.0
summary,iso16_digit,primal,lnMstar,bias,-0.0004566377292281,-0.00045663958246895843,-1.8532408584083157e-09
summary,iso16_digit,primal,lnMstar,median_bias,0.0045911993794347,0.004591199379434752,5.204170427930421e-17
summary,iso16_digit,primal,lnMstar,rmse,0.1977917254083417,0.197791725481772,7.343031738216155e-11
summary,iso16_digit,primal,lnMstar,mae,0.1344439015324765,0.13444389078896846,-1.07435080554108e-08
summary,iso16_digit,primal,lnMstar,q05,2.5670249165414916,2.5670249243106515,7.769159982018436e-09
summary,iso16_digit,primal,lnMstar,q95,3.227521496368812,3.2275214968539876,4.851754553669707e-10
summary,iso16_digit,primal,lnMstar,wald_cover,0.92,0.92,0.0
summary,iso16_digit,primal,lnMstar,corner_share,0.0,0.0,0.0
summary,iso16_digit,dual,alpha,bias,0.0012102142013463,0.0012102142820113154,8.06650154658306e-11
summary,iso16_digit,dual,alpha,median_bias,0.0007562586368809,0.0007562572524887345,-1.3843921654660071e-09
summary,iso16_digit,dual,alpha,rmse,0.0311986923044881,0.031198692568880266,2.643921644118752e-10
summary,iso16_digit,dual,alpha,mae,0.0202199664544354,0.020219964523760625,-1.9306747763014886e-09
summary,iso16_digit,dual,alpha,q05,0.298485428221681,0.29848542749135504,-7.303259663693495e-10
summary,iso16_digit,dual,alpha,q95,0.3997433903008816,0.3997433910493686,7.484870501173191e-10
summary,iso16_digit,dual,beta,bias,0.0009620065930123,0.0009620066770442241,8.403192410574162e-11
summary,iso16_digit,dual,beta,median_bias,0.0007623248516145,0.0007623233526081186,-1.4990063814789706e-09
summary,iso16_digit,dual,beta,rmse,0.0328758158073474,0.03287581606311395,2.5576654683057143e-10
summary,iso16_digit,dual,beta,mae,0.0208307831354163,0.02083078232186361,-8.135526904928803e-10
summary,iso16_digit,dual,beta,q05,0.3139651251932124,0.3139651154824816,-9.710730775047693e-09
summary,iso16_digit,dual,beta,q95,0.4255607342124132,0.42556073453894544,3.2653224568690575e-10
summary,iso16_digit,dual,a,bias,-0.0002232165969653,-0.00022321659696530272,-2.710505431213761e-18
summary,iso16_digit,dual,a,median_bias,-0.0001337246144951,-0.0001337246144951787,-7.868597266813548e-17
summary,iso16_digit,dual,a,rmse,0.0079416718239803,0.007941671823980371,7.112366251504909e-17
summary,iso16_digit,dual,a,mae,0.0052684205212273,0.0052684205212273905,9.020562075079397e-17
summary,iso16_digit,dual,a,q05,0.4996354714464705,0.4996354714464705,0.0
summary,iso16_digit,dual,a,q95,0.5254276652939253,0.5254276652939253,0.0
summary,iso16_digit,dual,gamma,bias,0.0005008509366538,0.0005008509778166116,4.116281154906837e-11
summary,iso16_digit,dual,gamma,median_bias,0.0008196961939316,0.0008196954148887159,-7.790428841305055e-10
summary,iso16_digit,dual,gamma,rmse,0.0157340333267395,0.015734033459690232,1.329507302860744e-10
summary,iso16_digit,dual,gamma,mae,0.0100297976447586,0.010029797834268106,1.895095053106033e-10
summary,iso16_digit,dual,gamma,q05,0.1529714972754438,0.15297149253410863,-4.741335157820714e-09
summary,iso16_digit,dual,gamma,q95,0.2057180915295371,0.20571811722634586,2.569680876418623e-08
summary,iso16_digit,dual,sigma_star,bias,-0.0001922465836064,-0.0001922466217789629,-3.8172562902500165e-11
summary,iso16_digit,dual,sigma_star,median_bias,-0.00095501807545,-0.0009550173642953186,7.111546813671349e-10
summary,iso16_digit,dual,sigma_star,rmse,0.0171404182781978,0.017140418416858476,1.3866067669066062e-10
summary,iso16_digit,dual,sigma_star,mae,0.0107652838528751,0.010765284217024829,3.6414972946763324e-10
summary,iso16_digit,dual,sigma_star,q05,0.708257568202077,0.7082575423911452,-2.5810931725267494e-08
summary,iso16_digit,dual,sigma_star,q95,0.7656143523749429,0.7656143579330726,5.558129734239969e-09
summary,iso16_digit,dual,lnMstar,bias,0.0358880666405077,0.035888066640507775,7.632783294297951e-17
summary,iso16_digit,dual,lnMstar,median_bias,0.0343336974622441,0.03433369746224413,2.7755575615628914e-17
summary,iso16_digit,dual,lnMstar,rmse,0.1629368611710659,0.16293686117106596,5.551115123125783e-17
summary,iso16_digit,dual,lnMstar,mae,0.1088997837443663,0.10889978374436637,6.938893903907228e-17
summary,iso16_digit,dual,lnMstar,q05,2.6703981059304245,2.6703981059304245,0.0
summary,iso16_digit,dual,lnMstar,q95,3.2055758396882807,3.2055758396882807,0.0
summary,iso16_sd0.005,primal,alpha,bias,-0.0005727465987023,-0.0005727465550368389,4.366546111234798e-11
summary,iso16_sd0.005,primal,alpha,median_bias,-0.0008114738689884,-0.0008114738689884438,-4.380176776841438e-17
summary,iso16_sd0.005,primal,alpha,rmse,0.0058256778054669,0.005825677786634273,-1.883262729790447e-11
summary,iso16_sd0.005,primal,alpha,mae,0.0041411105431712,0.004141110543171261,6.158268339717665e-17
summary,iso16_sd0.005,primal,alpha,q05,0.3382363822548819,0.33823638220979235,-4.5089543210252714e-11
summary,iso16_sd0.005,primal,alpha,q95,0.3571203051924578,0.35712030516772253,-2.4735269388287406e-11
summary,iso16_sd0.005,primal,alpha,wald_cover,0.952,0.952,0.0
summary,iso16_sd0.005,primal,alpha,corner_share,0.0,0.0,0.0
summary,iso16_sd0.005,primal,beta,bias,-0.0001651420088004,-0.00016514196383864732,4.4961752691200646e-11
summary,iso16_sd0.005,primal,beta,median_bias,-9.989807613147716e-05,-9.989529088808013e-05,2.7852433970299018e-09
summary,iso16_sd0.005,primal,beta,rmse,0.0059346670848715,0.005934667077252559,-7.618941068321394e-12
summary,iso16_sd0.005,primal,beta,mae,0.0041332402087523,0.004133240208752359,5.898059818321144e-17
summary,iso16_sd0.005,primal,beta,q05,0.3556857195043763,0.3556857195043763,0.0
summary,iso16_sd0.005,primal,beta,q95,0.3755315134951171,0.37553151216219843,-1.332918664331828e-09
summary,iso16_sd0.005,primal,beta,wald_cover,0.95,0.95,0.0
summary,iso16_sd0.005,primal,beta,corner_share,0.0,0.0,0.0
summary,iso16_sd0.005,primal,a,bias,0.0002994062598546,0.0002994062590453711,-8.092289316939671e-13
summary,iso16_sd0.005,primal,a,median_bias,0.0005167628631932,0.0005167631439107478,2.8071754783979413e-10
summary,iso16_sd0.005,primal,a,rmse,0.0052986059164459,0.005298605899557082,-1.6888817601368178e-11
summary,iso16_sd0.005,primal,a,mae,0.0039338091238423,0.003933809123842336,3.5561831257524545e-17
summary,iso16_sd0.005,primal,a,q05,0.5045465239448038,0.5045465239448038,0.0
summary,iso16_sd0.005,primal,a,q95,0.5216307593307506,0.5216307593621816,3.1430968938650494e-11
summary,iso16_sd0.005,primal,a,wald_cover,0.946,0.946,0.0
summary,iso16_sd0.005,primal,a,corner_share,0.0,0.0,0.0
summary,iso16_sd0.005,primal,gamma,bias,-0.0002097444998142,-0.0002097444775381886,2.2276011411989302e-11
summary,iso16_sd0.005,primal,gamma,median_bias,-0.0002237290605261,-0.00022372906052617325,-7.323785675139582e-17
summary,iso16_sd0.005,primal,gamma,rmse,0.0022565124845709,0.00225651247979059,-4.780309828533724e-12
summary,iso16_sd0.005,primal,gamma,mae,0.0015047441125886,0.0015047443100478786,1.974592785287943e-10
summary,iso16_sd0.005,primal,gamma,q05,0.1741900412371783,0.17419004123912785,1.949551631241775e-12
summary,iso16_sd0.005,primal,gamma,q95,0.1817838283671185,0.18178382836711854,2.7755575615628914e-17
summary,iso16_sd0.005,primal,gamma,wald_cover,0.942,0.942,0.0
summary,iso16_sd0.005,primal,gamma,corner_share,0.0,0.0,0.0
summary,iso16_sd0.005,primal,sigma_star,bias,0.0002085499813745,0.0002085499572718581,-2.4102641892976076e-11
summary,iso16_sd0.005,primal,sigma_star,median_bias,0.0002191889560883,0.000219188737224707,-2.1886359299330346e-10
summary,iso16_sd0.005,primal,sigma_star,rmse,0.0024495793259296,0.0024495793210590174,-4.870582669819212e-12
summary,iso16_sd0.005,primal,sigma_star,mae,0.0016366143229339,0.001636614322933938,3.7947076036992655e-17
summary,iso16_sd0.005,primal,sigma_star,q05,0.7332771611843316,0.7332771611843316,0.0
summary,iso16_sd0.005,primal,sigma_star,q95,0.7414738253184809,0.7414738252705175,-4.796341102064616e-11
summary,iso16_sd0.005,primal,sigma_star,wald_cover,0.946,0.946,0.0
summary,iso16_sd0.005,primal,sigma_star,corner_share,0.0,0.0,0.0
summary,iso16_sd0.005,primal,lnMstar,bias,-0.0068865445867658,-0.0068865446765175925,-8.975179280334977e-11
summary,iso16_sd0.005,primal,lnMstar,median_bias,-0.0071121939714773,-0.0071122040740216885,-1.0102544388719548e-08
summary,iso16_sd0.005,primal,lnMstar,rmse,0.1202827652967971,0.1202827649993075,-2.974896023966167e-10
summary,iso16_sd0.005,primal,lnMstar,mae,0.089550430193374,0.08955043019337405,5.551115123125783e-17
summary,iso16_sd0.005,primal,lnMstar,q05,2.696503232814551,2.696503232814551,0.0
summary,iso16_sd0.005,primal,lnMstar,q95,3.087382920594774,3.0873829207594023,1.646283109835167e-10
summary,iso16_sd0.005,primal,lnMstar,wald_cover,0.95,0.95,0.0
summary,iso16_sd0.005,primal,lnMstar,corner_share,0.0,0.0,0.0
summary,iso16_sd0.005,dual,alpha,bias,0.0012897365591513,0.001289736419508959,-1.3964234109320461e-10
summary,iso16_sd0.005,dual,alpha,median_bias,0.0009066973663841,0.0009066974036508746,3.726677462716904e-11
summary,iso16_sd0.005,dual,alpha,rmse,0.0194849357250153,0.019484935791721125,6.67058248915442e-11
summary,iso16_sd0.005,dual,alpha,mae,0.013691291415244,0.013691291375161174,-4.0082825947251877e-11
summary,iso16_sd0.005,dual,alpha,q05,0.3170675556726786,0.3170675518119534,-3.86072518399061e-09
summary,iso16_sd0.005,dual,alpha,q95,0.3818525705463339,0.3818525706490584,1.0272449557646723e-10
summary,iso16_sd0.005,dual,beta,bias,0.0010476595669071,0.0010476594151584866,-1.5174861345799984e-10
summary,iso16_sd0.005,dual,beta,median_bias,0.0009180356402649,0.0009180350484375432,-5.918273567615331e-10
summary,iso16_sd0.005,dual,beta,rmse,0.020271190165625,0.020271190146276204,-1.9348796870266582e-11
summary,iso16_sd0.005,dual,beta,mae,0.0140725217172856,0.014072520776125697,-9.41159903483646e-10
summary,iso16_sd0.005,dual,beta,q05,0.3330745594110254,0.3330745596020153,1.909899460805775e-10
summary,iso16_sd0.005,dual,beta,q95,0.4010988226502117,0.40109882263490576,-1.5305923195541027e-11
summary,iso16_sd0.005,dual,a,bias,-0.0002050495901305,-0.00020504959013053215,-3.2146594414195206e-17
summary,iso16_sd0.005,dual,a,median_bias,-0.0002031120536835,-0.0002031120536835629,-6.288372600415926e-17
summary,iso16_sd0.005,dual,a,rmse,0.0048198864861456,0.004819886486145605,5.204170427930421e-18
summary,iso16_sd0.005,dual,a,mae,0.0033391117896486,0.00333911178964863,2.992397996059992e-17
summary,iso16_sd0.005,dual,a,q05,0.5046861538259912,0.5046861538259912,0.0
summary,iso16_sd0.005,dual,a,q95,0.5201175704136228,0.5201175704136228,0.0
summary,iso16_sd0.005,dual,gamma,bias,0.0005711151765396,0.0005711151038101336,-7.27294663296213e-11
summary,iso16_sd0.005,dual,gamma,median_bias,0.00051392001734,0.0005139200610620592,4.3722059176257155e-11
summary,iso16_sd0.005,dual,gamma,rmse,0.0097814543388543,0.009781454352575183,1.3720882069412355e-11
summary,iso16_sd0.005,dual,gamma,mae,0.0069020911340429,0.006902091134042901,8.673617379884035e-19
summary,iso16_sd0.005,dual,gamma,q05,0.162733532631362,0.16273353323735804,6.059960311333157e-10
summary,iso16_sd0.005,dual,gamma,q95,0.1950468313349667,0.19504683098645656,-3.485101374156585e-10
summary,iso16_sd0.005,dual,sigma_star,bias,-0.0004817428274949,-0.000481742748031504,7.94633959869985e-11
summary,iso16_sd0.005,dual,sigma_star,median_bias,-0.000552594444209,-0.0005525962450289579,-1.8008199578886316e-09
summary,iso16_sd0.005,dual,sigma_star,rmse,0.0106156414437173,0.010615641452599767,8.882467678050787e-12
summary,iso16_sd0.005,dual,sigma_star,mae,0.007492102709408,0.007492102754578345,4.517034489504024e-11
summary,iso16_sd0.005,dual,sigma_star,q05,0.7192896230981831,0.7192896234589652,3.607820708850795e-10
summary,iso16_sd0.005,dual,sigma_star,q95,0.754235818001504,0.7542358172852105,-7.162934689830536e-10
summary,iso16_sd0.005,dual,lnMstar,bias,0.0349225342377094,0.03492253423770941,1.3877787807814457e-17
summary,iso16_sd0.005,dual,lnMstar,median_bias,0.039678869272794,0.03967886927279407,6.938893903907228e-17
summary,iso16_sd0.005,dual,lnMstar,rmse,0.1025226817243438,0.10252268172434384,4.163336342344337e-17
summary,iso16_sd0.005,dual,lnMstar,mae,0.06773697114691,0.06773697114691002,1.3877787807814457e-17
summary,iso16_sd0.005,dual,lnMstar,q05,2.7707254343363403,2.7707254343363403,0.0
summary,iso16_sd0.005,dual,lnMstar,q95,3.090253852297888,3.090253852297888,0.0
summary,opt_s0.3_sd0.005,primal,alpha,bias,-0.0015970821656456,-0.0015970826087888538,-4.4314325386290987e-10
summary,opt_s0.3_sd0.005,primal,alpha,median_bias,-0.0040324967088189,-0.004032497790220996,-1.0814020954749703e-09
summary,opt_s0.3_sd0.005,primal,alpha,rmse,0.0465344237752019,0.046534424154224534,3.790226327238244e-10
summary,opt_s0.3_sd0.005,primal,alpha,mae,0.0285675690161041,0.028567569016104105,3.469446951953614e-18
summary,opt_s0.3_sd0.005,primal,alpha,q05,0.274599752105144,0.2745997637977607,1.1692616708192105e-08
summary,opt_s0.3_sd0.005,primal,alpha,q95,0.4282814889097387,0.4282814889097387,0.0
summary,opt_s0.3_sd0.005,primal,alpha,wald_cover,0.942,0.942,0.0
summary,opt_s0.3_sd0.005,primal,alpha,corner_share,0.0,0.0,0.0
summary,opt_s0.3_sd0.005,primal,beta,bias,0.0036284779645681,0.0036284786283744272,6.638063271800776e-10
summary,opt_s0.3_sd0.005,primal,beta,median_bias,0.0047639282053668,0.004763928205366891,9.107298248878237e-17
summary,opt_s0.3_sd0.005,primal,beta,rmse,0.0510402749847714,0.05104027590183177,9.170603720853876e-10
summary,opt_s0.3_sd0.005,primal,beta,mae,0.0329341100825109,0.032934108852322175,-1.2301887286625401e-09
summary,opt_s0.3_sd0.005,primal,beta,q05,0.2864941570941609,0.28649415709416093,5.551115123125783e-17
summary,opt_s0.3_sd0.005,primal,beta,q95,0.4500442006385199,0.4500441997244341,-9.140858070466606e-10
summary,opt_s0.3_sd0.005,primal,beta,wald_cover,0.938,0.938,0.0
summary,opt_s0.3_sd0.005,primal,beta,corner_share,0.0,0.0,0.0
summary,opt_s0.3_sd0.005,primal,a,bias,0.0032074686872009,0.003207469395616422,7.084155219903854e-10
summary,opt_s0.3_sd0.005,primal,a,median_bias,0.0052226840434156,0.005222684043415693,9.280770596475918e-17
summary,opt_s0.3_sd0.005,primal,a,rmse,0.0649420198167568,0.06494202108682329,1.270066482539356e-09
summary,opt_s0.3_sd0.005,primal,a,mae,0.0417102788644383,0.04171027886443837,6.938893903907228e-17
summary,opt_s0.3_sd0.005,primal,a,q05,0.40729160458085,0.40729160458085,0.0
summary,opt_s0.3_sd0.005,primal,a,q95,0.6155052641793213,0.6155052624212491,-1.758072132318489e-09
summary,opt_s0.3_sd0.005,primal,a,wald_cover,0.936,0.936,0.0
summary,opt_s0.3_sd0.005,primal,a,corner_share,0.0,0.0,0.0
summary,opt_s0.3_sd0.005,primal,gamma,bias,-0.0025806606833435,-0.002580660762566854,-7.922335400548097e-11
summary,opt_s0.3_sd0.005,primal,gamma,median_bias,-0.0023251706629058,-0.0023251706629058427,-4.2934406030425976e-17
summary,opt_s0.3_sd0.005,primal,gamma,rmse,0.0086807230147707,0.008680722518969773,-4.958009263561491e-10
summary,opt_s0.3_sd0.005,primal,gamma,mae,0.0054713972076305,0.005471397207630527,2.688821387764051e-17
summary,opt_s0.3_sd0.005,primal,gamma,q05,0.1629250920879438,0.1629250920514003,-3.6543518211473724e-11
summary,opt_s0.3_sd0.005,primal,gamma,q95,0.1880083232747053,0.18800832330087972,2.617442373953338e-11
summary,opt_s0.3_sd0.005,primal,gamma,wald_cover,0.986,0.986,0.0
summary,opt_s0.3_sd0.005,primal,gamma,corner_share,0.0,0.0,0.0
summary,opt_s0.3_sd0.005,primal,sigma_star,bias,-0.0004683685341645,-0.00046836860379869516,-6.963419516567773e-11
summary,opt_s0.3_sd0.005,primal,sigma_star,median_bias,-0.0006175865880957,-0.0006175770434630468,9.544632653245982e-09
summary,opt_s0.3_sd0.005,primal,sigma_star,rmse,0.0078285948846917,0.007828594430038053,-4.546536463284623e-10
summary,opt_s0.3_sd0.005,primal,sigma_star,mae,0.00551879045698,0.005518790425575404,-3.140459593764522e-11
summary,opt_s0.3_sd0.005,primal,sigma_star,q05,0.7234990540632776,0.7234990540632776,0.0
summary,opt_s0.3_sd0.005,primal,sigma_star,q95,0.7491034405023816,0.7491034279086947,-1.2593686982143026e-08
summary,opt_s0.3_sd0.005,primal,sigma_star,wald_cover,0.968,0.968,0.0
summary,opt_s0.3_sd0.005,primal,sigma_star,corner_share,0.0,0.0,0.0
summary,opt_s0.3_sd0.005,primal,lnMstar,bias,-0.0563353830980236,-0.05633540178033663,-1.86823130299274e-08
summary,opt_s0.3_sd0.005,primal,lnMstar,median_bias,-0.1595154984302305,-0.15951598238869402,-4.83958463526335e-07
summary,opt_s0.3_sd0.005,primal,lnMstar,rmse,1.2962628397621376,1.2962628643395346,2.457739700645334e-08
summary,opt_s0.3_sd0.005,primal,lnMstar,mae,0.8448326242055448,0.8448326586831487,3.447760388297638e-08
summary,opt_s0.3_sd0.005,primal,lnMstar,q05,0.828158973237653,0.8281589799459473,6.7082943644436455e-09
summary,opt_s0.3_sd0.005,primal,lnMstar,q95,5.151041411094272,5.151041411094272,0.0
summary,opt_s0.3_sd0.005,primal,lnMstar,wald_cover,0.94,0.94,0.0
summary,opt_s0.3_sd0.005,primal,lnMstar,corner_share,0.0,0.0,0.0
summary,opt_s0.3_sd0.005,dual,alpha,bias,0.000846284612068,0.0008462845824742419,-2.9593758108133195e-11
summary,opt_s0.3_sd0.005,dual,alpha,median_bias,0.0011551933934228,0.0011551918167745645,-1.5766482355794587e-09
summary,opt_s0.3_sd0.005,dual,alpha,rmse,0.0148626573587956,0.014862657474619127,1.1582352611727575e-10
summary,opt_s0.3_sd0.005,dual,alpha,mae,0.0097492668327737,0.009749266625686731,-2.0708696910065605e-10
summary,opt_s0.3_sd0.005,dual,alpha,q05,0.322933421791304,0.3229334252974158,3.506111789786104e-09
summary,opt_s0.3_sd0.005,dual,alpha,q95,0.3736487138501552,0.373648713673341,-1.7681417441295366e-10
summary,opt_s0.3_sd0.005,dual,beta,bias,0.0005857611455052,0.0005857611145647696,-3.094043033932681e-11
summary,opt_s0.3_sd0.005,dual,beta,median_bias,0.0008225854266824,0.0008225887183132274,3.2916308273902087e-09
summary,opt_s0.3_sd0.005,dual,beta,rmse,0.0154640436358399,0.015464043775296865,1.3945696507311478e-10
summary,opt_s0.3_sd0.005,dual,beta,mae,0.0105962853037801,0.010596285334886213,3.1106112477474746e-11
summary,opt_s0.3_sd0.005,dual,beta,q05,0.3423377888064271,0.34233778973020246,9.237753340052279e-10
summary,opt_s0.3_sd0.005,dual,beta,q95,0.3921906856408672,0.3921906847555789,-8.85288287122421e-10
summary,opt_s0.3_sd0.005,dual,a,bias,-0.0002056212655023,-0.0002056212655023384,-3.838075690598686e-17
summary,opt_s0.3_sd0.005,dual,a,median_bias,-4.86694852618319e-05,-4.86694852618319e-05,0.0
summary,opt_s0.3_sd0.005,dual,a,rmse,0.0075223542457129,0.007522354245712976,7.632783294297951e-17
summary,opt_s0.3_sd0.005,dual,a,mae,0.0047450039383216,0.0047450039383216125,1.214306433183765e-17
summary,opt_s0.3_sd0.005,dual,a,q05,0.5006513246688787,0.5006513246688787,0.0
summary,opt_s0.3_sd0.005,dual,a,q95,0.52428393524339,0.52428393524339,0.0
summary,opt_s0.3_sd0.005,dual,gamma,bias,0.0003210008115373,0.00032100079645053177,-1.5086768206246104e-11
summary,opt_s0.3_sd0.005,dual,gamma,median_bias,0.000659251098314,0.0006592515690099221,4.706959221261603e-10
summary,opt_s0.3_sd0.005,dual,gamma,rmse,0.0070790247432739,0.007079024813216056,6.99421562333491e-11
summary,opt_s0.3_sd0.005,dual,gamma,mae,0.0048884900561114,0.004888488821273906,-1.2348374935425288e-09
summary,opt_s0.3_sd0.005,dual,gamma,q05,0.16671050490215,0.16671050671557772,1.8134277135484211e-09
summary,opt_s0.3_sd0.005,dual,gamma,q95,0.1900929063915839,0.19009290939018597,2.9986020610994757e-09
summary,opt_s0.3_sd0.005,dual,sigma_star,bias,-0.0003086517823023,-0.00030865176425365413,1.804864585694052e-11
summary,opt_s0.3_sd0.005,dual,sigma_star,median_bias,-0.0006837671638459,-0.0006837679019707221,-7.381248221145775e-10
summary,opt_s0.3_sd0.005,dual,sigma_star,rmse,0.0076888352382146,0.00768883531701567,7.880107070340481e-11
summary,opt_s0.3_sd0.005,dual,sigma_star,mae,0.0053583716612139,0.0053583712292310515,-4.319828487975297e-10
summary,opt_s0.3_sd0.005,dual,sigma_star,q05,0.7244678229617556,0.7244678240741335,1.1123778564936515e-09
summary,opt_s0.3_sd0.005,dual,sigma_star,q95,0.7496932340961158,0.7496932355682647,1.4721489582925074e-09
summary,opt_s0.3_sd0.005,dual,lnMstar,bias,0.0019533671554923,0.001953367155492341,4.0766001685454967e-17
summary,opt_s0.3_sd0.005,dual,lnMstar,median_bias,0.0034781032473634,0.0034781032473634177,1.7780915628762273e-17
summary,opt_s0.3_sd0.005,dual,lnMstar,rmse,0.1363574806721282,0.13635748067212822,2.7755575615628914e-17
summary,opt_s0.3_sd0.005,dual,lnMstar,mae,0.0879871124312465,0.08798711243124657,6.938893903907228e-17
summary,opt_s0.3_sd0.005,dual,lnMstar,q05,2.6789857473709455,2.6789857473709455,0.0
summary,opt_s0.3_sd0.005,dual,lnMstar,q95,3.122719604280922,3.122719604280922,0.0
summary,iso16_sd0.015,primal,alpha,bias,0.0001048566671706,0.0001048565035467992,-1.6362380080134267e-10
summary,iso16_sd0.015,primal,alpha,median_bias,-0.0010870969252124,-0.0010870977246861813,-7.994737812305058e-10
summary,iso16_sd0.015,primal,alpha,rmse,0.0176354464339287,0.017635446377011244,-5.6917456858762705e-11
summary,iso16_sd0.015,primal,alpha,mae,0.0127757676233878,0.01277576820764506,5.842572606273855e-10
summary,iso16_sd0.015,primal,alpha,q05,0.3211393764409033,0.32113937887190974,2.4310064516974705e-09
summary,iso16_sd0.015,primal,alpha,q95,0.3783703589924352,0.3783703589710376,-2.1397605909356798e-11
summary,iso16_sd0.015,primal,alpha,wald_cover,0.956,0.956,0.0
summary,iso16_sd0.015,primal,alpha,corner_share,0.0,0.0,0.0
summary,iso16_sd0.015,primal,beta,bias,-0.0007469928223339,-0.000746992846170034,-2.3836134021432143e-11
summary,iso16_sd0.015,primal,beta,median_bias,-0.0014322123299302,-0.0014322123299302658,-6.591949208711867e-17
summary,iso16_sd0.015,primal,beta,rmse,0.01825434014185,0.01825434020002087,5.817086742854194e-11
summary,iso16_sd0.015,primal,beta,mae,0.012882171474841,0.012882171474841025,2.6020852139652106e-17
summary,iso16_sd0.015,primal,beta,q05,0.3383394620807875,0.3383394620807875,0.0
summary,iso16_sd0.015,primal,beta,q95,0.3961671281003117,0.3961671255212814,-2.5790302671246934e-09
summary,iso16_sd0.015,primal,beta,wald_cover,0.948,0.948,0.0
summary,iso16_sd0.015,primal,beta,corner_share,0.0,0.0,0.0
summary,iso16_sd0.015,primal,a,bias,-0.0005885813244799,-0.0005885812270888753,9.739102471532923e-11
summary,iso16_sd0.015,primal,a,median_bias,2.5507476559938347e-05,2.5507476559938347e-05,0.0
summary,iso16_sd0.015,primal,a,rmse,0.0151531500167855,0.015153149879458847,-1.3732665352095275e-10
summary,iso16_sd0.015,primal,a,mae,0.0104445596488088,0.01044456001846883,3.6966003001681624e-10
summary,iso16_sd0.015,primal,a,q05,0.4874936782216993,0.48749367925740067,1.0357013580097885e-09
summary,iso16_sd0.015,primal,a,q95,0.5369227077372546,0.5369227077372546,0.0
summary,iso16_sd0.015,primal,a,wald_cover,0.942,0.942,0.0
summary,iso16_sd0.015,primal,a,corner_share,0.0,0.0,0.0
summary,iso16_sd0.015,primal,gamma,bias,-0.0003142790676353,-0.00031427911321327083,-4.557797081373646e-11
summary,iso16_sd0.015,primal,gamma,median_bias,-6.754161345938481e-05,-6.754193919418505e-05,-3.257348002438931e-10
summary,iso16_sd0.015,primal,gamma,rmse,0.0071287393948187,0.007128739435798199,4.097949930781386e-11
summary,iso16_sd0.015,primal,gamma,mae,0.0051151423990649,0.005115142205922157,-1.9314274225107342e-10
summary,iso16_sd0.015,primal,gamma,q05,0.166739994622172,0.1667399943646982,-2.574738200422644e-10
summary,iso16_sd0.015,primal,gamma,q95,0.1899756625345904,0.18997566253459042,2.7755575615628914e-17
summary,iso16_sd0.015,primal,gamma,wald_cover,0.944,0.944,0.0
summary,iso16_sd0.015,primal,gamma,corner_share,0.0,0.0,0.0
summary,iso16_sd0.015,primal,sigma_star,bias,0.0002561319962083,0.00025613204804742607,5.183912609070529e-11
summary,iso16_sd0.015,primal,sigma_star,median_bias,-9.381625329329955e-05,-9.381625329329957e-05,-1.3552527156068805e-20
summary,iso16_sd0.015,primal,sigma_star,rmse,0.0077623186879984,0.0077623187323080664,4.4309666179243035e-11
summary,iso16_sd0.015,primal,sigma_star,mae,0.0055785935305666,0.005578593530566611,1.1275702593849246e-17
summary,iso16_sd0.015,primal,sigma_star,q05,0.7243685055717582,0.7243685051710841,-4.006741605167008e-10
summary,iso16_sd0.015,primal,sigma_star,q95,0.7497189768028276,0.7497189738979005,-2.904927076663455e-09
summary,iso16_sd0.015,primal,sigma_star,wald_cover,0.946,0.946,0.0
summary,iso16_sd0.015,primal,sigma_star,corner_share,0.0,0.0,0.0
summary,iso16_sd0.015,primal,lnMstar,bias,0.0104264504758295,0.010426448013319696,-2.4625098037078796e-09
summary,iso16_sd0.015,primal,lnMstar,median_bias,-0.0031197305251404,-0.0031197229121058268,7.613034573410171e-09
summary,iso16_sd0.015,primal,lnMstar,rmse,0.3412774706785342,0.3412774676122589,-3.066275289231868e-09
summary,iso16_sd0.015,primal,lnMstar,mae,0.2271988556708728,0.22719885567087283,2.7755575615628914e-17
summary,iso16_sd0.015,primal,lnMstar,q05,2.342553234292856,2.342553234292856,0.0
summary,iso16_sd0.015,primal,lnMstar,q95,3.4682590298598677,3.4682590298598677,0.0
summary,iso16_sd0.015,primal,lnMstar,wald_cover,0.942,0.942,0.0
summary,iso16_sd0.015,primal,lnMstar,corner_share,0.0,0.0,0.0
summary,iso16_sd0.015,dual,alpha,bias,-0.0009466896389805,-0.0009466896424575268,-3.4770267177616776e-12
summary,iso16_sd0.015,dual,alpha,median_bias,-0.0047965186837674,-0.004796521998006342,-3.31423894231464e-09
summary,iso16_sd0.015,dual,alpha,rmse,0.063082385201665,0.0630823854224596,2.2079460482160584e-10
summary,iso16_sd0.015,dual,alpha,mae,0.0395981637648397,0.03959816493849497,1.1736552701924197e-09
summary,iso16_sd0.015,dual,alpha,q05,0.2472575146057391,0.24725750802857158,-6.577167532828554e-09
summary,iso16_sd0.015,dual,alpha,q95,0.4508737277606908,0.4508737327393736,4.9786827993614224e-09
summary,iso16_sd0.015,dual,beta,bias,-0.0020692677876492,-0.002069267835232351,-4.758315096109467e-11
summary,iso16_sd0.015,dual,beta,median_bias,-0.0049183888055794,-0.00491838779451062,1.0110687799144702e-09
summary,iso16_sd0.015,dual,beta,rmse,0.0666790511735209,0.06667905116499677,-8.524125849618258e-12
summary,iso16_sd0.015,dual,beta,mae,0.0425539644999879,0.042553964499987995,9.71445146547012e-17
summary,iso16_sd0.015,dual,beta,q05,0.2544595129987694,0.2544595112325951,-1.7661743179075984e-09
summary,iso16_sd0.015,dual,beta,q95,0.4761415265986727,0.4761415269127018,3.1402908051703093e-10
summary,iso16_sd0.015,dual,a,bias,-0.0008052897103963,-0.0008052897103963449,-4.4885969940899884e-17
summary,iso16_sd0.015,dual,a,median_bias,-0.0011027689544145,-0.0011027689544145236,-2.3635607360183997e-17
summary,iso16_sd0.015,dual,a,rmse,0.0142393360943408,0.014239336094340834,3.2959746043559335e-17
summary,iso16_sd0.015,dual,a,mae,0.0091756150505949,0.009175615050594943,4.336808689942018e-17
summary,iso16_sd0.015,dual,a,q05,0.4873478287444654,0.4873478287444654,0.0
summary,iso16_sd0.015,dual,a,q95,0.5344703880130672,0.5344703880130672,0.0
summary,iso16_sd0.015,dual,gamma,bias,-0.0008871361502253,-0.0008871361626424544,-1.2417154327329372e-11
summary,iso16_sd0.015,dual,gamma,median_bias,-0.0015407162162622,-0.0015407160202357134,1.960264864927369e-10
summary,iso16_sd0.015,dual,gamma,rmse,0.031957090062828,0.031957090117114326,5.428632543491574e-11
summary,iso16_sd0.015,dual,gamma,mae,0.0203367415090401,0.02033674140164951,-1.0739058947661917e-10
summary,iso16_sd0.015,dual,gamma,q05,0.1270732060343461,0.12707320956256168,3.528215580805849e-09
summary,iso16_sd0.015,dual,gamma,q95,0.2298995593423631,0.2298995584714021,-8.709610255230871e-10
summary,iso16_sd0.015,dual,sigma_star,bias,0.0024675835666181,0.002467583582584972,1.5966872355527295e-11
summary,iso16_sd0.015,dual,sigma_star,median_bias,0.0015381269446334,0.0015381264891795587,-4.5545384130818434e-10
summary,iso16_sd0.015,dual,sigma_star,rmse,0.035055554841231,0.035055554829854084,-1.1376913300331637e-11
summary,iso16_sd0.015,dual,sigma_star,mae,0.022153350952665,0.022153355728588897,4.7759238959443895e-09
summary,iso16_sd0.015,dual,sigma_star,q05,0.6847893579358989,0.6847893587537064,8.17807488395772e-10
summary,iso16_sd0.015,dual,sigma_star,q95,0.7973006537968943,0.7973006493127057,-4.484188576014958e-09
summary,iso16_sd0.015,dual,lnMstar,bias,0.0441888859763552,0.04418888597635521,6.938893903907228e-18
summary,iso16_sd0.015,dual,lnMstar,median_bias,0.0460127320559986,0.04601273205599865,4.85722573273506e-17
summary,iso16_sd0.015,dual,lnMstar,rmse,0.2841827253241319,0.2841827253241319,0.0
summary,iso16_sd0.015,dual,lnMstar,mae,0.1765371891650673,0.17653718916506733,2.7755575615628914e-17
summary,iso16_sd0.015,dual,lnMstar,q05,2.4955293660040416,2.4955293660040416,0.0
summary,iso16_sd0.015,dual,lnMstar,q95,3.399949767306107,3.3999497673061074,4.440892098500626e-16
summary,opt_s0.3_sd0.015,primal,alpha,bias,0.0113789870596693,0.011378984794314349,-2.265354950500842e-09
summary,opt_s0.3_sd0.015,primal,alpha,median_bias,0.0002222211546942,0.00022222115469422432,2.4313233717987437e-17
summary,opt_s0.3_sd0.015,primal,alpha,rmse,0.1369590909801903,0.1369590909383082,-4.1882108892110637e-11
summary,opt_s0.3_sd0.015,primal,alpha,mae,0.0888374797746348,0.0888374797746348,0.0
summary,opt_s0.3_sd0.015,primal,alpha,q05,0.1485552089106972,0.148555217279629,8.368931797564372e-09
summary,opt_s0.3_sd0.015,primal,alpha,q95,0.5851875090287733,0.5851875001210077,-8.907765525201228e-09
summary,opt_s0.3_sd0.015,primal,alpha,wald_cover,0.9574036511156186,0.9574036511156186,0.0
summary,opt_s0.3_sd0.015,primal,alpha,corner_share,0.0,0.0,0.0
summary,opt_s0.3_sd0.015,primal,beta,bias,0.0129486347289516,0.012948635933696455,1.2047448559593388e-09
summary,opt_s0.3_sd0.015,primal,beta,median_bias,0.0075887788506254,0.0075887788506254494,4.9439619065339e-17
summary,opt_s0.3_sd0.015,primal,beta,rmse,0.153676167690674,0.15367616392645658,-3.764217409996107e-09
summary,opt_s0.3_sd0.015,primal,beta,mae,0.0921950410599961,0.09219504105999615,5.551115123125783e-17
summary,opt_s0.3_sd0.015,primal,beta,q05,0.1418027985906033,0.1418027985906033,0.0
summary,opt_s0.3_sd0.015,primal,beta,q95,0.6390818034079865,0.6390818034079865,0.0
summary,opt_s0.3_sd0.015,primal,beta,wald_cover,0.9553752535496958,0.9553752535496958,0.0
summary,opt_s0.3_sd0.015,primal,beta,corner_share,0.0,0.0,0.0
summary,opt_s0.3_sd0.015,primal,a,bias,-0.0033140337340741,-0.0033140297976409325,3.936433167709558e-09
summary,opt_s0.3_sd0.015,primal,a,median_bias,-0.0046509353381116,-0.0046509353381116725,-7.28583859910259e-17
summary,opt_s0.3_sd0.015,primal,a,rmse,0.1809337454010123,0.18093374456756514,-8.33447172388091e-10
summary,opt_s0.3_sd0.015,primal,a,mae,0.1244126737311103,0.12441266749809116,-6.233019142487528e-09
summary,opt_s0.3_sd0.015,primal,a,q05,0.2082190249666383,0.20821904702626068,2.2059622378778343e-08
summary,opt_s0.3_sd0.015,primal,a,q95,0.8127098334833378,0.8127098334833378,0.0
summary,opt_s0.3_sd0.015,primal,a,wald_cover,0.9188640973630832,0.9188640973630832,0.0
summary,opt_s0.3_sd0.015,primal,a,corner_share,0.0,0.0,0.0
summary,opt_s0.3_sd0.015,primal,gamma,bias,-0.0181566035670687,-0.01815660335095896,2.1610974121344384e-10
summary,opt_s0.3_sd0.015,primal,gamma,median_bias,-0.0132767919388735,-0.013276791938873503,-3.469446951953614e-18
summary,opt_s0.3_sd0.015,primal,gamma,rmse,0.0407795589328136,0.040779557720544424,-1.2122691739335778e-09
summary,opt_s0.3_sd0.015,primal,gamma,mae,0.0217049880462953,0.021704988046295337,3.8163916471489756e-17
summary,opt_s0.3_sd0.015,primal,gamma,q05,0.0889019191742323,0.08890191917423237,6.938893903907228e-17
summary,opt_s0.3_sd0.015,primal,gamma,q95,0.2108206565397093,0.21082065653970936,5.551115123125783e-17
summary,opt_s0.3_sd0.015,primal,gamma,wald_cover,0.9918864097363084,0.9918864097363083,-1.1102230246251565e-16
summary,opt_s0.3_sd0.015,primal,gamma,corner_share,0.0,0.0,0.0
summary,opt_s0.3_sd0.015,primal,sigma_star,bias,-0.0055591992032163,-0.005559198910436313,2.927799868865377e-10
summary,opt_s0.3_sd0.015,primal,sigma_star,median_bias,-0.0052608879195547,-0.005260887919554702,-1.734723475976807e-18
summary,opt_s0.3_sd0.015,primal,sigma_star,rmse,0.0273829947220524,0.027382994770960012,4.890761060027948e-11
summary,opt_s0.3_sd0.015,primal,sigma_star,mae,0.0188269611371773,0.018826961137177356,5.551115123125783e-17
summary,opt_s0.3_sd0.015,primal,sigma_star,q05,0.6904437282319349,0.6904437282319349,0.0
summary,opt_s0.3_sd0.015,primal,sigma_star,q95,0.7747414756534959,0.7747414778931895,2.2396935417390296e-09
summary,opt_s0.3_sd0.015,primal,sigma_star,wald_cover,0.9594320486815416,0.9594320486815415,-1.1102230246251565e-16
summary,opt_s0.3_sd0.015,primal,sigma_star,corner_share,0.0,0.0,0.0
summary,opt_s0.3_sd0.015,primal,lnMstar,bias,0.1093667378826459,0.10936668418410661,-5.369853929571011e-08
summary,opt_s0.3_sd0.015,primal,lnMstar,median_bias,0.1116074820720698,0.11160756036462582,7.829255602165297e-08
summary,opt_s0.3_sd0.015,primal,lnMstar,rmse,3.6646405009729017,3.6646404370554615,-6.391744022948842e-08
summary,opt_s0.3_sd0.015,primal,lnMstar,mae,2.5934488960070468,2.593448915161269,1.915422220832852e-08
summary,opt_s0.3_sd0.015,primal,lnMstar,q05,-3.0421125894825884,-3.0421125894825884,0.0
summary,opt_s0.3_sd0.015,primal,lnMstar,q95,8.922087169385025,8.922084643298925,-2.526086099408076e-06
summary,opt_s0.3_sd0.015,primal,lnMstar,wald_cover,0.9087221095334684,0.9087221095334685,1.1102230246251565e-16
summary,opt_s0.3_sd0.015,primal,lnMstar,corner_share,0.0,0.0,0.0
summary,opt_s0.3_sd0.015,dual,alpha,bias,0.0054768276884055,0.005476827718202958,2.9797457903879554e-11
summary,opt_s0.3_sd0.015,dual,alpha,median_bias,0.0034551268336503,0.0034551296479244376,2.8142741375150604e-09
summary,opt_s0.3_sd0.015,dual,alpha,rmse,0.0438102498857677,0.043810249779469276,-1.0629842145393198e-10
summary,opt_s0.3_sd0.015,dual,alpha,mae,0.0300339671721248,0.030033967749347273,5.772224746791732e-10
summary,opt_s0.3_sd0.015,dual,alpha,q05,0.2861191073954033,0.2861191081416178,7.462144790970626e-10
summary,opt_s0.3_sd0.015,dual,alpha,q95,0.4273767504543818,0.4273767522618013,1.8074194918504816e-09
summary,opt_s0.3_sd0.015,dual,beta,bias,0.0057709638070042,0.005770963843745979,3.6741778890181376e-11
summary,opt_s0.3_sd0.015,dual,beta,median_bias,0.0054829083863816,0.005482911963192338,3.576810738217806e-09
summary,opt_s0.3_sd0.015,dual,beta,rmse,0.045992762705705,0.04599276263545682,-7.024818227119312e-11
summary,opt_s0.3_sd0.015,dual,beta,mae,0.0300305501938151,0.030030551514611786,1.3207966872985644e-09
summary,opt_s0.3_sd0.015,dual,beta,q05,0.2993141069374207,0.2993141067395963,-1.9782442350901874e-10
summary,opt_s0.3_sd0.015,dual,beta,q95,0.449010094879488,0.44901009295086264,-1.9286253705175227e-09
summary,opt_s0.3_sd0.015,dual,a,bias,1.0252823014255452e-05,1.0252823014255452e-05,0.0
summary,opt_s0.3_sd0.015,dual,a,median_bias,-1.4018699092954725e-05,-1.4018699092954723e-05,1.6940658945086007e-21
summary,opt_s0.3_sd0.015,dual,a,rmse,0.0084025542096793,0.008402554209679369,6.938893903907228e-17
summary,opt_s0.3_sd0.015,dual,a,mae,0.0056240302048967,0.005624030204896768,6.852157730108388e-17
summary,opt_s0.3_sd0.015,dual,a,q05,0.4982362084233737,0.49823620842337374,5.551115123125783e-17
summary,opt_s0.3_sd0.015,dual,a,q95,0.5264207961903588,0.5264207961903588,0.0
summary,opt_s0.3_sd0.015,dual,gamma,bias,0.0027588525123344,0.002758852528887501,1.6553100903871076e-11
summary,opt_s0.3_sd0.015,dual,gamma,median_bias,0.0018074751872804,0.0018074753626239198,1.7534351986862873e-10
summary,opt_s0.3_sd0.015,dual,gamma,rmse,0.0222139131678287,0.0222139131228267,-4.500200212476102e-11
summary,opt_s0.3_sd0.015,dual,gamma,mae,0.0147720873143893,0.014772086985277627,-3.2911167367755123e-10
summary,opt_s0.3_sd0.015,dual,gamma,q05,0.1458532505360574,0.14585325402055652,3.4844991059213015e-09
summary,opt_s0.3_sd0.015,dual,gamma,q95,0.2183825733569617,0.21838257236403197,-9.929297384303482e-10
summary,opt_s0.3_sd0.015,dual,sigma_star,bias,-0.0022711037296864,-0.0022711037506783836,-2.0991983758905652e-11
summary,opt_s0.3_sd0.015,dual,sigma_star,median_bias,-0.0020288449600672,-0.0020288450259701163,-6.590291637062484e-11
summary,opt_s0.3_sd0.015,dual,sigma_star,rmse,0.0239486948887637,0.02394869484684196,-4.19217403846428e-11
summary,opt_s0.3_sd0.015,dual,sigma_star,mae,0.0162443289090316,0.016244329352775144,4.437435453807925e-10
summary,opt_s0.3_sd0.015,dual,sigma_star,q05,0.6957336456129296,0.6957336465754227,9.62493085232552e-10
summary,opt_s0.3_sd0.015,dual,sigma_star,q95,0.7739412462161378,0.7739412444391274,-1.7770104276948473e-09
summary,opt_s0.3_sd0.015,dual,lnMstar,bias,-5.459684392477371e-05,-5.459684392477371e-05,0.0
summary,opt_s0.3_sd0.015,dual,lnMstar,median_bias,-0.0018544285105304,-0.0018544285105304148,-1.474514954580286e-17
summary,opt_s0.3_sd0.015,dual,lnMstar,rmse,0.1560399510577595,0.15603995105775956,5.551115123125783e-17
summary,opt_s0.3_sd0.015,dual,lnMstar,mae,0.098835239027434,0.09883523902743407,6.938893903907228e-17
summary,opt_s0.3_sd0.015,dual,lnMstar,q05,2.647751260563267,2.647751260563267,0.0
summary,opt_s0.3_sd0.015,dual,lnMstar,q95,3.1619167192696773,3.1619167192696773,0.0
profile,onpath,profile,sigma_star,cover_truth,0.9933333333333332,1.0,0.006666666666666821
profile,onpath,profile,sigma_star,share_flat_on_v1_grid (v1: share_flat_everywhere),0.88,0.94,0.05999999999999994
profile,onpath,profile,sigma_star,share_flat_everywhere,0.88,0.9133333333333333,0.033333333333333326
profile,onpath,profile,sigma_star,median_ci_width,0.4499999999999999,0.94,0.49000000000000005
profile,onpath,profile,sigma_star,share_sig_hat_off_grid,0.5,0.13333333333333333,-0.3666666666666667
profile,iso16,profile,sigma_star,cover_truth,0.94,0.94,0.0
profile,iso16,profile,sigma_star,share_flat_on_v1_grid (v1: share_flat_everywhere),0.0,0.0,0.0
profile,iso16,profile,sigma_star,share_flat_everywhere,0.0,0.0,0.0
profile,iso16,profile,sigma_star,median_ci_width,0.0161170348482674,0.016117034848266543,-8.569533971325427e-16
profile,iso16,profile,sigma_star,share_sig_hat_off_grid,0.0,0.0,0.0
profile,iso4,profile,sigma_star,cover_truth,0.9333333333333332,0.9333333333333333,1.1102230246251565e-16
profile,iso4,profile,sigma_star,share_flat_on_v1_grid (v1: share_flat_everywhere),0.0,0.0,0.0
profile,iso4,profile,sigma_star,share_flat_everywhere,0.0,0.0,0.0
profile,iso4,profile,sigma_star,median_ci_width,0.0468748950090655,0.04687489500920783,1.4233059175694507e-13
profile,iso4,profile,sigma_star,share_sig_hat_off_grid,0.0,0.0,0.0
profile,fact,profile,sigma_star,cover_truth,0.9466666666666668,0.9466666666666667,-1.1102230246251565e-16
profile,fact,profile,sigma_star,share_flat_on_v1_grid (v1: share_flat_everywhere),0.0,0.0,0.0
profile,fact,profile,sigma_star,share_flat_everywhere,0.0,0.0,0.0
profile,fact,profile,sigma_star,median_ci_width,0.0186283361384302,0.018628336138383605,-4.659467256473704e-14
profile,fact,profile,sigma_star,share_sig_hat_off_grid,0.0,0.0,0.0
profile,opt_s0,profile,sigma_star,cover_truth,1.0,1.0,0.0
profile,opt_s0,profile,sigma_star,share_flat_on_v1_grid (v1: share_flat_everywhere),0.9733333333333334,0.9733333333333334,0.0
profile,opt_s0,profile,sigma_star,share_flat_everywhere,0.9733333333333334,0.9533333333333334,-0.020000000000000018
profile,opt_s0,profile,sigma_star,median_ci_width,0.4499999999999999,0.94,0.49000000000000005
profile,opt_s0,profile,sigma_star,share_sig_hat_off_grid,0.36,0.0,-0.36
profile,opt_s0.05,profile,sigma_star,cover_truth,0.9866666666666668,0.96,-0.02666666666666684
profile,opt_s0.05,profile,sigma_star,share_flat_on_v1_grid (v1: share_flat_everywhere),0.9133333333333332,0.9133333333333333,1.1102230246251565e-16
profile,opt_s0.05,profile,sigma_star,share_flat_everywhere,0.9133333333333332,0.7866666666666666,-0.1266666666666666
profile,opt_s0.05,profile,sigma_star,median_ci_width,0.4499999999999999,0.94,0.49000000000000005
profile,opt_s0.05,profile,sigma_star,share_sig_hat_off_grid,0.5333333333333333,0.16666666666666666,-0.3666666666666667
profile,opt_s0.1,profile,sigma_star,cover_truth,0.9933333333333332,0.9666666666666667,-0.026666666666666505
profile,opt_s0.1,profile,sigma_star,share_flat_on_v1_grid (v1: share_flat_everywhere),0.9333333333333332,0.9266666666666666,-0.006666666666666599
profile,opt_s0.1,profile,sigma_star,share_flat_everywhere,0.9333333333333332,0.21333333333333335,-0.7199999999999999
profile,opt_s0.1,profile,sigma_star,median_ci_width,0.4499999999999999,0.9025916507568639,0.452591650756864
profile,opt_s0.1,profile,sigma_star,share_sig_hat_off_grid,0.46,0.02,-0.44
profile,opt_s0.2,profile,sigma_star,cover_truth,0.98,0.98,0.0
profile,opt_s0.2,profile,sigma_star,share_flat_on_v1_grid (v1: share_flat_everywhere),0.8933333333333333,0.8933333333333333,0.0
profile,opt_s0.2,profile,sigma_star,share_flat_everywhere,0.8933333333333333,0.0,-0.8933333333333333
profile,opt_s0.2,profile,sigma_star,median_ci_width,0.4499999999999999,0.7043215972744019,0.254321597274402
profile,opt_s0.2,profile,sigma_star,share_sig_hat_off_grid,0.3866666666666666,0.03333333333333333,-0.3533333333333333
profile,opt_s0.3,profile,sigma_star,cover_truth,0.9533333333333334,0.9533333333333334,0.0
profile,opt_s0.3,profile,sigma_star,share_flat_on_v1_grid (v1: share_flat_everywhere),0.6533333333333333,0.6533333333333333,0.0
profile,opt_s0.3,profile,sigma_star,share_flat_everywhere,0.6533333333333333,0.0,-0.6533333333333333
profile,opt_s0.3,profile,sigma_star,median_ci_width,0.4499999999999999,0.550741243335394,0.10074124333539408
profile,opt_s0.3,profile,sigma_star,share_sig_hat_off_grid,0.2533333333333333,0.006666666666666667,-0.24666666666666665
profile,opt_s0.5,profile,sigma_star,cover_truth,0.9266666666666666,0.9266666666666666,0.0
profile,opt_s0.5,profile,sigma_star,share_flat_on_v1_grid (v1: share_flat_everywhere),0.0066666666666666,0.006666666666666667,6.678685382510707e-17
profile,opt_s0.5,profile,sigma_star,share_flat_everywhere,0.0066666666666666,0.0,-0.0066666666666666
profile,opt_s0.5,profile,sigma_star,median_ci_width,0.3225093766370147,0.3435857543109735,0.021076377673958813
profile,opt_s0.5,profile,sigma_star,share_sig_hat_off_grid,0.0333333333333333,0.013333333333333334,-0.019999999999999962
profile,opt_s1,profile,sigma_star,cover_truth,0.94,0.94,0.0
profile,opt_s1,profile,sigma_star,share_flat_on_v1_grid (v1: share_flat_everywhere),0.0,0.0,0.0
profile,opt_s1,profile,sigma_star,share_flat_everywhere,0.0,0.0,0.0
profile,opt_s1,profile,sigma_star,median_ci_width,0.1043713315551482,0.10437133155518802,3.9815373220619676e-14
profile,opt_s1,profile,sigma_star,share_sig_hat_off_grid,0.0,0.0,0.0
profile,opt_s2,profile,sigma_star,cover_truth,0.9533333333333334,0.9533333333333334,0.0
profile,opt_s2,profile,sigma_star,share_flat_on_v1_grid (v1: share_flat_everywhere),0.0,0.0,0.0
profile,opt_s2,profile,sigma_star,share_flat_everywhere,0.0,0.0,0.0
profile,opt_s2,profile,sigma_star,median_ci_width,0.0277042083773509,0.027704208377451245,1.0034334474440243e-13
profile,opt_s2,profile,sigma_star,share_sig_hat_off_grid,0.0,0.0,0.0
profile,kaplan,profile,sigma_star,cover_truth,0.9933333333333332,0.9533333333333334,-0.039999999999999813
profile,kaplan,profile,sigma_star,share_flat_on_v1_grid (v1: share_flat_everywhere),0.7733333333333333,0.84,0.06666666666666665
profile,kaplan,profile,sigma_star,share_flat_everywhere,0.7733333333333333,0.20666666666666667,-0.5666666666666667
profile,kaplan,profile,sigma_star,median_ci_width,0.4499999999999999,0.8954752243583257,0.4454752243583258
profile,kaplan,profile,sigma_star,share_sig_hat_off_grid,0.3066666666666666,0.05333333333333334,-0.25333333333333324
profile,iso16_digit,profile,sigma_star,cover_truth,0.94,0.94,0.0
profile,iso16_digit,profile,sigma_star,share_flat_on_v1_grid (v1: share_flat_everywhere),0.0,0.0,0.0
profile,iso16_digit,profile,sigma_star,share_flat_everywhere,0.0,0.0,0.0
profile,iso16_digit,profile,sigma_star,median_ci_width,0.0166369188610677,0.016636918861070105,2.4043267377038546e-15
profile,iso16_digit,profile,sigma_star,share_sig_hat_off_grid,0.0,0.0,0.0
profile,iso16_sd0.005,profile,sigma_star,cover_truth,0.94,0.94,0.0
profile,iso16_sd0.005,profile,sigma_star,share_flat_on_v1_grid (v1: share_flat_everywhere),0.0,0.0,0.0
profile,iso16_sd0.005,profile,sigma_star,share_flat_everywhere,0.0,0.0,0.0
profile,iso16_sd0.005,profile,sigma_star,median_ci_width,0.0103353769232187,0.010335376923223338,4.638650574761982e-15
profile,iso16_sd0.005,profile,sigma_star,share_sig_hat_off_grid,0.0,0.0,0.0
profile,opt_s0.3_sd0.005,profile,sigma_star,cover_truth,0.9666666666666668,0.9666666666666667,-1.1102230246251565e-16
profile,opt_s0.3_sd0.005,profile,sigma_star,share_flat_on_v1_grid (v1: share_flat_everywhere),0.38,0.38,0.0
profile,opt_s0.3_sd0.005,profile,sigma_star,share_flat_everywhere,0.38,0.0,-0.38
profile,opt_s0.3_sd0.005,profile,sigma_star,median_ci_width,0.4196287173053347,0.464492092446583,0.04486337514124833
profile,opt_s0.3_sd0.005,profile,sigma_star,share_sig_hat_off_grid,0.1666666666666666,0.006666666666666667,-0.15999999999999995
profile,iso16_sd0.015,profile,sigma_star,cover_truth,0.9466666666666668,0.9466666666666667,-1.1102230246251565e-16
profile,iso16_sd0.015,profile,sigma_star,share_flat_on_v1_grid (v1: share_flat_everywhere),0.0,0.0,0.0
profile,iso16_sd0.015,profile,sigma_star,share_flat_everywhere,0.0,0.0,0.0
profile,iso16_sd0.015,profile,sigma_star,median_ci_width,0.0310185246557949,0.031018524655816615,2.171526847227767e-14
profile,iso16_sd0.015,profile,sigma_star,share_sig_hat_off_grid,0.0,0.0,0.0
profile,opt_s0.3_sd0.015,profile,sigma_star,cover_truth,0.9733333333333334,0.9733333333333334,0.0
profile,opt_s0.3_sd0.015,profile,sigma_star,share_flat_on_v1_grid (v1: share_flat_everywhere),0.9,0.9,0.0
profile,opt_s0.3_sd0.015,profile,sigma_star,share_flat_everywhere,0.9,0.0,-0.9
profile,opt_s0.3_sd0.015,profile,sigma_star,median_ci_width,0.4499999999999999,0.6951021095927326,0.24510210959273265
profile,opt_s0.3_sd0.015,profile,sigma_star,share_sig_hat_off_grid,0.3733333333333333,0.05333333333333334,-0.31999999999999995
bootcheck,onpath,primal,alpha,warm_cover,0.6666666666666666,0.6166666666666667,-0.04999999999999993
bootcheck,onpath,primal,alpha,warm_median_width,1.0975008274146711,0.10462545045981536,-0.9928753769548557
bootcheck,onpath,primal,alpha,multi_cover,0.9333333333333332,0.9333333333333333,1.1102230246251565e-16
bootcheck,onpath,primal,alpha,multi_median_width,3.1932809410065577,3.1585463516546737,-0.034734589351884004
bootcheck,onpath,primal,beta,warm_cover,0.8166666666666667,0.6333333333333333,-0.18333333333333335
bootcheck,onpath,primal,beta,warm_median_width,0.764943097503682,0.15119325131243028,-0.6137498461912516
bootcheck,onpath,primal,beta,multi_cover,0.9666666666666668,0.95,-0.01666666666666683
bootcheck,onpath,primal,beta,multi_median_width,2.658036322133987,2.6029042996183733,-0.05513202251561378
bootcheck,onpath,primal,a,warm_cover,0.5,0.2833333333333333,-0.21666666666666667
bootcheck,onpath,primal,a,warm_median_width,0.4094199851822561,0.09047662207630974,-0.31894336310594634
bootcheck,onpath,primal,a,multi_cover,0.9,0.9333333333333333,0.033333333333333326
bootcheck,onpath,primal,a,multi_median_width,0.8399154627341409,0.838200531494896,-0.0017149312392448213
bootcheck,onpath,primal,gamma,warm_cover,0.6166666666666667,0.4166666666666667,-0.2
bootcheck,onpath,primal,gamma,warm_median_width,0.2155370167080187,0.07477624558151566,-0.14076077112650304
bootcheck,onpath,primal,gamma,multi_cover,0.9666666666666668,0.8833333333333333,-0.08333333333333348
bootcheck,onpath,primal,gamma,multi_median_width,0.2658319346200164,0.28984515830809554,0.02401322368807912
bootcheck,onpath,primal,sigma_star,warm_cover,0.5666666666666667,0.3333333333333333,-0.23333333333333334
bootcheck,onpath,primal,sigma_star,warm_median_width,0.2764297745270103,0.04234746588127186,-0.23408230864573842
bootcheck,onpath,primal,sigma_star,multi_cover,0.9166666666666666,0.7833333333333333,-0.1333333333333333
bootcheck,onpath,primal,sigma_star,multi_median_width,0.4284997688065551,0.4264502045761488,-0.002049564230406309
bootcheck,onpath,primal,lnMstar,warm_cover,0.5833333333333334,0.4166666666666667,-0.16666666666666669
bootcheck,onpath,primal,lnMstar,warm_median_width,33.907398566848336,10.550732124464592,-23.356666442383744
bootcheck,onpath,primal,lnMstar,multi_cover,0.9,0.95,0.04999999999999993
bootcheck,onpath,primal,lnMstar,multi_median_width,45.27663032096862,64.78198036486407,19.505350043895447
bootcheck,opt_s0.3,primal,alpha,warm_cover,0.9833333333333332,0.9833333333333333,1.1102230246251565e-16
bootcheck,opt_s0.3,primal,alpha,warm_median_width,0.2689209545068876,0.2689209545068876,0.0
bootcheck,opt_s0.3,primal,alpha,multi_cover,0.9833333333333332,0.9833333333333333,1.1102230246251565e-16
bootcheck,opt_s0.3,primal,alpha,multi_median_width,0.2689209354662126,0.2689209338000801,-1.6661325097366841e-09
bootcheck,opt_s0.3,primal,beta,warm_cover,0.9333333333333332,0.9333333333333333,1.1102230246251565e-16
bootcheck,opt_s0.3,primal,beta,warm_median_width,0.2972141377328474,0.29721411362562133,-2.4107226048730723e-08
bootcheck,opt_s0.3,primal,beta,multi_cover,0.9333333333333332,0.9333333333333333,1.1102230246251565e-16
bootcheck,opt_s0.3,primal,beta,multi_median_width,0.2972141968604955,0.297214277981418,8.112092247936076e-08
bootcheck,opt_s0.3,primal,a,warm_cover,0.9833333333333332,0.9833333333333333,1.1102230246251565e-16
bootcheck,opt_s0.3,primal,a,warm_median_width,0.3651466387182073,0.3651466475804478,8.862240497009566e-09
bootcheck,opt_s0.3,primal,a,multi_cover,0.9833333333333332,0.9833333333333333,1.1102230246251565e-16
bootcheck,opt_s0.3,primal,a,multi_median_width,0.3651465256667884,0.3651465907234706,6.505668220802008e-08
bootcheck,opt_s0.3,primal,gamma,warm_cover,0.9833333333333332,0.9833333333333333,1.1102230246251565e-16
bootcheck,opt_s0.3,primal,gamma,warm_median_width,0.066025066809301,0.0658366995598758,-0.00018836724942519756
bootcheck,opt_s0.3,primal,gamma,multi_cover,0.9833333333333332,0.9833333333333333,1.1102230246251565e-16
bootcheck,opt_s0.3,primal,gamma,multi_median_width,0.0655872886886063,0.06558725223641093,-3.645219537329325e-08
bootcheck,opt_s0.3,primal,sigma_star,warm_cover,1.0,1.0,0.0
bootcheck,opt_s0.3,primal,sigma_star,warm_median_width,0.0525058129760274,0.05250581467573512,1.6997077217917322e-09
bootcheck,opt_s0.3,primal,sigma_star,multi_cover,1.0,1.0,0.0
bootcheck,opt_s0.3,primal,sigma_star,multi_median_width,0.0525043633079993,0.05250436063584751,-2.672151784566257e-09
bootcheck,opt_s0.3,primal,lnMstar,warm_cover,0.9833333333333332,0.9833333333333333,1.1102230246251565e-16
bootcheck,opt_s0.3,primal,lnMstar,warm_median_width,7.332512116423291,7.332512116423291,0.0
bootcheck,opt_s0.3,primal,lnMstar,multi_cover,0.9833333333333332,0.9833333333333333,1.1102230246251565e-16
bootcheck,opt_s0.3,primal,lnMstar,multi_median_width,7.332510560282161,7.332509922865773,-6.374163881162076e-07
