scenario,estimator,param,R,n_fail_v1,n_fail_v2,bias_v1,bias_v2,median_bias_v1,median_bias_v2,max_abs_diff,share_diff_gt_1e4
exog,E10_foc_system_T,alpha,100,0,0,-0.0009677528198913398,-0.0009677248043298742,-0.0010845695272668487,-0.0010843415573169035,5.269381740391488e-07,0.0
exog,E10_foc_system_T,beta,100,0,0,-0.0022884662804532564,-0.0022884435047281315,-0.0026631977344171998,-0.002663240262136657,7.069969929496267e-07,0.0
exog,E10_foc_system_T,a,100,0,0,-0.0008788003528437094,-0.0008788047635441255,-0.0009765709572718273,-0.0009765564918730596,3.769187546520669e-07,0.0
exog,E10_foc_system_T,gamma,100,0,0,-0.0008038716943755825,-0.0008038589037463686,-0.0009651184117517031,-0.000965127270711505,2.7955755219077894e-07,0.0
exog,E10_foc_system_T,sigma_star,100,0,0,0.0008880649093436077,0.0008880510531463015,0.0010460325680387017,0.0010460508228644638,3.063092848254456e-07,0.0
exog,E10_foc_system_T,lnMstar,100,0,0,-0.02622911851121165,-0.02622894240063153,-0.024596441886210352,-0.024595562539411864,4.80110732459238e-06,0.0
exog,E10_foc_system_T,sd_omega,100,0,0,-0.0018756431137036775,-0.0018756450017012652,0.000956336348401296,0.0009563342523951357,3.848879326362464e-08,0.0
exog,E10_foc_system_T,tfp_growth,100,0,0,-7.88662729318304e-05,-7.888048566450257e-05,0.0012056497155073648,0.0012056265731830301,3.0562077416029787e-07,0.0
exog,E1_pooled_huber,alpha,100,0,0,0.055897569301340384,0.051980997102181625,0.061107782393926335,0.058996967265993794,0.35929462076450636,0.02
exog,E1_pooled_huber,beta,100,0,0,0.051926247751991415,0.062170503856376104,0.03635295164046945,0.0437048500413873,0.9237762589926742,0.02
exog,E1_pooled_huber,a,100,0,0,-0.010095726981892877,-0.003033753867976267,-0.0148370207782412,-0.005046888249148063,0.6293393314724709,0.02
exog,E1_pooled_huber,gamma,100,0,0,0.017108423872399983,0.018731838364128485,0.020233288869902902,0.020786833519551448,0.148822418284432,0.02
exog,E1_pooled_huber,sigma_star,100,0,0,-0.02751070553190807,-0.02889353972182124,-0.027202418494270186,-0.02774121396377416,0.12137121512258398,0.02
exog,E1_pooled_huber,lnMstar,100,0,0,0.439486729475591,0.3384052851626327,0.6170881161635817,0.5677165668340765,9.440558284366471,0.02
exog,E1_pooled_huber,sd_omega,100,0,0,-0.035261520126377156,-0.034303464885516714,-0.035414115736641064,-0.03509834827297206,0.0939255704372747,0.02
exog,E1_pooled_huber,tfp_growth,100,0,0,-0.08252186512971198,-0.08221578480539707,-0.08245010884737167,-0.08233323302708483,0.029476092925694773,0.02
exog,E1b_pooled_huber_Etrue,alpha,100,0,0,0.0970916509465674,0.09709165086309206,0.09571630568456072,0.09571630566249109,1.204306737667693e-08,0.0
exog,E1b_pooled_huber_Etrue,beta,100,0,0,0.10651941844609843,0.10651941889214944,0.09868237340857516,0.09868237301920904,2.2627066220692882e-08,0.0
exog,E1b_pooled_huber_Etrue,a,100,0,0,0.0015462341880998892,0.0015462344663272965,-0.003077494309683182,-0.003077495957176768,1.7666017426698488e-08,0.0
exog,E1b_pooled_huber_Etrue,gamma,100,0,0,0.04931456987473459,0.049314569944455225,0.049961079816044224,0.049961079846841394,3.1421255319852293e-09,0.0
exog,E1b_pooled_huber_Etrue,sigma_star,100,0,0,-0.05131340579291029,-0.05131340587953926,-0.05128671609816132,-0.05128671609816132,2.913095431544832e-09,0.0
exog,E1b_pooled_huber_Etrue,lnMstar,100,0,0,0.4191742981238296,0.41917429768888326,0.4632494447520856,0.4632494447520856,1.7704571764198818e-07,0.0
exog,E1b_pooled_huber_Etrue,sd_omega,100,0,0,0.00751216034313953,0.007512160358020636,0.009634220569184948,0.009634220611623612,9.030674541499195e-10,0.0
exog,E1b_pooled_huber_Etrue,tfp_growth,100,0,0,-0.054913344244525646,-0.05491334427464209,-0.05496259143016498,-0.05496259143016498,1.8829535708420053e-09,0.0
exog,E2_pooled_nls,alpha,100,0,0,0.010675479336393418,0.012073571361535784,0.005908696093347737,0.006557004320528914,0.13979303852116293,0.04
exog,E2_pooled_nls,beta,100,0,0,0.006360859616603079,0.0042242335629717655,-0.006306420311073979,-0.006954108130365261,0.21343523606937087,0.12
exog,E2_pooled_nls,a,100,0,0,-0.006900629996491643,-0.00934358619024486,-0.009475944996219954,-0.009994592592666163,0.24418023387510246,0.12
exog,E2_pooled_nls,gamma,100,0,0,-0.0005599606810877882,-0.0006912325600481595,-0.0006955589555948383,-0.0007051778746163112,0.013128117697098818,0.01
exog,E2_pooled_nls,sigma_star,100,0,0,-0.004367233911444405,-0.004167526362835511,-0.0023458758067642638,-0.002169246748536968,0.019915462796996852,0.01
exog,E2_pooled_nls,lnMstar,100,0,0,0.04712670198915875,0.07904883086176198,-0.0012645638882635701,0.02452364170279009,3.189989820751843,0.57
exog,E2_pooled_nls,sd_omega,100,0,0,-0.0030771942788582075,-0.0030748237146168656,-0.0003431765522803609,-0.00034331810033674803,0.00023464296088171466,0.01
exog,E2_pooled_nls,tfp_growth,100,0,0,-0.0006189927125231433,-0.000630292681370534,7.374103872846705e-05,7.39012627368335e-05,0.0011222723922763023,0.01
exog,E3_lab_fe,alpha,100,0,0,0.007106039357602959,0.008046245303049754,0.0035380364083014426,0.0043879847246892645,0.09418709564777572,0.01
exog,E3_lab_fe,beta,100,0,0,-0.00017862691375136852,-0.001825654625172754,-0.006709461092730712,-0.006905667685586675,0.16506416433158322,0.02
exog,E3_lab_fe,a,100,0,0,-0.007408645255488292,-0.009129982446695358,-0.00865641070441231,-0.01066181091235463,0.17249868544393043,0.02
exog,E3_lab_fe,gamma,100,0,0,-0.0012853855299688186,-0.0014119023098107008,-0.0011203286683457298,-0.0012272695591244998,0.01268820896987971,0.01
exog,E3_lab_fe,sigma_star,100,0,0,-0.0017810467906992688,-0.0015933231685973204,-0.00036954610771983143,-0.00029719751677997897,0.01882562093563711,0.01
exog,E3_lab_fe,lnMstar,100,0,0,0.0994344136443325,0.1188395143058519,0.16332218780474084,0.1777636859661056,1.943810130864723,0.47
exog,E3_lab_fe,sd_omega,100,0,0,-0.0022346613130912562,-0.002226327592162006,0.0004498622655852019,0.0004499589699154538,0.0008318299750346148,0.01
exog,E3_lab_fe,tfp_growth,100,0,0,0.00022081987604997716,0.00020869030487113082,0.0008713096289255096,0.0008713701166389726,0.001210494910910409,0.01
exog,E4_mundlak,alpha,100,0,0,0.010428697621601089,0.010428251009494204,0.004709946955350153,0.004721832219578864,9.2173732476164e-05,0.0
exog,E4_mundlak,beta,100,0,0,0.0048374930019861664,0.004837500056977011,-0.012935738692660015,-0.01288799220451839,0.00015243055990143972,0.11
exog,E4_mundlak,a,100,0,0,-0.007588019610512717,-0.007587975271443222,-0.01346446217243391,-0.013470641602337186,0.00016971528465525854,0.15
exog,E4_mundlak,gamma,100,0,0,-0.0008790658251648865,-0.0008791370359974441,-9.076942453070669e-05,-8.398549966481816e-05,1.5804641525146712e-05,0.0
exog,E4_mundlak,sigma_star,100,0,0,-0.003956678732680669,-0.0039565386875535236,-0.0010322431122497533,-0.0010316952440192484,2.4230774627320706e-05,0.0
exog,E4_mundlak,lnMstar,100,0,0,0.11473084892763788,0.11471890229342165,0.21122192310474652,0.20982207274504128,0.002058317268009091,0.65
exog,E4_mundlak,sd_omega,100,0,0,-0.0024884502686947775,-0.0024884825967837533,1.2446601619711672e-05,1.2214924037967645e-05,1.2398398945290268e-06,0.0
exog,E4_mundlak,tfp_growth,100,0,0,7.689005253873616e-05,7.693230912795196e-05,0.00011921652966645491,0.0001193431540104789,3.363408703688231e-06,0.0
exog,E5_labgen_fe,alpha,100,0,0,0.0024891707141162568,0.0024912471872920294,0.0023345268085529502,0.0023408163123589676,8.873420035887536e-05,0.0
exog,E5_labgen_fe,beta,100,0,0,-0.0017273908243472368,-0.0017303880388137693,-0.004703924940828413,-0.0047136323411225145,0.0001377771065866895,0.01
exog,E5_labgen_fe,a,100,0,0,-0.003434568094696615,-0.0034381736513928087,-0.0045963604067945085,-0.004602087927836285,0.00016044335194287385,0.01
exog,E5_labgen_fe,gamma,100,0,0,-0.00035410819590242975,-0.0003543643380399936,-0.0004851718805456845,-0.000485211942217012,1.167775926336212e-05,0.0
exog,E5_labgen_fe,sigma_star,100,0,0,-0.000190020196162779,-0.00018976830561644674,0.0005914999245849595,0.0005944043003939803,1.3404111569026433e-05,0.0
exog,E5_labgen_fe,lnMstar,100,0,0,0.019319972832632096,0.01936558252438447,0.019412556809681014,0.0194723156724379,0.002068173144672336,0.28
exog,E5_labgen_fe,sd_omega,100,0,0,-0.0018958105297504286,-0.0018958155368572942,0.0009022728124914864,0.0009022684508897816,3.347366388517514e-07,0.0
exog,E5_labgen_fe,tfp_growth,100,0,0,-0.0006631564094902242,-0.0006631354820397636,0.0007012812113192518,0.0007012797967841655,5.352111232537204e-07,0.0
exog,E6_acf,alpha,100,0,0,0.01870966588500345,0.018709637100502722,0.00257850408800267,0.002578486112870676,6.0823111315277956e-06,0.0
exog,E6_acf,beta,100,0,0,0.015151774820226154,0.015151849388395817,-0.011944421736902577,-0.011944428776015675,8.316401006458474e-06,0.0
exog,E6_acf,a,100,0,0,-0.008826175093052925,-0.008826090435007384,-0.009722564603721617,-0.009722630776376529,1.0548330690307584e-05,0.0
exog,E6_acf,gamma,100,0,0,-0.0014018575339948497,-0.0014018463258609456,-0.002004824846470424,-0.0020048247743953557,1.1327929171356388e-06,0.0
exog,E6_acf,sigma_star,100,0,0,-0.008723043074624076,-0.008723055281819112,-0.00327651886363306,-0.0032765188770889075,6.471181868139553e-07,0.0
exog,E6_acf,lnMstar,100,0,0,0.19304390633530805,0.19304370989570963,0.17232683812794747,0.17232839361191932,5.4496886062516126e-05,0.0
exog,E6_acf,sd_omega,100,0,0,-0.0018689593313317373,-0.0018689593732461546,0.00018636699348514862,0.00018636699386463673,2.3272209714875203e-09,0.0
exog,E6_acf,tfp_growth,100,0,0,0.0003449002878224347,0.00034489846794740766,0.0005399455850764734,0.0005399456137876318,2.1078807335705996e-07,0.0
exog,E6b_acf_lagonly,alpha,100,0,0,0.023364084712499317,0.023364133360742133,0.0008556897060655322,0.0008556910764963288,9.776920868176386e-06,0.0
exog,E6b_acf_lagonly,beta,100,0,0,0.01352175058038899,0.013521646490542353,-0.014731897119018428,-0.01473191563512638,1.2907359629499293e-05,0.0
exog,E6b_acf_lagonly,a,100,0,0,-0.013702186658672172,-0.01370230791763346,-0.010142380665490114,-0.010142294212197644,1.6578445463433233e-05,0.0
exog,E6b_acf_lagonly,gamma,100,0,0,-0.0024467947593137,-0.002446803800028553,-0.0026830474492514494,-0.0026830489814473474,1.2553057022468561e-06,0.0
exog,E6b_acf_lagonly,sigma_star,100,0,0,-0.009444246448368866,-0.009444231500577306,-0.003193403182846999,-0.003193403772032366,8.66468918281349e-07,0.0
exog,E6b_acf_lagonly,lnMstar,100,0,0,0.24427018225734115,0.24427188597252605,0.21384767706183694,0.2138477117867732,0.00022714892506581208,0.01
exog,E6b_acf_lagonly,sd_omega,100,0,0,-0.0016589214858556956,-0.0016589216996340487,0.0005011703807004941,0.0005011703407573898,4.0454896710340194e-08,0.0
exog,E6b_acf_lagonly,tfp_growth,100,0,0,0.0009842140923789053,0.000984213829333178,0.0025735834724958245,0.002573583462364054,9.657924310291222e-08,0.0
exog,E7_iv_path,alpha,100,0,0,-0.008215290133546934,-0.008215290133546934,-0.01553523993648237,-0.01553523993648237,0.0,0.0
exog,E7_iv_path,beta,100,0,0,-0.009195856506783244,-0.009195856506783244,-0.01575168845918129,-0.01575168845918129,0.0,0.0
exog,E7_iv_path,a,100,0,0,-0.00030008289295639813,-0.00030008289295639813,-0.00041605409744654986,-0.00041605409744654986,0.0,0.0
exog,E7_iv_path,gamma,100,0,0,-0.004353663680096455,-0.004353663680096455,-0.008084547310229784,-0.008084547310229784,0.0,0.0
exog,E7_iv_path,sigma_star,100,0,0,0.008192412806269199,0.008192412806269199,0.008830952713741902,0.008830952713741902,0.0,0.0
exog,E7_iv_path,lnMstar,100,0,0,1.2807869704695796,1.2807869704695796,1.2775693774378953,1.2775693774378953,0.0,0.0
exog,E7_iv_path,sd_omega,100,0,0,0.006027937248265041,0.006027937248265041,0.00760944399412386,0.00760944399412386,0.0,0.0
exog,E7_iv_path,tfp_growth,100,0,0,0.003648498538389388,0.003648498538389388,0.006659665486980243,0.006659665486980243,0.0,0.0
exog,E8_heckman,alpha,100,0,0,0.01067567530927823,0.012073508357587437,0.005944487117689939,0.006557004320528914,0.1397930027957297,0.03
exog,E8_heckman,beta,100,0,0,0.006360643103306322,0.004224230555015156,-0.006295696223871522,-0.0069444339726703885,0.2134352122260097,0.14
exog,E8_heckman,a,100,0,0,-0.006900648133409602,-0.009343531469223239,-0.00947564711002552,-0.01000160340332601,0.2441801921776408,0.15
exog,E8_heckman,gamma,100,0,0,-0.000559648978442365,-0.0006911991330160705,-0.0006956581308544957,-0.0006996790680480619,0.013128114246656636,0.01
exog,E8_heckman,sigma_star,100,0,0,-0.004367242261976926,-0.004167511884892738,-0.0023457945579579698,-0.002169031849480918,0.019915466098532897,0.01
exog,E8_heckman,lnMstar,100,0,0,0.04715052344670685,0.07905266582603318,-0.0008362306907552242,0.0244627648194784,3.1899893044577343,0.6
exog,E8_heckman,sd_omega,100,0,0,-0.0030771778053089293,-0.003074819312854934,-0.00034317603170325173,-0.0003433179674003084,0.00023464331920824977,0.01
exog,E8_heckman,tfp_growth,100,0,0,-0.0006190416509420482,-0.0006303187647400224,7.374155211274658e-05,7.386419221634688e-05,0.0011222736272476774,0.01
exog,E9_foc_system,alpha,100,0,0,-0.002823936192931674,-0.0028238807629491496,-0.0021740339421460753,-0.002173853639537371,1.5094228237311214e-06,0.0
exog,E9_foc_system,beta,100,0,0,-0.0063356070503236325,-0.006335563393865406,-0.006303140176042887,-0.0063030991484165355,1.0800911837693938e-06,0.0
exog,E9_foc_system,a,100,0,0,-0.0023325345226760806,-0.002332544141916858,-0.0024967825952227907,-0.0024969684405941606,4.933244814875337e-07,0.0
exog,E9_foc_system,gamma,100,0,0,-0.0022587605525524303,-0.002258735663958315,-0.002260650805582548,-0.0022605503191624604,6.048584008100377e-07,0.0
exog,E9_foc_system,sigma_star,100,0,0,0.0024989632539405937,0.002498936107587284,0.0025363854703144284,0.0025364840703001046,6.538897339147809e-07,0.0
exog,E9_foc_system,lnMstar,100,0,0,1.2519617063885047,1.2519612481963807,1.2480757039051134,1.2480730499071386,1.6659443621946934e-05,0.0
exog,E9_foc_system,sd_omega,100,0,0,-0.001389689230318148,-0.001389693183760193,0.0011781016634256347,0.0011781023402495927,1.0157736407556683e-07,0.0
exog,E9_foc_system,tfp_growth,100,0,0,0.0016072473369118734,0.0016072201456051028,0.002526416718933347,0.0025264008602230437,6.752017109035169e-07,0.0
exog_sel,E10_foc_system_T,alpha,100,0,0,-0.0017147680489631029,-0.0017147719999821814,-0.001807951781502587,-0.001807949073203391,6.015048881757856e-07,0.0
exog_sel,E10_foc_system_T,beta,100,0,0,-0.003850220698658387,-0.0038502108604399183,-0.004281826678826595,-0.004281806857092729,6.786051588991704e-07,0.0
exog_sel,E10_foc_system_T,a,100,0,0,-0.0014127099060990622,-0.0014127004827721335,-0.0014042652162360447,-0.0014041131778586013,3.9806211515891476e-07,0.0
exog_sel,E10_foc_system_T,gamma,100,0,0,-0.0013750215135260768,-0.0013750202047810615,-0.0014615090838162315,-0.001461502003734863,2.4515206858977123e-07,0.0
exog_sel,E10_foc_system_T,sigma_star,100,0,0,0.0015178954314411387,0.0015178938004533392,0.0015996301691331705,0.0015996109957633897,2.6274245468194124e-07,0.0
exog_sel,E10_foc_system_T,lnMstar,100,0,0,-0.02769969059828749,-0.027699810567933737,-0.03073445913635542,-0.030734472054248396,4.674977994501006e-06,0.0
exog_sel,E10_foc_system_T,sd_omega,100,0,0,-0.009283979667758912,-0.009283980390678235,-0.011151436216981947,-0.011151437035540668,7.531070153610209e-08,0.0
exog_sel,E10_foc_system_T,tfp_growth,100,0,0,0.002685140529340213,0.0026851396707905525,0.0028794834936267527,0.0028795053743607135,3.054273549352171e-07,0.0
exog_sel,E1_pooled_huber,alpha,100,0,0,0.08727035710386279,0.08704943151482675,0.07614659524552897,0.07614659500122742,0.02209256480652161,0.01
exog_sel,E1_pooled_huber,beta,100,0,0,0.06263544509011065,0.06341568272710912,0.046177967020537114,0.04617796712671468,0.0780237608238501,0.01
exog_sel,E1_pooled_huber,a,100,0,0,-0.019987721154294272,-0.01945799922778912,-0.011066517989627933,-0.011066517099304507,0.052972191723147266,0.01
exog_sel,E1_pooled_huber,gamma,100,0,0,0.028781415447462388,0.028879567978211215,0.026602778828986012,0.026602778828986012,0.009815272975360528,0.01
exog_sel,E1_pooled_huber,sigma_star,100,0,0,-0.037883731806296096,-0.03801671874623414,-0.03443786167409163,-0.034437860714330915,0.013298692449742688,0.01
exog_sel,E1_pooled_huber,lnMstar,100,0,0,0.7237273087733936,0.7174290941223282,0.6548501782171325,0.6548501804015698,0.6298211929929356,0.01
exog_sel,E1_pooled_huber,sd_omega,100,0,0,-0.025253308711641092,-0.02524370944377983,-0.026319695448177582,-0.026319695448177582,0.0009599391587962192,0.01
exog_sel,E1_pooled_huber,tfp_growth,100,0,0,-0.08134248517814566,-0.08135413314805628,-0.08356606131754865,-0.08356606128653755,0.001164799826481891,0.01
exog_sel,E1b_pooled_huber_Etrue,alpha,100,0,0,0.11604564492043361,0.11604564482048302,0.10384685579548841,0.10384685573345925,9.04652841526854e-09,0.0
exog_sel,E1b_pooled_huber_Etrue,beta,100,0,0,0.11123110405007341,0.11123110414040323,0.10382317209417954,0.10382317965553431,1.512270952908068e-08,0.0
exog_sel,E1b_pooled_huber_Etrue,a,100,0,0,-0.006151746633527399,-0.00615174649557303,-0.0007512534294328854,-0.0007512545785767766,1.2610158972581331e-08,0.0
exog_sel,E1b_pooled_huber_Etrue,gamma,100,0,0,0.05452453325317062,0.05452453325110969,0.05303305162133537,0.05303305212737229,1.7502553018022837e-09,0.0
exog_sel,E1b_pooled_huber_Etrue,sigma_star,100,0,0,-0.056758939564445256,-0.05675893956552831,-0.05456978299092735,-0.05456978299092735,2.4194305447977626e-09,0.0
exog_sel,E1b_pooled_huber_Etrue,lnMstar,100,0,0,0.6196241686935464,0.6196241642874473,0.7328063019887523,0.7328063019887523,2.61937127099543e-07,0.0
exog_sel,E1b_pooled_huber_Etrue,sd_omega,100,0,0,0.008047919741635432,0.008047919724205954,0.007715090137719871,0.00771509020323588,7.676397850708838e-10,0.0
exog_sel,E1b_pooled_huber_Etrue,tfp_growth,100,0,0,-0.06035116375433527,-0.06035116371338485,-0.05909698458106932,-0.05909698458106932,1.685440773058211e-09,0.0
exog_sel,E2_pooled_nls,alpha,100,0,0,0.015365212161208362,0.016376632889238612,0.007756224916975724,0.013236895225400364,0.1009620895580618,0.01
exog_sel,E2_pooled_nls,beta,100,0,0,-0.012678222948463089,-0.014302697745550463,-0.04258315998727075,-0.04344533160215869,0.1623477948131164,0.06
exog_sel,E2_pooled_nls,a,100,0,0,-0.024742993755667894,-0.02666602848133025,-0.03485009340315737,-0.04050410900192933,0.1920820797129702,0.09
exog_sel,E2_pooled_nls,gamma,100,0,0,-0.008488124160919583,-0.008553159064313712,-0.009522809402458102,-0.009525550957494036,0.006505883500011106,0.01
exog_sel,E2_pooled_nls,sigma_star,100,0,0,-0.0003590304011077594,-0.0001876997647987766,0.0022140035127768964,0.002489699163342074,0.0171558347077021,0.01
exog_sel,E2_pooled_nls,lnMstar,100,0,0,0.4128870711429336,0.4356521368797188,0.5119801694236923,0.5641813722427345,2.275654058851714,0.45
exog_sel,E2_pooled_nls,sd_omega,100,0,0,-0.011536221056884143,-0.01153784059469303,-0.013758544334828426,-0.013758562974528196,0.00016019407261050334,0.01
exog_sel,E2_pooled_nls,tfp_growth,100,0,0,0.010697378873902302,0.010682477137740811,0.010490564952531783,0.010490586651793365,0.0014938315196718621,0.01
exog_sel,E3_lab_fe,alpha,100,0,0,-0.002187160844133157,-0.0021892117061028606,-0.01232120189065719,-0.012320489089203718,5.669717293221854e-05,0.0
exog_sel,E3_lab_fe,beta,100,0,0,0.0022320306472239275,0.002237293993798501,-0.0051600196148228195,-0.005162985890984129,0.0001249051797448386,0.02
exog_sel,E3_lab_fe,a,100,0,0,-0.00021767581806960922,-0.00021264088459791274,0.005235788358554316,0.0052235910087741755,0.00012693086333981363,0.02
exog_sel,E3_lab_fe,gamma,100,0,0,-0.004710406441424435,-0.004709898804516026,-0.004686775797653017,-0.004681687310535448,1.1489628089778048e-05,0.0
exog_sel,E3_lab_fe,sigma_star,100,0,0,0.00015126562058262572,0.0001503894566067654,0.004016696639665696,0.004015162001798078,1.8776192528990876e-05,0.0
exog_sel,E3_lab_fe,lnMstar,100,0,0,0.04704006250004994,0.04698322299442596,0.05165164065482464,0.051626330433339085,0.001480248918762861,0.48
exog_sel,E3_lab_fe,sd_omega,100,0,0,-0.010167866255105455,-0.010167880656927402,-0.01283163560205794,-0.012831633460525294,5.675214820866081e-07,0.0
exog_sel,E3_lab_fe,tfp_growth,100,0,0,0.007444088868801792,0.007444130513824808,0.007002474409031928,0.007002099372681425,1.3064512350557944e-06,0.0
exog_sel,E4_mundlak,alpha,100,0,0,0.01817143974614183,0.019311829925631855,0.018764047156472646,0.021230447670384622,0.11388122778802295,0.01
exog_sel,E4_mundlak,beta,100,0,0,-0.017351056659481865,-0.019045277862594794,-0.05057351880999006,-0.05457544067348871,0.16918554201684194,0.05
exog_sel,E4_mundlak,a,100,0,0,-0.030649653413742574,-0.03268476271371281,-0.04956941902823467,-0.05899899827892391,0.20320411618418122,0.08
exog_sel,E4_mundlak,gamma,100,0,0,-0.00864189959486025,-0.008691868766768732,-0.008709666759925114,-0.008711207535045146,0.004969469243854413,0.01
exog_sel,E4_mundlak,sigma_star,100,0,0,7.389982150773244e-05,0.00022716718232939636,0.003701505214839973,0.003980301436159017,0.015304396326223935,0.01
exog_sel,E4_mundlak,lnMstar,100,0,0,0.3889081222569666,0.4132157699539462,0.44914428390729677,0.48543546914494673,2.4277434355450422,0.41
exog_sel,E4_mundlak,sd_omega,100,0,0,-0.010739764873704667,-0.010741314690114401,-0.013320740685206986,-0.013320851814017987,0.00015804577787911778,0.01
exog_sel,E4_mundlak,tfp_growth,100,0,0,0.009568504519678549,0.009552896336690809,0.010064181110469458,0.010064832487167621,0.0015620480608617426,0.01
exog_sel,E5_labgen_fe,alpha,100,0,0,-0.00017583704297118252,-0.0001765917900154623,0.00038876322694644805,0.00038876493821396463,1.9454025016851784e-05,0.0
exog_sel,E5_labgen_fe,beta,100,0,0,0.001324432662438098,0.001325720790807099,-0.0033178492212630195,-0.003318034411960824,4.041872299775928e-05,0.0
exog_sel,E5_labgen_fe,a,100,0,0,0.000387950067048235,0.00038935236379287254,-0.0024741777463260783,-0.0024583492094396586,4.000830580441761e-05,0.0
exog_sel,E5_labgen_fe,gamma,100,0,0,-0.0005825206396867619,-0.0005824257522515766,-0.00040340738849152513,-0.00040302968845186415,3.6288018108732167e-06,0.0
exog_sel,E5_labgen_fe,sigma_star,100,0,0,-0.000288671492927437,-0.0002888158109429373,0.00044470450126143923,0.0004446265921169146,5.868236077732902e-06,0.0
exog_sel,E5_labgen_fe,lnMstar,100,0,0,-0.018798477111583396,-0.018816142916095277,-0.05843183964260379,-0.05846481030764439,0.00043772738545966305,0.2
exog_sel,E5_labgen_fe,sd_omega,100,0,0,-0.009225530899864309,-0.009225522477410835,-0.011142101488201037,-0.011142017156737155,2.909421816799096e-07,0.0
exog_sel,E5_labgen_fe,tfp_growth,100,0,0,0.0020640887573865003,0.0020640899170565564,0.0023064416175577196,0.0023064665551808805,4.964290558628903e-07,0.0
exog_sel,E6_acf,alpha,100,0,0,0.020450773050033046,0.020451112634074838,-0.025972303200235913,-0.025972293308403116,2.7446865405456045e-05,0.0
exog_sel,E6_acf,beta,100,0,0,0.06573665129985602,0.06573609196811779,-0.0005159383791520367,-0.0005159429210821465,2.9648822404249042e-05,0.0
exog_sel,E6_acf,a,100,0,0,0.006012702373128351,0.006012112750869781,0.01753575826959286,0.017535738470689732,4.08745522901266e-05,0.0
exog_sel,E6_acf,gamma,100,0,0,-0.005624896857087117,-0.005624921190276979,-0.006765673599649344,-0.0067656927927753074,1.4702289124202128e-06,0.0
exog_sel,E6_acf,sigma_star,100,0,0,-0.02022935689003148,-0.020229298990474688,-0.009355977700930773,-0.00935615160161185,5.477534479436663e-06,0.0
exog_sel,E6_acf,lnMstar,100,0,0,-0.044887889851897816,-0.0448801304314051,-0.2693985301452324,-0.26939857882537055,0.00048412176891643455,0.02
exog_sel,E6_acf,sd_omega,100,0,0,-0.00931916379190868,-0.009319164404926424,-0.011941555564579445,-0.011941555579604898,5.614990775115736e-08,0.0
exog_sel,E6_acf,tfp_growth,100,0,0,0.007633753261645071,0.007633750281857794,0.006602544775173802,0.006602544921136072,3.1193252106320735e-07,0.0
exog_sel,E6b_acf_lagonly,alpha,100,0,0,0.008405301195738691,0.008405314351732243,-0.017887028429545815,-0.017887039826013668,7.448966526879541e-06,0.0
exog_sel,E6b_acf_lagonly,beta,100,0,0,0.04831876109560567,0.048318521877545886,0.007206816114240844,0.007208480545133511,3.392540136359923e-05,0.0
exog_sel,E6b_acf_lagonly,a,100,0,0,0.010151474159467454,0.010151339044467167,0.02224683377650044,0.022246855680485456,2.4366537377362718e-05,0.0
exog_sel,E6b_acf_lagonly,gamma,100,0,0,-0.001894936551744532,-0.001894960825227318,-0.0022554435270066286,-0.0022554440878871096,2.9072909193406105e-06,0.0
exog_sel,E6b_acf_lagonly,sigma_star,100,0,0,-0.01316398480698372,-0.01316392473535512,-0.004061256473619879,-0.004061256420625492,7.0266963916321146e-06,0.0
exog_sel,E6b_acf_lagonly,lnMstar,100,0,0,-0.06757227702420644,-0.06757088976143971,-0.18121083208765776,-0.18120916674768228,0.000278005034651585,0.02
exog_sel,E6b_acf_lagonly,sd_omega,100,0,0,-0.009096166017758471,-0.009096168184946421,-0.011648852065373819,-0.011648851953234979,2.847711156606092e-07,0.0
exog_sel,E6b_acf_lagonly,tfp_growth,100,0,0,0.004340699869860295,0.004340701791657328,0.0042413452754175435,0.004241345593102477,6.943371111400864e-08,0.0
exog_sel,E7_iv_path,alpha,100,0,0,-0.03820327089939589,-0.03820327089939589,-0.03389970017046609,-0.03389970017046609,0.0,0.0
exog_sel,E7_iv_path,beta,100,0,0,-0.04119860782759693,-0.04119860782759693,-0.034585512550688396,-0.034585512550688396,0.0,0.0
exog_sel,E7_iv_path,a,100,0,0,-0.0006629942905769726,-0.0006629942905769726,2.7371357208094693e-05,2.7371357208094693e-05,0.0,0.0
exog_sel,E7_iv_path,gamma,100,0,0,-0.01984072217827954,-0.01984072217827954,-0.0176499647922035,-0.0176499647922035,0.0,0.0
exog_sel,E7_iv_path,sigma_star,100,0,0,0.03103154063841543,0.03103154063841543,0.019653643989551828,0.019653643989551828,0.0,0.0
exog_sel,E7_iv_path,lnMstar,100,0,0,1.2707842160845704,1.2707842160845704,1.2596819653444657,1.2596819653444657,0.0,0.0
exog_sel,E7_iv_path,sd_omega,100,0,0,0.0015228911465745437,0.0015228911465745437,-0.005231563184985563,-0.005231563184985563,0.0,0.0
exog_sel,E7_iv_path,tfp_growth,100,0,0,0.02355632800193475,0.02355632800193475,0.025631113249765608,0.025631113249765608,0.0,0.0
exog_sel,E8_heckman,alpha,100,0,0,0.0249379683614361,0.02493360441643133,0.01950099242752798,0.019472669228467243,9.995489956160508e-05,0.0
exog_sel,E8_heckman,beta,100,0,0,-0.008783544501604021,-0.008774900410632256,-0.017492980733857716,-0.017495103939235923,0.00018903048378232645,0.06
exog_sel,E8_heckman,a,100,0,0,-0.028437947118647996,-0.028429567340894676,-0.028997822521253686,-0.029004443053073675,0.0001715158273625228,0.07
exog_sel,E8_heckman,gamma,100,0,0,-0.004512539917613377,-0.004511858329120524,-0.004908528549523061,-0.004904749877278819,1.3741206908529646e-05,0.0
exog_sel,E8_heckman,sigma_star,100,0,0,-0.003956581173014242,-0.003957710636038385,-0.0023058703181716433,-0.0023062942671174813,2.6335869825921954e-05,0.0
exog_sel,E8_heckman,lnMstar,100,0,0,0.47475010750188135,0.47468465051085146,0.3965240082001791,0.39690395779789966,0.0015443441999662966,0.42
exog_sel,E8_heckman,sd_omega,100,0,0,-0.01085702052930457,-0.010857014196272172,-0.01259025234137287,-0.012590270789795105,1.3942235571606787e-06,0.0
exog_sel,E8_heckman,tfp_growth,100,0,0,0.0059358580123340075,0.005935890543754452,0.007079941406663945,0.007079918001681326,5.265071472998484e-06,0.0
exog_sel,E9_foc_system,alpha,100,0,0,-0.003896823104339518,-0.003896808455699765,-0.00445563263407861,-0.004455668757901682,9.768420748401674e-07,0.0
exog_sel,E9_foc_system,beta,100,0,0,-0.008216884114287344,-0.008216866585913906,-0.008279270227759289,-0.008279346049576475,1.114154130454903e-06,0.0
exog_sel,E9_foc_system,a,100,0,0,-0.0028707728057589567,-0.002870771582381892,-0.002436931622517846,-0.002436932762544586,4.279983458754799e-07,0.0
exog_sel,E9_foc_system,gamma,100,0,0,-0.002994981262022969,-0.002994973190328806,-0.003064620505139573,-0.003064637725987071,5.216540666652669e-07,0.0
exog_sel,E9_foc_system,sigma_star,100,0,0,0.0033090329768783065,0.0033090240770738046,0.003384408711211151,0.0033844867878578544,5.74421857524321e-07,0.0
exog_sel,E9_foc_system,lnMstar,100,0,0,1.2450228118441744,1.2450226036459902,1.2401458264707856,1.2401447252284807,1.2576114166940044e-05,0.0
exog_sel,E9_foc_system,sd_omega,100,0,0,-0.009255727469463865,-0.009255728448915703,-0.011690108489732218,-0.011690126263732253,1.0510541201269596e-07,0.0
exog_sel,E9_foc_system,tfp_growth,100,0,0,0.004644622779927355,0.004644612980149144,0.0044173323235433964,0.0044173239097312494,5.823003682015049e-07,0.0
funding,E10_foc_system_T,alpha,100,0,0,-0.00036938276793941016,-0.00036937502127331267,-0.0002484908914063555,-0.0002485089672923102,1.67092382985512e-07,0.0
funding,E10_foc_system_T,beta,100,0,0,-0.0018239259576533174,-0.0018239292395170919,-0.002115906134591672,-0.0021158103291896158,1.3440739692893722e-06,0.0
funding,E10_foc_system_T,a,100,0,0,-0.0009865818278311878,-0.0009865897019835513,-0.0012327234993667058,-0.0012327817600244484,8.822902765048823e-07,0.0
funding,E10_foc_system_T,gamma,100,0,0,-0.0005367221345018541,-0.000536720941637688,-0.00048632121525894745,-0.00048631453537377467,3.4408760990478626e-07,0.0
funding,E10_foc_system_T,sigma_star,100,0,0,0.0005983538680439238,0.0005983526625148083,0.0004996187180306699,0.0004995266679049815,3.863965317707496e-07,0.0
funding,E10_foc_system_T,lnMstar,100,0,0,-0.021682005498214037,-0.0216818785208205,-0.019403865385225316,-0.01940366520326564,9.880939326745164e-06,0.0
funding,E10_foc_system_T,sd_omega,100,0,0,0.0009307214153533375,0.0009307210249389877,-0.00019952345133951443,-0.00019952800708135376,1.3378077548531486e-07,0.0
funding,E10_foc_system_T,tfp_growth,100,0,0,-0.0011749780598925828,-0.0011749799857845569,-0.00039027357426360543,-0.00039034577726930475,3.2171137975822717e-07,0.0
funding,E1_pooled_huber,alpha,100,0,0,0.082576738843468,0.08257673866699124,0.08557535976809627,0.08557535976809627,2.528358866715763e-08,0.0
funding,E1_pooled_huber,beta,100,0,0,0.048755090010670604,0.04875508979132366,0.04976698032343363,0.04976698032343363,8.29259328982701e-08,0.0
funding,E1_pooled_huber,a,100,0,0,-0.027976927434057976,-0.02797692745858902,-0.023310703220428414,-0.023310702724837373,3.7569047539598444e-08,0.0
funding,E1_pooled_huber,gamma,100,0,0,0.02311141479738272,0.02311141467556118,0.027379058924567837,0.027379059430544958,1.78575826070837e-08,0.0
funding,E1_pooled_huber,sigma_star,100,0,0,-0.03358376371799999,-0.03358376363276524,-0.034869730571273405,-0.034869730347725,1.94345638471205e-08,0.0
funding,E1_pooled_huber,lnMstar,100,0,0,0.8261348980178812,0.8261348902314916,0.7525378670043159,0.7525377781612697,8.143745429123328e-07,0.0
funding,E1_pooled_huber,sd_omega,100,0,0,-0.05296422434007136,-0.0529642244980654,-0.05315815246839675,-0.05315815219498926,1.793296083851814e-08,0.0
funding,E1_pooled_huber,tfp_growth,100,0,0,-0.09113036655832979,-0.09113036664246205,-0.09020647677532154,-0.09020647695765496,9.950129588320866e-09,0.0
funding,E1b_pooled_huber_Etrue,alpha,100,0,0,0.11509616499855362,0.1150961650017523,0.11428994306312493,0.11428994276093216,9.235997022738474e-09,0.0
funding,E1b_pooled_huber_Etrue,beta,100,0,0,0.12116862345092722,0.12116862348571479,0.1198603495179017,0.11986035039961676,9.789783039781952e-09,0.0
funding,E1b_pooled_huber_Etrue,a,100,0,0,-0.00044637081344456764,-0.00044637079940266,-0.002399742827574547,-0.002399742827574547,9.547303503332216e-09,0.0
funding,E1b_pooled_huber_Etrue,gamma,100,0,0,0.05802087334282333,0.058020873362102356,0.05865245946768127,0.058652459271051116,1.1098375829465823e-09,0.0
funding,E1b_pooled_huber_Etrue,sigma_star,100,0,0,-0.058959292700298045,-0.05895929270870901,-0.05967105527326555,-0.05967105527326555,9.735953154788035e-10,0.0
funding,E1b_pooled_huber_Etrue,lnMstar,100,0,0,0.5187626247751518,0.5187626230445447,0.5688842378715746,0.5688842501841391,1.9828648589736986e-07,0.0
funding,E1b_pooled_huber_Etrue,sd_omega,100,0,0,-0.012107528253074366,-0.01210752825357877,-0.011975150349045977,-0.011975150365962292,2.324301306977361e-10,0.0
funding,E1b_pooled_huber_Etrue,tfp_growth,100,0,0,-0.06570789867068513,-0.06570789872252142,-0.06587902562553515,-0.06587902562553515,1.233075128115324e-09,0.0
funding,E2_pooled_nls,alpha,100,0,0,0.04888776390889414,0.048884666935644285,0.050866688219064815,0.05086413008264545,0.00010049746218504518,0.01
funding,E2_pooled_nls,beta,100,0,0,0.04463554850073427,0.04464167793330044,0.042642364843213876,0.042589078661237845,0.00016107352979516376,0.16
funding,E2_pooled_nls,a,100,0,0,-0.004805760103700839,-0.004800026766609372,-0.004671677153812781,-0.004763264996888561,0.00014410519299001834,0.19
funding,E2_pooled_nls,gamma,100,0,0,0.022267363454087113,0.022267921448257386,0.023607724344594336,0.02360225577404662,1.8513590792940127e-05,0.0
funding,E2_pooled_nls,sigma_star,100,0,0,-0.024482711455283176,-0.02448348831148579,-0.02494771102367943,-0.024938535333134282,2.23084911457061e-05,0.0
funding,E2_pooled_nls,lnMstar,100,0,0,0.34072154333160465,0.34069079517126793,0.36604546129055926,0.3663836303942971,0.0017364262252477225,0.8
funding,E2_pooled_nls,sd_omega,100,0,0,-0.009020870989241515,-0.009020913204420129,-0.008674934279595564,-0.008674724598146041,1.2226020242589453e-06,0.0
funding,E2_pooled_nls,tfp_growth,100,0,0,-0.02606700920740726,-0.026067050154371402,-0.02526099984006093,-0.02526074411127762,2.5580840399275218e-06,0.0
funding,E3_lab_fe,alpha,100,0,0,0.022265818906877025,0.022265545238192384,0.020892838440168204,0.020917982146566844,9.567090772549802e-05,0.0
funding,E3_lab_fe,beta,100,0,0,0.013238694122147383,0.013239508680729048,0.007845637076412698,0.007881658405341635,0.00018328326027605701,0.02
funding,E3_lab_fe,a,100,0,0,-0.007379616529000017,-0.00737892052901972,-0.00797083540750504,-0.007982740592475668,0.00019056209008783132,0.02
funding,E3_lab_fe,gamma,100,0,0,0.007522326994281396,0.0075224255279823125,0.007137338342131316,0.0071385528498221495,2.0202511034794757e-05,0.0
funding,E3_lab_fe,sigma_star,100,0,0,-0.009477222776507244,-0.009477362586774682,-0.009106623065956276,-0.009104451031916372,2.3526168933307723e-05,0.0
funding,E3_lab_fe,lnMstar,100,0,0,0.20070409893973362,0.20069591070715392,0.2097795341169446,0.20950042876280328,0.0022631887829711594,0.61
funding,E3_lab_fe,sd_omega,100,0,0,-0.0031025404966529,-0.003102521414060552,-0.0030508000129041285,-0.0030507554602653975,7.991456738021263e-07,0.0
funding,E3_lab_fe,tfp_growth,100,0,0,-0.010150188629086596,-0.010150144348439683,-0.009115206410695853,-0.009115207303590223,2.436189997290228e-06,0.0
funding,E4_mundlak,alpha,100,0,0,0.024889514583957686,0.024889192225553712,0.02394400155418594,0.023902678788274817,0.00010287052991436729,0.01
funding,E4_mundlak,beta,100,0,0,0.01787950668152315,0.0178805239605307,0.01576968563125153,0.015812667542544206,0.0001680520814065778,0.12
funding,E4_mundlak,a,100,0,0,-0.006453534171943505,-0.006452717004841466,-0.008551153558258029,-0.008612666011974801,0.00016944709528599056,0.17
funding,E4_mundlak,gamma,100,0,0,0.009322033220523477,0.009322263962880283,0.009313846221713773,0.009314572277786787,1.6283708917680384e-05,0.0
funding,E4_mundlak,sigma_star,100,0,0,-0.011373567289201659,-0.011373747334314184,-0.010416570150605875,-0.010420814351781327,2.893152879013261e-05,0.0
funding,E4_mundlak,lnMstar,100,0,0,0.2124915925647512,0.21256711008694024,0.24480063696806442,0.2452197434125758,0.0021854447818223655,0.75
funding,E4_mundlak,sd_omega,100,0,0,-0.003928480651350998,-0.003928422389139903,-0.0041074130792790875,-0.004107051505405884,2.1268756042469583e-06,0.0
funding,E4_mundlak,tfp_growth,100,0,0,-0.012099057332329431,-0.012099117433932756,-0.011570518730449272,-0.011569826722661491,4.796475231216846e-06,0.0
funding,E5_labgen_fe,alpha,100,0,0,0.0026651768620172683,0.002665685193922825,0.0017763540143147794,0.0017759216516521903,1.7742320276237233e-05,0.0
funding,E5_labgen_fe,beta,100,0,0,-0.0008164985284108417,-0.0008172904733605407,-0.0017637685310042672,-0.0017673534035054228,3.682666061882722e-05,0.0
funding,E5_labgen_fe,a,100,0,0,-0.002896987697117157,-0.0028979004236274726,-0.00221752658086799,-0.0022263674643616116,3.417323754539847e-05,0.0
funding,E5_labgen_fe,gamma,100,0,0,-6.322287603835159e-05,-6.329579065050883e-05,1.7335189655312555e-05,1.6182108456400113e-05,2.787529510661635e-06,0.0
funding,E5_labgen_fe,sigma_star,100,0,0,-0.0004864152759546925,-0.0004863382498153501,-0.00014370361524712605,-0.00014472611488419718,5.7457064914778755e-06,0.0
funding,E5_labgen_fe,lnMstar,100,0,0,0.03552186462543929,0.035533484594383186,0.046775536730232714,0.0467215838779782,0.00047194941118178235,0.29
funding,E5_labgen_fe,sd_omega,100,0,0,0.0006520382881754213,0.0006520371704616424,-0.0001433920729647653,-0.00014337166376310329,2.1088743676345167e-07,0.0
funding,E5_labgen_fe,tfp_growth,100,0,0,-0.0017777660587173453,-0.001777767953479417,-0.0009383307102636962,-0.0009382748628206927,8.145090236444386e-07,0.0
funding,E6_acf,alpha,100,0,0,0.01783902125115363,0.017839338535359746,0.015166071275107468,0.015166099040913011,5.533579038530245e-05,0.0
funding,E6_acf,beta,100,0,0,0.01835487304412985,0.018354250062793488,0.00818393770108558,0.00818855789945025,4.834120630831107e-05,0.0
funding,E6_acf,a,100,0,0,-0.001939805445631742,-0.0019404675580560976,-0.0038968513474196276,-0.003896780313231263,6.42307312392898e-05,0.0
funding,E6_acf,gamma,100,0,0,0.006211454410889958,0.006211459043725549,0.006371450857661068,0.006371435280377702,6.830232151283644e-06,0.0
funding,E6_acf,sigma_star,100,0,0,-0.009593467716382378,-0.009593386914344939,-0.008094990878230957,-0.00809461328064559,4.556685865853005e-06,0.0
funding,E6_acf,lnMstar,100,0,0,0.14825635801616174,0.14826294820838715,0.12638274549295403,0.12638687277879423,0.0007986291970851767,0.12
funding,E6_acf,sd_omega,100,0,0,-0.0022099805412030974,-0.0022099744126367876,-0.0017448709913816807,-0.0017448709237863763,1.1592479909894315e-06,0.0
funding,E6_acf,tfp_growth,100,0,0,-0.008573875475074117,-0.00857388833109208,-0.008016603053715723,-0.008016603332199751,2.324237953710284e-06,0.0
funding,E6b_acf_lagonly,alpha,100,0,0,0.019367785275997123,0.019367777998115447,-0.0007062134256127506,-0.0007062240046627477,6.873218892367028e-07,0.0
funding,E6b_acf_lagonly,beta,100,0,0,0.01553216804304298,0.01553221215267619,-0.01068773588636504,-0.010687826079607915,4.304811042854517e-06,0.0
funding,E6b_acf_lagonly,a,100,0,0,-0.009891870028261114,-0.00989185352522895,-0.007741227918655225,-0.007741236898922255,1.6265000853943334e-06,0.0
funding,E6b_acf_lagonly,gamma,100,0,0,-0.0024249014797361056,-0.002424902758101626,-0.0020696696124395952,-0.0020696686025979544,9.201969672356647e-08,0.0
funding,E6b_acf_lagonly,sigma_star,100,0,0,-0.008940461590038654,-0.008940469796181079,-0.002778022117030876,-0.002778020445005691,8.058783202979924e-07,0.0
funding,E6b_acf_lagonly,lnMstar,100,0,0,0.13901092588387562,0.13901054515493672,0.09203784058038833,0.09203789605201895,2.3312953602250275e-05,0.0
funding,E6b_acf_lagonly,sd_omega,100,0,0,0.00194256416194787,0.0019425651333637372,0.0014979237636394416,0.0014979238030296826,8.339553131397892e-08,0.0
funding,E6b_acf_lagonly,tfp_growth,100,0,0,0.0005335727252673009,0.0005335739971183673,0.0009736691426441985,0.000973669172318406,8.43642463943528e-08,0.0
funding,E7_iv_path,alpha,100,0,0,2.9315158840433343e-05,2.9315158840433343e-05,0.01837069417188006,0.01837069417188006,0.0,0.0
funding,E7_iv_path,beta,100,0,0,-0.00013287281574993814,-0.00013287281574993814,0.016653883913096745,0.016653883913096745,0.0,0.0
funding,E7_iv_path,a,100,0,0,-4.0968771795294454e-05,-4.0968771795294454e-05,-0.0001513171582442907,-0.0001513171582442907,0.0,0.0
funding,E7_iv_path,gamma,100,0,0,-3.279529853833979e-05,-3.279529853833979e-05,0.009266991005851724,0.009266991005851724,0.0,0.0
funding,E7_iv_path,sigma_star,100,0,0,0.005290361380212315,0.005290361380212315,-0.009885047221977195,-0.009885047221977195,0.0,0.0
funding,E7_iv_path,lnMstar,100,0,0,1.2765921449819237,1.2765921449819237,1.2800115969956347,1.2800115969956347,0.0,0.0
funding,E7_iv_path,sd_omega,100,0,0,0.013057814202708634,0.013057814202708634,-0.0014309091310843042,-0.0014309091310843042,0.0,0.0
funding,E7_iv_path,tfp_growth,100,0,0,-0.0014744822262319995,-0.0014744822262319995,-0.01374543710673011,-0.01374543710673011,0.0,0.0
funding,E8_heckman,alpha,100,0,0,0.04888826883626513,0.048886008872380274,0.05088625967305557,0.05089577964289424,9.916338995147322e-05,0.0
funding,E8_heckman,beta,100,0,0,0.044635587975770045,0.04463839950605141,0.04263228016128895,0.042545542473080594,0.00016107352979516376,0.08
funding,E8_heckman,a,100,0,0,-0.004806122520782794,-0.004803128213603967,-0.004681411219787324,-0.004683677667001673,0.00014410519299001834,0.13
funding,E8_heckman,gamma,100,0,0,0.022267218921212546,0.022267282002727713,0.023607287808819336,0.023603858996527394,2.2449142593805593e-05,0.0
funding,E8_heckman,sigma_star,100,0,0,-0.02448284880113895,-0.02448298309173764,-0.02494322882332123,-0.024941009169868744,2.23084911457061e-05,0.0
funding,E8_heckman,lnMstar,100,0,0,0.3407080846599326,0.340715854172141,0.3661641144017691,0.3666131301413533,0.0017190618050233475,0.77
funding,E8_heckman,sd_omega,100,0,0,-0.009020855358152788,-0.009020869998836365,-0.008674934279595564,-0.008674724598146041,1.712635644079974e-06,0.0
funding,E8_heckman,tfp_growth,100,0,0,-0.02606692077648363,-0.026067016569030547,-0.025260653284074834,-0.02526063244050615,3.166975438589903e-06,0.0
funding,E9_foc_system,alpha,100,0,0,-0.002517856359426303,-0.0025178483599929786,-0.002878872305008856,-0.0028789572171828703,1.352141378863081e-06,0.0
funding,E9_foc_system,beta,100,0,0,-0.005741361515405307,-0.00574136641290596,-0.005400035722889995,-0.0054000042586380415,1.7377554268338535e-06,0.0
funding,E9_foc_system,a,100,0,0,-0.0021418097011490387,-0.0021418191061189904,-0.0022486946920524664,-0.0022486816364508666,2.2888674733323455e-07,0.0
funding,E9_foc_system,gamma,100,0,0,-0.002036148089369457,-0.00203614718835207,-0.0021618213704869133,-0.002161822830672455,7.688311184639307e-07,0.0
funding,E9_foc_system,sigma_star,100,0,0,0.002252668478088149,0.002252667669760221,0.002366894309449974,0.002366838061000631,8.456016469260419e-07,0.0
funding,E9_foc_system,lnMstar,100,0,0,1.2499942995420366,1.2499944173070436,1.2523401705843642,1.2523402252748408,2.3972558583551518e-05,0.0
funding,E9_foc_system,sd_omega,100,0,0,0.0021472215479947194,0.002147222876126578,0.0018092887862969087,0.0018092469780547071,3.9882657784651165e-07,0.0
funding,E9_foc_system,tfp_growth,100,0,0,0.000560784220103498,0.0005607832871906141,0.000814710958272083,0.0008145758198951636,9.08437175345389e-07,0.0
funding_all,E10_foc_system_T,alpha,100,0,0,-0.0017277665524656931,-0.0017277651062071269,-0.002213398547235429,-0.0022133724038101155,3.8097961579941497e-07,0.0
funding_all,E10_foc_system_T,beta,100,0,0,-0.007702438627350475,-0.007702450413480739,-0.007136191390865659,-0.0071361910385802085,1.020435713372514e-06,0.0
funding_all,E10_foc_system_T,a,100,0,0,-0.0040904945689023645,-0.00409050370066669,-0.004582641056642911,-0.00458267454820499,5.717297786311804e-07,0.0
funding_all,E10_foc_system_T,gamma,100,0,0,-0.0023076394311238955,-0.0023076418904121997,-0.0021781455244950926,-0.002178152317479254,2.949341633140534e-07,0.0
funding_all,E10_foc_system_T,sigma_star,100,0,0,0.0025742340372861194,0.0025742368681313963,0.002447583187382474,0.0024475906434279215,3.321123119848224e-07,0.0
funding_all,E10_foc_system_T,lnMstar,100,0,0,-0.016978781177435585,-0.016978647439101734,-0.009330976915181477,-0.009331066125160659,5.04385685262676e-06,0.0
funding_all,E10_foc_system_T,sd_omega,100,0,0,-0.012558108572882538,-0.012558107110838984,-0.011773446853776529,-0.011773446112994565,1.2431291321335358e-07,0.0
funding_all,E10_foc_system_T,tfp_growth,100,0,0,0.00739263074138857,0.007392632568090172,0.006809398899106062,0.006809420182338821,2.8498865300985443e-07,0.0
funding_all,E1_pooled_huber,alpha,100,0,0,0.10778762163886428,0.10756642358431968,0.11374291881899204,0.11374291881899204,0.022119785808449366,0.01
funding_all,E1_pooled_huber,beta,100,0,0,0.07329974990721205,0.07416773465752467,0.0610706425842972,0.06523050995816046,0.08679834157208444,0.01
funding_all,E1_pooled_huber,a,100,0,0,-0.028172030666209366,-0.02753187161770226,-0.03581045351622311,-0.03443485163392143,0.06401581611354179,0.01
funding_all,E1_pooled_huber,gamma,100,0,0,0.03354483927308263,0.033760343485435426,0.037449438711041616,0.03758098878503521,0.021550397069253546,0.01
funding_all,E1_pooled_huber,sigma_star,100,0,0,-0.04554391549505985,-0.04569776712126296,-0.04407402454049841,-0.04471413573419114,0.015385135360396873,0.01
funding_all,E1_pooled_huber,lnMstar,100,0,0,0.7043146600687292,0.6982302289484071,0.6196292838165334,0.6134605031975018,0.6084423134131658,0.01
funding_all,E1_pooled_huber,sd_omega,100,0,0,-0.05060887101085829,-0.050459275598929126,-0.05046610823656689,-0.050466106911627825,0.014959525382538391,0.01
funding_all,E1_pooled_huber,tfp_growth,100,0,0,-0.09056339220508484,-0.09053244554727673,-0.09040714620514337,-0.0904071453787593,0.0030946554303408202,0.01
funding_all,E1b_pooled_huber_Etrue,alpha,100,0,0,0.13858962646733372,0.13858962665115424,0.1320229225235815,0.1320229226774991,9.503491660289853e-09,0.0
funding_all,E1b_pooled_huber_Etrue,beta,100,0,0,0.12705538842996278,0.12705538824356732,0.12040891892294608,0.12040891892294608,1.5077356529946684e-08,0.0
funding_all,E1b_pooled_huber_Etrue,a,100,0,0,-0.010322437163165494,-0.010322437382019824,-0.009247596525930935,-0.00924759559092908,1.2562829054818536e-08,0.0
funding_all,E1b_pooled_huber_Etrue,gamma,100,0,0,0.0642962629849722,0.06429626294761107,0.06515390878188985,0.06515390875222966,2.812946459096466e-09,0.0
funding_all,E1b_pooled_huber_Etrue,sigma_star,100,0,0,-0.06559694988575328,-0.06559694988398858,-0.06545631372672978,-0.06545631392347678,1.5029312239178694e-09,0.0
funding_all,E1b_pooled_huber_Etrue,lnMstar,100,0,0,0.5363996623766765,0.5363996687286915,0.4578825202747676,0.4578825202747676,5.631281654316922e-07,0.0
funding_all,E1b_pooled_huber_Etrue,sd_omega,100,0,0,-0.01758851990132413,-0.017588519929286492,-0.017509562500027262,-0.017509562425952516,1.5895595117942918e-09,0.0
funding_all,E1b_pooled_huber_Etrue,tfp_growth,100,0,0,-0.07017242943904316,-0.07017242938211647,-0.06944184769375158,-0.06944184743411366,2.196542114862865e-09,0.0
funding_all,E2_pooled_nls,alpha,100,0,0,0.04664191860894053,0.04664574391414196,0.04267281858945349,0.04271543517182497,9.431511073954013e-05,0.0
funding_all,E2_pooled_nls,beta,100,0,0,0.022956988219271356,0.02294915478107505,0.02140763937978074,0.02140912383702301,0.00016947583779680642,0.07
funding_all,E2_pooled_nls,a,100,0,0,-0.017237741138847514,-0.01724484252375656,-0.01357094272356707,-0.013534385233764656,0.00014277244260030297,0.08
funding_all,E2_pooled_nls,gamma,100,0,0,0.01497985041922602,0.01497882215385083,0.015146208204807651,0.015146929465807368,2.3179494515190857e-05,0.0
funding_all,E2_pooled_nls,sigma_star,100,0,0,-0.018309658026975584,-0.01830863563740965,-0.018092369510141815,-0.018091991998589407,2.3628534769337683e-05,0.0
funding_all,E2_pooled_nls,lnMstar,100,0,0,0.2288441328083238,0.22891331718738228,0.22774773104519008,0.22807926052109018,0.0014543798063595403,0.62
funding_all,E2_pooled_nls,sd_omega,100,0,0,-0.019321317800567377,-0.019321303648845888,-0.019237219230816602,-0.01923755076634648,5.844328293536094e-07,0.0
funding_all,E2_pooled_nls,tfp_growth,100,0,0,-0.013834184568425601,-0.013834101439480046,-0.014188259432179273,-0.014188268716116614,2.4823283253094797e-06,0.0
funding_all,E3_lab_fe,alpha,100,0,0,0.01920523736531346,0.019205905475240016,0.01465123412927194,0.014650664709541628,5.616023225635258e-05,0.0
funding_all,E3_lab_fe,beta,100,0,0,-0.0019487369500820223,-0.0019496653720889462,-0.009030964945848124,-0.009010543398920351,7.623159528569179e-05,0.0
funding_all,E3_lab_fe,a,100,0,0,-0.01634539242108985,-0.01634630056361741,-0.01489432557498166,-0.014899745128174602,9.006889573681676e-05,0.0
funding_all,E3_lab_fe,gamma,100,0,0,0.0018620402242287477,0.0018619542390188764,0.001610365424718041,0.0016090759755989226,1.3355196205849795e-05,0.0
funding_all,E3_lab_fe,sigma_star,100,0,0,-0.004573901392559181,-0.00457384179986229,-0.0031591469804487238,-0.0031567985773320872,1.3473382287076952e-05,0.0
funding_all,E3_lab_fe,lnMstar,100,0,0,-0.01336758912523476,-0.013354422362300911,-0.025113369375218797,-0.024912481956586907,0.0011126292397882764,0.48
funding_all,E3_lab_fe,sd_omega,100,0,0,-0.014774978065591644,-0.014774980403213924,-0.013799351535434046,-0.013799290881794879,1.0934754076652453e-06,0.0
funding_all,E3_lab_fe,tfp_growth,100,0,0,0.001480729317585269,0.0014807155451021783,0.0021310165785905777,0.002131123374010724,1.1952518944868817e-06,0.0
funding_all,E4_mundlak,alpha,100,0,0,0.020539124071397515,0.020543415438197914,0.017104728117868256,0.017107048457683377,9.073927120822889e-05,0.0
funding_all,E4_mundlak,beta,100,0,0,0.00484253439773034,0.004833127749170242,0.006101917328782069,0.005982832332543736,0.00016164289920422847,0.14
funding_all,E4_mundlak,a,100,0,0,-0.01243113968490313,-0.01244018658641445,-0.008386976108369526,-0.008345815498784992,0.00017410943130380385,0.16
funding_all,E4_mundlak,gamma,100,0,0,0.004093183927653305,0.004092193157217976,0.004764284807562247,0.0047604480348164835,2.22229424236553e-05,0.0
funding_all,E4_mundlak,sigma_star,100,0,0,-0.00675773124024441,-0.006756375440553642,-0.005462463460357947,-0.005462148959950064,2.7115980847258747e-05,0.0
funding_all,E4_mundlak,lnMstar,100,0,0,-0.03114570538512631,-0.031124411697133533,-0.15082878370874075,-0.15140931928156065,0.0018459455170192207,0.7
funding_all,E4_mundlak,sd_omega,100,0,0,-0.0156160282381068,-0.01561606607671894,-0.014622696857757259,-0.014622251583057147,1.3692882311067134e-06,0.0
funding_all,E4_mundlak,tfp_growth,100,0,0,-0.0009676929085464312,-0.0009675519229672524,-0.0017934971284757767,-0.001793360240716177,2.5162606841488966e-06,0.0
funding_all,E5_labgen_fe,alpha,100,0,0,0.0008417103616188831,0.0008429011315429924,0.000270061379817943,0.00028183109736104606,2.9961487700791434e-05,0.0
funding_all,E5_labgen_fe,beta,100,0,0,-0.0032266058701620965,-0.0032291074960923527,-0.010093032363660548,-0.010132629761699319,6.301754913723423e-05,0.0
funding_all,E5_labgen_fe,a,100,0,0,-0.0036000325014141064,-0.0036025944232089433,-0.005468640395180913,-0.005497786051160247,6.609612569807854e-05,0.0
funding_all,E5_labgen_fe,gamma,100,0,0,-0.001408719153253349,-0.001408982556076206,-0.0020698288992632985,-0.002070884283466551,7.667619642492962e-06,0.0
funding_all,E5_labgen_fe,sigma_star,100,0,0,0.0006790815951369067,0.000679438066675152,0.0019708855539939396,0.0019708865639391226,9.067891197034328e-06,0.0
funding_all,E5_labgen_fe,lnMstar,100,0,0,-0.30844143471929775,-0.30841108743675005,-0.28982104050436686,-0.2896874954215516,0.0006573567332934793,0.21
funding_all,E5_labgen_fe,sd_omega,100,0,0,-0.012723391092550685,-0.012723386534668885,-0.011786668157986041,-0.01178658926153174,3.9074651050907683e-07,0.0
funding_all,E5_labgen_fe,tfp_growth,100,0,0,0.006529805701688706,0.006529812475063439,0.005924494195663418,0.005924488469849901,5.662682288909426e-07,0.0
funding_all,E6_acf,alpha,100,0,0,0.011526094242502926,0.011526089034331879,-0.0033383091622660177,-0.003338604357038588,5.094451096754327e-06,0.0
funding_all,E6_acf,beta,100,0,0,0.02017191028347328,0.020171963784544486,0.01112057228266558,0.011120580626453463,1.2109111539704287e-05,0.0
funding_all,E6_acf,a,100,0,0,0.0015967183857568917,0.0015967611646001063,0.008207015507249837,0.008206993179907751,1.1500409921816335e-05,0.0
funding_all,E6_acf,gamma,100,0,0,0.0011064618883373544,0.0011064711988433777,0.0016732774153064567,0.001672958140203809,1.333272050291212e-06,0.0
funding_all,E6_acf,sigma_star,100,0,0,-0.008169951190054123,-0.008169964126709872,-0.004387680613354705,-0.004387682250068969,1.9819848263713524e-06,0.0
funding_all,E6_acf,lnMstar,100,0,0,-0.20239723011592542,-0.2023958340246907,-0.35052153401361563,-0.35052156084374975,0.00013051628574700658,0.02
funding_all,E6_acf,sd_omega,100,0,0,-0.013643030161312429,-0.013643031074975857,-0.012174598174740009,-0.012174567772401723,9.077180135319551e-08,0.0
funding_all,E6_acf,tfp_growth,100,0,0,0.0035191403926352572,0.0035191391373356916,0.0031017924934855085,0.0031017925192251966,1.7168569355074936e-07,0.0
funding_all,E6b_acf_lagonly,alpha,100,0,0,0.012540106183536705,0.012539515926282947,-0.014022664663697365,-0.014022708951751367,3.689686082358756e-05,0.0
funding_all,E6b_acf_lagonly,beta,100,0,0,0.03489980016792675,0.03490139265782485,0.010871868061309214,0.01087171554673988,9.418526287890971e-05,0.0
funding_all,E6b_acf_lagonly,a,100,0,0,0.006141764784446379,0.0061433206438740815,0.015087343937365216,0.0150874699050364,9.651300666946305e-05,0.0
funding_all,E6b_acf_lagonly,gamma,100,0,0,-0.002751272344173677,-0.0027510395200633577,-0.0021328405140534495,-0.0021328380993787116,1.4627299804337301e-05,0.0
funding_all,E6b_acf_lagonly,sigma_star,100,0,0,-0.01185481077606081,-0.011855086787805256,-0.0030496487691604734,-0.003049649354205597,1.5946833047286724e-05,0.0
funding_all,E6b_acf_lagonly,lnMstar,100,0,0,-0.3118183260779358,-0.31182910146818227,-0.5666832487218612,-0.5666860032744456,0.0008089667213819762,0.06
funding_all,E6b_acf_lagonly,sd_omega,100,0,0,-0.011740654090744557,-0.011740650800872532,-0.011414477169479978,-0.011414477210228008,3.600154984684245e-07,0.0
funding_all,E6b_acf_lagonly,tfp_growth,100,0,0,0.007921571249662356,0.007921575390056543,0.00843330751526751,0.008433307360022249,4.7184352017226594e-07,0.0
funding_all,E7_iv_path,alpha,100,0,0,-0.06730278266942086,-0.06730278266942086,-0.04076349981178201,-0.04076349981178201,0.0,0.0
funding_all,E7_iv_path,beta,100,0,0,-0.07290718091955363,-0.07290718091955363,-0.04455698701165453,-0.04455698701165453,0.0,0.0
funding_all,E7_iv_path,a,100,0,0,-0.0018366801725012449,-0.0018366801725012449,-0.0017723730416036587,-0.0017723730416036587,0.0,0.0
funding_all,E7_iv_path,gamma,100,0,0,-0.035019208026500596,-0.035019208026500596,-0.021681241768241863,-0.021681241768241863,0.0,0.0
funding_all,E7_iv_path,sigma_star,100,0,0,0.06461100744211219,0.06461100744211219,0.024392141130509137,0.024392141130509137,0.0,0.0
funding_all,E7_iv_path,lnMstar,100,0,0,1.287757919289958,1.287757919289958,1.2870970568882103,1.2870970568882103,0.0,0.0
funding_all,E7_iv_path,sd_omega,100,0,0,0.019257053914520227,0.019257053914520227,0.0006694748472100553,0.0006694748472100553,0.0,0.0
funding_all,E7_iv_path,tfp_growth,100,0,0,0.04524760710852085,0.04524760710852085,0.030960012562856562,0.030960012562856562,0.0,0.0
funding_all,E8_heckman,alpha,100,0,0,0.06224591394226798,0.06224455008842702,0.06303644798638669,0.0629720479856124,0.00010935947128737356,0.01
funding_all,E8_heckman,beta,100,0,0,0.0435596313874276,0.043561671109259674,0.04147252063938148,0.04156160739106138,0.00016040703534447864,0.17
funding_all,E8_heckman,a,100,0,0,-0.014076404310862864,-0.014074096828058331,-0.006539421969516013,-0.006517964245643437,0.00016308194804681708,0.14
funding_all,E8_heckman,gamma,100,0,0,0.024407861074208618,0.024408234606480873,0.02404254070244509,0.02404708900897029,2.6314727328391463e-05,0.0
funding_all,E8_heckman,sigma_star,100,0,0,-0.027398225368721368,-0.02739838739698877,-0.026091475158654454,-0.026090468597757488,2.608292543571089e-05,0.0
funding_all,E8_heckman,lnMstar,100,0,0,0.21967945044194756,0.2197166991145981,0.23265385113039372,0.23286528832379094,0.0018057182781987535,0.68
funding_all,E8_heckman,sd_omega,100,0,0,-0.020311571407332377,-0.020311610754820943,-0.020399054531208077,-0.020399007751152623,9.39857403681188e-07,0.0
funding_all,E8_heckman,tfp_growth,100,0,0,-0.024317315929955743,-0.02431734722690371,-0.02538657954116986,-0.02538598339136946,3.561415069186502e-06,0.0
funding_all,E9_foc_system,alpha,100,0,0,-0.005179510696467536,-0.005179526969759512,-0.005571330222653853,-0.005571423239319057,1.5138652561530463e-06,0.0
funding_all,E9_foc_system,beta,100,0,0,-0.011369811214528179,-0.011369828813731948,-0.010970620900043276,-0.010970696618488152,1.5648356530562069e-06,0.0
funding_all,E9_foc_system,a,100,0,0,-0.004148816637450177,-0.004148816950797856,-0.004551127678866174,-0.0045511162259466165,3.3757524475763745e-07,0.0
funding_all,E9_foc_system,gamma,100,0,0,-0.0040865011794658885,-0.00408650966176289,-0.004255779928835329,-0.004255706889898694,7.695460254864006e-07,0.0
funding_all,E9_foc_system,sigma_star,100,0,0,0.004527470747861609,0.004527480036717745,0.004705077767456045,0.004704997921701537,8.45804915994286e-07,0.0
funding_all,E9_foc_system,lnMstar,100,0,0,1.253388592824933,1.2533889158123916,1.2555623833084666,1.2555622438684688,1.1318039713437145e-05,0.0
funding_all,E9_foc_system,sd_omega,100,0,0,-0.01131508377323333,-0.011315077328022186,-0.011176698131681234,-0.011176641724887068,4.119735210472708e-07,0.0
funding_all,E9_foc_system,tfp_growth,100,0,0,0.00975002161514886,0.009750031249792093,0.009848102983180201,0.009848017606447518,8.712501336771705e-07,0.0
funding_flag,E1_pooled_huber,alpha,100,0,0,0.24044239256172145,0.24044239290395267,0.2259621076911995,0.22596210991847265,1.5357377147751095e-08,0.0
funding_flag,E1_pooled_huber,beta,100,0,0,0.27975203399469306,0.2797520357329759,0.28351983971150757,0.2835198403015218,4.59071213265716e-08,0.0
funding_flag,E1_pooled_huber,a,100,0,0,0.0075467029390331375,0.00754670361220863,0.008374247974417603,0.008374247974417603,1.9274890350473584e-08,0.0
funding_flag,E1_pooled_huber,gamma,100,0,0,0.11840174156345454,0.11840174222978696,0.11781276609654148,0.11781276609654148,1.7817185726798357e-08,0.0
funding_flag,E1_pooled_huber,sigma_star,100,0,0,-0.11733244253721002,-0.11733244296268326,-0.11526404795729561,-0.11526404797219486,1.025882112593024e-08,0.0
funding_flag,E1_pooled_huber,lnMstar,100,0,0,0.8949212413608122,0.8949212390621122,0.7763707474890611,0.7763707310101544,1.3852815605730484e-07,0.0
funding_flag,E1_pooled_huber,sd_omega,100,0,0,-0.038623103973527376,-0.03862310356985264,-0.044539733348955515,-0.0445397333869208,1.0921583665224333e-08,0.0
funding_flag,E1_pooled_huber,tfp_growth,100,0,0,-0.14568595778752821,-0.14568595780444613,-0.1466358505942158,-0.1466358505942158,3.809990929519447e-09,0.0
funding_flag,E1b_pooled_huber_Etrue,alpha,100,0,0,0.2611560796759546,0.25970428005155155,0.24207935585044654,0.2401803209128287,0.10478332894193276,0.02
funding_flag,E1b_pooled_huber_Etrue,beta,100,0,0,0.3002445157837897,0.3013833557154373,0.2741445206978981,0.2758926296321051,0.06024348440590288,0.02
funding_flag,E1b_pooled_huber_Etrue,a,100,0,0,0.0073048631739443025,0.008274381703633567,0.0033057567898088225,0.006442484479882327,0.05652574068930216,0.02
funding_flag,E1b_pooled_huber_Etrue,gamma,100,0,0,0.13179565676862387,0.13176871461321216,0.13107769759052576,0.13107769792179957,0.004857080047982076,0.02
funding_flag,E1b_pooled_huber_Etrue,sigma_star,100,0,0,-0.12584904958457652,-0.12579622427551623,-0.12308980706157185,-0.12308980760187815,0.009084748171788948,0.02
funding_flag,E1b_pooled_huber_Etrue,lnMstar,100,0,0,0.9159986397632628,0.9062311201881912,0.891263675373976,0.8771100539247125,0.6087698075143111,0.02
funding_flag,E1b_pooled_huber_Etrue,sd_omega,100,0,0,-0.029186510740337644,-0.029207548489080675,-0.0294754973567381,-0.029475497366900985,0.002027869576271518,0.01
funding_flag,E1b_pooled_huber_Etrue,tfp_growth,100,0,0,-0.14324513212431256,-0.14322818921530264,-0.14386761643703733,-0.1438676164857814,0.0019881753602489687,0.02
funding_flag,E2_pooled_nls,alpha,100,0,0,0.2364893543245935,0.2365027614451972,0.22277188067590847,0.2227731591292375,0.0006141044711562849,0.02
funding_flag,E2_pooled_nls,beta,100,0,0,0.2581238450698274,0.25810627059198393,0.24452649012397376,0.24446151178150838,0.0006303984558413411,0.05
funding_flag,E2_pooled_nls,a,100,0,0,0.0031363697150135557,0.0031237420043469864,0.006083635979796054,0.006092697270699776,0.0005237389371163248,0.02
funding_flag,E2_pooled_nls,gamma,100,0,0,0.11859521459444483,0.11859462068270465,0.11859424174388516,0.11859655828827281,1.1274364125735126e-05,0.0
funding_flag,E2_pooled_nls,sigma_star,100,0,0,-0.11314611252716336,-0.11314528853525249,-0.11230751110185305,-0.1123009944937488,1.3105026299031763e-05,0.0
funding_flag,E2_pooled_nls,lnMstar,100,0,0,0.9143719443778109,0.9144778298852815,0.9363132222063606,0.9360288666539547,0.004463589756276143,0.38
funding_flag,E2_pooled_nls,sd_omega,100,0,0,-0.03125669850594991,-0.03125669851543886,-0.031191506266927196,-0.031191506203847544,3.998517073000585e-10,0.0
funding_flag,E2_pooled_nls,tfp_growth,100,0,0,-0.12985086283703923,-0.1298508463942405,-0.1311596958313903,-0.1311589615425542,3.5024142813165626e-06,0.0
funding_flag,E3_lab_fe,alpha,100,0,0,0.2325997829333562,0.2326029523361381,0.22586665137512707,0.22584538545644028,0.00024124414873238909,0.01
funding_flag,E3_lab_fe,beta,100,0,0,0.2442471300540969,0.24424201315292327,0.2447995961783358,0.24482015497089404,0.00032361408798742275,0.01
funding_flag,E3_lab_fe,a,100,0,0,-0.0004712486609274763,-0.00047479966791901863,-0.0036892954499668784,-0.003691117319437276,0.00025375414102268845,0.01
funding_flag,E3_lab_fe,gamma,100,0,0,0.11574763187209992,0.1157475795534747,0.11530173765917792,0.11530140098344929,1.7314020426095755e-05,0.0
funding_flag,E3_lab_fe,sigma_star,100,0,0,-0.10986736840693653,-0.10986698015410232,-0.10995990022939517,-0.10995854986327597,1.702025058669676e-05,0.0
funding_flag,E3_lab_fe,lnMstar,100,0,0,0.892823184447125,0.8928524215672327,0.8967226860643656,0.8966614239597244,0.002003664089273105,0.26
funding_flag,E3_lab_fe,sd_omega,100,0,0,-0.029229119881728764,-0.029229093845250208,-0.029960995855681613,-0.029961012868626194,4.048637007370015e-06,0.0
funding_flag,E3_lab_fe,tfp_growth,100,0,0,-0.1271678953561779,-0.1271680932379119,-0.12678720758703121,-0.12678714487658488,6.31828929344852e-06,0.0
funding_flag,E4_mundlak,alpha,100,0,0,0.2316607832734629,0.23166442727137568,0.2281141276164571,0.22811352188395467,0.00018980511499733232,0.01
funding_flag,E4_mundlak,beta,100,0,0,0.25318155885096355,0.25317370932431166,0.25599549980855907,0.2559823026817787,0.00022746919607508076,0.1
funding_flag,E4_mundlak,a,100,0,0,0.002726014293760444,0.002721776294502887,0.00819958199750398,0.008182587278095288,0.00015884764049345357,0.01
funding_flag,E4_mundlak,gamma,100,0,0,0.1158671051875905,0.115867237344287,0.11615786591838867,0.11615845085353813,1.0233231608813842e-05,0.0
funding_flag,E4_mundlak,sigma_star,100,0,0,-0.11139182078845186,-0.11139100919612317,-0.11145948791463717,-0.11145456057008257,1.527763418451844e-05,0.0
funding_flag,E4_mundlak,lnMstar,100,0,0,0.8701187140855444,0.8701536350579526,0.8977124768472193,0.8977797932604485,0.0013773675339754377,0.39
funding_flag,E4_mundlak,sd_omega,100,0,0,-0.029352264533325574,-0.029352279745796392,-0.02966106217835926,-0.029661161661302393,1.1878137936571775e-06,0.0
funding_flag,E4_mundlak,tfp_growth,100,0,0,-0.12695602159218178,-0.1269564376977934,-0.12516536462071784,-0.12516543399530028,6.431991022369521e-06,0.0
funding_flag,E7_iv_path,alpha,100,0,0,0.008777697649093572,0.008777697649093572,0.015001543350994628,0.015001543350994628,0.0,0.0
funding_flag,E7_iv_path,beta,100,0,0,0.01078783350593333,0.01078783350593333,0.01912653031528838,0.01912653031528838,0.0,0.0
funding_flag,E7_iv_path,a,100,0,0,0.0008889810194542607,0.0008889810194542607,0.0005759272293340834,0.0005759272293340834,0.0,0.0
funding_flag,E7_iv_path,gamma,100,0,0,0.00481180652461373,0.00481180652461373,0.008950889980633689,0.008950889980633689,0.0,0.0
funding_flag,E7_iv_path,sigma_star,100,0,0,-0.0029880248073219564,-0.0029880248073219564,-0.009627120888153262,-0.009627120888153262,0.0,0.0
funding_flag,E7_iv_path,lnMstar,100,0,0,1.265999492413017,1.265999492413017,1.2638540143863746,1.2638540143863746,0.0,0.0
funding_flag,E7_iv_path,sd_omega,100,0,0,0.002072931278810517,0.002072931278810517,-0.002183384796039717,-0.002183384796039717,0.0,0.0
funding_flag,E7_iv_path,tfp_growth,100,0,0,-0.005112224044078901,-0.005112224044078901,-0.006913755070531838,-0.006913755070531838,0.0,0.0
predet,E10_foc_system_T,alpha,100,0,0,-0.0009503596695727407,-0.0009503680809234333,-0.0009452087494089545,-0.0009452110816688397,6.933662961561282e-07,0.0
predet,E10_foc_system_T,beta,100,0,0,-0.001311455114281493,-0.0013114491084995521,-0.0017696429731945407,-0.0017696523788737761,4.0981641663551116e-07,0.0
predet,E10_foc_system_T,a,100,0,0,-0.00021920476036840664,-0.00021919461112093974,-0.0007148626824443061,-0.00071488085409116,7.769292073023237e-07,0.0
predet,E10_foc_system_T,gamma,100,0,0,-0.0005676740882497428,-0.000567674873610636,-0.0007381437603086183,-0.0007381460956640828,1.4377985091407197e-07,0.0
predet,E10_foc_system_T,sigma_star,100,0,0,0.0006174435492001707,0.0006174442201632047,0.0007768802703267963,0.0007768785264351541,1.511750893357089e-07,0.0
predet,E10_foc_system_T,lnMstar,100,0,0,-0.027674370106869132,-0.027674527000274205,-0.02389606274072631,-0.023895855645501562,1.1434409068922236e-05,0.0
predet,E10_foc_system_T,sd_omega,100,0,0,0.00023288750823588888,0.0002328886387007223,-0.0024099341477225172,-0.0024099317952159666,1.1118842130342088e-07,0.0
predet,E10_foc_system_T,tfp_growth,100,0,0,0.0016142535937041145,0.0016142550339785498,0.0025918640393449294,0.0025918801585013834,1.9928844804950607e-07,0.0
predet,E1_pooled_huber,alpha,100,0,0,0.06920490023858158,0.06605382310717642,0.07378004980856845,0.0723657535810483,0.20433846517634902,0.02
predet,E1_pooled_huber,beta,100,0,0,0.06657136901584557,0.07036526779182325,0.057459112659226014,0.06582813015167968,0.20237351703050943,0.02
predet,E1_pooled_huber,a,100,0,0,-0.0075486439456502455,-0.003805073704634605,-0.004132287562417514,0.0022986927180574934,0.2227054986337912,0.02
predet,E1_pooled_huber,gamma,100,0,0,0.025514021856346724,0.02592744197490897,0.02631321079843174,0.02667429876854506,0.034494045895599706,0.02
predet,E1_pooled_huber,sigma_star,100,0,0,-0.034646669760079594,-0.03479591035806235,-0.032981586984861755,-0.032981586984861755,0.015387376456983959,0.02
predet,E1_pooled_huber,lnMstar,100,0,0,0.6700709902674911,0.6179558575893044,0.6281641955568804,0.5659499486587296,3.271138794903013,0.02
predet,E1_pooled_huber,sd_omega,100,0,0,-0.04659587269598736,-0.046275747762829396,-0.04742221268415134,-0.047013232067500535,0.03645513393812469,0.02
predet,E1_pooled_huber,tfp_growth,100,0,0,-0.08731090287709317,-0.08720885226996782,-0.08769192960819946,-0.0874792923826764,0.012387649229859167,0.02
predet,E1b_pooled_huber_Etrue,alpha,100,0,0,0.11005767336023588,0.11005767322833472,0.10980803695155067,0.1098080365578196,1.0952829587740354e-08,0.0
predet,E1b_pooled_huber_Etrue,beta,100,0,0,0.11966303500862968,0.11966303564477972,0.1126255323646276,0.11262553290869756,3.1708857539669566e-08,0.0
predet,E1b_pooled_huber_Etrue,a,100,0,0,0.0016624361473577005,0.0016624365157148718,-0.004617265363321188,-0.004617263927456594,1.840496011151771e-08,0.0
predet,E1b_pooled_huber_Etrue,gamma,100,0,0,0.05639970157469245,0.056399701656128565,0.055817254493487525,0.055817254493487525,4.80823919568607e-09,0.0
predet,E1b_pooled_huber_Etrue,sigma_star,100,0,0,-0.05745061796743151,-0.0574506180810458,-0.05695247183253771,-0.05695247182132568,5.721804141600728e-09,0.0
predet,E1b_pooled_huber_Etrue,lnMstar,100,0,0,0.649326085404682,0.6493260793876814,0.6282064282406357,0.6282064282406357,2.310342210876115e-07,0.0
predet,E1b_pooled_huber_Etrue,sd_omega,100,0,0,-0.0074333029195929375,-0.007433302918110892,-0.009199695511676723,-0.009199695511676723,2.977357527189639e-10,0.0
predet,E1b_pooled_huber_Etrue,tfp_growth,100,0,0,-0.061358519813990896,-0.06135851986019394,-0.06127587526404436,-0.06127587526404436,4.065471709280288e-09,0.0
predet,E2_pooled_nls,alpha,100,0,0,0.03581662298247662,0.03581992683409114,0.038202548044913576,0.03818967164299941,0.00010938039888946927,0.01
predet,E2_pooled_nls,beta,100,0,0,0.042519781170858605,0.04251385252677761,0.03568091390375072,0.03561213230470803,0.00017690290396749075,0.07
predet,E2_pooled_nls,a,100,0,0,0.0024367044662312394,0.002431018064632742,-0.0019922805194438342,-0.002009668833964806,0.00018299614232780703,0.13
predet,E2_pooled_nls,gamma,100,0,0,0.018268482300506424,0.018267853316318635,0.018469089185207815,0.01846850828167633,2.9375420166594113e-05,0.0
predet,E2_pooled_nls,sigma_star,100,0,0,-0.020606341137687625,-0.020605675532417753,-0.020666615098547447,-0.02066072806066538,2.982297979625681e-05,0.0
predet,E2_pooled_nls,lnMstar,100,0,0,0.3485310179576932,0.34860090304696584,0.33481746623210107,0.33470747488782493,0.001872942011615919,0.74
predet,E2_pooled_nls,sd_omega,100,0,0,-0.006664525330979912,-0.006664536900090157,-0.008238969345256697,-0.008239072915444623,1.2806195202885728e-06,0.0
predet,E2_pooled_nls,tfp_growth,100,0,0,-0.018626927003806887,-0.01862685796975034,-0.018821679351635714,-0.018822613143352124,3.1614231953136507e-06,0.0
predet,E3_lab_fe,alpha,100,0,0,0.010176398173758101,0.010175348560171932,0.009074844699556023,0.009094403963222364,6.863039519983127e-05,0.0
predet,E3_lab_fe,beta,100,0,0,0.014176243841019755,0.01417862931739986,0.00569968543820859,0.005737844156394445,0.00010747679660472187,0.01
predet,E3_lab_fe,a,100,0,0,0.0006676824344115517,0.0006700207014315962,-0.004282840543856303,-0.004292757444587847,0.00012238752188487023,0.01
predet,E3_lab_fe,gamma,100,0,0,0.003671113447612474,0.0036713418007574506,0.0037216961760079686,0.0037222635846137914,9.408824107021152e-06,0.0
predet,E3_lab_fe,sigma_star,100,0,0,-0.0064898270184145625,-0.0064901865115380535,-0.0049783223807362,-0.004975745658697017,1.2918683397145081e-05,0.0
predet,E3_lab_fe,lnMstar,100,0,0,0.15419090062506208,0.15417192856721162,0.18381656122880474,0.18368295024637082,0.0011017089057849816,0.59
predet,E3_lab_fe,sd_omega,100,0,0,-0.0015293229434332574,-0.0015293215243896321,-0.004049931185286432,-0.004049779613175042,8.985741455913576e-07,0.0
predet,E3_lab_fe,tfp_growth,100,0,0,-0.002739467429041757,-0.0027394611689020255,-0.002319477047535337,-0.0023194054401812075,2.030231667754512e-06,0.0
predet,E4_mundlak,alpha,100,0,0,0.012566582107557846,0.012566419322262849,0.014622190713616035,0.014666725204162429,0.00011490502478389564,0.02
predet,E4_mundlak,beta,100,0,0,0.015351112901225315,0.015351966076377727,0.007947271169150366,0.007947931927289098,0.00016252274974315473,0.14
predet,E4_mundlak,a,100,0,0,0.000520213992670695,0.0005211768297561891,-0.006773489479411754,-0.0068082736125449905,0.0001722915760082877,0.16
predet,E4_mundlak,gamma,100,0,0,0.00565829678956272,0.005658388005352697,0.005466616313743913,0.005465440608594038,1.6304056150218127e-05,0.0
predet,E4_mundlak,sigma_star,100,0,0,-0.007461439665413044,-0.007461641736761827,-0.006855660717674739,-0.006858974794305861,2.651797651131993e-05,0.0
predet,E4_mundlak,lnMstar,100,0,0,0.17230910663412366,0.17228773301532085,0.17273774143786036,0.17288516901139928,0.002125158527567006,0.8
predet,E4_mundlak,sd_omega,100,0,0,-0.0023514274344906116,-0.0023513354955413315,-0.004846689673943444,-0.004845946024316317,1.3727665686968926e-06,0.0
predet,E4_mundlak,tfp_growth,100,0,0,-0.0050074215552292165,-0.005007406422920275,-0.00516755947230578,-0.005167096389953579,2.731718636184155e-06,0.0
predet,E5_labgen_fe,alpha,100,0,0,-0.0022061438425074855,-0.0022065976500211023,-0.003913468843517454,-0.003914632409341062,2.106193873524509e-05,0.0
predet,E5_labgen_fe,beta,100,0,0,0.007309189426848345,0.007309869911198332,0.0068146552977072505,0.006814215767972864,3.249866400184542e-05,0.0
predet,E5_labgen_fe,a,100,0,0,0.006181250127093367,0.006182035773985964,0.006230234219700759,0.006233931798817427,3.7922060329986795e-05,0.0
predet,E5_labgen_fe,gamma,100,0,0,0.0006685602553604003,0.0006686130340073396,0.000519290605406772,0.0005181606167135172,3.3440892068803407e-06,0.0
predet,E5_labgen_fe,sigma_star,100,0,0,-0.0013708720915045047,-0.001370933215238649,-0.0008699225469828709,-0.0008698065981358472,3.2495540014387814e-06,0.0
predet,E5_labgen_fe,lnMstar,100,0,0,-0.07388807428904633,-0.07389760747319561,-0.08762862104059166,-0.08765155339232722,0.0004962847116085634,0.23
predet,E5_labgen_fe,sd_omega,100,0,0,3.5720570576228128e-06,3.5686377231336497e-06,-0.0024181116811369807,-0.0024181227869348315,2.484660233115221e-07,0.0
predet,E5_labgen_fe,tfp_growth,100,0,0,0.0009590272943209452,0.0009590250497759659,0.002078195609465705,0.002078191197850715,3.4642782781313386e-07,0.0
predet,E6_acf,alpha,100,0,0,0.01940728058014907,0.019407306153559165,0.007923614270935742,0.007923572543526242,2.9674585935168807e-06,0.0
predet,E6_acf,beta,100,0,0,0.02206608168577078,0.022065981600399805,-0.014008165026034525,-0.01400811528706139,1.0788735722189191e-05,0.0
predet,E6_acf,a,100,0,0,-0.0069561333899015865,-0.006956211304868086,-0.013682842058344108,-0.013682791505711583,8.501786102121933e-06,0.0
predet,E6_acf,gamma,100,0,0,-0.0012708963961370258,-0.001270906554388613,-0.0017729936791250067,-0.0017729941761043533,1.0638872816326472e-06,0.0
predet,E6_acf,sigma_star,100,0,0,-0.010633546183760627,-0.01063352638595755,-0.0038577085687711565,-0.0038577038550511866,2.072915508466444e-06,0.0
predet,E6_acf,lnMstar,100,0,0,0.17624789293350127,0.17624937426219897,0.3211151761585511,0.3211155014118645,0.0001531510504850786,0.01
predet,E6_acf,sd_omega,100,0,0,0.0006953877182044236,0.0006953866502866202,-0.0016220765255496455,-0.001622075580112639,1.1759271201228216e-07,0.0
predet,E6_acf,tfp_growth,100,0,0,0.0024313113629354337,0.0024313115663151873,0.0029110617251401766,0.0029110618913328473,1.6076107139939566e-08,0.0
predet,E6b_acf_lagonly,alpha,100,0,0,0.022312794043544866,0.022312694169235033,0.009547679027739092,0.009547701508755668,8.989992024033278e-06,0.0
predet,E6b_acf_lagonly,beta,100,0,0,0.021535635170343195,0.021535798472650133,-0.0275849023293136,-0.027584894940383464,1.7592819574197005e-05,0.0
predet,E6b_acf_lagonly,a,100,0,0,-0.009895415564653622,-0.009895235615295688,-0.02798090596330552,-0.027980934194940965,1.7621044345217385e-05,0.0
predet,E6b_acf_lagonly,gamma,100,0,0,-0.0018509975874681655,-0.001850989302428315,-0.002152855355331912,-0.0021528551973451493,8.918279238157023e-07,0.0
predet,E6b_acf_lagonly,sigma_star,100,0,0,-0.01119673518052585,-0.011196752344486825,-0.004529156187080052,-0.004530310608741317,2.307223181841067e-06,0.0
predet,E6b_acf_lagonly,lnMstar,100,0,0,0.21156742106717707,0.21156536480961727,0.39010631846374944,0.3901059591449372,0.00019830494927486342,0.01
predet,E6b_acf_lagonly,sd_omega,100,0,0,0.0010494082072581735,0.001049407259566351,-0.0018858666733129609,-0.0018858666764384469,3.917644114670438e-08,0.0
predet,E6b_acf_lagonly,tfp_growth,100,0,0,0.002960678602771222,0.0029606784758996587,0.003127909157900538,0.003127909075159946,6.794411114285914e-08,0.0
predet,E7_iv_path,alpha,100,0,0,-0.01064338982379935,-0.01064338982379935,-0.0006381972535995928,-0.0006381972535995928,0.0,0.0
predet,E7_iv_path,beta,100,0,0,-0.011723652463590816,-0.011723652463590816,-0.0015382073238009164,-0.0015382073238009164,0.0,0.0
predet,E7_iv_path,a,100,0,0,-0.000257579560869492,-0.000257579560869492,-0.00021175879123452868,-0.00021175879123452868,0.0,0.0
predet,E7_iv_path,gamma,100,0,0,-0.005589685401499473,-0.005589685401499473,-0.0008356041102175055,-0.0008356041102175055,0.0,0.0
predet,E7_iv_path,sigma_star,100,0,0,0.017522964053089125,0.017522964053089125,0.0009325295802770639,0.0009325295802770639,0.0,0.0
predet,E7_iv_path,lnMstar,100,0,0,1.2773021913978218,1.2773021913978218,1.2699851638522754,1.2699851638522754,0.0,0.0
predet,E7_iv_path,sd_omega,100,0,0,0.013225175929517087,0.013225175929517087,0.004289055892403165,0.004289055892403165,0.0,0.0
predet,E7_iv_path,tfp_growth,100,0,0,0.007556197061010018,0.007556197061010018,0.0004898834822161802,0.0004898834822161802,0.0,0.0
predet,E8_heckman,alpha,100,0,0,0.03581645211406698,0.03581915416722823,0.03819228828147975,0.038185919178885225,0.00010906656335979426,0.02
predet,E8_heckman,beta,100,0,0,0.042517816285828215,0.04251575515114868,0.03561284100759088,0.03569967630492121,0.000185728538261265,0.11
predet,E8_heckman,a,100,0,0,0.0024356406182027127,0.0024325505504307647,-0.0020626072167848064,-0.0020313303467845434,0.0001824706122430797,0.16
predet,E8_heckman,gamma,100,0,0,0.018268155562039243,0.018267941744638957,0.018468796037017676,0.018469294285220678,3.13643718737322e-05,0.0
predet,E8_heckman,sigma_star,100,0,0,-0.020605794721151607,-0.0206059606590407,-0.020659910922765867,-0.020663747956067957,2.982297979625681e-05,0.0
predet,E8_heckman,lnMstar,100,0,0,0.34852291577139516,0.34857110488427634,0.33510354267094855,0.3348155266994761,0.0018675651138289062,0.76
predet,E8_heckman,sd_omega,100,0,0,-0.006664547673126939,-0.0066645539056015,-0.008239036161299715,-0.00823899791839433,7.42909464085395e-07,0.0
predet,E8_heckman,tfp_growth,100,0,0,-0.018626894882341444,-0.01862685525017695,-0.01882160871994068,-0.018822622201158032,3.1521824050140257e-06,0.0
predet,E9_foc_system,alpha,100,0,0,-0.0027133748207798193,-0.0027133879117871317,-0.0026496464621011684,-0.0026496638531648964,1.5007736350325374e-06,0.0
predet,E9_foc_system,beta,100,0,0,-0.005750958317022539,-0.005750953295065788,-0.005447544666209697,-0.005447535860363839,5.281709644089361e-07,0.0
predet,E9_foc_system,a,100,0,0,-0.002010531444046197,-0.0020105185827814513,-0.0015239322236986763,-0.0015239291427482926,9.645955889592273e-07,0.0
predet,E9_foc_system,gamma,100,0,0,-0.002088833304912119,-0.002088835444797457,-0.0021287787172850348,-0.0021287825465765298,4.2083469378728644e-07,0.0
predet,E9_foc_system,sigma_star,100,0,0,0.0023094714903456135,0.0023094737373246244,0.002320266594668108,0.0023202336507334165,4.5137416682106135e-07,0.0
predet,E9_foc_system,lnMstar,100,0,0,1.2471378175950105,1.247137684927204,1.2436855851926603,1.2436854044679588,5.0476747581740256e-06,0.0
predet,E9_foc_system,sd_omega,100,0,0,0.001034909484702446,0.0010349111572704977,-0.001346152172538695,-0.001346150253108469,3.287125211470787e-07,0.0
predet,E9_foc_system,tfp_growth,100,0,0,0.003352672537528273,0.0033526744969060336,0.003925597031260691,0.003925624428492258,4.3961128312619557e-07,0.0
predet_me,E10_foc_system_T,alpha,100,0,0,-0.0007052343456854948,-0.0007052364235748087,-0.0006083048187898732,-0.0006082587644452575,2.930492284947128e-07,0.0
predet_me,E10_foc_system_T,beta,100,0,0,-0.006507109962750633,-0.0065070993915617836,-0.006784883778930356,-0.006784877195226108,6.741739612126096e-07,0.0
predet_me,E10_foc_system_T,a,100,0,0,-0.003989649837126519,-0.003989640911697049,-0.004152350479536271,-0.00415233687558253,2.8411946739748117e-07,0.0
predet_me,E10_foc_system_T,gamma,100,0,0,-0.0017514173454222374,-0.0017514153301059648,-0.0018095241238316878,-0.0018095301002988007,2.268382906234212e-07,0.0
predet_me,E10_foc_system_T,sigma_star,100,0,0,0.001966759344849612,0.0019667570241275866,0.0020078290833777657,0.002007823480653259,2.5116388713275484e-07,0.0
predet_me,E10_foc_system_T,lnMstar,100,0,0,-0.00958081107609106,-0.009580969619948641,-0.007881199421395424,-0.007881430559462554,6.4149051430817394e-06,0.0
predet_me,E10_foc_system_T,sd_omega,100,0,0,-0.0011961565960961398,-0.001196156680443405,-0.0006952230446036628,-0.0006952233981654815,5.96689989917909e-08,0.0
predet_me,E10_foc_system_T,tfp_growth,100,0,0,0.0027136553553891874,0.0027136534296744214,0.0028140883814707918,0.0028141061337164514,2.3279678593168818e-07,0.0
predet_me,E1_pooled_huber,alpha,100,0,0,0.07865644817669867,0.07865644875430626,0.08296233399913094,0.08296233326494706,2.9253132416418026e-08,0.0
predet_me,E1_pooled_huber,beta,100,0,0,0.054227953305811455,0.05422795233720965,0.03708893917577821,0.03708893917577821,6.482951742103893e-08,0.0
predet_me,E1_pooled_huber,a,100,0,0,-0.02395396588347449,-0.023953966955511993,-0.028796834343614214,-0.02879683431426236,6.24793838888138e-08,0.0
predet_me,E1_pooled_huber,gamma,100,0,0,0.021181861423908446,0.02118186116082451,0.02327845892295813,0.023278458967322377,1.7080474395969603e-08,0.0
predet_me,E1_pooled_huber,sigma_star,100,0,0,-0.033853989882257886,-0.03385398978562023,-0.03116503792456904,-0.03116503792044195,9.069619055779299e-09,0.0
predet_me,E1_pooled_huber,lnMstar,100,0,0,0.49503503271715493,0.49503504630593503,0.5552342261179328,0.5552342261179328,1.0721107237543492e-06,0.0
predet_me,E1_pooled_huber,sd_omega,100,0,0,-0.04807426571592332,-0.048074265949542616,-0.04576825339851383,-0.04576825327958975,1.5424325927604343e-08,0.0
predet_me,E1_pooled_huber,tfp_growth,100,0,0,-0.08621311121285621,-0.08621311129971813,-0.08563044387375321,-0.08563044387375321,8.87198163546099e-09,0.0
predet_me,E1b_pooled_huber_Etrue,alpha,100,0,0,0.11476732958894856,0.11398014178378127,0.11411275115496547,0.11411275585531233,0.0787187851655754,0.01
predet_me,E1b_pooled_huber_Etrue,beta,100,0,0,0.11087130593965146,0.1118304000424742,0.10470081349827506,0.10700962324196969,0.09590941223182808,0.01
predet_me,E1b_pooled_huber_Etrue,a,100,0,0,-0.005799577176003512,-0.004917647951920432,-0.006720653886312988,-0.006400834622781237,0.08819292832978759,0.01
predet_me,E1b_pooled_huber_Etrue,gamma,100,0,0,0.05493692213918881,0.055022995688732736,0.05493756889450907,0.05493756875253805,0.008607356837355834,0.01
predet_me,E1b_pooled_huber_Etrue,sigma_star,100,0,0,-0.056495393694145975,-0.056533726361587676,-0.056291330789894956,-0.05629133085867771,0.0038332664402090932,0.01
predet_me,E1b_pooled_huber_Etrue,lnMstar,100,0,0,0.3839976713261882,0.37051351170772223,0.30096754381076907,0.3009675476287683,1.3484164120992999,0.01
predet_me,E1b_pooled_huber_Etrue,sd_omega,100,0,0,-0.007719581815100517,-0.007727502198533896,-0.008010245056606038,-0.008010245056606038,0.0007920390406025435,0.01
predet_me,E1b_pooled_huber_Etrue,tfp_growth,100,0,0,-0.06042943902549752,-0.06047935907274711,-0.05940120354614246,-0.05940120347213611,0.0049920042202583614,0.01
predet_me,E2_pooled_nls,alpha,100,0,0,0.036130999718549266,0.03613226983472976,0.039684194972546855,0.03965426310824077,8.142437543356973e-05,0.0
predet_me,E2_pooled_nls,beta,100,0,0,0.03695270458197108,0.03695104712668513,0.02808608639437507,0.028101283238535335,0.00016673070996064965,0.1
predet_me,E2_pooled_nls,a,100,0,0,-0.0024742856300500175,-0.0024758883139682987,-0.00947363276896701,-0.009425033643965797,0.00013599581370660196,0.11
predet_me,E2_pooled_nls,gamma,100,0,0,0.01610681193205973,0.016106770250659822,0.01609741110312933,0.01609784068364635,1.9137561206500342e-05,0.0
predet_me,E2_pooled_nls,sigma_star,100,0,0,-0.019193237887493813,-0.019193157698065982,-0.01806165183008196,-0.018062955795352498,2.677739012413305e-05,0.0
predet_me,E2_pooled_nls,lnMstar,100,0,0,-0.06717623134342002,-0.06716155538074035,-0.005435830109105089,-0.005537940975721023,0.00161090339014347,0.7
predet_me,E2_pooled_nls,sd_omega,100,0,0,-0.007755007039634894,-0.007755026053869087,-0.008274349785001592,-0.00827438244210972,6.25868641912497e-07,0.0
predet_me,E2_pooled_nls,tfp_growth,100,0,0,-0.016629964267324663,-0.016629987165079144,-0.0176164612804786,-0.01761643312425651,3.0583312917997763e-06,0.0
predet_me,E3_lab_fe,alpha,100,0,0,0.013816719144942362,0.013818605044680998,0.013404921801647984,0.013391872337343735,5.370399483906052e-05,0.0
predet_me,E3_lab_fe,beta,100,0,0,0.007186174349062713,0.007182348026064937,-0.0004714204144091738,-0.0004520700998792704,0.0001210331049700808,0.02
predet_me,E3_lab_fe,a,100,0,0,-0.007732306949547444,-0.0077362259503941854,-0.011360256576547934,-0.011417963774393247,0.00011549099264807072,0.02
predet_me,E3_lab_fe,gamma,100,0,0,0.0020287346863949907,0.002028224126958724,0.0025641692282611372,0.002556932460455838,1.4723717146475357e-05,0.0
predet_me,E3_lab_fe,sigma_star,100,0,0,-0.005531646173163652,-0.005531122160280278,-0.0036272831303502673,-0.003627224125512085,1.9153826259610263e-05,0.0
predet_me,E3_lab_fe,lnMstar,100,0,0,-0.23650625482888443,-0.23646468946084917,-0.19732480704654698,-0.19724516995677033,0.001152410221066269,0.39
predet_me,E3_lab_fe,sd_omega,100,0,0,-0.002984588240718957,-0.0029845766586055556,-0.0030872190217140355,-0.003087203065299124,7.094687163311519e-07,0.0
predet_me,E3_lab_fe,tfp_growth,100,0,0,-0.0014951529778727318,-0.0014951210557251232,-0.001844839335221421,-0.0018447498770392534,1.4609365930340346e-06,0.0
predet_me,E4_mundlak,alpha,100,0,0,0.014646179321721227,0.01464650891149117,0.018848461798689597,0.018821293162148534,8.376979602070511e-05,0.0
predet_me,E4_mundlak,beta,100,0,0,0.011157129576519636,0.011157062240153478,0.0015682260196588915,0.0015825579819556679,0.00022085394298543282,0.2
predet_me,E4_mundlak,a,100,0,0,-0.005025878696214983,-0.005026172825739535,-0.012629941930918653,-0.012675165278828365,0.00016441502251351992,0.25
predet_me,E4_mundlak,gamma,100,0,0,0.004135359456375919,0.004135331884015878,0.004702214980832287,0.004707716020772204,2.0935780440739515e-05,0.0
predet_me,E4_mundlak,sigma_star,100,0,0,-0.006828359822924105,-0.006828426716894672,-0.0052523763612724594,-0.005262927534689654,4.269992756289476e-05,0.0
predet_me,E4_mundlak,lnMstar,100,0,0,-0.2427748238441601,-0.2428204218943317,-0.23956943803661646,-0.24107512142363396,0.0019814919185128232,0.78
predet_me,E4_mundlak,sd_omega,100,0,0,-0.0037447187867635577,-0.0037447108496058584,-0.003732812068360236,-0.003732665767396129,1.2180861753141592e-06,0.0
predet_me,E4_mundlak,tfp_growth,100,0,0,-0.0036361220389589865,-0.0036360770129617984,-0.004246463503375264,-0.004246917710814868,2.9222143878016027e-06,0.0
predet_me,E5_labgen_fe,alpha,100,0,0,0.0008570806147513471,0.0008580642142913447,0.0011692728199113045,0.0011709232669884773,7.46339628343029e-05,0.0
predet_me,E5_labgen_fe,beta,100,0,0,-0.0026348192535813105,-0.002636706876659775,-0.003376367987803025,-0.0034523634456664065,0.00015472633621926857,0.01
predet_me,E5_labgen_fe,a,100,0,0,-0.0027914338909651136,-0.002793456833263274,-0.0031897955853860682,-0.0032008393797836043,0.00015991303490325848,0.01
predet_me,E5_labgen_fe,gamma,100,0,0,-0.0008244514594140767,-0.0008246582828211879,-0.0008937182218638345,-0.0008929212403552406,1.816521346242883e-05,0.0
predet_me,E5_labgen_fe,sigma_star,100,0,0,0.0004978864272999028,0.0004981334451467567,0.0009841863736784195,0.000984081503940415,2.1761983004409124e-05,0.0
predet_me,E5_labgen_fe,lnMstar,100,0,0,-0.30749815677112036,-0.3074721772953314,-0.28693148312119576,-0.28705461414030475,0.00189719593363602,0.27
predet_me,E5_labgen_fe,sd_omega,100,0,0,-0.001493487310030034,-0.001493492416741795,-0.0015792215586201558,-0.0015792635979546,3.2642372194136016e-07,0.0
predet_me,E5_labgen_fe,tfp_growth,100,0,0,0.0019067386779474326,0.0019067445906784121,0.0019667076929690136,0.001966686134352788,9.010686582711092e-07,0.0
predet_me,E6_acf,alpha,100,0,0,0.027964452167794262,0.027964848391946472,0.018525539116277773,0.01852553742816135,4.1197941301251984e-05,0.0
predet_me,E6_acf,beta,100,0,0,-0.0033101429566772,-0.003310307516854018,-0.033694049499877254,-0.03369404056112593,1.9017738898008396e-05,0.0
predet_me,E6_acf,a,100,0,0,-0.02845351141504017,-0.028453858959805737,-0.03464977266789018,-0.03464967200460731,3.747821827965181e-05,0.0
predet_me,E6_acf,gamma,100,0,0,-0.004206700278247313,-0.004206719812002498,-0.002826436340541,-0.002826437171523838,2.142071288069314e-06,0.0
predet_me,E6_acf,sigma_star,100,0,0,-0.006199418587252082,-0.006199480993337542,-0.0001770112540920299,-0.00017701138982922915,5.9789674407007e-06,0.0
predet_me,E6_acf,lnMstar,100,0,0,0.007816266495726101,0.007820554709966001,0.03799406011516604,0.03800085448366897,0.0004699697343752973,0.01
predet_me,E6_acf,sd_omega,100,0,0,-0.0008710817295351289,-0.0008710729213148472,-0.0010196741017297617,-0.0010196740867117748,8.765072073424474e-07,0.0
predet_me,E6_acf,tfp_growth,100,0,0,0.0033527751508990985,0.0033527879844501202,0.002745184219188429,0.002745184253905311,1.289904019763366e-06,0.0
predet_me,E6b_acf_lagonly,alpha,100,0,0,0.024857136173097833,0.02485703006455149,0.017786602942172658,0.017786598145845017,8.50252217948766e-06,0.0
predet_me,E6b_acf_lagonly,beta,100,0,0,0.004509938804926458,0.004510284477153978,-0.043801885352858894,-0.04380187183696141,2.9323039117679084e-05,0.0
predet_me,E6b_acf_lagonly,a,100,0,0,-0.023538351177992994,-0.023538070997446665,-0.04496333184135326,-0.0449633184603877,2.266138343498536e-05,0.0
predet_me,E6b_acf_lagonly,gamma,100,0,0,-0.0037763122025935725,-0.0037762821631443454,-0.006768321114191789,-0.006768320477593945,2.3240475811037165e-06,0.0
predet_me,E6b_acf_lagonly,sigma_star,100,0,0,-0.007254619711915918,-0.007254683073213601,0.0008368939221475857,0.0008368955478403883,5.460912600119272e-06,0.0
predet_me,E6b_acf_lagonly,lnMstar,100,0,0,-0.05065195574316375,-0.05065539876650453,0.06330093157592964,0.06330104654661461,0.00022664955499962502,0.02
predet_me,E6b_acf_lagonly,sd_omega,100,0,0,-0.0006028288735686904,-0.0006028268977704113,-0.0006417341835737445,-0.0006417342384086727,1.215335855286881e-07,0.0
predet_me,E6b_acf_lagonly,tfp_growth,100,0,0,0.0037373307478817054,0.0037373349248679484,0.003310742681189374,0.00331074361934873,3.834203427255378e-07,0.0
predet_me,E7_iv_path,alpha,100,0,0,-0.004756846931714228,-0.004756846931714228,-0.0020125933028242726,-0.0020125933028242726,0.0,0.0
predet_me,E7_iv_path,beta,100,0,0,-0.007116232871626693,-0.007116232871626693,-0.004682839392036703,-0.004682839392036703,0.0,0.0
predet_me,E7_iv_path,a,100,0,0,-0.0015151746469469606,-0.0015151746469469606,-0.00163082000331094,-0.00163082000331094,0.0,0.0
predet_me,E7_iv_path,gamma,100,0,0,-0.002951672294751785,-0.002951672294751785,-0.001523533894985954,-0.001523533894985954,0.0,0.0
predet_me,E7_iv_path,sigma_star,100,0,0,0.007175600575921346,0.007175600575921346,0.0017282183594584666,0.0017282183594584666,0.0,0.0
predet_me,E7_iv_path,lnMstar,100,0,0,1.294120324823058,1.294120324823058,1.3017937697620705,1.3017937697620705,0.0,0.0
predet_me,E7_iv_path,sd_omega,100,0,0,0.00854795709960247,0.00854795709960247,0.004378824407916204,0.004378824407916204,0.0,0.0
predet_me,E7_iv_path,tfp_growth,100,0,0,0.003956936105905462,0.003956936105905462,0.0001925763074827891,0.0001925763074827891,0.0,0.0
predet_me,E8_heckman,alpha,100,0,0,0.03612986877405384,0.03613254348458394,0.03966647942461443,0.039647465974575274,9.28118488900398e-05,0.0
predet_me,E8_heckman,beta,100,0,0,0.036954557952469574,0.03695240631393831,0.02812707403876416,0.028113479786422563,0.00016673070996064965,0.15
predet_me,E8_heckman,a,100,0,0,-0.0024722386103817285,-0.002475597169577997,-0.009470519694194324,-0.009356479216934721,0.00015157370211271726,0.13
predet_me,E8_heckman,gamma,100,0,0,0.01610698568499774,0.016106635679565596,0.016097449625071703,0.016095594993179432,1.7484022741542926e-05,0.0
predet_me,E8_heckman,sigma_star,100,0,0,-0.019193438178945223,-0.01919355925193502,-0.01806165183008196,-0.018062955795352498,2.677739012413305e-05,0.0
predet_me,E8_heckman,lnMstar,100,0,0,-0.06715704523696657,-0.06714437845709903,-0.005458492074479793,-0.005485416192231085,0.0018815531810219,0.73
predet_me,E8_heckman,sd_omega,100,0,0,-0.007755010123979552,-0.0077550279381965745,-0.008274440206221173,-0.008274485099702591,1.3884183874268707e-06,0.0
predet_me,E8_heckman,tfp_growth,100,0,0,-0.016630009058664616,-0.016629849863172126,-0.01761628223137282,-0.017616390353456024,3.0583312917997763e-06,0.0
predet_me,E9_foc_system,alpha,100,0,0,-0.003912808836283002,-0.003912816447295911,-0.004219291304234513,-0.004219587810543324,1.0237444336702595e-06,0.0
predet_me,E9_foc_system,beta,100,0,0,-0.009655293930120136,-0.009655294061259994,-0.009414643640105552,-0.00941466928107762,9.360230049937357e-07,0.0
predet_me,E9_foc_system,a,100,0,0,-0.003862528721424625,-0.003862523176558015,-0.003718033924067665,-0.0037180103864851155,2.1877314759777278e-07,0.0
predet_me,E9_foc_system,gamma,100,0,0,-0.0033404215364378383,-0.003340423548082293,-0.0034801464037838292,-0.0034799971366555327,4.907482596405721e-07,0.0
predet_me,E9_foc_system,sigma_star,100,0,0,0.003706800894664588,0.0037068030407104223,0.003844198036432045,0.003844207826266155,5.347611740091907e-07,0.0
predet_me,E9_foc_system,lnMstar,100,0,0,1.2598573904561166,1.259857254339908,1.265789607444563,1.2657901520676806,1.6928230662571764e-05,0.0
predet_me,E9_foc_system,sd_omega,100,0,0,0.00032148154651526537,0.0003214840629607274,0.00153862614576733,0.001538632847214061,1.9697396375084608e-07,0.0
predet_me,E9_foc_system,tfp_growth,100,0,0,0.0046522218291371745,0.004652222914446034,0.004426029418702557,0.0044260501653448775,5.641770382536215e-07,0.0
predet_psiD,E10_foc_system_T,alpha,100,0,0,-0.0008064552903696426,-0.0008064498078431265,-0.0007907441087190992,-0.0007907431048564395,2.1262269300770242e-07,0.0
predet_psiD,E10_foc_system_T,beta,100,0,0,-0.0032828732713613136,-0.003282856834152155,-0.0035628536767353947,-0.0035624665083596185,7.63736680731153e-07,0.0
predet_psiD,E10_foc_system_T,a,100,0,0,-0.0016808181004128425,-0.0016808107280730051,-0.0014558486362289402,-0.0014558376478182589,3.981751813819656e-07,0.0
predet_psiD,E10_foc_system_T,gamma,100,0,0,-0.0010063879282821687,-0.0010063825400777452,-0.0010191037353932259,-0.0010190755352310343,2.3278673144666584e-07,0.0
predet_psiD,E10_foc_system_T,sigma_star,100,0,0,0.001114546648799376,0.0011145406979569793,0.0011300006804514373,0.0011299975304216447,2.5641415157817704e-07,0.0
predet_psiD,E10_foc_system_T,lnMstar,100,0,0,-0.0030291254448816664,-0.003029172178582562,-0.008649280087151823,-0.008649589487568665,4.69249664014626e-06,0.0
predet_psiD,E10_foc_system_T,sd_omega,100,0,0,0.003920825123656768,0.00392082357152688,0.003494708665084001,0.003494714988523745,7.976758595318323e-08,0.0
predet_psiD,E10_foc_system_T,tfp_growth,100,0,0,0.0025574061293950068,0.002557400931875439,0.0038840410287338256,0.003884057155405421,2.1879657163825783e-07,0.0
predet_psiD,E1_pooled_huber,alpha,100,0,0,0.07469246730246361,0.07415429325897425,0.06990963243067444,0.06990963243067444,0.05381745261009052,0.01
predet_psiD,E1_pooled_huber,beta,100,0,0,0.06590364598761432,0.06665376581417468,0.06880127384114779,0.06921711378809894,0.07501192578607108,0.01
predet_psiD,E1_pooled_huber,a,100,0,0,-0.02009587627822462,-0.019364255246042822,-0.019007118662596134,-0.011276580216283916,0.07316207371098671,0.01
predet_psiD,E1_pooled_huber,gamma,100,0,0,0.022157025636639033,0.022243306863865907,0.025438254905875493,0.025438254905875493,0.008628078779060105,0.01
predet_psiD,E1_pooled_huber,sigma_star,100,0,0,-0.03512861054672147,-0.035179435787112995,-0.03290236686763198,-0.0329023663141062,0.005082496711763973,0.01
predet_psiD,E1_pooled_huber,lnMstar,100,0,0,0.037859831949619754,0.027444255051170683,0.1548788688505751,0.14069138890573418,1.0415582002272998,0.01
predet_psiD,E1_pooled_huber,sd_omega,100,0,0,-0.04548708254346089,-0.0454679397547593,-0.045252679834134196,-0.045252679834134196,0.0019142458633190085,0.01
predet_psiD,E1_pooled_huber,tfp_growth,100,0,0,-0.08645852733382593,-0.08645084881129315,-0.08671974106313066,-0.08671974106313066,0.0007678500038779054,0.01
predet_psiD,E1b_pooled_huber_Etrue,alpha,100,0,0,0.11311183368765867,0.11311183342870289,0.11292877131500961,0.11292877000245022,6.677387420772618e-09,0.0
predet_psiD,E1b_pooled_huber_Etrue,beta,100,0,0,0.11962687586977529,0.11962687621431474,0.11578927465060701,0.11578927465060701,1.444569963648945e-08,0.0
predet_psiD,E1b_pooled_huber_Etrue,a,100,0,0,-0.0010546586753205122,-0.0010546583630325157,-0.000678912389948938,-0.0006789102946164194,8.577171528578731e-09,0.0
predet_psiD,E1b_pooled_huber_Etrue,gamma,100,0,0,0.056439578383345436,0.056439578398572776,0.05697158134253606,0.05697158134253606,1.8754272301801933e-09,0.0
predet_psiD,E1b_pooled_huber_Etrue,sigma_star,100,0,0,-0.05806141351994576,-0.058061413538810856,-0.05718900162229129,-0.05718900162229129,2.6453442769636126e-09,0.0
predet_psiD,E1b_pooled_huber_Etrue,lnMstar,100,0,0,-0.039700042283511344,-0.03970004504972262,0.08496359866618008,0.08496359866618008,3.287181176148124e-07,0.0
predet_psiD,E1b_pooled_huber_Etrue,sd_omega,100,0,0,-0.0035806718123575164,-0.003580671818767288,-0.005212696156881191,-0.005212696126579472,7.18552106704351e-10,0.0
predet_psiD,E1b_pooled_huber_Etrue,tfp_growth,100,0,0,-0.06055854638346185,-0.060558546368640956,-0.059962259488925536,-0.059962259488925536,1.4803696601894956e-09,0.0
predet_psiD,E2_pooled_nls,alpha,100,0,0,0.037426431284099775,0.03743181932501331,0.03453006861096514,0.034526238224699274,9.101345636680636e-05,0.0
predet_psiD,E2_pooled_nls,beta,100,0,0,0.03491079337342645,0.03489972476221926,0.03068871826153413,0.030700122326689783,0.00018191647547122214,0.28
predet_psiD,E2_pooled_nls,a,100,0,0,-0.004962431575059622,-0.004972393285427652,-0.002846189248332187,-0.002884828083977553,0.00015985745696744935,0.22
predet_psiD,E2_pooled_nls,gamma,100,0,0,0.01601775893447811,0.01601668825238076,0.0161230340514541,0.016129725090953284,3.44839796737606e-05,0.0
predet_psiD,E2_pooled_nls,sigma_star,100,0,0,-0.01894539609709507,-0.01894396728836569,-0.01709225992282315,-0.017097968583004053,3.478381133337205e-05,0.0
predet_psiD,E2_pooled_nls,lnMstar,100,0,0,-0.5885960651676329,-0.5885577389319923,-0.45121231785245763,-0.45090337158191107,0.001871639405223391,0.77
predet_psiD,E2_pooled_nls,sd_omega,100,0,0,-0.0034318461081441955,-0.003431859949558214,-0.0042509334899545614,-0.0042512694622991315,7.761353396640303e-07,0.0
predet_psiD,E2_pooled_nls,tfp_growth,100,0,0,-0.016625996157509114,-0.016625811555824873,-0.015738056333594097,-0.01573821636601648,3.0774201513483757e-06,0.0
predet_psiD,E3_lab_fe,alpha,100,0,0,0.010289456258654342,0.01206296345944801,0.006250291321138107,0.007645174715952968,0.09537392405894707,0.03
predet_psiD,E3_lab_fe,beta,100,0,0,0.012987267258184585,0.009629295529269612,0.007796443188589769,0.004040778877831719,0.18668754878935584,0.05
predet_psiD,E3_lab_fe,a,100,0,0,-0.0007737701144474745,-0.004138612474939335,0.0016014437278363824,-0.003643583006875173,0.18228648583213158,0.05
predet_psiD,E3_lab_fe,gamma,100,0,0,0.003001945354515568,0.002709761010942657,0.002738726398208477,0.002443421933920234,0.017979800725312328,0.02
predet_psiD,E3_lab_fe,sigma_star,100,0,0,-0.00617451304153474,-0.005756881317340115,-0.004274478725243835,-0.0038328423878228324,0.023870462398874026,0.02
predet_psiD,E3_lab_fe,lnMstar,100,0,0,0.028519526593507608,0.06756279326886955,0.03148522883454907,0.0747746502040556,1.9718384043235542,0.43
predet_psiD,E3_lab_fe,sd_omega,100,0,0,0.002243355233234599,0.002225504982851942,0.0016645671171996168,0.0016401651604858736,0.0010974580105794773,0.02
predet_psiD,E3_lab_fe,tfp_growth,100,0,0,-0.0016414874329215485,-0.0016514660211456754,-0.0004021583350305863,-0.0004022825978687167,0.0006647947564885626,0.02
predet_psiD,E4_mundlak,alpha,100,0,0,0.016639018231601996,0.016633346161973032,0.015406271773834551,0.015418152235352867,8.694972033590487e-05,0.0
predet_psiD,E4_mundlak,beta,100,0,0,0.009318724281182241,0.009325810525969954,0.005735018171606404,0.005721155738794836,0.00016315863899912797,0.12
predet_psiD,E4_mundlak,a,100,0,0,-0.006923585206961441,-0.00691456068798707,-0.008989181857411543,-0.00896417823194623,0.0001707014692293174,0.15
predet_psiD,E4_mundlak,gamma,100,0,0,0.004618699480143531,0.004619564107299187,0.005310863481111927,0.005312855557023141,2.3939461165078946e-05,0.0
predet_psiD,E4_mundlak,sigma_star,100,0,0,-0.006914210122911098,-0.006914606141599685,-0.006562621310187089,-0.006565192693176514,2.5619925005604394e-05,0.0
predet_psiD,E4_mundlak,lnMstar,100,0,0,0.12054168636013511,0.12048882364647298,0.19843770718628928,0.19817495259843176,0.0018755823341578548,0.76
predet_psiD,E4_mundlak,sd_omega,100,0,0,0.001399738664217063,0.001399758638727178,0.0005654813552740112,0.0005656585905833011,2.7347134926025696e-06,0.0
predet_psiD,E4_mundlak,tfp_growth,100,0,0,-0.004033731397223892,-0.004033907295866544,-0.002154780840139134,-0.0021538988357329564,3.138837809224526e-06,0.0
predet_psiD,E5_labgen_fe,alpha,100,0,0,0.00022285534208966673,0.00022265370258740426,0.0013955267888974832,0.0013887951626660455,2.990743950131991e-05,0.0
predet_psiD,E5_labgen_fe,beta,100,0,0,0.001984366195361314,0.0019848521992242314,-0.00042315827490288505,-0.0004282316166271394,4.637424192355244e-05,0.0
predet_psiD,E5_labgen_fe,a,100,0,0,0.000885611358116849,0.0008860593007579737,-0.0002943263676687957,-0.0002982720717969456,5.30213566904969e-05,0.0
predet_psiD,E5_labgen_fe,gamma,100,0,0,0.0001854143060729846,0.00018544404584288382,0.00019250998290065713,0.0001925627565404625,3.816777206622213e-06,0.0
predet_psiD,E5_labgen_fe,sigma_star,100,0,0,-0.0005867686964748208,-0.0005868447849910408,-0.000156550754902951,-0.00015662661484466822,4.45758813338859e-06,0.0
predet_psiD,E5_labgen_fe,lnMstar,100,0,0,-0.04572419270807719,-0.045730327706692234,-0.04414346800056057,-0.04415559071289432,0.0006751576398928982,0.2
predet_psiD,E5_labgen_fe,sd_omega,100,0,0,0.0035696221744335923,0.0035696299198456054,0.0031124472836877026,0.0031124460492104322,2.224701605157975e-07,0.0
predet_psiD,E5_labgen_fe,tfp_growth,100,0,0,0.0015656967285825405,0.0015657031138148487,0.003017009885674271,0.003016995142856374,3.710878609120005e-07,0.0
predet_psiD,E6_acf,alpha,100,0,0,0.0239438815404956,0.02394377347480504,0.0062521865134232135,0.00625222106928236,1.0338775101925712e-05,0.0
predet_psiD,E6_acf,beta,100,0,0,0.01651785266954679,0.016518086867923245,-0.01559039096864176,-0.015590448304288795,2.35088356417279e-05,0.0
predet_psiD,E6_acf,a,100,0,0,-0.012807907245285516,-0.012807687739245826,-0.016707167715517002,-0.016707164305705624,2.160072061085927e-05,0.0
predet_psiD,E6_acf,gamma,100,0,0,-0.0025713304541576643,-0.0025713231596899166,-0.0018307124066501562,-0.0018307182101206243,7.722461494164001e-07,0.0
predet_psiD,E6_acf,sigma_star,100,0,0,-0.010345747116480003,-0.010345780857680596,-0.0031312097012849427,-0.003131211041872306,3.5169588625816317e-06,0.0
predet_psiD,E6_acf,lnMstar,100,0,0,0.23066531444111885,0.2306627405572369,0.1140315165449024,0.1140324335653844,0.00026279726134426085,0.01
predet_psiD,E6_acf,sd_omega,100,0,0,0.004568125554892826,0.004568125435079236,0.003306666054296137,0.003306666087483867,4.2695470436893146e-08,0.0
predet_psiD,E6_acf,tfp_growth,100,0,0,0.0036529827940265814,0.0036529860550493566,0.0053777378271094994,0.005377737809033417,3.142019851243294e-07,0.0
predet_psiD,E6b_acf_lagonly,alpha,100,0,0,0.026437818239407527,0.026438070524384485,0.009873726785261827,0.009873830720577986,2.484975306460413e-05,0.0
predet_psiD,E6b_acf_lagonly,beta,100,0,0,0.011023436816815908,0.011023280539535593,-0.019204195300298682,-0.019203943678636926,1.68854765690285e-05,0.0
predet_psiD,E6b_acf_lagonly,a,100,0,0,-0.01792387584494974,-0.017924155156583153,-0.023019171729518256,-0.023019221704606324,2.84657767171681e-05,0.0
predet_psiD,E6b_acf_lagonly,gamma,100,0,0,-0.0028447778312103095,-0.002844812039255922,-0.0034401115920958264,-0.003440114909014441,3.4728789388149828e-06,0.0
predet_psiD,E6b_acf_lagonly,sigma_star,100,0,0,-0.00952716969652094,-0.009527196073360838,-0.002216936523759594,-0.0022169349799793236,2.1923138882051774e-06,0.0
predet_psiD,E6b_acf_lagonly,lnMstar,100,0,0,0.29522326486825556,0.295226847750813,0.30039989859147664,0.30040007431566784,0.0003596043007298988,0.01
predet_psiD,E6b_acf_lagonly,sd_omega,100,0,0,0.004725411923721528,0.0047254153465601245,0.004119057889550581,0.004119058017615473,3.1125490412842183e-07,0.0
predet_psiD,E6b_acf_lagonly,tfp_growth,100,0,0,0.003591825720128664,0.0035918401892573826,0.00528797604226218,0.0052879759670378945,1.359945496548498e-06,0.0
predet_psiD,E7_iv_path,alpha,100,0,0,-0.008516702665263123,-0.008516702665263123,-0.010307122457575896,-0.010307122457575896,0.0,0.0
predet_psiD,E7_iv_path,beta,100,0,0,-0.009170858385018568,-0.009170858385018568,-0.01373654987582884,-0.01373654987582884,0.0,0.0
predet_psiD,E7_iv_path,a,100,0,0,-0.00011713267513501436,-0.00011713267513501436,0.0003479211639229596,0.0003479211639229596,0.0,0.0
predet_psiD,E7_iv_path,gamma,100,0,0,-0.004429159801668957,-0.004429159801668957,-0.00583545925758433,-0.00583545925758433,0.0,0.0
predet_psiD,E7_iv_path,sigma_star,100,0,0,0.00906158822973284,0.00906158822973284,0.006468619441315715,0.006468619441315715,0.0,0.0
predet_psiD,E7_iv_path,lnMstar,100,0,0,1.2911968125380044,1.2911968125380044,1.2921835500416559,1.2921835500416559,0.0,0.0
predet_psiD,E7_iv_path,sd_omega,100,0,0,0.016042091659739445,0.016042091659739445,0.010616993528875046,0.010616993528875046,0.0,0.0
predet_psiD,E7_iv_path,tfp_growth,100,0,0,0.006567245260822547,0.006567245260822547,0.010040646559529548,0.010040646559529548,0.0,0.0
predet_psiD,E8_heckman,alpha,100,0,0,0.0374267339950934,0.037428106278897866,0.03449263912231318,0.034466770867631,9.101345636680636e-05,0.0
predet_psiD,E8_heckman,beta,100,0,0,0.03491075245339366,0.03490557700507619,0.03069165892188122,0.03060707459816328,0.00023999373399663515,0.2
predet_psiD,E8_heckman,a,100,0,0,-0.004961470613187764,-0.004966121317242387,-0.002899818260759579,-0.0028399254350966463,0.0001999171038530867,0.13
predet_psiD,E8_heckman,gamma,100,0,0,0.016018352127084457,0.01601729199437512,0.016131948940946134,0.016129145732967157,5.724799676412595e-05,0.0
predet_psiD,E8_heckman,sigma_star,100,0,0,-0.018945563446975063,-0.01894452956550825,-0.01710019497932641,-0.017097527603379625,5.235751716770043e-05,0.0
predet_psiD,E8_heckman,lnMstar,100,0,0,-0.5886327196317428,-0.5886221285927309,-0.45081399051245863,-0.45083545130126224,0.0018154520634316995,0.75
predet_psiD,E8_heckman,sd_omega,100,0,0,-0.003431835957759658,-0.0034318878863545434,-0.004250867064938241,-0.004251204623751795,1.1202480649230573e-06,0.0
predet_psiD,E8_heckman,tfp_growth,100,0,0,-0.016626009727760634,-0.016625861723287526,-0.01573854333384346,-0.015738259283323314,2.8840067305135886e-06,0.0
predet_psiD,E9_foc_system,alpha,100,0,0,-0.0027708184623597932,-0.002770800282565497,-0.0025542029711606296,-0.0025543180300624524,7.362081045347857e-07,0.0
predet_psiD,E9_foc_system,beta,100,0,0,-0.005986347398123879,-0.005986326432785723,-0.005847386524714421,-0.005847442106249906,9.020628359834859e-07,0.0
predet_psiD,E9_foc_system,a,100,0,0,-0.0021304235389075278,-0.002130421945589785,-0.0021765414977743536,-0.002176541868416315,1.5392889951559852e-07,0.0
predet_psiD,E9_foc_system,gamma,100,0,0,-0.0021626903846610167,-0.0021626806445079238,-0.0021845058367479797,-0.0021844913903217578,4.082677050876171e-07,0.0
predet_psiD,E9_foc_system,sigma_star,100,0,0,0.002388756722401738,0.0023887460498802195,0.0023690352586631658,0.0023690479925688734,4.454122399799587e-07,0.0
predet_psiD,E9_foc_system,lnMstar,100,0,0,1.2590926354952785,1.2590923651448336,1.2532423759274605,1.2532422127795106,1.5199163742707356e-05,0.0
predet_psiD,E9_foc_system,sd_omega,100,0,0,0.00630916079687106,0.006309157872323485,0.005655746943262874,0.005655747790874882,1.706765801468002e-07,0.0
predet_psiD,E9_foc_system,tfp_growth,100,0,0,0.003949141282631804,0.003949130583389803,0.004907389449366681,0.00490742831555889,4.4711310884237854e-07,0.0
predet_sel,E10_foc_system_T,alpha,100,0,0,-0.0022627705764362684,-0.0022627786748407224,-0.0026025752345107123,-0.0026026223315837593,5.487809406345967e-07,0.0
predet_sel,E10_foc_system_T,beta,100,0,0,-0.0034549676122599187,-0.0034549642051215673,-0.0034273873536900534,-0.003427521285596008,2.834193234546589e-07,0.0
predet_sel,E10_foc_system_T,a,100,0,0,-0.0007424703748755879,-0.0007424620783421798,-0.0006870531110882427,-0.0006870294943489563,2.0030485303745849e-07,0.0
predet_sel,E10_foc_system_T,gamma,100,0,0,-0.0014225912132969044,-0.0014225925314427631,-0.0014684332988720156,-0.0014684589977481954,2.111192572706866e-07,0.0
predet_sel,E10_foc_system_T,sigma_star,100,0,0,0.0015598845653681404,0.0015598858516742953,0.0016093834207149826,0.001609368545674117,2.2682836331444634e-07,0.0
predet_sel,E10_foc_system_T,lnMstar,100,0,0,-0.034760401404245626,-0.03476051650231764,-0.029412696979118413,-0.029412678771539413,4.924372905446006e-06,0.0
predet_sel,E10_foc_system_T,sd_omega,100,0,0,-0.013555069490918116,-0.013555068687784628,-0.013224360532779422,-0.01322437353198229,6.704210644969955e-08,0.0
predet_sel,E10_foc_system_T,tfp_growth,100,0,0,0.007111049183286283,0.00711105186099545,0.007584418130049522,0.007584438310897862,2.899620060170527e-07,0.0
predet_sel,E1_pooled_huber,alpha,100,0,0,0.11044524939951408,0.10985762617322538,0.10089366045977394,0.1003507324476895,0.0500941716441583,0.02
predet_sel,E1_pooled_huber,beta,100,0,0,0.06362078442565022,0.0649890175178383,0.07121539347372877,0.07121539428162774,0.10711698789235435,0.02
predet_sel,E1_pooled_huber,a,100,0,0,-0.03838053130661378,-0.037428259521896504,-0.02340824806685185,-0.023408249374645973,0.07585618558554197,0.02
predet_sel,E1_pooled_huber,gamma,100,0,0,0.031095875810369992,0.031207809712366412,0.03906904115605346,0.03906904133754836,0.008088814328526844,0.02
predet_sel,E1_pooled_huber,sigma_star,100,0,0,-0.04342972652666796,-0.04360498237783886,-0.04342303837537892,-0.04342303837537892,0.012616216376107436,0.02
predet_sel,E1_pooled_huber,lnMstar,100,0,0,0.9269788135707513,0.9149516749559897,0.97328320046197,0.97328320046197,1.0695465700106528,0.02
predet_sel,E1_pooled_huber,sd_omega,100,0,0,-0.04741882338443841,-0.04741283269781617,-0.045956388263117806,-0.045956388263117806,0.0003762941431336153,0.02
predet_sel,E1_pooled_huber,tfp_growth,100,0,0,-0.08772519333101793,-0.08772781215506256,-0.0879724137800213,-0.08797241352675249,0.0007441252927938846,0.02
predet_sel,E1b_pooled_huber_Etrue,alpha,100,0,0,0.12994503963365955,0.12776673034572672,0.12344354515268477,0.12251083384165176,0.21783087685910613,0.01
predet_sel,E1b_pooled_huber_Etrue,beta,100,0,0,0.12551433476016507,0.12834994553981383,0.12200376135479599,0.12480875195607458,0.2835610463473629,0.01
predet_sel,E1b_pooled_huber_Etrue,a,100,0,0,-0.006833307697849953,-0.00453751188227361,-0.009095985386658123,-0.008174392825356869,0.22957953880507315,0.01
predet_sel,E1b_pooled_huber_Etrue,gamma,100,0,0,0.06156619432471894,0.06174129890587991,0.06181375995832593,0.06181375822514225,0.017510462501579338,0.01
predet_sel,E1b_pooled_huber_Etrue,sigma_star,100,0,0,-0.0632300316301847,-0.06336745450414717,-0.06260870237769428,-0.06260870119343898,0.013742292013756319,0.01
predet_sel,E1b_pooled_huber_Etrue,lnMstar,100,0,0,0.599856185664029,0.5631953591739053,0.5888590097053741,0.5738020958831023,3.666083019258185,0.01
predet_sel,E1b_pooled_huber_Etrue,sd_omega,100,0,0,-0.01231356447785174,-0.012258985656334487,-0.009903878389205145,-0.009903878389205145,0.005457883486258475,0.01
predet_sel,E1b_pooled_huber_Etrue,tfp_growth,100,0,0,-0.06568505376938198,-0.06575623872388467,-0.0668740122140376,-0.06687401182735478,0.007118501631902363,0.01
predet_sel,E2_pooled_nls,alpha,100,0,0,0.030105030009965002,0.031785992358391746,0.029502191207264522,0.03113966531941173,0.16851917169463482,0.04
predet_sel,E2_pooled_nls,beta,100,0,0,0.025682982080658775,0.023643888025431933,0.02182490574314641,0.01777336319511863,0.20452289216087477,0.14
predet_sel,E2_pooled_nls,a,100,0,0,-0.0054880764964796045,-0.007793985188811714,-0.008858589390968175,-0.009734004414871988,0.23125533899139472,0.16
predet_sel,E2_pooled_nls,gamma,100,0,0,0.010863060952803996,0.010836691799604822,0.010384399326182348,0.010385140993900935,0.0026484868796480265,0.01
predet_sel,E2_pooled_nls,sigma_star,100,0,0,-0.014730482593344458,-0.01463938776524197,-0.012963407348200229,-0.012963468608376771,0.009158129806169146,0.01
predet_sel,E2_pooled_nls,lnMstar,100,0,0,0.3723847572201946,0.40059762240684194,0.3833194839346685,0.3881707538603565,2.8288161922720834,0.63
predet_sel,E2_pooled_nls,sd_omega,100,0,0,-0.01758414755333815,-0.0175772130402214,-0.017715701945399384,-0.01771544770671163,0.0006933721184098074,0.01
predet_sel,E2_pooled_nls,tfp_growth,100,0,0,-0.007763295144085655,-0.00776014549468766,-0.007868748892980185,-0.007869018822139626,0.00030759334488617007,0.01
predet_sel,E3_lab_fe,alpha,100,0,0,0.015425199553282965,0.015424914080677707,0.014069228206719214,0.014072288365722246,5.112007156049536e-05,0.0
predet_sel,E3_lab_fe,beta,100,0,0,-0.0034086500776535035,-0.0034087381583000225,-0.023957427413081767,-0.023951418898861765,8.769231076360962e-05,0.0
predet_sel,E3_lab_fe,a,100,0,0,-0.0164077558079021,-0.01640772284277402,-0.029380323029032734,-0.029359019815117987,8.795174177533838e-05,0.0
predet_sel,E3_lab_fe,gamma,100,0,0,-0.0018711712637456022,-0.001871312292948883,-0.0019144954111127988,-0.0019131773739156227,1.0782046941049117e-05,0.0
predet_sel,E3_lab_fe,sigma_star,100,0,0,-0.0031087851116793053,-0.003108684242389167,3.490286576635082e-05,3.4285033436720624e-05,1.4407414589800993e-05,0.0
predet_sel,E3_lab_fe,lnMstar,100,0,0,0.27350706445993034,0.2735013345004019,0.2830184241279259,0.28320297945051376,0.000985897649723011,0.37
predet_sel,E3_lab_fe,sd_omega,100,0,0,-0.013974311711990617,-0.013974316095267064,-0.015135009984739059,-0.015135020397826951,1.3203785279858327e-06,0.0
predet_sel,E3_lab_fe,tfp_growth,100,0,0,0.00705828923872178,0.007058310747138759,0.0075834429539960585,0.007583636787590872,1.825395977622657e-06,0.0
predet_sel,E4_mundlak,alpha,100,0,0,0.00989064697104622,0.009890639653817361,0.0085717279273822,0.008569229307018367,0.0001113581685558418,0.02
predet_sel,E4_mundlak,beta,100,0,0,0.0011193846581528505,0.0011211718513981406,-0.0012442297393859825,-0.001240457197864031,0.0001835922900333964,0.23
predet_sel,E4_mundlak,a,100,0,0,-0.008003940576598046,-0.008003114296754044,-0.008864788446687533,-0.008912059652337545,0.00019277026328984315,0.21
predet_sel,E4_mundlak,gamma,100,0,0,0.00021338085337778534,0.0002131372010916996,0.000493028775727114,0.0004948444961864334,2.383169565742249e-05,0.0
predet_sel,E4_mundlak,sigma_star,100,0,0,-0.002893879830368329,-0.0028943428497919823,-0.0015503444337081618,-0.001549698860737525,3.2543350353630984e-05,0.0
predet_sel,E4_mundlak,lnMstar,100,0,0,0.1903700520494769,0.19038273362461186,0.178765411557944,0.1781862765799609,0.0019344731678487825,0.7
predet_sel,E4_mundlak,sd_omega,100,0,0,-0.014737385007921244,-0.014737440120468797,-0.01571157351760831,-0.01571149046919966,1.6408016517144297e-06,0.0
predet_sel,E4_mundlak,tfp_growth,100,0,0,0.0046170503544668276,0.004617135816201648,0.00608842652609079,0.006088475781940397,4.2315419642446894e-06,0.0
predet_sel,E5_labgen_fe,alpha,100,0,0,0.00055156607205873,0.0005522062498662317,0.002635496044463115,0.002640025829020537,2.781069158891425e-05,0.0
predet_sel,E5_labgen_fe,beta,100,0,0,-0.0017771057576008986,-0.0017782719313859496,-0.006333560305644997,-0.006335120187599769,4.38527505176034e-05,0.0
predet_sel,E5_labgen_fe,a,100,0,0,-0.002101491355202058,-0.002102739815377388,-0.006327950328271825,-0.006332817612158925,5.038344275321016e-05,0.0
predet_sel,E5_labgen_fe,gamma,100,0,0,-0.0009188573606662847,-0.0009189493769429241,-0.0010941615898848178,-0.0010941681570102307,3.913431127655631e-06,0.0
predet_sel,E5_labgen_fe,sigma_star,100,0,0,0.00035082933043082076,0.00035097217041472396,0.0011702780074329122,0.0011698781810743908,4.3662790436549415e-06,0.0
predet_sel,E5_labgen_fe,lnMstar,100,0,0,0.02158434808309836,0.021600417920031856,0.06785952674026596,0.0678853060086313,0.000623937963719623,0.18
predet_sel,E5_labgen_fe,sd_omega,100,0,0,-0.013689570077708369,-0.013689571457914511,-0.013784568017953372,-0.013784516779464198,2.1579478898248183e-07,0.0
predet_sel,E5_labgen_fe,tfp_growth,100,0,0,0.006455905336210075,0.0064558950155417264,0.006944326729145273,0.00694427130050089,2.993313975852008e-07,0.0
predet_sel,E6_acf,alpha,100,0,0,0.033116101923059894,0.033115980130353155,-0.004150703445608361,-0.004150714353527429,4.902450649491019e-06,0.0
predet_sel,E6_acf,beta,100,0,0,0.0444306401563728,0.044430882221737196,-0.042169101818381544,-0.0421690822696634,1.3490313091835127e-05,0.0
predet_sel,E6_acf,a,100,0,0,-0.012713540029467838,-0.012713290382686915,-0.03331124277777059,-0.033311209831163924,1.1270477186187122e-05,0.0
predet_sel,E6_acf,gamma,100,0,0,-0.0077412269047289674,-0.007741211045021663,-0.007957303013582079,-0.00795730305114864,8.947302759243492e-07,0.0
predet_sel,E6_acf,sigma_star,100,0,0,-0.018780988048287654,-0.01878102256749479,-0.009188089210690364,-0.009188068787202741,2.285794700518373e-06,0.0
predet_sel,E6_acf,lnMstar,100,0,0,0.1327830732882996,0.13277929452374837,-0.24674763596230176,-0.24674774708227543,0.00022256161818434705,0.02
predet_sel,E6_acf,sd_omega,100,0,0,-0.011290134247059476,-0.011290131491535411,-0.012743188366894198,-0.012743188371277595,2.596412073396781e-07,0.0
predet_sel,E6_acf,tfp_growth,100,0,0,0.011655109463640402,0.011655110104829718,0.013176534822864863,0.013176533792927547,8.534502729529159e-08,0.0
predet_sel,E6b_acf_lagonly,alpha,100,0,0,0.01490615909952665,0.014905660189897243,-0.0026028857815385,-0.0026028576794911995,3.363492383318123e-05,0.0
predet_sel,E6b_acf_lagonly,beta,100,0,0,0.03993573758928572,0.03993628916313617,-0.012166750842898671,-0.012166760308960717,2.511387409825927e-05,0.0
predet_sel,E6b_acf_lagonly,a,100,0,0,0.0016508879274540922,0.0016515964946901957,-0.009462403980075973,-0.009462415829399107,4.1311166123658705e-05,0.0
predet_sel,E6b_acf_lagonly,gamma,100,0,0,-0.0030218904075934683,-0.0030218287704720857,-0.003977581127231858,-0.003976841411618345,4.283264296855993e-06,0.0
predet_sel,E6b_acf_lagonly,sigma_star,100,0,0,-0.013352145595429772,-0.013352158043135047,-0.004876916716026192,-0.004876915955113803,4.203539044400628e-06,0.0
predet_sel,E6b_acf_lagonly,lnMstar,100,0,0,0.00484448211376634,0.0048354091700236615,-0.2703849258167117,-0.27038490558043704,0.0004920949645903505,0.05
predet_sel,E6b_acf_lagonly,sd_omega,100,0,0,-0.012577403938736006,-0.012577400001305807,-0.01265211537697547,-0.012652115108464798,1.954641241364019e-07,0.0
predet_sel,E6b_acf_lagonly,tfp_growth,100,0,0,0.008249418886184346,0.00824941886125773,0.007939985931539495,0.007939986025895199,3.1474125505859263e-07,0.0
predet_sel,E7_iv_path,alpha,100,0,0,-0.07272815084897882,-0.07272815084897882,-0.06450820239990582,-0.06450820239990582,0.0,0.0
predet_sel,E7_iv_path,beta,100,0,0,-0.07649613196695179,-0.07649613196695179,-0.06316719563934778,-0.06316719563934778,0.0,0.0
predet_sel,E7_iv_path,a,100,0,0,-7.052979942672954e-05,-7.052979942672954e-05,-0.000266626093877842,-0.000266626093877842,0.0,0.0
predet_sel,E7_iv_path,gamma,100,0,0,-0.03729376799051626,-0.03729376799051626,-0.03228792994854664,-0.03228792994854664,0.0,0.0
predet_sel,E7_iv_path,sigma_star,100,0,0,0.055506689618990274,0.055506689618990274,0.036739623517803244,0.036739623517803244,0.0,0.0
predet_sel,E7_iv_path,lnMstar,100,0,0,1.266069613997718,1.266069613997718,1.2709743988916098,1.2709743988916098,0.0,0.0
predet_sel,E7_iv_path,sd_omega,100,0,0,0.01764446565103276,0.01764446565103276,0.002129245466593793,0.002129245466593793,0.0,0.0
predet_sel,E7_iv_path,tfp_growth,100,0,0,0.048384415776586864,0.048384415776586864,0.0440036754271121,0.0440036754271121,0.0,0.0
predet_sel,E8_heckman,alpha,100,0,0,0.04302888508749438,0.04303224273904147,0.04311928435502302,0.04312600618633272,8.563167274439065e-05,0.0
predet_sel,E8_heckman,beta,100,0,0,0.035464330176148126,0.03546138696472684,0.03382885541378047,0.03384016820253036,0.00015138730902120034,0.12
predet_sel,E8_heckman,a,100,0,0,-0.00749499608415769,-0.00749867141803046,-0.008564403200490622,-0.008574139392833802,0.00014605133562195505,0.11
predet_sel,E8_heckman,gamma,100,0,0,0.017252204603715876,0.017252464964290577,0.01623162372490071,0.016230278506740844,2.402961007363924e-05,0.0
predet_sel,E8_heckman,sigma_star,100,0,0,-0.020466908609674456,-0.02046704909938643,-0.01903779366783981,-0.01903369669327687,2.5160758467257516e-05,0.0
predet_sel,E8_heckman,lnMstar,100,0,0,0.38759028054011685,0.3876561714920666,0.4169854323366111,0.4163497248720982,0.0016003880904542633,0.67
predet_sel,E8_heckman,sd_omega,100,0,0,-0.017869476738661832,-0.017869459664807862,-0.017066451290560253,-0.017066368846529165,1.0811141894218057e-06,0.0
predet_sel,E8_heckman,tfp_growth,100,0,0,-0.014921730846312549,-0.014921785769678602,-0.014965616417957517,-0.014965212151069038,3.802377135486701e-06,0.0
predet_sel,E9_foc_system,alpha,100,0,0,-0.0045336298593410115,-0.004533647519902877,-0.00434032115777197,-0.004340363729034069,6.726429168102399e-07,0.0
predet_sel,E9_foc_system,beta,100,0,0,-0.008051244295034912,-0.008051258138111205,-0.008054238436432715,-0.008054441238437904,4.2148157725074853e-07,0.0
predet_sel,E9_foc_system,a,100,0,0,-0.0022861041339249126,-0.00228610094734292,-0.002594914517026259,-0.002594969390822599,3.199562258471289e-07,0.0
predet_sel,E9_foc_system,gamma,100,0,0,-0.0031183179019598005,-0.0031183258351803527,-0.0031124318551618985,-0.0031124247462535892,2.4317437558041277e-07,0.0
predet_sel,E9_foc_system,sigma_star,100,0,0,0.00343855303717315,0.0034385617147600846,0.003414807170707801,0.0034148445959890084,2.649962619338808e-07,0.0
predet_sel,E9_foc_system,lnMstar,100,0,0,1.2418145256018587,1.241814600775682,1.2430010496309567,1.2430008833025403,4.7468610953060875e-06,0.0
predet_sel,E9_foc_system,sd_omega,100,0,0,-0.013010938336923237,-0.013010935597354523,-0.013250319461279622,-0.013250319377091938,1.1176533698531443e-07,0.0
predet_sel,E9_foc_system,tfp_growth,100,0,0,0.009294759062852546,0.009294768695064267,0.009431447773672094,0.009431535494426574,2.774771535041243e-07,0.0
target,E10_foc_system_T,alpha,100,0,0,-0.0011154191457573499,-0.0011154117710931017,-0.0009150844133719305,-0.0009150567177248214,3.2276723743729363e-07,0.0
target,E10_foc_system_T,beta,100,0,0,-0.0023161607497345117,-0.0023161512759550555,-0.0024064226064936522,-0.0024064313679911242,3.031001824527202e-07,0.0
target,E10_foc_system_T,a,100,0,0,-0.0007900923551750682,-0.0007900910976098574,-0.0010927586552593738,-0.0010927579275422095,9.874346640348364e-08,0.0
target,E10_foc_system_T,gamma,100,0,0,-0.000849917482321256,-0.0008499132872080512,-0.00094845098206775,-0.0009484420023289503,1.4331727721250687e-07,0.0
target,E10_foc_system_T,sigma_star,100,0,0,0.0009353497558844104,0.0009353451561357007,0.0010454239051775338,0.0010454154164296625,1.564785540031366e-07,0.0
target,E10_foc_system_T,lnMstar,100,0,0,-0.028093981567951017,-0.028093925690965995,-0.024807117185815963,-0.02480666600030368,2.6086599036467817e-06,0.0
target,E10_foc_system_T,sd_omega,100,0,0,-0.004872068433247325,-0.0048720619131798915,-0.006831229233241906,-0.006831233394861885,1.9205763351903826e-07,0.0
target,E10_foc_system_T,tfp_growth,100,0,0,-0.0004759061638838805,-0.0004759105149757109,-0.0008240352759324859,-0.0008240607229005464,1.8050801878222167e-07,0.0
target,E1_pooled_huber,alpha,100,0,0,0.012878200782500421,0.01287820043184116,0.014218138170174616,0.014218130815852853,1.820924205864216e-08,0.0
target,E1_pooled_huber,beta,100,0,0,0.00782969194929319,0.007829693069464018,-0.0002073577822792605,-0.0002073577822792605,3.264477849151959e-08,0.0
target,E1_pooled_huber,a,100,0,0,-0.006969275885659046,-0.006969274533284557,0.0022246077657350205,0.0022246093655311494,3.2198055055499e-08,0.0
target,E1_pooled_huber,gamma,100,0,0,0.00035723161335357204,0.0003572320379870614,0.004649879379084967,0.004649879379084967,1.0846075954029644e-08,0.0
target,E1_pooled_huber,sigma_star,100,0,0,-0.005026606699999078,-0.005026606916947732,-0.008116501067099657,-0.008116502102146206,6.948096875625254e-09,0.0
target,E1_pooled_huber,lnMstar,100,0,0,0.03828986309197678,0.03828984748492833,-0.0021272009047514917,-0.0021272009047514917,9.121456869820577e-07,0.0
target,E1_pooled_huber,sd_omega,100,0,0,-0.0008575750029235838,-0.0008575744832181053,0.0007513604064132151,0.0007513604064132151,1.3713769564382972e-08,0.0
target,E1_pooled_huber,tfp_growth,100,0,0,-0.03557056756342083,-0.03557056734352519,-0.03590649372672573,-0.03590649303203021,9.759897598438094e-09,0.0
target,E1b_pooled_huber_Etrue,alpha,100,0,0,0.03558715850560111,0.03285890237748951,0.02841367552614965,0.02680418618586375,0.17771234678662007,0.02
target,E1b_pooled_huber_Etrue,beta,100,0,0,0.027144973087953238,0.03074050084933451,0.025397741590215878,0.027482223634786196,0.2171614409679946,0.02
target,E1b_pooled_huber_Etrue,a,100,0,0,-0.007410911122856002,-0.0034089495088540905,-0.0018885842399679054,-0.0010991658336060306,0.25847213636760846,0.02
target,E1b_pooled_huber_Etrue,gamma,100,0,0,0.01363622281368002,0.013895358932489643,0.013505827510061574,0.013505827559651865,0.015151205003312657,0.02
target,E1b_pooled_huber_Etrue,sigma_star,100,0,0,-0.01652019276904397,-0.016740820965339482,-0.01494500314310565,-0.015436152765350708,0.011750990476191547,0.02
target,E1b_pooled_huber_Etrue,lnMstar,100,0,0,0.16006093346443898,0.0980983372630241,0.11701039368244781,0.08672336942634873,3.914399609159359,0.02
target,E1b_pooled_huber_Etrue,sd_omega,100,0,0,0.016665617680262965,0.01669349738091283,0.01802395177817248,0.018023951784511577,0.0028588706687239784,0.01
target,E1b_pooled_huber_Etrue,tfp_growth,100,0,0,-0.018097687009288894,-0.018116894874832833,-0.018348197886207493,-0.018348197707363748,0.0011976797876537132,0.02
target,E2_pooled_nls,alpha,100,0,0,-0.04521327890315472,-0.016465788052533938,-0.027897555439072075,0.009583117608053165,0.2523116358136197,0.16
target,E2_pooled_nls,beta,100,0,0,-0.05426140474883418,-0.10867135038083706,-0.14849466084702231,-0.17757641373843844,0.5154746840076609,0.17
target,E2_pooled_nls,a,100,0,0,-0.02555984553436861,-0.09152195691990515,-0.09906257532072502,-0.18192473174657692,0.5148079825016868,0.16
target,E2_pooled_nls,gamma,100,0,0,-0.048452591424406805,-0.05356755795577183,-0.0478395449598875,-0.05395577171375708,0.0601478553019416,0.16
target,E2_pooled_nls,sigma_star,100,0,0,0.028828584786042902,0.036257435056089776,0.03482668957537999,0.04148876416248276,0.08378064362743942,0.16
target,E2_pooled_nls,lnMstar,100,0,0,-0.18159183954495986,0.5145117535581403,0.018302617505232543,1.3565372962530833,5.721184944315173,0.39
target,E2_pooled_nls,sd_omega,100,0,0,-0.05763296693601976,-0.0577229197043606,-0.05698960598640018,-0.0570258357147798,0.0021196763141803354,0.15
target,E2_pooled_nls,tfp_growth,100,0,0,0.052557654491487436,0.05260246585489675,0.05152982559931761,0.05152993701827996,0.0017395680044037243,0.15
target,E3_lab_fe,alpha,100,0,0,-0.022027800109868087,-0.016123620861799682,-0.014752931058370083,-0.0005138353926138761,0.16137431879495295,0.05
target,E3_lab_fe,beta,100,0,0,-0.028258400966528496,-0.03730725300462746,-0.06232987531807352,-0.08357442621385469,0.21194242644285385,0.05
target,E3_lab_fe,a,100,0,0,-0.011334628126132604,-0.02260337661323496,-0.03585831420035604,-0.06906291441628673,0.2743799377650336,0.05
target,E3_lab_fe,gamma,100,0,0,-0.021928316700313435,-0.02253592024516907,-0.02073487844624708,-0.021907694968512262,0.017499041121201236,0.05
target,E3_lab_fe,sigma_star,100,0,0,0.014181476300133378,0.015070696812419366,0.01878538892067927,0.020393145729694362,0.0212186780862077,0.05
target,E3_lab_fe,lnMstar,100,0,0,-0.006704284224355623,0.12637714573646872,0.13161891435055773,0.43347856993383127,3.5573994808216227,0.15
target,E3_lab_fe,sd_omega,100,0,0,-0.03199711209053999,-0.03204384344857623,-0.032134881936846826,-0.03205344804105062,0.0020077456805703,0.05
target,E3_lab_fe,tfp_growth,100,0,0,0.022983158116046964,0.02296944747219002,0.023151542735745115,0.02315133489082634,0.0014646980236815432,0.05
target,E4_mundlak,alpha,100,0,0,-0.00878938151558915,0.00020710706393935074,0.007517246555581947,0.029822178492623086,0.21757042306887586,0.05
target,E4_mundlak,beta,100,0,0,-0.03655496674309956,-0.051117005283979354,-0.1116349313104979,-0.1180409827347758,0.3654329344101025,0.05
target,E4_mundlak,a,100,0,0,-0.03132362581847098,-0.048005009902811556,-0.09724930597226444,-0.11855715908979952,0.3958615165185081,0.05
target,E4_mundlak,gamma,100,0,0,-0.025575080133123186,-0.02672212928224628,-0.02649205697537324,-0.028103279355211577,0.027396414897652266,0.05
target,E4_mundlak,sigma_star,100,0,0,0.01291785448668918,0.014437619319614205,0.020526632497267883,0.021071984102751684,0.0396180852960919,0.05
target,E4_mundlak,lnMstar,100,0,0,0.22092424917389536,0.4122262536235482,0.8567118927115045,1.0361839912674333,4.465187163493802,0.19
target,E4_mundlak,sd_omega,100,0,0,-0.03515969045896682,-0.03519935772814714,-0.03537134125211738,-0.03547051407947126,0.0014494794294222235,0.05
target,E4_mundlak,tfp_growth,100,0,0,0.02591262995734413,0.02595353573110738,0.025571739328064835,0.025595735456184016,0.0025564292849790393,0.05
target,E5_labgen_fe,alpha,100,0,0,0.0013491358401793768,0.0013500452146428853,0.003513579861450372,0.0035147144450897727,4.442391907971688e-05,0.0
target,E5_labgen_fe,beta,100,0,0,-0.0008591513664385797,-0.0008606252828638705,-0.0037018404888472245,-0.003707615500622069,7.97123975585512e-05,0.0
target,E5_labgen_fe,a,100,0,0,-0.0018974545404897058,-0.0018991321561477514,-0.004512700103592726,-0.004514518476553486,8.677568671300318e-05,0.0
target,E5_labgen_fe,gamma,100,0,0,-0.0002819174285780404,-0.00028205768353992746,-0.00028474997876971886,-0.0002848933388285152,8.22445476464373e-06,0.0
target,E5_labgen_fe,sigma_star,100,0,0,-0.00012075084606988918,-0.00012059717469379838,0.000339170775603137,0.0003404074791644729,9.586583830545337e-06,0.0
target,E5_labgen_fe,lnMstar,100,0,0,0.05250783279023883,0.05252745683186871,0.08823304648662522,0.08821186916797297,0.0010035548992992638,0.2
target,E5_labgen_fe,sd_omega,100,0,0,-0.004047164566673907,-0.004047173172451783,-0.006163387043856938,-0.006163380414883374,6.940183854831083e-07,0.0
target,E5_labgen_fe,tfp_growth,100,0,0,-0.0011508462723061243,-0.0011508406201908492,-0.0015282926062638313,-0.0015283085105573385,6.573087751593487e-07,0.0
target,E6_acf,alpha,100,0,0,0.06537180668244023,0.1015910265230465,0.04966289141328492,0.11280311680673175,0.543530927594783,0.09
target,E6_acf,beta,100,0,0,0.021429015063806584,-0.03428809312556746,-0.12428788536506731,-0.15714233624478235,1.0125309324140719,0.09
target,E6_acf,a,100,0,0,-0.055967863506456786,-0.10585371815151304,-0.13254147915583211,-0.20486830145257567,0.6296510251999791,0.09
target,E6_acf,gamma,100,0,0,-0.025866946856908348,-0.02981224128935124,-0.02624601783386414,-0.03182214673919419,0.061030757487057094,0.09
target,E6_acf,sigma_star,100,0,0,-0.020498983040790893,-0.016027404983103,-0.013607145052588643,-0.012439305824623714,0.14083737317410416,0.09
target,E6_acf,lnMstar,100,0,0,0.5671871937235046,1.1675428520742845,1.41958056953745,2.2282406324443893,8.109010802729866,0.1
target,E6_acf,sd_omega,100,0,0,-0.02965919664812102,-0.02985363449101717,-0.02922510738236557,-0.029786316411452726,0.014132605146405991,0.09
target,E6_acf,tfp_growth,100,0,0,0.023623425702044783,0.02374194754173989,0.02357858196850507,0.02377876334215838,0.005983549836459823,0.09
target,E6b_acf_lagonly,alpha,100,0,0,0.02224710259474185,0.02462493678264344,0.010653284444551103,0.014909036527955194,0.23773219489137698,0.01
target,E6b_acf_lagonly,beta,100,0,0,0.01298646699864743,0.009085543029975744,-0.02320932966452305,-0.030330380788346267,0.39004232190374793,0.01
target,E6b_acf_lagonly,a,100,0,0,-0.015142916748165654,-0.018998046938221266,-0.023758192912122555,-0.03223346704586874,0.3854470233769391,0.01
target,E6b_acf_lagonly,gamma,100,0,0,-0.002765339934198262,-0.0030935725176960893,-0.002543722906437021,-0.003132438844856117,0.032817592004663526,0.01
target,E6b_acf_lagonly,sigma_star,100,0,0,-0.008936101154963598,-0.008551295680850194,-0.0035118000051195253,-0.003512972905388212,0.038480853269298954,0.01
target,E6b_acf_lagonly,lnMstar,100,0,0,0.2347277719226598,0.27959650067587266,0.3508157519473363,0.43863144970346757,4.486119479518987,0.03
target,E6b_acf_lagonly,sd_omega,100,0,0,-0.006609202036873936,-0.006625087858048162,-0.00783878085808734,-0.007838780786559738,0.001587165483235703,0.01
target,E6b_acf_lagonly,tfp_growth,100,0,0,0.0011847587324740638,0.0012058521698228824,0.0012651908217155977,0.0012651908208143325,0.0021082948891715525,0.01
target,E7_iv_path,alpha,100,0,0,0.015821720401654974,0.015821720401654974,-0.003389004581254379,-0.003389004581254379,0.0,0.0
target,E7_iv_path,beta,100,0,0,0.012300317576683728,0.012300317576683728,-0.009416092738338933,-0.009416092738338933,0.0,0.0
target,E7_iv_path,a,100,0,0,-0.00286020824904363,-0.00286020824904363,-0.002710710931493776,-0.002710710931493776,0.0,0.0
target,E7_iv_path,gamma,100,0,0,0.007063459228051378,0.007063459228051378,-0.002751216202326115,-0.002751216202326115,0.0,0.0
target,E7_iv_path,sigma_star,100,0,0,-0.00457470830273631,-0.00457470830273631,0.0031041544477284355,0.0031041544477284355,0.0,0.0
target,E7_iv_path,lnMstar,100,0,0,1.3137534757654106,1.3137534757654106,1.3132228387198945,1.3132228387198945,0.0,0.0
target,E7_iv_path,sd_omega,100,0,0,0.012590347897344065,0.012590347897344065,-0.006418782580737789,-0.006418782580737789,0.0,0.0
target,E7_iv_path,tfp_growth,100,0,0,-0.009786080411083536,-0.009786080411083536,-0.0009339137702510519,-0.0009339137702510519,0.0,0.0
target,E8_heckman,alpha,100,0,0,-0.045213285585192435,-0.016465661919854338,-0.02789754693699109,0.009583112303970631,0.2523223631937138,0.16
target,E8_heckman,beta,100,0,0,-0.05426214501317938,-0.1086731719258424,-0.14849466073532944,-0.17757639554181695,0.5154802234847369,0.16
target,E8_heckman,a,100,0,0,-0.02556024348714817,-0.09152294224190506,-0.09906257532072502,-0.18192507092107404,0.514811277226963,0.16
target,E8_heckman,gamma,100,0,0,-0.048452664399450826,-0.053567687507900995,-0.047839545050612955,-0.05395577141497811,0.060149439101215174,0.16
target,E8_heckman,sigma_star,100,0,0,0.028828801532232953,0.03625790710749818,0.034826689704504143,0.04148876416248276,0.08378217447400937,0.16
target,E8_heckman,lnMstar,100,0,0,-0.1815870854500651,0.5145258306241883,0.01830261652575116,1.3565372959015245,5.721188942776408,0.35
target,E8_heckman,sd_omega,100,0,0,-0.05763296294657991,-0.057722903410259284,-0.056989629507386175,-0.057025833001411425,0.002119816266585778,0.15
target,E8_heckman,tfp_growth,100,0,0,0.052557649604058926,0.05260244434786975,0.05152982549716463,0.05152997696987645,0.0017393406496534203,0.15
target,E9_foc_system,alpha,100,0,0,-0.002484083245301305,-0.0024840770677908154,-0.0026680232113432123,-0.002667999273815058,9.203834313575854e-07,0.0
target,E9_foc_system,beta,100,0,0,-0.008594459807551004,-0.00859445448614225,-0.00830915171841648,-0.008308752101063382,7.250546656401013e-07,0.0
target,E9_foc_system,a,100,0,0,-0.004155454684206354,-0.004155455649651097,-0.004041854150577007,-0.0040418586192653705,1.682186159257526e-07,0.0
target,E9_foc_system,gamma,100,0,0,-0.0027145967013878893,-0.0027145938119844215,-0.0028791964113347723,-0.002879150668545827,4.1330335903699833e-07,0.0
target,E9_foc_system,sigma_star,100,0,0,0.0030239308021141474,0.003023927647575717,0.0031902710433994175,0.00319026551807583,4.5074203380846e-07,0.0
target,E9_foc_system,lnMstar,100,0,0,1.2791206713836876,1.279120658672264,1.2769985642725104,1.2769991863741437,6.775717027451833e-06,0.0
target,E9_foc_system,sd_omega,100,0,0,-0.006894558541539704,-0.006894553835941065,-0.009130505422942914,-0.009130514784028237,6.227052836704772e-07,0.0
target,E9_foc_system,tfp_growth,100,0,0,0.001599371812886979,0.0015993685822927673,0.0014333473148171738,0.001433348810103846,4.524027756303006e-07,0.0
