rep,chi|val1,wcu|val1|lo,wcu|val1|hi,wcu|val1|se,wcu|val1|p_wcr,wcu|val1|se_wcr,cr2|val1|lo,cr2|val1|hi,cr2|val1|se,cr2|val1|p_wcr,cr2|val1|se_wcr,chi|val2,wcu|val2|lo,wcu|val2|hi,wcu|val2|se,wcu|val2|p_wcr,wcu|val2|se_wcr,cr2|val2|lo,cr2|val2|hi,cr2|val2|se,cr2|val2|p_wcr,cr2|val2|se_wcr
0,0.18673396621634542,0.16983165389621843,0.1976645400973232,0.007498214341613388,0.03,0.10301266209397258,0.16700969289880113,0.20114623491827704,0.009327823353969188,0.05,0.10909849142999202,0.20634076366003118,0.1948746516166544,0.21579476082012167,0.005766872345077353,0.02,0.12182789898549934,0.19290891800594742,0.21747323436797544,0.006394782323458356,0.05,0.1286905443064202
2,0.22297997344926213,0.1993176358716974,0.24258906100785332,0.011281658600774421,0.02,0.1278958182303869,0.19792682409328471,0.24677494828853724,0.013447598603587399,0.07,0.13768511220048588,0.21926218478690007,0.20173460528919313,0.238923373311442,0.010146394626605796,0.03,0.12509211680429141,0.1945315440810648,0.246140907853501,0.013973086885091102,0.05,0.1350801335321882
1,0.2219518867874175,0.1906996681151858,0.24559159867632432,0.016302036578564952,0.03,0.12235277317348535,0.18076989104266494,0.2534241477531608,0.02202846409321675,0.07,0.13328063304908638,0.20974265667451242,0.18067076223651696,0.2407367127079066,0.01632752336348179,0.01,0.11127119330497677,0.16737944019875262,0.25475524770567215,0.026046106125285826,0.05,0.12606154608105366
3,0.21746292595466166,0.19509993428907252,0.23651419500809764,0.011902581956629002,0.01,0.12961035030809834,0.19116616051451593,0.23896368254821687,0.013827399143820985,0.03,0.1402684160009279,0.2304315643822381,0.20885380006784265,0.2520173889803034,0.012557295641675405,0.01,0.1344527615468558,0.20280859677583768,0.2578524193648161,0.01623369353549407,0.02,0.1342577285710214
7,0.21637909804839062,0.19534610026516241,0.234920078702994,0.00901211266691286,0.02,0.11253444252888721,0.19057004999622743,0.2390349434051017,0.011164069069842075,0.03,0.11753469997693573,0.2233422792040427,0.21285573879432715,0.23783138479132368,0.006335879110816238,0.01,0.12916904075071256,0.2082570199212734,0.2430849222953926,0.009395624982418402,0.07,0.13957933614263937
4,0.21502002158647304,0.19218133646790442,0.24083635887183302,0.0128706028401436,0.02,0.13196327014837148,0.18710018721939203,0.24565406884310495,0.015271018825928082,0.05,0.13576789523988414,0.23751363249315105,0.20404161275596155,0.2737505720729704,0.018250674353197157,0.01,0.12335368121007646,0.19595787149850846,0.2824887106911933,0.021716567857148632,0.02,0.13000141135435025
6,0.22134093678681754,0.202117789823505,0.24181156287669053,0.010621290494596335,0.03,0.11870772874527351,0.20046456794155496,0.24159865617576082,0.01129128216359576,0.04,0.12887339485351165,0.21047044753230093,0.1888578014023262,0.234598468680934,0.013641049729045425,0.03,0.11451360383970403,0.18686003662547987,0.23812971187378848,0.014331005207595001,0.1,0.12861399033580315
5,0.2035557544399209,0.17517738423053233,0.22838137598503774,0.01519932106707389,0.01,0.11955769732653475,0.16778593660872598,0.2337235795647604,0.01879993213354241,0.02,0.12782302071671162,0.21170307056144821,0.18892590125227776,0.23940682440495786,0.013425416363369991,0.01,0.10392769627342781,0.1811758577619574,0.247869421579522,0.016919971128453115,0.03,0.11795162334745424
11,0.21572897469521646,0.18920836613109177,0.24043699288678896,0.014496803439758562,0.02,0.12048554161382573,0.1845085901026177,0.24448979506456087,0.016224230800684587,0.07,0.13366938244069523,0.22078934985176524,0.1983237575549044,0.2389082203465919,0.010400752935899333,0.02,0.1301653117754683,0.19908619507113534,0.23850223484976082,0.01056695954881934,0.04,0.13846603196720617
8,0.22469020157228137,0.2036079093494246,0.2473860436849403,0.011638330030522446,0.01,0.12264838092315086,0.20172594406115946,0.25194265015776285,0.012754277450813853,0.01,0.12673561917359083,0.21731780350361163,0.1900355680275196,0.24595999048541808,0.015449624744340541,0.01,0.12752985342283002,0.18550205409076215,0.2512721298234956,0.018573502397394505,0.04,0.13448568046229478
9,0.19606736074387054,0.17635978657173254,0.21321270178682586,0.00889254497957428,0.03,0.10138802753161538,0.17000936450493997,0.22019069241250322,0.013126266449309289,0.03,0.10583730103044287,0.20635381664375974,0.19667177678428657,0.21702049929459583,0.005855187081072065,0.02,0.11217371079648181,0.19173123672004314,0.22193951568595355,0.008253815056422587,0.04,0.11236967799014978
10,0.2107632370697914,0.19075461747079697,0.22567992332358616,0.009852782420243381,0.01,0.1006436450931323,0.18931496320793734,0.22625572331234442,0.010456377551278324,0.03,0.10739675341709841,0.2025690434548757,0.17411152119499454,0.2343702667401458,0.015422789259511604,0.01,0.10183403535818335,0.16852063974302528,0.24042808786185196,0.01909048478622711,0.01,0.10627778456803186
13,0.2293064199247965,0.21504665009834212,0.2438937321932106,0.007732552753678899,0.02,0.12818428848487662,0.2102556518290811,0.24787491636516928,0.010834634752808589,0.03,0.13723678059182232,0.21876288496618201,0.19813784206507887,0.24026689426223555,0.011728180381343925,0.02,0.12339713650248611,0.18834063930523234,0.248665590603053,0.017376435756113574,0.03,0.13200376662382077
12,0.19437602617465544,0.1685034749818833,0.21762271269478614,0.011742240878729776,0.04,0.0997486815886523,0.16695632970930402,0.218036143867556,0.013059561213624116,0.04,0.10996623954698408,0.19748701344403496,0.1720357438988546,0.2233827262198685,0.013631708781633991,0.01,0.10443118968199198,0.16841924465110236,0.2274529808486585,0.015302370270889517,0.01,0.114414683079738
14,0.2110804368270056,0.183333578679318,0.24169060598954312,0.01685593698891779,0.01,0.11860106807040549,0.1813380490902977,0.24703884762824502,0.01897812278539813,0.03,0.12914055286485612,0.21536679339317732,0.18668400648956296,0.2397984314971579,0.01566094776322498,0.01,0.11938260658785652,0.18455617973160204,0.24243594866394766,0.017106383055361617,0.04,0.1305811244342335
15,0.22259360788605953,0.20435591474486042,0.24033241604087166,0.00986636251712334,0.02,0.11933998977634497,0.19765794414887386,0.24501640234499558,0.013011609378417088,0.06,0.12939912551179744,0.22013563032116146,0.2024080670344901,0.2395371876813474,0.010477770489798534,0.01,0.11358363645321333,0.19840200204850586,0.24357529537918973,0.012327118667922543,0.01,0.13308527473400655
17,0.1781662191793556,0.1518384445855174,0.20676607177756828,0.014688188772624587,0.02,0.09374720959334011,0.14903986458760837,0.2088517336473314,0.016222140907749052,0.02,0.09875385445016457,0.21072538570464516,0.19149548947001493,0.23038656180659048,0.012042914685110019,0.01,0.11852177828379237,0.18927453960609109,0.23192107858362393,0.013190733528136869,0.02,0.13238736402381035
16,0.2247245943018541,0.21381585445497966,0.23343269722017443,0.005682049906078932,0.03,0.13652249785173007,0.2117665531182151,0.2356121691138136,0.007120640309043844,0.05,0.14607270847940917,0.2398718318665818,0.2156666712465225,0.26097399627071854,0.01257442974227499,0.01,0.13901147726989263,0.20882534079620207,0.2673956777391482,0.015159637208698975,0.03,0.14715848277987506
18,0.20700794600290617,0.18914731370104326,0.22504063731755702,0.009430262319004583,0.01,0.09315270550931422,0.18538969939682656,0.23068399801761877,0.012015946411407666,0.01,0.10113206856790795,0.18365074649113744,0.15514477915397643,0.20925730676922072,0.014216517315171233,0.01,0.08697680103975187,0.14612484737167367,0.21959831593905438,0.018831177880488142,0.02,0.09127503176227339
19,0.24174331028751084,0.22956671832806347,0.2555342182157667,0.006829057747612015,0.04,0.14774528650438024,0.22816782580088052,0.25548053266077386,0.0071229601471169525,0.05,0.15860358736612398,0.24538152114162148,0.23616352342334557,0.2551232611998586,0.0050388068278563675,0.03,0.14365036878721035,0.23426725940518234,0.25689953541446203,0.0061288416266129745,0.06,0.15522607144216619
20,0.22118819843889614,0.19859328566075107,0.24123205123275882,0.010639403050551569,0.01,0.13082687123855158,0.19204865159356999,0.2472551703959561,0.015685892429638082,0.05,0.1458110628564731,0.22759742406169536,0.21418003514120856,0.24553830508493327,0.0083458780429686,0.04,0.13952572279569225,0.211867961116243,0.2473461397225393,0.009511520908458882,0.06,0.14901150586446116
21,0.1942932543808098,0.17694270418590602,0.21089712696740945,0.00927557262455133,0.02,0.10690099542740544,0.17568544632275626,0.21321231531297283,0.010390754297346663,0.03,0.11739467773630972,0.2006050547529341,0.1803622448296954,0.21836796406350073,0.010438227085758926,0.02,0.12098367411003871,0.17653466345468538,0.22456127943956097,0.013331661769048455,0.06,0.13276448604771032
22,0.22176240032145955,0.19479945654639982,0.24213450605067127,0.01384878600055,0.02,0.12897226830127748,0.18986001287547816,0.24699357410610573,0.01681884794057792,0.04,0.1332418292141045,0.21165396350694277,0.18746728792251455,0.2305749966283161,0.010998120324122439,0.02,0.11846333319121354,0.17997238131243348,0.23619078893839948,0.013977500771984059,0.02,0.12334885912409758
23,0.20039260005910098,0.17617053080817602,0.22056470047049848,0.01250152613228657,0.02,0.10367859606771405,0.17305242651517877,0.22243555709038096,0.013965492825817851,0.05,0.1141405837752324,0.20427139027969599,0.1824928805692082,0.22465405719732495,0.011593739828521486,0.01,0.1260166440164444,0.1782808521621848,0.22957651670543897,0.014007867264983343,0.07,0.14103908777274327
24,0.21671115570767618,0.19728028134653613,0.23897049365062267,0.011046337258905975,0.01,0.13294673229733436,0.19555272689866743,0.24262356238068644,0.012264474265012941,0.04,0.13934381011016234,0.21818442805393623,0.1940533174539807,0.2421257210113655,0.012834000821009587,0.03,0.13645458285763365,0.19129704233920064,0.24650902875883932,0.014596251438092293,0.09,0.14557052561910655
25,0.20317870150441042,0.18185869985963085,0.22413612536785288,0.011196093376047187,0.03,0.12347351547644594,0.1773857921187926,0.22957348367088812,0.014721603894919211,0.06,0.13622051816959946,0.22820334811242304,0.19978809574387396,0.25626504203750333,0.01433856016985526,0.03,0.12294184668592872,0.19258739203434683,0.2627223909948353,0.01747964683010063,0.06,0.13585016210889245
26,0.21399960547488828,0.19790139037195106,0.22654729968569876,0.007560423026901393,0.02,0.11676974935159867,0.1963990765554838,0.2282668193585541,0.008770793316042297,0.03,0.12214093985175657,0.21379497435154793,0.19517205737348178,0.23076820930153355,0.009881788623343964,0.02,0.11436995683540985,0.19205015229006525,0.23233592516925441,0.01103803246928257,0.04,0.12119674063722118
27,0.1879555755276341,0.1694938421437106,0.2063946063677081,0.009546764718076306,0.01,0.097885093386595,0.16448633207054703,0.2112242646107835,0.012027249619079066,0.02,0.10407161608106671,0.18180062492553972,0.16247030538054036,0.19636065918803167,0.008547774134163988,0.03,0.11015466008878128,0.16087238636995133,0.19940426377695486,0.009652887767170448,0.05,0.11581977108586426
28,0.2322795957284871,0.20428963766146851,0.26730702950537194,0.01729397365103328,0.03,0.12573242551200062,0.1953811217174266,0.2760110830157215,0.02135248636487433,0.05,0.1424206235924575,0.2512283470449219,0.2217736426670669,0.28019526043163956,0.014564103901229593,0.01,0.1270376781344847,0.21785706006468597,0.2841114670917449,0.016188036981854635,0.03,0.1442906149944462
29,0.23020907496629395,0.2171936609547148,0.24226223940616412,0.007041792655398276,0.03,0.13421859008073667,0.21715126638263982,0.24400681186976433,0.0076094963510350885,0.08,0.14478799957631075,0.22996858603360426,0.21690085263044648,0.24117382915047197,0.006797853192848674,0.03,0.1346969457316688,0.2132761937228405,0.2430454262420708,0.00917583806762079,0.08,0.1459529632830051
30,0.219736919221158,0.20113868151852668,0.23920493865683232,0.010358946844423133,0.03,0.12001791927465233,0.19777724102823174,0.24013673723206627,0.011511081312930872,0.04,0.1278571628158089,0.21129214300108856,0.1989235862371317,0.2243235886482191,0.006185082673744682,0.01,0.10630557009653357,0.19532897174300334,0.22579791600433596,0.008086266873920587,0.02,0.11659119069119553
31,0.214692753416573,0.18730305464995425,0.2435998791025833,0.01581312121553113,0.01,0.10473812586120035,0.18295855976214423,0.24650752861267686,0.01862926968671864,0.01,0.1080427619930582,0.21283671699533446,0.19146077078054877,0.2331955332347785,0.012095649451601742,0.03,0.11389961432342557,0.18940328320609856,0.23559214102221512,0.013290566383819053,0.07,0.126207064484492
34,0.20373824377978256,0.18433241699609754,0.22324749034709138,0.010219131102104926,0.01,0.104411148239878,0.17643790989356908,0.22905085829906094,0.013795510216573832,0.05,0.11884724574812892,0.2084010744975533,0.17428141962175747,0.24210993524240057,0.01695337640052651,0.01,0.0926343696181797,0.1667967675385858,0.24968528519798286,0.02118723403077475,0.02,0.12254299596466718
32,0.2327332947710632,0.2075167555178996,0.2558018421502509,0.01296718543691653,0.04,0.1392930819939386,0.20576401988871917,0.2573823241952142,0.014339898634659645,0.05,0.1458793981292287,0.23862516521387178,0.21001547850266322,0.2703376507475385,0.015905264683660172,0.02,0.10929053205486679,0.2059290620261673,0.2714556496341728,0.017600898391535457,0.02,0.11479252640062244
33,0.25248758829575024,0.23685855004474965,0.2687746527944942,0.009267902065530385,0.04,0.1426547753115877,0.2313959659377669,0.2751217010167215,0.012766367121647162,0.09,0.15880756440031457,0.2539287863773607,0.22268258216218623,0.2877317957356326,0.016285472632754015,0.03,0.1550022024606733,0.2172262282803052,0.29582059252539933,0.020790988347008592,0.07,0.15632257004029873
35,0.21390140023510273,0.18151642642333377,0.24471850595083375,0.016926451097066388,0.02,0.09302639429405088,0.1797325972117536,0.24760125501359256,0.018221606146640656,0.03,0.10288881404348975,0.2061711444972456,0.16931678372253045,0.24229231068283327,0.018624979968284234,0.01,0.08744996084489885,0.1609551999975819,0.24345691875103614,0.02040478530530103,0.01,0.10042405141111801
36,0.2072385517064319,0.19623764669742555,0.2170488697108835,0.005689148267590496,0.01,0.10962856133034882,0.19362218001434575,0.21984199195067458,0.00726164204646677,0.03,0.11612125367877846,0.21681694709736732,0.19653003998911905,0.23947348731004667,0.011325270593399654,0.02,0.11453617229486254,0.19627402535752253,0.24057034965058452,0.012051695878262431,0.03,0.1277673142358769
38,0.214915426885395,0.20515496652463314,0.22414563797700465,0.005414063951931833,0.03,0.11841810805968608,0.20295586239986446,0.2265528887384522,0.006647307401017379,0.08,0.1271571271006238,0.2194894769354292,0.19705770496579134,0.2478832955311059,0.01409236263468751,0.02,0.11764019780999953,0.19256427201017812,0.2515855979987204,0.016513258237978872,0.01,0.1220691786835521
37,0.19411049306538786,0.17004402788423315,0.22093701752278852,0.011896110810707716,0.01,0.09467856073586531,0.1679724369443489,0.22363707921316306,0.012539961737586659,0.02,0.10172073758615216,0.1902554198774027,0.16897839478293744,0.2090735697322975,0.01132491363223437,0.02,0.11161553827766785,0.170284778552413,0.21102162699800342,0.012119151849177825,0.04,0.12143446899750572
39,0.2284921494881491,0.20816143772622847,0.25291421206838016,0.012755693697196136,0.01,0.1234541662359481,0.20255158237160426,0.2535091272051259,0.014940359301267385,0.01,0.1341269394185845,0.23189301739483348,0.21976413138179013,0.24258925852224827,0.006074440018116024,0.02,0.13163093692594718,0.2154088969591199,0.2449324545510771,0.007897590886419162,0.03,0.13970444299431878
40,0.23617647618939763,0.21931668348300193,0.2517754936135735,0.008372699614054058,0.02,0.1475746355598069,0.21750395454236382,0.25321216609628927,0.009729935461393835,0.03,0.15561736385869526,0.2233514012897828,0.21040344409877929,0.23856903557965697,0.008134217100160535,0.03,0.13737997713641872,0.20736804216196983,0.24131118976829752,0.009752024924853978,0.06,0.14478637829212418
41,0.27066382021800006,0.2513972302478458,0.29323047476324576,0.01126760891710776,0.01,0.1425910115812187,0.24483634555699108,0.3002740052570918,0.014640265243810605,0.01,0.1525227220621093,0.23962349859545196,0.21834741194530538,0.25967157039789573,0.012004245037104585,0.01,0.15072955936145407,0.21317804684275832,0.2619189517551964,0.014351916501409026,0.03,0.16167148060638825
42,0.22657972538473814,0.1922954147875615,0.25458490808896367,0.017632797938598167,0.01,0.12009513758107779,0.1891316109448703,0.26043781173312724,0.01927669664678283,0.02,0.13391862565774945,0.2177189559595707,0.2057430892738273,0.23648705899468517,0.008600229824580977,0.04,0.14217411539678126,0.2018640429450022,0.23893015774842113,0.009831020293738045,0.16,0.1526583124866762
43,0.25180162233102266,0.23475755154638994,0.27902761434420154,0.011668001480786484,0.01,0.10808807641353482,0.23101339020502537,0.28424047431337995,0.013928800481070345,0.02,0.11483811981927113,0.23803535144970578,0.21228393522329603,0.2619830136476031,0.013711577020036834,0.01,0.12635387145559085,0.2074302007310148,0.26245659282535494,0.015215501448670583,0.02,0.1389910703273887
44,0.23718955056406266,0.22247754344071025,0.2502586700451682,0.007229953219248672,0.03,0.1269030336839871,0.21928959792229863,0.25269214850912963,0.009126220003825555,0.03,0.13119449761724708,0.23189743932487072,0.21812655130749634,0.2460301254898078,0.0076404924043730425,0.02,0.12963990234556758,0.21372631895691258,0.2497091295828089,0.009688020273308041,0.03,0.13750590828360032
45,0.24486524592401704,0.21774337797705134,0.2708819390820813,0.014717207580063705,0.02,0.1347879459182574,0.2105265725698927,0.27781153474885406,0.02011238089295632,0.02,0.1360310904805558,0.23375008462316682,0.2092923362255143,0.25930821459551917,0.013118919744382626,0.01,0.13685079211615492,0.20293061005021357,0.2667928715874108,0.017688812968039012,0.02,0.1406667464260109
47,0.23286247880542454,0.21806197869827168,0.2473614735815352,0.008088084068525453,0.01,0.13843068131286237,0.2146904560478573,0.2500927114751044,0.0093954229270975,0.03,0.14776447360504286,0.22153987454538537,0.2127129942340594,0.2298432227814459,0.004818768994589547,0.02,0.1328621657515771,0.212329935307047,0.23217370616337046,0.005475007497340372,0.06,0.14378811599158176
46,0.19785166366285,0.17442321500678096,0.2203289671881337,0.012581490257157955,0.01,0.11459741077576265,0.1714443644917422,0.22072050036975646,0.013378012953543615,0.03,0.12132262145446682,0.2065621321314337,0.18699054155580183,0.2275671842359066,0.010846709237044545,0.03,0.10432335179711165,0.1844154281797353,0.22786577425599513,0.011845171579266529,0.04,0.10921968150431816
48,0.20353924580579275,0.16820836952215784,0.2432194793384294,0.021281924281111933,0.01,0.10351058169679549,0.1593652288734108,0.2555836528512193,0.02868786905051084,0.01,0.1122857907571451,0.1728392374418508,0.1505556823101784,0.19056888157118562,0.010758599902638164,0.01,0.09368996065094566,0.1469579027860996,0.1947632639229023,0.012069302371921891,0.02,0.10468593593055694
50,0.22143079621598982,0.19284251289532467,0.2437559572484085,0.01370603474685537,0.02,0.10903413579929812,0.18653828355014113,0.2456345010960407,0.016207976628013175,0.05,0.11726014194481119,0.20802951716833995,0.17059188561200647,0.23605240020975118,0.016795484040695752,0.02,0.1137075536827062,0.1644581211520436,0.24061130478180237,0.018597185560487006,0.04,0.1198750222259379
51,0.19449398588628597,0.17698066308640367,0.21079898110455125,0.009807040544481433,0.01,0.11104561802016245,0.1738339828565371,0.21504875364005183,0.011714243325427483,0.04,0.11861328973235356,0.20934848924257743,0.19556135411107953,0.2229067698060744,0.007812285966663915,0.01,0.09946616175454759,0.1924525098465711,0.22638716912598025,0.009637410858834912,0.04,0.11535093068200865
49,0.2219789474460825,0.1971379066117811,0.24887272226755824,0.014549172043658763,0.02,0.11836348573118508,0.1921352324315289,0.25636756295669344,0.017142139605544567,0.03,0.12986435815957248,0.19447595595164469,0.16722142497533135,0.2145026797847875,0.011493081125031564,0.01,0.10742612745233796,0.16580664241241988,0.21370952137431,0.012820109693397757,0.02,0.11273383918629103
52,0.21719789147660595,0.19914752622551646,0.23497077603481586,0.008851978170587312,0.01,0.12780674016203936,0.19703703280296617,0.23885249752874632,0.010405641934174398,0.05,0.1355651803043619,0.21308074622877005,0.20291101236999717,0.2242968789367211,0.006335949712057733,0.02,0.12055385803036507,0.2014907014551733,0.22531046401834537,0.00699609658194826,0.01,0.12975723994270358
54,0.21985028288972597,0.20556583025864827,0.22861998355214838,0.005884698563969694,0.02,0.12833067916946808,0.20093080882138034,0.23187121651827836,0.007789825031125347,0.03,0.1395846173323543,0.21199365472149978,0.19751466853665875,0.2275344773640354,0.008867815247121132,0.04,0.11981640361786737,0.1921943543872211,0.23291908127820435,0.01289126493111496,0.06,0.12803402560291519
53,0.21287219799311696,0.19998681367327284,0.22797120606746318,0.008000997410048392,0.02,0.12525138078401132,0.20061506900968196,0.22822762934959967,0.007883878242700886,0.05,0.13105580972658182,0.23485068295730915,0.22099032145757042,0.25347763732221656,0.008091188348654695,0.01,0.11635980027375505,0.21750268862112826,0.2569326809555569,0.010314772510764677,0.03,0.12394459632534657
55,0.201351498951019,0.16772460398081918,0.23354365281780548,0.017633828820953636,0.02,0.10903925679641785,0.16120004954817202,0.23863522429756734,0.023643900853865713,0.04,0.11909991105544643,0.2077442102504783,0.17865544822806095,0.23811425676555054,0.015498947137758016,0.02,0.12063525266720986,0.17188114117254888,0.24712941320816456,0.02003889701780947,0.05,0.12562745882061482
56,0.20965699475945865,0.19736778246279482,0.21990113253511426,0.006399580440887317,0.02,0.12395234185934838,0.19526513930192962,0.22132147978607217,0.007333403746214513,0.03,0.13070972912671067,0.2306455299011816,0.2017743639355053,0.2626915728978797,0.017943909628016112,0.01,0.1236154494437001,0.19093191244422758,0.27361817353836027,0.023693355027459128,0.04,0.1308201962887477
58,0.21611356069748844,0.1977168694082609,0.23377017872989803,0.00930936905374373,0.03,0.12500928832194433,0.19485087474515667,0.2368968519138244,0.010962583004534327,0.07,0.13256606617682826,0.23792568569250605,0.22675498586531959,0.24789577307301922,0.0060505644347031125,0.02,0.15015201910234527,0.22427125255561992,0.25050738075834134,0.007147238043003871,0.07,0.1607102130441651
57,0.226572050241451,0.19815202812945942,0.25739885605805146,0.016754144044007265,0.01,0.10536458618232965,0.1926409031649196,0.2646219566361766,0.019255038682891926,0.01,0.11824354332081449,0.22408545832224824,0.2079075748472226,0.23973759884197768,0.00951063573073611,0.03,0.1147862202282125,0.2068378819409014,0.24184145082420888,0.009990781151435361,0.06,0.12444235919202463
59,0.22617552755778547,0.19917720866258126,0.24782065141091147,0.012390300776167948,0.02,0.1251333016438257,0.19068156889109983,0.2541980952118014,0.016550230093986835,0.04,0.13725954809879617,0.22257928746530364,0.18752943206487938,0.25351665846410165,0.017727699516210796,0.02,0.12385687756511721,0.18670153630446662,0.2577665884961685,0.019719226571580897,0.04,0.1321476283632251
60,0.21426332699869466,0.20097890250171307,0.22730306710365372,0.007693076845686648,0.03,0.12886720382536657,0.19882131968941635,0.23067929141303037,0.009502756031389125,0.08,0.14051971733073745,0.2158334769736543,0.1993442857118098,0.2340572746887173,0.009997503657192364,0.04,0.1393042930790643,0.19739990079466993,0.2373907047907559,0.010771195670381274,0.07,0.14760387850396733
62,0.21865328271662055,0.205578010769918,0.23378640717223612,0.007698088584298035,0.01,0.12823851175404477,0.20272404869340682,0.23658887331469583,0.00891627522837612,0.02,0.13706848018916684,0.21873729226250394,0.20691174353907088,0.2333349442244272,0.007608775775721077,0.02,0.1113523577613719,0.2000011577675543,0.23992211676195424,0.009932533231462143,0.02,0.12036171444470338
61,0.23499128606701358,0.21264361179226948,0.2568172556140069,0.012077970472137512,0.03,0.1262468310091513,0.204521352646166,0.2635597730881815,0.017072516964201288,0.03,0.13408137590114302,0.24164586095023033,0.22894065130852542,0.2557110264804038,0.007242274565729798,0.02,0.11956028028207999,0.22670290920996838,0.25700925317076784,0.008265524750032272,0.03,0.1291609197386957
63,0.19358547669393467,0.18039624255113978,0.20731678021879102,0.00695925197256558,0.01,0.10974816893634809,0.17694246706512679,0.20995442645734524,0.008863176628049082,0.03,0.11596804814837781,0.21165261223157472,0.19862964650453244,0.2218162278213267,0.006555617741041234,0.01,0.11421026111294237,0.19613373499926756,0.22625567273491104,0.00852488936246824,0.01,0.11892129655472565
64,0.21382092934556862,0.18942527737328574,0.2326922170422499,0.012304599323759125,0.02,0.12156040601508751,0.18340728819454302,0.23775858197417327,0.014718600851055379,0.04,0.12573025834583207,0.22751016297749516,0.20722750834666445,0.24770877747605952,0.011536490135259656,0.03,0.12054352378670986,0.20418631816742344,0.25091248948991784,0.012637816538124673,0.03,0.12905359799678626
65,0.2482229725008196,0.2358156803740888,0.2616718600548691,0.007110916312217155,0.02,0.13938579547304192,0.23465482038848373,0.26107755763365487,0.007567647593341068,0.03,0.14918711545416882,0.2310549444462282,0.2205800606881967,0.24655113905058865,0.00743843630488585,0.01,0.1403022747675388,0.21549184227318446,0.2510916989763823,0.009981369004594827,0.04,0.1496912697061364
66,0.21583950295075915,0.19109918229750034,0.24151506104762274,0.01368647533820837,0.02,0.11492565199858527,0.1876443867623434,0.24487228298056726,0.01580051235095982,0.02,0.12154475986878448,0.24982523551729674,0.22417575730281214,0.2784541919459683,0.013546759380940056,0.01,0.1291832373550202,0.21913057654454665,0.28417644554364063,0.016875261677282538,0.01,0.13549417432170696
67,0.23716963867180763,0.21843580593365142,0.2586171093944675,0.010062838664878232,0.01,0.12619831756740293,0.21766468281660972,0.2611796854401326,0.011184131692674125,0.01,0.131146064035727,0.23887842752133093,0.2219313053530908,0.2593842902685682,0.009995468280150435,0.03,0.1393461634219948,0.21842597633802624,0.2633092658779531,0.011968436613604519,0.05,0.14840422132976422
68,0.2073788098866638,0.1845912529606344,0.22953686655339428,0.012292580962088916,0.01,0.10819052287204292,0.18273580884167698,0.23198404341584972,0.013354548477680295,0.02,0.1148454582519963,0.22408227383524082,0.20384010259193283,0.24267475138754935,0.011271293745343141,0.01,0.12455564447606984,0.19793297420156708,0.2476642621316983,0.013365384948425511,0.03,0.1388617644038748
70,0.19746732225410035,0.18077698911460435,0.2187926683908496,0.010403394191454394,0.01,0.10643278212882566,0.17818434469172967,0.22245622200582868,0.012180081406404478,0.05,0.11441546310975027,0.19764176738456385,0.17724991308194732,0.2152871744628205,0.010438237625556158,0.01,0.11095555678667468,0.17452503047109716,0.217364367482254,0.012197187397108797,0.01,0.11642872586639098
69,0.22321761753794878,0.20192997443902416,0.24435347818537836,0.010530444123030697,0.01,0.11169059414538704,0.1994531693831314,0.24647867421366348,0.011570714557323511,0.02,0.12705210833602917,0.2054891173037685,0.1848882286859317,0.22574673942916185,0.01116583187259277,0.03,0.12803601183270857,0.1814332421012042,0.2305249964733384,0.014077827404799206,0.07,0.1412488725309446
71,0.23544001842251294,0.214049677955161,0.25739094665440676,0.011303361695557757,0.01,0.11650230952507501,0.2138548568189173,0.2581990705397822,0.011823947088415141,0.02,0.12451112675404151,0.2368850615332132,0.2090215959494054,0.26646882313402925,0.01464159602477723,0.02,0.12592329428595062,0.20577390985623856,0.2714108996857054,0.01719536530806757,0.04,0.13790076682277752
72,0.20464460324946554,0.1814527888248294,0.22477575129300464,0.01220174485735362,0.02,0.11162034727795578,0.17645102145323494,0.22524057494923286,0.013730956079992635,0.03,0.12024383742693823,0.21013097549133253,0.18767543228988998,0.22619894138027652,0.010225582330071757,0.01,0.11205607905604659,0.18544909705294332,0.22957332651642334,0.01132042345726773,0.03,0.12335225298335929
74,0.23467037608512786,0.21339670064213812,0.25714088708500243,0.011935823182190716,0.01,0.13783021286299052,0.21228830951270128,0.25846735819105365,0.013346315428986658,0.03,0.1448756292036745,0.24013119163614416,0.21354973868087374,0.26389685539553753,0.013986405703806765,0.04,0.14234957294278622,0.21061587830739043,0.26631480836039667,0.01635938109568479,0.11,0.15260935326906389
73,0.21755670225540946,0.1869590929231253,0.24994464311580197,0.016848217588579226,0.03,0.1187293766797036,0.17727600974677116,0.26237545708290677,0.022682510037458106,0.05,0.13379005023735802,0.1914344657300484,0.1729505619667672,0.21344557355493027,0.01042628075437118,0.02,0.09676339358182373,0.1685108266737294,0.21725162350889118,0.013440322622929905,0.04,0.1109506516482816
76,0.19261467306071012,0.17630115996904766,0.20957950170978282,0.009101827969829284,0.01,0.10302062748662796,0.17456868453825541,0.20955969930933996,0.009223312347361198,0.02,0.10932957877936483,0.20956538513013712,0.19105218590450398,0.22681551801315475,0.009490093216494546,0.02,0.10726811614577071,0.19039265479512882,0.226574954945842,0.009316681197858131,0.04,0.11924405966205213
75,0.24898499210144465,0.22871037268342065,0.27238345552309495,0.011893068165929862,0.02,0.13341927134120196,0.22937719985845995,0.27471411487521447,0.01338788404858445,0.06,0.14485356180383938,0.2569914856552069,0.23290922987027513,0.28594281260073684,0.014211447509280233,0.01,0.14449238578001486,0.22613444891264134,0.2898975041639624,0.017189999694961055,0.04,0.16148105694824097
77,0.20072931599024546,0.18490138618334942,0.22087010148687822,0.010665881878209826,0.01,0.10033783123279601,0.17679703749943246,0.22674955033115615,0.01333406358474702,0.02,0.10953040873599566,0.19372742832227097,0.1723260897161903,0.2114179295774655,0.010222889631044622,0.02,0.0961041677534113,0.1674272780547439,0.2145271300164932,0.012326009787006029,0.02,0.10210551689437712
78,0.25495386275675447,0.2318812320128606,0.2807281125716953,0.012700163346805888,0.02,0.1487814451336684,0.22674401346680984,0.2871742618301895,0.015574755122179497,0.04,0.15812657561809834,0.24978001556101948,0.21205106483527425,0.2902310023104666,0.020769523424837403,0.02,0.13706890780588304,0.20844889629006086,0.2949611721308323,0.02278747863900643,0.04,0.14496255595548727
80,0.23418278271107962,0.2095733461663149,0.26198640917093696,0.014369077099382684,0.03,0.12375426952847096,0.20504463655265448,0.26809644064342714,0.01728266601220141,0.02,0.1385696499630535,0.22889173610772584,0.20534673076182214,0.2525342896652324,0.013179809961712625,0.02,0.1238555555796011,0.20067495078908792,0.25576983392099617,0.014999891921977078,0.03,0.13512816480298315
79,0.23803696949783326,0.22295624804246278,0.25411363159791,0.008348753304906927,0.01,0.14113422273725712,0.22145236971002802,0.25530846681810027,0.008896881285177245,0.03,0.1531927965533038,0.22119355142210306,0.1908916057203488,0.2492355825187159,0.01565977532251528,0.06,0.1325693690434607,0.18639427750302684,0.2524953991277802,0.018442029800483106,0.09,0.14473863888963467
81,0.2162340514407992,0.18980811162525288,0.24408705267650516,0.016120175865571594,0.02,0.11849433687227263,0.18183622844186415,0.2530138040687178,0.02272275590491999,0.01,0.12184103039237709,0.21614141926669195,0.20298932672941,0.2285181250389278,0.007391728381503344,0.01,0.11861563052322727,0.20084070079593505,0.22866778889760134,0.007862557831461087,0.02,0.12672436294577957
82,0.20601965499248998,0.18348086974036165,0.22747931386007805,0.012552174236492195,0.02,0.11285714475375964,0.18315704771408012,0.22871308058242312,0.01362488034159452,0.03,0.11901659067530637,0.23030119718337794,0.20523843375545991,0.2579332977735737,0.014401785773785777,0.01,0.12775118509147168,0.20096497530063284,0.2591345151997263,0.01493850677546484,0.01,0.1294304931486041
83,0.19980552913184635,0.1759331865638781,0.22251983361706135,0.012139976165669262,0.02,0.11172813742184769,0.17223281801897236,0.2249726146714876,0.013490116658954514,0.03,0.1155304864564327,0.20975171275114146,0.19006761777561376,0.23114308405728043,0.011301951396417832,0.03,0.12382561551939071,0.19069286412177874,0.23462971860018703,0.011875398387619151,0.06,0.1263866756421747
84,0.23464324044515283,0.20339187616348237,0.2675712654203185,0.01703572384747952,0.01,0.11920354430294626,0.19431230373859693,0.2759445431466158,0.020280677045313923,0.03,0.12960316736720273,0.22837338119401007,0.21014096315725092,0.2472904767626678,0.009974629205212691,0.04,0.13982117094389193,0.20932553142969784,0.24836830521924802,0.010798797829654386,0.05,0.14197069763461662
85,0.2223093219518244,0.1952643135580757,0.24677103034569808,0.014568230049040096,0.02,0.1095559329434997,0.19274359654857798,0.2500307415144691,0.016334700360786138,0.02,0.1171219048386748,0.2174440786733962,0.1971114277681072,0.23897547057063293,0.01086785434298775,0.02,0.12177426777282432,0.19489717816831145,0.23757667935387422,0.012167465418018629,0.04,0.12635789351206833
86,0.21252880808564623,0.19451692168271617,0.2320838257473302,0.010287263617666178,0.02,0.11732268540969576,0.19119772284681186,0.23619758027340473,0.012514958626883385,0.03,0.12282342093380559,0.20822703476852578,0.17487875095061658,0.23637871434684107,0.017070964497780526,0.01,0.12236383539086623,0.17131352207610823,0.23728659690512827,0.019055622782760025,0.02,0.13445739359150946
87,0.22339659626664865,0.20259754726847623,0.2411288550990483,0.010891211648088112,0.04,0.13736205259047665,0.2005493828424454,0.24435038834931225,0.012532366572952085,0.07,0.14827178740646926,0.22995471369272735,0.20479686165181848,0.24919554564152982,0.011385108464501602,0.01,0.12200692892104281,0.20404568826195119,0.25033244799320953,0.011978222924858499,0.04,0.13692738716944045
88,0.23823233479705852,0.21704676205854673,0.25906037639806084,0.011412404284427491,0.02,0.1276119425626354,0.2126492952309283,0.2619645556414022,0.013804374177582847,0.02,0.13214895451003084,0.21913312462220613,0.20890910175859326,0.23011988510291417,0.005853007441335073,0.01,0.1233987010564245,0.20352417073058954,0.23100874196857318,0.0068774119458008395,0.02,0.1339183624178142
89,0.2196844394407611,0.1840118295335748,0.2537138791908077,0.019644938120738104,0.01,0.1205881287372731,0.18016625913260698,0.2585796776466197,0.021962414149707826,0.04,0.13064750714753395,0.22235644712032254,0.17917808557846132,0.2617169607998819,0.019867277782568527,0.05,0.13133289074136564,0.17341514040869194,0.26700111977742835,0.021962177311069253,0.06,0.13627552175561566
90,0.24230933775146912,0.22749505353980376,0.25639893162260496,0.007791939656214227,0.03,0.13303546496210472,0.22253763000330606,0.25921216483142834,0.009445963286260241,0.04,0.13919477343753464,0.25378087169506625,0.22438117741588604,0.28123552017746334,0.014671902866238958,0.01,0.12273298708557441,0.22091884864194938,0.28521885830371807,0.01674806743306421,0.01,0.13475370198874081
91,0.2113474809124254,0.1979554933417594,0.2252027985456992,0.0077343161839756236,0.01,0.10870018868960321,0.19666833735990483,0.22757077274694998,0.009000767019594144,0.02,0.11399314467195013,0.20026954031003186,0.18187901434189097,0.21499644580449115,0.00992598461986695,0.02,0.11963255168547686,0.17929277596780188,0.21583545702679147,0.010774338083599904,0.04,0.11990472750194525
92,0.2011173222956959,0.1686480571909789,0.22692478689853815,0.01623489214564549,0.01,0.11299424313715928,0.16624499433304216,0.22887501307034358,0.01680700534810786,0.03,0.11662047263480128,0.203475646321567,0.17791903812906712,0.23349758537805543,0.014442159297581565,0.03,0.11724881612414326,0.17529457248942532,0.24017540756676817,0.0171799832377276,0.09,0.12649505541881587
93,0.2025453251274012,0.17899438686949273,0.23084460998434078,0.014183321841661668,0.01,0.10136722673077278,0.17718528910674128,0.23281347858967963,0.015513105877441478,0.01,0.10189395344074992,0.21122579271710507,0.18803859389987884,0.23045882258581699,0.01137218819868939,0.01,0.09847268571426288,0.18557450393068206,0.23235563592191313,0.012256711021193812,0.02,0.1010007690410742
94,0.2329617242128812,0.21612285637514547,0.25236161766690723,0.010777098972267014,0.02,0.12799170767972762,0.2139312769542242,0.25401576463386144,0.0115149718470421,0.02,0.13100700359935155,0.25229481830870615,0.23496492489055282,0.27106449811381844,0.010617428447373964,0.01,0.14480325768224286,0.23273008029432507,0.2715232799295498,0.010638046109416708,0.03,0.14679665770079564
96,0.21969932650053892,0.19950223167775802,0.23913833517561328,0.011499208004081385,0.02,0.11286431748887249,0.194382495316865,0.2451294143554744,0.015096457751284844,0.05,0.12554845393853112,0.19623568770079025,0.17706715128403996,0.2181591058925765,0.012204648746826098,0.01,0.11119894469638444,0.16978866811576748,0.225745788972749,0.018207730506204833,0.06,0.12198226254012638
95,0.24450567692816527,0.20999732931042264,0.28052812433810564,0.020410652169949695,0.02,0.13182297721387254,0.20629086757678156,0.2814227598743863,0.02172761285510277,0.02,0.14147490153094058,0.24448615209035207,0.21766622189748142,0.26658187586694637,0.012698852512253611,0.02,0.1368638097221977,0.21520210589354594,0.26695009121480506,0.01390949974130547,0.03,0.13899215693516107
97,0.23462714405213614,0.21083399302463746,0.25739925749733084,0.013017104743096163,0.03,0.14274488231160293,0.20248398650625538,0.2671632628911571,0.01871603851287494,0.08,0.1598954266108276,0.22531302727994085,0.206937231397836,0.2494554800808623,0.011285627836812404,0.02,0.12791163032790417,0.20369496929523795,0.25306161934437577,0.01295013600421414,0.06,0.14241449140138077
98,0.22306473584066566,0.20701628464155938,0.24639997946974126,0.009945241704071628,0.03,0.12380310918107565,0.20462082137899093,0.25111227866145747,0.01154595768327381,0.03,0.13354965511884376,0.2244723357808125,0.20204729725104972,0.2475077814492337,0.012542112195784886,0.01,0.1222390650658391,0.19730264608800058,0.2514847286813465,0.014676959018395124,0.02,0.13002015708662004
99,0.22530287320925524,0.20068970193182933,0.252249736908219,0.013325064797458092,0.03,0.13787074138890146,0.19846316026229682,0.2539283799917198,0.014108293485991512,0.05,0.14255844725525038,0.21856439174931452,0.19911238314526392,0.23510481277922035,0.010427095313130958,0.01,0.11269929159095195,0.1964188454344602,0.23835596895546599,0.011778723207450352,0.03,0.11802896662381059
100,0.2032384332304069,0.19322833616374546,0.21552148909897886,0.006491356087851704,0.03,0.11903082922685179,0.18714890450218102,0.22011667476016838,0.009290659937422866,0.05,0.1275916251756069,0.20958155378041177,0.19965828755024825,0.2239736842840573,0.006849128681404963,0.03,0.11707692868483119,0.197373895957361,0.22695906883594263,0.0087176495928278,0.03,0.12723649096238154
101,0.2252777798922958,0.21043005373492868,0.24297420415712243,0.008631990755368074,0.01,0.10235953765398358,0.20634965334426292,0.24866850952732178,0.011843916821870139,0.01,0.1074354598864582,0.22193618929668268,0.2071039567217245,0.23855452646688885,0.008499279324231728,0.04,0.13090433641469093,0.2027269495031831,0.2440643537728608,0.011798384467269139,0.04,0.13468159900607166
102,0.21811886110363155,0.19688740494383072,0.24100838197012892,0.012206668599177824,0.02,0.1211476748820547,0.19373952273868864,0.2451486942019765,0.015046012407498116,0.03,0.13089450503626132,0.22001110360299858,0.1928211333459213,0.24108600620855283,0.012260455629537257,0.02,0.11772575908217082,0.1880556806732402,0.24548223777724215,0.01405300607625858,0.04,0.12567038087611718
103,0.2001518150149444,0.1828073861427788,0.21600571222472645,0.008565516147776597,0.01,0.10149155072939883,0.18023059107993045,0.21852042186005644,0.009357733446785602,0.01,0.10750481448721155,0.18880895802423758,0.1792007768441485,0.19734392953863086,0.005614549460982557,0.02,0.10716194927314156,0.17685066732393628,0.20187974652279275,0.006673641804244436,0.04,0.12112877621699417
104,0.21811124813785376,0.19634696111129016,0.24428247771336048,0.012550323684700986,0.01,0.1333698126784963,0.19009673716251105,0.25181711649541627,0.0170522275215876,0.03,0.1426289261161931,0.22325242324384664,0.20792234871547496,0.23727378752626338,0.008249682101864272,0.02,0.12635004430663063,0.20407065992528592,0.241587294234164,0.00967694910362577,0.02,0.13587057825362248
105,0.2090765036801221,0.18503041521646113,0.24082513885764825,0.015360699807672192,0.03,0.1178033982160587,0.17749253599492146,0.24808913021429965,0.019689596109473934,0.12,0.13946804051269848,0.2217927212727835,0.21291914509488352,0.23104045914759172,0.004514452507271274,0.04,0.13487414282644675,0.20917652159572003,0.23434073439444963,0.007385443718607196,0.12,0.15012120707730509
106,0.20262470521071396,0.18837327249549282,0.21760279170192026,0.00817399370147163,0.02,0.10506993107500004,0.18593720032046898,0.22022684337330528,0.01020056104477609,0.03,0.1183095251757141,0.20244712858490033,0.18568871110555984,0.22178747359010703,0.009687548685029187,0.01,0.10622510206615762,0.18525926342260549,0.22379508319958114,0.010230671010901716,0.02,0.1197530704469184
107,0.2814987515922196,0.2546548476099093,0.30720199005672283,0.01457786716315208,0.02,0.15336977059549906,0.25236845189655943,0.3073558275142976,0.01567677226976176,0.06,0.162223906552064,0.2590613432145661,0.24032970404376852,0.2793779115949437,0.011855668310197059,0.02,0.15739492235209496,0.24034226295438116,0.2854467953337822,0.01353120091619985,0.04,0.16186714971688937
108,0.23331776688834793,0.20429358947832754,0.2618862518202434,0.015477922164486626,0.01,0.12550502780680667,0.20374091893588114,0.2606697764772947,0.015875645044710132,0.02,0.13927463751965152,0.2342246745629346,0.2101366289712,0.25360084205878286,0.012191152285939673,0.01,0.12567753200029563,0.20379534907112362,0.26024061116671005,0.016080469762648684,0.04,0.13712690663472482
109,0.23300863533918115,0.21295478810636548,0.25574051229838557,0.011123789168971693,0.02,0.1381641156991009,0.20960624673374845,0.2564900780845417,0.013012390368829082,0.02,0.1428004569149673,0.25211578814703994,0.23242477896372166,0.2695775975449777,0.010242435733110095,0.02,0.13637176110950291,0.23002207708542327,0.27236080672677765,0.011320631106012637,0.03,0.14799223658519428
110,0.2324255468117018,0.21136049577634214,0.2570830477045381,0.01343390625962589,0.01,0.11610518773479116,0.20757669601501283,0.2653950354503045,0.01643908821858213,0.05,0.12310706374631993,0.20902503023848595,0.18372632425196342,0.23582178676820065,0.014879972396625137,0.04,0.11503159874355175,0.17356000625901188,0.24602180842735755,0.020596661832215594,0.08,0.11995182761285872
111,0.23380282552833975,0.2167011097528479,0.24783460868588453,0.0082110766639219,0.01,0.12309863405705493,0.21831616668297277,0.24799126518130202,0.008342204904189878,0.02,0.13736362926679924,0.2168058221692597,0.20209518338212984,0.22714817042659946,0.006873326685180674,0.01,0.10766758585081286,0.19855790210710408,0.23062307638990567,0.00878069923353626,0.02,0.1154967678146834
112,0.22081120843801294,0.1947803712631091,0.24951206914846463,0.01571775720734197,0.04,0.13511454073308107,0.18365688393931612,0.26029086350458197,0.022810647618016162,0.07,0.1410250015163449,0.24040894942436353,0.21458143208825786,0.2674033539433744,0.0154953539583266,0.03,0.12747399384056876,0.20877306703863996,0.27286395436789457,0.019105634572901688,0.03,0.13380548863219477
113,0.24491453401349617,0.2182039809199402,0.27096408736130445,0.015129769863393042,0.02,0.1471289840175065,0.20663874749000072,0.27948664901924014,0.019729903255791152,0.03,0.15206255279277392,0.25374274472501224,0.22189675764360228,0.2849219453355799,0.017621065941083095,0.01,0.15012055268291338,0.21558472797058942,0.28992422107815186,0.020047379452212223,0.04,0.15742435292108928
114,0.2249104277761056,0.2041621225364324,0.24612352351424086,0.011851771377665325,0.03,0.13432711958231175,0.203673898206443,0.2461518185733062,0.012337319144647333,0.04,0.14191489675511426,0.2285218581295343,0.21516265310268742,0.24014217339919508,0.0070438616809385835,0.04,0.12717261994596532,0.21562482085935858,0.2409530899283289,0.007186738768825991,0.07,0.13971500930035569
115,0.20450051109074963,0.1827521570285108,0.2299582505561498,0.012279505487158554,0.02,0.11732412006222133,0.17780106645274205,0.23278643646755776,0.015551537271867519,0.03,0.12377054682208187,0.22755461076587657,0.19657436186205235,0.2526807568194619,0.015331721014110924,0.01,0.1171337766397049,0.19094145629689308,0.2556796866110348,0.019516251914561876,0.01,0.12881934655811123
116,0.2309665837943804,0.19366504427415027,0.27250022025654114,0.02088684265589872,0.02,0.10925025814050891,0.18224742151835382,0.284948118549259,0.02699498741900529,0.02,0.11744046738139524,0.22469669524876412,0.19291331950258062,0.2582454833425637,0.018202986094887127,0.01,0.102129914470307,0.189332210850091,0.2682602174187717,0.022383290754980786,0.02,0.10969581693436514
117,0.2083022316969716,0.17331930944137675,0.23627214837784694,0.01667339976264288,0.02,0.11944978470938476,0.16998361688344985,0.24474090025157738,0.020208635374543035,0.02,0.11724962499182008,0.22242672838754274,0.20909659725111568,0.23517836533507547,0.007267195519124525,0.02,0.12962166685335655,0.2056903859102029,0.24056746208267624,0.0100517672866934,0.03,0.1318671090385616
118,0.25426380454249387,0.23699060677727257,0.27616136926529167,0.010134484144042527,0.02,0.1374188650880269,0.23738376898964064,0.27482374297181533,0.01011557942973163,0.03,0.14547766460174594,0.2591476549813967,0.23665913096534247,0.28783651063118226,0.013908055221893301,0.02,0.14694979132474195,0.23594194874542962,0.28783188978935104,0.014263507141302732,0.04,0.1534981125288778
119,0.2059228702614293,0.1868111466495563,0.22429274392731685,0.010630445011995355,0.02,0.10630512154676117,0.18316950179778263,0.22708183099621002,0.012134870514598167,0.02,0.10979072145529271,0.1853082542012805,0.15872265698818355,0.21338759728516496,0.015111167879540633,0.01,0.09448397900827235,0.15668942015301401,0.21703440707783747,0.016301607085322013,0.01,0.09684414244738275
120,0.239745022213806,0.2289333945342391,0.25188061539915585,0.006736034625838647,0.03,0.15839170376544678,0.22801433397898896,0.2529920737385077,0.007203988693026346,0.05,0.1649916272866812,0.24515369172166857,0.22681337710866367,0.26307915780046875,0.009224826187369355,0.01,0.14443473525637418,0.22567213222506072,0.2648101326818856,0.009734135891410055,0.04,0.15432515726446794
121,0.22726527551459785,0.20977237960071676,0.24350470464334856,0.00967207752072814,0.02,0.13267386223258296,0.20670123214202524,0.2462417989910763,0.011323313221813848,0.05,0.14528372151684132,0.21879392035755885,0.20450040368187825,0.2360876189571735,0.007954623503290384,0.02,0.12362277735474302,0.2053981262524808,0.23821570300150566,0.008673798118163906,0.03,0.13258984040000307
123,0.24033304299713443,0.21044907175898175,0.2671501908610111,0.014203807455376475,0.05,0.13849714522393236,0.2072735299357481,0.2675318791519223,0.015373105791490416,0.05,0.1459049960352184,0.21922074364687472,0.19623541103348524,0.24090073788259855,0.012600913860184412,0.02,0.1240486556400438,0.19631708082308139,0.24339309244802484,0.013680969200436016,0.04,0.13192866296052622
122,0.2227802478885046,0.19478332847368363,0.24996966216271396,0.015285238528439594,0.02,0.10933726651289023,0.1907517611067004,0.25280801522122776,0.0177848372870469,0.02,0.11343319808560123,0.2056824564673514,0.18120656208069524,0.22835702686242748,0.013143117116207487,0.03,0.11280028909877532,0.17362781441987282,0.2335087587603545,0.017118430495965044,0.06,0.1222880291719607
124,0.23233951724450375,0.21599958008209483,0.24632045687940476,0.008310140938386607,0.01,0.13832709675304808,0.2131175509321312,0.2511699323976963,0.009948033561024692,0.04,0.14940588162215934,0.21768424858609414,0.20810062823419212,0.22755377895708206,0.005240413424707888,0.01,0.1126136103971771,0.20247600476876976,0.23251762501189846,0.008765312649055782,0.01,0.12095426928066821
125,0.25371324121880434,0.24378579948064777,0.26302842357831396,0.005102797217151905,0.04,0.15781263225930212,0.24200590572402775,0.2653756261131457,0.006037401407422219,0.06,0.17301047157787733,0.24038819164585323,0.22475822956396813,0.25780715131104986,0.009349348864039635,0.01,0.13910118035742602,0.22296720841827217,0.25865196951549735,0.010270551887947238,0.06,0.15543286560089736
126,0.21678137780167006,0.1950036796726023,0.23818816938510431,0.011406243063652871,0.02,0.12171500258946119,0.19538298183563466,0.23993013669139143,0.013629163845218256,0.04,0.12787546883152215,0.2169030100852236,0.19611139202630015,0.24322393401552003,0.013621532498052235,0.03,0.12286705088551997,0.18834621734545412,0.25115756105641684,0.018781016217871496,0.05,0.12593964500131372
127,0.22040197155511798,0.20423935625602688,0.23591162001732946,0.008398559335748611,0.01,0.11459970960837351,0.20095101600823165,0.2384311406351395,0.00969195261675621,0.01,0.12336717226565268,0.21558980882970946,0.19843219551909316,0.23529783689949388,0.010215578796851702,0.03,0.11406821633844832,0.19474159713736752,0.24035306483957655,0.012110030169144035,0.03,0.11992828842525126
128,0.2488740616031171,0.22779006337694513,0.2698485624115709,0.0126210098871088,0.02,0.14156289774954786,0.2205834568522519,0.27521975757436884,0.01592923072863941,0.02,0.15116067035354858,0.24888706374008862,0.228229970056269,0.270351746084741,0.012442799756243093,0.02,0.15025194967293223,0.22184201222695776,0.2753104369930985,0.015464683967613448,0.03,0.15617275808086917
129,0.24315612516815932,0.21119844018837725,0.2818335858766712,0.01984344101825893,0.01,0.13228196422735627,0.20550671120868286,0.2864379743427471,0.022821729606510133,0.05,0.1463527753510505,0.24698939667351016,0.22785712624571292,0.2673647870635247,0.011670429182617419,0.02,0.14398555262651383,0.22482657139248186,0.26979108315081624,0.013348124327512218,0.05,0.15649178030620062
131,0.22242010084039077,0.20280680891149813,0.2440122111893158,0.012107607527346178,0.03,0.13631284229736526,0.1999974383134259,0.24744976128410262,0.013281217979805358,0.09,0.1486253568999695,0.22490127730841625,0.19183818291763144,0.2570781812963904,0.017268659280106635,0.01,0.12771488366315592,0.1887323775772577,0.26043177872602213,0.018761964462998132,0.05,0.1414723929740016
130,0.19640863953965315,0.16235627842249006,0.2294962624447047,0.01937060271149791,0.01,0.09469104226191058,0.16087255589988614,0.23328050771178965,0.020406501455828948,0.02,0.09883620966053927,0.23254231569754147,0.210694386588893,0.25455360823141365,0.011974728924943041,0.03,0.132869132999657,0.20840746824713602,0.25652286077604514,0.01328584907502887,0.03,0.14125730155474486
132,0.24129933468773057,0.22036270856069506,0.26648561302682927,0.012117724106446945,0.01,0.1340737061635552,0.21781445951774814,0.2668325896527274,0.012852457054014922,0.04,0.14329825041452843,0.2524962834748683,0.23478127891128725,0.26754590705247827,0.008105120187335066,0.01,0.1267304897456754,0.23453243923854122,0.26922312233930124,0.009476311611164407,0.02,0.13559839709602856
133,0.22082188812874737,0.2032338216354304,0.23588009536424978,0.009482477932654658,0.01,0.10165028502197976,0.1987844221686347,0.238182079461089,0.011348504387341809,0.01,0.10618432058657841,0.23182773504791854,0.21520753593943587,0.2476290604395736,0.009234305242286222,0.02,0.12500506861072988,0.2106025620120623,0.252113704734927,0.011142553717976292,0.04,0.13100842115462508
135,0.17963194569903695,0.1589967678763244,0.1975489607112432,0.00987104329481443,0.02,0.09560829202186956,0.15287748584054758,0.20258065735466477,0.011951738030125857,0.05,0.10334473440083845,0.19398469592742185,0.17388310957095024,0.2116199386392686,0.011029315428716867,0.01,0.10554561459443063,0.16881069073349578,0.21510963717400125,0.013092747501758779,0.04,0.11657771857690559
134,0.2160046440117318,0.2014069775054393,0.22894235231324758,0.007083442113588031,0.02,0.12139106751933022,0.19961990149424194,0.23144781441738851,0.00852615763326772,0.04,0.1283739390951975,0.21389883891071282,0.18414487925832487,0.2447686406459691,0.015842383731265564,0.03,0.10790022936182313,0.17968479667210135,0.2500325267861938,0.01839882069813601,0.04,0.11438367226475712
136,0.22550419808886346,0.19169748607526754,0.2603535765320273,0.021752000456135612,0.02,0.1137364027230523,0.17862048337769054,0.27349344257099106,0.031101104194638688,0.06,0.12318162742532127,0.20228380437763338,0.1689086848523821,0.23767810715217377,0.019673099499880248,0.01,0.11135803777443037,0.1566377222535653,0.24608721359772662,0.02775021554870712,0.05,0.1228086591042502
137,0.22002971735388854,0.1937784218442476,0.24711024726244238,0.014653767291629885,0.02,0.10601631077283084,0.18760100402200164,0.2484410854331504,0.017379675006367414,0.05,0.11809455661581238,0.21972880112713522,0.1977928669027674,0.23710552005967953,0.010820393313926372,0.01,0.10786077041370992,0.1946313937195519,0.23785811399371587,0.012100086614027856,0.03,0.11664575517109241
139,0.2093163097569466,0.1845392155158214,0.2370197990550497,0.014493122641900091,0.03,0.11947121946851907,0.17765168862402878,0.24854649872541743,0.01869241327084962,0.02,0.12085741262556948,0.23721581399678904,0.22203833167535914,0.2522566489559102,0.00851486172293242,0.01,0.11371073371002105,0.21679940678670345,0.2570402720477043,0.01296951536084038,0.01,0.125080235424781
138,0.22782542597921385,0.21409152754466287,0.24030399548584244,0.007740660335670947,0.01,0.12286950123225006,0.20774635845703476,0.24480597022276837,0.010024634682215818,0.04,0.13547416287092365,0.21284758119404046,0.18776037707404716,0.23873862703343254,0.014091142310378467,0.01,0.1218044567995993,0.18133555425305592,0.24455118024064973,0.01799480488458879,0.02,0.12837035911771216
140,0.2181753696350759,0.1971800822875105,0.2421707327374186,0.012975927569736591,0.01,0.10861737751681483,0.19355088797585346,0.243579599040054,0.014946739701360982,0.01,0.11593082507594646,0.2242104612945326,0.1956754850005657,0.24955586312797556,0.014334055044514186,0.04,0.11571853445484077,0.19326410556847423,0.25181523975447384,0.015992709723510367,0.05,0.12344361014699266
141,0.2202774670246601,0.20638377464627214,0.23852215821653688,0.008058604405382665,0.03,0.1387397391966996,0.20459473251100793,0.23971641497387722,0.008708061461074224,0.09,0.1444472773888887,0.24935633922094702,0.23221961739768032,0.2646790329239244,0.009601490897425546,0.02,0.14281467985254429,0.22970643596216594,0.26640103214755007,0.010480873641698023,0.06,0.15165916162403803
142,0.22768065218082967,0.21027912875521224,0.24886984132509796,0.01025027663984821,0.02,0.1376701479870108,0.20551658303005974,0.2532112719709438,0.012446880261197803,0.06,0.14180492710512324,0.19818077449090055,0.1772938291326195,0.2171905452343219,0.011222174459188924,0.01,0.11294710201566079,0.17207590138570225,0.22276680770825127,0.013539784091489381,0.02,0.1179769962667631
143,0.22287274032971816,0.19823098425051128,0.24886757384242664,0.013372735593532081,0.01,0.104054673306669,0.19107999165968986,0.2584321453040995,0.018053824660971263,0.02,0.10883756682260654,0.2277456280178436,0.1938710314748805,0.25959756184627364,0.01871694291878268,0.01,0.12024426785672733,0.18604538084919986,0.2704437770078928,0.023714372875555598,0.01,0.11002294734311836
145,0.19936433286496325,0.1636038173853526,0.23189751936321104,0.019151068013133255,0.03,0.10678076182280603,0.149458383283344,0.24168652932524104,0.02608678896562136,0.07,0.11419264976523179,0.20867861724818315,0.16869619940506464,0.24524858063056512,0.022976013104660954,0.03,0.1122793374978039,0.15572170037362765,0.2561145539160593,0.031258483143319526,0.09,0.12157228526436208
144,0.2369262114343753,0.20775561137438353,0.26242278481986964,0.014527206595731201,0.02,0.13301957631995068,0.20156189111486666,0.2681291902671205,0.019576619028506513,0.04,0.1426775838326203,0.2344152589473909,0.20799062037588012,0.2577071427419093,0.013612101992944221,0.03,0.1381274593077054,0.20301379323145013,0.2629167144645712,0.017334810698700277,0.06,0.15162260123140128
146,0.20529743833381175,0.18694616736220895,0.22451011986449432,0.010666878688368641,0.04,0.13050078141548183,0.1836749473621059,0.22709290177015937,0.012040725980798772,0.06,0.13943449885229484,0.2188656045129047,0.1903835909508141,0.2424877636226846,0.014941249481377978,0.03,0.1315179693705209,0.18249347977860952,0.25261778079663755,0.020596395002066614,0.1,0.1435299211840921
147,0.241973123299843,0.21384388290844053,0.2723470437558714,0.016997638241835363,0.01,0.1160013956286029,0.20164534539698564,0.28315159080374386,0.023609608543451368,0.01,0.1317460482841525,0.19790954501478808,0.16514867374789524,0.23134715428007652,0.020970918552159833,0.03,0.11401533173947233,0.15214982671251853,0.24697741563297207,0.03255699477934671,0.09,0.1259871441459035
149,0.23139887327633346,0.21415089912748017,0.24773605603130947,0.008865690270382538,0.02,0.13457551937572648,0.21193366651296153,0.2494191934257411,0.010366752990770741,0.05,0.1466095370703406,0.22652198269813262,0.21088210842451358,0.24398834870817157,0.008586710373935273,0.01,0.13086675723539437,0.20944363113007733,0.24593651732091426,0.009487001783454336,0.04,0.14134806432264524
148,0.24376509421188874,0.2196753865349546,0.2709804808850435,0.013229628739672945,0.02,0.13036614037572766,0.21720035601723697,0.274976018723854,0.014437457591133024,0.04,0.13669462093244572,0.25562417729499565,0.22560255056953882,0.28296647151372967,0.015391326682408482,0.02,0.13231269072568377,0.22456682562108787,0.2830694787856012,0.015755354164949144,0.02,0.1499129255403742
150,0.21221875931428524,0.1838307914110326,0.24021715718216843,0.014017912716766974,0.01,0.11741851674812953,0.17801128928049928,0.2463800219155925,0.01800890699399643,0.02,0.12222060470718897,0.21788122870569016,0.18671677268531414,0.2532448233406125,0.018078475426781086,0.02,0.12266494071978082,0.1748966816421741,0.26481095983743597,0.024448069994525087,0.03,0.1330400123270342
151,0.21797806700906808,0.18888119042543,0.2481021737360627,0.016197622462981436,0.01,0.11161935902433345,0.183112815211742,0.25751138317618916,0.019808942025075126,0.02,0.12808318948857209,0.2183547666073773,0.18090331054079467,0.2584705118709977,0.021898522471298275,0.03,0.11640210752601513,0.17438334015600798,0.2671342280102511,0.025275911954219247,0.04,0.13202712258291993
152,0.2318096623129291,0.22092372997748205,0.242412460589773,0.006266433770141512,0.01,0.12802258447181222,0.21956784412561317,0.24473460252004756,0.007477592220350956,0.02,0.13443175710015884,0.23874854303179838,0.21777420319545493,0.26670751013198557,0.013619978189391334,0.02,0.13388001927657972,0.21208625924012336,0.2719912022275953,0.016275687603625355,0.02,0.13706142696118787
153,0.1990456088726411,0.17934961026179183,0.2256344220034808,0.01295860414039637,0.03,0.1104768018604359,0.17638417223758682,0.22701468405866604,0.014015171399357696,0.05,0.12116785364354121,0.19130669204879514,0.15830800351463128,0.22503152458757084,0.019584832133119557,0.02,0.10684236272544426,0.15324430145729345,0.23112812092615584,0.021790018693429097,0.03,0.11805416600309017
154,0.2072749258515989,0.19459445858447919,0.21641486830046514,0.005461596184134672,0.01,0.10750937904644116,0.19519347321002534,0.21753133386940554,0.006154194889831934,0.05,0.11988250647884223,0.20593422045141363,0.19367925583535964,0.21884166940228367,0.0071144067160321045,0.02,0.10927875945000624,0.19407530056503752,0.21873756409209158,0.007071813679056238,0.06,0.11821632003730788
155,0.21914181236027375,0.1971225133206335,0.23715238139991643,0.010185141475558414,0.02,0.12330354183967095,0.19416682435294658,0.2411071809319738,0.012458600327388634,0.03,0.13200055701987284,0.21957385641827365,0.20552051143829364,0.2308028802249044,0.006688424769146793,0.02,0.11171896246559546,0.2035814182184008,0.23254085689571097,0.0075501402636266495,0.02,0.10758788043962005
157,0.18448339086588383,0.1622208712171172,0.2048741821701082,0.012012052749111185,0.01,0.09723487347382999,0.16211279117790706,0.20916033168336887,0.0137983633577865,0.01,0.09970731952327141,0.20619148684567268,0.18531564382919924,0.22899536486685634,0.011903487827148916,0.02,0.09304414525062862,0.18127162249749726,0.2303934693192144,0.01328768977053133,0.02,0.09936025954878794
156,0.20844450427410965,0.18224571806037534,0.2320234201956224,0.012140018466351125,0.01,0.10304236905851544,0.1733304242694177,0.23790643609992723,0.015797687159846127,0.03,0.10719606339333017,0.21404889329813237,0.19286328580348142,0.2372017794528501,0.011655695753207103,0.01,0.11130350810575126,0.1868978491763619,0.24481435237463497,0.01649651491143091,0.03,0.12868347232154145
158,0.1966021879287112,0.18506830463656893,0.21069868154416538,0.006609263034686065,0.03,0.11773694659651929,0.1852852653074212,0.2092641717382575,0.006760333588552231,0.04,0.12669114483308078,0.22010007441138502,0.20327454176497511,0.24074874875613322,0.010013162781750302,0.03,0.10591687293282988,0.19911727379063607,0.24363093680311926,0.011788481221316711,0.04,0.11192425075760029
159,0.2087825348853798,0.19226776649485994,0.22389749012491503,0.008496691297897969,0.02,0.1102497571855602,0.18933870016632454,0.22478587105827166,0.009493617588353336,0.03,0.11749049849187333,0.21654149472295714,0.20214834104044255,0.23400936302823183,0.008500753730832906,0.01,0.12326463532011393,0.19803253270925633,0.23438480980686563,0.00997731765609883,0.02,0.13199102320106704
160,0.23232295488325594,0.22450420430895113,0.24277200826858852,0.004930254854614162,0.03,0.1428196023502481,0.21924253495527832,0.2476104000469807,0.00788811051598446,0.05,0.15047599778383097,0.23236515534629998,0.21768090626415745,0.25072635245929586,0.008975846332171026,0.02,0.13996381962767673,0.20951772568036248,0.2588878800678848,0.014741773393281784,0.03,0.1479392447571262
161,0.1985810059354307,0.17827802455131278,0.22043408660271835,0.011626152478766081,0.02,0.0982630909613392,0.1747031251683758,0.22375582034074232,0.013168624270482958,0.01,0.10936934385442304,0.19024867578688642,0.1725135482364295,0.20684855085698897,0.009471599314100479,0.01,0.09273876987674466,0.17230638979647034,0.2070988116993981,0.009740960978838767,0.01,0.09780373807449062
162,0.20297927810456962,0.17668964589212816,0.2288593442000532,0.013902077372262657,0.04,0.12362694834499202,0.17146326976685097,0.23357965093525973,0.016410960380264256,0.08,0.13718704467917878,0.22057477649905444,0.20340411191009586,0.2394248430039727,0.011687211921411938,0.02,0.12732925653534707,0.20257336688306338,0.24113620442849043,0.011789596228646235,0.07,0.1386908617622213
163,0.2383203892669794,0.21283841110812612,0.26800812259216217,0.01529525201226709,0.02,0.12916347745210555,0.2097425723748872,0.27041702544861324,0.01717645293965847,0.02,0.14835522487983768,0.25776611033523533,0.22096665444209312,0.2898915537442615,0.018464243509110908,0.01,0.12143709063510122,0.21780670154792037,0.2947370487914798,0.021027819179512307,0.02,0.1480079944728239
164,0.22542612191115818,0.202145295875025,0.2490230323791894,0.013016083009353502,0.02,0.12707886712310185,0.19206676529744637,0.2580714607710762,0.018684112475956655,0.06,0.13917515529190363,0.21574196953819325,0.19055403530133605,0.24617339856256798,0.015021455393461596,0.01,0.10252225344087774,0.18890776126882916,0.24822130072333903,0.015866897004456273,0.01,0.11240468008693891
165,0.22123794818153453,0.19814596367119175,0.23859475608614136,0.011135118886015687,0.03,0.1358276373851642,0.19496629366081666,0.2407743373963324,0.012675443341764419,0.1,0.14684449703937077,0.21857666366281148,0.20634859145915624,0.23331559713614608,0.0073222116501584795,0.01,0.1170583216641959,0.20481966585054218,0.23561659080861513,0.00831792793856202,0.02,0.12895522070141918
166,0.2438165085741959,0.229577530626485,0.25690795629095636,0.007896399198593888,0.02,0.13534907030865978,0.2288506816945159,0.2592037405267771,0.008572332677374363,0.05,0.14618110961549682,0.24415486871995373,0.22871520021795794,0.2591757579783065,0.008109109273169872,0.03,0.14598560508078146,0.22706806437243648,0.26115560745743205,0.00868848307430869,0.06,0.15367289062458628
167,0.2278380740328485,0.21456081707787292,0.24021384033851567,0.007275382331692548,0.01,0.11579402979709517,0.2129754762203712,0.2416374905677197,0.008087977596271967,0.01,0.1218243908212272,0.22190697339851084,0.19984113954238905,0.24990057381744069,0.011867445383157647,0.01,0.12421284709227269,0.2007774668568926,0.24891555229043272,0.01183937723672384,0.02,0.13336094104827542
169,0.22554410934786517,0.19780426926026295,0.24934986956431143,0.015114347759031461,0.05,0.1356901587940477,0.19007505647268802,0.25758360890606624,0.019395065613598692,0.07,0.14405785663470588,0.22516768588521519,0.2054330289192138,0.24050599038364254,0.010339915234200445,0.01,0.12341064226208164,0.20084169520012787,0.24628585714473972,0.013620946372484014,0.01,0.1290960766957019
168,0.2191867460314585,0.1938218454927263,0.2447486617830425,0.013934759751197512,0.01,0.12120842059539567,0.18880027037582964,0.24976158558298406,0.016646928493902084,0.03,0.12937913963416336,0.241937616469448,0.21164919990863995,0.2711167402916197,0.01717140355618786,0.03,0.12303049050073722,0.20221375066549369,0.28448343118575536,0.024817800578178457,0.03,0.13330227454411267
170,0.20932136408898128,0.1947170205915721,0.2249777373982736,0.008545118518614345,0.01,0.1269938636947387,0.1919503947667433,0.22489409757634937,0.009077945796616737,0.05,0.13610933356702118,0.22289305858809083,0.20622950752756058,0.23980651076505613,0.008426793627916465,0.02,0.131147381904707,0.20219274322461342,0.2412204262684987,0.009758395636137602,0.09,0.13987471280440716
171,0.22344952164155707,0.2050489364217391,0.24793958220186832,0.012393937911218447,0.01,0.12433708506155426,0.20212692655718054,0.24788425264555367,0.013185583102454454,0.03,0.1341982454645088,0.20798523659444257,0.17762301221930232,0.22774538728800503,0.013152057113701082,0.02,0.11634444097005141,0.1730307713110044,0.23393745990940093,0.01566797612993153,0.06,0.1249331532276764
172,0.24676786640611503,0.22216656294703474,0.2693007204633876,0.01320440640128182,0.01,0.13622176290825128,0.2216842552761752,0.27086842811968626,0.014273848409258726,0.04,0.14380753611366137,0.2312761004901871,0.21484737043534913,0.24675996217935153,0.008329333291674405,0.02,0.11604863760965396,0.21328984195241868,0.24793547616989464,0.008901364225824259,0.06,0.12792118953687937
173,0.2286333253586994,0.2147594355992292,0.24080273293226803,0.006926038371970691,0.03,0.1246427681679144,0.21396836687732237,0.24037376979073305,0.006861054897912694,0.03,0.13050330890944956,0.2358547169699463,0.22219725465329968,0.24938654753975956,0.008568201248234772,0.02,0.13486688300751057,0.2217893474791889,0.2520857576454344,0.009174049083425362,0.02,0.14047354970047807
174,0.22342063854450966,0.15800949159090366,0.2802084102259297,0.03375447424100392,0.01,0.10337256627517846,0.1464821807825269,0.2969281723414482,0.04316766895324985,0.01,0.10720171366846247,0.2560567711985966,0.18904728144768268,0.3099644838665385,0.03291426989808514,0.01,0.12886539094682084,0.1699737797809649,0.333602660547551,0.04294748015306093,0.01,0.13544151652943423
175,0.23223094428817248,0.22035997584035077,0.24555728089766743,0.006906878801888728,0.03,0.13107101920812061,0.21974231676799333,0.2455278342784281,0.007209991873392127,0.05,0.14194547763814902,0.23868755966045985,0.2208425860437485,0.25261480547149406,0.008522726352457311,0.03,0.12928639195961833,0.22257501925638862,0.25434197547256343,0.007943697593417166,0.05,0.13911562530561525
176,0.18499461453339539,0.15231899887203718,0.2189783243937688,0.018228898461658743,0.01,0.08419866070616862,0.14122403588960272,0.22787225689019414,0.025213577392888854,0.1,0.10855561839794177,0.1843336244728988,0.1645965639035104,0.2124070483261257,0.01293070757170255,0.02,0.0984227155744802,0.1545352840845461,0.2227446550377175,0.018360326942008166,0.07,0.11451543528733041
177,0.17919110461364607,0.15622628444982248,0.19605448905224013,0.010949715974205217,0.01,0.09530372701201918,0.15291686282574682,0.19999686747663414,0.012511445635981309,0.02,0.1122495813407349,0.19679275940826724,0.1785145843002108,0.2180249042508733,0.01073882985219243,0.01,0.10437139547958912,0.17496994263354612,0.2199889433606445,0.011599344892818365,0.02,0.12457118445499996
179,0.2070310567506768,0.17790115688153124,0.23460434745239947,0.015137910586461063,0.02,0.1064318743857056,0.17399580880637747,0.2386934431846392,0.016943062040470018,0.03,0.11712659471053222,0.22585746652117855,0.20339308652247728,0.2439926107783609,0.011650931715363706,0.01,0.1237428675633375,0.19894219195543067,0.24692663276376764,0.013394103263074967,0.04,0.13446014824814803
178,0.2176811710102644,0.19271323527167716,0.24348210570290588,0.012853268071702421,0.02,0.11911415771812055,0.18673087372513125,0.2496449978919167,0.017505246312126268,0.02,0.12188134374482294,0.2096366903777227,0.19149377226535289,0.22633829884907844,0.007956969734788448,0.01,0.11610412370002784,0.18966696079950834,0.2283545878147574,0.009069116291217176,0.04,0.12158167011157278
181,0.2268543229997766,0.21258463109813466,0.23914624018935687,0.006879518514795273,0.03,0.12670143395614475,0.20706572561347536,0.24308928618102413,0.009380429737697472,0.05,0.13584489990000276,0.20651580617241994,0.18257072029835397,0.2298021127030999,0.014008085501156222,0.01,0.10970682002090465,0.17646912487683014,0.2344796926705107,0.015865262673171194,0.02,0.10930393455811134
180,0.23462642717736504,0.22562867628005084,0.24694210959916543,0.005421776904975824,0.03,0.12842296286481453,0.225811073130518,0.24699875383300868,0.005561186022948077,0.06,0.14362195061745883,0.21153793932889187,0.19530829741271735,0.22757675453881737,0.008688880868894968,0.01,0.11320611896711376,0.1918745118104794,0.2289622166131155,0.010008035635051172,0.04,0.1197476896256112
182,0.2029162719958153,0.1733663668718668,0.2313169375700986,0.016624121754870352,0.03,0.1145091894502896,0.16932440873291546,0.23546194551689056,0.018727317548049602,0.06,0.12151896201987986,0.1959162454489327,0.16625774286959405,0.21928787130886668,0.014573369435642792,0.01,0.09231235226282987,0.1649723506406008,0.22036440042894406,0.015589112915227764,0.01,0.10569939606803665
183,0.2513476694908041,0.23178930005936782,0.27485907183672886,0.010926520104786449,0.01,0.13574882132761742,0.22566426931328104,0.28678275487316945,0.01622424110457153,0.06,0.15286833839969374,0.25496202980210914,0.2277184116104794,0.2813652436373106,0.014867639423580192,0.01,0.14044833471976867,0.2208959135315658,0.2893853953871374,0.01850512741492382,0.04,0.15760851793279174
184,0.20944573387269116,0.1935919347127582,0.23161955691308894,0.009880005164482763,0.02,0.11235792009958831,0.18833016389328155,0.23563376650255044,0.011990285126996847,0.04,0.12219478719758267,0.20545542183750154,0.193814568577471,0.21713051522527865,0.006454421726320464,0.01,0.11468125368848002,0.18884004786826747,0.22255636020276187,0.009493520313410985,0.03,0.11968527107468965
185,0.2273976581407684,0.2051777254422913,0.24966136444838907,0.012512362476030237,0.01,0.11545158918605629,0.2028491697259479,0.2532137446265989,0.014019108493431872,0.03,0.11967517726435725,0.21251443332814013,0.19914028624449687,0.2229873890019482,0.005863962984985327,0.02,0.11990167579364935,0.19478044386929372,0.22603087828473706,0.008087693776839135,0.04,0.12278100069243145
187,0.19985931273591895,0.1630139508033595,0.22988797644445222,0.018779138033679393,0.02,0.10734713423933147,0.15934717745129445,0.23263591477752107,0.020841963257279016,0.04,0.11605832604774786,0.19855568981424376,0.18308447584299753,0.21119812234304097,0.008210712616390645,0.03,0.10516865788001403,0.1797396981768442,0.21464356470606089,0.010344417001745753,0.07,0.10896252168908568
186,0.25412063429408427,0.23620282697185596,0.26758820917654613,0.008741293790413798,0.01,0.1449466438712992,0.23576337764859934,0.26924327306053136,0.008521859344830183,0.05,0.15498778480856296,0.2476924409428598,0.2255238794857254,0.2685994612230419,0.013307007766039424,0.03,0.13895700969106775,0.22346005593244433,0.27142216903818867,0.015203363623679333,0.03,0.14362164242098382
188,0.2334599150361747,0.21747352938500045,0.25340268724855675,0.010230978333737909,0.03,0.14555049604023113,0.21553026414416476,0.2558552908295612,0.011842062185494811,0.06,0.15748176645291279,0.2483949280315656,0.23160447829979308,0.2643570245079258,0.009915468773687578,0.01,0.13503102304908754,0.2239512501317501,0.2697739660340087,0.013026823684720313,0.01,0.14397968220786833
189,0.24380449143322291,0.21865332436532686,0.26378565490172423,0.011191331317579814,0.02,0.12295326107274843,0.2163287205631802,0.2651819773856096,0.012220788877392768,0.03,0.13240743505606184,0.23023326702884006,0.21703775535956824,0.24204870321418337,0.006027671098683609,0.03,0.13791771493675783,0.21531193719770345,0.24308962645785198,0.007050907925747319,0.03,0.14397265069814422
190,0.20418510557026526,0.18138668521138587,0.22755872119905085,0.01130260974584235,0.01,0.11293002063782254,0.1710397641382193,0.23618025912303858,0.016202629754304067,0.03,0.11621907956576348,0.20164093710814868,0.17424306804870143,0.23462193728103647,0.01738443007898135,0.03,0.11840455850804574,0.17024197419914291,0.2393565151753104,0.01899560401288994,0.05,0.12288367129501923
191,0.23023335335745543,0.20099763900580764,0.2554642762918142,0.015591252226420656,0.01,0.12411476359120523,0.1988100794660434,0.25918802938757035,0.017279362427747854,0.04,0.12857475731001902,0.2305903019277542,0.19826414072594628,0.26703251159704866,0.021054610194451637,0.03,0.12299969138174077,0.19277812718223442,0.2745711756608732,0.023911560634149308,0.07,0.13148379766795798
192,0.1908340652838536,0.17401142834612499,0.20826925673936456,0.008810930668276958,0.01,0.10439489221967203,0.16685698797117118,0.2134841195384259,0.013111424508632504,0.02,0.10958076859266809,0.19838000903559294,0.17759327133702807,0.21860588294803168,0.011922181305553012,0.01,0.11354730352786879,0.1731555632248032,0.22295388375892777,0.013512271057862124,0.03,0.12284490697562485
193,0.2310152140418813,0.21078859549378115,0.252437877377064,0.0096800000641191,0.04,0.13889909450093935,0.20822381007957358,0.25668255990733035,0.011738457482066452,0.07,0.1472329182886941,0.22890785493871846,0.21482267894507995,0.24588652946687187,0.008629406297753446,0.01,0.13041913914081843,0.21278417706755626,0.24787677897042032,0.009655625066589074,0.03,0.13918457494574488
194,0.21453725598660522,0.19553778484400935,0.2366520795505466,0.010709189843613479,0.01,0.11878916886817145,0.18984341215438855,0.240541431627102,0.013535656913769128,0.01,0.12339665186918775,0.23430684783762246,0.2004687495015342,0.2683357252827846,0.017420878209094773,0.04,0.14298687405316649,0.195770479232597,0.2755506294875161,0.021738903059338798,0.06,0.15104568950554337
195,0.19187244783601365,0.15570860745200157,0.2218128068754715,0.01784776616149066,0.01,0.100994947928498,0.14864298409863014,0.22860412596366056,0.02195241589616104,0.03,0.10623338791409545,0.19775979687505796,0.1591652242250691,0.24030492334762368,0.024326854713162278,0.01,0.10125703820799015,0.14997195656396617,0.25109443497826783,0.03135539668550562,0.01,0.10690163450208406
197,0.1934981380625045,0.15804615505887074,0.23270949954886144,0.020355060285482174,0.03,0.0985924765211985,0.1503996168917163,0.24032176785148188,0.02473668103425019,0.03,0.10755190552067609,0.2045506313727179,0.16847401361971542,0.2393001842028215,0.016677738486720932,0.02,0.10419008480023553,0.1608997208499979,0.2479810147368561,0.022148074383613634,0.03,0.10593022479283938
196,0.23628904014152585,0.2222195746039234,0.24756676302118605,0.006810951343183684,0.03,0.13839468867486396,0.2205575975826407,0.24845021261681302,0.0071662860804845,0.04,0.1540520841528486,0.258246431533272,0.22947999838727984,0.2836394599751785,0.014700924102148209,0.02,0.13156987741260445,0.22695949406491212,0.2849700598736705,0.015658295940776817,0.03,0.1427378002463388
198,0.21679938483898198,0.18641892445017497,0.24083404423626392,0.014418372097362768,0.01,0.11793594675803465,0.17669119596274874,0.2487216473401821,0.01867645219959448,0.02,0.11989776411524897,0.1907886581350935,0.17592381224062378,0.1998631856566319,0.005808524707914806,0.02,0.11349947657859555,0.1692560073573906,0.20595732563833816,0.010164693917557836,0.04,0.11508465183446896
199,0.23690903503671734,0.21925061402574486,0.255153195433728,0.010195078815527482,0.02,0.12470906990214554,0.21511873251239416,0.25621974137844733,0.011224452326696497,0.02,0.13438462524769024,0.20772641712893947,0.18293556084928234,0.23246495340008488,0.013675056438766424,0.03,0.11194362399015713,0.17649004788931005,0.23937280642080325,0.01751748447202186,0.03,0.12169180020916659
201,0.2299319506595685,0.22029943992537976,0.23937462215067323,0.005292718923137921,0.03,0.13796320178269972,0.2197096585581137,0.24080108182753204,0.005835981014674153,0.03,0.14665971874669678,0.2521538203573197,0.2380359907010498,0.2694199419321629,0.008679956544940642,0.02,0.14812472679272892,0.23590608297312932,0.2707327986151664,0.009584596367458396,0.02,0.1670362088963155
200,0.24713578832115246,0.23024411556974894,0.26451873542404775,0.00991377072099059,0.01,0.13558615043802547,0.22505328783247447,0.26929380878879167,0.0124906029615808,0.03,0.14737529152418838,0.2537015888326746,0.2296211753764265,0.2735904728277997,0.011168453907669186,0.01,0.13366330941209573,0.22787935737844223,0.27467969846139345,0.012121768895160635,0.02,0.14112173390478502
202,0.227013527782856,0.20342980126432242,0.2514828331352611,0.013625358204451469,0.01,0.12631843024952566,0.19962270971585,0.25591170856494966,0.017140927425407716,0.02,0.13727590862837222,0.2133803639586267,0.1819467004738565,0.24011761714747099,0.016835581238263828,0.01,0.11389931066783371,0.17142750225927883,0.25054917802554405,0.0215942476451157,0.02,0.11840995325423735
203,0.20045799716150725,0.18290122882578466,0.21897664426798502,0.011182366780119597,0.03,0.10303106540839302,0.17905011451667888,0.2221453560118402,0.013677649420890035,0.04,0.11044606157782963,0.19034247299396512,0.16813129966999027,0.2111978872157446,0.010949975318091823,0.02,0.10791070597963233,0.16825956858923288,0.21023160792446396,0.01059031962836815,0.07,0.11516194644514952
204,0.20127419224120668,0.18011140585685612,0.22236713814970968,0.010809169748315204,0.04,0.10678328301229723,0.1777828921420858,0.22439367251559675,0.011963150650694197,0.04,0.11515723100856516,0.1951705287249217,0.17565087226558984,0.2081987765635896,0.008721339413920311,0.03,0.11562091954921352,0.1768261103640917,0.20827000853946842,0.0089745454121305,0.07,0.12059407305216656
205,0.19724713061358923,0.18332752152925566,0.210120719176398,0.008034245524361857,0.03,0.11757566678245791,0.17412558857246654,0.2200322674767584,0.013542893793784563,0.06,0.11948739327775806,0.20718845878014402,0.1859258879085913,0.2256753262148976,0.010504000356641797,0.02,0.11095686567797391,0.18353669615448323,0.23066118785959727,0.013504922878872203,0.06,0.12528208296441207
206,0.23908120495543717,0.22666815591670408,0.2501022746988771,0.006091912816775597,0.05,0.14050066916457443,0.22615552664746702,0.25026013923065304,0.0066004584469071875,0.08,0.15270490537427175,0.23071678493571213,0.21784294901391266,0.24288412426980432,0.006343495190828792,0.01,0.12056804041853937,0.2175812132593098,0.24527859785043224,0.006621470589886015,0.02,0.1281368236900036
208,0.21522156115623314,0.18616160889377673,0.23978036524137028,0.013411829624914379,0.04,0.11214160427144061,0.1829315096059014,0.24264026943034395,0.013931844306380243,0.05,0.12160665853463212,0.2064185800962539,0.17037750807368496,0.23442599509744058,0.017646159752395103,0.02,0.10279294742101436,0.1702866405563875,0.2352407139649629,0.01814452717892724,0.04,0.11292655906444939
207,0.2355004032919812,0.22092887300582337,0.25115581572907114,0.008535870215456699,0.02,0.12975124369180843,0.21721241881649067,0.25472009800155443,0.010659403294576895,0.04,0.1404469433621686,0.23139749076117333,0.22094042100751904,0.24065707593344854,0.0052812503955526205,0.03,0.12767579615190364,0.21904194389456078,0.24083579507446343,0.005978831019289309,0.07,0.13804332322543836
209,0.1998697321070786,0.18011553565315871,0.2206993774933645,0.011125241705082245,0.03,0.11903274292893772,0.1779509337884565,0.22513034843849922,0.012377447138142855,0.04,0.11685213481738613,0.20464128915695312,0.18189567791325323,0.22464074415672025,0.013460505798562552,0.04,0.1229512943234312,0.17500935077080393,0.22954239827323675,0.016572815207198405,0.07,0.12944950276650763
210,0.215589566130447,0.19432520094044947,0.23874850540835832,0.013706474517046662,0.03,0.12627036596032667,0.19152218328622714,0.2428475669738907,0.015673811447454493,0.07,0.13933335223035506,0.2245426666190351,0.204348208681406,0.24293455473184772,0.011308714687104086,0.02,0.11311537171318467,0.1989988556731443,0.2481330384544443,0.013990629340770612,0.06,0.12341015539711352
211,0.24418443863786266,0.22964829130884984,0.25998259420820913,0.008861245560694616,0.01,0.12999006805583255,0.2265820938184585,0.2637059241231643,0.010226267309614718,0.03,0.13945128648593827,0.24380720881634765,0.22399714059348114,0.2646361735193569,0.010151913305993845,0.01,0.13262546635755887,0.22381066527671556,0.26323577091637995,0.010334659607661847,0.01,0.14663086412253706
212,0.23479729804297023,0.21099531006561428,0.25943789483756635,0.012414250465817551,0.06,0.1406428627296132,0.20859694437404824,0.2617894583495852,0.014067849712070354,0.09,0.15371620310922243,0.23350528299996487,0.20623396337997502,0.264639622412558,0.014253116253865453,0.03,0.1458436598089572,0.2054314722102492,0.2679021815002786,0.01579516071558934,0.06,0.15724917718711703
213,0.220311118029624,0.19969853478998073,0.24084463741967924,0.012327421445299027,0.01,0.11487004554851096,0.19453218353283638,0.24626781223864955,0.015466318389128434,0.02,0.1285593188190744,0.2263560324909939,0.20539683151178242,0.2474578045696625,0.011548816086443816,0.03,0.126049459575227,0.2025579395772189,0.2512997028586939,0.013413824082545357,0.05,0.137545109712037
214,0.21564492044680517,0.1964596632117515,0.23134010825184617,0.00982141431453787,0.01,0.12518546858019147,0.19630967286524023,0.23267712732527693,0.010478450992591926,0.03,0.13627866345509743,0.21801097147779203,0.18931070733467945,0.2374282097983257,0.013115116062910853,0.02,0.12794057014745863,0.18476502837098274,0.23844244536294426,0.014483964336859789,0.04,0.1354407442017932
215,0.23543624662322493,0.21550347788502816,0.25734143440516544,0.010872031564695824,0.05,0.13998762514216598,0.21357924824739216,0.25920416737317675,0.011745981395029373,0.06,0.1465822293245642,0.22468984702206463,0.2022618925523402,0.25117016390534314,0.014498306418703383,0.01,0.127458219252409,0.20018469519833562,0.2535450569689546,0.01568106382104297,0.04,0.12859578091805882
216,0.20088870077268162,0.17828369553703105,0.22319276383956418,0.011992536470696221,0.03,0.11104915939439529,0.1748687279761139,0.22849915385107894,0.01549754771836155,0.05,0.11943456992230585,0.20631637010825266,0.18419327074608227,0.22945548936054636,0.011864427534769966,0.03,0.10952083384720403,0.17547430945367554,0.23610908463937758,0.01652201313655079,0.05,0.12433313434052766
217,0.2200445915324627,0.18435885495820797,0.2504219540720207,0.018156354247744595,0.01,0.12857006701775597,0.1831388681044503,0.25486015131868445,0.018710121988751927,0.03,0.12667436249852776,0.24047875181796385,0.2031780712807864,0.27769627325194174,0.01974058375093463,0.01,0.11973748999447355,0.1994965609931335,0.28217238209316386,0.021813627316061433,0.01,0.12637220181350525
218,0.21432726615219888,0.18894700063329944,0.23942259623628365,0.013034557728574344,0.01,0.12523953774720423,0.18245775483320423,0.24772817550348403,0.016335311252075265,0.03,0.13587915449453772,0.21827677082792718,0.1996237302934037,0.23386646987747395,0.009192782863540016,0.02,0.12907873640572615,0.1972697539031248,0.23838996346474772,0.011386996373834753,0.04,0.1322342530240227
220,0.21258781509315838,0.1757213344305241,0.24754758056418882,0.02039253136194323,0.01,0.10810358854628244,0.17078020486690176,0.2540823011536773,0.02354607273685448,0.03,0.11688438544537896,0.21592077673711518,0.180838006507274,0.2501687802488147,0.01966340307283972,0.01,0.11220363977777541,0.16952257501906043,0.2594768058748477,0.02569408111166792,0.02,0.11729709857213673
219,0.25051389810861036,0.2340029065060229,0.26670816037318407,0.009246082567627626,0.02,0.13832939664378183,0.23093307291528847,0.26840078989105787,0.010419989530454137,0.07,0.14804985764698905,0.22315205206428335,0.2067960368152851,0.24046303519157908,0.010265749674813933,0.02,0.13090537696875154,0.20487916171890816,0.24142478798848938,0.011213749808242267,0.04,0.13541290554693172
221,0.2298074942118138,0.21371675256183673,0.2465322386072044,0.008157164193239216,0.01,0.12839994713904837,0.20791753503970306,0.25185051214153786,0.012189036436177489,0.01,0.1352117987758519,0.21720928705955433,0.20099744705954362,0.23349960132993464,0.00936747767582088,0.02,0.12717603383518117,0.1971229895336275,0.23652155438720793,0.01134572303598,0.03,0.13261505697303197
222,0.23135545240583255,0.21211141938535222,0.2475298990846889,0.009805928581931349,0.01,0.13005498630069112,0.21042577951455277,0.24913774894272825,0.010572704483573067,0.02,0.14062243835668983,0.22959995610202633,0.21074074128733758,0.24924368724434956,0.010894219118014584,0.02,0.1332833872607923,0.20319414353822485,0.2539697543748549,0.016180441367625812,0.06,0.1455128494445701
225,0.21262616785042887,0.198560712767138,0.22907824196634294,0.008573407674314635,0.02,0.12477821764822525,0.19624455956646344,0.23004131287454516,0.01014666798036097,0.05,0.1351015728361666,0.2119126931089852,0.19467170332807995,0.22455430204040167,0.008001347737458935,0.02,0.12678795583768893,0.1945476132080784,0.2249799572443938,0.008227325295229109,0.04,0.13020511797505718
224,0.22918236706289896,0.19142394489514097,0.2560958766585429,0.017549905949663713,0.01,0.12949225741723686,0.1903068193854639,0.2588024254390115,0.017995433813889843,0.09,0.13922355677157214,0.21990265764621064,0.18480003006595563,0.25980140255314493,0.019626052784460377,0.01,0.11079771871710697,0.1834247527858749,0.2645320313597811,0.021348033501188222,0.03,0.11991785747280068
223,0.23847579174702105,0.19571228673097807,0.2780896411107996,0.02368922438125346,0.02,0.13168858628527974,0.18502502838028756,0.2915758589913505,0.030591227835393194,0.02,0.14081761019326122,0.22669069096367256,0.2103943604154149,0.2549138685933513,0.011923197790092942,0.01,0.12705582349252315,0.2066792870707082,0.25952914615285966,0.014721115119075867,0.04,0.13137956382518418
226,0.23833070896793274,0.2262301244033178,0.2519534879333258,0.006589099048171546,0.01,0.12065580034756684,0.22428825077536246,0.25771989351408314,0.00891401054518651,0.03,0.1270239087688491,0.24143196198296124,0.225853307802805,0.2578481515242258,0.009246767827539738,0.02,0.1295607939579548,0.22246575786988,0.261919394086629,0.010957063523555776,0.03,0.13506159424484118
229,0.23089292255787175,0.21407178868633112,0.24451390158703035,0.008634693718904317,0.04,0.13803480541382104,0.2132368323581249,0.2468278580416917,0.01004844828249461,0.06,0.15181422635326475,0.2162087137700306,0.19807028800907817,0.22976052911221306,0.008721987780654993,0.03,0.1312409121105315,0.19498173618486433,0.2332683651944269,0.010428771312004727,0.06,0.13164140694683665
228,0.2074280769084158,0.18048946495578636,0.23890815919943834,0.016001916548307002,0.02,0.11221368425618747,0.18137778623618184,0.24246721139287283,0.01813626523304971,0.03,0.12459105937176725,0.1889650893989181,0.1702204024718618,0.20808880304099286,0.010401049238080837,0.01,0.1019427121521664,0.16546650654514303,0.20742493170406084,0.01216310333046174,0.04,0.10640730810102013
227,0.21117556022640382,0.18828077104023086,0.23345556695389513,0.011795418547651204,0.03,0.1281859533432943,0.1810896284980645,0.23587003471427404,0.013475889491863277,0.05,0.1373535229749677,0.21852875612006617,0.19985706081196467,0.23926155390366133,0.010976086167750207,0.02,0.11364742417937118,0.19592738654520375,0.2437367524463546,0.012467161874588507,0.03,0.1287462657898504
230,0.19058903050551912,0.16681036638293772,0.2161617465378191,0.013206753769072434,0.02,0.10310935930408699,0.16750919821892968,0.21392892819805237,0.01315555323372686,0.05,0.12312633847439804,0.20241182136087943,0.17822787532691303,0.23006380014412903,0.015306412291985316,0.01,0.11207342724574532,0.17549193645731345,0.2303945923194135,0.016019687596919248,0.03,0.12162110219053685
231,0.21417409187777192,0.19590276535275025,0.2306820471234284,0.010217930452215113,0.03,0.11900080679254187,0.19168937728367216,0.2350561074007424,0.012670669849168524,0.03,0.12304340561005013,0.21734894785240577,0.1964960655649741,0.24035088767139984,0.012161500075369662,0.01,0.11436599195772923,0.19648263561947826,0.24338352498596363,0.013175682788870113,0.01,0.12664345805639585
233,0.2062369812867617,0.18505429535817935,0.22609423544737325,0.012911396192283242,0.02,0.12124634119497818,0.180099308729619,0.23121180241476344,0.015414735207889555,0.05,0.12502728073197478,0.21907038929298484,0.20904499697238216,0.22881727446537975,0.00567487976631829,0.01,0.12333420228461658,0.20613428460868052,0.2309115824121663,0.007025807091960102,0.01,0.13286587136301345
232,0.2294667615317305,0.1762033286398469,0.27155470995834896,0.02494578896425661,0.02,0.12392134379732028,0.16457952749801696,0.2794566551856472,0.03188815115588971,0.03,0.13165878267129233,0.2544180963314524,0.2168248750518057,0.2823849303864101,0.017228371513614355,0.02,0.1455205836147569,0.20978448523175075,0.2870682418578272,0.019449804582320047,0.04,0.1561266261829482
234,0.19567458643733904,0.18080083517492312,0.21526215524152276,0.00953736988675321,0.01,0.09949356191498032,0.17720950014351883,0.2195477286368915,0.011303559652220725,0.01,0.1025720290758184,0.1895147614305781,0.17387933496216199,0.2076417477443642,0.008896826174722879,0.02,0.10712698446665517,0.1711964014596649,0.21035323617751933,0.010052510127541983,0.02,0.10972121586225891
235,0.24079557437286692,0.22268985041466005,0.2590540236699644,0.010263198983353764,0.01,0.131888320487711,0.21855637238448655,0.26486896360981477,0.012270884061801728,0.05,0.1409720553051373,0.22383865049167184,0.19975215635400856,0.24966603653431862,0.014778960748983968,0.01,0.12393501858878286,0.196839390876428,0.2538090649366493,0.016726209166733758,0.03,0.13159166900812821
236,0.2189662851631171,0.19924633171438094,0.23802859593705666,0.01113842814998107,0.03,0.13316276517322262,0.19700435226952898,0.2377471510834487,0.011773191239229553,0.08,0.14332154135935413,0.22960233081045622,0.20048001411234984,0.25514700558380277,0.015070575112748912,0.01,0.12147526142788623,0.1963452834207136,0.26037511864988616,0.01784228816163253,0.02,0.12716986729481788
237,0.22561595566945947,0.20469615669337804,0.25239188339412033,0.013620566121311262,0.02,0.13409475795965634,0.2040411425792567,0.2538680199032609,0.014305222933791072,0.07,0.14629929562330543,0.22663572849384384,0.19410727880092188,0.260084489179301,0.017574922911339337,0.02,0.1441423225410129,0.19066696408438144,0.25999163766137257,0.018978170941052846,0.1,0.15211049195742812
238,0.20519662624306623,0.18971753466319746,0.22018212950318095,0.008407195385020317,0.03,0.11322604346066373,0.18681594153164602,0.22370803076565546,0.008996976884321049,0.05,0.11909515844009633,0.22097412872431388,0.20378521058492774,0.23515302060689763,0.008828289419248304,0.02,0.11117264596644665,0.19959965265570467,0.2414553204453754,0.013207037571754735,0.03,0.11963936312257321
239,0.21419709124647124,0.19481479959083986,0.22565574014824663,0.00815145664903811,0.02,0.12470394544734222,0.19156222965966743,0.2293470431880143,0.009894344995517888,0.03,0.12999209875279602,0.2135096883692711,0.19664255236438177,0.2341247181266878,0.010473794966184393,0.03,0.11209542333192306,0.19122563760590647,0.23848276567124768,0.012388846300218508,0.04,0.1186399566299743
240,0.2137949781116859,0.20157185355653703,0.22820303090254268,0.0067450799229402825,0.03,0.13250065480821566,0.20240224741548393,0.22763821859785632,0.006479850052827352,0.03,0.14066645626092275,0.20556507090205844,0.18086889107798507,0.22726569878373212,0.012818489062058637,0.03,0.13026425817483386,0.17705044516161283,0.2299750798113122,0.013927719851464904,0.06,0.13378138262028413
241,0.19616631685676467,0.18592665213925205,0.20577949083643765,0.005203459040152871,0.02,0.10907869198562455,0.18086468975048145,0.2117257312222693,0.00956642261754946,0.04,0.11135461952565699,0.19946541461704825,0.1774317164031834,0.22216924650400763,0.011273987974676804,0.01,0.11323569971887665,0.17176865925292623,0.2265777091870817,0.013994744655509933,0.05,0.12495410842721213
242,0.23510249635729785,0.21090128041099998,0.2575106747968074,0.01244986584113518,0.01,0.12835791764233245,0.20845667119014233,0.2594662030673182,0.013437738663040285,0.02,0.13300873807388985,0.22288582201572993,0.2051150216771546,0.23765114451011207,0.008196164172598708,0.02,0.11866994268476196,0.20771162047735325,0.2376852502909462,0.007563918648135741,0.04,0.1306417467935803
243,0.23090097092589357,0.20399126556256275,0.2545896725568797,0.012890924310893033,0.02,0.12750660625439664,0.2031927719341023,0.25596830383743324,0.01451893492197699,0.04,0.1312840263352758,0.20760810896457826,0.19189390831340253,0.22604744175664374,0.009151726865123085,0.03,0.10996361333123233,0.1875399861666481,0.23049684597063003,0.011916627950081563,0.02,0.11165434021190125
244,0.20664004522130597,0.18579309756934262,0.22680939357491064,0.01135074494926736,0.03,0.1091163010190988,0.18478671345906078,0.22967478396354504,0.012844855359733396,0.03,0.11739385039494461,0.20268405200721684,0.17732465289613658,0.228151919316638,0.013781717779253796,0.01,0.10493643143484108,0.17398101954922818,0.23022008216579412,0.014820247523328552,0.01,0.10986852841758896
245,0.18281159424636062,0.1495244407727584,0.2089886269840599,0.01560495449292666,0.02,0.09590621454446124,0.14344824743345508,0.21778976286445326,0.020593629906425697,0.05,0.10522978199792415,0.20518742646831,0.18451746648950484,0.22417358926392175,0.01056189610342049,0.01,0.10824799579955557,0.17982436369080312,0.22891625871937946,0.013430342032618206,0.04,0.11075406279189026
246,0.18657085980797206,0.16098041106241487,0.213849809832733,0.014585927545246293,0.01,0.10888237350176094,0.15846241515756873,0.21677504895166622,0.016162287560034034,0.02,0.11362165022207615,0.21173633186254204,0.17782739436005074,0.24163057612897174,0.017323933292626468,0.01,0.10920148127911196,0.1741914887710649,0.24424337693536044,0.020678329034295295,0.01,0.1194042964120442
247,0.21548252438200066,0.20382540385701484,0.22702718796306204,0.006514278125278391,0.06,0.13046614428496445,0.20284803812532828,0.2285430133593549,0.006854259386834366,0.14,0.144362955394065,0.2319475655493033,0.21739986045226442,0.2459322443179906,0.007811286107919831,0.03,0.1314831691115426,0.2149160651615156,0.24717394005618126,0.008653104334694187,0.04,0.13680899447051523
248,0.22002280897948356,0.20213871579404685,0.23541043908302756,0.009629604582646818,0.02,0.1244319623821984,0.20106696711341798,0.2371914115977504,0.01073817788528783,0.04,0.13605438663603522,0.20950226226516477,0.18850401599385824,0.23359978200987488,0.013320109711239194,0.01,0.11493102575850636,0.18576748740431337,0.2347323455005519,0.014805977737390442,0.01,0.12130109698632402
249,0.22612650273328772,0.21164384709677714,0.24307283129200744,0.008462989171758868,0.02,0.12550907102926281,0.2111561251354431,0.2440490316837698,0.008505700971789784,0.04,0.13820339731463982,0.21124694372172126,0.19289978906561175,0.2293539651133568,0.010319255747057304,0.03,0.12363241526651762,0.19012705524783416,0.2328739066694108,0.011276142180319438,0.05,0.13128686854844307
250,0.2211043812156106,0.19678239590890292,0.2468311399574368,0.013015015343401054,0.02,0.10641431826675207,0.19409837947966155,0.2502324029881381,0.014372036882409468,0.02,0.11876866612243939,0.2152209974253516,0.19074991558478968,0.23572003743572148,0.012597671743732277,0.01,0.11415013072199894,0.18405632882666026,0.2399319236302929,0.015269735267458234,0.03,0.12095989155019923
251,0.1992818918371011,0.18346985821337786,0.2122464977235568,0.007250371284168023,0.05,0.11528564235203873,0.183974734165791,0.213961226483453,0.007807513194458218,0.08,0.12245005520413346,0.2137319986808901,0.19910777291397866,0.22779397867476986,0.008123799073586112,0.03,0.12646149425481581,0.19715709004901566,0.23001938545279588,0.009870694337730308,0.05,0.13092149744397572
252,0.22683405461009976,0.1972840966803423,0.25407571695347114,0.015175605687948242,0.01,0.12207268004616849,0.1904603109302604,0.26291519716470124,0.020291689467173933,0.02,0.12095153305587138,0.2187223833377656,0.19345827813457658,0.24241360383066768,0.01353012655979172,0.02,0.11101129395473898,0.19070487286820922,0.24905818988143666,0.016735422747606716,0.01,0.11832327423162506
253,0.21756051024897616,0.19730503005378383,0.23977970700520615,0.012548398886522878,0.01,0.1270987225863442,0.193178293192604,0.24408081639251397,0.01488838209271783,0.03,0.13022902863153352,0.20021638665546782,0.17511591627863737,0.22429970803896065,0.014222531646109107,0.02,0.10808902886216788,0.1726874603705586,0.22789470065325007,0.01572744745848601,0.07,0.11735096021727567
254,0.24409582584960976,0.2157624717644287,0.27034353376975584,0.01693970082717001,0.01,0.13637300936198782,0.21199451945980885,0.27505929441947113,0.018716710477012795,0.03,0.14632953503705515,0.24185702699060396,0.223299434736685,0.2567213074471547,0.009512948553895229,0.01,0.1351683671813327,0.2219695817129344,0.2574743557315369,0.010371041148693694,0.01,0.1460467716499536
255,0.23877616692791115,0.20832371961455964,0.26873081951330346,0.017204296428566735,0.04,0.1267986165927909,0.20418971560172466,0.2727321844420566,0.019839519234757123,0.05,0.13798257777589498,0.22038911166042308,0.19327687972175456,0.24695309619909156,0.014629294396021234,0.04,0.11493858720708719,0.19009475633667605,0.2523125321933546,0.016938583206924377,0.05,0.12811356207031072
256,0.246372691009058,0.22709057606478578,0.26739741244295157,0.011206127240074738,0.02,0.1397769851565244,0.22093302297230055,0.274343877540257,0.015229360168480064,0.04,0.15077509580279316,0.24734081695663512,0.2264811787664252,0.2708215802575749,0.01233709458194739,0.02,0.13508176266938066,0.21731601829351233,0.27928060481624273,0.018716231385505436,0.03,0.14282251157864917
257,0.22429360971962176,0.20331690000946093,0.24607180906939696,0.010846941517526618,0.01,0.1253537502493718,0.19783689955945222,0.2515388075834002,0.015376589384732953,0.03,0.1362339201342007,0.23024362412974408,0.21759564724879624,0.2428121804615937,0.0069690107245096175,0.01,0.11481878715531708,0.21411982193482956,0.24787105200361959,0.00968893117950338,0.01,0.12163704661040238
258,0.21311914829370693,0.19004468811992808,0.23258890566857843,0.012032940654903899,0.01,0.11514699656062358,0.18340699001112276,0.23788294607418062,0.015609114626743276,0.02,0.11716459903431091,0.23100534913453252,0.20905235773657,0.25494861955762665,0.01117386150537295,0.02,0.11622924853203283,0.2058156521431017,0.25570549405695286,0.013285178891148374,0.03,0.12506805286792608
259,0.2357707980768886,0.21043506995145328,0.26149862621990005,0.013894808151726135,0.02,0.12444540130984176,0.206763878076054,0.26329926463660575,0.0170113516590242,0.04,0.13796703398025428,0.23929711031988,0.21575136939690942,0.262220954878533,0.01308542545457186,0.02,0.1302075936382997,0.2087819548002811,0.26822999920613655,0.0176986002136493,0.06,0.1379751800250151
260,0.1830947209075795,0.16325746765487897,0.20224752611034494,0.009688727613260976,0.04,0.11430394408141097,0.16258558403711368,0.20341541832953344,0.010301191287988863,0.06,0.11886601280252859,0.21187495228673292,0.1870244463156679,0.2391310603038473,0.015476581506738992,0.01,0.11909693760468153,0.17955787874726448,0.24703143320727422,0.020489224810830084,0.02,0.12328807938830341
261,0.20580749065966497,0.18119974817810355,0.2286826046302776,0.011466563014550082,0.02,0.10771380131056581,0.1768790006096282,0.2359099136942227,0.016356590764754292,0.06,0.1163946307456184,0.21080060790806954,0.1890893001225035,0.2296180137836373,0.009773748005753015,0.02,0.10743488427609692,0.18262244453258192,0.23560254839804165,0.013374457309976103,0.03,0.11117400425531461
262,0.1811087810392289,0.16905110654511035,0.1960849644579384,0.007601672845560275,0.02,0.10614974217080375,0.16568192143541277,0.19903395957573705,0.0087973101665827,0.07,0.11668547113757649,0.20551008663573445,0.1917773256381024,0.22179412750381475,0.008351844760005351,0.01,0.12498186592963818,0.1916863199218069,0.2226872128250784,0.008973967427474331,0.06,0.13944553554746358
263,0.23789688674455522,0.20179409170625795,0.27054189792416083,0.01941205493085053,0.02,0.1224378830996184,0.19698052135189453,0.2761236025886874,0.02194082126791647,0.03,0.13178231663093637,0.23191362302535712,0.21056621809121479,0.2565651936084554,0.012849647973781138,0.01,0.1354170828352227,0.2028218976148496,0.26525377259684063,0.0180423580193033,0.01,0.1401294837873885
264,0.24588026516535422,0.22846595777639417,0.2655496851708603,0.010000159135898329,0.01,0.12956395012874175,0.2265252931410392,0.269160513725952,0.012157465462234828,0.02,0.14349691931022826,0.22805430780146096,0.2134728388786009,0.24349565457357175,0.008757472514495894,0.04,0.12382750660341786,0.2057075408633402,0.2467466958241659,0.01195965464005773,0.09,0.14009250670009935
265,0.23284315283342938,0.21465915842329758,0.24856754969796077,0.008942894730628174,0.02,0.13284698086022617,0.2114921462041665,0.2498033344443079,0.010053265020911646,0.02,0.1461592106998068,0.23440143536375846,0.2215818575570782,0.24743050942367226,0.00752741598182908,0.02,0.1288195353262292,0.22069884481460883,0.24866650748887417,0.008507173243725186,0.03,0.1376913879732126
266,0.22319082403977397,0.2012063875741976,0.251557419529301,0.014133727434945727,0.03,0.13307928720858225,0.19641033444837808,0.25986330983312056,0.01816386348771884,0.09,0.14361346256785743,0.2373697970414872,0.21597480663630497,0.26377128139906664,0.012682737117428454,0.02,0.12599392053412162,0.2148673214025978,0.268495726400479,0.01454706711818647,0.06,0.13980507011909452
267,0.20271729978070496,0.170369466226258,0.2383563912404792,0.01799565760300504,0.01,0.10026771702499335,0.16299403527816622,0.24348330082011055,0.021531800566826277,0.03,0.10717093308748006,0.1852798359739758,0.1591506273217616,0.21425279944997216,0.014407212397910736,0.02,0.09976606085007546,0.15626097287042323,0.2165449722377249,0.01494676541718288,0.05,0.11224564207046964
268,0.22459479161260631,0.2113535008083997,0.23693145351627587,0.00636732592827726,0.05,0.12769575564544633,0.21184163599853073,0.23516511406332188,0.006725814861706001,0.06,0.14076915389863473,0.21852039829552616,0.18232175185486754,0.24795730411939934,0.014753611544574776,0.01,0.11693366117398471,0.18193424291904264,0.2473355999470955,0.01602706793205403,0.01,0.1294629648482781
269,0.22218934837516446,0.1878191846542424,0.2599419742412966,0.019270000963543178,0.02,0.11398554291988307,0.17741559566266885,0.26853275716807257,0.026128766788425236,0.08,0.12750965868512762,0.23181021445674777,0.20166563735744197,0.2648525399967496,0.017797823911264214,0.03,0.11733818884047616,0.19393077133599917,0.27289186952545846,0.023059317533274722,0.03,0.12432414152475521
270,0.23323369522086423,0.21233590477775793,0.2571605266193465,0.01219133849900336,0.02,0.12354692256141456,0.2066967233967344,0.26108888874124986,0.014159802151256609,0.06,0.13560044067160656,0.2316928862449945,0.21442320523071126,0.24941734278505373,0.009506702355493554,0.03,0.13007429430491077,0.21385658038352748,0.2502318294294489,0.010113008389958133,0.03,0.1334482507054757
271,0.19678823114455835,0.17138817389043948,0.22294072893929018,0.013368843230780896,0.01,0.11496589899602488,0.16550704030818375,0.22937157882551085,0.015984348523450903,0.05,0.12126917800018493,0.21730986249779338,0.189852034780291,0.2335321983093444,0.012416138887162937,0.02,0.1192469703592594,0.18391629011723576,0.23783839443949611,0.015058018839864597,0.03,0.12862859010445965
272,0.22841778075161034,0.21279355833809296,0.24799859093037221,0.010174954138376316,0.01,0.1240498909721527,0.2115398019799147,0.24968086027549066,0.010522394780497185,0.07,0.14719846102596376,0.23078809756397245,0.2065468801112728,0.24837524942473693,0.011297039532053918,0.05,0.13802213294696938,0.20195382441094661,0.25295210950457164,0.013243200298558857,0.15,0.1571982987062306
273,0.2255655686376663,0.2048414789480722,0.24671981441906884,0.010613217480498968,0.03,0.12672620730728623,0.20129806889073115,0.2517424135647842,0.01294926715475385,0.06,0.13234604006012723,0.22363869252838242,0.1916135900423765,0.2502611906550202,0.015388413062840183,0.02,0.12566765331739477,0.18913634419216463,0.25242323961753393,0.017015581465565442,0.03,0.13303118944611086
274,0.22462375657529954,0.2030757885145741,0.2442232623525613,0.011404228416826647,0.02,0.12162291189641732,0.19928032497606304,0.24326994421580608,0.01240314502460138,0.04,0.13270447291217,0.209100678005127,0.19221361050801664,0.22787485472357244,0.010285893344863187,0.01,0.11574347115722765,0.18973095539134827,0.22781961382373456,0.011600108786157463,0.05,0.1227652220855867
275,0.23321202489847348,0.2058163498308243,0.25696670388469134,0.013733288496782172,0.02,0.13457788522935799,0.19678017852088947,0.26690878320122835,0.01741801962209063,0.02,0.14251168381491902,0.25646644866568025,0.22109886071235835,0.290519868692872,0.018723288571907935,0.03,0.13671901058169414,0.20870765683214876,0.299908915753664,0.025100511133971926,0.07,0.1417312544955698
276,0.18222798159186926,0.15911988044970346,0.20512461537197466,0.012484964652822552,0.01,0.09404179303374932,0.15688553660005952,0.20663540071540826,0.012896148035833008,0.02,0.09841094939873676,0.1586212012537045,0.12736261194187484,0.19150441753369635,0.015791000705157064,0.02,0.08682147959813705,0.12919021383751308,0.19312615550984868,0.016199759200634944,0.03,0.08919365493077594
277,0.24801429063986813,0.22070042033842402,0.2766464324721021,0.016587193699306422,0.02,0.1451625199639239,0.21940778491510804,0.2809506629486397,0.01829073874478585,0.09,0.15429464670834506,0.2273090516003773,0.20042004434293603,0.2524732758906606,0.014995690800027014,0.04,0.15268069937698192,0.19562664679401898,0.25696184458633275,0.017087577838124163,0.02,0.14970839625170543
278,0.23523537147911533,0.21617919312556844,0.254553020392294,0.010435926913353922,0.01,0.13699436863444275,0.2128759377686208,0.2578807223837318,0.012316825962764781,0.02,0.1420392017722332,0.22914965219378214,0.20700265974499887,0.250442748511,0.011224186649180507,0.01,0.12921262691682964,0.20213015345574692,0.25197297794178364,0.0128490282857516,0.04,0.1340290565760316
279,0.2239535655622653,0.20695766067648091,0.2379753286201149,0.008135221628879453,0.02,0.14240505264227535,0.1998628051287512,0.24420783205752125,0.011329377304345932,0.03,0.1539911991591343,0.23664134935090608,0.22516021950256665,0.24995056478032787,0.0065452148298085,0.06,0.14833230384510804,0.21985784893265548,0.25539975677097504,0.010418083724274932,0.1,0.1584059282606314
280,0.24880610100064615,0.23550064486983324,0.26370390988028913,0.007981482529266832,0.02,0.13418538246274175,0.22818493328005512,0.26899822047558936,0.012937166933638167,0.09,0.1558108596445563,0.23951434918366044,0.22130027058433888,0.2554463667582194,0.00866220659499491,0.02,0.1342203286344411,0.21669530024803751,0.2568568814929656,0.01095941073391905,0.02,0.1431835846436294
281,0.23110057800701966,0.2130293668810869,0.2510829398717137,0.009638773050778692,0.03,0.13241174471581965,0.21059590120800603,0.25198740323031266,0.010452865098787501,0.04,0.13855821436704507,0.23186956817099258,0.21508515134059397,0.2502665772226974,0.008660201261889143,0.01,0.1288102610618564,0.2138968123495316,0.25148589857507636,0.009273331385572145,0.05,0.13766214673098204
282,0.20452051718531727,0.17511626643225647,0.2338870088855527,0.016864597362338543,0.01,0.09768034173557331,0.1671461667997201,0.24290136809187865,0.020830895787772523,0.01,0.10353997485866309,0.2107356823437616,0.18533402460969595,0.23707322773858067,0.01524630947530897,0.03,0.11718840543240733,0.17705347880907582,0.24868968449502193,0.019825819680843584,0.04,0.12462844826629864
283,0.22336404203215032,0.18049464586119435,0.2612906097623596,0.021463796017411507,0.01,0.11545158047772755,0.17239600687428225,0.2685075587132236,0.027612740438463786,0.02,0.12434145503012842,0.22690544346439712,0.19342148358253097,0.2538294461462268,0.016212474348619003,0.02,0.1176741186078346,0.18845132006709941,0.2618687836827522,0.020083354723288604,0.02,0.12540894912463577
284,0.19656019783090617,0.17216035005265984,0.22289720561599535,0.013117919911077414,0.02,0.11268519994697765,0.16902562897050108,0.22467076751004417,0.014914340196134416,0.04,0.1289528588920622,0.20275130871293268,0.18555949510964517,0.22109514793267754,0.009106526755267104,0.01,0.11732890085134412,0.18175474894950136,0.22795120750044987,0.011811151412827226,0.08,0.13035985391383126
285,0.19873594655526539,0.17910059979837473,0.21901527275963165,0.010151014225850314,0.03,0.12463615574797408,0.17500245581129362,0.22236224002043783,0.012518050567918505,0.08,0.14034654646643438,0.20840847290063458,0.18807113245941057,0.2327381329941114,0.011596173220266777,0.05,0.12875270805683733,0.18452669048577258,0.23717501683563005,0.014656462896944939,0.11,0.14230019211842804
286,0.19580848303037968,0.1860803811424329,0.20428162292266996,0.005203760771568572,0.05,0.11648493647733014,0.1848132949939269,0.20528988574273765,0.005941536355124526,0.06,0.12554057094442636,0.20030287398916435,0.17117448112806774,0.22128015570793713,0.013565312930182953,0.01,0.09986861160593323,0.16625274894945635,0.22436904965430968,0.01616899434434811,0.01,0.10972295792985401
287,0.21636385477747577,0.18547388880783333,0.24258684197349875,0.014580859848338566,0.02,0.11216953227431635,0.1706717947773267,0.25482989847709747,0.022713357573277467,0.02,0.11510291064978063,0.2128357231877258,0.18940103148212517,0.23570906188026317,0.012293062929239606,0.01,0.1092169194159439,0.1848834125636969,0.2366946154487743,0.014391680301353281,0.02,0.11829452565423126
289,0.2009704128452956,0.17301944361341812,0.23001961309177096,0.015860149003617985,0.01,0.11652052256445784,0.16952915257203124,0.2323513171451089,0.017556015365752818,0.02,0.12640302274023457,0.19823547601406943,0.17722803901800463,0.21998783427915805,0.011590383722722046,0.02,0.11499311094655136,0.17603316696956456,0.22250339201202787,0.012668518025072595,0.03,0.1246974841222197
288,0.20830009261950355,0.17642714047266903,0.23853471980319205,0.018009302943180868,0.06,0.1261704641406923,0.16766685293572411,0.247541359968385,0.024257968410750286,0.1,0.139015076057305,0.23258893181941342,0.2065939196290687,0.2625425424355309,0.0165118119085,0.02,0.1312902099702467,0.1989177953141844,0.26969783722782953,0.020876350212916003,0.06,0.1457704181225277
290,0.235725132391714,0.22134682564502167,0.25028759206006274,0.006922232594834603,0.02,0.14155275037985973,0.2208094854640681,0.2514150583737597,0.007782940593398171,0.02,0.14848330818690136,0.25538829791375584,0.23867830621628522,0.2738067988446883,0.009402607909495356,0.01,0.16026269014919126,0.23539427201733087,0.27615667773807884,0.01082118432687972,0.05,0.17122436322059092
291,0.212980788482942,0.19427427418067061,0.23290261418755506,0.010372018162214934,0.02,0.1197216706565021,0.1917478818435992,0.23822239059859407,0.011522030957099718,0.03,0.12283134954887165,0.22899652887496202,0.20936463625325435,0.24685390480215053,0.010459814411204882,0.03,0.1267127573695734,0.20864847547269447,0.25006226621474015,0.012119205483717761,0.03,0.13201089290257345
293,0.20922757371871903,0.1874423531420631,0.23214649066215318,0.012308884022166343,0.01,0.12390236217921399,0.1787481314033649,0.24158670028848744,0.01771409794008499,0.04,0.1304379284144596,0.21840353062118023,0.20385549407942852,0.23727072350865663,0.008737160407533787,0.01,0.11609261193628201,0.20121814244389094,0.24077751473213702,0.010224340844358583,0.01,0.12238953619346529
292,0.23156134440875142,0.2133001521098999,0.24980470686237655,0.010405289091534715,0.01,0.14159298378609678,0.20857170242504564,0.2552424034575328,0.013323795336788685,0.01,0.14805702606919274,0.2197863565991538,0.19902232109041235,0.24225556409463542,0.011460305289581862,0.02,0.1272879737196045,0.19412491602145626,0.2449120588528774,0.0133047437711621,0.1,0.136751777837926
294,0.23559701111211329,0.21510210427520893,0.2567191047533493,0.011532900284027548,0.04,0.12807493977008821,0.21025247242467204,0.26106585422223005,0.014137508882615083,0.06,0.13437677419689376,0.2616562181999562,0.23595886128715865,0.2852163053820035,0.012778649815892242,0.03,0.16164291296303715,0.23155952945605468,0.28979181089309203,0.01583054467950863,0.09,0.1754029833161961
295,0.20296665024229377,0.17796168073649277,0.2279325637168346,0.013133006448754269,0.01,0.1143382269801627,0.17161416423806633,0.2364392970947315,0.018436541471157124,0.06,0.13243668800701108,0.20854817331552322,0.19420346640258698,0.22214793734626184,0.007341004208108475,0.01,0.11339270844820983,0.1910219078299272,0.22562742086424695,0.009015582808532744,0.03,0.12387377822877646
296,0.20961853219354598,0.19350169038394976,0.22606921538995423,0.00881048637716061,0.02,0.1156379111045456,0.19053211179657445,0.22867837359452486,0.010557678190144052,0.05,0.11938153688970612,0.2072898555496634,0.18501898054591023,0.2320639956584963,0.013698708899890761,0.02,0.1100450857424557,0.18052410517895065,0.23565045625646244,0.016360031474850774,0.05,0.12750379839252773
297,0.22657652335060252,0.1996599078230551,0.2510351478433065,0.014683729530303368,0.02,0.11577066740096406,0.1966805433514408,0.25432503492964154,0.01660815979400067,0.03,0.12400236756570995,0.21375291018234321,0.19167423035405143,0.23861257662141638,0.013383734000982537,0.02,0.12042759475572072,0.18818110380808264,0.24110406725989322,0.01527211565850178,0.04,0.13021428546927363
298,0.24247128393775252,0.20897884805868816,0.2700639465909601,0.017306933910674192,0.02,0.12601315197705493,0.20325351137767567,0.27567842708476764,0.019786916260458955,0.02,0.13227591520713716,0.20635174985702331,0.17732931074593575,0.23593801601186878,0.01565324710420564,0.02,0.10574633982107097,0.17398186837953478,0.24065369030080777,0.01786944046556119,0.03,0.11557109281773852
299,0.22710507184276274,0.21565403113062603,0.24094531073926975,0.0074151923277868586,0.01,0.12339177097632954,0.2134382386875202,0.24244769670090366,0.008137172957604058,0.1,0.137796914705735,0.2306543324611514,0.2076754338059425,0.2523732155767966,0.012460705138801825,0.01,0.1281829646948428,0.20524180311188822,0.2546030785326531,0.013899167888833712,0.04,0.13994755378053209
300,0.20979401582054447,0.19153927192119663,0.22958310366070633,0.010133228700534529,0.02,0.10753271062395153,0.18901029797993582,0.23203221211019506,0.01112396603810663,0.02,0.11412192269890355,0.20771084476492252,0.18822183687623945,0.2285929351887641,0.010463876842469147,0.01,0.1127871250242835,0.18320087249230005,0.231652890518338,0.012052016381671811,0.01,0.11825876504489463
301,0.19858646808640756,0.1651953319920171,0.2328091171386491,0.0200066690277996,0.02,0.10950949014625326,0.1559700937294893,0.24210001445031065,0.024658548675616905,0.04,0.11172640623148626,0.18524303196352587,0.15557661498093484,0.21250098737536877,0.016934751288562394,0.04,0.11629542417021231,0.1519510045733938,0.21873228266374567,0.01997768003552709,0.09,0.122996813363041
302,0.22792481078734106,0.21543091171533785,0.2384298239383838,0.006806045617576308,0.01,0.11458384138296283,0.21539847059647635,0.23873276881868843,0.006416386298599893,0.01,0.11901160155795873,0.21145092172536373,0.19147873878057134,0.22987215535797864,0.011848369724699687,0.01,0.11051139396184533,0.19148787134138007,0.23003615966547564,0.01105291030049796,0.02,0.11560959890181227
304,0.21659586119375174,0.20498127937255037,0.23030854636871378,0.006260114995703756,0.04,0.12558420042543084,0.20300908201152637,0.2341689822856084,0.007459782973310484,0.04,0.12858410313641006,0.23540088800935788,0.2206400343785898,0.24811008414404526,0.007716405573111855,0.01,0.12964354655335328,0.21904839798992215,0.2487460451949409,0.00829405732276307,0.02,0.13358267555375106
303,0.22231048426650624,0.2002028937546376,0.2454428295670828,0.012073527217903297,0.01,0.10783436063363408,0.19820523249089353,0.24853463825689856,0.013505785806567654,0.03,0.11694097264703981,0.20773355260035054,0.18656207992282514,0.22222012943130737,0.009626887987011638,0.02,0.11898717203311024,0.1823121951910038,0.2259245194759652,0.011799668111283069,0.09,0.13172271046888617
305,0.22347513339356695,0.19989054585434013,0.24684098540997818,0.012295535804021665,0.01,0.11423165072083377,0.19353737608895616,0.2472949205663093,0.013935065558940534,0.01,0.12254964304498725,0.21066484499323757,0.18534875338839812,0.2339487344550777,0.011949109974933392,0.01,0.11878528440272251,0.1803860893766344,0.23798539387029075,0.014540471371855124,0.06,0.12930178207134366
306,0.2074882100220563,0.1819063038075394,0.23214263058244838,0.014269800611515417,0.02,0.10719374779242342,0.1805540888003485,0.23594086104665557,0.01607149917753173,0.04,0.11515890961488422,0.21600475653182816,0.18933103965613282,0.24390891382933194,0.01615033377129838,0.02,0.1121217697715608,0.1888876390184334,0.2465139289386721,0.017465033091794115,0.01,0.12173738605062967
307,0.21271891452526237,0.19730489374802507,0.23197898603661807,0.009217752920902931,0.01,0.1289941989384779,0.19669596589510122,0.23306936458108002,0.009709946882537894,0.02,0.13815582466272444,0.2141391256381331,0.19821049176855773,0.23392704228525277,0.009989316600112994,0.03,0.1258765800698197,0.19613929758794876,0.2359747001118413,0.010833820749056271,0.06,0.13406608361964278
308,0.2046041448549838,0.17191864993120426,0.23848848481179555,0.018152219159688718,0.01,0.08276360321595465,0.17170386752892336,0.24366004985454173,0.019436574580797103,0.01,0.09148570191788755,0.1879778199810822,0.1510950935524929,0.2270246153837283,0.02074709217858053,0.03,0.09959307542819469,0.1458715348783844,0.23099440360129891,0.022920145798323546,0.04,0.10121842081269079
309,0.24204735857915072,0.20749706848602267,0.28216246840174325,0.02009266175330821,0.02,0.12160502037194686,0.20103416297384025,0.28938481281781747,0.024968929192558498,0.03,0.12605480790314774,0.2146450503777615,0.18538685831944712,0.24288340749808998,0.014925963112052541,0.03,0.12394088728816596,0.1785050157397169,0.24884204781012728,0.018687830669089557,0.07,0.1372068701433179
310,0.19860253433785768,0.17688396926839442,0.21974617328217164,0.012344835092342356,0.01,0.11593173411369674,0.1718553370721146,0.22225167353810665,0.014947444389319497,0.05,0.12493865615549588,0.20600272791672403,0.19097443596911862,0.21992077854430084,0.008009307980008738,0.03,0.11271508618443038,0.18830485519620416,0.22289638892018418,0.009621596445052614,0.05,0.12130363418491866
311,0.24167405234116934,0.21353621157375352,0.27183821893774623,0.016234769486716774,0.02,0.12396359096233653,0.21030630630225733,0.2714476090178059,0.017456943775125047,0.02,0.13188405912075502,0.24045746980489113,0.22412020548844686,0.25501676444656685,0.008611888756059304,0.01,0.13831968183008306,0.22240967008512336,0.2561757440383823,0.009577809385048574,0.04,0.14717076526757086
312,0.22850315962077072,0.2162137004931739,0.24310234434110994,0.0077601215283457595,0.04,0.13270682145988227,0.20449739154211732,0.24861438716556855,0.011532537756562386,0.05,0.1474676613142002,0.23586215986653158,0.2145717540765621,0.2580091889684787,0.012459453599706216,0.02,0.14375805565142497,0.21380471325774486,0.25688108957416905,0.01288591032477946,0.03,0.1539089953851999
313,0.19906693759953153,0.1724357158521464,0.2351913545508107,0.018707630598201304,0.01,0.1184016666082987,0.1665502374838395,0.23928908538331553,0.02079398766670755,0.07,0.12788081829116188,0.2226543335658544,0.19272734266928165,0.2582508491317487,0.017755098180037936,0.02,0.11760488695270313,0.1872873630727337,0.2661566529585938,0.02034216033432736,0.06,0.13105628141061076
314,0.22271916603251718,0.20197467118389775,0.24518030884479947,0.010921079811462923,0.01,0.13329989614932106,0.199273858169117,0.24835943518663148,0.012411960772252886,0.05,0.14626677506877878,0.21321469969307483,0.1872861145839286,0.22916058423672028,0.011496178354971751,0.06,0.1293792052367085,0.1814711941790556,0.23189844788644481,0.013418399628164776,0.09,0.1393922463198868
315,0.21053595376139622,0.19244712714525547,0.22795223342022183,0.00905802704024536,0.01,0.11686129723605941,0.19307875167291147,0.22737631026110586,0.008601671766598706,0.04,0.12208290320598168,0.23448723577985575,0.21340680309211446,0.2532722820495074,0.011036854273733831,0.01,0.12994875957927754,0.21179476588569585,0.25577423466420807,0.011949698990422999,0.03,0.13858490261233372
316,0.23663850053796232,0.21619566858912137,0.258764790765146,0.011869777290432945,0.02,0.13882290836253322,0.2126410169148289,0.26441096884142173,0.013664420581735998,0.09,0.15492966674930794,0.22060161137100653,0.20782319079195105,0.23458086493947786,0.00770928662315951,0.02,0.12656143025170363,0.20633950998754352,0.23496520501212936,0.008045411584881569,0.04,0.13611200825312525
318,0.1799473529947182,0.15497341712618226,0.20380479687455577,0.013901614662593488,0.03,0.09789075587681216,0.1518625789172881,0.20651141485886448,0.014622853811843441,0.05,0.10572117070545652,0.1916784605645594,0.17538252386293687,0.21000255815347604,0.008857681192099648,0.01,0.09489165716913817,0.17341080184166016,0.2098089604952993,0.009678234335798707,0.01,0.10135386218094222
317,0.22830595517921992,0.2044303319592392,0.2500957120086416,0.012290033033283717,0.01,0.12134935053654317,0.20044837520576453,0.25436757564874307,0.014068969780773493,0.03,0.13144867775388305,0.22673873359895147,0.19785873327478976,0.2520392110296508,0.013895572916414137,0.02,0.1162386540146917,0.1938709582060052,0.25348894942275957,0.015209305332458725,0.02,0.12540714032101272
319,0.2119706516187625,0.1900441408831306,0.23156375528535014,0.011432606143338393,0.06,0.1288971620993049,0.18745356240367786,0.23320032515301023,0.013247690169845871,0.05,0.1345082831205782,0.20713311994550576,0.18745627955915145,0.22973363279980474,0.010752636111439774,0.03,0.11170700851389485,0.18570122123586572,0.23102370604072425,0.01147451787864762,0.04,0.12006550529982715
320,0.2297469369850731,0.20980691598885196,0.25426052382608016,0.011213390579829008,0.01,0.12276677355717669,0.20794223843572873,0.2568195678319287,0.012766669528628247,0.04,0.1289924154851831,0.23047642578255267,0.21326986371119636,0.24756761073482386,0.009290275653116823,0.01,0.14076865322963952,0.21199101068616605,0.2510904706332043,0.011082076606494243,0.03,0.15039084209027673
321,0.236041639596686,0.21198933302415363,0.26167447155984924,0.012466332301782198,0.02,0.14039260370192835,0.2103806737139408,0.2638144321881106,0.012983489708098414,0.03,0.14725871040912017,0.22776556173137052,0.20895557103288023,0.2410119241134582,0.008268743972581708,0.02,0.1301552356236146,0.20539603673121698,0.24282402602532493,0.00947761297343167,0.04,0.1382444012049237
322,0.21456315137033055,0.18697193349123237,0.24580339768706083,0.01547483139310781,0.02,0.12088034098815006,0.18817653459618994,0.24567062136258436,0.015538875933782817,0.06,0.1288698222258972,0.20980179538221488,0.19658261427601884,0.22563655164073096,0.008179272571999331,0.02,0.119394427084413,0.1940752189964424,0.22671382919104688,0.00877487783670043,0.02,0.12344041822913468
323,0.21586567697908343,0.19953938670496746,0.2343244808212775,0.011462619823106606,0.04,0.12335134099112284,0.1984536610919389,0.23470312242688335,0.011839277184041527,0.05,0.1297881245867229,0.2005682075615276,0.18353523779018036,0.21722147885202095,0.010411927383671596,0.01,0.11803166782849867,0.1778128337244819,0.2212966831775381,0.011986911988300082,0.08,0.1230192764107721
324,0.23929864615204455,0.21908088271130638,0.2610941054944964,0.009696015379712666,0.01,0.14276476117368156,0.21350574895132224,0.26456752071167633,0.011309014674313682,0.03,0.14576725516691613,0.245799304934045,0.2201846951132,0.2723557674763588,0.013706942371111057,0.01,0.14229450905603128,0.21586016142080744,0.27355223289828684,0.015061930714435486,0.04,0.15602714379331573
326,0.22483051044942926,0.20304659307041403,0.2492134065740296,0.014076525799134643,0.02,0.12248924947860301,0.19675369097099038,0.255206781076574,0.018250433730930105,0.04,0.13226911462069704,0.2199229129501994,0.19079513692011682,0.23915144664803453,0.011457411862976344,0.03,0.11870382002478125,0.1856671426895783,0.24306959545771298,0.013619324690014211,0.04,0.12299878122799549
325,0.2512807754516402,0.21541356988773258,0.2921317095349922,0.02272367225427691,0.03,0.14602456350924037,0.21077093428938676,0.2953670343705312,0.025090625445580023,0.03,0.1592845908510608,0.24358634395860967,0.20956787636044305,0.27923587089478785,0.02080367473791985,0.01,0.13933814562035693,0.20460517260881345,0.2840802780633815,0.02372142621765271,0.06,0.15319959399982433
327,0.25656189979002253,0.23407917139922962,0.27824538055249376,0.011854318013434386,0.03,0.14118835032801172,0.2306121523141511,0.28042820126718476,0.013507089090212353,0.04,0.15549689911087275,0.235737501734806,0.21446443484595268,0.257333417047416,0.01107554533388253,0.01,0.13638645188360826,0.21145438497498703,0.2599195353756574,0.012550898978113175,0.03,0.14731009053486774
328,0.21430634701432805,0.194777772016527,0.23466614782071077,0.010267977025615044,0.04,0.12492043141715506,0.19360398884445362,0.23675435949550513,0.011292821045317668,0.05,0.1382214793043877,0.20971123706528694,0.181697036902784,0.23375690704518926,0.015142480246014367,0.01,0.11952790383755997,0.17599229439402442,0.2403271398003446,0.01807179855711441,0.04,0.12258031896566227
329,0.23769227081593858,0.21470795374003687,0.2609063121976746,0.013253545014837873,0.01,0.1276997527712563,0.21062333363710573,0.2685276349382603,0.016624378996262703,0.04,0.14387253554921411,0.22082219957824645,0.1997648895880759,0.23820291478305913,0.010319956005317148,0.04,0.1329349707808214,0.19775326439291896,0.24087122096663335,0.011942195021290264,0.06,0.1370421056661133
330,0.2439074313593972,0.2229615351755812,0.2619599280193449,0.010410176294908209,0.02,0.13379906991579432,0.2207267454468389,0.265910791715697,0.011425160885084593,0.05,0.14953110141756942,0.2382412512763219,0.21500592993342876,0.26091529915358513,0.01077191962680874,0.01,0.12895626243370178,0.21165834734013772,0.26216200007942836,0.011934500219368989,0.03,0.13908374575056137
332,0.21591260390407996,0.19560145893619205,0.23860997533023012,0.012620434837692662,0.01,0.11997739635595031,0.1928842571792578,0.23917535174531945,0.01410953806664387,0.04,0.12899719662432196,0.22674263537936135,0.204766587000043,0.24994480817584325,0.011308614592779263,0.01,0.12446911558411432,0.20319692777147508,0.2509671129458265,0.01159202006537092,0.01,0.1354862403756029
331,0.2483215275803916,0.2245728759811027,0.27169175562133363,0.012731533882804617,0.01,0.12919797075877523,0.21930882526715334,0.27396306834934386,0.01462102666518717,0.02,0.13933532843203442,0.2572043013171479,0.22625191550544133,0.2951832363648486,0.019136994922344167,0.01,0.12509113240927153,0.22376759924477002,0.2980932838477921,0.020514113055552632,0.01,0.13927931457691642
333,0.21287772049191656,0.1952410816664214,0.22790545760907904,0.009184894355438419,0.01,0.11651424304197021,0.19298554956025588,0.23083204358108916,0.01042874750074176,0.04,0.12495107582476651,0.20375123750539892,0.18763264286083434,0.21954568640603758,0.008931316845025671,0.02,0.11998096510182274,0.1855297138109646,0.22236161922971767,0.009445907002975965,0.05,0.12689527376525891
334,0.20140030646201446,0.1845390632742628,0.21789665562901264,0.010105741990970732,0.01,0.11073835006757297,0.17919859637356833,0.22271252932719818,0.01351611990642986,0.05,0.12182497029144362,0.20170580967527219,0.1815209805718207,0.2204735900580427,0.011621920101557546,0.01,0.11952824659272328,0.17430960012239805,0.22902040788518735,0.01671152728243207,0.09,0.13127411161525462
335,0.1817624161100948,0.14412503643429422,0.22384112371280693,0.020043585944465155,0.02,0.09027897991063734,0.13894827122095535,0.23224819692237397,0.023781471713677487,0.04,0.09965616393351087,0.1877432226785265,0.14191778306084793,0.22879401888188208,0.024629969562158717,0.02,0.09276949688925597,0.13542522145651215,0.23534486529380963,0.02791603318834867,0.03,0.10734408450330084
336,0.20818817057580663,0.18820871155772065,0.22700193867065677,0.011263461778835582,0.03,0.1200507462273322,0.18342294369200568,0.22880681999218636,0.012366517589212225,0.05,0.13052829569154378,0.21596051386682724,0.20488825253202023,0.22823521970612912,0.007286976921272695,0.01,0.12036508444609363,0.20263541826417986,0.23058299568891893,0.007634300013161296,0.01,0.12874593559427747
337,0.21527871804100496,0.1851093721547968,0.24267296871550365,0.01450744363745226,0.04,0.12634855549517116,0.18043527497353895,0.2470200821459668,0.016550850155432797,0.06,0.1409008997304223,0.21460212819206337,0.18785380073270277,0.23883606234754842,0.013945133082877008,0.02,0.11847325297498133,0.18635837702733368,0.24107922775340965,0.015065315225655561,0.05,0.12534205532452103
338,0.20570260338435187,0.18673607262283798,0.22269529544965522,0.010331735860947313,0.02,0.11162978143182069,0.18440887563510974,0.22535643512307715,0.011697091159460321,0.05,0.12542431945884208,0.2260203453427625,0.1976417485116284,0.24950618661792062,0.012699856405546368,0.01,0.12569760921004325,0.19620890576653394,0.2500331606063473,0.013762595688458355,0.05,0.13820792394210532
340,0.2174403945970731,0.18544719839322607,0.24569556180745908,0.017423056663386758,0.03,0.12728747269077165,0.1794389789230973,0.24876160814661538,0.019383737633808455,0.07,0.1342557150950147,0.2240227778022792,0.20092899685008675,0.24964658373538243,0.012881220621534309,0.02,0.13796852965258735,0.1972349777367921,0.2558657605933898,0.016057960523970058,0.1,0.15593908325114644
339,0.2095384833714764,0.18765931429626634,0.22898837624914084,0.010858282859167184,0.01,0.10196716008100161,0.18507992599943723,0.2316647785534748,0.012186005870313406,0.01,0.10642581633361684,0.21855023700186926,0.20532074157823801,0.23116414770777713,0.006760001936218203,0.01,0.11086023216658304,0.2019540985932525,0.2360748272115841,0.009488344035507653,0.02,0.12415732069101529
341,0.214993856315993,0.18656154513274165,0.2459236844007552,0.01622626399635279,0.02,0.1144885307009218,0.17981298683480818,0.25407571322611994,0.020414350617968036,0.03,0.12075560730514152,0.22193743885851624,0.20550055863520825,0.2398671936996766,0.009631556232172425,0.02,0.11436520039016893,0.20405164334966655,0.24156064652864456,0.010386153423853814,0.02,0.12664488236289087
342,0.23651580944873984,0.21522198534884052,0.25492107869967606,0.010354368787903077,0.03,0.14433747526652507,0.20712550518756817,0.26133972740771827,0.0141256108755542,0.07,0.15262153815693938,0.2087089620945246,0.18954198892262383,0.2292304381748052,0.011156816099477935,0.03,0.1288293851200559,0.18587373530561013,0.23060808782590395,0.012415299113880993,0.05,0.13482072900931918
343,0.210733172469582,0.1792384175675424,0.23204396759770923,0.013226809250643134,0.03,0.10426545814296269,0.17644414344579734,0.23493740813985156,0.014626665258831552,0.02,0.11626010138482946,0.2248687182598239,0.20585217585669105,0.24308068428256777,0.010098719902648382,0.05,0.13566959290022376,0.20217477602698727,0.24549672612971624,0.011957956214239401,0.07,0.14910720302215041
344,0.24549632633057605,0.22940324460719447,0.26031069818951236,0.008677963955319178,0.01,0.13140516549603476,0.22565729454337768,0.2636046525098932,0.010256005291011297,0.02,0.13503567543633999,0.23601572051751862,0.22144343150063273,0.2540052272849739,0.00861101465798277,0.03,0.12455282803675104,0.21854544724668618,0.25708406945006057,0.00993858366366037,0.04,0.1280389697575759
345,0.1948133797754883,0.1720567849760631,0.22554398261319347,0.015210108248443757,0.01,0.09656581573561886,0.16579993414339733,0.23231339537902557,0.017602882438030286,0.03,0.09930902609466885,0.2003083992835233,0.18251584038669721,0.2259966103688542,0.011822957869967633,0.02,0.0940475416478407,0.17803277601711467,0.23080817157211211,0.014461459501832613,0.02,0.10202871802262721
346,0.21618813083481658,0.19965424242403565,0.2332120945876816,0.00884495208145914,0.03,0.13496941847248842,0.20044129176196482,0.23133873663684987,0.00846661017008837,0.05,0.1426106013305365,0.23378940503941603,0.21751900996441625,0.24963474111626643,0.008375210554751123,0.04,0.1450796557343537,0.21365506041373017,0.253865541725248,0.010727588721104993,0.05,0.14985776841083653
347,0.22635167126296096,0.2003150721764067,0.24672232591808657,0.013643211218903101,0.02,0.1293448216170955,0.19676531812374443,0.2497055589339381,0.015255998874734285,0.03,0.14772885570685387,0.2294570427560343,0.20624767392214055,0.2521575979426596,0.01151634261560655,0.02,0.12958648806809842,0.20609624346542538,0.25347958772850504,0.011607317613137052,0.05,0.14125104915310874
348,0.23663049595510177,0.2263335026019885,0.24815771018039307,0.006571190836649905,0.01,0.12868149650419816,0.2219887159446704,0.25186531396449957,0.009005469474944456,0.01,0.13714636140491634,0.22218301696216258,0.1963729809740111,0.24715165392737054,0.012811429964164293,0.03,0.1328543963527195,0.1856785717991562,0.2583538362629506,0.0188436659868253,0.05,0.14205171870643102
349,0.22899899171202698,0.2097444704700552,0.24749739206479146,0.009312872706246594,0.01,0.12200639608712005,0.20709902889967097,0.25389077490917916,0.01114916404956261,0.03,0.13294389138714904,0.22699988971473406,0.21167211149194132,0.24189702769884183,0.008526761495755104,0.02,0.12975356452322148,0.20909557732716758,0.24439142904446923,0.010105618262468113,0.03,0.1399330558816265
350,0.22534963669029295,0.20656763772761547,0.24453655254668405,0.01236330137645682,0.01,0.1348426631162951,0.1976119663792834,0.25232671538344537,0.016056957543064132,0.01,0.14319544225125805,0.22669119492011447,0.21318734576080506,0.24136276477916904,0.00821624327829974,0.03,0.13537747593952615,0.20766184553521033,0.24434997476332593,0.010163886372013731,0.06,0.14189266877479007
352,0.22833196496850494,0.206868486159006,0.24840559328947992,0.011487949692702133,0.04,0.14306677794012684,0.20250821276549608,0.2549924466070528,0.015059018082471825,0.04,0.15215205741923035,0.21346815246570294,0.1978891648449534,0.23030069446541016,0.008334317274593198,0.03,0.1281511589377601,0.193792544195452,0.2329900879510285,0.010628870195633093,0.03,0.12907211134048566
351,0.21338945726183045,0.20080907247309132,0.22557512883523967,0.006827997427333227,0.02,0.12536404254303485,0.1994235844738583,0.22640342175157238,0.007505393972765459,0.04,0.1320488272186511,0.2103237872073418,0.19174174844071432,0.2289396780493957,0.010237884882565542,0.02,0.11940338309433791,0.18873057930706744,0.23449368402582937,0.01188345884765935,0.03,0.12856549473291737
353,0.23171711178278276,0.20035148378536116,0.258345290623302,0.01683687794221162,0.02,0.12895486992116084,0.19483374051570707,0.26571938169064535,0.021191587136613763,0.07,0.14210723496163363,0.2367790120397988,0.21256830781937958,0.26733643924217787,0.013810411997741103,0.02,0.12663314729395883,0.20617882264716675,0.2719142281576038,0.016900627879918112,0.04,0.14071606902287537
354,0.23282931811319596,0.21396061028351976,0.25438883562879067,0.011987691385908656,0.01,0.13004546947173942,0.20972705202034553,0.2580379283740938,0.013608868230797063,0.06,0.1446070476588622,0.21834751612472392,0.19875591072148752,0.23729336882772004,0.010738545188002241,0.06,0.1509711663555829,0.19517422434152176,0.24080547182063922,0.012845569708986575,0.08,0.15855993102601335
356,0.22537838903941765,0.21186955549774114,0.2456835635572001,0.0092679946347393,0.03,0.13533973027534546,0.20633543824153913,0.2517193286543432,0.012072060791353909,0.09,0.14502862014324683,0.2112806898418942,0.19626805272511927,0.22568886362731969,0.007376174999885919,0.03,0.12957502509788754,0.19406951675597953,0.22949768405301155,0.009237657229446044,0.11,0.14365706064123848
355,0.21373134116199477,0.18850053958449267,0.23704239940459584,0.012821764766355263,0.02,0.13471088284558536,0.18204702871742007,0.24389042148126414,0.017077294528994744,0.05,0.14301280266892571,0.2254464097696065,0.20434488759376107,0.2485603459611913,0.011776759040627787,0.03,0.1360164632417596,0.1993907305365687,0.25025963753603697,0.014029394200896227,0.06,0.14247681381257926
357,0.2222746775653217,0.20790383738478072,0.23652441613301955,0.007936985015828282,0.01,0.12954823459878523,0.2060266608466698,0.23694541006538222,0.008406139047583059,0.01,0.13751532697109722,0.2226882309294318,0.20962948004349133,0.23720370976668984,0.007051777570774118,0.01,0.1298537721557105,0.20994486639719762,0.2373080252661238,0.007278509404935123,0.05,0.13979074869758226
358,0.19943566418261582,0.18801212690261654,0.21439005635752353,0.007637066478968654,0.03,0.1250848863594641,0.18522876041631023,0.2165418044883824,0.009496125444676753,0.06,0.13234491019345868,0.21613297835256162,0.19776786726917736,0.23056595301140428,0.00927711772318316,0.01,0.11439549334190775,0.19489597852712967,0.23190422239603925,0.009784896464313225,0.02,0.12366059304468088
359,0.18988617683036324,0.1618890596128808,0.22187633717481642,0.01554662407351021,0.01,0.11069833513672822,0.1573994678479353,0.2274551579743453,0.018307099108968602,0.04,0.11335284183730575,0.17599483120986736,0.14387488348429223,0.20154044642276303,0.01467435225857645,0.01,0.09822782851111671,0.13793733189308954,0.20791111314222593,0.01782436349949825,0.02,0.10165205715760167
360,0.2543298664454543,0.2332781183515733,0.2780265225899246,0.013369576391250223,0.02,0.13770514016662697,0.23002502497453992,0.27988036492595997,0.014511552326244358,0.06,0.15722535792598846,0.2545895833590013,0.23821485595770137,0.2734447450302203,0.01074344456209268,0.01,0.14340856915816824,0.2333283660529074,0.27534597801804905,0.01128742722365173,0.03,0.16418329343379995
361,0.21015767620832104,0.18294457123223812,0.2427654647334785,0.014387505741501492,0.01,0.11811136364836868,0.17805075974326817,0.24724493243163703,0.017235816798681036,0.01,0.12462305706707949,0.20126915768901465,0.17118743123335906,0.23228977377216534,0.01650326702057207,0.01,0.10784268183882371,0.16464359239400658,0.23721309803463222,0.020458896443396116,0.02,0.1110790635474262
362,0.23125018596051294,0.20434962238086707,0.2604631487416972,0.015530810058632286,0.02,0.11584078301816192,0.20240920417291647,0.2650233831475405,0.017146643006455575,0.03,0.12910573560814173,0.2446980438409634,0.2291794873864138,0.26122290732828,0.009116539250599772,0.02,0.13006222656077324,0.2255813603717643,0.26426041971134573,0.010662020677125555,0.05,0.14281681902624985
363,0.24396050714757855,0.22421073383094614,0.261719111886833,0.01091859259553144,0.01,0.14078937457313273,0.22357752256270813,0.2632944969567085,0.011583448052823095,0.05,0.15172842292326447,0.23485562707286345,0.2079295727394479,0.26277587822174964,0.014398722892908711,0.04,0.1497896717444571,0.20617688494211672,0.2650173671180916,0.015550964912145202,0.08,0.16344152045592403
364,0.21687872702636213,0.19528953207193128,0.2392635164667604,0.010858778897303209,0.01,0.11343204392549015,0.19661432674318355,0.24157974420485795,0.011495027883165646,0.03,0.11814366393711664,0.2103565986590734,0.19513038084984471,0.2326763576718074,0.01062859113346092,0.02,0.11958975232166273,0.19474992951407222,0.23480944612915552,0.010899706566509527,0.03,0.1274959728797942
365,0.2400643688201738,0.22302442692340596,0.2721665362911556,0.0113007899495517,0.03,0.13567054310292556,0.22018314011271378,0.2748891289617774,0.01386783643123741,0.08,0.13974171507944108,0.24432000351742467,0.22780495616172453,0.2621822628214839,0.009177431274233603,0.01,0.1284378465326894,0.22652823579585485,0.26416358213329505,0.010644842743263931,0.02,0.13201154590183672
366,0.2367665445173257,0.21657746211735768,0.26024816116902144,0.012481522211341193,0.02,0.1329398474593786,0.2119929596224192,0.2650828090568197,0.015316171755949605,0.02,0.14173969992956065,0.20685320391414752,0.18082411743241428,0.22895836455293925,0.012281361114224369,0.01,0.1132365711384308,0.1849220120111344,0.22596456752577568,0.011535446096229434,0.02,0.12390179902016984
367,0.20447081570390235,0.18630244394280346,0.22536813614525703,0.009686708024669168,0.01,0.1007183163368375,0.1852198210880846,0.22589074419224026,0.010342923802166682,0.01,0.1108043452455055,0.2293708989005152,0.2097858335490587,0.24748879964625872,0.01089322695053866,0.01,0.1314514077853023,0.2058655511669224,0.25286073103386963,0.012720034243900818,0.01,0.13757830225001483
368,0.18174808259453545,0.16102730960640815,0.20546082108789335,0.011719395958261386,0.03,0.08660273083118539,0.15976656201792036,0.2080344981332994,0.013098206903901836,0.03,0.09110504067724896,0.1903054083846989,0.17135201922386467,0.2137374701244859,0.011681555025028253,0.01,0.08580193259859281,0.16919325457226,0.21635167337134006,0.013681114211075322,0.02,0.09304467787777278
369,0.20978487218169128,0.1794510870626141,0.23807126410546284,0.01701069137846317,0.03,0.12030033731017853,0.17577334628567698,0.24342152304424136,0.019690746553808314,0.1,0.12957547620918985,0.22584833630894519,0.20218623110401368,0.24817858070055712,0.013052806573036264,0.01,0.1240324291684965,0.1992414234222199,0.24726460548352605,0.012305354559886138,0.02,0.13421212764903834
370,0.22750351176249417,0.21221492043822368,0.24434739329172492,0.008479969189363924,0.03,0.11153243610763042,0.2046385265038031,0.2514739111028138,0.01178349096083683,0.06,0.12052467977003248,0.21809108267446575,0.200544538270907,0.23296556451730188,0.00963055996522594,0.03,0.11073803658988586,0.19918591346147804,0.24048380387325508,0.012169966227371275,0.03,0.11843481484193992
371,0.2211471987847613,0.19344884545511817,0.25328641725532286,0.015421096730108462,0.01,0.11529814003640435,0.18360385797046846,0.2612092277131607,0.02160775558744381,0.01,0.1209493307387719,0.22325197259667373,0.19846286501349916,0.24751448046213484,0.013349039749053049,0.03,0.12494006375629978,0.19751026047995918,0.2510147082892087,0.015240968634367294,0.05,0.13515258393038176
372,0.2144292657120097,0.20101711323953003,0.23187759948236616,0.008465224992462075,0.02,0.1064464705156665,0.19989839652714064,0.23432480714391626,0.009305813098740455,0.07,0.114666922538133,0.23014316191963946,0.20525302153650937,0.25533273853104194,0.012111576872380994,0.01,0.11625183861809171,0.20536732421480852,0.2532146778063921,0.012032391378851016,0.02,0.12394677769163864
373,0.21259948615276691,0.19257011942102029,0.23398301979245145,0.011066697042561623,0.01,0.11626267580370514,0.1893492449341843,0.23808272649685613,0.01297746544992805,0.02,0.12233231029933143,0.23398443398337854,0.2150512223347293,0.2547166875317413,0.011540406642649098,0.02,0.12704935331049588,0.2107070714228243,0.25910865454911747,0.013469155659614233,0.03,0.13626149277186544
374,0.20715203689527684,0.19554071731837647,0.2194489606048887,0.006737473957472767,0.04,0.11696272765777746,0.19423643930722484,0.22291542107121817,0.007973423067910768,0.07,0.12160972207396256,0.190160826538599,0.16813862001445035,0.21384304426433637,0.012888209002909644,0.03,0.10648049486170806,0.1634883050838202,0.2183920811765337,0.014148468473883477,0.07,0.11447540527175813
375,0.21967990938767734,0.19711584461068368,0.2404717791556875,0.01146584252001812,0.01,0.13023252809572444,0.19267751209296707,0.24573118612413153,0.012716191305258457,0.05,0.13933038833071507,0.21097402742359428,0.19623532465944704,0.226994350027916,0.008404934023641678,0.03,0.11002892599225356,0.1926188452276783,0.22979423932211365,0.010006595951637455,0.05,0.11612941075560343
376,0.25302863063768566,0.22507274183609516,0.27866823642197297,0.01410268654866755,0.01,0.1391623025432308,0.21769643956536716,0.28569488905526363,0.01914582946109013,0.01,0.15158654684866288,0.2570401951145831,0.22486212518054638,0.28793020723930673,0.018495181860905027,0.02,0.1518541492946104,0.21670005929331682,0.2942737726515497,0.02363344911623542,0.02,0.16000741729374368
377,0.2089844731453505,0.18737950659957003,0.23135965664128713,0.01214090193700482,0.03,0.11216645818896138,0.18272416979579065,0.2346429599552485,0.014202073388362301,0.02,0.12121360453359377,0.23594351286340842,0.21675191479510114,0.25803441112551795,0.010388509018388422,0.01,0.11949815848141951,0.21546342192219725,0.2583744418007916,0.011259340721421417,0.02,0.12519156978829654
378,0.21268559718901425,0.18848249311532633,0.23508749319082436,0.01241398858005151,0.01,0.10958317095817516,0.1860835443312571,0.23606607729604107,0.013517978277241334,0.01,0.1209808593516498,0.20010424097665158,0.18872072419412608,0.21291924313525742,0.0070334459594158195,0.01,0.10263994503832662,0.1853923996468835,0.2157371257107258,0.008416014266201699,0.02,0.11818224819701197
379,0.22871856327935625,0.2189851969990813,0.24209240480196503,0.006187875828879252,0.01,0.13673673573238038,0.21666038630733503,0.24377775240437635,0.007905452707132065,0.04,0.14719303466993577,0.22108502914251105,0.2147565613459435,0.2271087324010607,0.0034131406007753095,0.03,0.12598187514299772,0.2125812131503586,0.22860229657809214,0.004338573504101711,0.05,0.1336783205309296
380,0.20233395640839458,0.18056945661948437,0.22270208198943578,0.01076119945967305,0.02,0.11156846129561515,0.17622677726581037,0.22693294448343093,0.013478533273207192,0.02,0.11872877486987299,0.18990581984876176,0.17760069692932187,0.20432437540820064,0.007303823235274228,0.02,0.1142594012204248,0.17505007254210336,0.20875956168227178,0.008870744495528188,0.05,0.12159854169265887
382,0.19854433947475414,0.17974011402874776,0.2132740191401193,0.009399671805573039,0.01,0.11677216596083755,0.17497718517012237,0.21420089477341228,0.010129060408364008,0.06,0.12675647241506066,0.19646720242076388,0.17872700421152685,0.21384154274455813,0.009788878486895495,0.02,0.0896045106255038,0.178188355485627,0.215205194747296,0.010261816480043607,0.02,0.09597760623288987
381,0.2236054638503946,0.19371773394302322,0.25807690224463264,0.017497975004732165,0.01,0.12351422863914203,0.18951673070764657,0.26341490535880235,0.02028489693420901,0.03,0.1350448723218727,0.23236745524082725,0.20609398685290425,0.26030699126608525,0.014126886044851628,0.01,0.11171521527665429,0.2016790716641622,0.2627295850381812,0.015927886708024964,0.03,0.126246537609906
384,0.2446620486016995,0.2181358113897502,0.26916197886394216,0.014203320498124061,0.01,0.12904860308804955,0.21094955867686566,0.2785164610946359,0.020807775089717147,0.02,0.13458455833910327,0.23084126041744213,0.200020264327478,0.2573513249289853,0.014540225434063197,0.01,0.1343107780538947,0.1914893756626873,0.261750054720824,0.018118089399367425,0.01,0.1387724871160806
383,0.2301609585905462,0.2044665070279384,0.26198384822182114,0.015773462421869208,0.01,0.11881420985264958,0.19889850492818384,0.2678566966033888,0.01947098313300933,0.02,0.1290844955098943,0.24949079988903744,0.226066339880792,0.2703669261284273,0.012563279200659184,0.01,0.13264642317074096,0.2204609677813376,0.27435961673505704,0.014721634454779179,0.04,0.14581871634220586
386,0.23368094163807207,0.2038019137176238,0.2668474219665772,0.017640258410273835,0.01,0.11685338382766977,0.19731261115400017,0.2731335783412662,0.02075289716540239,0.02,0.12364862746376877,0.21873758903404905,0.19611176399131516,0.23547523688373614,0.011096818190376157,0.02,0.11742538058241486,0.1952847294398991,0.237504069207981,0.01215419846027679,0.03,0.12439121253829527
385,0.2545296370183676,0.235894244451811,0.2726784153808217,0.009336655188461928,0.06,0.1582651367389074,0.23317813111535335,0.27409772756502393,0.010320546914094302,0.08,0.1648967146964182,0.22892365368313694,0.21304880300440338,0.2442897379806163,0.008928665935893811,0.02,0.1360873874780049,0.2115280720524569,0.24472382605726933,0.00974083079126415,0.04,0.13916415678958557
387,0.2223792400848037,0.1949920887121094,0.24995698967887825,0.01744193712245498,0.03,0.11762144486631664,0.19210660021026477,0.25220371120911345,0.01864887764212933,0.05,0.12677363846393022,0.21780376482450148,0.1975907615097471,0.2360318738427396,0.010920528213500496,0.02,0.11684793869692957,0.19509625586190388,0.23811036081030842,0.012306825343153548,0.03,0.12959043939955803
388,0.25212844769687504,0.2315011371733145,0.2748501158385609,0.012007014981831966,0.02,0.14562160322812917,0.23056862927224459,0.2777005675167496,0.012832442588899942,0.06,0.15839630619641482,0.24112110553318278,0.22688073527410424,0.2587304031230725,0.009312760631610632,0.02,0.1399259959753908,0.22581927150276604,0.2623111511451791,0.010183420561519082,0.04,0.14909023035343652
389,0.22128225465144258,0.20107032367015934,0.23570440262741807,0.008741925683788947,0.02,0.12532321219738254,0.19520266737959577,0.24030124367732264,0.011477183811484395,0.03,0.13425938814329227,0.22458263920703914,0.2115610457582783,0.23901541549231614,0.007421456745809607,0.01,0.12020455216190458,0.2094379891711564,0.24373149359843377,0.008920145410218926,0.03,0.12610368452103746
390,0.22375262355025693,0.20623450968626705,0.24083866503232243,0.009721136488848516,0.02,0.12020980669137536,0.1982898531399264,0.24660457858043858,0.014250331932945693,0.1,0.13235359104294495,0.2226245398176534,0.21147903593004647,0.2349092330417973,0.00615256701725461,0.03,0.12735774191926474,0.21162498208194638,0.23631313346907684,0.006875461325538339,0.05,0.13955453134174722
391,0.2351523233115902,0.21727794296646274,0.2551332579401785,0.01078111432796961,0.02,0.13422970531726316,0.21451703103303588,0.25812107516386207,0.012111684966843912,0.06,0.1440462297397491,0.24106524828054798,0.21318192469973674,0.26584334843113067,0.012887757642485708,0.01,0.13997113528569266,0.20627143749490257,0.27331141020992755,0.016496456454563036,0.02,0.14315969344136695
392,0.23876315258658654,0.219860717080394,0.2562352117326069,0.010737322643953703,0.01,0.1432182283808999,0.2158204818043622,0.25875000218040206,0.012656642760291404,0.01,0.15577518884532468,0.2390342615779515,0.2116611185236668,0.2688956057404229,0.015155635351442395,0.01,0.1359155923149067,0.20602673548592826,0.2707799519604821,0.016030444376387287,0.01,0.1424125297132981
393,0.23295545283279395,0.21250293672495618,0.25612386020443256,0.011072954442618533,0.01,0.12982615045170903,0.20576589522217964,0.26306528693015674,0.015624535070767264,0.04,0.13864811557274298,0.24536751917262478,0.22401408410484053,0.26911459557910256,0.012264127667501068,0.04,0.146502464704457,0.21558104026477365,0.2759893237215638,0.016320353419385696,0.07,0.15583162912042395
394,0.2289569395366371,0.2080415898808374,0.2501158967853151,0.01123000070992892,0.01,0.12902017756803769,0.20693412663181532,0.25377877600998716,0.01332248529078415,0.01,0.13311504133001584,0.21571354059421566,0.1913545569428793,0.2395779792245251,0.01373795495799208,0.01,0.12748460353627347,0.18381913285277465,0.24783586091728305,0.018277963841673028,0.02,0.13705687563282004
395,0.25447835457707235,0.23557705677613688,0.2735874496962014,0.009552604858364204,0.01,0.14798410632456685,0.2330100397837716,0.27654533647046475,0.01088136673188023,0.01,0.15547224378047622,0.24937402249966745,0.23765726312053087,0.2621819984486131,0.006457127358909474,0.01,0.1554972979428796,0.2361669705464371,0.26204562774752027,0.007000386052423542,0.06,0.1655643626339888
396,0.21065876697293007,0.1825751179566469,0.24040108510785693,0.016769636953385902,0.04,0.11840923680387731,0.17720485044644882,0.2459979668162199,0.02105402710431515,0.04,0.12715227412465555,0.2003465274988585,0.1711007968077379,0.2300570297991981,0.015915971987655028,0.01,0.11110298303968108,0.16475501296940523,0.23533072603073163,0.017956807378178053,0.04,0.12013311055892528
398,0.21410082084051485,0.19384310132076607,0.24028762291732378,0.012142510425834627,0.01,0.10377299469451884,0.19284100893795988,0.24343038672737743,0.0129265515548529,0.01,0.11182295049524833,0.1985123877030004,0.17003027363541529,0.22525611367990556,0.01521050957363094,0.01,0.09596167358433073,0.16582893994179915,0.22978770617993996,0.017079172524047417,0.01,0.10202484642793513
397,0.2274688906175868,0.2126702603341096,0.24372926725777325,0.00856985378425071,0.01,0.12750771733627742,0.21297082147980348,0.24488025420933668,0.009026608441750789,0.04,0.13738579027135692,0.22601603545612825,0.2058957685015097,0.24891369988348624,0.011284838878444501,0.01,0.13125719447754275,0.20129053291643717,0.2525149088929121,0.013658744300228898,0.04,0.14186507461441372
399,0.22889942568477117,0.2070021105458842,0.25726156187406846,0.015183113142164065,0.01,0.12622273460298794,0.20464465603963145,0.2613452210505436,0.016506611065327356,0.04,0.13849191457928448,0.21460376404550896,0.1880767875151738,0.23776062944079226,0.012575612959478491,0.01,0.12552161569496925,0.1856601670447849,0.24003536920018215,0.014123179856539261,0.05,0.13063863476312587
400,0.2154097540529003,0.20273675249344217,0.22795220286645734,0.0063923956220710175,0.01,0.11235016775720455,0.19809428098035808,0.23047883138061864,0.008745038059906748,0.03,0.1247745149820687,0.20864780915040804,0.19342264611287815,0.23103688725448895,0.009276005608101842,0.01,0.10888982740555228,0.1907595825148005,0.23471570721755267,0.011469325861624623,0.03,0.11748985856725455
402,0.20150939401065582,0.18790333925560007,0.21120269209669038,0.006711708485101248,0.02,0.1076600209169841,0.1837635209247439,0.21321956187417784,0.008217529558890243,0.03,0.11284349143656384,0.20803134894887076,0.19003201075469703,0.22661598219481052,0.0089506389910407,0.03,0.11746967850115457,0.18633173561187905,0.23157409838179488,0.011428820504302835,0.06,0.12495773528110395
401,0.22119492818621733,0.2020801911958508,0.2466675733791665,0.012303778564177373,0.02,0.12288054051982332,0.19686425992921971,0.25122211542458656,0.016592311796194355,0.05,0.13656345228033798,0.2017330855690611,0.18399581927735498,0.22328727859738318,0.012027461302439025,0.03,0.11179761267344346,0.17775618813948357,0.22826349477137103,0.017102998592295277,0.06,0.12313862024864748
404,0.20197157023112045,0.18427216232112786,0.21936219647686728,0.00910828983846359,0.01,0.08713134299788777,0.18136147461283378,0.22059407137656462,0.009770887086427156,0.01,0.09353665034088413,0.20450435681232992,0.1828409734088202,0.2325518331375623,0.01382299824051964,0.01,0.09753331284668076,0.17846179144835814,0.2351500191884352,0.015314668185726877,0.02,0.10263604470402675
403,0.23789334259201222,0.21664725783382954,0.2621599588575025,0.012040853170563488,0.01,0.13074318242402413,0.2125053482339892,0.2658227508754574,0.013849170271858774,0.03,0.14580591439463922,0.2397023342033675,0.21369295838787583,0.26296662523089837,0.014235255999897025,0.01,0.12453297178723087,0.20977593913757364,0.2694659934805064,0.017860600957283455,0.02,0.1398951360547419
405,0.1972211794088521,0.17910181736749667,0.21685814756534655,0.009633662183938279,0.01,0.10838715477346175,0.1774627039482525,0.2193055989338762,0.010834745943370352,0.05,0.11450772167992627,0.21571310395302046,0.19799929329887156,0.23199032548565351,0.00919511727211677,0.03,0.12690822871907118,0.19521032508619035,0.23683236354499906,0.01115552208221255,0.05,0.13592061727509372
406,0.23502446584506664,0.2164148873509687,0.25633862688993386,0.01158650354921419,0.02,0.1383521051113418,0.21650985104423598,0.2564896964340934,0.011144609526071877,0.07,0.15047279962196136,0.2466951309548513,0.22166000466871766,0.271202873376837,0.014575497508021387,0.04,0.14783622801671592,0.21824332833918741,0.27586687054177006,0.016565907642863146,0.08,0.15274969842717853
407,0.22446514757826197,0.1906382111936324,0.2552662605162631,0.0219467691770147,0.01,0.09916435535889309,0.17758958899167926,0.26895269281676326,0.031102912752717003,0.01,0.10304765523529354,0.2243346828290882,0.19920940542111207,0.25386649741504375,0.015195133903034714,0.01,0.11064046080731374,0.18880057211455104,0.2639010551271099,0.022329507721312404,0.01,0.11630794647222935
408,0.23246542632325262,0.21850910099073154,0.24648802057387997,0.008189993976603999,0.01,0.14495784943214446,0.2155319673426422,0.2504594676518709,0.010285210423048436,0.01,0.15064230110296542,0.22135772540518683,0.19784960895097733,0.24034637996511155,0.011887250612264345,0.02,0.1323115959998688,0.19360708326539255,0.2441157106241218,0.01423041008181527,0.02,0.13547299887371944
409,0.21528571215715253,0.19359271437561815,0.24101211010327642,0.012366108917767939,0.01,0.12335483130687053,0.18964189179513272,0.24503473777005294,0.014630217650948607,0.03,0.13776544602618476,0.21534375349466117,0.19710788300244758,0.23376450034728644,0.009893927461930959,0.01,0.11244906200297013,0.19049726462405,0.23990974481737184,0.013502749194764005,0.04,0.12391493163066934
410,0.2013698104426327,0.18191084466366345,0.22078888728848794,0.009805804485488855,0.04,0.10496854462610754,0.17935034921537363,0.22318426062137225,0.012022692452199517,0.04,0.11109218304194647,0.20365323648643674,0.18030684029181088,0.22823077246137316,0.013288150383102992,0.03,0.11017003337625543,0.17720887590685847,0.23293273394526576,0.014191457570687953,0.04,0.12019197415418072
411,0.18221755895759895,0.16337557364811758,0.19965030210164128,0.009581839834609284,0.02,0.09980076619391931,0.16186034151708775,0.20097455362471614,0.010173742852384263,0.06,0.10432061191644655,0.18445342543204912,0.16569221832531816,0.20264534073740628,0.01020295814233054,0.01,0.11096050684812558,0.16304615322620758,0.205105096479814,0.011681370120685841,0.02,0.11461524809353556
412,0.24658878408068574,0.22364387673829278,0.27335623342858495,0.01369784262270905,0.03,0.15443024410476594,0.2216682300210599,0.27745736985837,0.014986239623607907,0.05,0.16527598090101256,0.23731611788336426,0.20981949648923987,0.26393669603518954,0.0149868770226946,0.02,0.12907140076446155,0.20695583017615332,0.26606506407880526,0.016391898602024328,0.05,0.14545657814191779
413,0.1940507035129917,0.17708338706620327,0.21649833196869137,0.011345406430069427,0.01,0.10355708238283581,0.17218372887256117,0.22139027541459502,0.013821734864558574,0.01,0.10751181482174928,0.22397521270149934,0.20297964020125528,0.24600772585144667,0.01252282745884404,0.02,0.13236457722554743,0.19724042339742803,0.2500636500841117,0.015496781992874343,0.03,0.13619047869158174
414,0.20277681011174042,0.1739770610847915,0.23176467011318225,0.012735512927457213,0.01,0.1109787796428243,0.17317627347239758,0.2378749132077381,0.016013305584335953,0.02,0.11852673321148147,0.24330519894523395,0.21726953582250896,0.26494353137832893,0.012157234418358712,0.01,0.12919998932204632,0.21261263300469835,0.26802184466708623,0.014244611137119938,0.04,0.13874005581833204
415,0.20563086538734332,0.16460470788877993,0.24468608838103081,0.023131679018723657,0.02,0.11601422198479891,0.1520945214046388,0.2575917969200345,0.030690307240001456,0.12,0.13583186043347037,0.1974255031200416,0.14731721001114784,0.24003402984374225,0.024133560367690664,0.03,0.12008335692647916,0.1392496645227912,0.24783856164288534,0.03164057044767145,0.13,0.13217491770981574
416,0.23248853408731573,0.20552351673631858,0.27033680959371564,0.01738354667850358,0.02,0.1309568272795937,0.19955299777420593,0.27624771222334155,0.02085135143570852,0.03,0.1410461703929092,0.2278536733808707,0.19963964034102732,0.26214371651794677,0.017206998051188756,0.01,0.10986697912616569,0.19648854082078493,0.26686904632531055,0.01929592960517793,0.01,0.11916379448168866
417,0.19974658600707773,0.1791541582697711,0.2163015079825486,0.010567342586909972,0.01,0.09882689829519449,0.17833580492414494,0.21794760723102038,0.011364175302045936,0.02,0.10283008514230317,0.179529190571734,0.15634143458689062,0.20752636800962726,0.016415926995995814,0.02,0.09979448893039272,0.15081684977967152,0.21298992965214153,0.01837352384300189,0.04,0.1062894422305026
418,0.22037113426254962,0.20381105173752068,0.23891946344046902,0.00910825319402928,0.01,0.11465448089263364,0.20208631092315973,0.2392163486141415,0.010643325331253553,0.02,0.1180668825905975,0.2225423790374732,0.20469581772963694,0.2367341600306172,0.009309937382930254,0.02,0.11965743481389418,0.2036483068441397,0.2390963237496572,0.009894644237938626,0.02,0.1207931201270302
419,0.21420391485686263,0.19856793068172954,0.22799336193698436,0.008447051254011191,0.02,0.1113640424974051,0.19581046772729968,0.2310519818254051,0.009538493161376739,0.03,0.11630666574147171,0.20720145539053192,0.19191621831953976,0.2233543836308111,0.009158620090524474,0.01,0.10799144212399302,0.1876232049096454,0.2282812152805894,0.011837259506956839,0.02,0.11373997910156744
420,0.2380510572645953,0.22019666033632113,0.25614964392625833,0.009246961490224729,0.01,0.12938211568830527,0.22105488435725423,0.25861870963069616,0.01011655566533555,0.02,0.13697971520730323,0.23542323577097957,0.21575911525783098,0.2536011015543342,0.011041810544040773,0.01,0.13458855625044544,0.2085527627099087,0.25883353281399696,0.014661687908372693,0.04,0.14459941729914966
421,0.22700994892390902,0.21091509080570386,0.24016736545484413,0.008075360884527566,0.03,0.1370726990519017,0.20981550533422105,0.24122434480233412,0.008956009856172587,0.09,0.1488062951341161,0.22380935332648288,0.21610049913882706,0.22992929215278451,0.0036681125444013754,0.02,0.13012925218927449,0.21710184137767935,0.2307747964645098,0.003719414293704577,0.07,0.14281482815093177
422,0.2075279568789803,0.18287071527711074,0.23369731877628824,0.014081054413812214,0.01,0.10611544824426261,0.180990738592099,0.2362623914775475,0.014908123112565003,0.03,0.11643339533571574,0.18482613412231785,0.16117522438206772,0.21432568271086838,0.014406977492182442,0.04,0.10306941012443367,0.158379722434496,0.21766664459871424,0.01595239704246023,0.09,0.11025444139590485
423,0.23147335390611,0.19715197525558975,0.26285335147059014,0.016240327164107154,0.04,0.12039216481186535,0.19010088278401288,0.26954419183438827,0.01976320272043765,0.08,0.12900623413211343,0.2270589447746767,0.1918877472836385,0.2640862572353741,0.019144730742292216,0.01,0.11786545010532455,0.19016158291505336,0.2672391959575052,0.020906925172973035,0.04,0.1303980620899203
425,0.2192654107097658,0.1851197551408973,0.2520212553302905,0.01714934288292068,0.02,0.13023185308335605,0.18011519166940687,0.25397258893431096,0.018445445272471776,0.12,0.14599197301166222,0.2237707334260568,0.19269970126937702,0.2469806732262529,0.016211317954240696,0.04,0.13586923850083416,0.18764660036694453,0.2494561642570332,0.01764016984223712,0.14,0.1502608896246102
424,0.22215560182178962,0.18202935565392964,0.25974260527295545,0.022695820083435955,0.02,0.11471053548507076,0.17088818270856732,0.26928338927292433,0.02900205425969158,0.04,0.1306761009359847,0.2372295639376727,0.1978882347652543,0.2806905600742312,0.023584875077918545,0.01,0.11203459759558566,0.18830770601988206,0.2907156574634599,0.02974992980549505,0.03,0.12281974157644415
426,0.23104592853931827,0.21349164711647778,0.24824064316163952,0.009415008741557474,0.02,0.13570082712411985,0.21231755475172154,0.2517772073379789,0.011236700592506822,0.04,0.14830654340889768,0.21774417570074434,0.2058088578862025,0.23098817357934376,0.007473344007051439,0.02,0.11313241031866506,0.20326323145887568,0.23348336295177233,0.009126889709187609,0.03,0.12597474560767846
427,0.23255099283863956,0.21124425022796733,0.2568946096872088,0.012467404266135532,0.02,0.12176461671473546,0.20803179345315104,0.25946512403352295,0.013524876943245228,0.05,0.1373065273244954,0.22067868092707776,0.1976469935159771,0.23882513749540096,0.011413747832699625,0.02,0.11556663390544303,0.19325972098631158,0.2409976820940399,0.013180333848061401,0.02,0.11917412116919178
428,0.18162855658385535,0.16043121526562265,0.20051905190301053,0.010968418789412087,0.03,0.0936446074167807,0.1561812565225722,0.20324548914062723,0.013133400163911605,0.05,0.10187352846784303,0.1912874667721134,0.1657941380605355,0.21611359100258185,0.0140566570708957,0.01,0.09868517295272672,0.16299634152054346,0.22240504139543157,0.01615395811797076,0.02,0.09946876614116344
430,0.23219279878324262,0.20690946327428472,0.2598001962239953,0.01399685686716113,0.02,0.11597945174024196,0.20451433857654433,0.2629827786884792,0.01556916421253961,0.04,0.1267765139166654,0.21858902223324161,0.2029079710783493,0.23156923522499614,0.00815120537205477,0.01,0.1262727738301535,0.20125577014806892,0.232600201224676,0.009005206790220452,0.04,0.13236759991653302
429,0.20585884893782147,0.19141481487197395,0.22162431537617255,0.008425040730333603,0.02,0.09883093349834877,0.18961093380152547,0.22218757414628948,0.008849423434741158,0.04,0.1038160068571445,0.22338959583595042,0.20243139208308936,0.24539911429598896,0.011381349170546371,0.01,0.11506765541136038,0.20158958743679486,0.2464917862059979,0.012123448564448578,0.03,0.12365115975150262
431,0.2117701079258305,0.19843689972517486,0.23030539112279688,0.009221517090735222,0.01,0.10866693728631426,0.19625400866724446,0.23505927896856443,0.010637663041633409,0.04,0.12222833086140358,0.19603314518199344,0.17470829571044613,0.21670959619745642,0.011960004316831412,0.02,0.10503351822125584,0.16994556835606023,0.21814808155911672,0.013516242991733478,0.03,0.112426761926467
433,0.24448935930916083,0.21911041464782915,0.2722738566094516,0.01663597874282394,0.02,0.1342472519871239,0.21092848606828746,0.2853499106442776,0.022660572091083422,0.02,0.14069040390985063,0.2516769814989024,0.22555400618860127,0.2745557589403542,0.013442676556619316,0.01,0.14200054806255577,0.22541973542794252,0.27514316539167183,0.01340032371586743,0.02,0.1544034421006376
434,0.21476236849907426,0.2004595780444609,0.23199627232707767,0.008621821004900462,0.01,0.12435922929291827,0.19717457425535004,0.2345400231982077,0.010386024172607571,0.02,0.13139576512658405,0.2250057245574908,0.2072216307058056,0.2400910589981246,0.009084184189376931,0.02,0.12575799011361305,0.2000002803799577,0.24776596776682278,0.013826048193385076,0.02,0.13005155025710322
432,0.24703694519277342,0.21607211060058334,0.2721647752803823,0.013596465596802143,0.01,0.12455373576415561,0.21312551187170897,0.2741638749698808,0.015047488671812258,0.01,0.13752304325488737,0.2529035957881929,0.22437449592178,0.278649174878568,0.013714071941237398,0.02,0.13808423786398527,0.21700156568000484,0.27894531324466854,0.01625868950292376,0.03,0.14687760446403503
435,0.19630937046429953,0.17551479105268153,0.21553161719274624,0.011092258102126553,0.04,0.10759453601984734,0.1715582475057767,0.21997227415217976,0.01421043439725229,0.08,0.1130465416856168,0.2073443483569486,0.18068338632850986,0.2388099057308764,0.014541771992923093,0.01,0.10883085015423562,0.17009034397197947,0.24917852345611835,0.019870266299048492,0.01,0.11299449649547202
436,0.23850462211643464,0.2166446652631847,0.2679470065104018,0.013597136468747871,0.01,0.1371657823209947,0.2138168880245908,0.27168809918366743,0.015428181560911988,0.05,0.1475788381045505,0.2235389567316597,0.1966730576145902,0.2502930337061703,0.014879133043267531,0.01,0.11057616931582728,0.1908533448887907,0.25578886601134765,0.01756663846698783,0.01,0.11953675269104304
437,0.23117078950153935,0.22053751224316875,0.24415155546317524,0.006325305385202292,0.02,0.13768748791478508,0.2185991252427386,0.24442341839751952,0.007886677532135017,0.04,0.14858120687191118,0.24448941039629357,0.21936330484827887,0.26702358012259275,0.01400666489113577,0.04,0.14976122573080627,0.21726897955318092,0.2682555500965603,0.014711452191506411,0.08,0.16416291939129912
438,0.2064749136388837,0.17283923776769913,0.24554216345062047,0.01835283832702195,0.01,0.11372334166815116,0.16886160487170426,0.2523071093248619,0.020664468575671925,0.04,0.1334603636872173,0.2225985217204416,0.20055446900947613,0.24666169026896023,0.013216421484159866,0.01,0.12252222535513865,0.19821852192094844,0.2476755329096317,0.013922706444720571,0.01,0.12687742133698438
439,0.23032642014691973,0.20019632221608757,0.2569000494734284,0.016345301276178077,0.04,0.12538774142472547,0.19568359457117623,0.25944918200067224,0.018236198625582137,0.05,0.13831788387676985,0.22568412553921302,0.19894055314742248,0.24771578603911196,0.012636700902504273,0.01,0.11675780459868422,0.19617422401691464,0.2506259920244115,0.014831006779724449,0.04,0.12807010374552363
440,0.22614458836899676,0.20930021750148167,0.24683503135525212,0.010219310208709741,0.02,0.1218271241614392,0.20863168539937585,0.24690419248161355,0.01064319520103588,0.04,0.1296305492823026,0.21848736167737393,0.20374481989530704,0.23512895156398814,0.00912688393287413,0.01,0.11352587655296957,0.2012502373060777,0.23819904439522852,0.010337684984433633,0.02,0.12474263757761193
441,0.21350896119392448,0.19209536615939915,0.23673328838635957,0.013052897616617761,0.01,0.1059252671934661,0.1905779701664035,0.2389414160967945,0.013841491488210683,0.02,0.10988977724071704,0.23417668229459832,0.2076913327910958,0.2605209093957519,0.015541210911453747,0.01,0.12463689155130277,0.20171272028312015,0.2642329479280994,0.019373318736798865,0.01,0.1312235605661051
442,0.18613142132755645,0.1760651722445438,0.1994143191208721,0.0061988225262817635,0.02,0.10854905810501528,0.17365304791313513,0.20315505984895652,0.008238264861079625,0.04,0.11267743052716794,0.2107032774873696,0.19606164859534472,0.22497768089322248,0.008417837136227782,0.01,0.10610707773791526,0.19645333139952612,0.22443089218134774,0.008615176923561263,0.04,0.11691420610444345
443,0.21614498970644114,0.19625256792018236,0.23842719788963213,0.011452942982287367,0.02,0.12351466567101729,0.18916792603988802,0.24701014437124433,0.01658354063395759,0.11,0.13839410461732626,0.2046402195026369,0.18407442924338585,0.22899172051987066,0.01268550050312211,0.03,0.12367772633477223,0.1809126258129455,0.2332259625244074,0.01454281246810619,0.04,0.12920976568598783
444,0.22696835322367814,0.20435535807376287,0.2480796877028645,0.013153118582086763,0.02,0.12638871848667646,0.19824665928570095,0.25359031234166884,0.014802817342095752,0.03,0.13585590037219863,0.2254573433731748,0.20553543332572635,0.24737736415880462,0.011324446220740724,0.01,0.12350373458098872,0.20151435928703157,0.25033489710723156,0.013026055631945472,0.01,0.13435203294768774
445,0.20440598379656727,0.18834434703547592,0.22407427454183435,0.010072480069093134,0.02,0.11032937818694459,0.18499669699993407,0.2259341100705145,0.011061504703008053,0.07,0.1215668420361081,0.21005653005639324,0.18505964130437702,0.2368545078023129,0.01370404917014396,0.02,0.1197964357146536,0.18048187510329977,0.23829855289793817,0.015701894576548227,0.09,0.12813409597178707
446,0.22537658554903928,0.20421297322229798,0.2457138282088251,0.0112131782949499,0.03,0.12702385092189977,0.20098064973688476,0.24879012949506674,0.015076518461172009,0.03,0.13714215728213128,0.2209261217815648,0.2087502363583428,0.23392267828632846,0.0073047422666062505,0.02,0.12508013785336636,0.20119166196198307,0.23863521742627342,0.00973071491186839,0.06,0.1314920512116674
447,0.18289660118322892,0.16931647388341683,0.2003472882740604,0.008432417980105057,0.02,0.10274427923136593,0.16794258164718917,0.20169685188009737,0.00920027811678388,0.04,0.11030228579526993,0.21664588765432935,0.20015731180292362,0.23471720951664923,0.009708130461725995,0.02,0.11626786832072694,0.1988272330403144,0.2361337319295882,0.011069653000064064,0.02,0.12084970690489442
449,0.19642321598662615,0.1764735015737808,0.21620557370758556,0.010598924590166264,0.03,0.11136027123827741,0.1745099496143653,0.21999607197983403,0.01212936168037984,0.09,0.12248498233728056,0.20988315512025757,0.19210466769895942,0.2258608497295267,0.009323550425924443,0.02,0.11132010063020001,0.18803635795652499,0.22970336799672458,0.011189767488909826,0.03,0.11289166933787978
448,0.21306442400405423,0.1876254199172419,0.2353975291651941,0.013346055063476164,0.01,0.11952994389093571,0.182781301442656,0.24144242437975763,0.017453645455965994,0.04,0.12768629578722554,0.21355947656008478,0.19777436792144906,0.2283653564735082,0.008885752530392681,0.05,0.12435548867986465,0.19536476292294314,0.23095908173621993,0.01014703742314263,0.07,0.14174573565295315
450,0.21606969066822757,0.19242606553858863,0.2410006944580206,0.013421083181206193,0.01,0.11295949661574309,0.18401794429019466,0.24497600015027335,0.016527377200525824,0.03,0.122919942358541,0.23300305404559918,0.21761653252517177,0.2465222202648075,0.007793826557760978,0.02,0.13021594164814315,0.2082450469322633,0.2513880847907651,0.011907219900680372,0.03,0.13881941996588457
453,0.22436118630804103,0.21352178916358738,0.23628128819333072,0.006231913772201031,0.01,0.12719002241006927,0.21013056299599214,0.239777761404951,0.008092730006303225,0.04,0.13625858344929645,0.22332606895231688,0.2022718719916495,0.24254707537876913,0.011423617845908524,0.03,0.12856689167347532,0.19885661962965143,0.24516729412308758,0.012531828534264643,0.05,0.13825194678180386
451,0.20374847890562187,0.17494150538977063,0.22775512362444447,0.015068850036350492,0.01,0.10430834471668812,0.16556193516802958,0.236525690195758,0.02017934515984802,0.06,0.12086214443181603,0.2204676683257354,0.19464057072331106,0.2497553252742517,0.015174164905295705,0.05,0.11354086325115383,0.1845868556558642,0.26163710557030684,0.022940570637892788,0.14,0.14257677874608807
452,0.2372084845284288,0.2202800398049427,0.25415547890565604,0.009726371255924973,0.01,0.13293002401484413,0.2192720699616405,0.25698734830010406,0.011251069643323171,0.04,0.13834581379970518,0.22880203508003483,0.21563200318180292,0.23899326763575565,0.006183460375038965,0.04,0.14011863998346333,0.2119089735085427,0.24322457070634282,0.007551128990421508,0.09,0.14843383250113293
454,0.18726153539863422,0.16525916511516298,0.21378198758604078,0.013480692505283233,0.02,0.10546776009999885,0.16287791886187297,0.21665905850000056,0.014995046648308284,0.05,0.11118663573891759,0.1881548956790855,0.1597001938693206,0.2151806767853123,0.016324594446193524,0.02,0.11180660113241474,0.15467080153034987,0.22150116082623553,0.02042076841092001,0.04,0.11565737176551763
456,0.22799002963980364,0.2024565446881612,0.2590364238584011,0.015226538850224097,0.02,0.12708222364760252,0.1967114899678487,0.2658669365847455,0.018567677469346868,0.03,0.13629394258607094,0.2070832192431613,0.17957349453690763,0.2354403773064576,0.015898131333512106,0.02,0.10725055139218315,0.17327464814043275,0.24344894056680194,0.019460081684946003,0.03,0.11648880093414228
455,0.21109368076198454,0.18481542283279767,0.23098657753403384,0.013119447861157733,0.01,0.10755311419370689,0.18205799751357699,0.23536304831454413,0.014036526528027869,0.03,0.11763204611743898,0.22822491317642601,0.1935704369884207,0.2582618445262299,0.015710760717191668,0.02,0.10610762196145518,0.1909094716236054,0.2595464418911802,0.016964890437424454,0.02,0.11587515548796173
458,0.22821285227924815,0.21020099695991679,0.2479612407377052,0.010808126776866689,0.03,0.12816818621429815,0.20589212659567774,0.25251022350787544,0.013000088179175076,0.04,0.13540315404804112,0.22954898016325487,0.22160919246854008,0.2385818496461229,0.004896974167219154,0.01,0.13014261220604964,0.22100479934896727,0.24027360003625398,0.005447872840219157,0.01,0.13517807798584144
457,0.23092044414895607,0.22104284615605346,0.24235464481532393,0.006167371341366538,0.02,0.12640561316964244,0.21971433857666964,0.24338631562297652,0.006802640991890174,0.05,0.14047257153200401,0.2404812989280689,0.22546155699156112,0.2570593064264031,0.009353633391636992,0.01,0.13582284934832756,0.22379855529645987,0.2597549145547252,0.010782325268597969,0.04,0.14614102558942574
459,0.21397754119682677,0.20211989135695418,0.22519783857712064,0.0058741273916013675,0.01,0.12727072015945692,0.19939283328877258,0.22806191951486987,0.007225858122872707,0.05,0.1395080895788265,0.23136849768683554,0.21000552528187633,0.24817402753916531,0.009453255880858887,0.01,0.12244133764298135,0.20678815649692384,0.24996970996442897,0.010941296912742307,0.02,0.13287421468208774
460,0.21838506080675657,0.18549251263436778,0.2555572528014313,0.021772339076220133,0.01,0.12168392599158814,0.17541008120215246,0.26562604270931633,0.026077233172420035,0.02,0.1281052634739162,0.22711312995930477,0.19411551789966874,0.25791735895800794,0.01672735839953335,0.01,0.13168478911031706,0.18271495989391423,0.26972003951688095,0.025794399520736495,0.02,0.13070549341842871
461,0.24624629306892665,0.21319675944659222,0.2800252744101447,0.018894953086980002,0.02,0.14040548779629225,0.2109866476572092,0.2819778808511113,0.020177033152335176,0.04,0.1537342735085505,0.2522669473563166,0.22856196085643754,0.2822484826552695,0.014609604369590098,0.02,0.1540600307360646,0.22544810249169006,0.2863904624479659,0.016636716252110523,0.07,0.1684475226289372
462,0.24503304828910544,0.23132770977014833,0.25754890495470456,0.008059016947653465,0.02,0.13664380282785915,0.2297847869345292,0.25808227592156985,0.008996218740057805,0.04,0.1498249314641991,0.23587154919607212,0.21845418271513234,0.25741900675330953,0.010863945499154199,0.01,0.13316417478261594,0.22010650802920367,0.25939134998310587,0.011754677742123845,0.01,0.1370764581250696
463,0.22159638744930188,0.18768817122025344,0.25678102086702503,0.018036009588095633,0.02,0.11788778406961349,0.18371158901350138,0.26198062843288655,0.019680064905010963,0.03,0.12129116635774238,0.22355334322982134,0.18484324967149435,0.2615838749080514,0.018848498292162855,0.01,0.12357723765770345,0.1802636295572152,0.26495468631243446,0.020735410222676835,0.05,0.13045395417537095
465,0.1903908995812138,0.17599931987778,0.2091782580970348,0.00972721691299311,0.02,0.10171899173383,0.17461076278581064,0.21035826249560613,0.010842871745365303,0.01,0.10785468156481469,0.18205207527858835,0.16434144186235322,0.19860855067228012,0.008740336820998194,0.01,0.107893141425314,0.16365724357522543,0.19866338345044704,0.009161038096098709,0.06,0.11282461754635457
464,0.22203373290848738,0.1934805646484114,0.2555549756213719,0.01799239057146478,0.03,0.13402454887155496,0.18820775987159044,0.26189282227999056,0.02231551898470913,0.06,0.15482563864036647,0.22846770022460383,0.19511578646341904,0.2538628555219787,0.016664174731317077,0.03,0.1221001948838907,0.1920013214381548,0.25586889219134357,0.018361957606838977,0.03,0.13198712525910644
466,0.222308404777408,0.20497094986944792,0.23950895961688928,0.00962812166060579,0.02,0.13616779061995843,0.2041410637873423,0.2450547158693121,0.009908215929441598,0.06,0.14127460078326212,0.22406132174685034,0.20952435560660976,0.23947900425368202,0.00855441934887857,0.01,0.12252189821403908,0.20355510433535748,0.2461178084111247,0.011509009850030961,0.03,0.12765470364590645
467,0.23146885706477693,0.20875236653911644,0.25579089825449774,0.013463115466014093,0.01,0.1282058640439452,0.20905954711843144,0.25928628943073945,0.01508698033862572,0.05,0.14099835810192904,0.22359446359130875,0.2139958480561548,0.23342248116016487,0.0050225745572811745,0.03,0.11946705806823439,0.21319936302907555,0.23426062312311793,0.005641561688284797,0.03,0.12504366533221828
468,0.21805983793145334,0.2002460209963972,0.23445303755208738,0.009268107296307226,0.01,0.10430779669293459,0.1998625327941252,0.23559990037947626,0.009344358370891738,0.01,0.10943572542216266,0.21426965540425158,0.1997196845560105,0.23147961145923088,0.00846615387093204,0.04,0.11654568943565274,0.1962020409639774,0.23154309660344746,0.009302758289772697,0.06,0.13034136763050638
469,0.18903611502791673,0.15924171331926812,0.2190472879128101,0.01735781341040292,0.03,0.09792420360402102,0.15081504591341233,0.23269955032708958,0.026684734929914557,0.03,0.09818874469238593,0.20618681395720095,0.17780705720331244,0.239253557803226,0.017011912329756212,0.02,0.10308758697979799,0.1680988444692494,0.2476995828090331,0.023638003092196977,0.02,0.10296237675803742
470,0.23014669938641674,0.2085740718670266,0.2542164563691776,0.011486540513230673,0.01,0.11694797333418393,0.20275917709511887,0.2585360626544768,0.014799447542930994,0.02,0.12424979499347566,0.23014383843710196,0.2060277755086689,0.2582515487785514,0.013848879647396926,0.01,0.1230305893887678,0.19914447553032616,0.263666730389322,0.01836961631520027,0.01,0.12953718989557625
471,0.19196582806309515,0.15341136602277944,0.21725043394133534,0.017328401053925337,0.01,0.09051848170520983,0.14884922056482644,0.21998351449206924,0.018704730702365464,0.06,0.10542459105719465,0.19065466094392658,0.1674736605483913,0.21290736714998684,0.012028801281370764,0.03,0.09696925022288248,0.16182549064156154,0.21729466308650194,0.015253925866615416,0.07,0.10915131677900766
472,0.20728947369139838,0.18620787243182554,0.22397793911564134,0.011092130621586049,0.02,0.12865858781982384,0.18307837515366016,0.22327761911599095,0.010558798558172358,0.03,0.13111843086798278,0.2199790426679762,0.21196774301359578,0.22705266730622004,0.004062969481647905,0.05,0.13376174800252036,0.21136485114009748,0.22763096138591243,0.004627027800147434,0.08,0.13960834075297543
473,0.25225656041603006,0.23729246285662842,0.2693767212620255,0.008169908978224697,0.01,0.15519958906850145,0.23208417078987992,0.274816101250009,0.011126998477779591,0.02,0.15997668086104028,0.25602418106351355,0.24374289314618441,0.27244678384510446,0.00798025357572427,0.03,0.1691891592539219,0.24120045069260293,0.27396786629495856,0.008778340516447734,0.04,0.17513792456519908
474,0.21644840991738157,0.19383588374100028,0.23712674723776697,0.010873626027722495,0.01,0.12646904971084044,0.19131351063474147,0.2415992147763567,0.013205242648146435,0.02,0.13603739699340642,0.19627112409981962,0.17068815877413873,0.21769130361515487,0.013555377554259295,0.04,0.12347238738656373,0.16745862339717857,0.2219411148251346,0.01830831798429802,0.1,0.13386774485803823
475,0.2129088511179642,0.19582644107796895,0.227925865722937,0.008412109588925739,0.01,0.13009683848652182,0.1970108414388556,0.22905618083604837,0.00880242202997514,0.04,0.14063453712586832,0.20787903813188002,0.1754207698194606,0.23785138398156377,0.017267009568904375,0.02,0.11625105880484986,0.17345125389967725,0.24161443516903564,0.01970246310913288,0.06,0.1264022806035244
477,0.193323549455525,0.16564960320408018,0.21881367393626672,0.014968680079797674,0.02,0.10639959369832441,0.1627267416042495,0.2215452607146556,0.01607348196518676,0.03,0.11538099821847049,0.19396949286363352,0.16372619076503891,0.2200744748581497,0.014258608054415861,0.02,0.1006210594036852,0.15688481874902357,0.22661720271969021,0.017145169992039837,0.02,0.10794418110442361
476,0.2065306579101156,0.17391828855650102,0.24399501390747494,0.01708868379687076,0.01,0.12380048498933384,0.16936408923415353,0.24687236706506413,0.01931762576720907,0.03,0.13101363305464064,0.2028068016812581,0.17673975133168165,0.2306299288521622,0.01680682701882796,0.02,0.11386534150529502,0.17250734126780723,0.23585804320588366,0.01861355099746914,0.03,0.11798050419996711
478,0.23324340809759292,0.20224168581566088,0.26333205487436606,0.016645625041400835,0.02,0.13164812429633047,0.1977263814098053,0.26608162493909154,0.019383035596342538,0.02,0.1461820745528478,0.23315124629808537,0.19445039988272694,0.269484132176946,0.02056314382992682,0.02,0.13191425405277424,0.18981407896747082,0.27139982708011406,0.02271373153111309,0.01,0.13521858522897776
479,0.21757378628068835,0.19401733911480085,0.2419817546463381,0.012991867059599397,0.01,0.10578192350958164,0.18589588093948495,0.2534525112895859,0.01612375376998904,0.02,0.11097747030959242,0.21849667415511131,0.19646596548025239,0.23613470773687642,0.0107203319247068,0.01,0.09959985584036703,0.19418496448958528,0.23839249005644625,0.012012281884751036,0.01,0.10226007171778129
480,0.24103361089708564,0.21192163641064565,0.26478671219068695,0.015044812248964576,0.03,0.12839958903996845,0.20586147143877143,0.2695165210342524,0.017587945136437133,0.04,0.1389821470861497,0.21377364418230727,0.19243036230546426,0.23422533127562767,0.010071671314842236,0.04,0.12182634075141224,0.19252564867838853,0.23528593707516027,0.01077627876191165,0.06,0.13063413021442358
481,0.23249830610524125,0.20586046351980375,0.24866794380963642,0.011585834568260022,0.01,0.12609180918690777,0.19916321891398692,0.2564630402230258,0.015507983940570728,0.05,0.140926726342635,0.22252223172639862,0.19724488091779674,0.24803156864261186,0.013602526360370985,0.01,0.12477579104421332,0.19031028396490524,0.25559018546102286,0.01703223672163559,0.05,0.14521758121126907
482,0.22036025902120393,0.19434631191208465,0.24527835483035756,0.012813164033689428,0.01,0.1286314616688201,0.18978372456687542,0.2502893435391318,0.015224815224297496,0.03,0.13594066293178214,0.23625026103914148,0.22192564388942249,0.2504596522535155,0.007712713717076203,0.02,0.13030748843535087,0.22047914150342074,0.2516936450790723,0.008442590508433209,0.04,0.1455655272682603
483,0.18086357933222175,0.169760709361889,0.19371487865976023,0.006124288718976893,0.02,0.10150675338464467,0.16813483032035653,0.19329968521806343,0.006987854205448069,0.07,0.11158465767457201,0.16922973804446695,0.15331438090981742,0.187659102882939,0.009410842358491158,0.02,0.10306680262764799,0.14910918869261436,0.19052698272399926,0.010854705583255263,0.08,0.11065689294813992
484,0.22674182831217227,0.2148270580685241,0.24246073504119722,0.007094073778572067,0.02,0.1289424041864184,0.21411288144349636,0.2435286924576614,0.007552643388023808,0.02,0.1359019242950298,0.21716136227329574,0.1988884269365724,0.2355873561433442,0.010320741920506239,0.01,0.12479593756286654,0.19586479797641823,0.23798711644622889,0.011423521430825416,0.06,0.13527133835241545
485,0.21887786039174095,0.1928323924484298,0.24821353433137391,0.01571411782879775,0.02,0.12365126585066018,0.18688128541148774,0.25651321267384014,0.021228197325534316,0.04,0.13161367140280136,0.2203898882559523,0.2055963088399571,0.2380247131579233,0.008153489696855133,0.01,0.116293689477255,0.1998355690987259,0.24468782627316116,0.011698042987632103,0.02,0.1287402060993114
486,0.23088592651686568,0.22409441969488877,0.23893521739628537,0.003942380394294349,0.01,0.13612946778402174,0.22222721586657426,0.24201319023086235,0.005737378516971382,0.04,0.1472465308105842,0.23680292556432825,0.22478378284714906,0.2527669988479008,0.0081622030435661,0.01,0.12543282509075213,0.21930171320649422,0.25537504220082136,0.010425093227448522,0.01,0.13720833442934494
487,0.25456995009422023,0.23332782104754013,0.2789661874434441,0.014044916023982732,0.02,0.13337402182409175,0.22923894228199992,0.28395639367563474,0.015910970349468867,0.04,0.1400039560566718,0.24960860495230275,0.22823308101751633,0.2713993309813594,0.012777062760732425,0.01,0.13958482100670766,0.22320383356463164,0.27783792045401956,0.015801453378651145,0.06,0.14763163396430162
488,0.2242475194513336,0.21176430088523265,0.23612622193650354,0.006967707176227606,0.05,0.14935273078150266,0.20931229175508062,0.2385591720837831,0.00928501846728728,0.1,0.16078577701909982,0.22364435630179713,0.20418926619622996,0.24193971416051205,0.010046784360931149,0.01,0.13252460375715658,0.19762674079717624,0.2498182517670741,0.01359311615140827,0.07,0.14456192310068142
489,0.215889965988592,0.18795076889448561,0.23910280462810846,0.014941216316465916,0.02,0.12019050566955045,0.18528001488572712,0.24552160637496162,0.017713185351250417,0.05,0.1338017525672789,0.19893742194700792,0.17318025667175618,0.21842410336718432,0.013162832901443574,0.03,0.12232890656877257,0.17121300989108454,0.2208679471071228,0.016452443026386036,0.09,0.13051931023391938
490,0.2777385751270689,0.2530398053428365,0.30417084767296,0.014954019768299487,0.01,0.16121135190834043,0.24324741827364693,0.3131548710023016,0.020271503877700336,0.01,0.16804119292973527,0.25784372327701277,0.22227037735131677,0.29137857025534863,0.018583027269732842,0.01,0.14209782401068935,0.21462198235605456,0.30031027479057076,0.02423392107417293,0.02,0.14931268167372114
491,0.20765576681126596,0.1841100601201096,0.2263612893760257,0.010506664024410889,0.02,0.11786618575782691,0.17616423516670926,0.23545866956493136,0.015320907731587135,0.03,0.12603893147003287,0.2095867280948145,0.19053445656723977,0.22974874815472784,0.011143382810703721,0.01,0.11721386294641405,0.18278800270227874,0.23639886172038954,0.014304277907358378,0.01,0.12951888407963072
492,0.2417333099259178,0.22352160883198474,0.26526818081302406,0.012351405675581403,0.01,0.13612819835223397,0.21719690293871402,0.2747931513519146,0.015988310510515906,0.02,0.14663077345573516,0.21930359495109286,0.19934571753409372,0.23933515862765642,0.010821642753171191,0.01,0.12756150399477173,0.19828909749488866,0.24034748488794724,0.011367530336999021,0.09,0.13258160354111562
494,0.2141856497203758,0.1976289824042227,0.23191804012465558,0.008557012651463292,0.02,0.12983108101049337,0.19668656183577743,0.23253324430118555,0.009236712515312454,0.03,0.1365347677104454,0.19995927830706162,0.1802430896671933,0.2190419179337581,0.010745406622698746,0.03,0.1219363029119944,0.17517917869268712,0.2273309241111862,0.01417994856415032,0.07,0.12782120120837678
493,0.23345342672754033,0.2093963770610463,0.2593752382361721,0.014632203284907788,0.01,0.11349456009746656,0.20487911682445564,0.26400389631736,0.017190342491831483,0.02,0.1196190012533404,0.22570040147060677,0.20609864460010252,0.24828236168825182,0.010690521592454564,0.02,0.11261044460161052,0.20297806487922138,0.24927882842137902,0.012513406814755481,0.04,0.12501693491910515
495,0.2112071088822569,0.18680981265175553,0.2335591190068193,0.01342469493292721,0.02,0.11206439816099652,0.18605315566593897,0.23675703231614106,0.014161795896369697,0.04,0.12405867902912462,0.1977993852309643,0.1689444494277459,0.2245708271185843,0.015017575590660087,0.02,0.11291587644025804,0.16754381222219403,0.22661991810653004,0.015674186815235885,0.03,0.12029797377755612
497,0.19946391060599744,0.1813548389365313,0.21616605805174566,0.009799490283263036,0.02,0.10780846216562362,0.17705208178711396,0.22130954553075707,0.011939672948221215,0.05,0.12089978170655301,0.18939001890986606,0.17683130093771035,0.2012531598939172,0.007572642195597,0.03,0.10300838439823133,0.17518283167741822,0.20251652235734455,0.008390281568711987,0.03,0.11046381697875352
496,0.26073045963346697,0.23789414252567326,0.2872995494890385,0.013378311790354354,0.02,0.1334322288246593,0.2328978060664808,0.2899047557736298,0.015089039678853368,0.02,0.14362760563785787,0.23570372215345525,0.22072296343361109,0.24950703678485678,0.008403629500987397,0.02,0.12992582575389858,0.2189686785581989,0.25040222580964533,0.008641776914474562,0.04,0.1435165427299912
498,0.1996486160544988,0.18211493482493882,0.22019405904809058,0.009988820474483615,0.01,0.11334729287651227,0.18056332221185706,0.22267366293646193,0.010488386986397388,0.04,0.12404606463158936,0.17657497638274045,0.15453132726384852,0.20298226433470257,0.012604033701168749,0.02,0.09373206823305448,0.14810097778278242,0.21097978651443744,0.016561082880523804,0.03,0.10397854898335841
499,0.22731734911644974,0.19139137783549093,0.26038588263059537,0.0198665409129753,0.02,0.12219674994888258,0.18495803454026566,0.2660028259749518,0.02479008183242569,0.03,0.12240626868248998,0.22458165440661393,0.19968539091354423,0.24820647295407086,0.01189399110571561,0.03,0.14039464662293666,0.19435660753768425,0.250939126605899,0.014923299475066648,0.06,0.14574096814146956
