rep,slope|edu|P,mean|edu|P,slope_main|edu|P,mean_main|edu|P,slope|edu|T,mean|edu|T,slope_main|edu|T,mean_main|edu|T,slope|web|P,mean|web|P,slope_main|web|P,mean_main|web|P,slope|web|T,mean|web|T,slope_main|web|T,mean_main|web|T
2,-0.04538748729637545,-0.020045470240523375,-0.0003219245244423298,-0.009560336569393731,0.0986904346120769,0.11171846985270145,-0.10988586275899632,-0.06988339516400928,-0.0023647729654525983,0.02325610500849342,0.008229237660217995,0.012272529682689003,0.11506370814755859,0.13901940484706776,-0.007597246594158017,-0.02214524115716765
3,0.01738056603680397,0.06830961370410317,-0.00875214531642095,-0.006446598269867962,0.1286891076256379,0.1783789026908497,-0.08908986330937801,-0.04912967045804154,-0.014135025584713466,0.02733259027482712,-0.040911761781664086,-0.02841597080147983,0.10521813842003908,0.121049681013963,-0.16215705529158936,-0.1024980385596107
1,-0.05715101921914823,0.006288266845354995,-0.04455629967873029,-0.004058909572115612,0.08027386784104731,0.10412743326549774,-0.16958348982913565,-0.07085646585797871,0.013894883756350963,0.023780860092235657,-0.002052118280933595,-0.032830055039873234,0.12682295898584844,0.1677443750870826,-0.053437504351738704,-0.03729763731200345
0,-0.015092730724943498,0.01657726770036509,-0.05574937540886907,-0.07486967200356145,0.10850946576703292,0.14124335757038795,-0.1590014641380057,-0.1320872275187468,0.00426877264575151,-0.008865155344179317,-0.020068209294838973,-0.056932055364992684,0.11028618600193277,0.09849568377908136,-0.08621000404832187,-0.09816119336334654
5,-0.015712666258898354,0.004167959950170249,-0.01583949919913405,-0.012726230337321868,0.11213156898771513,0.16235103112590799,-0.10678045029932327,-0.020472267828455015,-0.01683392639236318,-0.005364222703465838,-0.03251024515144771,-0.025497703830947346,0.1322196644438518,0.15237791845146564,-0.1178602102758773,-0.06722663958676227
4,-0.058910771074098645,-0.021796739100862994,-0.021200200101087977,-0.04900840735474073,0.09027233206638009,0.10949825309404178,-0.11166117592343332,-0.09608695697182075,-0.02073064198236289,0.01762405922207764,0.006970275904752724,0.033027711028792324,0.11081271033953129,0.15409312487879448,-0.08333355411309068,0.0328073596045935
6,0.024402848254587647,0.02636671281081388,-0.02546429024808863,-0.060146215418350975,0.13806660185791422,0.18295664894221542,-0.10621781568312846,-0.07282296742511314,-0.006100964352637824,0.006269298282600588,0.03571721870693777,0.018229263813400117,0.12622063216173326,0.17919847133187808,0.020632558332375477,0.047573942017724136
7,-0.016320884064664788,0.029544413946113762,-0.06354673905222863,-0.03400227603827344,0.08992832720124605,0.08502188641048335,-0.21611307512182149,-0.161438575071336,-0.035630232646370094,-0.043174850557940896,-0.049904662170747585,-0.05095044615332989,0.08317053710810143,0.08190005105359902,-0.1739033225149171,-0.11136271045684816
9,-0.037307185008478634,0.02306872561350008,0.012410218265518148,0.008701844795622173,0.09269886528199332,0.1644954550523179,-0.06228663851720976,0.0029596622341477863,-0.022975008956270537,-0.004025616301779378,-0.03210372684349853,-0.012472814975035173,0.12350851695039711,0.1517833731265191,-0.13286094934540438,-0.035810014981682604
8,-0.021826813232071772,0.03348584613608023,-0.034912225189683205,0.0011205890430893352,0.13131875002461332,0.19073705812658373,-0.12699255159491527,-0.014003480180656261,-0.008828352950936843,0.029253911800392142,-0.021359352749611354,0.013798715232579412,0.099289489729449,0.12078495965884897,-0.14415171020634673,-0.057922484793852834
10,-0.046110539757505946,-0.03840286996969521,-0.03642582700917582,-0.052332121499485934,0.10697367168099468,0.13645546625012472,-0.12846508450577507,-0.06653850087830693,0.05940120517777137,0.01761485135568334,-0.011402425457461514,-0.026982812159022904,0.11584742787962529,0.09774075475957271,-0.08820522785018482,-0.09861811197072239
11,-0.08482122727140104,-0.0541525312641286,-0.03615925121223348,-0.054372969561980185,0.07940081394166196,0.10103149773834448,-0.15243153381289337,-0.0923094840101752,-0.019949872975703612,0.004210294044971744,0.022232113849655042,0.013791445901946616,0.13793205192134717,0.1870817631531771,0.00014926925216840914,0.010265114884922951
13,-0.08322828206930738,-0.051629018032088164,-0.043660952491703056,-0.051985293347825805,0.06917276554231154,0.07663578295571531,-0.15994284283038615,-0.1227728546900387,-0.010401265691759207,0.020730856499332838,-0.0156268739601032,-0.01601984933720552,0.11577567202385104,0.12852106245296485,-0.08937608890675264,-0.06169411199778885
12,-0.08865712356187962,-0.05568535126788842,0.006402081571592312,0.005575941289343709,0.07524739935898317,0.0924339452178131,-0.06941840064863959,-0.021527207620419448,0.04016388330594275,0.030227167190256067,-0.011308124797497633,-0.05020281054942544,0.15424801496317436,0.19903855073426602,-0.08917301519116194,-0.0313648426944414
14,-0.09039961264624004,-0.013373261792762874,-0.005332730797819972,0.005400659858931506,0.09408381310236225,0.16156790014808467,-0.09393160171353307,0.004888747635218922,-0.016284763328850236,0.005740284636922295,0.024143394128910946,0.006909476998011577,0.14248277978894264,0.19080173200009615,-0.021043213541860364,0.01670821887388781
15,-0.009765886286869857,0.0034884386226519976,-0.01937868419894129,-0.009285004128413255,0.132188556758732,0.1584223032526982,-0.1487743039363534,-0.0770176961327178,-0.001652188863623054,-0.015358880185386706,-0.12301999854845685,-0.05615975814838805,0.10028818070506565,0.09149395664479856,-0.2744462961605187,-0.1241241025288945
17,-0.0014676565325596003,0.022603459289997335,0.01928762433527288,0.020555317113052616,0.1189229615465414,0.14893988571930528,-0.025466252505637228,-0.006325598249115383,-0.005487593111503175,0.02847501808874641,-0.030504446790032606,-0.02932807440406159,0.1148005088257174,0.11199873054972065,-0.12595651634406585,-0.12445413209773766
18,-0.006632960353639513,-0.008175365882968699,-0.0017033184742311902,-0.02093045029748406,0.11272210219973736,0.11961188079647594,-0.006074031833759546,-0.028742392314472176,-0.0038037378220441786,0.031036167261666737,-0.021565609121847375,-0.01426296817553791,0.13193881196084628,0.17237425503854784,-0.10362850014090745,-0.043721981017260436
16,-0.03528962857302641,0.01856315682058215,-0.05800246531369344,-0.03148805225324222,0.10316866003440153,0.12129939470078692,-0.17395786124903748,-0.1203803624151033,-0.004672003485196358,-0.039670191285781045,-0.014373935757818776,-0.06347097534813372,0.1038743849891659,0.12137232268358586,-0.14440594730696388,-0.08841026227470032
19,-0.030001378523321496,0.001538752818408951,-0.024978527519279523,-0.013671776574064083,0.12502274250035006,0.17492943840230146,-0.093924023392894,-0.03155617833114188,0.005366620214634136,-0.007818491192439174,-0.02334957201956551,-0.050292891950364994,0.11264814700144236,0.12843316767940355,-0.08540137901743337,-0.08170661816862164
20,0.009786644868195134,0.010696843568023924,-0.03980524366723433,-0.04488670823056045,0.12251959547066384,0.14468960309673287,-0.13205404134188295,-0.07734698859756013,-0.06626109321998522,-0.0230768397590138,-0.04892578887420352,-0.02991432049653041,0.08957945599510465,0.13010824135426405,-0.16534469606524835,-0.06765444474671733
21,-0.03766575807371676,0.014853030300728213,-0.02045351903127135,-0.0019314941275928082,0.11539441340259443,0.14675990193424623,-0.10790987526686936,-0.04271998526024131,0.022319308039754893,0.044355832976678534,0.009702897309140169,0.012146499795180959,0.12876456095853098,0.14334275917598344,-0.021905418978449304,-0.013244994555784909
22,-0.03254679574262624,0.05394949750953331,-0.03518390951361471,-0.012843736115963638,0.11771889558548959,0.17748925738325186,-0.17267359577636598,-0.08371007425158021,-0.03066422081096903,-0.019735705974739334,0.00533746897913812,-0.007717612365314441,0.10287647556036211,0.11689013795754297,-0.020023317141339623,-0.024658692568621483
23,-0.08137426999656375,-0.036128182394762606,0.0033474961824355495,-0.015250517282988006,0.08071608361066615,0.08381230345395076,-0.05140379953500371,-0.08512584922440307,0.008470649411127658,0.014119931223721283,-0.011173791539158682,-0.006171424674704803,0.12745643973930013,0.1551229103425567,-0.08575960063951357,-0.024371459912495824
24,-0.05539496359341775,-0.016903620701189306,-0.04021267506101498,0.0002935572037169522,0.09098604129253339,0.11062643280797695,-0.16280678462586687,-0.0652934016387664,-0.015200882632145713,0.020292709838290204,-0.02065490284712884,-0.012826311995017159,0.10229189282590473,0.10929025885206067,-0.10478681510309636,-0.07893729653700439
25,-0.04392977861446518,-0.020149841611295665,0.015475570014319812,0.027663093614312063,0.12040520554386865,0.17379674341752607,-0.0035207381127704087,0.05254000241122111,-0.04016944068695831,-0.007981354763906882,-0.0053135644352895785,-0.00168516299000449,0.10043766748374697,0.12936422641936837,-0.07151355645531651,-0.038775665338854313
26,-0.06439072907971183,-0.03413425351072169,-0.021580121188650356,-0.02560758057440802,0.10063507183008617,0.1288018208450777,-0.11399354428330065,-0.06823326164245169,0.0009311854337551765,0.05398861064935202,-0.015629829286896702,0.02433542571818995,0.1262711173707577,0.15647296343611175,-0.09503816266526202,-0.022687849769083557
27,-0.05083272515960585,-0.011824888816490478,-0.016502338698675786,-0.010575908045763955,0.10059652269302029,0.12477792942248161,-0.09730841720778342,-0.04383471027773844,-0.022055303206909717,0.018945130198246663,-0.020830710366833524,-0.004813213959729234,0.0977680335705156,0.11896881642783878,-0.10710572407883633,-0.06578604714198961
28,9.401272528062567e-05,0.029126003007072902,-0.025601697239577222,-0.04869233286968599,0.1194618667222622,0.1466232904690341,-0.1228111875916627,-0.08766574774823181,-0.022620588930411658,-0.0010163232261069855,0.0036363332457901073,-0.009573003824722048,0.11704478732733138,0.1426697396981411,-0.04896525141867644,-0.013215096111763006
29,0.004653018645656724,0.037811868179391674,-0.04896160745947801,-0.019696776748276575,0.1218226657397684,0.13805459570780504,-0.1589787691023235,-0.09266261868135646,0.004159107628653545,-0.000543875645288631,-0.009946799541623372,-0.03429334484539878,0.1478919647764201,0.18229888230714025,-0.07691663517600145,-0.03725517412867655
30,-0.008254112526250216,0.03817925401107377,-0.0017673955196089873,0.01804654315074049,0.12074215159182568,0.16443900649830925,-0.03435741489497311,-0.020595944322299015,-0.010452198244583832,-0.008587581107845263,0.008062662926377027,-0.045913731206150034,0.12958348110872062,0.1454218363271067,-0.03379289682796755,-0.06827330540938574
31,0.03334438606224897,0.046082821804307235,-0.0013936692697141657,-0.04671377077265486,0.13846977338616365,0.18270544018815593,0.10228046913356649,-0.006858169650980961,-0.029412087137650603,-0.010414901128299592,-0.049324580234113666,-0.038722585848700364,0.11660552087859556,0.16110193633169637,-0.1557146504209488,-0.05655515868065989
32,-0.022152618625366945,0.02474207130800028,-0.011221460285619916,0.02483305623802504,0.1238912540513971,0.1850088761892165,-0.09280570504421573,0.03450013102953623,-0.001561679966853314,0.01964544309252299,-0.00019848641500493864,-0.013481909985286594,0.11632400882747317,0.14600735451827046,-0.06125084584981802,-0.03145680335846268
33,-0.04441507841746332,-0.03667038540584254,0.050204433436327224,-0.052167269633503134,0.10831494892682704,0.13748687828965997,0.03814079170823283,-0.031304912524552364,-0.012459865354048189,-0.007581130485607993,-0.016647513137301697,-0.032811561537752804,0.11346226632690842,0.13117302685668755,-0.09783016297805089,-0.06491969273964342
35,-0.007002126389180822,0.05081554209562634,-0.006734618337349276,0.030543813076850765,0.1292213574111096,0.17046054690189394,-0.09295857760336043,-0.007113389937594546,-0.0029106447915783285,0.005877818646309044,-0.005097504523376941,-0.027178420204992556,0.106406749059924,0.11205153214205119,-0.06396198233987747,-0.07451570888389096
34,-0.01032900943612003,0.0158185262268924,0.02070620748508367,-0.004773375103671323,0.1273609029453596,0.16916539049019994,-0.06505584462828432,-0.04805637484504377,-0.03209582298939463,-0.036005680727011824,-0.03829224194786187,-0.06379180105933295,0.0886361276273485,0.05111173618255702,-0.15608894933450165,-0.13432632567234637
36,-0.05837237631268666,-0.03539615104482664,-0.011604814504887196,-0.0441744588725918,0.08956083606800128,0.12090757175774768,-0.08832171811693494,-0.05675967913016481,-0.006864477655354464,0.025885564294846217,-0.00872895994277181,-0.01305383980298045,0.12107460616803829,0.14619071370999234,-0.07682592265435713,-0.06078484095630806
37,-0.026327615631962235,-0.012437203911746506,-0.05442329663164413,-0.051881483333861084,0.10564825800371,0.09911297756212724,-0.20230866993879257,-0.13998350023281872,-0.020760197320380716,-0.004667110664013278,-0.04083191313707588,-0.048821515439518764,0.1014746321425696,0.09349252732436072,-0.15883220265015033,-0.1285489057557632
38,-0.0198966797937214,-0.007938393494693744,-0.08855796468860361,-0.03645934319073582,0.0991805812621236,0.13095496120208616,-0.21417572636823093,-0.0789061394197208,-0.053028251133912,-0.019744743188854323,-0.008241496949714976,-0.012513730284558438,0.09811735065332579,0.11780244026137224,-0.09883737678776033,-0.06469758736796231
39,-0.014225497039733625,0.0031902623573021446,-0.023692057846030047,0.009579997203322326,0.11017869735568063,0.10516748340868876,-0.13365185428846835,-0.05261886677365616,-0.007493917834298325,0.02187587977794817,0.00431488495552186,-0.0028877121738232303,0.1304056253980844,0.18296309312365971,-0.044285179062329615,0.004591242739468908
40,-0.026849008894683796,0.007762323882076727,0.028285440679181487,0.048488812904697705,0.10021309486751873,0.1270083866936331,-0.0031704489086866188,0.03099321995530842,-0.04090201145687331,-0.030807615561522575,-0.027094895485717255,-0.0055800337353372805,0.09725762503861611,0.11735936949719858,-0.12671109530672828,-0.042891528338105465
41,-0.040985791293964145,-0.002935499517458705,-0.015160839969235888,-0.044260832988498526,0.11019954160390392,0.15615458408476873,-0.10417109756242783,-0.05505849553948331,-0.012288031943921873,0.019832235795232724,-0.023962701036149454,-0.002836540141748147,0.11668871937664646,0.13287179899565443,-0.11797375491268555,-0.04482558078058289
43,-0.021090968898549226,0.03577819315993078,0.02366477157316805,0.03385113006485048,0.10446116500459653,0.14327755755446434,-0.04468100873981783,-0.011938859566311799,-0.0274538011038717,0.03074280597778567,0.02446984067059498,0.0553485371472261,0.13623376866271247,0.20110895056389128,-0.005933766875640576,0.06767958492573449
42,-0.028527772716016534,0.016799774398582275,0.020220660609554977,0.026084513535906795,0.10966582240976867,0.15207892089464056,0.07738037985802315,0.007180001037761952,-0.026245126617076495,-0.007650218863996475,0.011119712402876665,0.006593379485475539,0.10893982477093758,0.11988585979906918,0.0075830350718024955,-0.00560269505983028
44,-0.022244761196186714,0.015128973950878552,0.047405955868553326,0.003532577801062339,0.11380780384267723,0.15898221883450278,0.05585199902273017,0.006463691618168288,-0.02036979207321472,0.010638194352359324,-0.042533724511630386,-0.027030518227680867,0.13062730045009863,0.16687812902217442,-0.14672585413412453,-0.07328405909274187
45,0.006998759273556198,0.04996268088588257,-0.07246423007535081,-0.02933532702893814,0.09807400886658044,0.10768639668177749,-0.18688350727860129,-0.12394736633733623,-0.004903542910466081,0.02976749932755415,0.02533406835471809,0.02117948156265901,0.1259124675989523,0.15097332563743446,-0.016334292992532317,-0.014146148787178126
46,-0.03437787856363599,0.002535605904590833,-0.02996119875328324,-0.004413687986327464,0.11011194781308294,0.12090353377685652,-0.11986962210067363,-0.06762253348320095,-0.017592912667008055,0.018901982338270274,-0.02047583436763412,0.007843757072347938,0.10073809695280521,0.12463006062172914,-0.10520377102401701,-0.04873498212384175
47,-0.008960814815724454,-0.012370836333421065,-0.051390418642625266,-0.06996787783352537,0.12384526122206291,0.16706468074200065,-0.15097454813045133,-0.06490826184429781,0.0030107363651792726,0.013257547875945849,0.0260850564037652,0.0006494128527603025,0.11433523510654937,0.128378328220475,-0.006036708303643369,-0.024551984303468204
48,-0.004666902685167375,0.02139228407285351,0.014916903383787938,-0.010453312956796605,0.1029862630880709,0.13294824735686064,-0.06650861662043653,-0.05208877218028892,-0.04880122687729147,-0.019954596760086943,-0.018894066903716058,-0.02049211952607245,0.1104509021036692,0.17086348290100845,-0.10474818888005802,-0.022570253533107265
49,-0.0014148190910128887,0.009647622819919977,-0.013306699584236829,0.04322226742966589,0.09904166810237992,0.12397310264880128,-0.09308585521729619,0.0218450916930798,-0.00030513450237741656,-0.012624591730762942,-0.03817521412728969,-0.07370992457338205,0.1293030805134507,0.13007358306822295,-0.14023493352408684,-0.11133446430446918
50,-0.010903596754403366,0.007191317586976795,0.0011843437816072544,-0.006058000638133978,0.12303054662339079,0.16032404563254224,-0.07499771951392341,-0.02392992495784559,0.022150709520295464,0.04032867336073972,0.036098709828469404,0.008803443769771097,0.15260385157169323,0.18802738058100438,0.05343089168798928,0.01752238948387756
51,-0.032224490446832066,-0.01804115908144081,-0.037569459164645255,-0.06738912519180117,0.10695344848555637,0.13552161113173314,-0.1326725754598407,-0.07472987060453777,0.020279558128944247,0.03619347624085143,-0.021263745034848725,-0.032545915926490566,0.1325230173043161,0.13920784122799215,-0.10893392107993277,-0.1012332810047493
52,-0.06297529620579985,0.001955658809317264,-0.015033281261644299,-0.020493950765828373,0.0952606316120341,0.1115438115032711,-0.05261900504755627,-0.08876570115678095,-0.028967736164891886,0.006423689810895428,-0.023521464441486388,-0.019713183200136455,0.11211235527882343,0.15006122543899542,-0.1380827546867878,-0.06663952650334155
53,-0.08798318461877676,-0.03998352417992029,-0.06168753472580605,-0.031883540119605765,0.08326620971600689,0.12353959588151643,-0.19684839731172518,-0.07541832820283068,0.006342396243759382,0.017829814758373953,0.03833290568298707,-0.0005393915371562287,0.1251434114944944,0.13633718187920293,-0.002662567721650691,-0.03648721345522706
54,0.007325964587500205,-0.00034049367272149996,-0.05090503203415657,-0.028074770403399188,0.11701928995220907,0.12226932115680937,-0.1772409982814934,-0.07963201797779029,0.013539266597942181,0.056957733723543943,-0.0067008992290490095,0.00783075146718628,0.12324823715811913,0.12474066782190082,-0.10084389797351878,-0.07894750491236946
55,0.003133626062117453,0.05346060543564474,-0.03523344867187095,-0.034310133297604156,0.1283737453335483,0.1674117441061758,-0.15307465541937543,-0.09670759722685474,-0.06096178962322387,-0.04360858217884692,-0.018867322643454126,-0.03309579714283939,0.08523338532156727,0.11349305073216569,-0.10027805905567565,-0.055876561548076555
56,-0.017636919723085755,0.03867282490073999,-0.028843625736923815,0.035855321008736986,0.1285542237330013,0.1487231690363565,-0.1578280670937324,-0.045332332421836985,-0.04648801432415683,0.002000912591029006,0.011942878411608144,0.027763617529994608,0.09279246777518325,0.12325064983696817,-0.0007093421497344351,0.0005994818043974689
57,-0.05565825968006287,-0.020875626615462568,-0.0018807083809083028,-0.007844635499067786,0.11187820136547512,0.15138066778646395,-0.05535596061976252,-0.043909386776743976,-0.048989656558954514,-0.027528817139803805,-0.07759403593024136,-0.03738043254210335,0.08607488494728711,0.10799855592492764,-0.15825314361848697,-0.0769297632499445
58,-0.04451221561771241,0.005391308061027108,-0.03911834878565255,-0.01440631027418811,0.10013513686947798,0.13430493583864728,-0.13594496609370557,-0.07586800787433812,-0.03456331252298766,-0.01977050312385117,-0.03174047429412271,-0.01691826012955988,0.11347757616507392,0.13036833720583157,-0.12680970846980055,-0.05174707894895395
59,-0.023628733790133607,-0.0005099480384104696,-0.010114491381433995,-0.0594008902762485,0.12123515865546747,0.14815060841106545,-0.05134292000766417,-0.08809132593777506,0.033303878823841684,0.03136453126991211,0.03032089963610278,0.0014354608739535605,0.1335688750210822,0.1634130539024869,-0.04978086891275088,-0.036032059889069434
60,-0.08169601738247037,-0.06403194981920467,-0.03599577026402733,-0.027658923131984873,0.09487281116695576,0.12906041016948136,-0.12933973541154783,-0.030891500238586445,-0.055085356501631905,-0.04435880074189979,-0.03068523984190578,-0.05396441613009284,0.11415065348206571,0.14844954555779102,-0.11167632920762303,-0.04727472223947208
61,-0.010025619897019793,-0.028639416972782227,-0.031419251921291046,-0.1026886541706257,0.12130676916278024,0.11631460018406366,-0.10637671707466999,-0.13967392917789037,0.020862420052076835,0.008502867596839285,-0.03152434165526865,-0.02497867163969639,0.13788732527227734,0.15543746472261616,-0.12174733660189636,-0.05729260125936216
62,-0.02629853923007014,-0.007568384471664596,0.0037851424368460216,-0.0616278444718454,0.10888764835044268,0.13679321586269572,-0.07658370800936873,-0.09195087874657515,0.014211992244886947,0.018267721470254454,0.0208604647206337,-0.004315245645684428,0.12319364933174162,0.13390906835534738,-0.021558395388878056,-0.05356517144459964
63,-0.04794401568139183,-0.0025893349260797636,-0.029975084513618216,-0.023354277708099645,0.10588541186547899,0.144292580816921,-0.12258479445803755,-0.0836930291049226,-0.011598786864262882,-0.0012237669657870467,-0.04099220238209314,-0.041781110188956534,0.1247142426841978,0.15048033280423184,-0.1119555094410956,-0.06697060261684946
64,0.03836244836471775,0.07752849188211078,-0.07803444998988605,-0.011633486198652203,0.1318537659418602,0.18146641797524,-0.2767238352579414,-0.08136397516176334,-0.03710087209357358,-0.005446280396465641,-0.016253353808100016,-0.013542047543802515,0.08310442559005853,0.08760838760877462,-0.08457604317686987,-0.08563495293459171
65,-0.04158025084393937,0.027601573993892403,0.004094808684572044,-0.00022003624179016285,0.10051727583427902,0.14678121501180133,-0.09264525165924888,-0.05674515326355889,1.639114085536585e-05,0.012197495718742306,-0.0494066518816481,-0.017273946236549896,0.11551293148887411,0.124146188506294,-0.15955666914631847,-0.0670898977594074
66,-0.019682883908863,0.026587490542629055,0.007895608992187777,0.0047952803644054735,0.11684953410309734,0.17320452651126808,-0.04301317236247982,0.00044709032673188415,0.016033875143698875,0.014163374685673169,-0.016393408738242795,-0.013556472616887002,0.12237695181418855,0.13372872512437323,-0.07986093113633635,-0.030973211201019812
67,-0.04179797911777454,0.0026531275466648214,-0.004098154229111665,0.01688572384577759,0.09486727653947614,0.12196533957103976,-0.08754293564221292,-0.03345266526732512,-0.020768233182732954,0.0031762176886534228,-0.021792264624191936,-0.02653433178001119,0.10170352896625724,0.1086964919219241,-0.06594914100112846,-0.08181255439422797
68,0.008123881071900806,0.050326692461943254,-0.027753961825904495,-0.00875244910386639,0.1470344663832504,0.19740821698912847,-0.136233171907243,-0.05466668468297853,0.012844379756663402,0.03253290451317137,-0.0077109390824193925,0.019480134702145643,0.10232747631613709,0.14424883345486328,-0.08339800538121699,-0.010841537440629953
69,-0.05622644065694567,-0.023348787413222504,-0.006706636500166469,-0.03790810030345211,0.09545466121580534,0.13896194610333418,-0.07458958199771208,-0.055460072869621735,-0.021882384563202552,0.016277821900752554,-0.027298298731052374,0.011167187472887797,0.1025335955050382,0.12180509460460472,-0.1394217803746723,-0.049843319187637326
70,0.014863239885905337,0.009214906433761575,-0.033580273454419836,-0.025761647401424868,0.1127711035035738,0.13334687975817308,-0.13445182690014273,-0.06490113203470882,-0.010325267784306563,-0.009818587541625515,-0.025002043252143943,-0.058795351973341355,0.12547794618579433,0.1391414019614466,-0.11072771107731526,-0.08830851945870173
71,0.013585742691675411,0.042934610972378884,-0.013435557812817793,-0.01203157469855279,0.1173801283935031,0.1598391846252513,-0.10687447613303161,-0.059275935614044206,-0.004059733207932313,0.0040182640992725204,0.05144827926931794,0.011323329719359383,0.10526813608793183,0.12411904876117896,0.12629236510081193,-0.010174811682993537
72,-0.03978050593460758,0.0030912694197015034,-0.020032830965428614,-0.012873707280230528,0.11353626040282513,0.14096008017783723,-0.09974927679461008,-0.05402126233118084,-0.07260300740854336,-0.02683620271273878,-0.027674737348291494,0.0048520515232458395,0.07599123487869879,0.09980591235259542,-0.14459251292440398,-0.05021584978932181
74,-0.03644480860024456,-0.018792413798006617,-0.037833575926381396,-0.011513769262484364,0.10918586332011959,0.1366416638686659,-0.18804094063183968,-0.07690337140698411,-0.008044902686435249,-0.013486006575806881,-0.0291337776400692,-0.06054606806928333,0.1143802043918296,0.12753711677035673,-0.132033888683784,-0.0950287812136091
73,-0.04074322929934667,-0.011466195737260598,0.012149198944528965,0.02936312991142721,0.09812056568401199,0.1273541522766463,-0.005964347350110896,0.00716532217518584,-0.014981539102516865,0.029318857185482758,-0.006758972321425672,0.032660182718163906,0.1158152016880628,0.1520461133885484,-0.05942407264330168,0.008268529379371429
75,-0.02643479001423613,0.04212155219022284,0.016828603046033272,0.012081152289560112,0.12176585511377255,0.18185724083778976,-0.028356733398945854,0.00019511578861515963,-0.026323473258695003,-0.050746166956389956,-0.04911719727101781,-0.08264947926511296,0.11689009406998971,0.09678915258994354,-0.15513764195760807,-0.1296388294292848
76,-0.042209917793810066,-0.01966189752678707,-0.06543439523055114,-0.07836025149674505,0.09087406094665083,0.09793492754883322,-0.19115248234715843,-0.1270236641672041,-0.015409974410695458,0.019663122003343334,0.0031307602098007256,0.020346304474542432,0.12443784395449742,0.1773925572223225,-0.03900232105072067,0.019840556363424706
77,-0.047272681729511275,0.0014770339347741242,0.02150655556621258,0.005432061344654127,0.10437047394656096,0.14830889707151423,-0.012582992014962524,-0.004604874307362709,-0.02540743782553952,0.01345174174549803,-0.014582183889071445,-0.015787694000781494,0.11412802731791005,0.13295744424862974,-0.10480610860913207,-0.07750534699099028
78,-0.0384799368294217,0.012899067186782425,0.05188876779041157,0.0442380821076334,0.0969641375088738,0.1348989109976243,0.05353534544912091,0.02191843825152588,-0.026588393755826126,-0.029684900265800136,-0.06678112699390093,-0.07013968995598731,0.10920974266376222,0.10254581919230128,-0.16690755905838064,-0.12256796473397291
79,-0.06299899657806195,-0.034295007859183387,-0.016028531697717143,-0.03495573746079103,0.06698733479498487,0.07910742139671624,-0.125683325122259,-0.08152130385297252,-0.0555158797654921,-0.02019563635173159,-0.017947110614471934,-0.01718647241307862,0.09753625268776028,0.12834686150741775,-0.11357614862874812,-0.07145268780265616
80,-0.05720150721881062,-0.046091241699227015,-0.032498643528907294,-0.026524427630339322,0.0840699815883838,0.07890277515806858,-0.1384081553305572,-0.07215665823343853,-0.005119619310763045,0.0016696680834949278,-0.0009461516271075869,-0.0337585286054268,0.11061532196967569,0.1269632557999662,-0.07537564486111692,-0.07005070283334502
81,-0.015803142884554644,-0.000993692721429965,-0.018135918998896963,-0.021583033309946376,0.11222321011360752,0.1434849054561855,-0.0812053358327886,-0.016242549038739784,-0.006843937501488699,0.019534759424714297,-0.0025697301696102717,0.02715945357116131,0.12061376942370412,0.15422912859920146,-0.05838989942576005,0.0071068587749685275
82,0.055853904136370834,0.05644445564660299,0.05637390460646975,0.053285639856129025,0.1148643965703765,0.15127913652893174,0.05591321240917624,0.07420325915397345,-0.038933100301329425,-0.009035716541235266,-0.03246982968765792,-0.029116685920834374,0.08633373854320135,0.10152536962090371,-0.14023387678154509,-0.06926650363033811
83,0.0057980019049845835,0.05570934049417148,-0.011310972717984312,-0.017436788634383603,0.14312655883997685,0.18918607391579412,-0.07489497015558866,-0.04363128815792102,-0.019524805646704203,-0.01441515195667155,-0.05125868271343678,-0.046368664308837876,0.09896433888061341,0.09952258981174464,-0.17472782138456502,-0.1243300083536218
84,-0.05697938843423425,-0.03076793056426103,-0.060516096299324064,-0.06429458412437293,0.1063712887107439,0.12758269662625318,-0.19039411648962404,-0.11080181410380059,-0.013525785754114502,-0.0016742308588946506,0.01012161282665042,0.00949019211291189,0.11011682573771232,0.11792498133098957,-0.06672634780980684,-0.010796015858413463
85,-0.03275976487403289,0.0036818079384672332,-0.004235924809150327,-0.02494368780043982,0.10418108933428419,0.12966432289442564,-0.08032698039434004,-0.05400966240371563,-0.0031169221649403034,0.006528503054815738,0.004535837166602257,-0.001983864905663006,0.11988270704474613,0.11560203462800563,-0.08238786738171462,-0.084637310532049
86,-0.012829930156918919,0.005666518243094824,0.002310288809778518,0.0011913894618204226,0.13747179657549713,0.16329965517420672,-0.04662335577270506,-0.026981297867885463,0.004343664989028231,0.036094183969865454,0.039180950499273795,0.05056902249076157,0.12921971891718398,0.17696112846477088,0.0015295134220385614,0.04198088625106019
87,-0.015568767782038303,0.026778293487339132,-0.0518412057194536,-0.014250816025817792,0.10537841308577049,0.1195019781941637,-0.13679818919953077,-0.08445317656528628,-0.039887471295168585,-0.005852034974254105,-0.0018843041828774585,0.004571284463720429,0.11198180995910195,0.14052744383213542,-0.032153965164813114,-0.013400223378303081
88,0.02667638020189717,0.005197587616847972,-0.06348609607949815,-0.04514538549750553,0.12602482982888907,0.1693554442422757,-0.14851028418687295,-0.04346285352546712,-0.03814278939803729,-0.02112488135428315,-0.008694079788171487,-0.03755248632218808,0.1088290556020015,0.11714936497015682,-0.09005923074343264,-0.07222910228686852
89,-0.05379397781553704,0.030074667952852935,-0.016294410412748466,-0.001324824011754771,0.10641277601065094,0.16860527364512587,-0.11481897332287784,-0.05589256632983589,0.005368981392279475,0.015628210761635185,0.007653290895305971,-0.008860696126737556,0.1492442463668964,0.18367667231085008,-0.029533013935541648,-0.003444288873294917
91,-0.03310334431232805,-0.0056698211588003715,-0.06321455582862352,-0.042921678117549426,0.08420300925759129,0.07951932412720837,-0.21430677266186998,-0.15618204042576644,-0.0026799282467805156,0.015988199126836897,-0.007936485641033865,-0.003436984302069149,0.12860947078274101,0.15574294789774804,-0.10947738910667527,-0.058971475466124544
90,0.011336758859795609,0.053288235845495746,0.04296376257446858,0.04711554214882116,0.12318291534453218,0.1645245705525117,0.0006538730482073583,0.04226541717341877,-0.035168116995250465,0.008269758229478804,-0.0062897707373138255,-0.0027185439385553067,0.11516437406056185,0.15468809536847158,-0.09010928549303751,-0.053747069758303866
92,-0.0073385689348403555,0.04848246051251642,-0.016551565549783598,-0.0021341567023232077,0.14488037991558547,0.2260621303388698,-0.09568962742311388,0.0025914147513493115,0.008340075125211732,0.02479123408754403,0.02773724534794231,0.001739409009460064,0.11669115008090522,0.13116972849779987,0.03982808416717924,-0.04346675728942895
93,-0.002810047205610134,0.017276366691964463,-0.00889292540305196,-0.020897299885106527,0.09903568449887949,0.12171963770169159,-0.11098133052492094,-0.09511957605885464,-0.03138021961460858,-0.03097038136604632,-0.05795841285098714,-0.06491093701472671,0.10999517933242121,0.09909995741907034,-0.1564250613962915,-0.11975209555439836
94,-0.05715141512626968,-0.02239948627501495,-0.01285959605904537,-0.020121081716906308,0.11047023388685277,0.14998581011098142,-0.05872635328767449,-0.03061713038858512,-0.0020299032824778575,0.028344789481925137,-0.03984813379802124,-0.025153334163398065,0.12719156962791603,0.15389984165249077,-0.1347340935322324,-0.081497880366399
95,0.03959813453765663,0.02349217480196514,0.00598294612912844,-0.009024538272307063,0.12612382630383862,0.1686569830383711,-0.06776547654313504,-0.02221639920842222,-0.03551465254299231,0.004967112845449417,-0.029628691889371755,-0.011115000103052915,0.11389092059228915,0.1608049588186467,-0.11605901925709307,-0.04478094095992088
96,-0.07078648175230122,-0.03197600438903735,-0.018784682763468476,-0.05951298370657539,0.08517128970499038,0.0867422949276173,-0.12069063978334266,-0.11936146877521818,0.006871721296330456,-0.007914370119530563,-0.014225213777996473,-0.0407138887916314,0.14550860833367416,0.1703397301825963,-0.09585177862534587,-0.0658355189599797
97,-0.029429020204206006,-0.003670329549284205,-0.008408949937364716,0.013805329678371609,0.1225515862049223,0.1411450037125664,-0.08923902337116779,-0.03247026808732042,-0.018951546376566483,0.019135977215418466,-0.014073976952400105,0.0008879487060333399,0.10865268256466415,0.13643905602271528,-0.1178004782716775,-0.043727238684286185
98,-0.048961451728894864,-0.008964569683516013,-0.04887114819889986,-0.022235690633400727,0.08875744532108751,0.1349409892999688,-0.1929031213757718,-0.06484258539820813,-0.014518231210349229,0.024507837602308118,-0.012059778782603024,0.004892910997604683,0.1304968459066285,0.18216238836059812,-0.1075046914938438,0.0158295827248931
99,-0.03834932120497002,-0.018408923896256042,0.04987893525605076,0.02436559712218284,0.10253759352015764,0.10951218042753101,0.06172164174592428,0.010911008580913687,-0.04445680596327382,-0.011640695839015117,-0.04094226123153916,-0.01356007447209686,0.10567777428510056,0.11580282483017452,-0.14746894880048603,-0.05493391532519243
100,-0.026955135634779533,0.01908709340300152,-0.010094998453597634,-0.0010851977044172541,0.10414932706456143,0.11794896697686534,-0.10273953640177323,-0.0759647111422191,0.0031651901359311878,0.027531730209532042,-0.0015047346957190986,0.0077104381090378005,0.1092582273645857,0.1406980912845866,-0.06994247696069412,-0.0020310327847339327
101,-0.03579332611918527,-0.02906316714644453,0.022952180458233898,-0.007723426867548031,0.09889528747696402,0.09104016696709144,0.027721042261881212,-0.038636060284030806,0.000984236873115754,0.04453029019349821,0.001109172742850428,0.025711344304048613,0.12394431638037509,0.13326313855505573,-0.052433926346571624,-0.044834750345195684
102,-0.03398788307182913,0.001342205734166017,-0.010335365415791973,-0.017097932868559915,0.10606427679376092,0.12862756046049797,-0.037996321661316376,-0.03968973286699162,-0.026285695236200547,0.0022764070286513506,-0.010203739066138607,-0.009205794455507076,0.11646526470029428,0.15140790534744122,-0.07159236067385967,-0.01783241522610453
103,0.020479903535753644,0.020876987994496117,-0.0795162514885989,-0.07591513066090044,0.14742651000198972,0.1685051771888383,-0.20228079905985138,-0.12458934803227861,0.030945290709106912,0.03292743631080221,-0.00837927643040811,-0.02484223448495622,0.1365893964285072,0.1461413903146307,-0.08726963539986096,-0.0812171614442192
104,-0.05178349596800786,0.0019412624265926688,-0.07901200691379455,-0.030543563902587036,0.10054422543938456,0.15440011460962386,-0.23443005538474784,-0.08541196064511576,-0.02021244943877476,0.002235542866206286,0.005904630267832134,-0.00635360073115012,0.13239105073418098,0.1765836429712841,-0.035462294807704194,0.004086444042279609
105,-0.034624057357664266,0.014928258852774308,-0.02986769681582908,-0.010226579286698607,0.10063392931609783,0.12174131961449242,-0.14409639292557597,-0.06899510307743872,-0.020909228851829623,0.006005949252305324,-0.030301665906527227,-0.029371880957650955,0.116673863582828,0.16873531570032013,-0.1177617233861059,-0.04012078190602079
106,-0.07400306597584454,-0.038994778781636166,-0.040344749104058136,-0.05318038326865046,0.09757589202331154,0.14517005614802245,-0.13819857356539295,-0.07006659339659586,-0.05211531671199169,-0.03331616361454885,0.0048339530027502395,-0.01444589099190239,0.10458335629884458,0.11704989409649331,-0.16737271755179833,-0.09993190823939453
107,0.016610002471995632,0.03854355864442148,0.017400235932247703,0.011378377221641327,0.12017945731988651,0.16997488752640652,-0.0062933449354061356,0.015649020093407812,0.0009222074476742425,0.007905733729342541,-0.052442601253735045,-0.04340032810948107,0.13380917134840187,0.15261562645537335,-0.15088442031440807,-0.0807186311085284
108,0.0034312954573463106,0.02073171964994872,-0.035207837139151654,-0.03236505741801901,0.11236949955294609,0.16322881723104318,-0.12037929281246916,-0.06085329131473923,0.030674176054382565,0.05346246803699309,-0.027285537301781793,0.01639130630445468,0.1241728594096709,0.15047942297448735,-0.10403392981202274,-0.045850643721307684
109,-0.054878064328946465,-0.024676992559009264,-0.03035867500222723,-0.06365264293130563,0.07530008610137841,0.08342816658070912,-0.13787382574556134,-0.13536871144710982,-0.04097651851190593,-0.03704923339026584,-0.07409869549447323,-0.04267269363166237,0.08508548200211401,0.0962098085627396,-0.22825479994674008,-0.09575543167921437
110,-0.021760977596108552,0.016289548498795128,0.0077619471202199685,0.025145592225080636,0.10644156513723961,0.13990540078708016,-0.026061721175769593,-0.012827716507832617,-0.010056292018239477,0.011615646772238844,0.030603641388332926,0.015632153730209694,0.11393152293002652,0.13189791872996054,0.0021204383339998058,0.004220040609435927
111,-0.051778368476331174,-0.01221410758189259,0.0010921838609543708,0.00165120186794555,0.08317087586220812,0.10277758983879948,-0.07723436448965249,-0.05902556108701229,-0.010057606744850943,0.009095037586284478,0.005140886631985348,-0.011989404865324828,0.11175730430672695,0.1362086673660931,-0.0648679874583101,-0.053456614790129496
112,-0.06728884572865675,0.0035532371620536386,-0.019682262145729264,-0.010711112080128204,0.10031175814958807,0.1473910318338225,-0.12214293435747323,-0.05499296883260237,-0.009413706101208614,0.019433890347442074,0.033653197202423324,0.016835689008222108,0.10368173193667361,0.1212221576971427,-0.006018411100382824,-0.029043533973319602
113,-0.017087862660329967,0.048224698055735433,-0.006390830538296331,0.0011997502307564487,0.1177102583150305,0.15555196704539637,-0.09980411345130047,-0.06349274899164903,-0.04966043904032639,-0.02834595509222144,-0.0024169020800225236,-0.00655506692204997,0.07355079893634424,0.10663520897506287,-0.07753896875509467,-0.03502640340518837
114,-0.04001254322950255,0.012251332128108146,0.0013248446046092346,0.03123738050249635,0.10096449883502097,0.11550892753787377,-0.04040308839446956,-0.012995621831848473,-0.017953467064085772,0.013010937361160909,-0.02063756377678024,0.01165661336603916,0.11918528264850643,0.14558195454889772,-0.10122038030192992,-0.010776194011861362
115,0.011988799977965538,0.026735145406031235,-0.0359396208339054,-0.0772095613629496,0.12858468373009546,0.13688746607786884,-0.16206175519482707,-0.15470120735735618,-0.07861485361432095,-0.030582307026413794,-0.03935000378175839,-0.01268486173155719,0.09397276063351423,0.09944743450841351,-0.16787668137198583,-0.10735454985760758
116,-0.10582214856988323,-0.06190448422474004,-0.0025370701824067787,-0.005693103120673907,0.055640706256748516,0.07333858592548538,-0.10010162768533531,-0.050809528121957825,0.06263461928890027,0.06202372511142961,-0.016308901345907293,-0.009698264576388964,0.14929245853318335,0.18817318713534315,-0.10727840141795353,-0.039281757541643425
117,-0.014743018611020309,0.0010029935983636112,0.03264974153498248,0.022474311615335963,0.1081788082675254,0.12214886542221826,-0.0041880343162615475,-0.006635921664530901,-0.04764971270788,-0.016828678407193567,-0.014693613425389298,-0.0042192134685727,0.10004266566369599,0.1344296197780133,-0.08614414716718659,-0.014053975014228151
119,-0.012415971768407306,0.0072060396427362575,-0.018455880046642382,-0.05222793453047932,0.1154343920193343,0.12468410013976218,-0.08387389840067239,-0.09316187915477463,-0.03411335337893864,0.014836066247198361,-0.018297239892099033,-0.0002846370083175908,0.08955399901879497,0.1110280181641476,-0.13224364911835598,-0.06873241424807959
118,0.005605668974324599,0.009847619617515842,-0.04268578738387954,0.0022164387119520553,0.09685424596719669,0.10734183755053762,-0.11305433139786723,-0.06200551650847271,-0.01347313030086685,0.014550329290368052,-0.04288536535498784,-0.02787549415668208,0.10987981826600876,0.11055853428656241,-0.16138843463565508,-0.11756210478163971
120,0.037337825470373454,0.047803660953965106,-0.01838836803039989,0.015457859903867882,0.10464834274804552,0.12227163298152459,-0.08307899045409642,-0.0449015564225127,0.007682385593223457,0.007612912258695367,0.00933549078417017,-0.03504914046621832,0.13656978753440616,0.16347462582690825,-0.02976635388299606,-0.04465586908360808
121,-0.017036153126369517,0.03557507596952338,-0.009995103488184307,0.019848497776821437,0.14478350925870903,0.19381394070644084,-0.06952379068167713,-0.014043362163286869,-0.01947784267745801,-0.007345922577914177,-0.055924336127597174,-0.05323085644721479,0.1070018439613637,0.12266728679080965,-0.1682729747861261,-0.09475472762260422
122,-0.021407090722305403,0.0629433404776358,-0.012368611641910991,0.03175568793630678,0.1250378046624471,0.17709034738511506,-0.12826655500094836,-0.044959753592698805,-0.023018048596329176,-0.0007791661961452941,-0.020715643156934277,-0.018071699906123603,0.1264576341076642,0.15083913448633612,-0.09270615489429922,-0.05673112453923512
123,-0.06204473230918011,-0.02099388598474378,-0.00966571159196789,-0.016796818255682053,0.09602990031300589,0.13004561791550193,-0.08677103624345439,-0.03541785298879755,-0.03036618430611433,0.016891558811355158,0.002191192872532516,0.013574211945085941,0.1137780293140949,0.16724333471624214,-0.06891648696001633,-0.008719594645555015
124,0.015661405018936127,0.024753021850011995,-0.06971998762290987,-0.06133025830362369,0.105789914873663,0.13276415304363084,-0.19316093944709523,-0.12301590321719462,-0.035157048304807516,-0.03836313119427491,-0.015976495784493092,-0.0258504607265129,0.10218160378340252,0.11796476174249586,-0.09994862475587234,-0.05650319941182987
125,-0.00380598652520195,0.02279717099574179,-0.0004815926853381544,-0.02368297565366054,0.11235875788386097,0.13290408957758526,-0.09728650218794536,-0.07366042027023119,-0.006189247704680463,0.013990437862964581,0.02258613107414474,-0.007182137828151722,0.11574444054740704,0.11282883294957309,0.015563512990180963,-0.03513224699096196
127,-0.07328869200936351,-0.04377033750946935,-0.01601409643913844,-0.022876402434650226,0.08672017963255424,0.12234616514750123,-0.10296876406635654,-0.0475646817759083,-0.02410273137950672,-0.00940826857731564,-0.013519720283935237,0.01716810191105286,0.11335116592575671,0.12388581475264873,-0.06905687185469335,-0.01529125693367713
126,-0.017460068846663485,0.022510121760526254,-0.04323910286845318,-0.050265044176593526,0.10793580294107157,0.1513065944167305,-0.14161596098991155,-0.09118570266235781,0.03095826775397233,0.03376340679069148,0.01409278042301931,-0.005418691065982543,0.12182754670235678,0.12640601960474243,-0.032451365147498225,-0.056620848589483054
128,-0.04694580248310951,-0.033164438822464656,-0.027736599790027846,-0.04173730999491466,0.09502913858156817,0.11013371153896638,-0.13075445258104554,-0.06583199526116194,0.03274396582630846,0.06159824887200025,0.02435647820170408,0.03363394698111894,0.12629063631081808,0.12969085261548957,-0.004354491533090702,-0.030113640563841026
129,0.01753990674116674,0.0638496195158128,-0.02816270877734057,-0.022693661691063894,0.12097716312769603,0.13335986010226256,-0.12556189950107255,-0.10565884997058073,0.003049727221647456,0.05585530145844639,-0.02053105281634651,0.028625293754680977,0.11205424552681453,0.16989483267619626,-0.09831552555703328,-0.008827475041665553
130,0.05262740812211524,0.04072276998145534,-0.005048034299401996,-0.002128753495307864,0.113076404339358,0.1178363123098463,-0.08711142781867715,-0.052105776789617475,-0.019378938121569936,-0.0011689287713232113,-0.009818012603765464,-0.020064012467236426,0.11737416581926237,0.1207047870254484,-0.07519441061736801,-0.054635377733364354
131,0.007287561664214295,0.021802076390994376,-0.017729352123839078,0.025832508139499343,0.11324895600870766,0.14772412013134736,-0.07841069403377227,0.010500176552711182,0.006499551575545411,0.01703012470139881,0.0007799217076329108,-0.012731760783025908,0.13534661866952616,0.14619687389884956,-0.055491500915256176,-0.043241547068366325
132,-0.03799462574904459,0.0055030012719153995,-0.003583183039393336,-0.00472680941935675,0.10769963948768083,0.15131155004855806,-0.08401426980602797,-0.03238429374463914,-0.008559314320947933,0.02977331327749704,-0.024864622090424473,0.003524425079434018,0.11657826271513018,0.12414902913486318,-0.13108312914567646,-0.06297503608938915
133,-0.037658519179753686,-0.0022285521764933737,-0.023315750351977867,0.00010359814476140257,0.1032594110170437,0.13871691776869702,-0.15716959005632727,-0.07680034269353786,-0.013904554610225026,0.011823804354981522,0.03920108707640039,0.025115503458364098,0.1271215177777283,0.15142107376799027,-0.012485216691020411,-0.01162342772923334
134,0.016984895382962637,0.03407651401214272,-0.030044696963105032,-0.018129560682638914,0.12410870455088903,0.13872336284974585,-0.13232153219846837,-0.07854101240871059,-0.002254964417350247,0.014577688699023872,0.026394425757950268,0.011867032578018567,0.12258159671405809,0.15353085727209312,-0.003451363738635426,0.012309334128948968
135,-0.053678826265780265,-0.03475156427547424,0.04227545742574178,-0.010732158596657528,0.08480272859939235,0.09970935516482642,0.009152908076376922,-0.042748877808140295,-0.0017716077191794054,0.015125265081832,0.014112607903117181,0.004668067816881944,0.11286028877535083,0.08946360391061228,0.0009226685156748341,-0.07958279997815298
136,-0.05823326349715248,0.019894944429494413,-0.03052401487850012,0.015141594703525113,0.11401449251563046,0.19419583395345244,-0.13289922309166283,-0.0015875209612464432,-0.03948679539018961,-0.022121670250029393,-0.032056044993042945,-0.027725107443226357,0.1036408962986837,0.11905663724016638,-0.13230117198551788,-0.05683250372227381
137,-0.027447418776548917,-0.050787383109693274,-0.023782886348693164,-0.09162725432936027,0.09763283233998904,0.09356256274667261,-0.09188744478641137,-0.11656935260648549,-0.003477081911766444,0.026050092864945164,-0.053640392576489726,-0.01782534719335547,0.12222613053497533,0.1458972851994014,-0.19918430607183948,-0.08642853870913314
138,0.017552521809669135,0.06406048561294095,0.006350853253812026,0.030692175092732758,0.1393314162669156,0.20124315611518717,-0.09341236759208454,0.01741874585611695,0.008993926435538152,0.03262703784207062,0.0012521767698019887,-0.006223943105966442,0.12973567882211112,0.15494422647648387,-0.05142876943938316,-0.032391419431495004
139,-0.02470067202028804,-0.0034141068810334637,1.807058186005743e-05,-0.020908218917425003,0.10898234020735638,0.1332447893585752,-0.16151816630667518,-0.1252184953646125,0.009731558543234,0.030556110844287235,0.005872183981223441,0.00958540529312013,0.1312783268697749,0.1857422487739176,-0.06355460781151394,0.016963856524849035
140,-0.020118967279953506,0.030264479546059982,-0.02489022930809484,-0.002680741333052486,0.12926310011336187,0.19377452414139917,-0.11924140427203177,-0.01609249647503756,0.03481834578341269,0.025434737576611098,-0.014421448945991728,-0.03035246246279115,0.14204027988612683,0.14401636411447205,-0.08175224156983807,-0.0644566389242972
141,-0.03876848047746789,-0.00048202061314142456,-0.038741174026470475,-0.03196862693140657,0.11966968677118839,0.14955414026880032,-0.14158759388964237,-0.06618507808496583,-0.046252229297763375,-0.03642180850070902,-0.028898344195676176,-0.034360034456520964,0.10736358202320088,0.10949116336479103,-0.11561772943830786,-0.09778578825763988
142,-0.01867736968148123,-0.015753701276996136,-0.010119532086638608,-0.058322144522883604,0.12027177684332119,0.1502460314323625,-0.09366563550610321,-0.06707896532375072,-0.04628474832275116,-0.02896835041495546,-0.007774361486873762,-0.03612598395880839,0.10044716337730314,0.1209843937731776,-0.06987572383752867,-0.060895436815782876
143,-0.00398358374532546,0.024994538487032553,0.0002620511208466525,0.010315501859057092,0.13958540467091995,0.1911783047785639,-0.07446387356288924,-0.006679712198060628,-0.017104558213195096,-0.03478769328916819,-0.014806339267672695,-0.07271642219402719,0.10335291283845759,0.1136691072139591,-0.12378629667311646,-0.09929254623778401
144,0.013151408568850546,0.03663255504605674,-0.028866537497455224,-0.009883928329663732,0.10905298460370735,0.1533338386704226,-0.1672613512751265,-0.04717586011197258,0.004194274697928394,0.015826147542710278,-0.006427649851433307,-0.019754425725262367,0.118946637636015,0.13095816662363713,-0.06602629510951401,-0.05870445581326774
145,-0.018925912771546365,0.023243588477286293,-0.047381569158834076,-0.05090852211212718,0.12491950443566614,0.17353569989086556,-0.1755220548041748,-0.07668612058498774,-0.03884297878135745,0.011598292691988043,-0.0426480787876647,0.0034228591796701025,0.08945922688680377,0.11245613388240197,-0.1548091373744042,-0.07878269623950836
146,-0.02170915574288855,0.02689744333616431,-0.035339142695327036,-0.02376362045003461,0.11282739189729239,0.1671274520639566,-0.09751583390282673,-0.04434085278517367,0.008333882560538821,-0.024893586149567708,-0.03796401460474061,-0.05779329827237019,0.0981985403485073,0.08040833984569193,-0.13737822499140873,-0.10406012961646509
147,-0.051153002771193876,-0.011819733774855934,-0.06023835336105025,-0.021655030133856248,0.11785361709338882,0.15769668157737646,-0.19127792590931753,-0.09111331527013748,-0.00537948256829324,0.00264983370925674,-0.037391258836937134,-0.0297556836494796,0.09964981691815522,0.10547499111358112,-0.1378064786315396,-0.07976009431894948
148,-0.02620428350873766,0.001129384326694875,0.01051800440426519,-0.011671171221738219,0.10547066367455847,0.1362225623249946,-0.07721071015191415,-0.06629245910130015,-0.023182981350130707,-0.03864503208079561,-0.043077012711990166,-0.0771229623805652,0.10746483134751389,0.09701296074353434,-0.15440656181058401,-0.12977679532578265
149,-0.03951748666208341,-0.04304255136896278,-0.04501666481462958,-0.06854986165876771,0.08027627103795631,0.0639166692943205,-0.15476860477855012,-0.12651907906436935,-0.039018342864802436,-0.0390191391644759,-0.02043417762082682,-0.056165270603194165,0.10463167246851585,0.12988806215966406,-0.10510988902305232,-0.05702526064438466
152,-0.06396506080086868,-0.04224650454353385,-0.016889313333559718,-0.027928769259042096,0.09653449496505757,0.1174365803858402,-0.08819268997226888,-0.0413542771538562,-0.010045435687139437,0.008823852959830125,-0.004617598998252026,0.003113117340015484,0.1184188756260749,0.14738304894859505,-0.06056107845759626,-0.03216829711880379
150,0.005494056028365688,0.025656873267139894,-0.003211484989275067,0.0049155322882227645,0.1188710053342769,0.1478690586837673,-0.09640249310558623,-0.05091052354156089,-0.0046912440245490275,0.033700722234361935,-0.012453569399301475,0.0006820311734196646,0.12572590561706848,0.16807476646828506,-0.08356445391287723,-0.022350910956499954
151,-0.03829717521223386,0.006193262431695516,-0.019879553122575805,-0.005460081811826697,0.09928776869387174,0.12717187661550083,-0.07870730894223153,-0.05767958358603731,0.0006624860163893017,-0.02788197132592886,-0.034102689350307296,-0.0762833361156659,0.1052109350872799,0.10228742614922386,-0.13210492663925208,-0.0993620162936526
153,-0.03210991381005821,0.01685663014078027,0.004467418872074523,0.005617286274265206,0.09343589624875193,0.10051397713879551,-0.0792644022445649,-0.07591123487712281,-0.039894956487192594,-0.008962859750004281,0.01356414513026536,0.00493179465512559,0.11039532901186809,0.13926205690895926,-0.054812071818780665,-0.01997822677950012
154,-0.055413155162660224,-0.0024374999527184823,-0.02032440228401459,-0.030567351234086958,0.09044384770938382,0.12066545322450789,-0.112474967436307,-0.07552342976808928,0.0006063661959001701,0.01952037559653176,-0.017855152063459473,0.01204352512834868,0.10595112333222952,0.1201732533118012,-0.11519903160679569,-0.05203947337133452
156,-0.05830280032178148,-0.04650180433518164,-0.005082682651970373,-0.020545231327706744,0.08126440447506432,0.09845944609076401,-0.07171378849548868,-0.06169819504725641,-0.007805622400861836,0.03830965964674627,0.006031887652858199,0.04270494638362658,0.13238587327485785,0.17492381319974287,-0.05273889119538508,0.024102505935823786
155,-0.001575807640933782,0.02301746206300946,0.027904376778319497,0.0009843304645118713,0.13128328589569263,0.19340995974216232,-0.02814631451481916,0.00543631423496375,0.0025895016550369614,0.042623094334852715,0.05474041329935546,0.08087457153495109,0.1396035851408,0.19407089522586404,0.10881300812802147,0.07643862108425277
157,-0.042872172055731336,-0.035660636113615876,-0.02287908663908886,-0.03389275536832959,0.08727008003215687,0.06547397934360788,-0.13828659324304513,-0.10421352976163234,-0.031689715292451626,-0.01385913441150685,-0.022949609119118718,-0.030793751581194947,0.1073147923509264,0.10783625189781705,-0.06777773672857941,-0.08965778986860322
158,-0.06812185893804684,-0.05011990296614958,-0.03987209111370042,-0.06799234231042181,0.09852194598702667,0.10694866586647493,-0.14158493459468072,-0.1088942431203536,0.009342513999090122,0.029587377174902445,-0.01146844318420362,-0.004687453135194697,0.10989568810016896,0.14790540162086613,-0.08297477777276065,-0.04165817913494722
159,-0.05595205688740973,-0.036556989561073484,-0.04240825661574891,-0.009381335615036745,0.07336330228099867,0.06610339777336975,-0.1462275736404856,-0.1129776025075742,-0.024932776528118865,-0.011663301552809575,-0.010996477670650245,-0.031156085644501987,0.11601385176698899,0.1267576920826268,-0.09888650560628204,-0.08141328378169717
160,-0.03780046446006283,0.012833983010167556,0.005095470069043256,-0.014426639903837605,0.1204355596868463,0.17946892787989696,-0.05517089665448407,-0.03830717590096381,0.021725394303676277,0.04212854517155962,0.006000352834628073,-0.0051001844419010685,0.13818557850585436,0.18558810215668836,-0.07258291170251464,-0.027748087014820233
161,0.042229267048994594,0.044677990674075234,0.0016920111553171326,0.01204448674164458,0.12391422152863792,0.15931457951441916,-0.07501159181174033,-0.023725297637637977,-0.05215124713286154,-0.018871930949265425,-0.025089220921845568,-0.023908316655916508,0.07781171200771235,0.1022820926556272,-0.13229440521327665,-0.053379584778151225
162,-0.05102154220588495,-0.011105736237974003,-0.0587751211178247,-0.032461906005447475,0.09204019800349404,0.11780501192935344,-0.20066531899141982,-0.09614891475299885,0.017559796592202175,0.04680325550999665,-0.014498097008110788,-0.016902472921690892,0.12897904933539744,0.14886867115664754,-0.09140589569004301,-0.059939338280643906
163,0.0008336969477290417,-0.007035358676814805,-0.003167456157693249,-0.03158361473708397,0.10361070607423772,0.12834002161719207,-0.059797945689208896,-0.03732644862638146,-0.02416850067108931,-0.0039128256547541485,-0.05007234378383741,-0.040229023718060225,0.12853551594987647,0.14413838108064497,-0.12425818676403307,-0.07438570389590071
164,-0.029450921437507833,0.007243704471411029,-0.03764776538879521,-0.026533376964420416,0.1010547708539333,0.11900204268021708,-0.1432858063036192,-0.08989820624941651,0.008739320139822402,-0.01257594240484458,0.010345137763020939,-0.023851875653147704,0.10840613642446781,0.11930569472250599,-0.034396171822063525,-0.029462674492557645
165,-0.04901433955147304,0.002149060136621822,-0.022867331342820776,-0.006457869282868663,0.10267603868018692,0.16646891402282735,-0.12341104684706952,-0.021119415556336563,0.04349032127104316,-0.008420246869378449,0.05532319004189551,-0.026141676871332245,0.1094030291180721,0.1203416910970444,0.0482885899136367,-0.018969731519111115
166,-0.04404862262022324,-0.021680279871282827,0.015721130848786326,0.003916149125519933,0.10121448241907283,0.12288690363388982,-0.06461403919343436,-0.026593236434855227,0.003747267426051515,0.03479215437738982,-0.011539282217275904,-0.012170266685214997,0.14079246008061605,0.178539887838368,-0.09180993217809805,-0.0493493157542196
167,-0.005362487349893867,0.008935859987258987,0.04209042895410163,0.010170150840396923,0.12700590836451148,0.1485696815496043,-0.07353742589735013,-0.056045968072257625,0.021581124049902218,0.020057252703206314,0.005720455656979114,-0.030429691971847386,0.12572546693886105,0.13656489165753105,-0.06713192508994655,-0.06558713255791992
168,0.013808660760305872,0.017682448411329953,-0.07334160375380226,-0.051591414001512105,0.08979499674640501,0.09319547998156275,-0.2260054193255582,-0.13429351549324228,-0.006172292090081173,-0.04951095403684155,-0.04936039675093785,-0.08873354354391723,0.10403513287327504,0.10332880294540506,-0.20747731248594325,-0.132741343719558
169,-0.04735470024430487,-0.015303247059561228,-0.029125938231614815,-0.01880788484450102,0.10264485017243345,0.13376481321531522,-0.13372579071916907,-0.050771392982791284,-0.04967288211102099,-0.016529641530677576,-0.01842338685230144,-0.023658205601860546,0.10332680540868487,0.14695889072596122,-0.097558384185016,-0.037717821471803394
170,-0.05451883993251476,-0.007989806079959956,-0.02703701893390066,-0.03671276197762556,0.09303885964078297,0.12478314251247684,-0.1379438983932217,-0.09108831456878101,-0.014106958007907625,0.00947356553774706,-0.03360910362232462,-0.028706079607415468,0.13000215612584304,0.17316287597038366,-0.12610869458905336,-0.05227582459716459
171,-0.03501081082774411,-0.04161872268757748,-0.03540897840817743,-0.041414968941670266,0.0974437217902077,0.10142246324872084,-0.14218562188723563,-0.08849359607921614,-0.01661660210163542,0.025976308950220982,0.017438888737524843,0.03443652684546789,0.1291001607098373,0.20306166396521963,-0.025371485159379408,0.029120048584922897
172,-0.0356517346590621,0.007349288167242301,0.08075298721686468,0.01962027318400447,0.15046237722187755,0.23489649994343387,0.05428532270393297,0.05246420533230963,-0.005378213282087987,0.012488004741134961,-0.02411778143716987,-0.03637492754149923,0.1194085435516092,0.13613880734966227,-0.10205202064710171,-0.07905047816967925
173,-0.04811576726120733,-0.01749908070239096,-0.013011188531752212,-0.015599162871564204,0.13374926764099065,0.1787612560104168,-0.08398138349835615,-0.03051493907942619,-0.04354775607483125,-0.007609732063065063,-0.017218353748921847,-0.004445633228908442,0.09119210296987872,0.12288533999716503,-0.09582208223607232,-0.040824283260761075
174,-0.06455838912644565,-0.048385601120236946,-0.01179520001306117,-0.05500259967063252,0.10222669370956661,0.11058472821455889,-0.08057610193400923,-0.0717293746733022,-0.014850639011544596,-0.026701861970483663,-0.03706566156438219,-0.050048238111916325,0.10753848344322725,0.09577261272240815,-0.1189392727940289,-0.09163388876583327
175,-0.044020169619903356,-0.042492002543532414,-0.014301166865511425,-0.069272811542637,0.09971162399527356,0.09253812989656524,-0.059427509586598655,-0.1074505248747178,-0.03908305077534363,-0.016757382919465144,0.010498371533628618,-0.009229338652030713,0.10231036015833922,0.1434215606858438,-0.031608970957779696,-0.005402895197894053
177,0.02455121339779618,0.025869542532816894,0.012854509124980576,-0.000487166476944659,0.11682277230895012,0.12300238913085049,-0.015511180539688607,-0.05249528021444857,-0.04627759090509291,-0.034146931067960455,0.014890316189122139,0.00047253567285316327,0.12151290684209397,0.13575816692396994,-0.04040006237865739,-0.026984273454826086
176,0.015581438151687922,0.007263033274194732,-0.04468410387699719,-0.034991247915238305,0.10633391786492273,0.14456027293521848,-0.16408961510954956,-0.04918871688775458,-0.026392907066837473,-0.013171956957331133,-0.03368476219826148,-0.04756166190000805,0.10861758725811371,0.11754291338363942,-0.1404064539714677,-0.09589039901699277
178,-0.048956387608580954,-0.011974687772423713,-0.0014672959082699137,0.016488403830450915,0.1261716117766542,0.11463277402315858,-0.08706121249513359,-0.035537692003518674,0.00780982388857408,0.03445255967483253,0.02495688327496144,0.034284423545118486,0.10968489893536637,0.12193031672009509,-0.0023908152141115914,-0.004821637514917747
179,0.009207451103135401,0.05994016050272998,0.06345280113035137,0.03853172557462156,0.11450612850323115,0.18471520565355307,0.04902304887604515,0.04917012997528528,-0.08078631587646909,-0.06264403656218369,-0.016709656484478187,-0.037736141539785016,0.070689824772096,0.06556105373117085,-0.0783796431764443,-0.07169207948892176
180,-0.06142640744348369,-0.030902818584427005,-0.046521579162086796,-0.058910344256761255,0.09719666500988242,0.12211400959280165,-0.17183066441066905,-0.11244703372116356,-0.008784588902675524,0.014206132254541193,0.009526181647908302,-0.006467098318193204,0.12100779012736347,0.1452395059691775,-0.06004461312210174,-0.02280728081054621
181,-0.0013138691151267845,0.0005381146565218774,-0.04097791468216026,-0.00986042124827181,0.08966891341040464,0.07964475593174021,-0.1276799769639261,-0.0723159880680766,-0.02857502224040756,-0.00868808314869518,-0.03235000163921647,-0.026029056943204988,0.1081468323132954,0.13557818334513996,-0.12850487021106188,-0.05280999231964648
182,-0.05312433295382419,-0.009072003374796385,-0.008874445049644169,-0.03401483660913415,0.11435545746849181,0.15581041268032622,-0.1198164947121757,-0.06715451306081315,-0.003329684973811065,-0.009117300162101823,-0.0629670047057673,-0.06915143394833055,0.10732574505324463,0.09164330432048513,-0.1861555489360722,-0.14071235307763694
183,-0.05166899809412521,-0.01820920703532359,-0.04293712334021928,-0.028117744600721525,0.09866439079443137,0.11823198516988352,-0.13892913158395295,-0.07427483134771828,-0.015627094495244402,-0.007866405339649914,-0.04771897133991342,-0.04055843480871584,0.1016666411417601,0.14026938736687963,-0.15930340572793486,-0.07006789929105468
184,-0.026950956737927096,0.0016872929158392774,0.027746604221032343,-0.003492672844002988,0.10688345157089907,0.13846226629152045,0.008686488639710636,-0.001668018549345322,0.011933060581748122,0.0102674933434044,-0.05845262532848665,-0.03712937883815314,0.11624308040680646,0.13139120971215193,-0.18298036819610333,-0.09861462631715194
185,-0.060895226517649774,-0.00563257826698974,0.03385461819104165,0.008671981026600294,0.09709490081184538,0.14885715916618522,-0.07612224321519602,-0.041261716525291946,-0.04283533185961639,-0.025440330414467974,-0.05423339417571647,-0.05739891859728192,0.09174968544939222,0.09142017900691472,-0.17992808511533936,-0.12534313422158894
186,0.00948213553503157,0.009495466647347284,0.021337838599542934,0.024185562930473966,0.12794042462972074,0.14496338437909564,-0.09086988299418365,-0.05150908084598534,-0.004552954221746632,0.017644496294810352,-0.010199662111637631,0.0025426144762898143,0.11079198324387897,0.13474002154763848,-0.07143294511568299,-0.04818723252579937
187,-0.023404906418736205,0.00021916847772107673,0.004654941469585169,-0.023616553752942047,0.1244996465379668,0.16559440125713953,-0.061420475752675015,-0.027581427562672307,-0.0652245185666731,-0.06759751037933537,-0.03347126762663588,-0.06119633220660267,0.08818262954701053,0.08837272268828933,-0.14314735723317695,-0.09585004148384801
188,-0.028814267338412965,-0.06031078393949619,-0.07733473261872047,-0.09664265472377104,0.10507749737107142,0.10852895728016493,-0.1987794357348131,-0.11338437776380439,-0.0056300065775024685,0.030754302246942984,-0.058078385750648664,-0.04739502881118065,0.11288014323390722,0.1423549687011958,-0.18487654084466468,-0.11624345571968757
189,-0.07015113900145332,-0.036156401972935584,-0.03926871978867598,-0.05146351848708137,0.10062641862818383,0.14107836191496717,-0.14646193515933328,-0.07723762161780794,-0.012274864387939793,0.009636893705939084,-0.001958745329685268,-0.0024018604450091892,0.10084245303230024,0.10452152986402441,-0.07290770783132172,-0.049804203989922836
190,0.0035584991924069,0.05532328598451387,-0.012758919581036723,0.009745958881160538,0.1389364607170722,0.191748534016022,-0.09759383394986858,-0.04405920559348764,0.04654032242972945,0.045908456866922465,0.03412136446047744,0.02180831622884828,0.11932974368405393,0.140584462299236,0.014322298359741813,-0.012368250544586049
191,-0.04830406343107686,-0.01866905486796753,-0.01591620378022119,-0.03176902936764672,0.11226998021623898,0.16305947621650338,-0.08423465802446739,-0.030400321598477092,-0.048116841530831914,-0.01631624038724057,-0.04907521058578755,-0.02501229160582441,0.09033655844044298,0.1027567851119869,-0.17043964500886813,-0.07355015142938152
192,-0.04864198884633061,-0.0017992180532405372,0.03588254119617537,0.03455750590113233,0.09806608630307925,0.14031163882998215,0.02155617890307296,0.03194124169915458,0.029876327952548205,0.014157456582574153,-0.019692622454213365,-0.047276141102305845,0.12615977555627322,0.15009670001940809,-0.07847701946488836,-0.05320254699093441
193,-0.011784399081060106,-0.008058520883472697,0.04393384538240104,-0.00035848172076610474,0.12348333910636497,0.12960724163146095,0.04767815458125664,-0.018717858959814593,-0.05200766787989758,-0.033723364233139555,0.06131424245703997,0.0012626007521130815,0.09364729200648136,0.10037425949999426,0.09052540463637944,0.004058223946230048
194,0.01394994556662746,0.03385857945711051,-0.04100199364092412,-0.04890599081579776,0.14678600630803643,0.19218727483134315,-0.1316065477364555,-0.06708567934959415,-0.017059655712279496,-0.0029105701118554927,-0.02383357929809767,-0.02340550917508795,0.10818086025454964,0.11511319515019232,-0.10356837958148211,-0.07258328734280824
195,-0.008117213330303939,0.03380307079063317,-0.035888642638601184,-0.01966174695188736,0.1176401543416291,0.13650417331918369,-0.12102650981852194,-0.1024856869901301,0.014983135026523844,0.03135228342274624,-0.01220463700934815,-0.014034116322556578,0.13179360343550123,0.17733388450776483,-0.08947666567708054,-0.029824012868645555
196,-0.006859193716984087,-0.0017262304455074855,-0.01784746921307702,-0.014146381742350682,0.08481106755326731,0.10651383951640432,-0.06629890807769441,-0.041451787080707105,0.018912317581652602,0.04820381245011178,0.0044724179078280656,0.0109419076833842,0.14225936972014197,0.18014597283793307,-0.03347864985786455,-0.018112405805386683
197,-0.0005195302319116156,0.003273240464426975,-0.07077420606451157,-0.04941903196518709,0.1079175089715896,0.14195024438843706,-0.21227214141642883,-0.09470349570890253,0.02152250118715734,0.017582834398956106,0.014072979450082124,-0.026000919068913997,0.14388997264270992,0.14498022008624808,-0.016071663757464928,-0.04127325215204236
198,0.020319499827536586,0.02990681821768944,-0.04933529989158962,-0.025313226669503763,0.1239819702113019,0.1303513447933737,-0.16097858946449947,-0.09247051992734123,0.00671986890383013,0.03427845033049881,0.012783321834832918,-0.009264699931696067,0.12417741219318085,0.13022031355443034,-0.009994386563021967,-0.06125118158948347
199,0.017650328104917054,0.03227920026128435,-0.06547365805476485,-0.04837275121995812,0.11039141740411806,0.14956381644499342,-0.19307220847373913,-0.1074569833652782,-0.022813506670884526,-0.002198312286834055,-0.02254433061307071,-0.035224564906950424,0.11634626178818477,0.1134735892286817,-0.09700174505347194,-0.07903390836871098
200,-0.04865087854507359,-0.034955566970559675,-0.02571165264603063,-0.04440861684729575,0.07327983328175318,0.07135305943021891,-0.1447378573285579,-0.10847086097804814,-0.0016406733731702211,0.017191142380685805,-0.008865738211793733,-0.007718052702144409,0.13472550550770843,0.15840590701216137,-0.049368631024745147,-0.029544855279415194
201,-0.016334476849572573,0.034344077400338346,0.013122491310610503,0.01194806381495322,0.10878456497739362,0.15228678841962906,-0.04663211203223639,-0.019531455216529697,-0.001802645233404337,0.004585070515234417,-0.0036426637345155347,-0.017030321964401404,0.12665167219674597,0.14658090132957874,-0.11356982080592383,-0.07184636942466427
202,0.0005397375651046289,0.05535706979880341,-0.0022044466629585493,-0.00019891867373925373,0.14116347975897126,0.1951923817237465,-0.08981824531544057,-0.04892865804625476,-0.02831153471869712,-0.014232540158360573,0.004514941905295918,0.006112123997410002,0.0963026037210042,0.08452436759736906,-0.046269062857491355,-0.046960161864999996
203,-0.02491791163302945,-0.0073319355230232605,-0.0032239975670601525,-0.03011365746103467,0.09988868711334606,0.11588952480699062,-0.07214590897391278,-0.053837279925242155,-0.03448259738410744,0.011482662924465047,-0.010931584846585983,0.018005938892473927,0.11216434655457257,0.12664038252149326,-0.10057652453377465,-0.05753437686566221
204,-0.009681975554711208,0.014331702422581756,-0.012323546181457281,-0.025396488071360676,0.11402067031188871,0.12464407623046501,-0.07555114103387633,-0.0831211942366477,0.011778992907330182,0.04191803535194718,0.002908898887504599,-0.008929354401679563,0.1346555560596084,0.14887337974806414,-0.07151657572429694,-0.07167195261315899
205,-0.05335484275759545,0.015183484360753022,0.032385354477213614,0.036548180818249974,0.1034350331960342,0.1749147566062131,0.08071813695491252,0.05689454102469257,-0.014485888789509302,0.013796708684902185,0.014354649382027573,0.031009887177132288,0.10318993750667259,0.11291969216835862,-0.04497163565083929,0.003340269256514724
206,-0.0017510213099685087,-0.02270828619341861,-0.015609323487793153,-0.06623265062693469,0.11642255137546766,0.12512660193220634,-0.09544997618922653,-0.07782657208723827,-0.03443179688998005,0.008026779998755807,0.008503259841127995,0.0031897673873444443,0.0896846344641387,0.0950918838987432,-0.03662801207423127,-0.061776514374180636
207,-0.02274713016457349,0.000885200515557,0.07716668568894461,0.038975037212112304,0.09839622197763828,0.1200039301164832,-0.0696701088557185,-0.06287309432582844,-0.004165186315922932,-0.014035871037052238,-0.0007782467607436004,-0.03391281740897145,0.11663888492294733,0.12445062767904976,-0.06412988817058411,-0.03652202218743054
208,-0.00016619659405824549,0.03890530553906095,-0.020450459464409314,0.01435210299177622,0.12523423817754778,0.17677345540285147,-0.12011131607806579,-0.022195407864872212,-0.009191247487693522,0.024726419550002283,-0.025175277938732126,0.003854595461518996,0.13453899595207564,0.18451036891918937,-0.12086982776046343,-0.01648335947201444
209,-0.0061188398146987755,0.008241058526173694,0.05352623144605022,0.02221077370631941,0.11259478439297428,0.1245752520642891,-0.020454605076952927,-0.04139742173130708,-0.008884401185117807,0.007593146602868198,0.006806968317764047,-0.007895897553291635,0.1166440523241671,0.13499755662457052,-0.03563632406314373,-0.04969035622021293
210,-0.030844953626568233,0.0023086037559139727,0.018020103978890152,-0.007831100901143079,0.10920386261531957,0.1517530197273926,-0.0019237695129348295,-0.004668482760065595,-0.004143473802833849,0.034723642848274366,0.019370780229352,0.03711361466655809,0.13758055153105914,0.19036071769298937,-0.035364787771353275,0.01811690699170058
211,-0.017564734593229638,0.03436673632638541,-0.036364894784093396,-0.04604312420894327,0.11900908391201986,0.12610791925754844,-0.14287602662290882,-0.13070504648565243,0.007058568633243474,0.015595916319012507,0.04188280096309432,0.016410995272216677,0.12615637387956313,0.15619418617969344,0.04350049607369795,0.03351745710790077
212,-0.015540721681934504,-0.00795685358442152,-0.02302857355326808,-0.04133028106435403,0.11950539959178419,0.1441891302312762,-0.11626309068217655,-0.08617869625775032,-0.010486458638486166,0.023865690562604156,0.011844035618298736,0.018580028945180224,0.12329807756146358,0.1661938048506383,-0.03232824133206956,-0.001931527495182365
213,-0.02467210726328562,0.039016986299790384,0.02688641672303709,0.018613498480941404,0.11833425798261557,0.18288607999110792,-0.05450416476232061,-0.0003037037848878284,-0.023116812356063048,0.017148768108407243,-0.0037105854333033257,-0.01135012711890062,0.11373915608309798,0.13453467274725703,-0.036243666617917655,-0.05643206319506785
214,-0.018877434341693103,0.003120520546862404,0.005509222870520694,-0.01858920668462307,0.11256071995681659,0.12602067854605678,-0.04462327033134094,-0.04181794426764914,-0.0047748672867461385,0.019880719007528427,-0.025365993586982508,-0.021927791208994442,0.12208725690797068,0.15420099057124498,-0.1170405718196415,-0.0650395883738547
216,0.011740035310991397,0.0188733447943319,-0.015619968174358359,-0.03152647291967878,0.1405601385853801,0.1792737241145014,-0.06933124502168729,-0.047882265726929406,-0.02186487965416086,-0.0008304258230355336,-0.02865417295157159,-0.022445894158207493,0.11082703915598029,0.1033280655000988,-0.11375094883144903,-0.09421222822121882
215,-0.07751801795344389,-0.02513571834752985,-0.048579351547609714,-0.041647559823466504,0.08417697274489092,0.14235373038656626,-0.1957371217841623,-0.06346558275235985,-0.039374101905811,0.006625393832942872,-0.051558154311390735,-0.022908981240222993,0.10856039846128483,0.15111136207789205,-0.16945115924612342,-0.07962934119665721
217,-0.028347735416393526,0.01103190489424208,-0.0033362519021541896,-0.02227035052110711,0.10797194093454043,0.15100122900338123,-0.07427332486373148,-0.06591732740934124,-0.0341541745732666,-0.04987340815463026,-0.035036817547719284,-0.0711137057179149,0.11240401671307504,0.1075377714195839,-0.0983380281982581,-0.08880638114673607
218,-0.03938011888590852,-0.005149809341917007,-0.0017356564508591572,0.0012680478218131423,0.11217783943918888,0.15056008910847393,-0.13016579049483046,-0.08103953229928074,-0.03700381910461687,-0.008242654710719936,0.004808697968054025,-0.01365650481580194,0.09315183184037763,0.11695972687073845,-0.04834022860953323,-0.03849627943145698
219,-0.015281876757476647,0.0020034275259868707,0.024503276269563744,-0.023062847036032917,0.12109220987405997,0.1471797860217394,-0.007713791767485916,-0.03872834571033201,-0.06340745541275147,-0.0338267657984544,-0.006229481394228232,-0.022761344306017506,0.0800992253493474,0.09130641777606216,-0.06267910391347714,-0.07133134944903952
220,-0.029160135597338502,0.03216622524391725,-0.004927702586811375,0.0006889251569624348,0.12928562300653093,0.19553060084411067,-0.07043900064453927,-0.006812651794108541,0.014000610147403319,0.014029757475424343,0.007645648455637739,-0.03605634632477827,0.12470236319222741,0.14479488527705245,-0.045010793511128896,-0.062280321024780726
221,0.008169923764773813,-0.00013186304325591848,-0.016924707364178705,-0.0459430404587666,0.1449608045335378,0.17205463021576198,-0.07935803401171626,-0.0401472377201616,-0.025002571901131285,0.00757479715887653,-0.0005675704308190753,0.01842975222215939,0.09361120827463222,0.10548876289100348,-0.06628925761026341,-0.05280675436659602
222,-0.012230615832483192,0.039578120681747896,-0.014899275515671967,-0.040505071155876975,0.12431040885110786,0.1650768031498454,-0.06204802199930482,-0.07088408313149941,-0.01033632786861472,0.006778316617865003,-0.02605912499149003,-0.025680105164538072,0.12033110466921823,0.14559790684437698,-0.11400013332894537,-0.06659872211592784
223,-0.04465053938038993,-0.03482968746890422,0.009017111490970316,-0.0288458396788397,0.12120320807464616,0.13567311484180275,-0.04108340298365799,-0.04015617489795679,0.03211508580290997,0.01319426577849679,0.0460059154687644,-0.013313447160116298,0.14116678951275172,0.15002161568410363,0.032197871556043145,-0.02743783145774048
224,-0.047692701167236506,0.008805471004974067,0.007539738921032597,0.007981687646925922,0.09568071845964886,0.12984555145182017,-0.054424398343666205,-0.022894313485266566,0.0042449872855747075,0.046483857407990846,-0.02062794954488933,0.012036305958888181,0.13114028450502613,0.18093794605037933,-0.11727193263120585,-0.027928498126224666
225,0.006751187655163233,0.015449435851733091,-0.024706970623082657,0.009571702655314434,0.10825169113058805,0.11282616823416551,-0.12020635164672717,-0.052340419557303175,-0.009229806254734458,-0.028456111418776894,-0.028160483204382063,-0.060912352472054086,0.12096438892883735,0.12205453154078885,-0.1270459205582589,-0.09411222397052384
226,-0.06463735320168505,-0.06399604498930557,0.0022291042655857786,-0.029155059060217384,0.07618077337555035,0.06934813574523342,-0.02354938740676914,-0.04670246562734733,0.009587535689956005,0.012124016631586331,0.0340259145382543,0.010164732601016347,0.13043096519988728,0.13657275795168414,-0.023311115300019707,0.0135554263319884
227,-0.018683165764957058,-0.005411016024415908,0.01420073615158881,0.051322881508263675,0.0953311536165158,0.09384433125000656,-0.03585137243638121,0.007028237777382522,0.003947731907711342,0.021989247694392387,0.021841629172287193,-0.006646775260508003,0.1181352243007802,0.15235150954620486,-0.007049979484832544,-0.04064063040098439
228,-0.043556186173947596,-0.001983274281419057,-0.009452646834477243,-0.00293143521459439,0.10767072556211414,0.1470435837123323,-0.044288155458323174,-0.01231291318784189,0.00880073924003154,0.0153766171303029,-0.03573321968568303,-0.018381089474312395,0.11364439446803436,0.11547758663996718,-0.1397213334996146,-0.08712614981683875
229,-0.06488227807505097,-0.04719564929052514,-0.05347742734077167,-0.09113924641561959,0.104285696992398,0.1160555195534118,-0.17437453265325406,-0.13663496559187002,-0.02058659535005204,-0.008692142303267581,-0.011383358114781986,-0.019019086475442107,0.10538319188606163,0.12598083289680304,-0.08488991366396974,-0.047950028506296705
230,-0.04382970870434082,0.006819085925433004,0.018749430882274116,0.011821162995093766,0.09902514947343055,0.12163969720584239,-0.021317138888704505,-0.04071962947713529,0.02111132508126339,0.03289900875118801,0.08442043553823357,0.04428925905069602,0.10975076264850583,0.12573155767213468,0.13837548518181525,0.05247553028078267
232,-0.05231891653841,0.031616285300963255,0.019872081599028226,0.05528721262296277,0.10173023611012014,0.14681368159825747,-0.040678738830010754,-0.007283134936131271,-0.019294827060931236,-0.009255197986830744,-0.05491622293489563,-0.023741591626688277,0.0976505499020786,0.12183682990534783,-0.17679345987119546,-0.05727571891543585
231,-0.0334368228494343,0.02277551218477735,-0.004402007253353953,0.003904854172162363,0.12196080186076524,0.1751858051130023,-0.09059359880925923,0.001999073625979656,-0.04494462438689663,-0.01701193430450239,-0.027835191026055757,-0.029521661649652794,0.10685308638412289,0.14831492912424862,-0.13357588828994482,-0.051941241751808996
233,0.004486591326551324,0.012194119481987734,-0.02057549406008242,-0.07147100964911317,0.1350749853597402,0.1503147236248442,-0.06412459787111441,-0.08602855111921219,-0.02183626255680898,0.014847580434989202,-0.021319349908300318,-0.018760200947084717,0.11410830025766357,0.1301855331010206,-0.09037121530740228,-0.08169734783684013
234,-0.0347294748760253,0.01416294912256216,0.0033929503769696717,0.00776367842674397,0.12082949678429311,0.17344090073587584,-0.04148972025027452,-0.0013066653618756992,-0.013875537512860227,-0.0006096368567082954,0.014677283963529767,0.007844446760616918,0.12302976092517766,0.12912146272328473,-0.01969010163823651,-0.024808527921338735
235,-0.04213443510680452,-0.008884692348320188,-0.0645499738540439,-0.02947903707290385,0.10404983296512343,0.13299481390643794,-0.1978742611085052,-0.08022913513792584,-0.07150315551006185,-0.02222010989064002,-0.01883379781403279,-0.004475391087906167,0.0834808845438935,0.1187974709043631,-0.12288056122071098,-0.042405331426394466
236,-0.033282372253125726,-0.00680572740486153,-0.07231647148696216,-0.06111443531801442,0.07900811669167732,0.0699070174069345,-0.21967563041045562,-0.15637436209514022,0.014496726829840247,-0.009928140389524573,-0.02024058928376937,-0.034446054270840507,0.11811563022729889,0.11437386676607234,-0.10907602281222119,-0.0760491218311417
237,0.04193140051051613,0.029260255277764134,-0.03718635169171386,-0.03695884894874966,0.11098188520141941,0.12993404365161038,-0.14221072931323112,-0.08025590744443094,-0.020933112866054215,0.005113772844364621,0.00178156444970854,0.01343731782936178,0.11388306520207973,0.1352125898312939,-0.060505623777245054,-0.024800510385142343
238,-0.034802980242064366,0.02883977472466115,0.012915644448656527,0.03879997751874289,0.10376865250161749,0.14668320669376353,-0.0772952124394957,-0.01702492821647043,-0.016966041678826607,0.01210252933604623,0.005316894006734171,0.0010041669162201233,0.11161929389920125,0.15781059655649682,-0.07056738551234204,-0.005513507844944902
239,-0.007560226302311514,-0.011410187821435358,-0.04304183334438198,-0.04703317907010971,0.13791146967000556,0.15579318450171012,-0.15185059497997336,-0.06840651562813767,-0.02975699306902854,-0.025769355062047153,-0.039021921569055304,-0.05382399396691344,0.10334421782345998,0.09723965928360903,-0.14187964329554156,-0.10250786527859597
240,-0.01601431978796447,0.01689037351240552,-0.022912442606399835,-0.007454186765928158,0.11193643854221787,0.15008339003495566,-0.1331647318041455,-0.0299655435890324,-0.00407620428102224,0.02530635192101142,-0.041613586000953946,-0.03078379100353181,0.10552126422181944,0.11333826060117544,-0.15376577290038893,-0.11185684649049506
241,-0.009085761863115608,0.0331565115460727,0.00446039720099245,-0.008422192481564254,0.11114527195657316,0.14758034538200535,-0.08447681912720087,-0.05108065204524045,-0.04640233080219166,-0.06187466216382217,-0.053005268057069344,-0.06388018259714452,0.1028348632267321,0.11046185356676255,-0.14816830631964156,-0.09088836262880873
242,0.0165358857070579,0.041280527998882544,0.016466624590868194,-0.02228120163717603,0.14159506754120602,0.18394895277031842,0.024034546787858095,-0.03547746911508254,-0.07304639752678774,-0.033299775390008314,-0.03915054470995529,-0.002526068428702359,0.08104867293670319,0.10666400096096532,-0.0883509198798996,-0.03753413748123698
243,-0.037602434941331093,-0.0009657355384049026,-0.03187530237589603,-0.026519678533326093,0.10483781888459597,0.15208885357792806,-0.13092813212904647,-0.041878996539941614,0.012440862229634465,0.004705910207248517,-0.042879067343427536,-0.03569170810566547,0.11104211290512259,0.11704803672819153,-0.15154278166317256,-0.09677025280076146
244,0.008143954200661456,0.04230073880882287,0.039819336628731335,0.020526640681003485,0.12941883854399147,0.16303963169741098,0.03719660837052794,-0.008063545182267226,-0.02931450033386799,0.03918818214762878,-0.011926433781827247,0.0463734946744437,0.09845777398456124,0.12710605454282803,-0.11134661406098156,-0.0384458127237326
245,-0.05402570210785664,-0.0041900249766649855,-0.08427435384392605,-0.07275030479530385,0.11581066162760474,0.1496706630901431,-0.23399861118380233,-0.13209791755240027,-0.02067551998480147,-0.010173278502908546,0.005740532118307595,0.00017351176794097337,0.09273013195085064,0.11809697122742598,-0.037843558820305115,-0.010630627150910973
246,0.030735264415956347,0.05297099868304346,0.07041393204118646,0.05904492852549423,0.1281771537854674,0.14202908184736404,0.12856843742853263,0.03849250468272628,-0.011760084854601787,0.037289422436600314,0.014987960127552599,0.018107575258821732,0.12468132838384074,0.14618106307202022,-0.05236234327757536,-0.026078001823304924
248,-0.015514259738877092,-0.0006169207699579352,-0.03108426352082189,-0.031710705112896004,0.11157121238830793,0.13983655483449356,-0.14593050272838615,-0.1018662662695059,-0.00618460299454397,0.033440847178832216,-0.02398990842732109,-0.004705829098505729,0.10822964096676795,0.10611443935220474,-0.11059588463067464,-0.09060958954679547
247,-0.07835266022547992,-0.036508064791031705,-0.03163506281588928,-0.04894958427686382,0.09982112164194044,0.13736833374028018,-0.13144125569026346,-0.0669452838221446,-0.009563470412841614,0.020036533827801663,-0.02120105510979088,-0.002552535046023435,0.11710844576847929,0.14521192973400282,-0.04728489354435111,-0.029211021916116426
249,-0.010016771708650552,0.02698686977698629,0.07249691543236392,0.04191626068619596,0.14510045755562165,0.20882755020357255,0.15053700158087585,0.10757780748035639,-0.0453031174406021,-0.061576554690761585,-0.08578521230602394,-0.06549130457707032,0.09722350279441323,0.0974145110493139,-0.17006471072721452,-0.09828740488124328
250,-0.03146213583981645,0.005661639340046056,-0.009714081229556432,-0.006272157524671171,0.09616782174118589,0.10063668166425095,-0.07112760523980821,-0.06712300258947594,-0.03694895850814304,-0.019833414482401855,-0.03507297420391195,-0.026623000820853168,0.12190813645369576,0.14567042851833634,-0.13903517341812802,-0.070930297272073
251,0.0013081714671689163,0.012693394520463867,0.01282509585689512,-0.032328748440039724,0.12763477165120846,0.16855067160590362,-0.07671965987652701,-0.08516578614292698,-0.004897561890482793,0.010623610849091965,0.0038884970535659996,-0.001640519845551227,0.11401422254651584,0.13298506623576944,-0.05743099817556887,-0.03276612630784911
252,-0.029715682849955384,-0.012788707925387555,-0.009201053886257513,-0.0158532858612349,0.12066354875270104,0.14212681254930284,-0.05970836061181634,-0.02302436143981797,-0.026193299674847757,-0.02095947773447696,-0.07426900531869508,-0.0718796114530549,0.10387471247656953,0.10701536167994989,-0.2102785659225402,-0.13322420875092025
253,-0.016541277893410717,0.028959218141734494,-0.031212065140626605,-0.023279859068200695,0.11547001621781627,0.15239401247100356,-0.1023594506881046,-0.07081955593433235,-0.017625827934520936,0.010714191105883357,-0.0019109945584559363,-0.010782667801530255,0.11696936214037332,0.11599490487772357,-0.023646255514542767,-0.04610117644369197
254,-0.05918568784877821,-0.019507785061522984,-0.0011468817260104427,-0.01070257311335674,0.13321312626108503,0.19776467081571159,-0.025203669829500407,0.012784233411249271,-0.02743765717874353,0.00932008121858591,0.009205726382223453,0.024976427459345172,0.12101757519390154,0.15326884529655815,-0.02355443350973793,0.023093070110807894
256,0.044718611920023875,0.07288542429199711,-0.009431431136960627,0.0007964400845306848,0.13984389461790694,0.17990800113634342,-0.08261461074837953,-0.04732921078428409,0.019471765357776675,0.03193959668798012,-0.04616283433348072,-0.0193430729955828,0.10999841133400488,0.10713128371197109,-0.15356895510232388,-0.08546581482015077
255,-0.10176042474499375,-0.036628504301189094,0.04640994339758932,0.02621391959795306,0.0801783400235091,0.11065610628833737,-0.10166331886722464,-0.06316195209271509,-0.004190949387249793,0.018110899625393348,-0.0002687929716125445,-0.010694239734401846,0.11717866678080832,0.15813106457840284,-0.07384828495058884,-0.01949890418360763
257,-0.07810890290397998,-0.060327587941140515,-0.014785925788032587,-0.04840387403608782,0.09592285463961547,0.11566660012288105,-0.09465245020586936,-0.05775817317282269,0.031911562904393696,0.02901055920187842,-0.01658421840949199,-0.020775906275100033,0.11807886326709037,0.1232408898090128,-0.0980013516598442,-0.04739855080737058
258,0.0011538066645655825,0.014194910146762343,0.030206788489200876,-0.0001240290239516288,0.104146220592658,0.14896558163761528,0.03355728794729672,0.01772459123794194,-0.001297703216109404,0.004184780078588875,-0.02606018307998645,-0.05545064573395985,0.11917652585448145,0.11857583675821484,-0.1253406938419412,-0.10226935768218026
259,-0.022699835402312737,0.007812184596467891,0.002455508221878027,-0.0033349128779573867,0.11114612710580467,0.1466231524010285,-0.07925833746162789,-0.03336685539728609,-0.033777924024747275,0.010392994103871296,-0.0028439071593535457,0.0017620356811917496,0.11816046779107714,0.16497673997777101,-0.056945997787457694,-0.01253069421956706
260,-0.028407076566383197,-0.03874423600611494,-0.012666546982940504,-0.04539559470886632,0.07788047870283409,0.0873721064534587,-0.08067007410794368,-0.07719869892586755,0.002066650234650621,0.008381888179250393,0.04922786214118393,0.019480560927382193,0.13323130864469868,0.14842098459792935,0.09196224788371797,0.03656774611717598
261,-0.05245823413891621,-0.023236083265181985,-0.0962371899998758,-0.042833723230655,0.07859091267010795,0.07060148417405628,-0.21169431818487583,-0.1476293835157654,-0.020803625285527157,0.01965280287439264,-0.005897534211471061,0.014369994547967824,0.11640301542327043,0.15041023654501354,-0.10089836431444764,-0.03089458546825515
262,0.020921026481658195,0.03479123710951366,0.01753095700279492,0.037527042511449345,0.10920746403545308,0.15236546730482978,-0.08428265919564967,-0.018889992921015675,-0.007897767360211921,0.0043810489079763775,0.0007208465575834677,-0.027233990749916403,0.1379483107779692,0.17911857821102592,-0.07387914535650707,-0.044486703017347175
263,0.01653275998216831,0.053371006640771844,0.051156115554279985,0.04596019639965716,0.1677883839374263,0.26144699031646296,0.05089742833863927,0.08508948456589945,0.022490308285633927,0.027175143057298755,0.0016579186411380873,-0.016740311048538258,0.13062275699043194,0.15801435066436773,-0.06247983409585053,-0.029214527533938717
264,-0.011523565998559433,-0.012641892974139254,-0.012301781184887606,-0.08135413686778983,0.11185856218897582,0.1362016142562805,-0.12401389935924438,-0.09491937606223584,0.022369375408475316,0.004820798449296378,-0.004557987587729351,-0.044855636194480186,0.12485638496470071,0.12028395379433812,-0.08477659181208655,-0.0958029722889742
265,0.007453639225883398,0.04531723732925068,-0.03072119843881923,-0.014202361940762197,0.12619332476051587,0.16323867874212494,-0.0761707234799715,-0.03880933158319555,-0.026625995572490162,0.01440329825289984,-0.007343691638962025,0.012280691929748738,0.09847286966151049,0.13955792550687154,-0.07395645109316548,-0.014646582739045252
266,-0.042444542875800975,-0.01234312915134416,-0.026434427539909832,-0.018649398063731993,0.08881610763689407,0.09015639031282109,-0.0897391906114826,-0.07889690214027771,-0.00491533012937811,0.009527410818732207,-0.017906058763612596,-0.037742120197117895,0.1399743467925544,0.1912518791348983,-0.08941813863398666,-0.03306566932227917
267,-0.00825019548785113,0.032517904799948184,-0.01750186363416072,-0.027866375672300072,0.10752343879574784,0.13989667896245875,-0.0909424990370135,-0.07648193310751894,-0.014937121807830443,-0.0005630014822441595,-0.04485845131363497,-0.017776131693379712,0.09683652103925094,0.106176757695346,-0.15303960317126053,-0.07032481942962776
268,0.04350929538244176,0.08716407545187908,0.023505449098252175,0.011561709368984353,0.12636547477942311,0.1732511540022993,-0.024996985926985366,-0.012394805198198133,-0.04856247416123268,-0.01763957972368416,-0.01559110318508024,0.0011188587595038642,0.11310799152762356,0.14382012349067458,-0.08580890152842234,-0.0261149234498735
269,-0.022322218989437263,0.027241798351710457,-0.019715451233404364,-0.024967876445529558,0.12011254482542796,0.18546742572194352,-0.10398740232846974,-0.03192461430534932,-0.03788487955391174,-0.005259224414972093,-0.04237405254138792,-0.02575137468237264,0.09326979047602825,0.0917717534137426,-0.12892670635126252,-0.10308706328087214
270,-0.00495004712820683,-0.004883658967660461,0.012092064015780538,0.0026292270083528653,0.1102563278548937,0.11556798912029131,0.012359657203405159,-0.014283449315164601,0.005367370434005334,0.030485931804194587,0.002102326938984914,0.0014225541517705054,0.14471469425514635,0.15385165049216482,-0.0437099121072826,-0.041572296465249514
271,-0.03665435540694781,0.003885141837930676,-0.020125221126765475,-0.01525136057503117,0.10118172011296982,0.1291844096852219,-0.11796594399634583,-0.06899137218278766,-0.04707615381873058,-0.03912177519194582,-0.00618213436204964,-0.014529979663860947,0.09113201528487572,0.09094136902216325,-0.06423128159549084,-0.035572998648843966
272,0.0024125584169842466,0.0540826836967057,0.03320641499399268,0.009056745877442944,0.12723193459575377,0.1744178168405139,0.03414226101020067,-0.01553344295179219,-0.00927330323299401,0.03148247510573358,0.034466828749840396,0.06466885932851409,0.13395508378947107,0.1785102496937936,0.014980912350858052,0.040308908413909696
273,0.04350985529777262,0.0682925992168213,0.0043681580190265456,-0.011620456630255288,0.13437626941133912,0.19458255981795616,-0.04535953372747407,-0.016857852801591872,-0.034953095002788086,0.02633930153950361,0.02584101799590686,0.045030165543441664,0.1266377148052458,0.1835715284242137,0.018157100712074197,0.023832149890812244
274,0.00847640811617884,-0.024096959590174254,0.022355208434563553,-0.048841242790584084,0.12869341606390688,0.10903194418109718,0.018457205700610494,-0.04720088283713764,-0.02067088231404653,-0.03452748075401203,-0.09234505952416569,-0.09489961204744497,0.11762618126392631,0.12317187691155103,-0.21998816365654583,-0.14081197319397107
275,-0.05094272322131912,0.007625899787310568,-0.00865241809137446,-0.007396185467486791,0.10514531839604657,0.1450000639927887,-0.10549868276061147,-0.06809361857742251,0.00800875091753454,-0.013385783531049045,-0.025920536771544427,-0.04062420605347103,0.11798216300759184,0.10176576094613113,-0.15476051686834422,-0.12574416961356502
276,0.010384583547181216,0.05894208013317894,-0.009618749300117425,0.012362870557358891,0.1401666767073979,0.21137595602708545,-0.08279177818348366,-0.006597406925801723,-0.029585652457574944,-0.015510612173050971,-0.02497407150274053,-0.039699429906396085,0.10869212405121939,0.12766314435977794,-0.11245346355390137,-0.05687269198127357
277,-0.005662276329698691,0.007389652247764163,-0.045934482020495236,-0.018184920669087782,0.14276472238497495,0.19076872986299742,-0.1504029340005752,-0.02312075103982399,0.030647903593091236,0.029239062088571972,0.03984275216341539,0.01012817908431502,0.11001164107800654,0.11746993611104943,0.03627602258402646,-0.015709235254022718
278,-0.05024513605458343,-0.020175080940030198,-0.03629933446583623,-0.06253316414787281,0.12121153685699512,0.17566153102879511,-0.13029068274245598,-0.0694106301307802,-0.00714769350784589,0.010456151485166402,0.01717832336506805,0.0012436981106310854,0.11017142130281705,0.1323616551550615,-0.041024291170828474,-0.03186773345111519
280,-0.009758428975383981,0.022738674855047717,-0.03396768023034896,-0.017520369110515414,0.13260813979372132,0.17431295112820713,-0.12292671713996274,-0.053463288591868476,-0.03286978610968364,-0.04144559007996624,-0.03895071535737317,-0.08549035083253578,0.11287710638000555,0.12715044483960544,-0.13937241347449272,-0.10567038087861629
279,0.010667091385664022,0.04130085178689947,-0.010386402748925962,-0.04442277590302226,0.12278858592097727,0.16939481735532538,-0.09740899190991123,-0.07001752474224836,-0.035928901512097,0.0058941481298767934,-0.01817266508797741,0.001838775281228,0.11447969149156466,0.15566982140686703,-0.08531537877736657,-0.026410509283933365
281,-0.04177403594755645,0.011975947101171709,-0.07890845867041867,-0.06074809294557097,0.11885172422929385,0.1847259473074263,-0.23553671836587453,-0.09704434832061741,-0.023201327105045286,-0.01830975502462271,-0.008844289676587996,-0.001447945123734251,0.13134234789298566,0.14978954791955695,-0.11197846844240288,-0.02998505101694145
282,-0.01958290029967945,0.020983754847670344,-0.02242554289886199,-0.027921747289208983,0.11552280166552141,0.1642334906829154,-0.10891465705334505,-0.04751384232759174,-0.023213464238549697,-0.005544886857891059,-0.03248081022036333,-0.01379835307315686,0.12338974025550985,0.16668030639756803,-0.12136994693510789,-0.03282175140619766
283,-0.040900799834046354,0.01029415918850951,-0.05554269090602934,-0.030698779722388395,0.1301984490002662,0.18675577556327705,-0.1787286348894474,-0.06735096388376731,-0.04179915320323267,-0.021088488527441687,-0.010241868037583273,-0.03558703786074491,0.11011587994496123,0.12519399473052328,-0.09083374088388642,-0.08311201480745185
284,-0.020823461541182805,-0.024278586951837933,-0.02789550784816671,-0.055048109780429816,0.10850070378014252,0.12117064777754331,-0.20349025451083202,-0.1473197941432651,-0.05707617894096088,-0.04731100581073653,-0.012108324642244478,-0.04529580645777715,0.0814801351638605,0.050646644871508495,-0.09416955346303868,-0.10262970835557328
285,-0.010679733247035262,0.010641098266303746,-0.0035839344106576433,0.0011944259721384193,0.13611844516859453,0.17267182675774692,-0.11574283472012252,-0.032353747550329714,-0.026499478375383127,0.007603631746785318,0.01954737912539393,0.027588582808549214,0.11649449119451609,0.16032008424255023,-0.04576901056780113,0.004934691434969459
286,-0.028342404672001317,0.04178052479606222,-0.06136248222780213,-0.036251275505789264,0.1446124170916719,0.21355455587008335,-0.1939631824074474,-0.07751835599701484,-0.01978628579534837,0.0007514394343533182,-0.030196851403414604,-0.019159608426366236,0.09838155258509512,0.11428881343010362,-0.14616537859655204,-0.0672360147884864
287,-0.05473748936955766,-0.014636058969242909,0.009021902480824339,0.018008758713670744,0.09920275818429775,0.12219636691586022,-0.02701903913558393,-0.0018583984720853912,0.02046003862878498,0.024832701143019477,-0.01912092529054868,-0.03253370579288318,0.15320752233602275,0.1891949706454067,-0.09771866969741833,-0.05695953535700049
288,-0.020695540302545484,0.005400039490574764,-0.040633036198932194,-0.06469295818321148,0.12151761407019661,0.147303988073814,-0.16910032549714016,-0.10289598412021532,-0.023779811561514663,-0.005496895626397517,-0.002570707067222085,-0.02124511419994808,0.110311275347398,0.13783889467773763,-0.02113106559511718,-0.035339005958384906
289,-0.03987345986286666,0.021745459783081903,-0.07267406563003133,-0.054010754335361406,0.09565680765219103,0.12703566516570391,-0.2410419276448608,-0.13578508626616528,-0.05203216729561142,-0.023303122593866212,-0.0066265233090688075,0.002413018893232835,0.09659207400460132,0.11950095249477868,-0.06511977166643804,-0.028174429724368715
290,-0.08895083263746212,-0.05550920461029677,-0.0634877630032265,-0.045709748026375153,0.08664145160458532,0.11266687428848375,-0.17245728002526803,-0.08317957695602847,0.011092095835854774,0.006256586059027458,0.014832642698793263,-0.018240114565148624,0.12917770247756882,0.1332219430825444,-0.030754281655045793,-0.04988963323701893
291,-0.04203519858417975,0.014964606475457935,-0.06013389490543161,-0.035230518658513704,0.09660085057783831,0.10444892697544282,-0.18403785053452243,-0.1282231590322422,-0.008453423757291216,-0.01531155939392826,0.030707322051685196,-0.023539199120963403,0.12885847231507122,0.14408203663727565,-0.0009752029721288615,-0.043167996770636874
292,-0.007843551295198365,0.01713349009848532,-0.056971868730947575,-0.01492676765998192,0.13510589863203287,0.18582358860037276,-0.17613225310158512,-0.03890729284761981,-0.054399096094119,-0.060336928043702796,-0.006963837509589511,-0.058634748281997974,0.09966675618789515,0.10090151041888606,-0.07021858357826688,-0.06511507529588911
293,-0.04020728981133716,0.009696923704949175,-0.028809840649587668,-0.029582719003872496,0.10642231371639634,0.16848490765209914,-0.12043434061649877,-0.046593310062754724,0.001175190712230198,0.043357206313483505,0.0076585590252499225,0.029394814820074586,0.12316535725290852,0.1590112891267231,-0.008944828206817936,0.018088359418317063
294,-0.019828753875037557,0.011307987618939298,0.0018676923176444214,-0.019848832740684254,0.11729482903647277,0.1445144976854807,-0.05877626816282755,-0.05542546981761187,-0.06502001426657165,-0.04788595364255939,-0.03527278655553859,-0.028536974740972963,0.09289897878603776,0.10595617108903033,-0.11410614035130466,-0.05318417415517285
295,-0.06826095402417551,-0.04224509163859196,-0.025654270372899128,0.02097493342841766,0.1105309625170571,0.12231737308934025,-0.08528459372718336,-0.03422948817054624,-0.027381981212141606,-0.003706319003906655,-0.024269151527447075,-0.035516246074597906,0.11556767067695971,0.14088288101251545,-0.10400112764015673,-0.06173482986429638
296,0.01118793603262299,0.07277534773637279,-0.019637765872142686,0.013431421447838487,0.12069216035308172,0.15776326538690863,-0.12460171489330871,-0.05405342110778052,-0.01274547062338439,0.012264750715965,0.02062096826337898,0.00557242757339991,0.1366988143251382,0.18590865198617487,-0.026275344239234853,0.017317630074070684
297,-0.06662516229029292,-0.0010278678353379386,-0.0017776778291276588,-0.02101646673638379,0.09454141538894,0.15707793960655603,-0.08553634937213644,-0.043210970337494436,0.0051981492922466505,-0.008950973454965634,-0.009681370619755063,-0.020602262764756032,0.09481144277406779,0.09307927563520424,-0.07028671929831946,-0.07327610311935744
298,-0.0012223518888777878,0.008622186147492198,-0.03304650031426869,-0.019148857017220113,0.10031374633918623,0.12622756669213678,-0.1210624497722715,-0.07388522916265101,-0.011440878839796999,0.0070246791664942375,-0.0026951398331780197,-0.01906463847962068,0.11598045792013412,0.13969785787810737,-0.09241370797318224,-0.05954290874396125
299,0.042858991247017954,0.006354141306543985,0.009727060894797952,-0.04379252422592784,0.14295423836602345,0.16662087538073989,-0.052043291047136946,-0.039862221744237,-0.005455096463992957,0.0274810852244909,-0.02536086788471885,-0.02636785137248101,0.13591061056036294,0.1459921160129751,-0.07945785497001523,-0.08028292850050185
300,-0.03491395817288052,-0.012612419273929087,-0.029724609997191478,-0.04218441751530111,0.09739673186321993,0.11565073775531937,-0.15203225744686916,-0.08058649800313038,0.0009311249381581865,0.034137978442358746,-0.059848979407175824,-0.046748784103638495,0.12803611593915773,0.14437476822687345,-0.20256397934463438,-0.11751005509565182
301,0.0008570772444246765,0.028815414417382466,0.00719175498674242,0.00023404725077902366,0.13114381003696884,0.18783776487550052,-0.024994383567353406,0.014525090153465073,-0.00353700410292177,0.0037988172638260117,0.015155242064846973,-0.014831189262014958,0.11299757483620097,0.133570952920188,-0.06721834507853443,-0.04927093044381603
302,-0.03969743268963862,-0.00795214233922716,-0.0303422073676356,-0.007938748775731237,0.09702536388337002,0.126105646972091,-0.11115096980796034,-0.027293181110202847,-0.01954938687256333,0.0038386800188259756,-0.00994864627833787,-0.033272250234463875,0.12151055803567826,0.15043262897253834,-0.0980209690846891,-0.05872896419851059
303,-0.03048787702257962,-0.025040016435169614,-0.061112399611285444,-0.07118505437403079,0.1062424977414324,0.1248827365870096,-0.17726211385857413,-0.10279163618493987,-0.03551173718930908,-0.0089185463911021,0.009729964932599994,0.011988906936941334,0.1113023716934997,0.12940817957829664,-0.12190445913289819,-0.053827177094378266
304,-0.04847213588907337,0.0020128969785236993,-0.009978973153541229,-0.027644196888879605,0.14172274825409414,0.22922825236515076,-0.018549975661439608,0.06464970218237871,-0.027418868265923053,-0.017543250535172014,-0.010573806520071559,-0.005810137499248777,0.11912092170253173,0.14299108493649498,-0.10651805857104878,-0.06113255415803912
305,-0.06282381269061194,-0.010246571918398976,0.02938539042189001,0.03239182559674933,0.07277073548834366,0.1287428743098199,-0.013419577445607482,0.039942233104863334,-0.02506753678762874,0.0010450817082427565,-0.02618443480525815,-0.019194397971273414,0.11884488956802676,0.144844809660651,-0.13552494234969042,-0.07417355958606668
306,-0.023684965788849977,0.0074290904178581285,-0.018776406013559357,-0.02204802041669407,0.10402062965081339,0.14872747927969948,-0.11387786181962989,-0.03462517919732433,-0.037579014647128164,0.014056498080951708,-0.038439953915728894,-0.0006422386984052145,0.09753045129082834,0.13469632638326706,-0.14359677286261133,-0.048289630679062924
307,-0.017672572149696687,0.007679430612754654,-0.001996478858568963,-0.03096621329369093,0.11014200741221973,0.1319793137589477,-0.16935698851141787,-0.12320857889361374,-0.034365510759195694,0.0007727356974000103,-0.03556270622841465,0.0002954286601826879,0.11034674531015419,0.1437032566340675,-0.14032175306380548,-0.043949003129225596
308,-0.039462536083136095,-0.010622966556534882,-0.020826840107703515,-0.0323473458183292,0.1216575841644131,0.1758757445129856,-0.09302551467710996,-0.01579104597267263,-0.016817095037610606,-0.015644789556118848,-0.015676374336497895,-0.028094350913861234,0.10678619672860103,0.12276674241921356,-0.09373052957030988,-0.04682740360436447
309,-0.0205536667991937,-0.008297895837597005,-0.018536235301334917,-0.030090535441630418,0.11074441690226199,0.1530281778278758,-0.13657887393031287,-0.05781335533004576,-0.02359957947032351,0.027176104387722732,-0.015319569067247268,0.021211300447264058,0.1182781602797247,0.15721476678367188,-0.09198993021510488,-0.012164950402020924
310,-0.08124628327318718,-0.02084704322814579,-0.049763419961441,-0.0344545207943439,0.09469510077735545,0.14683168613088468,-0.18043817463585612,-0.07138517787619188,-0.03188695165317111,0.027820481268023205,-0.04431876210489901,0.02250315661792142,0.09038467296056114,0.10878738441642344,-0.17527526456114076,-0.07604000900240222
311,-0.06688016982644496,-0.0236728931107565,0.0057508799603048725,0.01720884353166149,0.09731991342007562,0.14353735921955368,-0.01100823129159299,0.01895239580684449,-0.023476038747431493,0.02290654091931099,-0.024459964205646507,0.0017820836015910951,0.10414152056022037,0.1395538293296556,-0.12222644149376828,-0.058840479894452624
312,-0.019770695831062873,0.00544533341094919,-0.03368302325610393,-0.007190855153779596,0.11048142545356612,0.12675186817837594,-0.15248636793992362,-0.0771522474754505,-0.02894287379250885,0.029518701965449798,-0.008814979814892434,-0.012603228786665572,0.0930994785143871,0.10774754704191496,-0.08175353731987017,-0.09614034085739069
313,-0.011877852175222907,0.018908241164267266,-0.03756787161500205,-0.03813098668635813,0.12404452760957085,0.15439519152576262,-0.18171056779435713,-0.07270731288825745,-0.008787737069509876,-0.017701625041276363,0.03537127214651832,-0.032986510848921874,0.13126602232051254,0.1297350177551591,0.00807251277887875,-0.0643900335528524
314,-0.06989210921281509,-0.061226690812555,-0.03638457470352623,-0.08063342717054175,0.09190202358722797,0.10152549520165281,-0.13317407136569578,-0.11736532514132147,-0.02329394908637917,0.016425217043255117,-0.015729434746024954,-0.0024223457186274278,0.10955936294230714,0.13584447180039322,-0.0943228318334027,-0.030735255514861077
315,-0.009779362817256452,0.0366115222930549,-0.02305586831855903,0.011924705821308456,0.10491254598614098,0.15314747685481017,-0.1851701186907189,-0.08831589512795235,0.039231705572220416,0.04718895851564002,-0.0016271635900422768,-0.0007492682469289115,0.12443070331481168,0.1531936065746568,0.020767653894208656,-0.02612277395199858
316,-0.05483631242323513,-0.02063586661073167,0.011124938355716079,0.004123777469376008,0.10321964435786186,0.1403933581017602,-0.03352122738205433,0.018335605938039956,-0.047800185813483775,-0.04844018464533151,-0.010322969616665923,-0.033809206980429905,0.10195165296673689,0.1324407931609698,-0.07926468221344068,-0.02796037214375661
317,0.0024827817070362584,0.033043476433224576,0.004119079377756237,0.03133030820147808,0.1290798749713753,0.17114483592910423,-0.041541996491630026,0.004550301897260578,-0.003690015322502189,0.031986327686983486,0.027429795968991443,0.019211681484985473,0.13362615197025365,0.17040592511895225,0.03321892551477681,0.016596421982444116
318,-0.023006254214883132,0.015297002341660074,0.05952340848291918,0.028589729036799107,0.10187011026410318,0.1505368121930144,0.09700450963233295,0.03862201771012271,-0.005235802709276532,0.014323640120836327,-0.04025218714644898,-0.03476331398030109,0.10777916348923387,0.09125788901815575,-0.1443399701082794,-0.12225358640481869
319,-0.02108412077214106,0.010489056975587396,0.0011550304892711165,-0.04578579622183147,0.11941714734371223,0.16576215206886044,-0.07070890877221245,-0.06605717642815505,-0.002239457673296065,0.001039610070145236,-0.04105559868320483,-0.0457094701911063,0.1313090016162499,0.16392521268438262,-0.12014517942203555,-0.05874399859170006
320,-0.06812467323954785,-0.05057804145201275,-0.03624209707458016,-0.03352281471771563,0.07916198759252979,0.09041521511427962,-0.1395062494795432,-0.05617840083806055,0.01041187181249483,0.001903126162247008,0.0032077918299543897,-0.018873588313298592,0.12571695139911718,0.14366806525707726,-0.0687769669591903,-0.03359175736809531
321,-0.051087574369509045,-0.004862502326597873,-0.028929516802895083,-0.0395960411038406,0.11898835479241099,0.16355304715811206,-0.130275112354035,-0.08826769664115423,-0.016095013373836932,-0.031116665318830193,-0.015526551879265982,-0.05289458442772486,0.11250808909777292,0.11520842178275544,-0.09100092760648461,-0.05770816563164353
322,-0.0009337632139095159,0.005263297254703177,-0.004330321420833122,0.007125323289510332,0.09694036020117412,0.1103532059150983,-0.02633717789849292,-0.023353120813989953,-0.014122885359818274,0.02233923625022074,0.02905603110504951,0.028931705141974042,0.11527455506943227,0.13651582124077855,-0.006447530581896916,-0.010800613871046583
323,-0.03800646060860383,-0.004170484805745954,-0.043118619766793057,0.007096743340991479,0.11553511678369913,0.1437762104017752,-0.14896162586616862,-0.04994414142141771,0.009946722919486931,0.021471404514890803,-0.018668119476648624,-0.022528077032209857,0.13034038173765622,0.13725404413930037,-0.10452169555059569,-0.07410378731854317
324,0.04517422729611061,0.06088325456715193,-0.010021826612306326,-0.03769014806268662,0.13718108852275582,0.20440944122993185,-0.09195785897610313,-0.019923365431521105,-0.04670174501523522,-0.03552870165247786,-0.012748110094975547,-0.009365870365560903,0.10847767180261668,0.15240920916630724,-0.0780550268739328,-0.004242441620223285
325,-0.03420447359765842,0.027355271353268724,-0.02215484163365194,-0.03107218722445296,0.11175710768374197,0.1609541892048185,-0.11259155148362533,-0.07497102637019337,0.0052749634793081805,0.02461852248135592,-0.016764717711479398,-0.012765143498566582,0.12350638490472383,0.14590473392681974,-0.08883050673938574,-0.053196584923736356
326,-0.06098825544442567,-0.055901756266171526,-0.0457698518432704,-0.05270523077556917,0.07825629945470007,0.04841495986558997,-0.17189077369602304,-0.1612334051984066,-0.02805534213804848,-0.021990555323872573,-0.0071104392689078375,-0.028810660592598767,0.09561348774229658,0.11298986863370016,-0.07122941025620495,-0.06334358196851479
327,-0.021930090485690407,0.016667557032007656,-0.01557986624868591,-0.04529374803550284,0.12124681241570485,0.17213514775897906,-0.13362911127217758,-0.08845382602348424,0.016765103467220373,-0.0055999765433320196,-0.018034278134755936,-0.0545118915080353,0.0964264387909999,0.08499472076329621,-0.08701357494908013,-0.11210936082401719
328,-0.0339947814493379,0.0038189371836892037,-0.004879202637082459,-0.014558267467296665,0.09783728699274089,0.1185027623785468,-0.07591381939981885,-0.05368549212118534,-0.017808971501501996,-0.01092961402222612,-0.013503071396015602,-0.031819137817705394,0.125894126508745,0.15585227374566302,-0.09307992406839312,-0.04313158764390305
329,-0.060776349444962414,-0.046680556384756856,-0.032721073614811184,-0.06567718941021768,0.08954077126229931,0.11614294725267756,-0.1334250816712787,-0.09351089128966002,-0.03315915470993021,0.0038868826213456294,-0.015481602277818841,-0.008196436417607417,0.11260381156713277,0.13046739340508234,-0.1036323314052475,-0.06840413902698239
330,-0.028375208083374834,0.026902504929409495,-0.028313080552377204,-0.012408108543767544,0.13172576039339962,0.17082075983124922,-0.09693372686117903,-0.0710511030481366,-0.032408024040369646,-0.02598370238034978,0.007576962776413314,-0.03669868071361651,0.11495172756510906,0.13068794389749944,-0.06932195868854522,-0.07202441123413354
331,-0.03362357537491752,-0.0030337937461315393,-0.051974008287860425,-0.04844601889798325,0.10107564508460735,0.11336237383036601,-0.183477251293068,-0.12021992022861494,-0.0015028014365618889,0.007188537315304415,-0.017596349871319705,-0.01565745318681658,0.13910518224654184,0.14434110314979767,-0.09701462302134946,-0.05193867375705504
332,0.0022392017651154633,0.03528246056055119,-0.016831194328083374,-0.031174534415773236,0.11530481413995054,0.16117315571346993,-0.09968439586423049,-0.07277378196732613,-0.03664116860613145,-0.006432986880707984,-0.026051492030246863,0.0032514004816008354,0.09069837189929748,0.10862761651234139,-0.10746693404860054,-0.03812110560572579
333,0.01691604823855004,0.03433350270012918,0.02202409229705304,0.03551995183143444,0.11197508318028362,0.13620693191963257,-0.0454580530266555,-0.015384587578213557,-0.03501048484980901,-0.028968157073236057,-0.006372360078791441,-0.04654046236303833,0.09835099741924899,0.09974796690366364,-0.09471488415636363,-0.08967178173186563
334,-0.02828681484242078,-0.0012593885229865186,0.0830132727448766,0.02322623602203335,0.12228652431712118,0.14719505683415682,0.14874721092271537,0.04045724773392064,-0.04176080304467809,-0.019161054566942313,-0.02585324872547417,-0.026724317769699493,0.10486154300761744,0.13187497275925064,-0.12357203756373969,-0.05207094575759719
335,-0.001363982765588689,0.039195676606370286,-0.016592405430844247,-0.02778300033513551,0.10813200606640502,0.15133132832736676,-0.1257494588951329,-0.06965570295559527,0.03230578866826805,0.01941179661191171,0.019637645333420696,0.005969428215044809,0.14654649685801463,0.15278079752381,-0.03447619800343207,-0.029302067423488436
336,0.007904401873257506,0.03306553115936854,-0.006036820995243324,-0.026748666451426352,0.13845051300223207,0.18009736641060378,-0.06814382985203653,-0.025716858010431814,-0.014064965413238583,-0.031309549471863596,0.004282523108060677,-0.048231982656233026,0.10700909915972279,0.11916002032534223,-0.07302663321989641,-0.08706757169696033
337,-0.01576656375029385,0.023556052038498407,-0.000590911364455972,-0.019410033270351523,0.12318157517522277,0.15764939817768384,-0.07727594592588191,-0.05528593894158292,-0.04742954617554937,-0.013875179566327474,0.025059106510533453,7.156776204777302e-05,0.10130499378069636,0.1214283350431506,0.010281261417535307,-0.012913159074181299
338,-0.0473913766709878,-0.0017464792740043325,-0.02539903299011578,0.015401601464229137,0.12007903657425235,0.18670193720658576,-0.10756175912834418,0.018979705546930514,-0.010238858843869884,-0.006502383882771475,-0.029957475174446576,-0.04900061618020452,0.12300285558913672,0.13006382702556485,-0.1259251374273297,-0.09286067579392916
340,-0.06539739988745523,-0.034684602598404,-0.041071708522607844,-0.049437680266647896,0.0920979662064026,0.1294651084989845,-0.16220806455900894,-0.07845864272782581,-0.05498520789488633,-0.023812400408291193,-0.06429475481294582,-0.04713647622750174,0.1067594248909216,0.12487634670665022,-0.19500339226354005,-0.10748815926745543
339,-0.03633568609897731,-0.004261622936337322,-0.024722780512979697,-0.017751404604070018,0.09406084543114938,0.12846153426333473,-0.12058999827862907,-0.05371946494488496,-0.025716340505458075,-0.0013277582730000016,0.0007824814957240748,0.0023851349252231365,0.113802726974421,0.15199533331846418,-0.052073142356995485,0.006424529661828086
341,0.03462949636065661,0.053128652175050854,0.012028118744889193,0.0015768265662566435,0.11239332082460832,0.13972234095460845,-0.039445022645564494,-0.054092008473661024,-0.004306669292884122,0.015923590790986472,-0.025217609680795172,-0.02880124308545462,0.11533740558382385,0.14871174658479644,-0.0959959505773695,-0.04926277431795867
342,-0.0544531229460338,-0.014331072926439354,-0.04115766607527264,-0.009855086759116434,0.08609597968963731,0.11686168952977494,-0.10468480635095594,-0.07808023990738606,0.03137413931443641,0.06435658354790935,0.0444336239518488,0.04918710674758955,0.1414626660844677,0.18196401012783456,-0.027407290105373478,-0.00613211013721456
343,-0.032767574021753676,-0.009637899110548647,0.03336009346390484,0.009654467669418253,0.13210442007040513,0.1708772016980398,-0.10393362945840953,-0.04073646184787294,-0.007643927771808136,0.015323796495132706,-0.012209837895999167,-0.014664398449447013,0.10570229102761558,0.11664506236416519,-0.11780170330055614,-0.08171202932952722
344,-0.024071698689770563,0.01903064401474958,0.0205493311251299,0.023905249942064374,0.1155330261862617,0.16036744959625315,-0.039263451450048066,0.0026215082075425147,0.0005460247221719185,0.03126613005908631,0.01150648888549261,0.018620583215827893,0.13537200780162995,0.1699439135982403,-0.016997946282558313,0.013043383546946416
345,-0.07126252510232212,-0.05538502185456931,-0.05256057782519121,-0.056027246841410666,0.09767841919493463,0.10577769310015471,-0.16664891991357086,-0.08154809560093301,-0.02772836339354634,0.02645647885393884,0.06040150985310932,0.07306706787563942,0.10847630831009304,0.15994387852279163,0.04157117632549769,0.06583182753581918
346,-0.050676144627264975,-0.026579075128897265,0.0217207183971819,0.026229996542279362,0.07476273818328476,0.06880850533604237,-0.04484256557755224,-0.033275285795502575,-0.020558012559743235,0.00955050261775873,0.006375381898653881,0.02113288120639562,0.10311411836322154,0.1298941546144206,-0.05282380171741774,-0.009150015169169542
347,-0.01211893722119495,-0.012213435883829856,-0.06283425207457549,-0.05016301531259062,0.08528252299608695,0.08569699545338255,-0.16750613909855716,-0.11195150486597767,-0.03249355403321534,0.007535114410246568,-0.04433036735617902,-0.030157303956537315,0.09092205911279821,0.0982718678954412,-0.13827684862281497,-0.13000671339182066
348,-0.019019298824037068,-0.0018396975118104434,0.004165881604178012,-0.036162216299763794,0.12014410513519892,0.1567007869784203,-0.06887989086240487,-0.04835789852137051,0.002605888194073167,0.012661383473487227,0.014621610088991648,0.005487798538805544,0.11875107820612486,0.13030373378506782,-0.13045605329396504,-0.0693890649963456
349,-0.015476921802217578,0.002426689599990849,0.021262322897411503,0.004638126078827117,0.12922153431234687,0.1504194933301379,0.02415245844199676,-0.011514136862960175,-0.03912417309359874,-0.015871106940539472,-0.035724034867061584,-0.012962324561587947,0.0896939781431918,0.10070563715454772,-0.12941615278025567,-0.06549021066274167
350,-0.05458046255646183,-0.03331134337671881,-0.049866709887750174,-0.03924501720168116,0.09059048718490971,0.12478774340666159,-0.17528398135333137,-0.09155833841799499,-0.009962639988180675,0.0037823823499236963,-0.006251483674818297,0.009616399726592319,0.11074926838527654,0.12974412953873182,-0.0860117032273787,-0.015554266977190126
351,-0.008570408452045925,-0.0018324604912674219,-0.073931377017254,-0.054984939036763596,0.10352102752961531,0.1334067582041785,-0.19654519233295037,-0.10099445906768172,0.010908409850733025,0.04587325489174262,0.020421698566258476,0.02369604439688978,0.13647662102844016,0.16947813297037367,-0.010702337218382148,0.011271462927229506
352,-0.030293222833331076,-0.0059326415661523114,-0.04025877263587108,-0.03097046620358138,0.11135953046798533,0.10522369004064651,-0.10975027385058422,-0.09034274827066786,0.033733515019762746,0.04570273453062835,-0.030216177672287358,-0.03234906971566487,0.15171368975916935,0.16958101700722933,-0.1114929623984594,-0.06765743154315895
353,-0.011252170106046405,0.03243178934509921,-0.022429606907362773,-0.026787537760215828,0.12518535769369077,0.18662934654606436,-0.1408822524576713,-0.05624485655857958,-0.01572437748981282,0.02343725649225054,-0.03603965577886208,0.01719458726523301,0.13209874869112437,0.16913952579746402,-0.1263393903420917,-0.020022152791771625
354,0.010561168189284957,0.03059914192777965,0.022562868830121367,-0.027885670693946915,0.1316661102024661,0.1299925930725831,0.010456906779549585,-0.08373205872149488,-0.01635042762242932,0.016144502144545193,0.00398130055780291,0.004920041344403956,0.11253325232233245,0.12746444971589935,-0.010007709996392805,-0.03755358427188441
355,-0.06950935162497503,-0.01185156108980293,0.01108955241039162,4.599902900792596e-05,0.09152775597327044,0.15176012066203323,-0.07452239643640612,-0.02301155774681063,-0.01714306632870041,-0.006721500878290339,-0.061770988661464216,-0.047179421764232926,0.12575595143123428,0.14192332960819581,-0.16760171755190062,-0.08683326695656246
356,0.0085786321112279,0.02942400936533193,-0.016418802947033375,-0.06037952206349,0.12372647223079396,0.12754826230389837,-0.11918150410723999,-0.13029099869010974,-0.04382474957750272,-0.03215612105726366,-0.04376954076610153,-0.043794515805268656,0.10066191922277869,0.10660643581751625,-0.14559802955310516,-0.09404343725332927
357,-0.035819450469781244,-0.007064489511854174,0.02724868920414535,0.023133499832886553,0.11071240846138079,0.1505829817533669,-0.028277228933943924,0.01487995652104753,-0.01452224638659776,0.029414060247696126,0.005609862626456117,0.027780897037453293,0.1336073617312274,0.1802511660766115,-0.0647683892808953,0.003014537040989899
358,-0.008911536778147107,0.031418250251462825,-0.014526840456513725,-0.017192233613369322,0.13219225418330446,0.18203734703216126,-0.08165585605782556,-0.04109254351165411,-0.034066663087965604,-0.029472229158621244,-0.04375288252372073,-0.04631104345770862,0.09926156644482984,0.11254585907318218,-0.13463935192714627,-0.0844229338671324
359,-0.0528484063701597,-0.015719110897308448,-0.01762539730831923,-0.010815992290743088,0.09568203712786408,0.12528436653364958,-0.07541210353643525,-0.0411353236606418,-0.016710319480521978,0.009012764353144288,0.017757742507311304,0.0030412395373579193,0.11731694610689372,0.15286836131948617,-0.024786703020963863,-0.00703656109574909
360,0.009024925296526811,0.011941155206058063,-0.0029791012654147983,-0.0391759179743132,0.1257922125012532,0.14425864169142635,-0.05731829650467702,-0.058629332397971745,-0.032445294282510105,-0.013473500121570522,-0.01910963089832918,-0.017152539777116727,0.10823429873200056,0.10099606278675326,-0.08832353679094523,-0.0799243796773113
361,-0.01460056530089991,0.016435168234478208,0.03363227737424113,0.0074866414365835484,0.11126423426592857,0.14997392939433027,-0.02169828304975704,-0.007907959880972962,-0.03666308747287923,-0.016391055652944388,0.005212086682193918,0.002398736946822749,0.12702492418457104,0.17776180504188005,-0.025566763345878204,0.0016869412536718957
362,-0.04149793679320369,0.004759573752590553,0.014404846737314252,0.02315210019254641,0.1152018808581324,0.16405089286362853,-0.013011349498512225,0.038201370742980655,-0.010139991221505365,0.02276429225574188,0.0003320963455972722,-0.010469266753324996,0.12082352795345207,0.14782117507900794,-0.04696602637187113,-0.0384120170942468
363,-0.042195494519845375,-0.012306215400600048,-0.03698874039638467,-0.03582000618757714,0.11844777678148741,0.15620831070212807,-0.15234483940159638,-0.08017164270577215,0.023799487570515976,0.04396567253642571,0.04818151067668202,0.020114458508568675,0.11749902918190436,0.13535486608688257,0.021343992384819682,-0.01765409175417502
364,-0.01515191258314581,0.031563297650717845,0.004012798604228024,0.010251486857135889,0.11986005475650016,0.17569008654507978,-0.07197197732326033,-0.019615282724536203,-0.07165992161959589,-0.06964278235632838,-0.1150115977875217,-0.10257386944043248,0.08907214815764357,0.08354455102417142,-0.2807280457787982,-0.16628026066390747
365,0.04861257036685401,0.06687534976518139,-0.03436450403776089,-0.038506405838718775,0.14727707041081692,0.20823500346074786,-0.1007250935229346,-0.0553671906361494,0.04705735628470122,0.04371363976067209,0.00803056237355415,-0.012854869940055852,0.13039440294639412,0.12546249610042495,-0.028439841480158004,-0.0920282981698269
366,-0.03186317463583751,0.02416006898393886,0.0009962542731137727,0.033465734011331356,0.09539009126080938,0.09863203950947208,-0.125033198857831,-0.07745805484743695,0.023575162056673364,0.05415876326909705,0.024261511211222688,0.02981822355189757,0.13496642692996974,0.15706652827175344,-0.021337422125840583,-0.007052942661415577
367,-0.01468644829141267,-0.011403380005748875,-0.015074684758144247,-0.026673050004076413,0.1158281438816678,0.14224320442606617,-0.06411532666973786,-0.04697126134891505,0.00447050168999141,0.030312644817442943,0.008804340339066881,-0.004482073186262834,0.128354703588911,0.1625944916257373,-0.03302454939815753,-0.022266065986981998
368,0.005880317549969329,0.026972958057040326,-0.004268220404834942,-0.025158113813501172,0.14561725857868418,0.17264304801608,-0.0736772612267728,-0.046623292296512665,-0.025559819280962483,-0.029034241868328946,-0.008002736000555573,-0.029849163422790183,0.11775053269517792,0.13711770085573605,-0.07779308833818524,-0.04595049701327699
369,-0.0027970625114375684,0.03247792639569723,-0.017195139142769933,-0.0003476869206514072,0.10816893415565365,0.11568271673383983,-0.10398945537644523,-0.07002650555861838,-0.007920554679897454,0.0026568095450755667,-0.0423532348880292,-0.0399118960753515,0.1054741288861252,0.09792425029981125,-0.13152675879315925,-0.0954634880929635
370,-0.07813002081404326,-0.04050197117043399,-0.016794410184243064,-0.029998814967287787,0.0979047853658754,0.12578053370667228,-0.10915037332300906,-0.10447397578975344,-0.019592823852494785,-0.0022008035298051692,-0.0008720007772712886,-0.0056624416870584785,0.11848036168205564,0.14258907829673081,-0.1193516676803672,-0.053594059033207464
371,-0.04124394353175698,-0.01529004422285142,-0.05962418852368043,-0.06607747042602795,0.10329749495715193,0.12997005734829634,-0.19505848372421486,-0.11123397660293462,-0.023034904887114963,0.011962978793613514,0.011784429181380182,0.013927045434629111,0.11160188564217999,0.11934002618093205,-0.05025518331074255,-0.040105295368239514
372,0.021573160073838426,0.019723807133824,-0.011587094811318076,-0.03208760151041163,0.12284360086662098,0.1413314895894794,-0.09036944670022995,-0.056611447036401454,-0.06606655744703457,-0.04132759979280283,0.021073511731349512,0.003933610867728688,0.08432854199136265,0.09100211949170196,-0.031549820112348546,-0.030601470625049403
373,-0.06430772384920305,-0.04880304277037406,-0.036412094997222325,-0.05536855097897459,0.10728341069329408,0.1263445011417975,-0.1562723008478072,-0.09559248699536438,-0.0011064359737166746,0.02879041784327984,-0.015227328178028118,-0.004332710356382335,0.12274960818736723,0.15012096698171812,-0.0902788471251356,-0.03305157140239179
374,-0.007793077269981897,0.04044037116648639,-0.010461489878041998,-0.008175673389209992,0.11803601825554577,0.15192124392693704,-0.11971438889204035,-0.04633680006518237,-0.04067992042053395,0.004570656764496484,-0.023294053008328677,-0.004570551076713225,0.09594766957177658,0.1407113756933343,-0.10656845123846675,-0.026670865936901083
375,-0.04093171591790651,-0.023475739624532727,-0.005955696913885959,-0.03264226486705549,0.1040119147270854,0.1331756489293916,-0.09385417027117318,-0.05356307707825995,-0.012387512222073125,0.04753700172778524,-0.014671558630015194,0.02590464539645261,0.11785221233929702,0.14911523896136802,-0.10973475439548365,-0.04684702679494882
376,-0.03144719070963789,0.016278447583606376,-0.04431530176979113,-0.008247382320697792,0.11937689864640831,0.1951192556764617,-0.1650582550750933,-0.033734772554404345,-0.004917593661907425,-0.00022880341021377741,0.01460991334844371,-0.019560617073200993,0.11487710341636809,0.1321106741981065,-0.03750415691798626,-0.06670239853956568
377,0.04108532645116177,0.05397540735091806,0.012334475105057969,0.012011585670159182,0.13369303530354618,0.15993212478632715,-0.016523854104355733,-0.022395270505040383,-0.023908075848940075,-0.013725068664100733,0.037110201672506817,0.01284082102228304,0.11354419721111214,0.15232873600951446,0.0008937424595088464,0.013614168185454986
378,-0.05925155980580143,-0.04505458922779499,0.023761715620178717,-0.02860339614563419,0.07412591067067728,0.07264897869427618,-0.032352019573825004,-0.05592405029917639,-0.028349995065533477,-0.0037531911227587293,0.02014064942985443,0.02208108373287,0.10047306599546738,0.11620546845462379,0.043799088816600176,0.02057973094147721
379,-0.0034182672696407243,0.011795295860538546,-0.03279737249504248,-0.011378961186464965,0.12111753600558779,0.14967876841060632,-0.1494274106946411,-0.03563269568287967,-0.016111913733074464,-0.0041187698442483635,0.02390153710208375,0.024725224740623362,0.12932727544366057,0.16982032517432802,-0.01883798090603319,0.03185781208783204
380,0.04748605592772827,0.043552962224184984,0.009010438972983868,0.029778543906869716,0.11709724786861307,0.1552277750701217,-0.07132232386072168,0.017407866756772788,0.012564603558091391,-0.010760105534904252,-0.03345973952986596,-0.06726325999070883,0.12848681156406444,0.11922298241437315,-0.11045774792959624,-0.10816911118427915
381,-0.04188452966837268,-0.0037764801812637137,-0.01994592003671941,-0.02446832847124979,0.11748142461884659,0.16313755775222313,-0.09761904940153063,-0.035242050742148444,-0.056522699767790265,-0.019971102782793244,0.0015663964959868417,0.004951145323505803,0.09260785720332346,0.11894255850317373,-0.0720474950347531,-0.0349292597250063
382,-0.00036512623404039266,0.028152853356516353,0.006834349036949449,-0.022274280542602155,0.1292259124766603,0.1699046286967957,-0.025005432880083136,-0.04052824176165293,-0.02322119399339609,0.003964818228041304,-0.03182153446871172,-0.03126842569315418,0.12119366037217691,0.16289479994670977,-0.12039361394482608,-0.0556554547365972
383,-0.014874397581914655,0.019883278742868844,-0.01621091486749033,0.0006938731181217663,0.14464876913249272,0.1912090752340321,-0.11149110104252635,-0.025614103237844077,0.0027216675443732597,-0.015516686503016859,-0.05291939211835888,-0.04224105622193839,0.09932975675114925,0.11752636215249763,-0.16749381833302251,-0.07506986440695618
384,-0.0029183643765257976,-0.0008070187890040933,-0.06597641074435125,-0.06943598662094629,0.10676086819025576,0.12896059493326573,-0.18224845992508779,-0.11583571307826235,-0.0223729782813598,0.011904578215384102,-0.026190274330393334,-0.014808276637551698,0.12728352898992498,0.17704521505928406,-0.11207070225791288,-0.031299412559795035
385,0.007773753869396572,0.05116339142587594,-0.02944244523343534,-0.017336216811492514,0.13022960649429818,0.16656612061215925,-0.13622523536847508,-0.08382352605547365,-0.001812219340663057,-0.01627093880259149,-0.02322878059147804,-0.05031223556323891,0.1220716805364674,0.13831795094912622,-0.10655742070307352,-0.07764929765406088
386,0.00021961960289462585,0.02883730199158568,-0.011634074986640704,-0.035102205269981715,0.12221472841554396,0.17295700117135326,-0.08233694334657765,-0.05611053732524918,-0.015802325127466214,0.029278539225901113,0.05158390370523298,0.044403039213303915,0.10997167153029809,0.13639530569906239,0.03624460421857735,0.016862928862701687
387,-0.028157644403801505,-0.0018535882224431986,0.012266786413702909,0.014767400817309711,0.11551000307164262,0.1469853840795623,-0.05864761949469678,-0.0168612092429975,-0.0029833862144158494,0.023798204713529447,-0.01017522506451675,0.00829038205357308,0.13185821860940572,0.17206767515127136,-0.08412369265393328,-0.01709564269528807
388,0.05485182520432865,0.05440710584810299,-0.02377021030866832,0.0017803532266577958,0.12097066375799961,0.16850368207975833,-0.1766731979329288,-0.050219027308508614,-0.039726334440446605,0.0004980571133655835,-0.023997730136856247,-0.023838797605678672,0.08899608076610374,0.10334074593824547,-0.10996607856005602,-0.09842579362214503
389,0.01584177048583589,0.06080754193930643,0.03625317121188194,0.0242242838317724,0.14935420403194896,0.2200352206676324,0.014098995565234976,0.06451222185182466,0.005693976233791977,0.04028389292703494,0.028992545909322553,0.024824734101999733,0.13769007784793263,0.1700105483752186,0.057794867425925364,0.028891594132389325
390,-0.04234578221415302,0.0023696167971176555,0.02397164418262906,0.03306421166301424,0.10522337154088368,0.1531731694116326,-0.0002899431178449195,0.05059334224380637,-0.030337127082819854,-0.024513070985521676,-0.011910037824556392,-0.04164912442027464,0.11975759811168595,0.13801695743285708,-0.09758110103131255,-0.06840499723429912
391,-0.028821253734857347,-0.021009609853855093,-0.044441669303012306,-0.036029378271142415,0.11176980326175762,0.11008538199999672,-0.1463369460708923,-0.06959082147949358,-0.004563291924933441,0.011987477523418954,0.00400335366843828,-0.005543769489531886,0.1126829229570543,0.1257330947802606,-0.05590670011713531,-0.05364378685987107
392,-0.038610870842025996,-0.004232941178141697,0.0006520478069257867,0.013918017808737219,0.09766536788624387,0.12540361255825674,-0.06015577153323003,-0.0009804263597327223,-0.007145318540129481,0.024780965572591136,-0.05301600801329859,-0.018515821683694245,0.10907663176235699,0.13612327297970694,-0.18105250784891366,-0.08240628234768262
393,-0.02482868727366065,0.0058039582147548984,0.008751802729432417,0.019560617174612226,0.09350876956775761,0.12017186081434998,0.01571053187783908,-0.00478948292053986,0.001545071890580112,0.021900801759691883,-0.01725878946230711,0.017639550476423252,0.1417317976959763,0.16943720747935567,-0.09884572602655889,-0.01615286285890009
394,-0.017360270669732704,-0.01591923744075975,-0.005366757600085248,-0.051824365194008896,0.10637763517112613,0.12408818849405685,-0.03775747161010729,-0.06763103285781191,0.006100934966100797,-0.005521663170275737,-0.03598849264164203,-0.03801742638417115,0.11892936819749546,0.11324404468629819,-0.14835745618925442,-0.07135164448925573
395,-0.050030973244291656,0.0061314836860437505,-0.02321103525006665,0.010793152385441913,0.117582188556741,0.17652213568744557,-0.10701009245931521,0.0046965201524951095,0.009325641737161152,0.04037026020930804,-0.018758906638470366,-0.02304258200725692,0.1374629582260638,0.16816739042817355,-0.11922046123887314,-0.08035485146241172
396,0.017859436786195157,-0.0035636832001746843,0.02810927123296892,0.025747508820677254,0.1013282245465466,0.09201678016515003,0.014897562515455556,0.01993147657856194,-0.024772227727571098,0.0010268043813474051,-0.02487884146461695,-0.02441571881220771,0.11967629216121149,0.13821890443144322,-0.13258631311936173,-0.05682490305013473
397,-0.0358668089565722,-0.016949574472104264,0.014093438581579866,-0.014728877812169805,0.10879251585365973,0.14166452063707072,-0.03847330105165529,-0.023681744051884206,0.018200134440727198,0.005092884302629863,-0.011311629125990662,-0.03877569748784306,0.11970595329625314,0.11061809570396366,-0.04558991797508224,-0.08431383820327713
398,-0.013801909869862837,0.008729615579409622,-0.017246020187613172,-0.028321410433863645,0.11228761376138803,0.13861831573974628,-0.11569988997193704,-0.056484159068859285,-0.02533938776951361,-0.015790451120105183,-0.02650862521679612,-0.03283830873738713,0.12153418404708367,0.13900113738241332,-0.11405864273970359,-0.07266888456564306
399,-0.022106747947231158,-0.0071469108889272255,-0.03630809283955764,-0.04653707267329346,0.12063108910459588,0.13583038840782694,-0.13673928934312596,-0.06881301731411453,0.011795391721030102,0.030811867940116262,0.05414968665991562,0.03651142892235714,0.14417318410837457,0.16820410636953903,0.10791502959244548,0.04067627845483398
400,0.0016914228971321725,0.024323874155098905,-0.039989570976285825,-0.05095441034933646,0.11631982693119215,0.13197348872356554,-0.15569679503793862,-0.10953228483061317,-0.015005525527212427,0.020337310389819927,-0.02427284405787891,-0.01728662650351951,0.10655742230975451,0.13083072302786117,-0.12963928325715365,-0.07281374240663412
401,-0.026961285993362023,0.036872894479882005,0.01199630646713855,0.016704257783093975,0.12943307215477806,0.19799975544471468,-0.03739061925419564,0.021481046660344744,-0.030610876515536997,-0.009593297229875822,-0.015847176321451825,-0.024490378155506677,0.09935776536443407,0.1090873135115887,-0.11743706823126179,-0.09180753691225792
402,0.010433476132219274,0.009823578740644297,0.05213615961527023,0.0018793562425021887,0.11878005637516931,0.1714584268554337,-0.08493625339396539,-0.03149747627101137,-0.015513090484580303,0.03050933244529675,-0.028151020602260178,-0.01326024906074333,0.11545359335339955,0.15268716844588562,-0.13252731084733776,-0.06519457755441505
403,-0.01603339704858442,0.009785573463449175,-0.050120783089482625,-0.02224755147807284,0.09407852842529285,0.11016036542342007,-0.17540917249542556,-0.09023024320350763,0.0130171649425865,0.01518896752761898,0.012711092508482432,-0.010330352187692605,0.14694978786080193,0.19763440353037248,0.0034049348298670003,0.03469132885485934
404,-0.014728763721282763,0.03156981675945792,-0.04396750956758406,-0.013207560427437577,0.10999122851609448,0.15414706554052512,-0.17377341565988502,-0.06833967919065494,-0.030170183252131763,-0.007693602450241488,-0.02677965685080265,-0.024337320955185905,0.08172708211993093,0.06120426864167405,-0.12782425881933343,-0.12281716071767941
405,-0.0031296842757289325,-0.016154935332621446,0.012538657057133414,-0.04122353120108532,0.11164179227850494,0.12811495635711923,-0.02418832950533275,-0.029162823788662418,-0.0081913814068428,0.015990390833483335,-0.03938524618427566,-0.015731315465064524,0.12722197795258014,0.16074891504644487,-0.14498239898820772,-0.06058390687112669
406,-0.03215290112665545,-0.036332070664746675,-0.06199992351864851,-0.0511350087159381,0.09915674424334545,0.11554400469456742,-0.17435815342474592,-0.07737557772823249,-0.026895365404195765,-0.023291515187151706,-0.037500458023080066,-0.05866323746161917,0.13316487449634082,0.17413213041111422,-0.10463524874469604,-0.05737448872763854
407,-0.015532915173495181,0.012128571414042569,-0.04466172001377409,-0.03287732146085136,0.11229171595014473,0.11798653223551048,-0.16188381378568614,-0.10993078179923876,-0.020055672777122186,0.00032294460267971264,-0.0027845175436948984,-0.006487868676680214,0.08900766003859581,0.10484003463103564,-0.04706435280528516,-0.045514593460213026
408,-0.060948353860071545,-0.011837120820984466,0.025622214346148205,0.025810410152803297,0.1325666245266464,0.21438740001045373,-0.014859163538405041,0.05208356822712871,-0.022941790120716267,0.021987659877132144,-0.035569125650095235,0.023793762859920672,0.10013347186807611,0.1115581715572759,-0.13909241165274627,-0.0517930936113515
409,-0.07035439474374977,-0.010994900378760431,0.011597096506282044,-0.03125127521104214,0.10788315267904389,0.1567721819143061,-0.04934915725101773,-0.0365266011784147,0.011229470846671755,0.03169347618278596,0.01217086274035429,0.022663294748184192,0.11168777983840007,0.10271698289677203,-0.013853700436381811,-0.010156887093548487
410,0.014067214970964406,0.018806152490603533,0.0002130083923720132,-0.003096384354949209,0.12163669616538489,0.15180455624272754,-0.11644517479828102,-0.06058405717213433,-0.03767946813466379,-0.021882414429381405,-0.049074352587046656,-0.028414054693761168,0.10621126950982536,0.12639755001569433,-0.17531858516143398,-0.0748905823166579
411,-0.0438959563321451,0.006669303506237264,0.02099535659451816,0.022167113891863422,0.11974780211989268,0.1697948827659963,0.0002925443214054084,0.007667526226680284,-0.008470043889134497,-0.0017959723905687157,0.00423379768911337,-0.0031668102942964908,0.1407176339165302,0.17666042471695273,-0.027320755446816204,0.000591249395228366
412,-0.02065210033520283,-0.01628249306919026,-0.05017640118912358,-0.033536832187296486,0.11417530370615407,0.11678140682992516,-0.16186145008746916,-0.06849689380401713,-0.01169873160313757,-0.026321126122160768,0.02745530674282641,-0.05234847980450985,0.11539331040373943,0.1113787263308474,-0.010348349910646497,-0.07924634084988602
413,0.03878725883623375,0.04833226100338655,0.005378227232473516,-0.017600894407878355,0.14930579012254772,0.18175307544167016,-0.0063704138300902675,-0.024956377042872124,0.0038685909884541986,0.016399806604961882,-0.022854496994686432,-0.025918576531913994,0.11798143810074545,0.1328629906540399,-0.11537202303581112,-0.07442955049883226
414,0.043986407701756415,0.09287097834860282,0.052852939534964324,0.024502570149730642,0.17071740291971238,0.24986363954217586,0.04919023572615772,0.02810417397584153,-0.03470606729425895,-0.01138514775392366,-0.032841262922719335,-0.03286436092327855,0.10889160303760154,0.13322044259806035,-0.12646356407729137,-0.05286415514874532
415,-0.013455512340726795,-0.0021909223237711476,-0.06591965205714308,-0.012829465046252627,0.10027490980223933,0.11427469140174956,-0.21692332617168822,-0.09631961282035457,0.0048441238667205995,0.035885688092169056,0.05755958015708045,0.037855042972008694,0.13231274170034518,0.18709154684475404,0.030852760454452007,0.042890394859048366
416,-0.01992104282592375,0.013872785029992948,-0.035033258594543794,-0.04722817280880928,0.12412615389773998,0.1619479501778368,-0.15684774650066943,-0.09443258339849621,-0.01676831625519655,-0.0012394603088145808,0.004757812258861106,0.019233083744516224,0.11815544671612327,0.14736983659728467,-0.04073642148388953,0.0009282049446126909
417,-0.043223801659909425,0.011673163217607729,-0.06516712439809098,-0.02619271445810685,0.09392995008962444,0.0962495699038295,-0.1756286422196006,-0.15187701269316226,0.009672008236669366,0.041308692059704735,-0.01319161252691462,0.017650205643643238,0.1452867336305549,0.16740248681290776,-0.10982128965576093,-0.039564718114517484
418,-0.010823975670870702,0.0031300430135581913,0.018506547373268574,-0.0260301259295577,0.11049285135427711,0.11909298135702256,0.007649343479386378,-0.030606717700544312,-0.010318401038656508,0.0014935625484366517,-0.028810879637628507,-0.051781474951938807,0.12613532388797852,0.14882479360449669,-0.1292875263088188,-0.08792468669523608
419,-0.022497216299944816,0.008223425793389128,0.07482230785303981,0.027406417521934866,0.09668404678538343,0.11788458851394333,0.049103810193942984,-0.004063817622199021,-0.014179866262647025,0.0067583092607496655,0.0016637068739917885,-0.0050612301577709655,0.11472015735172475,0.13077155275559357,-0.036266110265234325,-0.027842648734618097
420,0.025537913176986397,0.026117819984747243,-0.040157225799522064,-0.030565818639974107,0.11847667891626469,0.1340989200806715,-0.06875724626888918,-0.05522702561392464,0.01412987240693421,0.03364331071391805,0.014069953874026162,0.008780395940539516,0.1568881085770272,0.20901050410292205,-0.044009750575378696,-0.00503568367015154
421,-0.012478238935393241,-0.00591271535572972,-0.05062874308376107,-0.016027379615840907,0.09413053504956521,0.12827729359178594,-0.19589985184652792,-0.040137417331812274,-0.034924473046309044,-0.012496852960028004,-0.008128782894348508,0.005739378806336318,0.09890437671474502,0.09880818700203267,-0.0698956886014729,-0.028329970561827362
422,-0.0585437751315871,-0.008715794936206275,-0.012912972774293352,-0.0032470987746559894,0.09699015771756922,0.12842552800516316,-0.05607663902712704,-0.05155486827933009,-0.05159635401386155,0.015402703011319,-0.02119904560795549,0.028571404666466862,0.0866219582342684,0.11862765748977722,-0.13645926482211226,-0.044343192684231404
423,-0.09904394169574762,-0.04851024584914416,-0.08170746646581586,-0.05792395298942422,0.08161085019426308,0.10803016444626655,-0.2339439800225323,-0.1088518399971415,0.007558797822659073,0.035679454474153126,0.024989002211151332,0.030354600932185147,0.14263199960004125,0.19682039631340062,0.0032623666541666233,0.03518070998344758
424,0.0031220462089941994,0.029363122306632503,0.030399475401721637,-0.011961203560607137,0.12671015756506565,0.18395808159899865,-0.016357221105445678,0.00014425841750398405,-0.07771018291732196,-0.050809181830326754,-0.011747667238170941,-0.04025651776666348,0.07818805561242298,0.08395916080135643,-0.09744059603235604,-0.08467435148642455
425,-0.007525600673669554,0.019918361276961907,0.01715280350567211,0.033975820429363375,0.11382505447007016,0.14967508811278482,-0.03370493047590941,0.009983118908846622,-0.005056607780801008,0.009928174835312113,-0.025565873214859453,-0.03726287636948549,0.11767419615732118,0.14419088409372716,-0.11997499734846295,-0.07405216811221611
426,-0.019298649611736336,0.006826826187183391,-0.02820202593185692,-0.06041959457103832,0.12379211982738955,0.170977595305134,-0.12220458642954574,-0.075828713046588,-0.003034831391275002,0.010839416718158452,-0.0012664321008182828,-0.004208235123149395,0.12236601646606671,0.12429062969611648,-0.0462485165564257,-0.056979203518434884
427,-0.010423370240052028,0.007086123039840444,-0.04060062615559825,-0.04324555541940653,0.13083620297938509,0.1647062098267951,-0.15779053458640518,-0.06994096495954572,-0.009473165742830423,0.008502756167163384,0.023236136572507962,0.005308339629368386,0.1247565909383938,0.15090777955097495,-0.00536226586242307,0.0022273185681778904
428,-0.02209033280314584,0.0008011535945807463,-0.03584396891023489,-0.05518818658070963,0.11239400831583711,0.1338976644617095,-0.13574949180566925,-0.08607127791614422,0.003192829198012015,0.0461515974100511,0.015490014291105773,0.03461695296189369,0.11811471032691404,0.14121914134926822,-0.056230847977759194,-0.031494764873292835
429,-0.027755994099407027,0.03268967994176054,-0.023010229070744164,0.023040098432885167,0.0979819202141032,0.14488567783677764,-0.15456284333609635,-0.04556060641204129,-0.022217596492765477,0.030116723713134,-0.017057366149401534,-0.00687422856763969,0.11859173131771446,0.17324870499780312,-0.08294144357741204,-0.04246950489096187
430,-0.06240641529765665,-0.04735863740849064,0.011078736366015482,-0.011458283857481478,0.10627313201520866,0.14377740735734018,-0.024142422095821358,0.010127346730836373,-0.004891297855598703,-0.005121499085995766,-0.027611522601694728,-0.05021951662706193,0.12522494303579834,0.12984727935987178,-0.09809130629311384,-0.07660031413494073
431,-0.013763199712794464,-0.009587503741474997,0.0041393760787886,-0.054599649008220445,0.11029352095242193,0.11344012887861148,-0.06221509488951281,-0.07429676629405853,-0.032348571298767295,-0.024317380478761752,-0.03201536728415746,-0.051290233424977655,0.10981517682585161,0.12688646446544988,-0.12001433755873149,-0.08105468628222556
432,-0.009128799790246802,0.028412114493772594,-0.013909286249179812,-0.014213272971222858,0.11350043073559744,0.175813566076239,-0.1303106241547554,-0.052622137574371695,-0.016255569665411335,0.016782891374250566,-0.007012423588134493,-0.003146906699269758,0.10587180424225266,0.11768549901545373,-0.08417009612190134,-0.07320309033067855
433,-0.020712242020211616,0.024902190722657824,0.019068430041886773,0.015020465221487457,0.11227219159676442,0.13425235217185721,-0.01758988652136904,-0.03156705455364461,-0.033552835115408026,0.017451909892973606,0.0050483130666765475,0.017468079083960288,0.11227306995729693,0.15117232604699393,-0.05314575582315926,-0.00990403016383723
434,-0.05004633185877521,-0.015817802929081498,0.037489813873513904,0.011058581210117845,0.09673607922211358,0.12051435101441199,0.022308218607417954,-0.014549768766117724,-0.039406263930959674,-0.031235503622229252,-0.0336667415588539,-0.03327647747437034,0.08449364315645676,0.09046331411222437,-0.13653367915232134,-0.09371679510380977
435,0.03184763333650532,0.014472036621751632,-0.016499439613614494,-0.04720871264788459,0.10163718460101497,0.11004173239072902,-0.1052124582820399,-0.09087363879432915,-0.03795591114340983,-0.0005271646310636147,-0.0034818749810487655,-0.004006262360186904,0.09283803882195805,0.10647497729845332,-0.0915658662086381,-0.061028487249798626
436,-0.0497134099785329,-0.0134493846154451,-0.02477796607180909,0.012008778073751931,0.11617073763153157,0.1534830139362928,-0.1291396040557028,-0.02555810510024988,-0.030908870224057146,0.001468710169671509,-0.04246831337602722,-0.02667987130108741,0.10990950991048962,0.14372368415989195,-0.15171532985115746,-0.07154085651867718
437,-0.006052448399352242,0.011825741835038301,0.03854326456515975,-0.015486832276136757,0.12258778995745821,0.17717931946324217,-0.00130652758757432,0.0008985761964834804,0.024269885109696344,0.05204506776161273,-0.030845009003611156,-0.012340153229611895,0.14955412215598743,0.1857791827084648,-0.13214419042288336,-0.04791134788003548
438,-0.02829479333809113,-0.004652914169894022,-0.053929600995005954,-0.005118190663764904,0.0810919592712172,0.10147642074664298,-0.1805790298118699,-0.055482623427234236,-0.01209084658963094,0.005387909474082134,-0.014428794041128522,-0.04543193220982928,0.13179359715546374,0.1717414000640427,-0.09664233362509125,-0.06511533349047667
439,-0.02009505235099418,-0.0095617916151622,0.030196582591961913,-0.015532530355854486,0.10507069967010371,0.11926967945429566,0.008915279978665999,-0.01705458476356773,-0.0047087738179850055,0.016519718109086458,0.007563139376918286,0.0012423146789394268,0.11768512930264659,0.1251396801285653,-0.055412031568916664,-0.050859590409279676
440,-0.0446688629105323,-0.03500147165379791,-0.010688194627961408,-0.006897988671386629,0.09062765311579268,0.1011289225235353,-0.09327977596180619,-0.04057886466223992,0.0010898060491743556,0.0035492922819362264,-0.04507121379167029,-0.0383613860365024,0.10296295714632131,0.11621193886859389,-0.1326049928840876,-0.08105873574354627
441,-0.01579911580410624,0.03002073816490381,-0.015441208304506744,-0.015142321142987292,0.12382380413753624,0.1724494989171055,-0.10489972859343184,-0.0351620878610539,0.02545899013959347,0.0576002302946157,0.01964585911989044,0.015454125463411324,0.1438159621447707,0.19002520762585234,0.0053833402880136254,0.006013002212201653
442,-0.09443673514020823,-0.0825947700566244,-0.031635499029124166,-0.052572906953960136,0.07483449816009488,0.08824877958567368,-0.1426002385421992,-0.07366287444570023,-0.039911787934894555,-0.0065669680032662825,-0.04036347196672586,-0.027440226162963467,0.10501120387347883,0.1197225434945782,-0.1504174002482914,-0.09016216239055364
443,-0.052877806553234825,-0.02003433792536086,-0.0007560340536179919,-0.028869740499107874,0.10899121009116483,0.13891519011739945,-0.022443731338271083,-0.06745118736700399,0.012896212058769035,0.029280808121923366,-0.01750504597939756,-0.026807498846198555,0.13706839427254514,0.14169137716600427,-0.09497494719071004,-0.060081391036419664
444,-0.027160556989896476,-0.006949433648739201,0.0019568256135491825,-0.034596347547859015,0.1275320647418364,0.17694929812687477,-0.09290033043761334,-0.07052154842293683,-0.033641862722179436,-0.021653054192030473,-0.04530542807075113,-0.04264622594063605,0.09652214642757309,0.10955970774209187,-0.1637875792593105,-0.08791561927517111
445,0.028907925578627054,0.0915216732096892,0.04388282399361444,0.049445283113772456,0.13282583779566234,0.17725565292626333,0.02388567245477425,0.009948016905106938,-0.018631965685673598,-0.020721729214422634,-0.026130341951252623,-0.051229044087083224,0.11906958057163136,0.13014635643796404,-0.12061960748135445,-0.08283351779182946
446,-0.011941512409281648,-0.03663967412375536,-0.0368282078941725,-0.09221755934431451,0.10930212074367088,0.07486265412347393,-0.14227688230138594,-0.15806110381389016,-0.01236277393070119,0.012271787804903315,0.01676534544868923,-0.008839564273443084,0.11515052604183586,0.13891711465217652,-0.011413116903935804,-0.015999318790169137
447,-0.007890992626317785,0.031405482812358027,0.010456902680071755,0.02811545415248674,0.13455563954533897,0.17890967275405759,-0.052526998221222435,-0.006200118616785155,-0.032365264127552106,-0.008370246789857405,-0.013103907231262774,-0.01660377014617971,0.10898891284190311,0.13516851771694877,-0.07575085734418358,-0.03007662787611894
448,0.00894014702633802,0.020957550875985335,-0.029675318079678274,-0.008343923954707046,0.0891830202010881,0.10957424616673654,-0.1149788055839201,-0.0652251294418426,0.011524002890423064,0.017820045252396725,0.04161478904947274,0.015524303953607821,0.14420955230846144,0.19437062241244,0.013108250496916206,0.029066281200202864
449,0.005015745281708062,0.03547107167952381,0.03211103145134968,0.022672301167535765,0.12345455602222809,0.15176838062181006,0.02914875742108236,0.033287783362619616,0.0013990392080885882,0.009664901106889749,-0.04447402143765861,-0.046966367046099265,0.11948454603915155,0.10907201045817654,-0.13397691980322027,-0.10379325939865706
450,-0.02379432520550865,-0.03827019674319847,-0.018267669806708207,-0.05520208825605817,0.08490949959836783,0.0797559656931201,-0.09196686707956743,-0.07370567818513267,-0.004010783556640828,0.0186255846482483,0.04820806775582613,0.02377649109612283,0.13170080314851412,0.18038853741782124,0.02908635050674172,0.055415670806839734
451,0.005470858522163561,-0.011820122620423116,0.008482125167115148,-0.05460921463795065,0.12727314532159878,0.15233634967244683,-0.037859689694863974,-0.04400653571757366,-0.026320699686914736,-0.028685312072076075,-0.023916969016506816,-0.03133175554695177,0.10958229262733063,0.12925184088964284,-0.10039701868998102,-0.043693240016842494
452,-0.03929989509096365,-0.012432390620989456,-0.023176334223082646,-0.02178308478330402,0.1139264698345465,0.13313999404073856,-0.1209634479510863,-0.06384904276255472,-0.002998006749947519,0.028175524822418214,0.017097056933768152,-0.006114265539631852,0.13716279828633576,0.18607075080493912,-0.0025938019806770775,0.0069664830006792204
453,-0.060090127995396106,-0.04478378919057287,-0.0017874992203206614,-0.023777594798602662,0.09931765713941086,0.10914290916145612,-0.07240527397467604,-0.053002061677077474,-0.008023904089418677,-0.002615262219053697,-0.03425077697011026,-0.03441812185792526,0.09521885971893751,0.09984251468952894,-0.13264262827615858,-0.08386917325385106
454,-0.021023878902158052,0.007717107127168763,0.007298456277559815,0.042449789821506184,0.09415671727197823,0.10672727981460278,-0.03353047190407834,-0.005660595693129378,-0.008959463337993821,0.009571529766050253,0.005208677121723695,0.006785363385128655,0.11601361297574499,0.13292173768853607,-0.04221786994953015,-0.020390250234709712
455,-0.018014635858332538,0.04036210728394359,-0.01439082106318329,-0.011769746012516579,0.11996971038752086,0.16983576074220105,-0.12042167808287554,-0.05398863934989669,-0.021409827041953877,-0.004243635781949003,-0.021117980888932564,-0.029095680783547104,0.10701012073046776,0.12397416139378654,-0.07413419498716158,-0.06852946101179958
456,-0.02197631219700049,-0.000620285788237689,-0.0640508021460717,-0.03318532355434593,0.10436367208492509,0.12225713046714733,-0.21704460930474284,-0.08603845619687774,0.014189952672924704,0.008068081096007207,0.008716429661369436,-0.030539748550628295,0.13010942106381135,0.15809482104037065,-0.045651369480831816,-0.03111958661452711
457,0.007517010812420474,0.03853360387375296,0.04569662812678965,0.02805593560193299,0.12736277416142136,0.17835278234054797,0.030354740214269555,0.024344032110900415,-0.0008993109968794002,0.038199311860824724,-0.04782627823079902,0.007757588385096376,0.13533968182910586,0.16544314323540282,-0.13479696246454426,-0.042214298053506884
458,-0.013937324333163912,0.03486603755772038,0.015441778636454247,0.052717601669515585,0.14052937422356537,0.2017671341500422,-0.03213804283358902,0.05157468447437893,0.04272458151286448,0.010673607431118582,0.015710249150809766,-0.012790340366881002,0.1309140253119871,0.1411182599508663,-0.0015284157445268622,-0.023424898021967566
459,-0.04670333569369625,-0.023426925761594337,-0.07487732919817461,-0.07155232323551758,0.08551158683865609,0.09182032414347897,-0.21231492570925115,-0.15819945735989152,-0.014397551757929863,0.009313367067723876,-0.03656208859074994,-0.024834816818348496,0.10023115316809847,0.10282823779617893,-0.16668967303550422,-0.09747846447731212
460,0.016915555207792032,0.028971409213904998,-0.05701149434029753,-0.009288839718433872,0.12199193220362639,0.1347029825033067,-0.2077356764670164,-0.08725626365193632,0.02788730312569713,0.0027050181734482445,0.012436177435828718,-0.04567422926479295,0.12960048682686315,0.12590013723008103,-0.05250058268051223,-0.07576234887524742
461,-0.015402985945772373,0.006892513671199063,-0.006458937744023092,-0.022832297706258334,0.10781733277668037,0.16654191105864471,-0.09218212695338787,-0.025669571150307473,-0.013393115381372616,0.009373002660614301,-0.02481858968077435,-0.03240578749331862,0.12979774866848817,0.16707113939209925,-0.09055515778192456,-0.03647753579236113
462,-0.030336856799708902,-0.0034125134600458767,-0.025881841557138952,-0.04553366955508567,0.10764137761364644,0.13552096517207515,-0.1068785009267769,-0.08877807358826828,0.052069715410388635,0.044377986092317266,0.0034607480907813517,-0.013026316461914211,0.16453241550380954,0.18312686900091243,-0.042873911181653096,-0.03311339989861769
463,-0.02363313735065049,-0.0002959290081888731,0.027993108019863766,0.014141836031696588,0.1251669861044376,0.15372762719502914,0.042738488728203405,0.009807046602293479,0.0024788135731450217,0.04424490355357648,-0.010068179338934563,0.0194703394057167,0.11825996442889884,0.15562188388382137,-0.08078675042836139,-0.01262143347636254
464,-0.04581770351870626,0.012276844090609518,0.0033503482596669463,0.012775316951490832,0.11882086278325753,0.16524677898274578,-0.03332912438346228,-0.011976059575608175,-0.06485353247413428,0.018375670854005887,-0.05993207152140484,0.055290089382429096,0.07501188498510243,0.08039754675598261,-0.17271081416437176,-0.05299719547585809
465,0.008513392225350781,0.023584425563308767,-0.031279265423403896,-0.0004695842183408077,0.1102045308615709,0.13558100992719288,-0.1621602713135565,-0.04061643990718422,-0.026950645803890047,-0.0034028122596188332,-0.01306858441753985,-0.036911931717441095,0.13694367530438914,0.168810004893728,-0.08715217252395865,-0.07425983364648492
466,0.027055924467013624,0.052251115882931305,-0.014649923916046945,-0.023758188424232666,0.12171416071587525,0.16459594853027448,-0.09672750795145406,-0.06326498796804984,-0.005423507350453805,0.006266646414107576,0.0006092286775140832,-0.03899914794844887,0.14206341015432852,0.1587202646795354,-0.05496985149035686,-0.07191101699383202
467,0.012649176535727471,-0.026228439167234083,-0.03894339096713763,-0.04742560355659319,0.10188396041975856,0.0821943856906127,-0.15390333189430033,-0.10523124821701835,-0.02489876847742842,0.014901584362497503,-0.016915360158973467,-0.030874694056100195,0.11848517396330836,0.14805125110539477,-0.08593577692716164,-0.053900587332971574
468,0.04198765185305284,0.04024049952041445,0.0151420275765452,0.022051353394604765,0.10511934723481325,0.10980783040550475,-0.02784113121532073,-0.022933141540879443,0.002942033253953891,0.03248384284142846,-0.03407521302109246,-0.031034958845388295,0.11723244786668371,0.12990292202354287,-0.14375179065051202,-0.0971225944718284
469,-0.033787391445365765,0.0005494620236923395,0.006746367986800697,-0.02038728181770011,0.12344534872166733,0.17858161048536758,-0.04061665637144635,-0.01951433333479306,-0.06607079063933521,-0.03529703626260215,-0.03597192812464217,-0.038327079522857944,0.07955029727565385,0.09435627482686985,-0.1286650310032101,-0.08376155050649825
470,0.02808426940724533,0.03855211252804698,0.007011528482456354,-0.014303921893248271,0.14759743368042005,0.19017797374163034,-0.055949838619401636,-0.020831840626261606,-0.03803108228824573,-0.02878839205133367,-0.006294617733683846,-0.025704756530774066,0.11337025430396024,0.12425093894079284,-0.07230507083027726,-0.06685692762438873
471,0.02467214220049244,0.032947218837684984,-0.052134782046954375,-0.06280003715597633,0.11934184952529088,0.1458388992897105,-0.18109879101263263,-0.11325526584987915,-0.04536157488557998,-0.02974838256342336,-0.032682815679081136,-0.047994995554777396,0.10379597321258505,0.120277101689681,-0.14726027350043985,-0.09598769668021234
472,-0.015464811338569827,0.04668512876307677,-0.04833581185701255,0.015706211876450906,0.13103776033143358,0.18334038945758627,-0.16040391349524183,-0.026726419207140733,-0.02144621009538359,-0.001727612780211792,-0.03300116010850175,-0.03142900271080891,0.11469400341279092,0.14809312313522724,-0.13840847719187166,-0.06968150971243148
473,-0.002881696502417747,0.05173708692115511,-0.028163592851098217,0.002082600203252218,0.10916088039074537,0.13764432848025662,-0.13272551812800465,-0.08758817283056301,-0.0029604611191954133,0.03948820962060928,0.008528695439814694,0.022821092300525838,0.118401863631955,0.14997349212252103,-0.05201977335590477,-0.02025281759411161
474,-0.02096589241847044,0.00045517584427157143,0.048978942179991665,0.018373184240152097,0.11925080684662577,0.1596118438538253,0.06194976000126086,0.04976741502015839,-0.023484847172824026,-0.020724398315151982,-0.01131104425926078,-0.03898790792641826,0.11935085008724867,0.1264441726659498,-0.0999438298507703,-0.09129545444229696
475,-0.012028924204050941,0.012631291155213227,-0.0396594344240864,-0.04808699865059376,0.1054140279694628,0.1452673861244221,-0.1462544031061918,-0.09538839048279224,-0.048930236762837684,-0.03223796573079388,-0.03616509246732273,-0.026776538448891104,0.08725741793896574,0.09514892856954418,-0.14717695321966803,-0.05865079662572226
476,-0.01568463580918174,-0.005100702314248555,-0.1040516876717007,-0.08291261351112568,0.12313264568270806,0.15582212804303916,-0.2026914055262432,-0.1021965921781055,-0.002016797962640004,0.015948273379380176,-0.040427077277159454,-0.022110143288554984,0.13159309262688235,0.16370839920469388,-0.14796512040394166,-0.055784836397254324
477,0.011552558691913066,0.009829844499171445,0.04469228762108298,0.035084048952222835,0.11899867138035188,0.15053781915275313,0.029660610820147044,0.05345958906778466,0.0004829191492685211,0.012790066625428283,-0.019464444305961635,-0.018171716768798918,0.12903583080577985,0.1603189581831475,-0.052277870808820966,-0.014859794442673269
478,-0.05403599156890048,-0.02174385349821765,-0.062259355631417275,-0.04124720258557113,0.07809996467547396,0.11096901360272576,-0.19771436640008597,-0.09536988379486977,-0.02997809019600861,0.00407161036084384,-0.031144523614748915,-0.005065052636534945,0.09593362172157958,0.11958584869583902,-0.15910154205020333,-0.07523517511828919
479,-0.011771934783557423,0.05948175537312785,-0.013936843058298133,0.01013283349796064,0.12838486832214693,0.18260220506064276,-0.09342851174305876,-0.04051921062590987,-0.0007724159599451427,0.007111482347687045,0.034747774325540645,0.00112811526856026,0.11960119663964279,0.14215383644144675,0.015698045535082316,-0.021358468874027592
480,0.007051970938754117,0.059732271949587176,0.06001620367398224,0.0609212590491289,0.12036324940655899,0.17403092276925639,0.06515963804173075,0.0416020172802399,0.004013129422160287,0.004715924408514412,-0.010953852524064568,-0.025479544781869524,0.12745166791723975,0.12035004200923893,-0.09395620533488802,-0.09182133498210747
481,0.011505091091332811,0.023617541832589944,-0.007128935701881944,0.011652436721641886,0.1374405277071293,0.17500881757576073,-0.07503127967584897,0.01878726822720304,-0.024168083553152194,-0.015276864727460296,-0.008138095744267045,-0.02219333944930331,0.13016344863750887,0.16634476505535464,-0.06953564017274218,-0.03997378450537822
482,-0.05562790676569623,-0.011372562130351472,-0.007644618753259668,-0.041212363496372244,0.11136567754067059,0.1483734274562493,-0.07629204818705382,-0.08465757522249802,-0.02511573215551862,-0.01745141691357545,-0.049356526031577336,-0.06019292672916187,0.10539890116639784,0.11769256323834831,-0.15201344951817658,-0.11360526828676214
483,-0.05732170405007023,-0.0020044134914044163,0.029672754384737897,-0.011732209162325334,0.08913587039916761,0.13301262678506617,-0.011136227736356029,-0.04800277927033617,-0.033939620197844196,-0.021651174985403743,-0.03669673778143598,-0.05263901711312757,0.10888699767511906,0.11212240664396951,-0.14134036614312628,-0.10571415731264562
484,-0.01667382922458217,0.007253664446103582,-0.05833199916103429,-0.03926065823023357,0.12944227197904293,0.1569070974900403,-0.185672112146757,-0.0779271772302113,-0.027557087026088334,-0.005258741870450471,-0.006619722830041802,0.0014247729387530433,0.10722016762615483,0.15111308074878732,-0.09500908619547575,-0.01812639885631832
485,-0.018913628151162,-0.010015549581887218,-0.0581012298773716,-0.07274809614159451,0.10647951293989347,0.12821395918576947,-0.1747349592986391,-0.11353802989525985,-0.01759871360200491,0.0038931493857686573,-0.04677674162269905,-0.0362241758749361,0.1277037994372771,0.1507519513881247,-0.15121401728101103,-0.0946519868244489
486,-0.021742056570050235,-0.00871537704556169,0.003353306886786472,-0.018630627375652062,0.13411569153349595,0.1827752217252261,-0.07117932066196112,-0.031483302739542286,-0.06207601296022067,-0.05449644297645685,-0.03281976203707633,-0.049174575798716515,0.07487002393490837,0.0669466015706317,-0.140147421021835,-0.10515145005523811
487,-0.029045792532963507,0.018915269485150987,0.0689551778041031,0.046178047636607995,0.12206074708642457,0.17952805191561427,0.03691964154043296,0.04836562277517794,-0.00985121367868286,0.024663367103186833,-0.00794945786958958,0.015931046965328825,0.10787633689764961,0.13013766606388782,-0.10136849409146159,-0.01938747717887812
488,-0.030300617247316232,-0.018511402190971863,-0.042472270955995206,-0.059346701339937,0.10660632223259092,0.12840194319804177,-0.1559682733827213,-0.10303955446464667,-0.015751793654617752,0.007831436744765703,-0.011559905717886048,-0.006532402167807241,0.10600679600810012,0.11482437724411591,-0.061586467473781534,-0.05314005842017725
489,-0.04909308521905447,-0.015917320155152948,0.005176456441866587,-0.03631598992269955,0.11310185627886064,0.16907350605419091,-0.05399010075927126,-0.03197513667771956,0.009652414778856486,0.033399151541572344,0.01230260965909291,0.013638142312054714,0.10110392854928382,0.11638517109347882,-0.04612333232340686,-0.036966975738659036
490,-0.004349864810041315,-0.022972923001483198,0.01475218933330212,-0.06471333349146066,0.0872963638538582,0.0786427736293047,-0.06492098854994634,-0.10141928234929165,-0.00583759261934986,-0.009899718699482014,-0.05785958743513555,-0.05712571323649356,0.1359817918322163,0.1615096518614017,-0.1595688806959831,-0.08275312567425219
491,0.02121152650139919,0.04569582696397549,-0.02233760617396527,-0.013140978602832224,0.11631515814908068,0.13232110610237732,-0.08737116956169867,-0.06935752571260434,0.006557107008245665,0.01737779441538886,-0.0338392853237183,-0.048674723972578555,0.13390358651110554,0.16600270387902188,-0.1266226224639812,-0.06721246740406032
492,-0.037401595565830406,-0.02708475518485103,-0.05323661878195244,-0.06266282864866618,0.10275919785035835,0.11939748123716198,-0.15126984764708504,-0.09128594775406063,-0.014507345488195027,0.014238987777658144,0.05104965101745766,0.029821667511764818,0.13093064248194372,0.18639763612678795,0.05086244100556858,0.05706818665877308
493,0.006012344927805953,0.0038451738402051857,0.01139519448543944,-0.006848384627641631,0.1320158715560685,0.16803485013528474,-0.049972754262222696,-0.012346795838487523,0.054652217411463345,0.03993194218326871,-0.0007893382694865228,-0.003984674167971728,0.1310292848386442,0.13805880385903319,-0.04480491100512106,-0.030273621774267217
494,-0.03741240297771402,-0.0013570321697977867,-0.04944997305039956,-0.003745213222087661,0.08524186941292715,0.0930820398786053,-0.19122824180860892,-0.0998103744424101,-0.023044247448813417,0.01445350501334363,0.017175655764660087,0.022099337981238986,0.11228364205498334,0.1219375132457418,-0.02486373545255411,-0.028297972371638374
495,-0.05779972914555275,-0.03430310820949392,-0.015022184902182776,-0.03467851918635992,0.10709293880503219,0.1320619407122873,-0.06842115580623216,-0.04881019537110561,-0.05635105470589789,-0.05720601939283681,-0.02657891704315367,-0.0556265743634264,0.10323261053665332,0.11802720186554505,-0.16073328258756409,-0.09039245559335567
496,0.03977616426684791,0.04302338273769163,-0.0312669953487481,-0.024553668082594314,0.12835018604035353,0.16583965459024405,-0.12580120698509048,-0.06250607281268268,0.005727883770058452,0.010470906342488484,-0.0011844867182109252,-0.017845382455342094,0.13156316911452734,0.15637509953240047,-0.07192974791336086,-0.0415012020597163
497,-0.02642077950802012,0.017383623413394753,0.017618653985789805,-0.01276870582806211,0.1086781821905752,0.13235819220841138,-0.03616733722641731,-0.053374489687088356,-0.042595632568717845,-0.010848729959232117,-0.028243217529593675,-0.009544934205478316,0.08703171588787358,0.10934484897853629,-0.13063379612122575,-0.0598941837915572
498,-0.054686102491553,-0.0419232014524729,-0.05662028102810217,-0.06965580817114175,0.10400409586022327,0.11471020477890109,-0.1662556593286204,-0.1217479895070988,-0.04289892992631001,-0.0597930970846141,-0.06775039985119918,-0.052060779692299934,0.09118355808615049,0.10214908817708863,-0.16428211822488148,-0.06308613072743818
499,0.014752315476878018,0.02820021432616561,0.040871962582755605,-5.9760208286281774e-05,0.14383816993959073,0.1897168704940599,0.03778254908823081,0.011121377366214361,0.011129022127292061,0.02476962402873688,0.018844059440364234,0.002644048924385603,0.12233047374247534,0.1568870086186303,-0.02547604635420829,-0.022283141572796095
