rep,chi|val1,wcu|val1|lo,wcu|val1|hi,wcu|val1|se,wcu|val1|p_wcr,wcu|val1|se_wcr,cr2|val1|lo,cr2|val1|hi,cr2|val1|se,cr2|val1|p_wcr,cr2|val1|se_wcr,chi|val2,wcu|val2|lo,wcu|val2|hi,wcu|val2|se,wcu|val2|p_wcr,wcu|val2|se_wcr,cr2|val2|lo,cr2|val2|hi,cr2|val2|se,cr2|val2|p_wcr,cr2|val2|se_wcr
1,0.004917294242106074,-0.02430771651771861,0.0355483510789249,0.015198413789643489,0.71,0.01565546696057551,-0.028739719187541764,0.04214948729839411,0.018998134344009415,0.73,0.017553542399014258,0.005939039423592973,-0.017490964991247165,0.031938972515223436,0.013261373438820102,0.54,0.013076336029213447,-0.024218975591294344,0.03939068512535395,0.01676730516933583,0.66,0.015338214091336455
2,-0.0027229705788265335,-0.020446590915477666,0.017376659322279317,0.01133779903685651,0.89,0.011189158448466987,-0.029130836719792042,0.02343792641134099,0.01557907095676381,0.92,0.01327183366743287,0.01880092986207149,-0.002683621493404155,0.03766477546751358,0.011247835086846113,0.22,0.014072028461724662,-0.00785566020365231,0.04193170453148505,0.013722776035518372,0.24,0.014843728815493548
3,0.025472751773174984,-0.004634330187952916,0.06479095120843051,0.02022043538591551,0.36,0.022675930880378108,-0.006120617337009589,0.06813310818868526,0.02209574130748505,0.34,0.02296635250030361,0.02799181114252569,0.011073115201148023,0.04772020767091183,0.010874053074810564,0.06,0.016013130136368573,0.0064336403874550654,0.05222196270714714,0.012823319013483101,0.12,0.017339112289432267
0,0.03470980532847712,0.02172681536572587,0.0447154386203938,0.006528086724142732,0.03,0.013351391286808553,0.015649459432985062,0.0509230976173551,0.010990749250395978,0.01,0.012400354483508567,0.03426421989600126,0.008256867557721308,0.061803198796400546,0.01373376077708269,0.05,0.016020259777253434,-0.002598580959537855,0.07273010628529156,0.02105993742373095,0.05,0.017076793818678503
5,-0.008688327749437619,-0.02076325690517815,0.007947386654420671,0.006933772093647995,0.23,0.007167598373930052,-0.02312763962011557,0.011118651342855564,0.008075734984267858,0.26,0.007757467268866534,-0.0031114312319084902,-0.02382473687777122,0.015107670459078987,0.01022695729163759,0.84,0.010075776871235792,-0.026139986398375958,0.019263270019688195,0.012348624422510656,0.82,0.010850272215518635
6,-0.015580731738952025,-0.040747381303054366,0.009630882139429843,0.012405649754300365,0.2,0.012506034375689944,-0.04489624067798912,0.01398673328509021,0.014842677833081063,0.26,0.013386950003544435,-0.011508966600525028,-0.03914349936347787,0.021534757826598125,0.016162262660158765,0.51,0.016804225534848723,-0.04390533458902665,0.026963529451238075,0.019355969058100303,0.55,0.01843844483862991
4,0.005197337464012186,-0.006589290965396351,0.016522401356706594,0.0065577657482422565,0.46,0.007242076299242135,-0.007462658437782821,0.017849376937704296,0.0067694151982634326,0.53,0.007746500752089734,0.0044636920542453495,-0.013584770279421041,0.02181678553277204,0.008568178685371197,0.53,0.008898065865007493,-0.015519110746166912,0.021779649461568205,0.009411895722573487,0.72,0.008904480618714168
7,0.03104733428601314,0.010012469622052711,0.049886967949097236,0.010651358154171878,0.02,0.014598803359855746,0.004928474197969962,0.05399322618468325,0.013689258088379796,0.02,0.016740288589315023,0.021247728406313726,-0.004687323867078992,0.045351476285101146,0.013394902778528096,0.33,0.019404114061924695,-0.012146543608552149,0.052774353311184054,0.01754440030572163,0.42,0.02278264897728329
8,-0.0117256804221757,-0.03497178119257578,0.012603037741870701,0.013105711437656405,0.4,0.012430798619551596,-0.03366597529965345,0.012786986778310805,0.013796683501528177,0.43,0.013489468220651975,-0.022315490398233884,-0.037147267712768786,-0.0015673793626568566,0.008371260272042292,0.02,0.009658998082662715,-0.0409436439887481,0.0004515992226752294,0.010246905098090465,0.11,0.011615487725886334
10,0.009327616210048184,-0.018782583082711697,0.03531756473124909,0.015672120077446783,0.58,0.014411112461760831,-0.02348511270938944,0.041358807965480034,0.018751517877424396,0.61,0.016269447681479907,-0.007597201329329728,-0.02832697979137344,0.014140396496045593,0.011535094108602399,0.52,0.012340579480647054,-0.03373685543518551,0.017996506801710895,0.013730040959089295,0.59,0.013246727765984274
9,-0.018537106608314424,-0.039356658628274345,-0.0029649860079082255,0.0081087542744923,0.05,0.00902274547428172,-0.03617382652568635,-0.006434209868067243,0.008187778959915725,0.04,0.008818568779882843,-0.005336832962617777,-0.027021002413073387,0.015397938186278277,0.012568887448112421,0.67,0.011787986018704222,-0.029448764597328522,0.01629334961239181,0.01340389597399873,0.65,0.011798244507667918
11,0.005568383001063104,-0.01193913483149469,0.02208333880249578,0.009892767078955872,0.6,0.010422144754156353,-0.0163909788543636,0.026782319575117782,0.012356539249395958,0.65,0.011997429936333657,0.017727257219871007,0.00036951469504433593,0.034409382393632754,0.009712213895137866,0.29,0.015347868436035726,-0.0025609255020930324,0.038347108476390133,0.011210490905935901,0.28,0.015856231395932584
13,-0.00210269861773682,-0.01362628958537506,0.010349489351232453,0.006420438642708623,0.81,0.0065627962248334575,-0.013027813556630274,0.011362990836716678,0.006945448897013693,0.87,0.006868408257616359,0.00413730535420509,-0.007227336369012604,0.016292842274028274,0.0063741592686150095,0.54,0.0068775879473632826,-0.009489240883769633,0.01983451785653991,0.00847158233832406,0.62,0.008520763697378395
14,0.03171072507386086,0.022194965936672167,0.04260811022449453,0.005611629912457892,0.01,0.010107121744565422,0.021025374731907624,0.04381723531082357,0.006346886005447254,0.01,0.011020653529399129,0.014887224600008686,-0.0020535305749153215,0.03541731491625315,0.011239528636481462,0.21,0.010967059421889771,-0.0027180258642275565,0.0394851189454835,0.012160135423220165,0.19,0.011160790502489762
12,-0.009606539953618487,-0.025400070265890837,0.008136593548007953,0.008130086863355847,0.25,0.008192315157297342,-0.028191760863362517,0.012297188503405596,0.010328680245876179,0.22,0.007992110477538854,0.013030703346395889,-0.0225509335972224,0.04684779259941112,0.01907642361510025,0.54,0.019936546457360753,-0.033611742127358596,0.05810548182720633,0.025012962806866258,0.73,0.024816878802154115
15,0.016911697704986572,0.0035225887137751363,0.030582823099456834,0.007226228185271224,0.21,0.012450378668528677,0.0021131091133280502,0.031876294169783256,0.008106692558975998,0.24,0.01337382294217726,-0.0027642546506720933,-0.013208033401439454,0.01343975820146186,0.006969515264919958,0.69,0.006167010708538638,-0.013986835019839015,0.014987678898578324,0.0076636010061646356,0.64,0.0063432925576728935
17,0.004883815799335167,-0.017668150303930555,0.031157453817089113,0.012591942058108506,0.58,0.012012862899864807,-0.02280840569257281,0.03373473078325113,0.013704472035910416,0.61,0.012257649957619474,0.008999309291978896,-0.01790192734759475,0.04241482062857642,0.015465000668437895,0.57,0.01529899521227744,-0.024093161799695423,0.04845728677816327,0.019445783929913016,0.58,0.016813730060509097
16,-0.04612058519812212,-0.0672147153460787,-0.029739828268998417,0.010811239819218032,0.04,0.02331885517786179,-0.06957709247941084,-0.03091180607692219,0.010939701819447057,0.05,0.024492702876506928,-0.01683256592138438,-0.041058849342671074,0.007771005822383083,0.013887439758720484,0.32,0.015534246478495271,-0.043614214087146275,0.013310556394339063,0.01604295839718596,0.32,0.016132053044803498
18,0.007894168698530102,-0.010910726856034222,0.031912360013824734,0.01182328062257207,0.58,0.012765943472610725,-0.017171127965246752,0.0387166558080684,0.015177749318293974,0.6,0.014988281367167523,0.005096941209400185,-0.0199242980925896,0.02258833368765698,0.01080218535664736,0.68,0.011633168649345776,-0.02543056654837645,0.026618877490427902,0.013782834882468719,0.68,0.013195763678278927
19,-0.005910859461646822,-0.015674520667066,0.0020961951176238884,0.0051623414069000804,0.41,0.006113976864900912,-0.02014720268478971,0.008361698384019522,0.008966522899394896,0.63,0.008268981432742017,-0.004868800541638407,-0.025310605134908216,0.017206747872452733,0.011660634822855172,0.71,0.01237405643385857,-0.025823997802974796,0.0192281812484008,0.012032653835635886,0.67,0.012147923002577162
22,0.015167344150234463,0.0005709488027768883,0.031941825424299436,0.00854069274160502,0.15,0.010140162512259722,-0.002604513739361679,0.03459741162491134,0.010115582140817116,0.17,0.010476760876860544,0.0035330493901701843,-0.013372660456804651,0.01647638382653205,0.007467059158188409,0.58,0.007782204287453052,-0.018009718386546275,0.02037922563937524,0.009922638462255481,0.71,0.009120268878373602
21,-0.015957769881914885,-0.03622471294377697,0.003599600839464749,0.010637475636482522,0.27,0.012991881199474588,-0.038552133918124946,0.0066622620733349305,0.012112397756993576,0.29,0.013284607611953974,-0.014733248259288345,-0.03446853262021955,0.0048828733744077785,0.010858922002853003,0.29,0.012986405121989874,-0.03718784006847033,0.0070071913260778065,0.012498311529230725,0.33,0.013584707383773638
20,0.023745448773416555,-0.010214537314808321,0.05668848429347792,0.01712893036917547,0.38,0.024599146609137403,-0.010226224287797007,0.05885662980674704,0.01801549668144617,0.43,0.025465380470955347,-0.011078330978494755,-0.043842816097856244,0.022318361305940733,0.018861333170892808,0.59,0.015931759741313212,-0.047186273904913534,0.02488496326165799,0.020776320388245315,0.6,0.016721761339109135
23,0.01268715576260604,-0.008278215974983995,0.03292372880629561,0.011006871704044,0.31,0.010348919671159598,-0.012036603649507246,0.036698109947591685,0.012771856245148205,0.32,0.01039428851768769,0.024430231780647738,0.004563849377447943,0.04977209477764655,0.012182392780400042,0.06,0.013073113298119172,-0.0013791761095262658,0.05731181469111641,0.01589285927440185,0.09,0.013752837254660744
26,0.005638247934537155,-0.020350640233420272,0.029356497727516206,0.013325330239887554,0.65,0.013435102320779477,-0.024242571778397434,0.03206712979077561,0.015328075599129853,0.65,0.013836480999280958,0.011448459086490281,-0.010991477490311027,0.03321429137077168,0.012626668076802041,0.49,0.015223801695823906,-0.012530758464360213,0.03614906612430717,0.01392875642625691,0.48,0.015627887230268225
24,-0.024507359898405134,-0.04721767386706914,-0.002941233447477744,0.012066340815819117,0.04,0.011805410679975255,-0.0501640989499898,0.0013320804449720378,0.013186658289047339,0.07,0.01328467868852309,-0.0023417488627215377,-0.020830851101685692,0.02245772422670864,0.012838077802348472,0.87,0.013017204084274722,-0.027340037988881783,0.028009819369461293,0.015806987945561346,0.89,0.014118986393418197
25,-0.003116214921828231,-0.03536079297364138,0.03195643809751325,0.020177814247171615,0.91,0.01968758451578925,-0.04327425133939918,0.04016516856696945,0.023212261366180462,0.89,0.02077309269295087,-0.007073061890250365,-0.038298788296854396,0.030357728071202315,0.020449973171081163,0.83,0.019101579780227453,-0.04710879325551937,0.0390375063015103,0.024748987607688205,0.84,0.02118915718210079
27,-0.005407527911584609,-0.025059379084871384,0.020952067080566912,0.01226481173873425,0.72,0.013176059332895385,-0.025194674942151697,0.020801728354106916,0.012396370998350711,0.71,0.012894690100554303,0.007313002490795029,-0.023124586097147487,0.03359353651776788,0.01646418683090525,0.8,0.015533553554328722,-0.026696332719494578,0.038394782014456064,0.017977840482426233,0.77,0.01643271038611307
28,-0.0146678483078162,-0.033737178289667685,0.004838372331165394,0.008961108139090072,0.14,0.009777776720960429,-0.03252677753311173,0.004467175148859727,0.009450589261036903,0.16,0.010686621856780576,-0.007237700334703057,-0.021899683855737262,0.010517705199678446,0.008457950897390973,0.43,0.00868049664234968,-0.024211685025156672,0.011615520291703648,0.009422291399243462,0.44,0.00894279476400201
29,0.002797066801601744,-0.020232742565831022,0.028884377411448045,0.013918022762820304,0.88,0.014168532575321763,-0.023724548700653474,0.03267333349420047,0.016170121599290196,0.91,0.015040489182206863,0.016169022153230017,-0.0037872105322330485,0.037092635324517384,0.011945775517346364,0.09,0.010296745872076372,-0.012625970316273882,0.04706090693511244,0.018354805684021244,0.19,0.012195194307674535
30,-0.0069551630010655785,-0.027864452376255896,0.016545811026012245,0.011623459167688697,0.56,0.01090172704831993,-0.02779085943199586,0.01686575706931377,0.012405567819230051,0.55,0.01084163347272293,-0.00048107839983035916,-0.01659288777980099,0.013910615810161842,0.008376501766115811,0.94,0.008317047171447024,-0.018816273410753356,0.015271868640570972,0.00959283487403046,0.97,0.00902731106771465
31,-0.022641400571695947,-0.04100114933642267,-0.003577018503908215,0.01050440226594203,0.07,0.012441382449031254,-0.04212630428435133,-0.00023473355285755226,0.011547124706655022,0.11,0.013602140808047614,0.002359920327793752,-0.014199908590094023,0.017080417487217846,0.007866626327452974,0.73,0.007977540214035251,-0.016625400253607345,0.018202261181311026,0.008827836636258548,0.7,0.008209204179032082
32,-0.01584914134290205,-0.04000556181674892,0.007695130496528035,0.01246227674808198,0.25,0.013537340866697016,-0.04490305766165549,0.011938488475295772,0.014640845468850371,0.31,0.01485072845165633,-0.025304452313922532,-0.05255104409003693,0.00605571891505656,0.01498103969662796,0.29,0.021597747968625406,-0.05442344493722098,0.011707883311850055,0.01753592582570046,0.33,0.02369171577618391
33,0.004923553309054363,-0.014991126748190097,0.024602592466562222,0.010713351269919444,0.63,0.010265639322625773,-0.017409372345593872,0.02824360366458114,0.012630357028840983,0.64,0.011104416046687436,0.01574460732466143,-0.002342798308272838,0.0371348902749777,0.010493015146416328,0.16,0.010191114197166794,-0.00417021808437279,0.03834803429762803,0.011253845170468322,0.19,0.011342001730313262
34,0.005465205288409436,-0.005490807233572027,0.016309158283034406,0.006382188375578028,0.48,0.007287025439098906,-0.006535007711601714,0.01786855514593979,0.007033182235837167,0.51,0.007751309304308875,0.005612157756954339,-0.014450742870538266,0.028656744595829318,0.012085568970470946,0.7,0.012437098070865498,-0.017645860246760084,0.03137730089212698,0.013485287788872605,0.69,0.013410597482835247
35,0.009545522338050283,-0.0073479281266016945,0.02742597136979974,0.009969460221725193,0.4,0.010210709803302857,-0.01400027542424604,0.033519645687602656,0.01593728072783166,0.53,0.012252617847828905,0.014946517229626366,-0.02112391189641273,0.05809089588122793,0.021827806891225657,0.51,0.020622796661235905,-0.03779354963593236,0.07257248966615851,0.034812942725779214,0.63,0.025638580265483286
36,0.0212161690607644,0.008477555927057477,0.032338965817247003,0.006439176887458926,0.05,0.011076522676035249,0.008011031419394986,0.03368234263749237,0.006969041194238633,0.05,0.011055728190345681,0.024619490383386733,0.012178160776686653,0.04289553691787317,0.008073819190473912,0.01,0.010327028944025369,0.010179530963981609,0.047757386140023776,0.009701924598842468,0.05,0.011828581869229856
38,-0.00643183293794003,-0.016645669684168803,0.0035886930598994816,0.005298209525307988,0.2,0.005313722042270846,-0.016508320036784818,0.005208136959818786,0.005866895277402026,0.18,0.005199784833635808,-0.008069127630277784,-0.017604852103598877,-0.00222862280134435,0.004416108779837321,0.07,0.004443957997248641,-0.01971171968389629,0.0006136807319596614,0.005696258000299914,0.14,0.004976812125837166
37,0.014290191379676465,-0.006918899522653621,0.03147922900170745,0.010884657678286674,0.31,0.012682653170550442,-0.009903906195519098,0.03662327548989474,0.013316826709955917,0.32,0.013356277297740908,0.01759113271781043,-0.004721264614731921,0.037237649807861886,0.011807298662385233,0.1,0.010427450916813977,-0.00862269119268877,0.0423367725741361,0.014323764611743384,0.13,0.010835860149229236
39,-0.020619401831014628,-0.04512517745209044,0.0017831440231476786,0.01210137090643924,0.19,0.015339442442582627,-0.049838765138411074,0.008806221727257132,0.016116477757124936,0.28,0.017170985192891366,-0.004740534947652364,-0.021073450478242516,0.01157763544937777,0.007796950478684863,0.54,0.0072816215394207314,-0.02384448753709387,0.015359939967639617,0.010209536926728248,0.57,0.00794496614481023
40,0.024381886854172308,0.0073076488310144724,0.0397725451740539,0.008655083722522487,0.12,0.015107053911379007,0.0025914192676909364,0.04731302515542617,0.012180800846434279,0.18,0.017742653366525637,0.027067852625701327,0.00014910452124827778,0.050539159626415434,0.014161227460445935,0.04,0.013354878206042768,-0.006575788742705056,0.057008697685337985,0.019361874442104847,0.13,0.016866178448024367
41,0.01171218168151622,-0.005657953283057227,0.028041635606683223,0.009724683331522186,0.36,0.011870503509303933,-0.007643008528658908,0.028817567045909032,0.010472863604288014,0.4,0.012553175802928427,0.019583528255790128,0.005972093008656157,0.036174179068895994,0.008939447141200818,0.08,0.01098895411580262,0.003410478783309537,0.039306043185023704,0.010625661733060116,0.09,0.012048548034335032
42,-0.008326004117475527,-0.039095601348545984,0.018655819502901315,0.015541886654195917,0.6,0.014578258406687078,-0.044242461635819144,0.02406681364595209,0.01752913402731291,0.62,0.01611443783130522,0.0013265920009493115,-0.03185076399940865,0.032606902875747766,0.017834056221217514,0.94,0.01774145208611889,-0.038796135771731646,0.03828444600330707,0.021848227787348313,0.95,0.01969075216791214
43,-0.0020696527645522877,-0.030491074836519378,0.029198847398226528,0.015661594241427476,0.88,0.01573236676148235,-0.03928988003373637,0.03679831106415769,0.02148602283097485,0.93,0.01919672286108461,0.009877584456046584,-0.0162094844576662,0.03048324995560274,0.011412686847809122,0.44,0.01242387006387042,-0.02294107119185841,0.03735471624029384,0.01472213886219088,0.49,0.014404077001576221
45,-0.001370899469732123,-0.01757400429110776,0.010300751535009797,0.0076159185107813766,0.88,0.007481515376177481,-0.017775535793135643,0.012828128153754335,0.008614771947144002,0.9,0.007917315530981732,0.002529255454902568,-0.018956271626742356,0.02663164273578995,0.013102301624957907,0.83,0.01348138951802465,-0.026014774300276225,0.03424122272357257,0.017837788614701755,0.84,0.016025677083904136
44,-0.03259604391577575,-0.06580359648661935,-0.0041789336417400735,0.01638609381026675,0.08,0.018006722257811244,-0.07345849872486755,0.006077420515877424,0.020473631374474992,0.1,0.018750942689958628,-0.0010650815086403753,-0.029475239991388225,0.03433229918655995,0.016433931576360798,0.95,0.016276873650101602,-0.029901662164398324,0.03656951611210219,0.0179048574062618,0.96,0.016489095600272716
47,0.0008099403039922848,-0.0378090046040579,0.02106342808456203,0.01455187484141202,0.93,0.014583221621260885,-0.0398881031294277,0.021355504775465974,0.015220254704931274,0.97,0.014442506958964587,0.0030272468927972085,-0.01687464010241779,0.024049669575512002,0.011473940426775993,0.87,0.011508087743017138,-0.019156341298600783,0.026971453423845125,0.012846387341279124,0.91,0.01223416471662675
46,-0.017546187779502453,-0.06840800603893607,0.043251128772284445,0.031110263087926342,0.55,0.03394284408512565,-0.0827660661247763,0.057528480042514374,0.041677808027195874,0.67,0.03982562363170034,0.009280081968819687,-0.03447942178622432,0.049063514895218624,0.0220720492105921,0.66,0.022766291399683912,-0.05200942188487957,0.06175324445422498,0.03270516490994928,0.76,0.028222260991218672
48,0.006416608441047522,-0.013772991571008707,0.038243490792698856,0.014196639826135013,0.62,0.013176295405540911,-0.016113876586877886,0.040136878951110955,0.015554533595101292,0.66,0.01378486662981728,-0.0034011721526798766,-0.03914982554080617,0.050044684757447826,0.02185399613120831,0.86,0.022465320221718106,-0.04474099505390775,0.05763528862509722,0.02559774890848302,0.93,0.025155062449894437
50,0.0006990345546791232,-0.02244321127846378,0.020513542504697835,0.011781403064419904,0.93,0.011785696995792997,-0.024770466152526174,0.022646017698603055,0.012332142881469749,0.94,0.012050911706937513,-0.004526598934803339,-0.02167541674885038,0.012352658893436442,0.009275591906324711,0.65,0.009501281106566192,-0.023999508127821208,0.01433495787138268,0.010619817764062827,0.68,0.010032146329477753
49,0.007617440158944611,-0.021273406175535525,0.04061307829855689,0.01597028395557512,0.64,0.01645647998748236,-0.03344541572438846,0.05062781807268499,0.0220888339871458,0.7,0.019686883218819243,0.00203833410299481,-0.02344534547809193,0.029123496862349628,0.013770535183423607,0.93,0.01418805569633981,-0.03400738263516472,0.04106392526328504,0.019439716523457516,0.89,0.01706995095199156
51,0.02428487057929196,-0.0026549816238587085,0.050385739674876716,0.013421103569217935,0.16,0.016159316723622277,-0.006278430428243893,0.054977132022499695,0.015390538145230252,0.19,0.018321794510680375,0.04070477487116886,0.018402310733136584,0.07451297670935011,0.015287958081379276,0.02,0.01808994938982088,0.014026014146646795,0.07736320510184704,0.017328302275241816,0.05,0.01972594726840029
52,0.0024471702036326093,-0.010338368888442764,0.01150002441473914,0.005933471494391302,0.76,0.005958800364769073,-0.013609931452610444,0.013667607005585758,0.007212080530992098,0.77,0.006474296725617906,0.00039254027404833636,-0.01907291852490771,0.019583321653452487,0.010703972724566283,1.0,0.010741007365274786,-0.029911031940074873,0.027983770570571838,0.01710824786198405,0.99,0.014246979585359008
53,-0.004172770145175697,-0.0213985262405985,0.01308087591881315,0.008846405186152586,0.64,0.008946328225024898,-0.022194135325484598,0.014818706291461758,0.009575694328343643,0.65,0.009422153972751562,-0.006820337416883149,-0.030756754993605594,0.015470975664388792,0.013355632849779878,0.68,0.01329097157187612,-0.033292247618185514,0.017898171435432965,0.014146036092176602,0.67,0.013134511644607435
54,0.007466893703098165,-0.015483185659677323,0.033368983159751134,0.013343893508950367,0.58,0.013129789982233771,-0.016541534829044073,0.03707962087879624,0.014929214885548426,0.59,0.013381663426183098,0.0051859087131234105,-0.014895784660270105,0.026209013657466817,0.010978370393654993,0.63,0.010553190888714677,-0.017505502028444916,0.028637290604407933,0.012365381598083048,0.66,0.010680207174124724
55,0.007944279217199757,-0.021338819523174332,0.02951109982040405,0.015061202032758007,0.59,0.013475541249159471,-0.026499730248015885,0.034197908729184996,0.017891524151557786,0.59,0.014288887694406918,0.0007974952720939399,-0.02612381191538921,0.02293890536965781,0.013191105895159398,0.96,0.013123091503328016,-0.03401227049815918,0.03269312341986906,0.01844924446598436,0.96,0.015925682109659764
56,-0.03489978439671404,-0.05219566188426671,-0.01588349167918266,0.00969952850445386,0.02,0.015819385026137278,-0.059127900932293136,-0.008823051901131418,0.014027625193256812,0.03,0.01850331020280361,-0.03842736096539223,-0.0554862542847251,-0.017645445921898074,0.010860296861455773,0.07,0.021400952440226346,-0.061772321798244524,-0.012713538387937234,0.014202523185387306,0.11,0.024344112821239532
57,0.0007413577567429996,-0.01302342013454747,0.01567012058304251,0.007700933288586228,0.95,0.007582541413499665,-0.013599018271208685,0.016858441596656837,0.008021179864627078,0.96,0.007563070109995908,-0.017843308858383367,-0.03612190037613896,-0.00048626128710412,0.009779538087635096,0.23,0.013909751135821304,-0.03900432996784357,0.00427092137362748,0.011947459075127443,0.31,0.01587059263917712
58,0.010548782494742781,-0.00615726859291299,0.022257507447288116,0.008149499242040751,0.26,0.009095292015373853,-0.008373494974967685,0.023850659949901366,0.009292795207074158,0.28,0.009720117413815017,0.018018015674411636,-0.007131180502248563,0.0418937095775477,0.01260537995384769,0.27,0.015531297611309615,-0.016084501377345004,0.05032226180037935,0.01757546457108995,0.41,0.018495805892120964
59,0.018589889142830884,0.010761134570377084,0.02591545367536678,0.0044488517782340555,0.03,0.008688230102255874,0.007128559563508663,0.029329913653354644,0.006988396094200657,0.04,0.010313653083423848,0.030687256653114225,0.010463719456509014,0.049384074655512616,0.011575503552280425,0.06,0.017995463894371864,0.007836326148154042,0.05411896346483735,0.014158171741251432,0.09,0.019494139416705046
60,-0.005503060347425759,-0.02799488380393944,0.016268867321570152,0.012171754449147552,0.71,0.011846410318373848,-0.032189301891277236,0.023783481427677965,0.01567698398320725,0.76,0.013376928271512984,-0.01927235931658977,-0.04313032725797758,0.003830027970663827,0.0130307153692485,0.16,0.012595394472380462,-0.04875881009144435,0.013073540233356072,0.017119294069390344,0.12,0.01293164053247513
61,0.01685212817285553,0.0046697512423025354,0.03206059057055395,0.00760505549546095,0.08,0.010216503613203948,-0.0010742212458657793,0.03750087135075817,0.010584222627161072,0.14,0.012166650212845603,0.002696875836980972,-0.016243157839296793,0.023550373079102457,0.009436456992165242,0.76,0.009729856451166185,-0.01905512783887486,0.027270391939026285,0.011643207769168225,0.81,0.010643611584075686
62,-0.01661956438411849,-0.036349709363967836,0.00064439219196126,0.01019295653129257,0.09,0.010584747522627749,-0.0372492694562732,0.0036896051562464102,0.011836419613197143,0.12,0.011078387874717165,0.0058646487332394415,-0.008831227916868477,0.022282085262181492,0.008363149936054986,0.63,0.009832911781821762,-0.013097065121783606,0.02713802906402689,0.009567673529018878,0.62,0.010087492063344881
63,0.0010522227072433665,-0.025971091991174464,0.0260929086461533,0.013174879785913182,0.96,0.012979934876676091,-0.029330120909590182,0.026451395876830697,0.014083447015130892,0.95,0.01306690659756498,-0.00012258595379854853,-0.02230591301070638,0.029066671663513375,0.01354331823734492,1.0,0.01355072542251278,-0.023961401324352892,0.03395774400163831,0.016078135673827425,0.99,0.014685515367584584
64,0.004662371168197232,-0.016375144803572626,0.03166590150128683,0.013939240310624124,0.79,0.014287581887549819,-0.02160093346626528,0.03643232326808867,0.016193624469596435,0.84,0.015644705200281217,0.00812945934273035,-0.01861141349348569,0.029886946704282956,0.012576576552863166,0.47,0.011210790348876249,-0.020285749189619874,0.032106294061198734,0.014481368284601738,0.48,0.011606571844547489
66,-0.018769494906913486,-0.03931162695530225,0.0026862913902734736,0.011522857251561727,0.25,0.014969549302645751,-0.04549019446982263,0.0093012012697518,0.01425339730185688,0.22,0.015174843533620938,-0.002290910954752867,-0.02431643895333732,0.02124317664768127,0.0138450714215391,0.91,0.013626358168395311,-0.024893520298267052,0.022388745643557015,0.01341596021544813,0.87,0.012467663604207048
65,-0.009941674738026762,-0.030970724007331404,0.005330175244695742,0.009680932010551153,0.27,0.009567074044449292,-0.03235901073391738,0.006461249919182642,0.010612690453800562,0.24,0.009297677705553491,0.002977519644047355,-0.017718003658054416,0.0251403781558034,0.01042091035988503,0.77,0.010629195417326617,-0.01981852388244646,0.027849134582333377,0.012296901006511471,0.78,0.011727014423784743
67,0.009117869800435052,-0.0059720294932296344,0.023539225227067195,0.009359771718507036,0.49,0.009428561667979694,-0.009219895702961133,0.0270696539244323,0.010388759009254765,0.48,0.00978441458620442,-0.010958040525164137,-0.022125703980122455,0.005049186009847471,0.008176134038582524,0.17,0.008375094817291684,-0.02422332072185522,0.00718745649425636,0.009492327442086376,0.18,0.008748085762957164
68,-0.02177750883661478,-0.050456450920921415,0.0029476913741940114,0.014690377421404405,0.29,0.01805220698426286,-0.05747170580494418,0.010576462966035427,0.019892596096571118,0.42,0.022450788864333476,-0.015229963725767348,-0.04586016207950417,0.014293067673759416,0.016221582642105794,0.57,0.01946876044754186,-0.05365798386812497,0.020413027706590856,0.021248472989056782,0.68,0.02303185427050013
69,-0.0059942270335540115,-0.046846882814600165,0.03231789224230499,0.02052208262406924,0.83,0.020268411116952392,-0.05273209322374077,0.03696890543595881,0.023885782322505853,0.84,0.020962425855644312,-0.0037989725143301456,-0.021820856497376924,0.014689051000048577,0.010315790372432949,0.73,0.010396923637437688,-0.02277823977735629,0.015976639653687782,0.010872813308106417,0.73,0.010465454584217269
70,0.03355269536153127,0.02105563676616376,0.04574417680982368,0.007109259956220404,0.01,0.014020481740126805,0.019634574528422807,0.04918493537040125,0.007793474650289196,0.01,0.014853030874740157,0.011478453154232682,-0.005391060098940945,0.028577143033158142,0.009444124074513787,0.34,0.010201527639427412,-0.006486215626077294,0.0280359350560623,0.010512825064769563,0.33,0.010251324702274116
71,0.003197113227316528,-0.009133191946799313,0.014894657171414357,0.006267552641315745,0.62,0.006726192373372615,-0.010746404748526745,0.015146919410177782,0.007436962014633543,0.62,0.007249331524043332,0.002675867293572942,-0.00962662091419384,0.012897219853477936,0.005678910018237155,0.7,0.006185219330501728,-0.014912971198295329,0.016571803075760005,0.00847535601916443,0.8,0.008056291605297418
72,-0.01121008660585776,-0.02966514369897401,0.006273701329648239,0.009495818892192143,0.19,0.008985207562954045,-0.03218283434060214,0.011461840565701424,0.011518076061791647,0.28,0.010254947332436098,-0.013931498790668684,-0.029604441404527202,0.003496271338253941,0.009771491298464711,0.14,0.009317514110548151,-0.03172167241863062,0.004911862997367102,0.01117986105236787,0.18,0.009738497567050473
73,0.004101980434977115,-0.013167212536701892,0.021447462200427925,0.008774039926815441,0.7,0.008480671574994325,-0.013189350342021951,0.023418742524891244,0.009777928875714345,0.69,0.00855757206216088,-0.005810826799177882,-0.03853068290007333,0.02302382042038635,0.015974198303330467,0.71,0.015435594157600483,-0.04614607270590926,0.029723479850281183,0.019311696340404298,0.67,0.017119671695465945
74,0.0010908929897057718,-0.012088958907541558,0.015461566296555818,0.008226278165155755,0.94,0.008209394306225347,-0.013447472314944517,0.017122672013908557,0.009201273685020194,0.91,0.00876855631508234,0.010208261021233511,0.004571719272656205,0.017587297275108594,0.003605506867619346,0.08,0.0057727391237375174,0.0026680206938250357,0.020166299736753723,0.004938399553856325,0.14,0.006785642835881875
75,0.018383428112004552,0.006412769958749821,0.03522878914652576,0.007875266733162283,0.02,0.00915218008284487,0.006530801793626133,0.037576107249316947,0.008551375325967406,0.01,0.008777565722516673,0.030237570380566403,0.006977325320727527,0.04974972503083652,0.011994444778727758,0.03,0.015877600647373185,0.002527553428333114,0.05459770302623159,0.013990636445011933,0.07,0.014725069557205863
76,0.014335703897698338,-0.003369715936040185,0.0295324684965804,0.009704519925827706,0.38,0.013042040462398957,-0.006909544713982592,0.03280196930401717,0.011175866298711076,0.33,0.013352114584981749,0.01506367055935609,0.0022391171660003407,0.027114874111681425,0.006878111116415591,0.06,0.009109689549895,-0.0003030516386100385,0.030762817804880792,0.008244223097968595,0.05,0.008185648878998546
78,0.010849125803972015,0.0024466131588897454,0.020967737114656645,0.004418106569151472,0.03,0.004763593157185064,0.0012714933708296815,0.022614982508357338,0.004679433988081778,0.04,0.005005216519250025,0.005878541093265355,-0.006407432092721831,0.019786085007973096,0.008581923540503055,0.6,0.009108932264340059,-0.011142013089896527,0.023041082158915715,0.01057857865960058,0.64,0.010415710775741176
77,-0.0169504370135396,-0.02974365169985411,-0.003653879937631825,0.0072472951504343516,0.05,0.009115085247254672,-0.030376884470422683,-0.002378782201909152,0.00796849266273748,0.09,0.00994714263352315,-7.715020310783416e-05,-0.018884541968950907,0.01768876886079407,0.010833137979050436,0.99,0.010823551010026102,-0.025691308351016004,0.023550371236542973,0.014704280767688526,1.0,0.012506090698562601
79,-0.0029672220305894115,-0.015748282548368263,0.012951794201811095,0.007845747956207249,0.71,0.007535358282016746,-0.016834868577004378,0.014349941738280948,0.0087231510416659,0.76,0.007872902624081917,0.013998189074644785,-0.0015353712528227217,0.030935636465787297,0.009158612030792717,0.14,0.008785502354583998,-0.0022545915265001146,0.03439769267670978,0.009508007636502513,0.09,0.008167440079417842
81,-0.00280135714320906,-0.020309891389783705,0.010757574242058431,0.00818294353212958,0.75,0.008995413302413545,-0.022100884132548286,0.01158572910667521,0.009096327036743988,0.71,0.009066281913180598,-0.016284341084107368,-0.04787771518307866,0.008357324395683943,0.014370110792269276,0.38,0.015429118983873856,-0.05113608503578786,0.01180398639635677,0.01594873530941044,0.38,0.0161060582346516
80,-0.015270546598493695,-0.04439355240006927,0.015494877717453233,0.016140165959258098,0.43,0.015918859615062203,-0.052453698500149665,0.021503764490049537,0.019841370490654684,0.45,0.018022960555750287,-0.020544954759230905,-0.045975011350101666,0.007202177789011617,0.01386239007171066,0.22,0.014834117227817857,-0.0532588861747524,0.01383411206849585,0.016886186566273293,0.32,0.017312282844050387
82,-0.002335497331833025,-0.040265685831277126,0.03703798774121728,0.020586963322095007,0.91,0.02038901252201761,-0.05904953868541813,0.05137612407955672,0.02939316263327296,0.94,0.025168719361382406,0.007833537993413131,-0.025223139114360908,0.051620809988884894,0.01938554986836562,0.71,0.020096116390628384,-0.03442301502000541,0.05966652013934368,0.025360972003228663,0.75,0.022397977339239275
83,0.013314679837880483,-0.007445794857278185,0.03337198190809447,0.00998606404288937,0.12,0.00909004264176543,-0.01184054103206797,0.03795015268262403,0.012100264922013436,0.18,0.009483391846751104,0.009331154799397723,-0.007500586554763312,0.02727176002309592,0.009546222448669232,0.45,0.009764927108880777,-0.011115007466376035,0.030391751519441047,0.0114876853837909,0.48,0.009952314715192822
84,-0.004294340382213768,-0.02405305744244357,0.017813571318166938,0.010282184965147604,0.68,0.010024187309619919,-0.025342239483658914,0.01816119002915908,0.010889606463978418,0.73,0.009838374842771795,-0.018146749600862933,-0.05434281289554765,0.017838437977149055,0.020726919991575495,0.44,0.0206996951086748,-0.06475579585967707,0.026302957206458893,0.02706567899035174,0.44,0.021734644114691472
85,-0.012147135444387835,-0.02960577939821016,0.008525996679748224,0.010013487724177286,0.22,0.009484683035771657,-0.03563256604792331,0.01416419814020431,0.01269398193654107,0.21,0.009829525060627543,-0.0063651652681420146,-0.023410309749912317,0.009016038191013865,0.009613035383988645,0.55,0.009886883086811597,-0.024650423216143746,0.00944168564453127,0.009906738266458522,0.55,0.009691479020211436
86,0.01434937715396778,0.0028775194541000235,0.02630580595486873,0.00606546565639839,0.07,0.008472771429617477,0.0019450374936197182,0.025848408377963893,0.0064583041423760534,0.13,0.00873427969655175,0.007744949444937532,-0.010522150605547995,0.025052212348104015,0.010178256886177179,0.64,0.011714576286527847,-0.014473197625011602,0.029589885694156947,0.013574028971134529,0.7,0.01313297537993945
87,-0.018078872223638243,-0.034755341908038986,-0.0008209506777093548,0.008687595466895355,0.16,0.011955975157676879,-0.034319833697870186,-3.171206195125287e-05,0.00842550984283064,0.17,0.012407820074009968,-0.018217792684749767,-0.03279324262495171,-0.00599848623338799,0.007098548682976778,0.06,0.008638818890408,-0.03496345935309457,-0.0017243906740701323,0.008539062853221152,0.05,0.008895330146942736
88,-0.00882525576446369,-0.017722795938633015,-0.0005950161851532992,0.0048072820020476775,0.06,0.005030109324202192,-0.019719902664042485,0.0017060499047412518,0.005865878096330337,0.06,0.004866804280986469,-0.011366189301473817,-0.027092588880475832,0.008214917509687145,0.008994269215862804,0.31,0.011906009518810781,-0.027687723144728723,0.008034666136008273,0.00916734333469751,0.31,0.011812920320460635
89,-0.009208486709903596,-0.02897976519618619,0.007433536999898304,0.009703678802240821,0.45,0.010389472845989333,-0.030169246462971568,0.008234576837612726,0.01062543810384543,0.46,0.010398877860976916,-0.0013066094241516168,-0.012979450693016934,0.00894377636953667,0.00606876368849478,0.84,0.006051071966175944,-0.013696218209892483,0.008469520648411508,0.006846746495097833,0.87,0.0061644614698718615
90,0.006027107561756395,-0.013184965348173063,0.02406377303196154,0.0104042416261668,0.61,0.010545344668519866,-0.014639922198630629,0.02737897713797017,0.01147745904376391,0.57,0.01059949584489476,0.018282054702008388,0.0021575969132357417,0.035707873215946415,0.009154903790458664,0.19,0.01333873907707808,0.0017117689075707918,0.03749589047993025,0.010072239272680101,0.2,0.013631074711569335
91,-0.007973804013998276,-0.020052593602644282,0.0045536394350091484,0.006299798852997984,0.26,0.006890939062663141,-0.02096906753297638,0.004495143082640141,0.00717428029900306,0.33,0.007676028252217818,-0.0028980313127089374,-0.020746766857949284,0.01634295715393237,0.009056951003635263,0.79,0.009046884381043,-0.023709617153079857,0.023516361101908242,0.011723675147940838,0.77,0.010059271483645743
92,0.0028517554707176984,-0.010938690169497532,0.016521039665383205,0.007308394199144139,0.7,0.00773120884688298,-0.010744301006522149,0.018124156503212772,0.008319613583012867,0.68,0.008153413266129544,0.0017942010617231219,-0.01330412718050655,0.017280506217992552,0.008639691189239683,0.84,0.00883157500255764,-0.014691890813754594,0.021336555810932942,0.009371340686377303,0.83,0.00889874028675945
94,-0.012221468727437568,-0.04617027838238416,0.017198777053089954,0.0161090387737488,0.36,0.015307227564229347,-0.053197894727870926,0.019704991004796037,0.01891231310289281,0.39,0.016054719721942893,0.009189863761626782,-0.010864050389758215,0.02880606837480064,0.01078746150341509,0.55,0.01343170331409987,-0.013785505146546341,0.03197849346109156,0.012688259555660717,0.58,0.014548035122703246
93,-0.0009203444105079228,-0.01759046934747559,0.01794702088698301,0.010341343671106987,0.96,0.010296568789146684,-0.018231870316099606,0.01828368907149107,0.010490057484079955,0.97,0.010337115941089063,0.000153080025111052,-0.0164075128308101,0.019770880768460054,0.009956609410656368,1.0,0.009958969132147078,-0.025001163771369704,0.02844670274946357,0.013585871490477935,1.0,0.013215988785321233
95,-0.01785723754343671,-0.04721422042371328,0.010627789287745992,0.01514201293133814,0.18,0.013562311505325119,-0.05259329169778119,0.01374666603337496,0.01685149597917245,0.19,0.013772701581088617,-0.03510137556799453,-0.053791396610395156,-0.01797652590982994,0.010326841581804466,0.02,0.013293362166660168,-0.057116465301249295,-0.015919474270219024,0.011785173005607151,0.02,0.014121311044721729
96,-0.0030543694261444543,-0.037439371625745996,0.038025862779793536,0.021486828792654664,0.92,0.021782282429279255,-0.05027154260901749,0.047686719438319786,0.029226763427237533,0.96,0.02560168509867397,0.01565109692641453,-0.021063429306683007,0.056393401077623695,0.022175697398782286,0.56,0.021278933012489856,-0.03661937088023527,0.07377176879470815,0.033754411187080335,0.65,0.02448992130886534
97,-0.020769400077006672,-0.04765821943867849,-0.002056209751919627,0.012837973861421199,0.07,0.012011883406021471,-0.053024370666112784,0.0008547489098432517,0.014034711524844725,0.09,0.012401831123939722,-0.00953969268695154,-0.027965478026827473,0.009693605769085685,0.010551665484385471,0.39,0.010156988055053938,-0.03196055758170088,0.013305139836320548,0.01277515086121088,0.43,0.011466873352332584
98,0.011901549126539734,-0.011813754141565491,0.031950429837016035,0.01262965083828608,0.23,0.011992267313878643,-0.01239126866711468,0.0334581086776526,0.0137186883142974,0.3,0.012729172589249046,-0.008460901127777198,-0.028321718241126965,0.016865456302444272,0.010921293237845728,0.43,0.011956129337398244,-0.035220875626940755,0.022210221464147258,0.013726305442305544,0.44,0.01312905025165004
99,-0.007671481843494199,-0.050316540148512695,0.04047339661171301,0.02490767226392247,0.8,0.025333821998117095,-0.06312303466708283,0.04804548514976789,0.03399726844779821,0.84,0.030069305603165047,-0.020020782098513656,-0.03155364666307747,-0.004943013383804651,0.007953186413354083,0.04,0.009353965459748566,-0.03695992698334116,-6.81778395544147e-05,0.012401428388366146,0.09,0.011556675209576055
100,0.002392695514530807,-0.010365474372597471,0.016297000327896424,0.007151829803630876,0.77,0.006998636614420391,-0.013980925501176057,0.01822687778396368,0.008168797823415315,0.73,0.007279813460488356,0.013268283667900782,-0.0020916720580883078,0.02785201627919078,0.008126196653083369,0.25,0.011083972081058506,-0.006695640033492406,0.033659099647543836,0.011264135863502094,0.48,0.014127735788236274
101,0.009111095599301677,-0.007605355712991545,0.02938540887512344,0.0104570626163863,0.4,0.010763116504812396,-0.013345668328553634,0.0347559796248221,0.013633896550132934,0.49,0.011988008615966926,-0.011385506059887085,-0.027257154298147367,0.002210124007283286,0.008395145874027116,0.2,0.008645781132301869,-0.02861436667154233,0.004905397090130135,0.00947680515496332,0.21,0.008821533149387158
102,0.0062036921568733305,-0.008216507213160536,0.020177303030163428,0.008059254954010237,0.54,0.008438612619190003,-0.012521453517204632,0.025114228070331812,0.010187966432497753,0.57,0.009839341311613754,0.008402898425274863,-0.008841297841894802,0.025928965744453025,0.009960289052628864,0.47,0.009400266292048667,-0.011350420196692204,0.02852876158423001,0.011547869122916334,0.53,0.010476000457479125
103,0.019625411095088197,-0.004380371960849151,0.04269665750722309,0.01283167386333015,0.24,0.016536238751379124,-0.012058939599416882,0.04924317968737299,0.01843395981112817,0.51,0.0208587386076125,0.014910257199759691,-0.015066585533325141,0.047805893771248394,0.01745440662676102,0.53,0.02013681913318507,-0.022997994473506096,0.05224251648409499,0.021497840965870364,0.66,0.02349518067457425
104,-0.017851612977693776,-0.0396993650114799,0.005549603297920043,0.011952304903151445,0.25,0.014806602364056084,-0.04326967775156096,0.00888585030821254,0.014036744499511077,0.29,0.016486716215378408,-0.008808169999842796,-0.029967880075622583,0.00815528439791011,0.011356766310209428,0.57,0.012547170022439704,-0.0306245202186894,0.009360663830243875,0.011758419211455822,0.58,0.012615696778702537
105,-0.022155714255593928,-0.030207289976386997,-0.010955117584599793,0.004926287496820906,0.02,0.009858895884397796,-0.032129264202497815,-0.011508909612295962,0.005407706926649295,0.02,0.009622527476058684,-0.02766280821529321,-0.05077568445295002,-0.0031383828729436986,0.013027645446503078,0.1,0.016585148162079028,-0.05095810867847268,-0.002609742497816342,0.01365504944859527,0.13,0.018128100733416575
107,0.0076390853967813754,-0.00909234237304779,0.021442403842999357,0.008492415449915566,0.44,0.009013763267929653,-0.010948038362825183,0.023818232569626473,0.00932062920141022,0.54,0.009487339337701774,0.0028563839396564816,-0.01846119434803017,0.018271078327766862,0.009034572467205258,0.72,0.008830967616545216,-0.019072696678157763,0.0191967650634393,0.009732635035363525,0.63,0.009024459302171663
106,-0.03593441771542594,-0.07337074598197177,-0.0030375069143907807,0.020684220599042364,0.07,0.016007575123650447,-0.07889282048290433,0.0006603082208212763,0.023644018701379343,0.04,0.016167432624360163,-0.04933043665756198,-0.07184833359993785,-0.02623181543077853,0.012724436613410373,0.01,0.01893052127595652,-0.07643356114526738,-0.0211893900973414,0.01576831637616833,0.01,0.01869839724214332
108,0.0005232909193360058,-0.018428820796938215,0.013625012582612415,0.008541299596301063,0.98,0.008539851200357749,-0.02054777865754129,0.01644579110230384,0.010215630634142133,0.97,0.009563837073033566,-0.00044106943089516903,-0.012452460074951061,0.014901459697414455,0.00773005707979002,0.97,0.007704812303629019,-0.017162834093648317,0.01892523935100514,0.009319856548864039,0.97,0.008677292508780897
109,0.027795881591059945,0.0053653904319896015,0.056285996737794705,0.014848272491649902,0.15,0.01965307398575634,0.0004925589562906202,0.059539718495842255,0.017212276621104153,0.18,0.020040692246635208,0.0038096248664389876,-0.02405750799128905,0.029085063265872475,0.014259922807296163,0.76,0.014028012096901158,-0.02551353915641566,0.028590388595307954,0.01508912430983534,0.87,0.013943416950607149
110,0.005056236757578603,-0.018046135767018787,0.027622680591050483,0.012068781210360334,0.75,0.011903801483206116,-0.02292982615589105,0.03127622551766156,0.013596380577951055,0.69,0.011957885371981421,0.00733673408996971,-0.015709088320408425,0.028748992257210434,0.01150262698038745,0.57,0.012736546614407063,-0.015933009403708363,0.03147318464052997,0.012408235597027696,0.54,0.012528664073035404
111,-0.008628961043219974,-0.0388000640552629,0.014291667163762949,0.014456506424918221,0.56,0.014142359350905163,-0.04568644482622486,0.021851663761032196,0.01738184204371982,0.53,0.015142267868685303,0.009460383671105355,-0.01620796354435633,0.033514194254969355,0.01270838581585476,0.53,0.015162240144444521,-0.020101073663269624,0.038411174875716284,0.015008311238120544,0.55,0.016686528849192948
114,0.005434791311960119,-0.012423835483676801,0.023956779810994,0.01004573759902775,0.65,0.010990462112769064,-0.013706240126411275,0.02343355263278064,0.010184030867362958,0.58,0.010604158482268559,0.000905022750459672,-0.019271293416767678,0.02132323617918028,0.01199186527465832,0.93,0.011906511113726861,-0.022165707234823362,0.02433303046124182,0.013241205643120507,0.95,0.012346288263668955
113,0.02784884484499983,0.004216628680621247,0.0561943421284917,0.01367256800897432,0.07,0.014571346066678594,-0.0034867424664552574,0.0636340891444381,0.018236875724676038,0.16,0.018377347610373136,0.026402784649175892,0.013482689983681836,0.03938068986264405,0.007061649102781111,0.06,0.013501396161594445,0.012786438297097212,0.04127214271148753,0.007915302476347329,0.07,0.013791691101117585
112,0.005156680712657291,-0.012691278993128777,0.026279877436734187,0.011610249566550863,0.85,0.01373482870079221,-0.020065873829297587,0.03564355444098437,0.017141995039217647,0.86,0.01712215957611411,0.007192426696435383,-0.018631281031210326,0.036255114943418446,0.01583482555528685,0.73,0.01634035184967656,-0.029917060828668116,0.04736547158186988,0.022082007130185866,0.84,0.019375543531620958
115,-0.010996505169978299,-0.02904931116944342,0.009617111061409118,0.010654357799000416,0.35,0.010673920341301732,-0.034498181879214496,0.01542621538971018,0.013223078698841964,0.4,0.01147426551490019,-0.014177981607383039,-0.030744011958237037,0.0019155379456966305,0.009284365548825219,0.24,0.010904158334502792,-0.03953798003452958,0.011580978408276009,0.014221662835057713,0.21,0.011347878968441135
116,-0.01152687916959838,-0.03118566438106307,0.01377294792229207,0.012744241995841147,0.45,0.012833329204976889,-0.03991915553390987,0.02290072755344643,0.019306351712112625,0.43,0.014227403876981994,-0.007196694053097197,-0.03202689865528113,0.016040781907113506,0.013547127022542118,0.66,0.013749799407554301,-0.04362609108843056,0.024045972679775304,0.021104941972137754,0.75,0.01698052456539146
118,0.01760017017369986,-0.010970859794509333,0.044227734427269814,0.01639953281459802,0.59,0.020545812764476586,-0.02043261853919804,0.05617503682166277,0.024675559258406192,0.85,0.026330957623400063,0.006925991480803084,-0.010599445127644633,0.018891068512590658,0.008377074911809447,0.64,0.009887241109024,-0.016714102593771013,0.026091583787063888,0.012801571669681816,0.7,0.012636247559669998
117,-0.03477117515392969,-0.05305296814074891,-0.015300906044244299,0.010924716670157125,0.04,0.018522561038005016,-0.056077393556668825,-0.00943033114628844,0.012570972348580876,0.07,0.019806819173226846,-0.02989964384576993,-0.05216515436660893,-0.011094091279395007,0.011988046291265706,0.01,0.01218695356410086,-0.056525829086008186,-0.00822340973879046,0.013823032910875522,0.05,0.013697764905005827
119,-0.0013894075845177767,-0.01920199246043461,0.020134275633292856,0.011540272408601887,0.97,0.011659423777225626,-0.0211127925506267,0.022968117203967915,0.013108029247868249,0.94,0.012353625764594391,-0.01191295733353126,-0.04035024823981556,0.01587616035818544,0.015886234545031446,0.53,0.016985904718866546,-0.04593280116688261,0.021017668887021924,0.018771713680268795,0.54,0.019049275341471855
120,-0.022639973308778316,-0.051072756490366134,0.0034891587011063735,0.01598803342456266,0.17,0.015041456146717869,-0.0551140467692699,0.007674575965000714,0.01812287041214251,0.17,0.015606558815037367,-0.008944618904586754,-0.028472382555364505,0.013098460423843859,0.01175073952126297,0.44,0.01234502328982438,-0.029026125527531033,0.013491549518912155,0.012255044866245849,0.45,0.012534343786864672
121,0.011864531457477234,-0.0022091454044624176,0.026123833596275056,0.007343464520079287,0.16,0.00871280093254345,-0.004054691322726529,0.02710661367710618,0.00821717550717824,0.18,0.008609231712634455,-0.010816304288005618,-0.024816276483452523,0.005399643435638389,0.008522310263303787,0.21,0.008501881253941815,-0.025655485315823644,0.0074189753522293025,0.009861755214815169,0.25,0.009249297827320797
122,0.013136260711791081,-0.004771642575358646,0.030895946374619985,0.010850406200610225,0.33,0.012073870917305508,-0.0100654146766141,0.03597888629591601,0.013155969337020328,0.31,0.011965104453751828,0.01681713844984234,0.0006295512617188886,0.03414256648630011,0.008748924957781281,0.12,0.010448097593110257,-0.0017366965422878078,0.03652078634998248,0.01015179051362645,0.11,0.010640655620051873
123,0.03400176906216679,0.01118581194157909,0.05738477204219636,0.014827669944678684,0.01,0.016860203339774907,0.009101631594941262,0.05987155965166493,0.01626330537284072,0.02,0.01671490972831767,0.04653771954827768,0.010152770592002508,0.07457815220665828,0.0173047870220788,0.09,0.02482104606630386,0.006192969471626966,0.07750642161607058,0.019869119132221315,0.09,0.026089746001145057
124,0.009051155137091094,-0.012406653158055468,0.030573804853098928,0.01101596641099284,0.37,0.009874538666965285,-0.014512433421248125,0.03424965686536785,0.012262558005105595,0.35,0.010133356238963116,0.032120863810837896,0.010252019405206751,0.05561738002622785,0.01283569059147848,0.07,0.017542048350967086,0.004238666973485211,0.05572102343645326,0.014873607319623935,0.07,0.01778403926958068
125,0.0015127970899513343,-0.028577707249979538,0.03290488959750024,0.019127537168267223,0.96,0.0193034768435665,-0.03867107521530495,0.04421367427864866,0.027292571595326293,0.99,0.023224619438857542,0.006199533894187148,-0.023815034818477125,0.03819154753414562,0.016898032283651703,0.8,0.017264922623693967,-0.0311872014639063,0.04346586713473827,0.020330437280056898,0.76,0.018625365620508687
126,-0.005641717090415277,-0.02072811833774825,0.007053675961611591,0.007709071249325655,0.61,0.008808092376634394,-0.02600730993518135,0.010842018184249898,0.009720764498047162,0.66,0.010352746396569528,-0.01311668673373756,-0.026595279190617705,-0.0014205625761136292,0.006901063032034208,0.21,0.009922315700291524,-0.028796796734137063,0.00020007757062180664,0.008081054858086705,0.31,0.01166886226598787
127,-0.03165414599430871,-0.05130023098773164,-0.010501813335373901,0.010967683500400813,0.03,0.016389900330627875,-0.05339671017052838,-0.008587062563948991,0.011679929065041691,0.07,0.01754907018555623,-0.0352572807459719,-0.056937063109726606,-0.014899125214375801,0.011178689744157935,0.04,0.013981163613460789,-0.06348960142206143,-0.009611642553177195,0.01386771843229169,0.05,0.014912357534719783
128,0.007840307199205476,-0.00853111825051904,0.021510081512707523,0.00864174874718316,0.39,0.008203035714233642,-0.010877490598088665,0.023369491829438573,0.010746418408183116,0.43,0.008836291601489337,0.003912898033584966,-0.01474833093097043,0.019564250001659154,0.009039140259949084,0.68,0.009050144033555224,-0.01477395067189153,0.02015811101241409,0.009308920943106376,0.59,0.008742825145069237
129,0.01793490389690522,-0.0010088167318193647,0.03669746755711736,0.010930623026821955,0.14,0.010774853412377413,-0.0036983183869414987,0.03969688787412888,0.013042185572670069,0.19,0.012048787946213701,0.011170420200905085,-0.015215856026555577,0.039899063838093066,0.014074510813821564,0.47,0.014500223919943767,-0.019632582789540942,0.04542107702667124,0.01847157232348136,0.65,0.017163870355690957
130,0.00021988380669490937,-0.02095937780814658,0.022277019524395886,0.012409726447249206,0.96,0.012381077144714142,-0.030568553415531326,0.030055482114806412,0.019418030586093312,1.0,0.01595312572943743,0.013097243623185761,-0.014752475129502327,0.043976858663853854,0.015516036844003014,0.34,0.013709845663760862,-0.027698914681281377,0.05651831486420167,0.023972927988046323,0.53,0.017583069590250137
131,-0.011951834764975189,-0.033497067559937574,0.00991473906858742,0.012786084308794693,0.34,0.012226221053171359,-0.038777359714929,0.014453893804293558,0.015540095507039152,0.35,0.012650129975010862,0.0002081268931615199,-0.028050094675886456,0.026195745444443294,0.015293986715439519,0.97,0.015297364441366324,-0.03172991044091973,0.02887014250065371,0.017651535249981157,1.0,0.01595128552632241
132,0.0006642114167956237,-0.021852886140803603,0.023450760966714144,0.014075352961270899,0.99,0.01410031464453469,-0.02521122334805947,0.02846704570931124,0.016872443618363993,1.0,0.014807424330851792,-0.01136413109157619,-0.03105127023034502,0.006319729763650445,0.010133546463024626,0.16,0.00817853249929379,-0.0364934044567613,0.01018519961551622,0.012979576663417643,0.19,0.008622500900246613
134,-0.038027125795032646,-0.05016316094929496,-0.027393745939777593,0.006063140995589444,0.04,0.01896289466115356,-0.05193099913482002,-0.024692934577167105,0.007683048069451658,0.04,0.020295130440333688,-0.02192645405679894,-0.03842408827702752,-0.007032658907230309,0.009072350763949891,0.02,0.011768413304285285,-0.03991963251413119,-0.0070157912522823135,0.009436526508041249,0.02,0.012040443230751397
133,-0.033530088801128066,-0.04271038899807231,-0.022982594685545712,0.005748655012184905,0.02,0.013580405833034732,-0.04652336462466641,-0.020769460318400858,0.007218936797772926,0.03,0.014176644254595342,-0.029076094787241047,-0.051557429548766395,-0.008548020843360905,0.011609027865429515,0.03,0.014231621433155393,-0.05438815004997659,-0.005513236176233165,0.013257140834448192,0.03,0.014529741546065853
136,-0.007930335926712218,-0.02141445109110829,0.011786030277760061,0.009057825115226771,0.49,0.010794876730225385,-0.02373031941760919,0.013975038406709571,0.010083001094058826,0.5,0.011526705552097663,-0.0066817355194599415,-0.023226160806090412,0.01478060047788756,0.01016277501938332,0.49,0.010405979563799383,-0.02968338451825665,0.02148726762605304,0.013489687789556845,0.62,0.011553300088222156
135,0.008836872247442784,-0.015779162532152564,0.02810499383659044,0.01205169830212288,0.43,0.010682762746723702,-0.018008040208619874,0.030865138983886497,0.01328335533397278,0.43,0.01113559906637392,0.0269078155057354,-0.0019020873909671512,0.055073834946908026,0.015045445394748143,0.11,0.014657365386818276,-0.005504761191257243,0.06107957433734432,0.017313867563911664,0.11,0.01557634630631401
137,-0.04065976576755226,-0.060462928052513916,-0.019081030027237933,0.010302952652419603,0.04,0.019679667666499128,-0.05935969535708016,-0.016830195581578652,0.012047219130153894,0.07,0.023291028036684355,-0.007041641784489627,-0.020863986140988097,0.0063494190291963,0.0077101517554140735,0.48,0.008885858580967645,-0.024608763099221775,0.010039781951265245,0.00995347809565479,0.55,0.009710468921029492
138,0.011724779990253786,-0.014099873872766712,0.029113707743759897,0.010703060327679616,0.3,0.01159098328598212,-0.019502206374594072,0.036275562573382956,0.015056588473432669,0.33,0.012651384269445622,0.015539843490450345,-0.00018505528084680062,0.033981196982491066,0.008574614121510659,0.12,0.009291994188276602,-0.00279575269358414,0.03633648150699442,0.009803343468163563,0.14,0.009405204739779403
139,-0.02746863520368592,-0.04325178448152134,-0.015583688792026519,0.006629688140368335,0.01,0.014285622668091203,-0.042638179915819786,-0.014420307868382713,0.0067996204940446465,0.01,0.014153674938760404,-0.03196365128878664,-0.046786764035110326,-0.016138176020362896,0.007761486597969882,0.03,0.013312563692415999,-0.046684699896163764,-0.016508934684658173,0.007941845874925116,0.03,0.01362427973891305
140,-0.009295170754512583,-0.032850202350971,0.017347188747583252,0.013895496443368157,0.45,0.013292276228026305,-0.04050315909204766,0.02496983452808585,0.018821923099066922,0.53,0.014788353241942047,-0.010798291804273497,-0.0417949224083813,0.019265876149904805,0.016916648320154645,0.56,0.01708466044483001,-0.049435402966709965,0.024905660817667027,0.022100705294027703,0.64,0.019283165644651573
142,0.02300400078696896,0.0067167898115025465,0.03746484092848927,0.008311214872124426,0.02,0.01189033660281529,0.004213426760877069,0.039922196666518014,0.009634701482474087,0.03,0.01240816243531475,0.017864037199774252,0.0032699515663492454,0.03052403747350736,0.0069380271815647305,0.11,0.011252570947709605,0.000674227950088653,0.030733066270552147,0.008242589107709138,0.18,0.012663790781455611
141,-0.021647041712824944,-0.038540450886519334,-0.006384307444697958,0.008677414442728884,0.08,0.012635768174521837,-0.04403660480823759,-0.0009478662839946111,0.013680618529459726,0.28,0.017704572813154035,-0.0301547332500256,-0.04739283418926758,-0.014381257136916403,0.007975943701110553,0.03,0.01446281500289194,-0.05289076631834963,-0.009761284351798509,0.012510871325285104,0.14,0.0199559311764187
143,0.022073491222505126,0.0036933584207382436,0.040435484794641804,0.010093623451811097,0.17,0.016074472588183994,0.000744234204427624,0.04371645275077886,0.011587203774033984,0.16,0.016449939279305808,0.009487158982833144,0.0006075372363807847,0.02125842649360256,0.006040734151560426,0.29,0.008328592898082878,-0.00019802970024067335,0.0206198288767935,0.005491352365958069,0.25,0.007919557646998502
144,0.01284471622502803,-0.012364216678559137,0.03749438942457535,0.014283139246985087,0.33,0.013001316336800685,-0.021449657064027856,0.048236838633726714,0.022693135445533832,0.42,0.01600125769095386,-0.00712631156882626,-0.05114836717967274,0.024678204695042352,0.02094790466734779,0.71,0.02207115864866846,-0.06426314235359316,0.03263831517598539,0.027908428083231133,0.78,0.025680842553962673
145,0.007297035930403872,-0.014434714184423922,0.029536012313432454,0.01120909869353801,0.54,0.01133259215662336,-0.015747859042767896,0.033063971118890215,0.012808576454070637,0.51,0.010926287833850145,-2.424541607481956e-06,-0.018303942868741527,0.01739308670208683,0.009221266402912674,1.0,0.00922148931090674,-0.018863846613355006,0.018779445757303656,0.010200228778346544,1.0,0.009134489891056538
147,0.004787673066782183,-0.005256203043955174,0.014878280735854729,0.005270183357689861,0.48,0.006169972892577183,-0.006294829264786816,0.0164559745512709,0.005718724065118685,0.47,0.006509224825756975,-0.016223210211803618,-0.032007595219320575,0.000595573655475426,0.009929926604101838,0.11,0.010892565407792135,-0.03428236000019909,0.003071070345842128,0.011418393582096925,0.15,0.01175381566540151
146,0.024268984436202068,0.0006321666118088085,0.04809948283575789,0.011661608864682257,0.06,0.013586421107962623,-0.004355742774760814,0.05365796882950708,0.014194622802529247,0.05,0.013113864170387826,0.031434183657656156,0.0075557853884499,0.05422655188423775,0.012380856948528512,0.04,0.01338091981139511,0.0005712277785158426,0.060620747769086894,0.016215325142505913,0.03,0.013481453415163495
148,0.009256163193365197,-0.00985776461386742,0.028456043910381278,0.01073247591930297,0.37,0.010702233386938285,-0.013241895667714852,0.030676458230796698,0.01251406376174116,0.4,0.011289767916084738,-0.0026491133666430855,-0.024095315916581272,0.014217606971798968,0.010190015844732284,0.76,0.010343393422504572,-0.024283141152779564,0.014520579284319223,0.010962266150262925,0.8,0.01037568637370357
149,-0.005899008390382043,-0.024442867690848042,0.016804403816709976,0.010669938686057315,0.54,0.009758010021474826,-0.031544054570403934,0.020714516944572728,0.01456778543160434,0.66,0.010946715657029503,-0.01158116161285605,-0.03313660979624062,0.008248259042405823,0.010384881604818551,0.3,0.009560187982879385,-0.03464188334279971,0.010970149300982342,0.011374045007776763,0.28,0.009612725707787907
150,0.02534792766105287,0.0045983275447672375,0.04679246448963488,0.010988631771049572,0.14,0.015371866825049636,0.003349104289742534,0.050938302341963566,0.013310850463366362,0.21,0.017865420331506544,0.031130049334439747,-0.0001865413504024832,0.06100994512025286,0.015376977960968357,0.15,0.019888804214887736,-0.0025670181028552425,0.0638618370382446,0.016993732017667972,0.16,0.020871244249546478
151,0.006386563966756853,-0.013632414117468492,0.02798962791162829,0.01188665145375111,0.59,0.012219623555953832,-0.016717281804024518,0.0343321892685331,0.01442749546926528,0.66,0.013292023600178057,-0.006019549742247499,-0.024322946677915742,0.007887462712905125,0.008576566570479343,0.44,0.008912746374488825,-0.027134497969451617,0.013635981809422978,0.011755856502667571,0.54,0.009528475750605874
152,0.03423498003363168,0.01645165403138172,0.05310013489941636,0.009912255087965472,0.03,0.01315127482920802,0.013260419159086649,0.05747349754758315,0.012543664753250298,0.03,0.012716680335356133,0.027969949270794103,0.007113843677779744,0.04883168269663685,0.012309215586632227,0.08,0.016929804754426504,0.007878870935752146,0.051219412765949185,0.012690026782334446,0.11,0.01755026075299331
153,0.0023733055014769633,-0.022043140456645637,0.021203183848257545,0.011664589358246043,0.85,0.011840446889376414,-0.024313731793086824,0.026102311377177747,0.013373872019360218,0.87,0.012471830628106488,-0.014341454139401577,-0.032932773687729754,0.004481553987579191,0.010976671966254075,0.15,0.010697480495028621,-0.03288497304316125,0.005402162489793659,0.01171862832824633,0.13,0.00999098383218799
154,-0.010567229998341254,-0.0346946822767876,0.018236769402511087,0.013989974360555347,0.46,0.01415787992025196,-0.03854263708701064,0.02057519929239824,0.01588198666004743,0.51,0.015457443403191372,0.014537283741590024,0.0022235454085274484,0.02884348050519927,0.007235639410746043,0.23,0.010834282108127936,-0.000687317981371692,0.030404499123463987,0.008264289861134522,0.24,0.012037546167301912
155,0.003883502909026504,-0.021588848898120183,0.02486340828281177,0.012293495759792541,0.83,0.01232662481373453,-0.02004845215123239,0.027248688172957933,0.012671444295100948,0.81,0.011926336670910623,0.0016847855616584084,-0.014089875296744749,0.01840682392842927,0.008912484853548236,0.85,0.008993738203473342,-0.016990913321211342,0.02282041839986615,0.012585415326015325,0.91,0.010516647678422421
156,-0.013333112634343891,-0.024748638941555032,-0.00238957714632191,0.005992606215420062,0.01,0.0061688817055255765,-0.02374421690898889,-0.003446578604289919,0.005714985532792492,0.03,0.0065191050824791276,-0.015008590234541153,-0.04265598253048929,0.013292878433305774,0.015127501391333219,0.36,0.01589060032520733,-0.05014403877838038,0.022361361610891972,0.021305637818289324,0.5,0.018705853333552683
157,-0.022614225625706474,-0.031436691249770735,-0.014624997817810972,0.004448439853217644,0.03,0.011105344920142375,-0.03451505100404621,-0.013966673678876253,0.005577764117954634,0.01,0.010882659818944998,-0.01403261093480701,-0.02567222908276956,-0.0027195892567220444,0.00727190798039179,0.02,0.007871408905637001,-0.024904678144105172,-0.0013193154600013024,0.007118949370743961,0.04,0.007574533392467203
158,-0.04290175929877549,-0.059315028266352106,-0.026438428495337535,0.009406615425827972,0.01,0.015341596133174274,-0.06537625491865877,-0.019445010652692843,0.013187998144153992,0.01,0.016325826270547125,-0.01656664124738949,-0.04231745280569834,0.006619058499099717,0.011005157620792662,0.16,0.011966919617654762,-0.04415096859007791,0.007452308207450999,0.011829222517500838,0.16,0.012319242122427427
159,-0.003935734191008677,-0.023028637009928403,0.020528771889425097,0.010916171400952883,0.7,0.010544182361527451,-0.02450262954833735,0.02092241214322916,0.011541593773750549,0.69,0.01070092618497218,-0.0011229667591505788,-0.024472822679327953,0.023571321520504004,0.011905193058469675,0.93,0.011980125578879059,-0.026500294722502902,0.023350229242027516,0.013026424991219566,0.85,0.012302806593967515
161,0.00872281894592497,-0.02917523499461691,0.04400946737795932,0.019889244524888515,0.67,0.01869716453650737,-0.04473679643096172,0.057921325611049956,0.030386941311962724,0.82,0.02271110615902945,0.021072534282465583,-0.0009279014912367614,0.042954146624667365,0.012485546159680373,0.09,0.013040946586712591,-0.0028695421760166276,0.0466216742753823,0.014104815661805853,0.09,0.012175909233778915
160,0.015051102801736604,-0.012453075823077371,0.04242847403960672,0.015039520402185695,0.36,0.015377559416749283,-0.01617816796706143,0.049349722688062495,0.017217722245521407,0.37,0.016513630697066257,0.008323607351530704,-0.017391183815766098,0.030066767541507472,0.01237494767269833,0.56,0.013963539583106314,-0.016344107064051844,0.02964846853935676,0.01241945024114177,0.57,0.01375371387239759
162,0.043325283239321166,0.02469917417023071,0.06183245996672619,0.010414126269816432,0.01,0.01470561510523029,0.021877725454675853,0.06304743718955615,0.011413897337069576,0.01,0.01595595785224442,0.03206200745584198,0.01979842551386981,0.04698381919169172,0.006799303927078342,0.03,0.012952774378812334,0.014886030186993436,0.05206134337190926,0.008689999644096232,0.03,0.013428854204037294
163,0.042885541412162276,0.025949272028719064,0.062249958006507365,0.010236402402518082,0.03,0.018255617195047112,0.021793097678390036,0.06434005560631063,0.01158714046680608,0.04,0.02104276432972383,0.02642682500507121,0.011080027216606593,0.03694364992534456,0.006340079597488882,0.01,0.009256697568499919,0.011352680430594349,0.036709777825903206,0.0062751096840126305,0.03,0.010375613739816596
165,0.00909841199525463,-0.018544608675476713,0.04595984824176686,0.01773797947971077,0.64,0.01751742376264914,-0.02606077148308663,0.054314793416586224,0.02318558420873713,0.72,0.02057692980931832,-0.0029454733242033626,-0.015212372185604603,0.00811053658421259,0.006612025089968291,0.76,0.006746878561483571,-0.01659985387922997,0.010095406265614094,0.007104312856462366,0.71,0.00658750286208746
164,-0.011271857615509084,-0.04365849503529651,0.019840736032626836,0.017293874993851963,0.54,0.017851440010731922,-0.0570350348491885,0.03046570905504513,0.02557259364394249,0.7,0.022989813129219827,-0.01035302402106364,-0.04039285151563288,0.02432806763222043,0.018352926883004453,0.76,0.020202570633650965,-0.051800922356439114,0.03826487662556705,0.027463411615863027,0.84,0.026202518345658878
166,1.556939794600254e-05,-0.02171607499383565,0.020676874580410766,0.011702727479037724,1.0,0.01170575418790782,-0.030471825869761108,0.02713580151617556,0.016317853983302034,1.0,0.014363007190864339,-0.004158026144963856,-0.023574551095185338,0.015039305349127785,0.010666318295002426,0.73,0.009790594089370358,-0.03259117695163444,0.023045382713639026,0.01592702938030162,0.74,0.01210302310836549
167,0.023478463438110886,-0.007193728907244609,0.05109943965048136,0.017523503345461277,0.26,0.018542615473015427,-0.013187779234946809,0.05784589835402846,0.020255928133420795,0.27,0.018389778638591613,0.015756168473725296,-0.0069847428411482435,0.03687960370462453,0.013359107148725229,0.28,0.013773047304018704,-0.008246433466501953,0.03946965262220798,0.015354902045698494,0.3,0.015923139089378032
168,-0.014992420318988842,-0.03536315680699204,0.003503365659084552,0.010991636251270868,0.18,0.010152553508627463,-0.041930074279113945,0.008968935567467674,0.015012102088421386,0.25,0.011421212840237926,-0.00629991265519525,-0.018575862980736206,0.0063804398143532115,0.007109567876634879,0.34,0.006092690203387576,-0.02250317657947,0.010049779901090926,0.009298323736124785,0.49,0.007152614276614365
170,-0.014728342715894627,-0.03400577597515344,0.0016527505413851604,0.00972421066526909,0.18,0.010320545915617143,-0.0373956281096353,0.0039009105778543343,0.01141251410319996,0.25,0.011783333867866596,-0.022494246220456482,-0.04257724012628099,-0.0007100323245267867,0.012148642908409852,0.14,0.015108736077259289,-0.048764288224849434,0.005042376141950279,0.014259558624701551,0.15,0.01528776541531003
169,0.011683153203491337,-0.01180198508433973,0.03347573869951227,0.012104107972679658,0.27,0.01123546564471203,-0.015057318484846142,0.03876987508564804,0.013701591410975118,0.33,0.012398257773096657,0.03493352492272628,0.014421338937591878,0.05684895328707906,0.01260547877258619,0.09,0.019262364872912375,0.010138658611181128,0.06119442971336268,0.014618635414250255,0.11,0.02089637532540111
171,0.015299989596583075,0.0041707907916393346,0.02553608495340498,0.005878885035726395,0.07,0.008288165506621455,0.0006509350798635377,0.03206641999562967,0.008345705201937493,0.11,0.009029527464347254,0.03045040505766483,0.00845280991372719,0.0512180446524511,0.012766509710685188,0.01,0.008921211081028516,0.006388038923569414,0.055360296701342765,0.01432134452776072,0.01,0.00963524645192306
172,-0.01997013777153711,-0.04711072933424534,0.006721015981345335,0.016137253864514194,0.3,0.016890956558680073,-0.05537235413221708,0.014770732864561611,0.02070473172866092,0.31,0.017787342031480267,-0.02240359003699499,-0.050676061267734114,0.0071684130783732924,0.01601770449845707,0.2,0.016772430399834195,-0.06033065615379485,0.013003854522225196,0.02053969161125797,0.27,0.01856101689380198
173,-0.006371900059520819,-0.02707684813354136,0.02195144989464755,0.013465455071683249,0.67,0.012572037737162,-0.03832766447815893,0.03302184628928155,0.020318232173932447,0.75,0.01578407962827013,-0.02319294523531923,-0.04932200846273349,0.0009442668597296547,0.015218561809648657,0.14,0.015778872475857984,-0.05614939312180564,0.008781346194675833,0.020272081111964373,0.19,0.01769337742021921
174,0.01952594089394033,-0.01767702311294754,0.05555847818488058,0.021400108749498437,0.33,0.01882873673286241,-0.03121297818244341,0.06495250155416095,0.027942611686185396,0.42,0.021901667891554195,0.005570821276314142,-0.01108203308282149,0.022562607684336062,0.00824716062440961,0.51,0.007966816843243846,-0.012163775054037092,0.02404641244604275,0.009099487323529916,0.51,0.008724026421564576
175,-0.0185987853024141,-0.03939758729400049,0.0014094363629831158,0.009982316982635743,0.09,0.011332785254467723,-0.04398552623793761,0.004966290151982376,0.012426108222563763,0.12,0.012279077847371906,-0.004472712502147758,-0.017781933552988113,0.00955696520184732,0.007181148686103421,0.57,0.0076650684591237726,-0.021844181271308424,0.014469123951203276,0.009499401990091132,0.55,0.008526183662665191
176,0.006876621517118764,-0.005424663317983924,0.020757841597667512,0.007298399110304978,0.34,0.007202942281020846,-0.0053080941660627705,0.021508206882638083,0.0074639638468585205,0.4,0.007227406725909258,0.0010620112777557367,-0.02130762704423752,0.019111645939406372,0.01135967683437564,0.92,0.01133835246072722,-0.024494609278143682,0.02288147961493614,0.012718400183407232,0.9,0.01204014070048102
177,0.047308461024177184,0.03240756236323823,0.06107784523386934,0.00797763102046809,0.01,0.01830956682415919,0.028869491227960037,0.06429833232647911,0.009974526437226561,0.02,0.01902889037826874,0.04338436316093741,0.029063247790126125,0.059732883779572796,0.008052048742529684,0.01,0.017745916789757774,0.023933546360111857,0.06278046503337968,0.010186463915141476,0.01,0.017105460171029974
178,-0.006048234834570287,-0.03273215158391686,0.0174637227758379,0.013555801370550602,0.68,0.012942035804428986,-0.04097172608191512,0.027481511048758067,0.01989110545141921,0.75,0.015314995242894975,0.020310467570217483,-0.008184600564698469,0.04699583943906224,0.01503988374475137,0.45,0.020841870690293935,-0.012277586755854657,0.050753278558389285,0.017424410477171304,0.51,0.02263982367399833
179,-0.003741861676144431,-0.024163564376178216,0.01573374476284592,0.010637390848030509,0.68,0.010624890149734313,-0.029460458965995338,0.0203859189337943,0.013614641203349613,0.72,0.012089281398127769,-0.006254825743059911,-0.024816587363609963,0.012428671448753946,0.009932822094657746,0.54,0.010313719666845383,-0.027263029183200515,0.014940487093407381,0.011113996309173044,0.58,0.011071862427333422
180,0.003573476691946631,-0.028856508793173044,0.026361187943935025,0.015597440373281311,0.85,0.014864131576443439,-0.032337666886601286,0.02869525244066486,0.016784888972079373,0.83,0.015449036644542561,0.009508270647258676,0.0013345520814191068,0.017712123816775848,0.00452328243356177,0.1,0.005288684278645487,-0.0003958043856845152,0.020419165338053123,0.005225977026604155,0.12,0.006041567037751571
181,0.0051842208450398886,-0.015778213136581475,0.026665826246075316,0.010151139200714766,0.59,0.011136416697658604,-0.018751607330822515,0.028964237595621292,0.01159281197990849,0.63,0.011395622287684964,-0.0025637986386612965,-0.03278253201762291,0.022130992084443777,0.015016470158703001,0.84,0.015374054337184565,-0.038041178862873025,0.024416130337338814,0.01797360046941467,0.85,0.016823855120732718
182,0.01718143716713527,-0.012720275037940335,0.043064779246373995,0.014634296019847,0.32,0.01528702730107849,-0.018637262274994244,0.04805670229163005,0.016419457431325977,0.34,0.016813793346074923,0.005236927932339874,-0.010071522738438431,0.024441410689479824,0.00938938854873062,0.62,0.009445586279965093,-0.015524841731025814,0.02922291382543922,0.012007331154321801,0.66,0.010394969785965222
183,0.021199553510890645,-0.013997457402299449,0.05027065417444491,0.016484628642652238,0.34,0.02108133692530998,-0.018247720555276806,0.05408300424832463,0.018507428916473254,0.38,0.022350475251850604,-0.008197234351427163,-0.0411845449719729,0.01884587740156598,0.017760327177962318,0.74,0.017755292454789528,-0.04489105005834641,0.020978421562577274,0.019862815705365532,0.76,0.018706447086599038
184,0.004763997547412302,-0.014036689044219657,0.029131322310358285,0.011750107395288298,0.65,0.010617109794230799,-0.01703649949438781,0.032881656616057506,0.013565727433708808,0.66,0.011380349864011754,0.015114638342812015,-0.015418164873071918,0.04440181691644392,0.01636693004101029,0.37,0.015433519079270501,-0.02362779151634408,0.05347327288803298,0.02196320626127398,0.35,0.01615458928592563
186,0.005190098640706964,-0.009807532281190755,0.01547715911034566,0.006638977083775944,0.52,0.00770300171822663,-0.010719228085155835,0.018003429877443765,0.007394880443029287,0.47,0.007371740621275634,0.00903893609716011,-0.006154756560709448,0.02743698204833915,0.008519811858396167,0.36,0.01009263098484552,-0.009771078252609033,0.02979398804765991,0.010404650021405695,0.36,0.010294047218821286
185,-0.023359012279575708,-0.04476880849139437,-0.000807444948605518,0.013059490482645692,0.14,0.016136030133128726,-0.0498959766495024,0.002786268173805069,0.014899460516746068,0.23,0.018535330018441234,-0.01363156083406114,-0.030104130609872024,0.006652072825738653,0.011169249979563341,0.31,0.011982796638355936,-0.03357541305129867,0.01184051125839871,0.012871632050678112,0.37,0.012716665936226055
187,-0.0030058386768443413,-0.022156155386809165,0.0166151118979001,0.01047591845411411,0.79,0.01048551215664795,-0.027280650616895528,0.021531182796119007,0.0133683544384049,0.88,0.011988854861862916,0.0020018245489241693,-0.021229593009132356,0.028392369316870433,0.013059341344868974,0.9,0.012898905012486968,-0.0291311788641304,0.03633801823076145,0.017584643420662013,0.96,0.014728250508180663
188,-0.007523342618555695,-0.023574613972455083,0.014632155767715947,0.010483523284772474,0.5,0.010914356500791747,-0.03190439852112478,0.02142744757974819,0.014042552391010002,0.62,0.013996945540606674,-0.009114016865943597,-0.024424955739611454,0.007261602109941111,0.008851413523799418,0.48,0.010419170575870681,-0.03073689784991855,0.011528734128006056,0.011688419741047998,0.49,0.011830732427715306
189,-0.021695226777980636,-0.04294351591554624,-0.002654504860691499,0.010851338080771121,0.07,0.01251233213074081,-0.04798140514763447,0.001967883824227898,0.012899433495090908,0.14,0.014362244990664198,-0.006366923061897012,-0.0177143068493915,0.007956962762472038,0.0068825043701000186,0.45,0.007704978651509337,-0.02320892579844442,0.012688794738826246,0.009752091507566852,0.54,0.009354886884183943
191,-0.00629437082822637,-0.01465121606923656,0.0031918799206140935,0.004855338641866734,0.26,0.005588414416543437,-0.01646908266638425,0.005046010354648887,0.0058677820667386305,0.3,0.005933041906446093,0.010996762958076722,-0.01631215129161081,0.04085556590592607,0.01493280980539694,0.47,0.016872504324214544,-0.024482418959710005,0.049470189031090815,0.01922573420075264,0.52,0.019680063875070486
190,0.03463629257093359,0.019341982445384653,0.04825189066996773,0.007674024679036542,0.03,0.016366892904458395,0.014285905105285227,0.05395331737286653,0.010508725114403,0.04,0.015998122988985175,0.031194233986498787,-0.0013115879605474223,0.06211594414045152,0.017675335766603656,0.04,0.015459649518056838,-0.011865074895059627,0.07408394811205414,0.024313956733801923,0.05,0.01583074329459108
192,0.007248389986306947,-0.013346226917118509,0.030290821205421415,0.012522391340888723,0.68,0.01388202645977126,-0.017777597950842015,0.03375963122449108,0.014164239770950816,0.69,0.014875117578814608,-0.025814632793470516,-0.053441154925216366,-0.004557885076627785,0.012283594521465218,0.01,0.009190489695554742,-0.050542506708807305,-0.00539339498486973,0.012338740843253565,0.02,0.01037228595558581
193,0.02401433590947999,0.013304955542710092,0.03528751955725418,0.006538289413988325,0.02,0.011152357213841764,0.011770308418793632,0.039240897273112106,0.008015778998173113,0.06,0.012916854471779034,0.033282568318939276,0.008584618809346939,0.054560012737343386,0.011490479955215266,0.05,0.016364548789387458,0.005853790539070536,0.0597405529884425,0.013140260662652208,0.06,0.01794674612824792
195,-0.041282966942887356,-0.05262502825413602,-0.029309781331747817,0.006192935779271128,0.01,0.01843629630559611,-0.05708272456087484,-0.02628844175574789,0.008024218555440332,0.01,0.018920316113321446,-0.0236716857758692,-0.037470711350494706,-0.010659512318016345,0.00701849506599516,0.04,0.01165913148106272,-0.03965675368613528,-0.009186498569627242,0.008393224140657013,0.08,0.012728088274004751
194,-0.013722590445829574,-0.03337258551631339,0.005874475047998026,0.010545381309759332,0.21,0.010391274520438766,-0.03643591287376448,0.009757129773384048,0.012463625961991994,0.27,0.011812107562156072,-0.017052509914257996,-0.03261597289339497,-0.000681359498210514,0.009236213980374063,0.23,0.012632593019564145,-0.034241925280364696,0.0028030859893546367,0.011334895219263086,0.36,0.014881453142473772
196,1.3278103162761568e-05,-0.00885505546454599,0.010049120896694363,0.004868807645617099,1.0,0.0048681996511293355,-0.012123105190079418,0.010918641047626786,0.006539737927724342,1.0,0.005878612931208104,0.008739044624840098,-0.0038973307591509063,0.02086459673068384,0.006790461539863273,0.27,0.007176792688931986,-0.005788733736691042,0.024676992144203335,0.008356024099018616,0.32,0.0075758746767095935
197,0.010491474923830957,-0.01342398296203022,0.033332253031919376,0.013027685766121901,0.45,0.012206581100763317,-0.019093666120316842,0.040003890052054694,0.017396344677948414,0.52,0.013786681616797768,0.0006520085025023548,-0.023325411629988173,0.02598783770083384,0.014484416757288553,0.97,0.014561140295441035,-0.023872202328619304,0.02691107652701854,0.015166434651485218,0.98,0.014161460515461795
198,7.570453415617351e-05,-0.026178162837625012,0.024506864376472225,0.015308392360651525,1.0,0.015298565216972223,-0.035713068867792554,0.03173265607822669,0.020878592938323563,1.0,0.018017228135911632,-0.014417184906579728,-0.05112985437159594,0.024868985562105858,0.021437272553248097,0.53,0.022468602871004804,-0.06027746066302919,0.034112040443347605,0.02859255954347653,0.56,0.02403370538690394
199,-0.0221893387320371,-0.03502344618839879,-0.006502541714704699,0.008221412960484212,0.04,0.011592336376065934,-0.03697106538522634,-0.005073359829567359,0.009051105410179505,0.06,0.01265965043835878,0.00018334072241010801,-0.02600455756063029,0.02277408890944064,0.013817015042136211,0.98,0.013784141100128504,-0.03186229404329488,0.027902085048863424,0.016246961299323317,0.99,0.015282696993223302
200,0.026746482048439546,0.012809264732841504,0.0368961252227364,0.006229860758030712,0.02,0.010330228826335759,0.012574143830104495,0.038532454797796364,0.0067211034183910666,0.02,0.010634627792554816,0.00999641634307391,-0.0047452607473727135,0.025183109229914756,0.007429273079452219,0.14,0.006884965950266741,-0.005045728988150876,0.025435660783959823,0.007572654131513541,0.11,0.00677991554599496
201,-0.0290809873353588,-0.04853912150293724,-0.008480219760690626,0.011593962207760418,0.09,0.017771010382033044,-0.051561800210349465,-0.00692680022243404,0.012870767352221594,0.13,0.018550139955785843,-0.02356855016512327,-0.051969804658963656,0.010423065290899688,0.017684661284311592,0.29,0.020506083948376243,-0.05730684149397902,0.01499228045748268,0.020378777402403615,0.28,0.02086264360977067
202,-0.00021660594402739264,-0.028249754437979432,0.025848445787174244,0.01661273029605861,1.0,0.01663490871684322,-0.03016022831219116,0.027856333104749442,0.01800928612126586,1.0,0.017140677807336472,0.0005210245183393525,-0.0297460985712699,0.02491610342653527,0.015813760087213344,0.99,0.015770238906065753,-0.031971918664062654,0.026095809952334376,0.016761063519323667,0.99,0.015878681885966865
203,0.005897745443541602,-0.004008842306728554,0.014774437638742284,0.005136111644375398,0.2,0.004828688457457068,-0.0052304378125056054,0.015249530835584398,0.0055059609086812265,0.2,0.004592903592779611,0.0009622323879634465,-0.01801813661461251,0.019937642605624355,0.009450797411198182,0.89,0.009500767077525524,-0.020793142872351254,0.02271886854597604,0.010820752616957028,0.89,0.009840129724028892
204,0.024804252758227285,0.013168507297240818,0.03813761734929115,0.007114106233329291,0.01,0.009389594695203195,0.010410486974166133,0.04152844677008716,0.00849415306613744,0.01,0.009394690259792256,0.011902701020991557,-0.004851848339767616,0.029749433042027727,0.009480036800991607,0.26,0.010581978670031252,-0.0077668450950631115,0.03335861368013506,0.01191564262517902,0.34,0.011527002214409231
205,-0.030110082446097586,-0.04824798382804616,-0.012496342566676692,0.009863581474972582,0.05,0.014513683770028263,-0.053678972197297045,-0.00692055051110714,0.01407393879772076,0.03,0.014145976529396231,-0.02081829872092733,-0.031019291555894002,-0.009637217488944486,0.005435258935631334,0.02,0.00926340251184157,-0.033298210066835796,-0.006757660124459268,0.00701700780725932,0.04,0.009818615224926575
207,0.0004888171497796634,-0.00927243222773532,0.012848827691198304,0.005671601017216736,0.94,0.005665907679210834,-0.011008215574745692,0.01563367781887366,0.006715056278449482,0.91,0.006286315333346441,-0.008752221695933926,-0.023755642375912784,0.0061703517364294115,0.008159681649605083,0.4,0.009359448431420789,-0.026990037256163644,0.010491523107082432,0.011191278074730237,0.43,0.010303422377772889
206,-0.013699793337957011,-0.03626755638166038,0.018430083083564905,0.015382857241920412,0.58,0.017862997904664966,-0.04351294723122949,0.02488550615731002,0.020325417867070702,0.66,0.020523594120019844,0.0030123002950226407,-0.011188461874143574,0.01656684447105254,0.007868493863720459,0.65,0.007822554173463277,-0.014049525790580247,0.018091273696235265,0.009917788132677163,0.73,0.008195122956673484
208,-0.009444863937530634,-0.021340632627698718,0.0001392862671751871,0.005459713293077219,0.1,0.005404063161396453,-0.025499672549453088,0.0037070357980099715,0.00798839456953546,0.14,0.0059419467961400315,0.011029965922610074,0.0015019832901716663,0.022111208847026907,0.005651020733378309,0.19,0.007892012309448231,-0.0005585313469801574,0.02344327053353532,0.006186727265505073,0.23,0.00809327387980563
211,-0.009058707932581456,-0.024483134013922925,0.006370279925889698,0.00903252457956833,0.36,0.008780287952194142,-0.024835689277602845,0.007572987745980517,0.009627348667063816,0.33,0.008172002925595572,-0.015075583262255776,-0.02464623314969709,-0.005116989299020918,0.005371559427455279,0.02,0.0063448659061905175,-0.025306779953437976,-0.005301993668704298,0.0056083808260171146,0.01,0.0061183299022123895
209,0.053965005741852146,0.03329675322006924,0.07584907782808803,0.011584037758977983,0.01,0.023346676688169123,0.0296470754545803,0.08076588365427052,0.013448245315422684,0.04,0.026440296417769946,0.05025910006343892,0.022980420114672037,0.07694396552845024,0.015883858692098705,0.01,0.021595016504909602,0.018139368351283297,0.08335048104113252,0.018903137317395735,0.02,0.022716241107873132
210,0.0014640167253050507,-0.024419263142818653,0.02702379420410885,0.015436557490606692,0.93,0.015472262120815965,-0.03708186263207129,0.04091675597835915,0.023468085936409575,0.95,0.019356935307506234,-0.0024590867715348352,-0.03534736790358321,0.03488159721149633,0.020449762711321484,0.93,0.020457625144586006,-0.05030091271411398,0.04709719024604762,0.03053804962168424,0.98,0.025683043213428815
212,-0.013804969262920963,-0.030418799870558275,-0.00046905224191698056,0.007628186753499941,0.21,0.01039038297417142,-0.0308990030886754,0.000404963569838962,0.007937061087368939,0.2,0.009981815003023963,-0.006720140049275791,-0.034571847554572474,0.019123992668831843,0.01588187461435768,0.67,0.015449788845228098,-0.039758202254987336,0.025800456917308298,0.019115147884587413,0.72,0.016793207688593423
213,0.023582986889289614,0.006176402517326138,0.03916386215467656,0.009024828968116806,0.05,0.013169634654770737,0.00034237186667334524,0.04668671995395703,0.013701250040804455,0.04,0.013175567640024454,0.023630979743471947,0.010855465434988033,0.03639645337335366,0.006986025987010012,0.01,0.008158978449035128,0.008469130337116097,0.037149465789996984,0.0076938061976391465,0.01,0.009807767159264914
214,-0.010360097232772425,-0.024678313495501446,0.007588556896517978,0.00844405181527435,0.3,0.009718841097461156,-0.025027715430039427,0.010588685986170042,0.010022002439425392,0.42,0.011307823005437988,-0.02956888694979032,-0.052899131956738094,-0.006165002671431143,0.013088203328593354,0.12,0.01756920074216624,-0.05515167596529476,-0.002914514417550737,0.01475301620091519,0.13,0.018814807902670365
215,0.029905347635099666,0.01945328240040589,0.04329101934962267,0.007038022723356598,0.01,0.01278484780119559,0.016765932053549197,0.045550053271562384,0.008489517434617178,0.04,0.014447837640137486,0.02736047379911888,0.01569736478962263,0.037962113800074346,0.005874378363097419,0.02,0.013664301739517107,0.01108601676527008,0.041617531904767885,0.008518993400729117,0.1,0.016393480145315543
216,-0.034937910297218266,-0.06023503976311737,-0.010894154588370689,0.012840851109926657,0.01,0.01539702013906827,-0.06489629052097338,-0.008238828993704851,0.01535659182490872,0.02,0.01606424149127579,-0.04732071532967108,-0.06635225815361898,-0.03252906757424419,0.009514451984330487,0.01,0.01786440674740575,-0.0747429498702779,-0.02533485183351894,0.012497119567385164,0.01,0.01874570573887169
217,-0.002091117225650585,-0.015639929433732866,0.014505770960344444,0.008298244818919538,0.82,0.008003540138353823,-0.01707347124646907,0.013672553739423554,0.00879510647549125,0.8,0.007951916700253489,0.011222911865202967,-0.017688164981733707,0.04000987697077578,0.015513371230020521,0.63,0.01789015812649075,-0.01899503649938543,0.0426358788435159,0.01583749610881036,0.6,0.018105930638837222
218,0.0188231813483295,0.004287654408525833,0.03397994140846365,0.007485221979309871,0.09,0.01062809312845803,0.0017590535997905402,0.03485876146596119,0.0081700381457168,0.08,0.009851748022810492,-0.0007152608985609987,-0.014060786616887982,0.010691312086039505,0.00699756303155103,0.85,0.006930778014055655,-0.015392057566863654,0.011783662416593944,0.007780487748630123,0.95,0.007367136835243742
219,0.016554452325870272,0.003690094972492019,0.02727159665165626,0.00667048048944973,0.07,0.007908083736103749,-1.2514975459641808e-05,0.03221474733414355,0.008767246525900626,0.08,0.00811398478757107,-0.004932330800545337,-0.011899545972074677,0.0018115957185343302,0.0040702623889660155,0.33,0.004665026205807538,-0.014341588829099283,0.0029023268774107883,0.005018934150048294,0.42,0.005272120507196358
220,0.02734625153661696,0.0054587396115046705,0.04949812653579739,0.012022720630071556,0.03,0.01332833184339608,-2.4440653463610185e-05,0.054346675384379886,0.015403779454418072,0.07,0.013501905811123358,0.02297069220574066,-0.0011787753017531363,0.04656309522620385,0.01283472910104857,0.03,0.011116038574156432,-0.005262389885537289,0.05329867614773942,0.016989427569093753,0.02,0.010755325616079432
221,-0.012618504294165334,-0.029628598362487678,0.0023034700605772014,0.008267562281945784,0.34,0.011419858284349592,-0.03200404931319753,0.004488402890794815,0.010041216545318307,0.4,0.013008319873664062,-0.013540154404387827,-0.03160532510431957,0.0071394447119420765,0.010590253685573136,0.33,0.012497731490687702,-0.03595087485945161,0.013687209959307986,0.0135149710969913,0.44,0.015335123171948862
222,0.008758017475461344,-0.028888434203687342,0.04229010257824832,0.018032502076796127,0.67,0.01767118848995537,-0.03383176691664689,0.04608636348600999,0.020220876230704427,0.7,0.01847975469960516,-0.003632769094356725,-0.029115642675643986,0.019377271852726703,0.012826808136990627,0.77,0.013373777368258573,-0.03232818269927708,0.02088238445395163,0.01439870301590727,0.8,0.014207134850804378
223,-0.016287217950222477,-0.041631135092159335,0.0051411714947911386,0.013768011394181823,0.36,0.01453531769732778,-0.04415002783736694,0.008023541188993379,0.015664274087805387,0.31,0.014365803388426279,-0.025824380979862838,-0.048701756830753506,-0.003821881252550473,0.012247519266110068,0.14,0.015410721081660741,-0.05252407437537112,-7.29033807898502e-05,0.014482214198200059,0.14,0.015089689969779455
224,-0.010433014725170331,-0.033174273890867176,0.013883777495165894,0.014624153493997304,0.52,0.014139566315238192,-0.03489082607581202,0.017802606048692514,0.015509618379185092,0.5,0.014391206713375331,-0.00027830548262652854,-0.024563753400879927,0.026984169853157033,0.013678887368437859,0.99,0.01366451420898792,-0.03264882222512875,0.036418767395027266,0.01984584890461715,1.0,0.01692708224364055
225,0.016691825847350295,-0.005551669226403266,0.04238506911101947,0.01271561445706451,0.27,0.014069376022995107,-0.010042582726826323,0.049122132261411794,0.016453181071745378,0.4,0.01613612168388244,0.010331870424431067,-0.013991262545938618,0.028795782544121407,0.01221204596163467,0.51,0.013382071270298234,-0.018665465389168412,0.03256707693544776,0.015427464271574591,0.62,0.015317734872141069
226,0.020009914099461845,0.0028633581513735074,0.035807280604258765,0.008877667792390275,0.02,0.00965018219436656,-0.001968970717216925,0.039611121697273294,0.010675933427791207,0.07,0.011455868207544021,-0.00012128823432355773,-0.021905080210441106,0.017920760109272873,0.011418439722298572,0.99,0.011442644174999898,-0.02761806922882912,0.020959653063923642,0.013703330149928156,0.99,0.012717353504000998
227,0.010274584146770849,-0.0055007993022972955,0.02772550341283448,0.009050683452800648,0.37,0.009960553997407176,-0.007545850366665219,0.02939170515938416,0.010435932694860784,0.37,0.010481224279005507,0.006163218627841083,-0.002319007782155146,0.01571581061227456,0.005305377354584565,0.44,0.006224610718706519,-0.005023389956061306,0.01816648761552364,0.006667039101116923,0.5,0.006864479002280943
228,-0.0062832945775266325,-0.020527710395375598,0.007136127442439164,0.007648873931181202,0.41,0.008082907130083791,-0.018722375557654033,0.007613405322589806,0.00759361533500659,0.42,0.008224595030256927,-0.006047655745566871,-0.027033915864082346,0.016112223648758972,0.012617998976734369,0.71,0.012199003331702553,-0.027649224498078606,0.016103234682135342,0.012424713911069897,0.63,0.011130398145428556
229,0.004902367957245524,-0.015739430783062013,0.02827660060389081,0.012160441576432075,0.72,0.012655000321353447,-0.018459519045428856,0.0326414005415268,0.014228456516640123,0.78,0.01314307085433512,0.002515350131782945,-0.02745801288946583,0.025373919177312576,0.015686244435585688,0.88,0.016280671395301465,-0.028982824894963462,0.027972089458656587,0.017057803002621948,0.94,0.016489143281997166
230,0.02291983740862591,0.005786376512704819,0.043529274652926365,0.01080511554494555,0.08,0.012852049414330113,0.0036776075445776463,0.044443827583394394,0.01114139864437577,0.07,0.012693848859275889,0.028188842694298444,0.013618437301203733,0.04108350831290779,0.008007015216916765,0.02,0.012401768996582706,0.008202275399499477,0.043809719012132174,0.009925294791027115,0.02,0.012036600528334005
231,0.020274977045393605,0.0032509827802978744,0.03715116214738536,0.00878629440941756,0.06,0.011243295801173893,0.000649342593868063,0.038665246573596025,0.009984584361767612,0.09,0.011853651444551291,0.026480391208546727,0.0005967621708049681,0.04872595474983603,0.01279527682611824,0.02,0.01221098514937026,-0.005876399707245954,0.054482904936819176,0.016810235278082702,0.05,0.012815130871825387
232,0.017543398840256685,-0.0036090818508910105,0.03943173652982703,0.01270946909416427,0.4,0.016574395841659473,-0.00785227584677406,0.045506014755930434,0.015338462951298037,0.32,0.015622196977659864,0.029095872230492148,-0.006992790125481457,0.06252734954331854,0.019418680380638636,0.15,0.018592998345972053,-0.013803161704756609,0.07042749865998767,0.024483529395140237,0.14,0.019175174493478626
235,0.005034939917147874,-0.01773983118096085,0.02772887109198411,0.011877242945102106,0.7,0.012419754440381873,-0.020002427369092586,0.0319511647597367,0.013080619579620046,0.8,0.012682517256016138,-0.011653885602952663,-0.0253342052466349,0.00735464219145494,0.009415279827285043,0.29,0.010869842111579878,-0.029501697214680878,0.011738130285613747,0.011873936544098592,0.32,0.01174112235488517
234,-0.01531328123675646,-0.04047932876815036,0.00985248678884769,0.014823561309819254,0.45,0.01700461260488619,-0.0436492903035003,0.015181641356026884,0.01666806957008729,0.5,0.017752524222268792,0.0024318120013031574,-0.046468889810583655,0.054167642933438113,0.028434625167222605,0.92,0.028303636550971366,-0.049756016608341495,0.05941857688612008,0.030917642235009233,0.93,0.029395972317185333
233,-0.005110279359407777,-0.038605779477120086,0.02438000084013385,0.01906861280798659,0.88,0.01966857215283349,-0.04234341450416034,0.029583201852504924,0.02076223767308649,0.87,0.020628644956404308,0.0008699521464095028,-0.01769852003245326,0.020448844503922634,0.010460580884435133,0.95,0.010469880624656794,-0.01922335467183167,0.02247950416470092,0.011442784296699426,0.93,0.010443039642580879
236,-0.012272233290762102,-0.04889130366434785,0.020728354642436345,0.019167489431651523,0.6,0.018046369329678305,-0.05796971633046372,0.029165487862703357,0.02467282094530534,0.6,0.019592509202654897,-0.024339018717265404,-0.045009774607063145,-0.0016811801735045623,0.010759693970642074,0.06,0.014429958603571215,-0.05417368703160021,0.006199757811087461,0.01603539951085069,0.1,0.015099140088511018
237,0.01744898410174134,0.003239864717682381,0.03318916992515697,0.007206889211974862,0.04,0.008625979491575581,0.0015864222989304122,0.03453052660434043,0.008089577970515887,0.08,0.009044856679117093,0.019984425564794073,0.007889613029306915,0.02982281557523554,0.0062328625559635266,0.06,0.009660526348953436,0.006012667619976195,0.0330842860424247,0.007342102290746341,0.09,0.0108668175996834
238,-0.009559806531624915,-0.04622139547606574,0.024998494922176873,0.019454321470600694,0.68,0.019190611353785778,-0.04997085598259705,0.028276643396206273,0.021094400154527883,0.69,0.01953227804252969,-0.009042124416051678,-0.029071253195787423,0.011135253034384986,0.011742811403610387,0.47,0.011920886107450285,-0.031204277803941992,0.012636632554748048,0.012612626246581948,0.52,0.01214196757150195
239,0.026769235288742976,-0.004232909872678901,0.058800023381082096,0.018363785121617324,0.16,0.018750355021996765,-0.00963172085408183,0.06836800436552806,0.022516661522912953,0.2,0.01963481700040124,0.011799234164321604,-0.028176232522420276,0.04400548648133981,0.022537680194478195,0.66,0.022016363690928725,-0.03896267486224371,0.05546740512968764,0.02973262238260981,0.7,0.024778233805583645
240,0.001519179663184822,-0.02483094935651339,0.020907437322446484,0.011691530015663056,0.9,0.011634597323530858,-0.03252104893505349,0.030915939205620857,0.016630401900564834,0.93,0.014193444695907326,-0.019189703479207232,-0.03659730516213973,-0.000997214178010089,0.008592382448953703,0.04,0.009120447522246658,-0.04218988377242368,0.002263965396756752,0.012380933189382545,0.04,0.009098547673109626
241,-0.010158688554168904,-0.03328313279467787,0.009157819864149895,0.011253901206913676,0.34,0.012008612091524033,-0.035261489826827745,0.010261596637703402,0.01237795661964786,0.42,0.012774566153916029,-0.028803065254273008,-0.05266504802179502,-0.010916330314007898,0.012001269029176418,0.13,0.018930720440121288,-0.0534771061561174,-0.009664286972161748,0.013150054555321202,0.16,0.019413928036727316
242,0.0032671909328385595,-0.027892848368424684,0.02737131956803318,0.015228342820089039,0.81,0.016282082541170174,-0.030838695621230976,0.0304914485268398,0.018096344172192223,0.8,0.017229493328838028,0.00768499391911881,-0.029728825406952007,0.03525058270209151,0.01652186163580244,0.66,0.017753977825426648,-0.039473838008029664,0.04696481916367574,0.023406090332986067,0.8,0.021979476985924767
243,-0.023411604777924033,-0.04346552648244053,-0.0024557821532475155,0.010804045138217443,0.03,0.012180339920841486,-0.04807302655456781,0.0015285667018605648,0.013202069198920183,0.07,0.012695566805329328,-0.026095417417651312,-0.03730503553470603,-0.015711155233467444,0.00551602392876169,0.01,0.009319629368946617,-0.03851989027460942,-0.013583119866513282,0.006422349876169416,0.01,0.009454023647719668
244,0.0277717927300829,0.012363423700303681,0.04082904690878286,0.00756217139552202,0.02,0.010907890505688996,0.009259448022432622,0.04293130143737378,0.009580304788335482,0.02,0.011942393578261426,0.017527315623167006,0.0027345563384976457,0.030297287532914118,0.007920583287765725,0.01,0.007366734128845851,0.0018771282382397114,0.032178008832164554,0.008873555817802551,0.04,0.008958123791063508
246,0.024684237390654395,0.006138805410644821,0.04257472986170745,0.011320938583514049,0.14,0.01531931021589362,0.005879250008056405,0.04181278132351762,0.0105258931516802,0.14,0.016269726081323696,0.03484349098226147,0.008042059138617046,0.06363529728962777,0.015234594205179008,0.06,0.02040392223845693,0.002675875399499275,0.06667957504521564,0.01760365974019088,0.07,0.021097016624984234
245,0.0020061881532384973,-0.025474112699412237,0.029628290158456045,0.015022034129969044,0.88,0.014732580724340617,-0.03343020941706154,0.03430099897295577,0.017295834220335843,0.89,0.015746071687699696,0.0021700067254881716,-0.027929656353960247,0.026301035138227256,0.014719700103524939,0.9,0.014417522209651952,-0.030601151864830665,0.026032930536381026,0.015031118882753795,0.87,0.014252957110633277
248,0.003936025990604719,-0.026962236362188863,0.029530626952625115,0.016687668352804906,0.89,0.01660886924685335,-0.028018940744492925,0.030974120594808863,0.01768086849839481,0.89,0.016568237663128992,0.006144706535541999,-0.014517355824401168,0.02977413129397739,0.011446233812132252,0.71,0.011435640559475803,-0.016100914866386474,0.032887110960005336,0.012820991486067506,0.71,0.01134010186759326
247,-0.009859254079461088,-0.032438741144174665,0.016610049586452957,0.013092961520128633,0.41,0.012184045496487245,-0.035171273871738636,0.019572334758332935,0.014845704890281097,0.43,0.011991913614904702,-0.02327511039130492,-0.04416799250294221,0.00016382868072364193,0.011945903183375009,0.08,0.012581749787518814,-0.04841696164866334,0.0060648769938799404,0.01447130872228065,0.08,0.012847662352756998
249,0.021408561310593655,0.003344185153708823,0.046372578703338524,0.011045233492440945,0.11,0.012533073433768527,-0.003066449179777872,0.052766540205979096,0.016080070050296283,0.13,0.013984842787794365,0.02999951842896742,0.01688522139889051,0.04374179364975035,0.007878871108867383,0.03,0.011200451990837003,0.014304736825752347,0.0476023426001968,0.008876612369682967,0.02,0.011881997448427323
250,0.029007491006611374,-0.0011061364007108193,0.05727795574934884,0.015119450221424425,0.08,0.01787004097213064,-0.004446797112042988,0.059917329665734174,0.018164509086241554,0.11,0.019278396432341523,0.009205197701224854,-0.01917835966993659,0.035950199914739175,0.015476598649085392,0.56,0.014335816851424498,-0.024788790939361767,0.03953325474888837,0.017669701229495866,0.62,0.01471841795176841
251,-0.014605508885077612,-0.049452965894076106,0.0205848249642226,0.018422563913786674,0.53,0.01977282982464296,-0.05300236948854872,0.02280318023979957,0.020150783839661443,0.54,0.020155159816745753,-0.007094218100778704,-0.035465409460939366,0.01663641929082291,0.013675536898375765,0.61,0.013097621155471752,-0.03995715793250585,0.02239535548168474,0.01730229462911121,0.59,0.014247879469116115
252,0.012730556985909303,-0.0070416106529772385,0.035834123953571814,0.011116131846879792,0.36,0.013078005302513315,-0.0089099483249305,0.03709572793944451,0.012166020960008487,0.34,0.01329118876750181,0.003239331881422558,-0.01598755906334128,0.020352651487769564,0.010903155036511396,0.87,0.010630106617459662,-0.01696260832377163,0.024396410854706868,0.012071326625909252,0.9,0.010962009592067555
253,0.003895912346655983,-0.00859029658014383,0.014137935156934133,0.005624071892208247,0.5,0.005877874605344671,-0.009931802388195486,0.017759161210002136,0.00766408328488267,0.59,0.006937585223857763,0.02868422639332291,0.009631441394110367,0.04943581247312547,0.011755559337336583,0.02,0.011283931078866051,0.009383054051538234,0.047944285500097855,0.011626412732902462,0.02,0.012453651982632154
255,0.013286637050678785,-0.018688713467037307,0.036520847471860574,0.015001697297711902,0.41,0.014312811253337271,-0.02878390636719276,0.04474114015267494,0.02095904998603181,0.56,0.017781970832203738,0.001364142126439205,-0.01908890363399663,0.021934078990770666,0.010788410251828468,0.86,0.010861342439267237,-0.022750329452874342,0.0259904805353516,0.012712634549051065,0.95,0.011771135519380506
254,0.01423443006487446,-0.021634933431981092,0.04571264952091515,0.018663436229958905,0.37,0.014410715635361636,-0.028931726759211317,0.05515159348756367,0.02517066958816411,0.39,0.015057561777143897,-0.003598281693980354,-0.03621988262074706,0.030337218804545867,0.019873746285977975,0.92,0.02037284180340027,-0.04633311799812647,0.042400499178930136,0.02873148334054838,0.95,0.024837881340657487
256,0.0026645704683687654,-0.010425860017545661,0.014516265025951824,0.007766404446125354,0.85,0.0076532663485532615,-0.011038545960595055,0.014149411763263542,0.007758203465186082,0.86,0.007367208750492381,0.012252151266386235,-0.002448912259839807,0.027135506867652516,0.007906227786091456,0.16,0.008104614542615855,-0.0021150043908985776,0.02746538758030983,0.00847560704625345,0.19,0.008731922075779745
257,-0.022715517609721125,-0.050586949974002274,0.01001395055809011,0.016513270860068298,0.16,0.01567175935851159,-0.05437010826245574,0.013900954520154496,0.019940733835968835,0.18,0.015786245266513742,-0.004914340258654448,-0.024331255950579854,0.01727939959680933,0.011231212776156305,0.71,0.011152050132279429,-0.02657586496977915,0.018645108679179408,0.012391330012836661,0.71,0.011431301277491125
258,0.010583925492872126,-0.01554613004519595,0.03125499748756355,0.014660221305050715,0.64,0.015286444673800848,-0.020530574309515076,0.03670948353632508,0.018609513887244716,0.69,0.017954867749022826,0.015845256514577244,-0.007910383337961943,0.03733693748338331,0.01096352103353052,0.16,0.010860365605775822,-0.011395839127542245,0.04097296835601254,0.013161580519666562,0.19,0.011973086114187027
259,-0.008966417813116578,-0.040127803875386545,0.024570730449549626,0.0200313357340099,0.83,0.02106928757089202,-0.051220724327472086,0.04304294137860935,0.030133137896621462,0.87,0.027506122344550295,-0.007548803701691753,-0.02847973228140486,0.013953897295682836,0.012474345352861224,0.72,0.013616358727989568,-0.04115634979017346,0.02457311332688658,0.020824991208227887,0.92,0.01900550044536213
260,0.024796261457300517,0.007190152287226373,0.043286071076869166,0.010179795710129398,0.04,0.012120452275399117,0.002418499504352578,0.04687181573952279,0.012468880605937314,0.07,0.014024500862610645,0.025517599680655145,0.017892331808418135,0.033450526967525776,0.004619285622839874,0.01,0.011564028324266054,0.014275963829826079,0.036992027651081914,0.007494169008203842,0.04,0.014514434131003985
261,-0.03132377809414155,-0.04675619295437596,-0.014318244931910008,0.009055233131543057,0.05,0.017608986983723773,-0.05171223431643317,-0.010324643481462649,0.0116974907685797,0.15,0.021038330626726567,-0.006833405697405759,-0.029791595625477996,0.013982241280691456,0.011748356501533278,0.59,0.0123443784623642,-0.035603187015204124,0.016416375163795877,0.014199737731082756,0.66,0.013570256041275031
262,0.0011243721027192066,-0.020319409366175153,0.02282505740048366,0.01176918650127564,0.86,0.01190601834939346,-0.025257121167655765,0.026012619092742193,0.013600890280047389,0.94,0.01210871125552383,-0.01483671339773096,-0.04112481035640831,0.013951803198436648,0.014447089969232536,0.37,0.014556212527039623,-0.04896756243274716,0.023002922896512908,0.019273952813196167,0.44,0.01615789028128428
264,-0.007183482253679152,-0.026947525536124582,0.009937178224961672,0.010501321464177626,0.58,0.0111115827530363,-0.030223223284386112,0.014539103035284648,0.012960896326561765,0.56,0.012041409262187176,-0.02373381826496246,-0.047394055381418845,-0.0036750021198210803,0.0115088232376858,0.08,0.012595737835838033,-0.054109077777424505,0.0016137883177148385,0.014227632695935247,0.14,0.014251794012400282
263,0.024456731585485336,0.014650678009603312,0.034354724118442315,0.00521313864629875,0.02,0.009879999024857167,0.012631335516798847,0.035411461061757604,0.005893424359946761,0.03,0.010685708045086301,-0.003281613558932861,-0.016054325679030507,0.01121781912597486,0.0072381829028590645,0.63,0.007186050309546389,-0.019749521883461615,0.012889437108093826,0.007955985747051595,0.67,0.00833026903881376
266,-0.011024157183023853,-0.03203642348132538,0.008667982429469267,0.011111786869204486,0.44,0.011658133222965892,-0.03513853943074432,0.012112203615788311,0.01264795013638918,0.41,0.012193311608833152,-0.00990191480335234,-0.028406815845125343,0.009084044898653817,0.010131921499894475,0.45,0.011716383162957809,-0.028780001030737343,0.009175923651377003,0.010674351876950372,0.48,0.01160950929146574
265,-0.0069839533922007035,-0.028771779911106632,0.016695206342449476,0.012557111505391218,0.59,0.013284751372589762,-0.02973933455366575,0.02037372169025406,0.012717224545141362,0.54,0.012762954210840323,-0.02618404693955423,-0.04842674969245504,-0.003693918464164593,0.012121372981996559,0.08,0.014876965235520446,-0.053697125912948306,-0.0016872446688598816,0.013740005600734833,0.1,0.016257621097170695
268,-0.031107382674742112,-0.04670774188308501,-0.01848991146921084,0.00793463925038021,0.01,0.015482925567989471,-0.04860979755239393,-0.016103542859640066,0.008897405559014826,0.05,0.01663131843348913,-0.026285285242284573,-0.04617724017951148,-0.009679307817193776,0.009878897714946438,0.01,0.00969027130751382,-0.04610978502625297,-0.0065493084502673896,0.010868107306216897,0.02,0.010045572047646128
267,0.015166427472426136,-0.03181612344470017,0.0524278563836936,0.022749198925248734,0.61,0.02327008191658513,-0.04878706122655942,0.06297366811312677,0.03403898516691953,0.77,0.02915364987733869,0.018209903205401723,-0.026104192517540675,0.059074388505313234,0.02174103404848516,0.48,0.024231260208123162,-0.04033249045264385,0.0740587545314142,0.03189139694307248,0.58,0.029575632309994434
270,-0.004098083820406551,-0.020327706072921094,0.013878486081229543,0.009673517596304065,0.73,0.010352610740125077,-0.021795578435115055,0.0164628788056111,0.01097213757628889,0.73,0.01040188893670899,0.012162320064259546,-0.0022244649271852823,0.027166180020349495,0.00896259602051947,0.21,0.009390285085843988,-0.003924480287054916,0.029169479240410776,0.010365488633845706,0.24,0.009811334543733272
269,0.011595859289822208,-0.017946687243872224,0.03565082946548741,0.015211210946179632,0.53,0.01622262366759612,-0.019941725529983544,0.0370959772379599,0.015876677905745498,0.54,0.016621643233604988,0.019658032149516558,0.004851457504660761,0.032431188674146405,0.007650198492282137,0.02,0.00975198873201521,0.001954536476190996,0.03638976111892651,0.009035093937240042,0.02,0.009711754692008866
271,0.011067664221702245,-0.014161948375636287,0.031813299685291736,0.013478523961199014,0.59,0.015892188822798956,-0.017602506912044236,0.03376823982714905,0.015527642786395143,0.6,0.017081289934457667,-0.010423399253458143,-0.033254440640389585,0.01624229473914949,0.013652873155528867,0.49,0.01332418706058463,-0.04379640042711652,0.025112225374033056,0.018654796163336162,0.53,0.015261308723429663
272,-0.02797683094169212,-0.0442941829060119,-0.013561922846972906,0.008573058932810016,0.05,0.012942455086621884,-0.04548966677360817,-0.011325660263551952,0.009435140794574352,0.06,0.01375867566964138,-0.031107445866994432,-0.049056045581320394,-0.014129278102333928,0.009610460020054286,0.06,0.018011185189523635,-0.05271113250687787,-0.010577606929338755,0.012188651460106803,0.13,0.020970405731480356
273,-0.009078651317811826,-0.024905863302126807,0.006489946142676527,0.009008454723136331,0.39,0.010483308616198839,-0.02856725279540271,0.010498574954410953,0.011409268069916446,0.49,0.01182468368729932,-0.0014880037835842685,-0.030363483726571695,0.023452925096881436,0.014854965579030802,0.88,0.015074399761302636,-0.03989199686518412,0.03347946270298476,0.02129740820052212,0.95,0.018103774250103507
274,-0.019749237528063013,-0.0345212072408172,-0.007043031177298251,0.007903935345089713,0.11,0.011014467345331088,-0.04347650724564711,0.004560109337976924,0.013241322633188392,0.22,0.0147162660433662,-0.012783576987846601,-0.027342747001435085,0.002200220623760348,0.008238801226236058,0.11,0.007439597968265052,-0.029816116995025906,0.004148172752497681,0.009006912823647958,0.12,0.007712125037354322
275,0.002924718606247545,-0.01700346097951226,0.022931357225010225,0.010418065821716149,0.85,0.01057233392404865,-0.018876890575112437,0.02447998849636374,0.011039129887839626,0.79,0.010586542889239499,0.016407280955670345,-0.009525573470606695,0.038071222291307855,0.013773109260843859,0.32,0.01594096385721091,-0.012656605069589759,0.039738551526642005,0.015056301821786626,0.32,0.016773606802346075
276,-0.01782355105174549,-0.03594086019430151,-0.0010175760918069779,0.00936549875664141,0.06,0.009845292075452062,-0.03691918147432198,-0.0004908665379538477,0.010085779767978418,0.08,0.01038738302906504,-0.0025106527464817674,-0.017621221853366585,0.01275390640757932,0.008903990680368715,0.72,0.008674577051939802,-0.01715854368638916,0.011754352334947836,0.00873590987148225,0.8,0.008139867072981118
277,-0.01915512586132717,-0.04218938714900737,-0.0010165773171226383,0.010613839594397436,0.19,0.01471123193652258,-0.04596418154451318,0.004616887438782226,0.013915371256562264,0.19,0.014972160839325711,-0.01627773834701962,-0.05359565887918846,0.020111696814402925,0.019961997814824595,0.45,0.021149381814066094,-0.06591466261588111,0.03055699606411766,0.02604161923181501,0.47,0.023072770712888102
278,0.027824273715181924,-0.0013542116363957774,0.053138198769958976,0.015319462567767882,0.2,0.019972233476582266,-0.00790592841120849,0.06128291195451316,0.02055568849420527,0.28,0.023019880186434093,-0.003042132043420409,-0.02916980681473617,0.018541774171436338,0.013373104344970611,0.81,0.013878820798278875,-0.03391196583147868,0.026859002706457587,0.016551411220843533,0.87,0.015596404628311418
279,0.006964320767178123,-0.01263143512177817,0.02324420062810826,0.009873378148039591,0.56,0.01151797748382346,-0.01560873365808817,0.026461822064966875,0.011688065431335621,0.57,0.01241199960288036,-0.015821617682208355,-0.03865723487258861,0.005347721269462501,0.013162171703664176,0.25,0.012548168789747358,-0.039774685135804864,0.006879902819415078,0.01451532211432006,0.29,0.013474883190945941
280,-0.004607366311493166,-0.039730244888437655,0.02883828446958976,0.0181393122881826,0.84,0.01809129718021665,-0.0444138056884265,0.03638426043598874,0.022136184161772904,0.84,0.019795006751855596,-0.008918045168907263,-0.03747421879613601,0.022406994435003956,0.016820014836132626,0.66,0.016990435342940757,-0.04563029530011753,0.030611162100586807,0.022583887284525483,0.64,0.01927139257821065
281,-0.0012906997748416416,-0.014049955310167306,0.013426657580584499,0.00812154883482576,0.88,0.008156840481139621,-0.016723978247363686,0.019109119334741326,0.009377189183776205,0.86,0.008523124770316035,0.0005979875733501672,-0.020931346274520687,0.025581341438920102,0.012480993712993564,1.0,0.01248500935882235,-0.02252498393703423,0.027181259650280065,0.012907388775358613,0.94,0.011944003778059513
282,-0.013487957822680308,-0.04959014711795401,0.022245353398117597,0.022438001691778328,0.59,0.020366830198321004,-0.06095367344207729,0.03519786766920236,0.03145188811538629,0.65,0.023699817351996496,-0.008679765985580623,-0.04703260090180822,0.03238875391641093,0.02293811660595303,0.8,0.021108631714354228,-0.056207767936324905,0.04095992844357656,0.030070156191730098,0.86,0.022433288698199275
284,0.002165634893409596,-0.026783775091335338,0.031737106115975466,0.015834599629661796,0.85,0.016073705066139858,-0.03597033316823189,0.03755102840482909,0.02039957501874265,0.91,0.017375224591240638,-0.00031133985934861386,-0.034489195333516375,0.03726280158224462,0.01857198547120659,0.99,0.018553888096981802,-0.04122510793119418,0.04411202308870385,0.023251328345106567,1.0,0.020892078223500844
283,0.0019579070538755516,-0.02966040733642069,0.03304233208405365,0.018162911648460803,0.95,0.018529377046138457,-0.03931975783311929,0.04089103719689832,0.023030367190979686,0.95,0.020832262273839185,-0.0001665582730039361,-0.03399197612182059,0.02610819227453018,0.015518669699237667,1.0,0.01550103319671198,-0.038460781921535146,0.031090907505201708,0.01818625882798208,0.99,0.01658589626831845
285,0.004792619977443735,-0.0033503062255196593,0.01461821631386697,0.005106782516399674,0.38,0.005309808280074812,-0.005179357661238225,0.01574921479651681,0.0056263149100007825,0.41,0.005566768631178444,0.0005200499824473681,-0.011539972810570507,0.012898978575427609,0.007093416703863728,0.95,0.0071452106650479906,-0.01402674098590135,0.014322914247879657,0.008377322159902325,0.97,0.007711775985806188
286,-0.029723973515343616,-0.051385714549981684,-0.010013726047917969,0.011333579183404665,0.03,0.012790484360577494,-0.056434360929909735,-0.0029245722336605634,0.014312716796625234,0.03,0.013168116854151877,-0.004263386058096508,-0.02596185830258326,0.016843683400176435,0.011513134198120304,0.66,0.010672353177372421,-0.02775376206011901,0.017989136525310156,0.012400144028754482,0.74,0.010988635862277964
287,-0.002014030425134372,-0.046466095848969456,0.03433634145818679,0.02191204624371551,0.88,0.0221427127560719,-0.05249739136116282,0.03754711420996308,0.02384713368381343,0.93,0.023058160996338627,-0.005021475055959179,-0.02926749150297002,0.015723201514640545,0.012041571270273525,0.73,0.01241558963778097,-0.029616668254010117,0.015059200873889532,0.012021987570209574,0.67,0.011104224664994848
289,-0.024156194354840288,-0.039309270776181106,-0.008292503614559396,0.008557158806402657,0.03,0.012032418748910374,-0.0428907108339565,-0.005793712677592391,0.009701271330064605,0.04,0.012531067586270497,-0.02336165840750226,-0.03711975726647258,-0.008755641193308648,0.007917637317601917,0.03,0.009239280629341888,-0.038244214526760474,-0.007415857284099214,0.008615608976548172,0.03,0.00985036887737207
288,-0.012584402104879544,-0.030731212494209136,0.005988626949367675,0.00963139284647017,0.18,0.009091849871417895,-0.03273714805573884,0.007097090202528279,0.010344829719049611,0.27,0.01014561283377498,-0.012294628987212342,-0.03719959181059922,0.01678083403652568,0.013309483960156375,0.33,0.013920846687287115,-0.041850351171296235,0.018275293063878713,0.014836684578263874,0.41,0.014917075366605836
290,0.013663645811546665,-0.015461411999304613,0.03817807904019785,0.015234155163564134,0.45,0.017754031529760256,-0.022816966904524304,0.04536897976835448,0.019554447091389454,0.54,0.02048123535089059,-0.006253086141816411,-0.031380620445415626,0.023078080866886543,0.015143101608319139,0.74,0.013975859471275075,-0.039302766846928655,0.03011311265179048,0.019426766426924303,0.76,0.014800367190083891
291,-0.018075734476265204,-0.031624188699716796,-0.0062723425149953105,0.007021723771738587,0.04,0.010514167404347453,-0.034528043540981955,-0.0031994961325909205,0.008893570518868263,0.04,0.01038023847125354,-0.020098531419840526,-0.03691334141688793,-0.0029678906229472918,0.009868668469268135,0.19,0.01353366660719311,-0.0397418943479404,0.00013624713393110138,0.011407191245934681,0.24,0.015741171568426304
293,0.015527929251449635,-0.027970850828500766,0.0556731928228491,0.025016144378818415,0.55,0.022779448504127723,-0.03958446746034579,0.06676686227371853,0.029548923707739407,0.55,0.02445216377801441,0.012553192110901001,-0.005841102574170427,0.029528492268097128,0.010177594224695868,0.16,0.009847850185418264,-0.01015230138922351,0.034093682341647336,0.013016030252004965,0.15,0.009634259157413366
292,0.03910089618261292,0.024929394283964124,0.054021804021119293,0.007875515028885914,0.02,0.016964502635300485,0.024065482059210337,0.055524777976475946,0.008943265899936473,0.04,0.01731574058121862,0.030145051468673856,0.015526018415743081,0.045544443692800265,0.00881773716634091,0.04,0.015186711785001613,0.011281229007352025,0.050521481158073506,0.010188867523879765,0.09,0.01706830131227723
294,0.006248053140914145,-0.017497399493653497,0.027230019227290424,0.012710405787935634,0.67,0.013102005943920395,-0.02019875273734146,0.029512515655307058,0.013813758477174918,0.65,0.013642613464867285,-0.0021655037509695774,-0.020534297487439665,0.014626670113847638,0.009986526349059532,0.88,0.009961132862807922,-0.025182311332019,0.0185058902217178,0.012031607704472867,0.88,0.010586909941443136
295,0.0009907886964635182,-0.014706067714672373,0.01841338725759378,0.009114207271597613,0.87,0.009063327628018711,-0.019907694704156053,0.023187779114142597,0.01255616756602237,0.95,0.01085863296661436,0.0016440795998589053,-0.019127546500951408,0.020360380910760242,0.011400737780653376,0.91,0.011203762286562084,-0.027843671878455326,0.032694658510012874,0.017637729312683603,0.93,0.013784239455835168
296,-0.0061461041619326195,-0.04113371989908353,0.027160494810281086,0.017432114470380334,0.68,0.017126548454131637,-0.05018881732916752,0.036665593642260706,0.022769308741571345,0.76,0.019272091332967495,-0.004879677552135142,-0.021112829675468302,0.01586207214962809,0.009712667671876493,0.59,0.00948770331586806,-0.02608501490806456,0.023378619421826265,0.01465766771566204,0.7,0.011274436369024313
297,0.030712400013748642,0.01936238342155381,0.04246286990849875,0.006503503814937541,0.05,0.01579551323929676,0.013069389172276805,0.04729258877765323,0.008982416802244587,0.06,0.017166629347657898,0.022987764142849976,-0.0034829312906222917,0.055555900077159354,0.01595965101449643,0.27,0.020625565102797026,-0.010296722225618102,0.06377380606829534,0.02115792187456361,0.43,0.024389529060198537
299,0.018550859596462743,-0.004355057388989933,0.039918350414192574,0.011993068761171385,0.27,0.015646591055424795,-0.008382724427571993,0.04246174361524403,0.013652799710408394,0.27,0.015822755828297844,0.013207097867053541,-0.024055133350548798,0.04388480690614749,0.017513838979481937,0.43,0.017394510216293717,-0.027471223571413572,0.04958240822958557,0.019266318409410364,0.42,0.018391961552077347
298,0.008291197973196773,-0.006285966625153922,0.021358071638431574,0.007212801112591943,0.39,0.008686115037219591,-0.009333743630507606,0.025851842370023758,0.009842244870584715,0.44,0.009789378102347776,0.014282864606545154,-0.006052567614241153,0.032041219832620274,0.010307592621374512,0.28,0.01179153363250347,-0.005608240602727521,0.03227559007570408,0.01073212230637071,0.32,0.012415960759918278
301,0.006765605947122388,-0.016361665228957635,0.024837422129688404,0.00930115936861763,0.54,0.01015763557756173,-0.020277012657650577,0.02729821288066908,0.010944728705019578,0.53,0.010988381602382495,0.002154819602610658,-0.020560741924294884,0.019833934633515102,0.01206925697966639,0.89,0.012308816046966105,-0.02511977051283969,0.027008006341705214,0.014931327232737355,0.91,0.01347781328710016
300,0.021673583279008035,-0.0005528346532929843,0.04288656243317686,0.011598198467297276,0.14,0.014411650978647796,-0.0024692904406018873,0.048147894211567,0.014215938921216973,0.17,0.016644939617004167,0.019819093727013737,-1.5240832838298024e-05,0.041731917039652844,0.01148161454208994,0.18,0.014428943216900659,-0.003814848469384069,0.04506330214800531,0.012889774142304038,0.2,0.014453241937332066
302,-0.03555588757499617,-0.05059077958109439,-0.016987197278182674,0.009107657981800748,0.04,0.01698602308051443,-0.053898053989442474,-0.011918718811876387,0.011351689455645336,0.04,0.019175847859822532,-0.017754991271387688,-0.05763666543729036,0.016374448850099588,0.02302111020302882,0.49,0.021339436978277497,-0.05932624235330594,0.017034469404353506,0.023988389798290276,0.5,0.021110212757768733
303,0.008498070126085722,-0.01699225293812287,0.031890761864697435,0.013082904148433288,0.5,0.013896476403682329,-0.025821388658811402,0.040790156801936074,0.01857042929858581,0.59,0.016981381738833894,0.006650855041987036,-0.010490020143446844,0.021805952167587916,0.008429901670571106,0.54,0.009329072648533287,-0.013823336868039247,0.0244307986410075,0.010924395195727276,0.64,0.010868224166317168
304,0.0075350394088395944,-0.019250100192140386,0.042506143113599876,0.017602379082590106,0.71,0.01784407891447454,-0.026278030951894224,0.049817811506017,0.02150404312740356,0.77,0.019694332692040434,0.021746165907482684,0.0022094835915884153,0.0395016029397503,0.009148492577568742,0.03,0.011674021552006192,-0.0021545368790407693,0.04272530619468515,0.011884196755944045,0.14,0.015017689939992904
305,-0.01412818676774652,-0.05343633930415981,0.02456061486481529,0.0195709928022179,0.61,0.02076619583801311,-0.05729245744400783,0.02858318939917663,0.02164074704224953,0.63,0.02195886153264557,0.011209767411430427,-0.019231854375423386,0.03961809465222754,0.01717438656149863,0.63,0.018099247513158973,-0.026102770325111407,0.04347703471008715,0.02028276133254105,0.64,0.019352953709039517
307,0.011574727066424373,-0.0028405319580671017,0.024893937210198912,0.0071974331297431655,0.19,0.008286267439304686,-0.00440642103037496,0.027051962699089882,0.007877093222948977,0.2,0.008203045120153449,0.0135526372774315,0.001222679174576146,0.0274465377811798,0.007237431916376221,0.07,0.007932072313518546,-0.0003981053912821761,0.028290581339058374,0.00779501004903894,0.09,0.008052931392715195
306,-0.0019420902640083781,-0.02520635051301565,0.02038859663187895,0.012222468629217687,0.8,0.012084885095923946,-0.027732372305945805,0.022168287249378377,0.013578886787968057,0.87,0.01272613321936179,0.011870683178958785,-0.01014956379952689,0.037705689157370596,0.01379554927462407,0.49,0.01567984322386553,-0.015408115717866794,0.04196981474925243,0.0168159107736081,0.57,0.017318963094160825
308,0.0013748779772244646,-0.010019579346612639,0.013340124974471786,0.006772460114962864,0.89,0.006692738666198675,-0.012204695618019689,0.015257710573871151,0.008022285556694774,0.88,0.007323184529651279,0.0014069730078647424,-0.01334516781846138,0.015815910662363118,0.00894008675398708,0.88,0.009033042361313227,-0.016791409405451405,0.019208560183932508,0.010222699970362532,0.9,0.00925030873750751
309,0.005120503818824673,-0.013699010011275714,0.02400103030576978,0.009960112303254928,0.63,0.00907858351569768,-0.016390065309048206,0.02671636907554444,0.011675684365030395,0.65,0.009514241544195804,0.02044499492731333,0.002559053456348215,0.03778394778366989,0.010004979776357871,0.16,0.01419881948000127,-0.0021067232606475778,0.0434986298267459,0.012479474618157013,0.22,0.015257633986832119
310,-0.021153212684348333,-0.04212587598551214,0.0003842312877154544,0.010603215412039325,0.2,0.016494844862957585,-0.05190074280036225,0.008407177779995535,0.01605982125136136,0.34,0.01931008882780856,-0.007780728280430971,-0.031599564543942055,0.018682361244535442,0.015613190404830807,0.64,0.015521619664942496,-0.036335353232811674,0.02291278544982038,0.018398886559127036,0.59,0.016219048580111684
312,-0.009776682505139966,-0.0300313926590344,0.008966029571152799,0.011338703296059844,0.39,0.011287068556871987,-0.0333888289248581,0.013392892511913113,0.012777039343425303,0.45,0.01210088752805703,-0.004793449770303049,-0.028674723686057654,0.017491328227796855,0.011753170602655178,0.63,0.011445421837658972,-0.030826660652733512,0.017672499562013482,0.012490348678066676,0.67,0.011635508931798495
311,-0.00046715515534678786,-0.01635004382855238,0.01402531746483806,0.00852972769956492,0.95,0.00856331672424273,-0.0159518015348981,0.013742102434027044,0.008806714471206584,0.96,0.008434088355835983,0.018594809187843175,-0.007330186801820238,0.04419679655647828,0.01488064458214601,0.11,0.011460494255145177,-0.011853092570129446,0.050716299484737395,0.01776629016840091,0.15,0.012543721499190606
313,-0.022156937226617934,-0.03968783715520518,-0.0041501408693030775,0.009661728659159203,0.15,0.015575022056687975,-0.04033618250497359,-0.003854974426064438,0.009826509470535772,0.15,0.015211686082228804,-0.010687887560151488,-0.025518942196783988,0.005635354646469224,0.008149838803479987,0.22,0.008268246681404561,-0.028122080187417176,0.009993997648530949,0.010227131789803048,0.25,0.0091867802677973
315,-0.012191310448129933,-0.03925431784504666,0.01370668755998547,0.01490912003705101,0.48,0.01584445479071419,-0.038384134029924466,0.016076060847780564,0.01596049431344671,0.53,0.015988262652287734,-0.00474010781941292,-0.03404046115443795,0.0282797698792999,0.017529164314414886,0.74,0.017656113642257547,-0.038133666923125226,0.03395966719746615,0.019824053264629805,0.73,0.018632972281879594
314,0.00212238258275832,-0.015372814243674732,0.02235229054705696,0.009970265446954762,0.88,0.010229007666158594,-0.01571338237948456,0.025366760870390512,0.01111813844208217,0.9,0.010930513314494274,-0.005582938352962863,-0.025989662380095514,0.013078137728979075,0.010805650687905064,0.72,0.011918398901582852,-0.03382415343237581,0.02133057807827203,0.015432964543832585,0.77,0.013803530776749362
316,-0.00736425593539991,-0.02847442569398035,0.013887400751841823,0.01160453860406146,0.5,0.01086279864487992,-0.028001195467248594,0.015171299681883441,0.012417382479325443,0.52,0.011009187022209398,0.004700588901479286,-0.018739885257597688,0.030478233150101407,0.01323432618524006,0.65,0.013033690465605633,-0.02003718127907321,0.033978793583096856,0.014475833804243471,0.61,0.013202230841720395
317,0.004443276496767012,-0.016655473836295308,0.02893484854305366,0.012657894382050745,0.77,0.012304597248064007,-0.023388645230685463,0.03466814497429778,0.01653312822127516,0.77,0.01370619290244458,0.004597786378736757,-0.010571974387638326,0.017524811949186293,0.008477548150051663,0.66,0.00812724614509395,-0.013549710040849126,0.019166124897856338,0.008921483469421234,0.64,0.00789957861735924
319,0.005535938198759638,-0.015016180877126705,0.024800406500430312,0.010914169338860013,0.67,0.01085105890508328,-0.018016223843980227,0.02805392975469689,0.012048150449756458,0.67,0.010698983048064586,0.008206516614480464,-0.009360505435624097,0.023638827674426953,0.009189755909638731,0.57,0.010732613216503865,-0.015536837250642276,0.02972304025062842,0.01336411896165844,0.64,0.014002620641991061
318,-0.006373132926100311,-0.01947910574433771,0.004379264932235703,0.00752857749001685,0.56,0.007486003844167042,-0.02119744103051495,0.007714013677035593,0.009223074535107767,0.62,0.008430395277027334,-0.01093268869022257,-0.026082844685012985,0.0011110560563047031,0.0069670494328775675,0.23,0.008419825671954399,-0.028798273534268802,0.002478757742849204,0.00807145157735184,0.3,0.009347017927422954
320,-0.02142571986897579,-0.04189939061662744,-0.0007571064911100489,0.011691984368290075,0.12,0.013628255242512875,-0.04603190953504148,0.0026807422049395235,0.01315632865897949,0.15,0.014469187761684174,-0.029982358166999568,-0.05212618965364189,-0.009642258776388066,0.0110732886649519,0.07,0.016828639563849963,-0.05659484093906454,-0.005826424513583686,0.013658135106015415,0.13,0.020332591500657863
321,0.01296325450552871,-0.0010414929085533764,0.030557885177163555,0.008424512108387594,0.19,0.008955295861603457,-0.003191133497503041,0.03162355871418878,0.009128999737131393,0.17,0.009047477756043911,-0.0024927613753931155,-0.02224270824346228,0.01567197839891556,0.010375145826260078,0.89,0.010660097434126171,-0.023412917702199196,0.016287214146432527,0.010427970864758641,0.88,0.00991452006024893
322,0.020788103342358255,0.006119925762775584,0.0322277408782198,0.00753573105766549,0.02,0.009628569471743136,0.005374709845129291,0.032739110038683794,0.007987804468911995,0.07,0.011732909827638426,0.007532906803968231,-0.009777370226326895,0.029930845541256353,0.011422752855483642,0.53,0.010807020638469497,-0.01409834725897987,0.03441335262645468,0.012742056936888256,0.52,0.011944761388712106
323,0.00932700316406887,-0.007404213064795325,0.029641469672835003,0.00986520074226571,0.4,0.009874540291757508,-0.008254383136749685,0.03123017904886271,0.010247775058071167,0.36,0.009637836584874881,0.0213970803069099,0.009415687426586855,0.03398574568452695,0.00666777554976101,0.01,0.009351516801501506,0.008453190481003195,0.03762186057253056,0.007324366783758847,0.01,0.009421187315782474
324,0.007073073691135079,-0.0216875368278429,0.031278389640026515,0.015326497084941913,0.71,0.015626696082449872,-0.024520408425434945,0.03328355053532528,0.016943588905954505,0.71,0.016394300954648312,0.01408231465292964,-6.310601527048307e-05,0.02850102907126013,0.0077661125289171596,0.27,0.011858033437240999,-0.0034403965483043447,0.032510413235130195,0.010569562317994012,0.38,0.014230074598852362
325,-0.015582244868038053,-0.04259473571501866,0.009137769574416768,0.015317208957461493,0.4,0.01699005481907369,-0.0459949941042721,0.012123709704240905,0.016496349520142485,0.41,0.01717922623945044,-0.015791264357383206,-0.04030172095044157,0.00856256353672586,0.012859278989889837,0.35,0.016130793580630794,-0.04094370802222649,0.008908774888123937,0.013269959360217501,0.36,0.0160834879701483
326,-0.031190233711379634,-0.052296690363849006,-0.012834878567480335,0.010414942957845785,0.02,0.011519113495552426,-0.05655866895096441,-0.008161563480945988,0.012873938576714006,0.01,0.01138562673741363,-0.031070312302422742,-0.05215375207110613,-0.007016446571695936,0.01347741599578066,0.06,0.015319753301614147,-0.059937899033140105,0.0022909968211523163,0.019366987265108503,0.08,0.015716416834790095
327,-0.03895677327752445,-0.06025690164863362,-0.020115119279761423,0.011678152141267599,0.03,0.021208440020287222,-0.06257748754276435,-0.019223921975422574,0.013000635248422989,0.05,0.022000368219081374,-0.024850080916738015,-0.03388802267916944,-0.014893213567034595,0.005489548567030918,0.02,0.011135590828396826,-0.0340866018601996,-0.014729539535037486,0.005696516279382335,0.06,0.011596054971306016
328,-0.009089759027109068,-0.03952044354982588,0.017182869585401717,0.015411498018712447,0.54,0.013898257840954189,-0.04535035832248466,0.023368158867194344,0.01795306515223988,0.53,0.014875953093855584,0.01227222902496461,-0.012739417450535882,0.0351406762120138,0.012159071234232073,0.36,0.0129899437979122,-0.014487037005553913,0.03580988985556308,0.013198195175673874,0.4,0.013350402851215885
329,-0.004353647615827683,-0.030403734092226565,0.01987232877817204,0.013984679798911354,0.82,0.01384173863513529,-0.032907716773163995,0.02178131033972619,0.015622519905693593,0.83,0.014687595762501124,-0.021452600853832493,-0.037009138311173605,-0.006856810794153123,0.008462748869173068,0.07,0.011588785886738548,-0.03973824732017221,-0.00213862014744777,0.009858657140462856,0.08,0.012374230775609995
330,0.0006908124933788784,-0.01650622833352213,0.023228432767007277,0.011467876826976068,0.96,0.011438325717594696,-0.02047632306895082,0.027350067460789072,0.013780382637023638,0.99,0.012375948012376148,0.004650718442493762,-0.019538626477869813,0.031218005264146198,0.014831695332827336,0.75,0.015006320977416242,-0.023960654209429097,0.035129381679645896,0.016892271206793368,0.77,0.016268354842038854
331,0.04205279698295428,0.018637415913950628,0.06206341836513699,0.011478968379312877,0.03,0.020443676280924566,0.01488197877974913,0.06404465555115584,0.01303860173885988,0.08,0.022670915177517566,0.024372839746082064,-0.0014275675982663577,0.05496555476304836,0.014695730657301842,0.14,0.016739693085843915,-0.002130168878169983,0.05498258692668938,0.014701997710494168,0.14,0.017590168999676546
332,-0.002570839260926938,-0.02662077014511594,0.02774692714278206,0.015132309761929844,0.86,0.014674004554957232,-0.028281594728913974,0.030257627197967228,0.016207042876526776,0.87,0.01479301611184262,-0.004220305309570627,-0.03266050331967105,0.02622859161644623,0.014811073839168392,0.73,0.014733071192723995,-0.03802375210300006,0.0323038057000383,0.019303077371635582,0.8,0.016542833284577504
333,-0.02104124735815205,-0.03645834059365542,-0.008469974081700117,0.008298537159877951,0.09,0.012940410785099084,-0.042619530614652484,-0.0050599589149320084,0.011077691075169198,0.18,0.015235985893273008,-0.01632148171020731,-0.02318586019941446,-0.00969656426605341,0.0038233255243694544,0.02,0.0067149243502255965,-0.02578170885285722,-0.007882677785173754,0.005361482208238566,0.05,0.0075347988089132295
335,0.008518244562853106,-0.005438004741596721,0.021392526536105815,0.007334467558440041,0.3,0.007793795428814222,-0.006388954531421832,0.021567031574953523,0.007896980470833023,0.37,0.008024391786777574,0.012220782607395897,-0.005694926982615287,0.025614238417932617,0.008472161845298209,0.18,0.009190008003539231,-0.009863766643661745,0.029367451041339837,0.010635201006008666,0.22,0.009709902688638946
334,0.028638533188074078,-0.00651005987076099,0.061711896212459205,0.02184346081347623,0.24,0.02219215761259075,-0.010964298531814576,0.0656002396892577,0.02420703055755433,0.27,0.023512382019227975,0.02939611051006441,-0.006786160414721687,0.06617033347444723,0.02079566925541974,0.26,0.024931477111419777,-0.012448205925657027,0.06974737568171951,0.023729601707078635,0.31,0.026466571857798445
336,-0.00903797246237481,-0.02405694949572594,0.005592177340539628,0.008145359409312769,0.4,0.008805915324941476,-0.02453205943516288,0.006367923247859331,0.008810399854411743,0.39,0.009185349047044745,-0.0040996138364883805,-0.015527102381203358,0.008427463115140997,0.006627043426096029,0.57,0.006558390460510306,-0.017722979845889997,0.010901169020331159,0.008139431576555662,0.61,0.007053615165349677
337,0.013304692971691345,-0.003572291676082171,0.03443260222780142,0.010466087976256018,0.17,0.009910030948867275,-0.004077113710977451,0.034117787767652175,0.010797125669371282,0.19,0.009968199292311157,0.016291628195477692,-0.001301829293084554,0.03543805609323516,0.010102998624740128,0.13,0.010113960935150813,-0.00305096442134406,0.036030633739466286,0.011181711569017507,0.14,0.010256688752386216
338,0.008987321966970718,-0.01111535781795352,0.025521183498924356,0.010398640808839092,0.43,0.009200025429314378,-0.01389576085797728,0.0278934562623935,0.0118296116562289,0.39,0.009701201080442595,-0.0037090993008446205,-0.025011310749631685,0.013543658799075108,0.009736885568259806,0.68,0.009924618244404146,-0.02943261845640478,0.016671536634073454,0.01117806417460201,0.68,0.01039318262778414
339,-0.012454237861438955,-0.033282705298619625,0.007310498625327622,0.01121674339770993,0.22,0.009718887449346826,-0.04034093741652821,0.014166474906452821,0.014535747691192301,0.29,0.010810118789442923,0.007851109771430664,-0.00564246667000403,0.023211454480939107,0.008156092371324366,0.37,0.009036083509770467,-0.010235181297149148,0.028211799167264483,0.010731615760723451,0.37,0.010386346299711715
340,-0.0109500750855549,-0.03127402206506908,0.013106671106295306,0.01318130895142858,0.56,0.014341669330198512,-0.03481540113813031,0.018360436268722094,0.01522283848904254,0.6,0.015487540475346501,-0.010033496317683799,-0.025180374935960925,0.00535228399670697,0.007299346536870332,0.24,0.008460642005235972,-0.02654585027052936,0.005857070678216076,0.007882201217234873,0.23,0.008423152588345105
341,0.021918309113909018,-0.0011717921144142676,0.046328043239530235,0.014182130167495628,0.05,0.011030922527123621,-0.0030290515411367236,0.049053443686450746,0.014918019616962177,0.13,0.013240846912239585,0.02479082123266174,0.009774725722846968,0.039623956670271986,0.00860696158980217,0.04,0.01333716600753444,0.003635713430166554,0.04549368655638619,0.01277664727591368,0.15,0.016993339496605805
342,0.014527952445210879,-0.0064669491715541386,0.03609551434240212,0.010668455633083322,0.12,0.010731221266098007,-0.01066487619445406,0.039623821164028475,0.012114351703991883,0.19,0.011631772094071981,0.004741576531114511,-0.017259355041124323,0.02871217457263819,0.011985495194444506,0.56,0.011961943387080298,-0.022056581656705453,0.03058382367446248,0.01351256741406069,0.64,0.0125837922332075
343,0.02293000951908919,-0.004170669645599465,0.04805777302584259,0.01464491754454823,0.14,0.014924726602372701,-0.005443832147463995,0.04918689976729089,0.016070548055190474,0.07,0.013345341491989815,0.021676161005430572,-0.0020464569696853688,0.0424124347364446,0.012161781295687247,0.01,0.010554490634458609,-0.0032020334914464738,0.04490097551420282,0.013084208465367283,0.01,0.008080758836729452
344,-0.009760622828914656,-0.03850312213202888,0.017916208461805368,0.015483884249822576,0.62,0.01867867826243314,-0.04623595060784681,0.02655542073188121,0.020418670646993733,0.69,0.021696027070344067,0.006935558812043219,-0.024455623686459788,0.03307008515925265,0.01582905421286892,0.77,0.015525477036070824,-0.03467841237472789,0.038098348604096395,0.02110898555384994,0.79,0.01775170636808535
345,0.017009977854241853,-0.015366072106231067,0.04846744191606049,0.017538126868294698,0.46,0.0200024780939258,-0.02319054945570862,0.054708929100211814,0.020008931089540133,0.42,0.02133655633674451,0.0034056032418510185,-0.01961623765120497,0.027107279260130877,0.015638236568652625,0.92,0.015806018706855746,-0.02119758707548418,0.028502149533663656,0.016197604204586116,0.89,0.015733585263595855
346,0.0036836722263364763,-0.013864040539615718,0.02194274998595711,0.009550991157554178,0.73,0.010598664111363305,-0.014499020449456345,0.021093070526701795,0.009447971954433535,0.75,0.010362374240841894,-0.014821518148556478,-0.04171916487230023,0.008721333251383398,0.013152278802867703,0.24,0.01249361613416297,-0.04999974926638319,0.01666189003670042,0.017789687953749644,0.31,0.013711658729060818
347,-0.011104958897647066,-0.026565969806234865,0.005304069328595239,0.008621850697738836,0.19,0.008842055860768914,-0.02841603588539043,0.006666008103874344,0.009569874258293918,0.19,0.009158054678909018,-0.0075482556659842714,-0.029933622026602207,0.013084152499881617,0.011797124819245932,0.58,0.011387843454102192,-0.035980385506361484,0.01752665367191799,0.015610854743056237,0.71,0.013840337792406532
348,0.012548121905815002,-0.009655731465574864,0.03469372835352211,0.010751116135842238,0.31,0.012293742721339531,-0.01583699822453409,0.03748407816585958,0.013219042860509747,0.35,0.013742947131221133,0.015465826739790245,-0.00594992243334156,0.0358721327135775,0.011293960235467951,0.2,0.01165040386621495,-0.0075242897611739815,0.043586057210871804,0.012788312207747182,0.26,0.013352034216085057
350,-0.005401670020082072,-0.02666030603773928,0.015627497200924708,0.011875842802876535,0.66,0.01182340059851706,-0.029838481394236324,0.019049740057490442,0.013460495008829492,0.66,0.012298637308738807,0.00447941711900679,-0.015036601612546496,0.022655370245436224,0.01051136575097981,0.69,0.01026407102652315,-0.017321691978016893,0.024907243127958223,0.011750200214304085,0.71,0.010865842579318179
349,-0.03184375643381809,-0.048363413137516534,-0.011828855338577964,0.009084437146884164,0.03,0.01749536754638091,-0.05604541025181775,-0.0022525186873157826,0.013738926383477273,0.15,0.02268342389590892,-0.027162626047105398,-0.04278472059897616,-0.01078294354471896,0.008365807763676365,0.03,0.011817915412127723,-0.04904653322346801,-0.0017975744001524768,0.013713530722433758,0.06,0.01521951128633861
351,-0.0009268728429203676,-0.019669603390831947,0.021337787204982955,0.01149408182081684,0.93,0.011441578232522709,-0.02465490537641477,0.025736628028332917,0.014053816932722861,0.95,0.012441288213486387,-0.02328024634215975,-0.047435246128592595,0.002137287665416168,0.013747009861732551,0.08,0.013504861146220353,-0.051490856340772856,0.006051760764653476,0.01611872417917485,0.1,0.014352421964873996
352,0.002155589816110748,-0.012271500869552109,0.01920989516142213,0.008817052462016422,0.83,0.008959784914368068,-0.01766700598143851,0.021658414145198663,0.010902200885035818,0.82,0.009707558420574443,-0.0049025158420974435,-0.020323426222286046,0.007396761104169779,0.00757290833308486,0.55,0.007715044006932835,-0.022692571842176122,0.008887064834703917,0.008472333418623617,0.57,0.008007083431966534
353,-0.011489984141390686,-0.020372166364508268,-0.0021020661919302526,0.00565671142291921,0.09,0.007092283631473396,-0.019872319909601543,-0.0018780441873491142,0.005528079069367265,0.12,0.007290191352379075,-0.010571984569342163,-0.028439528094716057,0.00607693024188748,0.008918336064863624,0.32,0.009929304642722021,-0.0281289368154995,0.007702449819920076,0.009700283146764514,0.43,0.01103038375811159
355,0.00515078881398523,-0.007469349380413302,0.020090881679664326,0.007687662865945967,0.6,0.008922199889076093,-0.010395222477860153,0.02465002087384227,0.009233164680976387,0.63,0.010012766457342049,-0.0070384698600260975,-0.023505674769767546,0.006192729141581841,0.00793846368072458,0.39,0.00807142461562315,-0.02924697182609458,0.009734358814268117,0.010765239232886307,0.36,0.00813286964251528
354,0.0017305115955714712,-0.02380332168967647,0.026780008608648168,0.014032620531917103,0.8,0.014136736720222745,-0.033127412566668825,0.03778054898498597,0.020373275115679275,0.92,0.017428544468976244,0.003925771254983168,-0.023594011648143856,0.033551011764778635,0.015385451473742633,0.88,0.01568480558464517,-0.029128775646603475,0.0411138480810183,0.019661828989763437,0.9,0.017689376632465004
356,-0.003605361734660306,-0.023112212946620265,0.013852039175250793,0.008733598784909233,0.66,0.00831017048631963,-0.023184520004862996,0.01622898258731515,0.011026051822295812,0.74,0.009139049905041377,-0.003462791856303049,-0.024623097073329787,0.015244450193067392,0.011165808230682093,0.78,0.011013696525558685,-0.030338080317403853,0.021643211935275276,0.014707618135848637,0.88,0.012151078681080233
358,0.02452748892961054,0.0007289689258923385,0.05002151316758864,0.012974538784196899,0.08,0.013548502553491687,-0.0052381356429395745,0.055214120808900924,0.01648238654406257,0.1,0.014563519267169563,0.02105323540875581,-0.003070859422941788,0.0472567863021021,0.013645583230282454,0.05,0.010918161259089686,-0.0091795018539532,0.05337467602401564,0.018039119427879627,0.07,0.012031827271852888
357,0.01272944899099926,-0.0035737590380286108,0.030667150060845524,0.009367356893729745,0.15,0.009157880897202385,-0.004101387412503675,0.031796678853887615,0.01026143167448064,0.17,0.009439863631904855,0.007539366432595784,-0.013949135166511261,0.032735804301884025,0.012786722134670492,0.63,0.013522297473833001,-0.02146986216426576,0.03836586454387975,0.016043912762490665,0.66,0.015507954970889309
359,-0.00626753920807932,-0.03144945623848838,0.011997710795392622,0.011116845563514019,0.67,0.012163604516865063,-0.03643314266556485,0.015085542689777177,0.013038422533133637,0.67,0.01294904094220834,0.007468294578399259,-0.024250811447876504,0.03423969639917161,0.017478527589723916,0.75,0.017478915354024228,-0.02541020881640743,0.038370753048193276,0.019502092195042564,0.75,0.01810368715839402
360,0.002996483938600747,-0.018160608791694562,0.021718797342410532,0.011216212322799617,0.89,0.011539358088923356,-0.01937579717073223,0.025831922212171853,0.012490752991591582,0.85,0.011875059484222123,-0.009063878387808089,-0.02112065569033112,0.004723348948388526,0.007249793761942339,0.4,0.00932986055546323,-0.022701950273120275,0.005641067988827596,0.008403765458260838,0.42,0.009982246037403244
363,0.02028979469587,0.006208043491138689,0.0391509074959135,0.00859945951139803,0.16,0.013205713357979394,0.0030457671442356143,0.04108012132352092,0.010049943794684464,0.17,0.014189198245793979,-0.021100197615496974,-0.04127428335938815,-0.002119895771740106,0.009589955162183337,0.08,0.012632604084723728,-0.04255567805245624,5.737434848084727e-05,0.010635722071922609,0.08,0.012873062073777928
364,0.005557652389964751,-0.014320587596335255,0.02065264435417333,0.009127872209363733,0.55,0.009246206470620452,-0.018714911621608144,0.025149073545062968,0.011691914835954855,0.61,0.011462299476124795,0.006118328665760231,-0.004408077774498406,0.017449278740801644,0.006031766200272298,0.39,0.006716398215303519,-0.008018414990655875,0.020751016307043277,0.007929482913008913,0.5,0.007687909523277884
361,-0.0315603703347902,-0.05509892255056443,-0.007350316904360818,0.014137223378333128,0.09,0.017961386351482644,-0.06147486883334752,-0.001406202971850283,0.018982545279105718,0.08,0.018832092669292633,-0.029830169334171153,-0.05611084683680921,-0.002836293152842062,0.015779189599450162,0.06,0.015754387848521165,-0.06643038774676507,0.005791011264503654,0.022461129337460653,0.07,0.016589731022123355
362,0.0018231341022376668,-0.017982239102949146,0.023182435176538126,0.01036999872250194,0.86,0.01028453777035655,-0.022189097930081284,0.027312601627023265,0.012605551404428768,0.84,0.011238179004882493,-0.009067742219853514,-0.032766456295780344,0.020435715251840042,0.015049071417137933,0.64,0.015189471909259889,-0.03518404596410493,0.03040977291330845,0.01719843352219366,0.66,0.01578425530027473
367,0.0020350456162834263,-0.013229259076850214,0.01622319606125484,0.007343731678951746,0.79,0.007279512190121618,-0.017824419713329917,0.020787388071184142,0.01008302492348669,0.86,0.00844839919381536,-0.013900529001160677,-0.0356532855489588,0.002680026906337611,0.009358022268378131,0.1,0.008231005295711429,-0.04351461523469176,0.007917965049996797,0.01306542077517154,0.11,0.008666170945554259
366,0.0011968874456753653,-0.01850531673227458,0.019953695498023723,0.009486884797023637,0.87,0.009458700926765947,-0.02164628681876386,0.024064057880705727,0.01101785563819342,0.91,0.010137958013630169,-0.0356259079094805,-0.046053138770808744,-0.026165765211495322,0.005941435411091351,0.02,0.014722248390842982,-0.046811749600506936,-0.02500357456457443,0.006052259783082437,0.02,0.014676877488603045
365,0.021148786319996837,0.0051096712404070654,0.037872457875285814,0.00951345778845459,0.29,0.017757651961566995,0.0022051582083947585,0.04309305270804775,0.011245793102557055,0.27,0.01765122119041048,0.007717616179744979,-0.010579147634276233,0.024690347364893568,0.009557072088938042,0.38,0.0094326731749285,-0.013248380701560186,0.027048150045982308,0.011266671393619669,0.37,0.009706926491402755
368,0.010644162972824667,-0.0078061138594387874,0.031078426145959213,0.010835779270252126,0.39,0.01154360712317356,-0.006773217803508345,0.029810085620435255,0.011814034778292353,0.39,0.011800653648572107,0.013529525128929798,-0.007987538302733063,0.03512144900023757,0.011311361469265402,0.3,0.012082103463625284,-0.00999137253183012,0.04183391435938226,0.013005605500560981,0.31,0.012807555181434588
369,0.018364707411324233,-0.011031463492950824,0.043272000581355025,0.013629040792011882,0.33,0.01874668112427681,-0.012671670239256326,0.045650736219692734,0.01622449441596261,0.29,0.01935558240465703,0.011138820279561479,-0.017340855840649594,0.04051084557787292,0.015269124027032404,0.54,0.015684600645210385,-0.021323681728409746,0.0429236351443988,0.017765758260522797,0.58,0.016841289537785353
370,0.0044860332930696245,-0.011211975269563142,0.025293635249695433,0.009705650554232184,0.65,0.009736548062310293,-0.016082303815405118,0.03124862348768484,0.013189305165368446,0.69,0.01059976969970841,-0.012848131435927002,-0.032525753678228936,0.004956837672599686,0.010504239473135895,0.28,0.011884521325035764,-0.03398844002010381,0.006660124074198713,0.011083859555064933,0.28,0.011695923058348774
371,-0.03735445046673114,-0.0537736243263593,-0.020379797423711342,0.009333746671822175,0.05,0.019809217409943857,-0.05939770958865628,-0.014617598134235757,0.01353925290159284,0.14,0.02472086599619312,-0.029087534634452794,-0.044351216085840264,-0.01040292283152975,0.010007473226142302,0.02,0.013178751097599268,-0.04612497797370683,-0.009284835047857376,0.01125494896200951,0.04,0.014094044838399081
372,-0.021436500374425904,-0.04487887077887147,0.007365421232123692,0.014749663393407298,0.31,0.018804500596609635,-0.047617448250229975,0.009456830228870582,0.01554068426940137,0.36,0.019425053533027602,-0.030439032754625117,-0.05073367474660757,-0.010828578459749716,0.011234345321583331,0.1,0.017949660974172485,-0.054146935412993535,-0.010795490745933514,0.01222841404450881,0.17,0.019834197665185755
373,-0.0035432788678120275,-0.017020427613637906,0.010031166020135138,0.007536486975892866,0.7,0.007395844760568486,-0.01808933490967956,0.012788696480878096,0.008653654673266158,0.75,0.00707933298986824,-0.02110136570406418,-0.033526038960630444,-0.009686252351208194,0.006432219310032675,0.02,0.009536676325899439,-0.03652372424508945,-0.006578542635514009,0.00780501945259919,0.04,0.009852091947682506
375,-0.02251763277094465,-0.04164201460270753,-0.004538265606718328,0.010176447592392886,0.03,0.01047084790378431,-0.04304739313906798,-0.0013208853859021374,0.010681211874606935,0.07,0.01109811359036458,-0.033569160780339224,-0.04413388826149225,-0.022357145794300683,0.006287945826547746,0.02,0.011845671079133785,-0.04606032924806591,-0.021165698958840733,0.007157043495786688,0.03,0.013935793890739139
374,-0.009043025484668732,-0.046010866869570885,0.01791413205108125,0.016655561044588752,0.7,0.018846708695488077,-0.04221664663259949,0.02002888675801144,0.018776437139986935,0.73,0.020315083571165432,-0.024954073182195557,-0.05316853426668144,-0.00600506770535128,0.012894497236075587,0.14,0.017523714795607905,-0.055740375982675776,-0.0034031518719541756,0.014249804973309733,0.2,0.019625471244764287
376,0.022943989868175585,0.011137197126778235,0.03612830234353028,0.007006192657058776,0.06,0.013110380205279944,0.006584499849920357,0.041047336369498,0.009996930828262359,0.1,0.014323170148966396,0.029003983306995273,0.0163151864100803,0.04176294468031836,0.007009232497172028,0.01,0.012051445769035952,0.013381628251540788,0.042428333894116085,0.008181017172859338,0.02,0.013555576472773173
378,-0.0013997154373210918,-0.023779656772969424,0.02983370266948579,0.014439028623475484,0.91,0.014240846585296011,-0.02808659774777378,0.034555136862474044,0.016947216152563036,0.91,0.015536591809605257,0.005158318406813578,-0.0050317606564204784,0.018517037421540202,0.006163592560265421,0.4,0.006330888169599836,-0.0074436329473224205,0.021026004522551336,0.007272970223082829,0.45,0.007163978638194703
377,0.005571012904004746,-0.02574879733592992,0.03502056893058088,0.01684773665014373,0.82,0.016991334964598294,-0.029897195558905437,0.0383734432275197,0.019300846891267834,0.82,0.01800841774720925,0.02713912228576909,0.009833103879291774,0.043692565964751615,0.009434939205569193,0.02,0.01018973623362039,0.00855781686790831,0.046123585655664184,0.010453546891018151,0.02,0.009991645242505776
380,-0.03425545065741531,-0.060019494188995055,-0.009482292737910396,0.013744731698690801,0.07,0.018322275831989636,-0.06346660005682363,-0.0059200377758189815,0.01456801549282107,0.09,0.019853846324111104,-0.05785604719051474,-0.07533460663457639,-0.039702371525681596,0.011177425433364935,0.01,0.021166946338576024,-0.07613442852718134,-0.038754897652666515,0.011451408988644298,0.02,0.023089097264924696
379,-0.012266133761350773,-0.034689739790562016,0.01097260808189126,0.01266031839553197,0.45,0.014198968545988157,-0.03719911569334084,0.010719666705029864,0.013355049064156627,0.48,0.015372657853509953,-0.01531493689131569,-0.04793931886217452,0.013039005659520965,0.016722053709251603,0.44,0.016928678987493728,-0.04757997664286576,0.014048430961766417,0.01597229130694147,0.33,0.015716205431717388
381,-0.0036873759820066354,-0.01627036487150839,0.009077806759375261,0.007515762719641434,0.68,0.007075837317022957,-0.019234351772132327,0.012637267370276237,0.009331167770697866,0.65,0.007303100656635054,0.009939498078081144,-0.010702479578565776,0.030411928424932143,0.011252468722515662,0.5,0.012768982084368816,-0.012836418894827777,0.033234985311230675,0.012575061300860117,0.52,0.012806199871547396
382,0.003352619299086257,-0.012663927576713353,0.01746576187424602,0.009135614784206752,0.83,0.009590925681991321,-0.014657285783411387,0.020291934609613267,0.010275909829609303,0.84,0.009674049262479709,0.003047406272409958,-0.021983221774377348,0.028134247735619938,0.014018240748180562,0.88,0.014217783437716411,-0.024540863755504284,0.030426422432471813,0.015490915354744141,0.86,0.014798646589375873
383,-0.0011510934120853022,-0.016030586574995766,0.017222905691332755,0.008633145788890653,0.8,0.0085589273010638,-0.017462141471984743,0.019627789928369575,0.010335611318794725,0.9,0.00909523023318245,-0.006886243361730493,-0.02207416025956723,0.013189784742940924,0.010311253393531335,0.63,0.010851159941743044,-0.024529302007732578,0.015563207986819226,0.01145224499419953,0.7,0.01124558462187442
384,-0.01878975275497119,-0.035917636118459745,0.005841372190628032,0.01108107047148972,0.19,0.014039307745335685,-0.04236042699748323,0.011097479684748009,0.014518892079163853,0.24,0.016261166715717864,-0.015408369108428133,-0.03548910231411213,0.006494909466232629,0.011642868438669449,0.4,0.01560345073256259,-0.03759205200193989,0.008388165614866994,0.013137377705406586,0.41,0.016662751975589418
385,-0.0005858715091040523,-0.014030042004880935,0.01142413874457948,0.006529941841803416,0.94,0.006494224625940085,-0.018936144394048827,0.011728449492745385,0.00792132922648827,0.96,0.006909499978649011,-0.013447716910083507,-0.03204879572257822,0.00491551858630896,0.010365945907965267,0.33,0.012552224669973704,-0.035666064468895885,0.007346128155795648,0.01180480693859273,0.34,0.013025990206723702
386,-0.03782865930384194,-0.06399383652964788,-0.013859374006934377,0.01479865150337105,0.08,0.022486816767741894,-0.06743347478664061,-0.01002952431535302,0.01686802983654146,0.15,0.02567110804527129,-0.03442921893159845,-0.05101711731647098,-0.007999982006966999,0.012070508090606826,0.04,0.015145286496140326,-0.05359277581307822,-0.006520056499805936,0.01332835634525341,0.04,0.01659582571662344
387,0.008862789048615483,-0.005204348817472226,0.028363084572483287,0.00879308660272309,0.42,0.009628327846977617,-0.007317126266565308,0.031349096674964286,0.010167749315680671,0.41,0.01005664025753686,0.018223522417832427,0.003741321591614187,0.03557601489504188,0.008468525847301936,0.06,0.010154266253548932,-0.0023821228406037467,0.035935988242867714,0.012158498603753962,0.07,0.009825034010386147
389,0.0010365793179305527,-0.017002150774406744,0.02182547296929389,0.009956574925483217,0.97,0.00996290752200988,-0.020296833863581606,0.024169831108045912,0.01133348455937697,0.92,0.010607318424793281,0.021120367876910073,-0.006874438204868258,0.05021467830098638,0.016546748402766535,0.33,0.01949825612761321,-0.01618939046803196,0.058707967200050025,0.02180492800435371,0.41,0.023496204258237573
388,0.014846842255715309,-0.008400127765975707,0.03890220858263462,0.01361153144055114,0.34,0.013700865587749276,-0.0115551613255159,0.04341195536366307,0.0162350847018554,0.32,0.014538711867331642,0.02059225458997993,-0.007317507905391582,0.04565372500511748,0.01325950244822418,0.19,0.015177699665822211,-0.016377850016097636,0.04773235145259349,0.016417573987767276,0.22,0.01603637845118123
390,-0.010566979193434634,-0.02359209146152392,0.003102766231415588,0.007307222810599991,0.31,0.009254530603488397,-0.027644215530167396,0.006466187189010153,0.00957918688695091,0.38,0.010645965314491053,-0.011212392046486386,-0.028047190597734237,0.00948218960032085,0.009494001483462293,0.37,0.01232306197083286,-0.03348081525962856,0.014022834789674782,0.012560790418857808,0.46,0.014050070362726581
392,-0.0025435811628025107,-0.02872453699717687,0.027042291798511232,0.013856914105837536,0.87,0.014181937861618844,-0.028607691665811598,0.028267144189859206,0.01407089820388983,0.89,0.013744443741525761,-0.0069641630009078526,-0.022345538240235815,0.012212571654249861,0.00946399165095183,0.57,0.010662570171638156,-0.026485085422005873,0.016333929840705606,0.011114349627771008,0.58,0.011313261751337065
391,0.033914487054201636,0.0008188800999199553,0.06679195409613849,0.019373790764569417,0.18,0.022036899667875212,-0.01698276648682108,0.0815224398119533,0.02966831501098423,0.22,0.02382732819842128,0.0407361053797759,0.02460124996518398,0.05778774046417547,0.008581897485102723,0.01,0.01274865380099294,0.0214669428002559,0.06411047733982461,0.011482821915062212,0.01,0.012807952530855662
393,0.006307556951116844,-0.03772403288091905,0.056716689228521036,0.025007209151712815,0.79,0.025789779721120863,-0.047781804873746676,0.060609619373098805,0.02700206188910573,0.84,0.027268452313616673,0.006088882906489346,-0.035569340058303554,0.0417985626801117,0.0209200785984412,0.73,0.020348059737473684,-0.03964789581646516,0.0426284305528894,0.02273606232624446,0.73,0.0199346679139675
394,-0.02442819363566695,-0.04044655449519565,-0.008427195018787706,0.008482103458495954,0.06,0.012962766148723728,-0.04430296912299196,-0.004814905206068823,0.010420621402720261,0.1,0.014671215163941495,-0.03461146429285744,-0.07074376957306952,-0.005832234760141261,0.01572173236332794,0.07,0.01872458251723925,-0.07270920668868834,-0.0035863284571746173,0.017024271331357883,0.08,0.020824693833122118
395,-0.02220471896056253,-0.03776684306468896,-0.005526392689551733,0.00905460159386888,0.06,0.01097234396339999,-0.039686350525303074,-0.0030303734978857286,0.010434626813779602,0.07,0.011966836204813038,0.0028709264514628074,-0.008947846042895733,0.01428513003755203,0.007063122460223696,0.72,0.007464325337256841,-0.011552538141874978,0.015557981914089636,0.007846963312988552,0.68,0.007395062311002034
396,0.02922814909152205,0.009713609659503103,0.050018380498996866,0.010825028773741694,0.03,0.013352376371770286,0.010388249359040778,0.05076799896864287,0.0108274627874302,0.03,0.013719654265490482,0.04685183986249353,0.02896396877036618,0.060415507631613824,0.008090503494648953,0.01,0.020483796792610347,0.026316797257255872,0.06138030063456137,0.00954304116147019,0.04,0.022537503824014784
397,-0.013254112397663498,-0.03407276661524085,0.009537134004084048,0.0112117213313587,0.33,0.012030579446719694,-0.038414959529540424,0.013543164556924961,0.013677635191392227,0.42,0.014266814772915675,-0.023013898228358087,-0.05475916772227513,0.00699867246317519,0.015028514565450185,0.23,0.018845002743122313,-0.062055343310442934,0.01539490403523533,0.020001229343882047,0.37,0.022773246883461107
398,-0.0028481073364678977,-0.020990301715608378,0.018147204308543326,0.010773323389693659,0.79,0.010606682760071245,-0.022109245379529203,0.021149345766584778,0.011680523197772436,0.76,0.010885158191480119,-0.015346797347358887,-0.030851555864181354,-0.003339801271766432,0.0069308145148395265,0.06,0.0077368660068305095,-0.032790660008449095,-0.00246415720751636,0.007577338847280429,0.11,0.00856514131687542
399,0.015253701872794956,-0.005670127676159396,0.03444175776425982,0.01110688964503217,0.23,0.011601231520585092,-0.006507991417848524,0.03794583429474372,0.013035880753918429,0.22,0.012006175451107548,0.0027447921435843625,-0.011544861431081709,0.015390298932419543,0.007314382865043056,0.75,0.006940835124851913,-0.012801709600833707,0.0165399674879247,0.007878742378911544,0.7,0.007070660600554596
400,-0.022243624825244446,-0.04537825505751982,-0.003613797508454211,0.012334363484398423,0.24,0.01743826865346435,-0.046976347748539114,-0.002191044807448611,0.012807508556675699,0.25,0.017132717154260683,-0.030466162886259696,-0.04205486064307973,-0.012526505676736438,0.008076399019886344,0.04,0.0161949028382874,-0.04512297994707705,-0.013342551060282835,0.008461152882542466,0.06,0.017086917067223355
401,0.010382074907501426,-0.005270587085337074,0.025517444206613237,0.008672793993286125,0.28,0.008457127148676098,-0.007673753242250829,0.027020758131354718,0.0099436016507095,0.29,0.00874858974566886,0.001885458355754821,-0.014767665431801809,0.016648060290084338,0.00873999311381316,0.85,0.008884167919783949,-0.01701198398984509,0.01874827428151553,0.009976566508126975,0.87,0.009361574637793883
402,0.025165181313699492,0.0026898001677304606,0.04834003830768658,0.011826796153187873,0.08,0.014756735524315941,-0.0036794191736333887,0.05406989606951873,0.013612006281624508,0.1,0.015447211501140732,0.024631934558756008,-0.002196596202204089,0.052322318574344925,0.015216622261848037,0.16,0.016248358467968897,-0.004907851203891131,0.05534057393306182,0.016311699126718295,0.15,0.0159991721361354
403,-0.017103896167529165,-0.03433138790665277,0.0016237338427793208,0.00925457892939361,0.14,0.011652980390603968,-0.040088216753885984,0.007894859158845115,0.01188240242394105,0.29,0.015222965358792005,-0.021942770967793734,-0.034398748153426514,-0.010721154829120436,0.007161330899859398,0.08,0.013288909495800555,-0.03972996589631945,-0.006664819967998087,0.008737220947506685,0.2,0.01646728312853558
404,-0.005351033236961733,-0.026844300182377708,0.014945928408626848,0.011764615449622765,0.65,0.011079641180208037,-0.028975883270847942,0.017296772214627065,0.012949654556730776,0.64,0.011366387048819166,-0.016403749029302084,-0.033355727605866824,0.001458075492166963,0.00874543783390342,0.21,0.012409566133272007,-0.03452567383802045,0.003000436933960328,0.009572465248547359,0.26,0.01315581707337976
405,0.013019140696592935,-0.0024945799212846773,0.03068183649900078,0.00910008862601353,0.27,0.011129396482223317,-0.0050092342775072025,0.03311882729532036,0.010296010990321885,0.37,0.012381665451123774,0.005586338003448432,-0.006949165500083062,0.01860386364600828,0.007145092668161253,0.52,0.007574209026000826,-0.008849582552158397,0.021777658337862337,0.008400357069309477,0.61,0.008481469281719984
406,0.017321784327183565,0.00706723388377704,0.027164321149938296,0.005317064005900778,0.03,0.007531625072666797,0.00295711410725219,0.030649969447774338,0.007420922974620998,0.04,0.008964156701321727,0.0027816772082820407,-0.010561923458986301,0.014552022811977004,0.007302098346478246,0.73,0.007265101222621585,-0.014665074194626683,0.01647606275069844,0.008913387509629831,0.73,0.007856886557404994
408,0.014322079749494954,-0.004042361198206022,0.03370237198765378,0.011052383955788883,0.36,0.014668744818540065,-0.005784494478320523,0.03595955228574273,0.012602259077611009,0.4,0.015587409225766223,0.013914321605006386,-0.0070932452064557255,0.03231718372520977,0.01147727476857369,0.28,0.012190529939062243,-0.009463735660372653,0.034876238792212966,0.012745933380557848,0.27,0.01265081215617595
407,0.008963621660791787,-0.015432655347942116,0.030130020596376105,0.014950616675042777,0.81,0.017485624839439332,-0.02292225095339382,0.03602138739573331,0.019378579058418593,0.89,0.02032532587738724,0.003554716616164022,-0.029615466585598937,0.038839166370341786,0.01937550581919425,0.87,0.01990897484972658,-0.03891329789158723,0.047934902311051616,0.02498835872906299,0.94,0.022524581124382177
409,0.0007638058436301165,-0.011498747403767724,0.015482390821549341,0.007225297411361196,0.93,0.007217692957655697,-0.018590832186824002,0.02215949898810052,0.010895636523198625,0.93,0.009029609141327182,0.010736653143315955,-0.006134518916004424,0.028436228723530327,0.008719668372375103,0.28,0.009414300392859126,-0.013705360994360566,0.03679423195731664,0.013038763133083726,0.33,0.01113346386451274
410,0.011190669034249368,-0.005831422841757795,0.02581640054579885,0.00859663924604469,0.28,0.009554591039980504,-0.008596700041005073,0.02927588863635191,0.009942969053564604,0.3,0.01038026955788898,-0.004461718964829053,-0.02661183051320845,0.012707303174526528,0.011359022005412861,0.79,0.011536162562247515,-0.03130903001484717,0.013284104285301267,0.012329070871676874,0.81,0.012041767931001951
411,0.020715779143556823,-0.004153889930354669,0.04884172580229981,0.015274302995406445,0.14,0.014130591693250519,-0.010016671442640748,0.053284804276840694,0.017368526446930762,0.22,0.016027222087215125,-0.00247405296265768,-0.029138449352976225,0.023061574319980904,0.013826199669940257,0.87,0.014164511887191911,-0.03166257838348448,0.026511642572868463,0.015224072500108772,0.91,0.01459460534865513
412,0.0030250808405405394,-0.02270575315861487,0.034984333332856374,0.016072411285892277,0.87,0.016519049272733302,-0.02741621370653355,0.041512352400474614,0.019822082881366047,0.84,0.018634907856692043,-0.0017181838583963938,-0.028808264893330403,0.028974531917678494,0.015741552632854997,0.87,0.015547679947889873,-0.034702792816244214,0.03593872961309778,0.019294933136944734,0.88,0.01694607420957068
413,0.007238951398067961,-0.009799313605619142,0.02244527565904377,0.010123978213156902,0.57,0.0105600251447976,-0.010782814414323959,0.023442723623302925,0.010845301901462625,0.57,0.010394899496057146,0.02600416387229032,0.005558340893839733,0.04561751075552779,0.009531437734057829,0.03,0.011476198581473257,0.0026046733895098498,0.05001099046965257,0.01107170085518727,0.03,0.01264160094577731
414,-0.03617205674269286,-0.06653979097978241,-0.005038366529843505,0.016663675793504643,0.03,0.01658563186179524,-0.06994787043358511,-0.0031631798858124116,0.01861393317711014,0.06,0.01750671992353987,-0.0233707229966571,-0.043351927353301574,0.0003928290381422575,0.011202900424777429,0.16,0.015409777114309525,-0.043484426894380895,0.0019808651196890417,0.011371538887078881,0.14,0.015013800751915869
416,-0.00019406071427763294,-0.013973656900215873,0.015923235881185913,0.008290108563258096,0.99,0.008301248697002618,-0.016554725730309312,0.01843119009276295,0.009743854448194297,0.93,0.008868410127814474,-0.0026539843766579807,-0.024745504942325167,0.015255923683384683,0.011029421301509803,0.81,0.011007962329819149,-0.03004047870756765,0.02162748652459356,0.013320917308520443,0.83,0.011906346566121218
415,-0.042832843855021174,-0.07589693074136794,-0.010745995997396826,0.015914162391605844,0.03,0.02255295089132525,-0.08364657743357781,-0.003645119440832817,0.01898734047595047,0.1,0.026401170962460117,-0.06982316895143281,-0.10146249956415754,-0.04040680242656465,0.016615088031742182,0.02,0.024160961445200073,-0.1079283675963317,-0.036691437732607884,0.018795125679078387,0.02,0.027014367599197578
417,0.011894749115862524,0.003085433976429644,0.020211185564556186,0.004437317408411624,0.02,0.004944542597548404,-0.002521479826277588,0.023597552315105026,0.006014688702367485,0.07,0.006021554170925229,-0.022568093115815202,-0.04486122673475525,-0.004031535519085687,0.010850311102077197,0.04,0.011924405541389432,-0.04881074154626092,-4.8377799298782165e-05,0.013473252264950015,0.14,0.014428616995164881
418,0.005480785118829878,-0.012286113469465752,0.026090911964479387,0.009863475244743472,0.64,0.010399597229910351,-0.01450245790623134,0.030370480741459715,0.011389093084255002,0.64,0.011178497299960996,0.016064442777453003,-0.007064677869715076,0.04084634880406854,0.013951347899803375,0.4,0.016726805479114863,-0.012049042072048662,0.04353316077444131,0.015654304770712925,0.43,0.016496544626383603
419,0.0015123215750323382,-0.01676134145207757,0.0215670526695082,0.008836515386026518,0.79,0.008692094150722423,-0.023278461014529125,0.029941751396089202,0.01395825055860328,0.87,0.011450981277171219,0.014993565944868337,-0.0017699336270725827,0.03036932876637266,0.009020802147956372,0.16,0.010461753002526676,-0.007480853492377551,0.03654065344703081,0.012089419550977821,0.24,0.011519496264100816
420,0.02637728491727742,0.0022302221016283347,0.051545149450399515,0.014308810688838491,0.16,0.01820236048993585,0.00036966970053087245,0.05389834044278552,0.015551538778354624,0.22,0.019067907535520925,0.01773277225796388,-0.014357749247319591,0.04692179042408795,0.016314541554936425,0.23,0.014934168330841767,-0.022685390040536324,0.054692012508607626,0.022477412930191117,0.25,0.01582924909949877
421,0.03284896304436291,0.0008548587677893738,0.06079009428218609,0.015996118331511745,0.11,0.019290629128232928,-0.005943721686737555,0.06599879248975063,0.01908697115381522,0.13,0.019778855161806934,0.0020399542931706094,-0.03664408019440404,0.03799030750914918,0.01801501198595905,0.94,0.017608471751193316,-0.04391541785925672,0.04376611632751412,0.0222425891344241,0.97,0.019965552847737256
422,-0.004250038014573576,-0.03566547252414578,0.023272536146604628,0.015095243346774426,0.71,0.015793453060012234,-0.04199352674362088,0.028806553675550003,0.02008497800566678,0.75,0.018203938379878683,0.0007547596350345742,-0.018774243066914924,0.01906742443693052,0.009419529662950043,0.96,0.009362965575976214,-0.021332990916237412,0.02193035902354974,0.01096858321446292,0.93,0.009696853546501759
423,0.022028709582345485,0.009650519750438583,0.039030555308087675,0.008860068326708083,0.1,0.013997853176898717,0.008534991065479329,0.03850187403604721,0.008916039605929842,0.12,0.014612864005948174,-0.0011162936468469553,-0.011979732431598665,0.008569704227087225,0.0062454267430009204,0.9,0.006198789631691112,-0.013250350890111751,0.00962091421257991,0.0069908003838369355,0.88,0.006663520048752546
424,0.010750520673911801,-0.004581792234891812,0.0317553652182799,0.009346897327037118,0.22,0.009485375595872137,-0.005684282040766184,0.03428159880664814,0.010402586104304327,0.26,0.01001353182946752,0.009023018534371374,-0.009588642434405867,0.02735543273233345,0.010162885712680949,0.34,0.009123330205737152,-0.011861863764456214,0.028437924700026727,0.010871189600796267,0.35,0.009084572291597997
425,-0.012818743213590444,-0.034173728646420716,0.00976983781915721,0.01253362640132994,0.45,0.013851717129464048,-0.039989924058013,0.015881544080390907,0.017042234434165113,0.58,0.01646810171703247,-0.023814826510316855,-0.03817553899086064,-0.008386064409082475,0.008237354341667202,0.14,0.015982101580814635,-0.03750105803441532,-0.008308779593597347,0.008120523690663241,0.15,0.016673521867610848
426,0.011281403853830696,-0.022737369511618415,0.04244543601746646,0.017748834135353355,0.57,0.01834623675583455,-0.030374243801783683,0.05003446710563888,0.02226555639458251,0.57,0.020063338905334224,0.026731683897106784,-0.0009249626290360469,0.05465566936850181,0.01466800662165562,0.17,0.018826487949428778,-0.006837788198951866,0.060660531409742945,0.018176462365790083,0.23,0.019757441658468503
427,-0.019968118619980046,-0.03824972020026962,-0.004905367768015714,0.008724775848787518,0.07,0.010851530369772117,-0.03988737722951127,-0.003290756591777959,0.009707860184416292,0.13,0.01245774869235437,-0.015088509045822818,-0.024703379392980285,-0.003716900671199185,0.00671139364816692,0.06,0.008242321575885423,-0.026646846840944954,-0.002032828348363668,0.007245391787769272,0.14,0.00909982353689138
428,-0.005197584324407423,-0.02002880173966974,0.011660112966356318,0.008891935200644324,0.67,0.00947172249391291,-0.02038479290885102,0.012503302858991549,0.009537517406751288,0.72,0.009912908903061934,0.0130142028440563,-0.004303939326234428,0.03227570078446424,0.01022747533525008,0.23,0.010130323728773144,-0.007576741103708734,0.03777191952877534,0.012391935893882561,0.36,0.011941443545701928
429,0.004133757993401765,-0.02823257272199533,0.02970852699452817,0.015751887163960955,0.94,0.016517549588762403,-0.03975985716446026,0.04115214362272357,0.024557389612299318,0.96,0.02049222919286999,0.02399068852192965,-0.005788528935731473,0.055205555859792144,0.015795339494086586,0.36,0.02337871927138393,-0.01838620192132248,0.06670537007171826,0.025408709446578585,0.62,0.030472384532264515
430,0.020823115679848847,0.0048412891492362956,0.03595667394868269,0.008487236698723753,0.02,0.009324078067555057,0.0016327651364871354,0.03804314895353218,0.009446231673227489,0.02,0.00933025886387586,0.004912615752780347,-0.012282155613506516,0.020205712345977567,0.009007191359805516,0.64,0.008810604598125755,-0.013249654091285062,0.02024246211841354,0.009109757393846594,0.62,0.008731151484867274
431,0.01926821244845378,0.0005457843440157539,0.04350322441240899,0.011131102997784092,0.08,0.011105022935034882,-0.003583860450428883,0.04572137353642325,0.013301132433160763,0.08,0.011228769608126297,0.033723052532286246,0.01265003914827463,0.056152725775711995,0.012548630796214818,0.03,0.015441986761444804,0.010649302449363018,0.058923935824599025,0.013894196320760072,0.04,0.016001193946116946
432,0.020557513615655054,0.003950053641254059,0.03893362470249042,0.009897938116401947,0.06,0.012375472017397198,0.002307644948961053,0.040948091092939884,0.012449403865654655,0.13,0.013655223051046304,0.014002314434578444,-0.009575085546918584,0.03867525048705835,0.011483452491427097,0.26,0.011849312817451114,-0.01595260563085351,0.045448299423726496,0.016574617041075802,0.27,0.013267203151958822
433,-0.01805579395704271,-0.042000929530239386,0.004564126545143488,0.012263651372212884,0.17,0.012209571806469617,-0.04295115940636007,0.007593581760513404,0.013131823140273967,0.16,0.012291524259334823,-0.011083828204919932,-0.02940484932871973,0.007853467153015669,0.009735513209305616,0.27,0.010227844997842354,-0.03200580198299394,0.010750677633703937,0.011286193492764142,0.34,0.010832105030056749
434,0.00839459889750227,-0.014975284689071645,0.030585289607813544,0.012822208673857888,0.57,0.012057535077854446,-0.014375436995598526,0.030541102371819305,0.013617048188777734,0.57,0.012042188156957737,0.01550263547498787,-0.002766298962183049,0.031429569932233115,0.008671861327980599,0.14,0.01032217646042613,-0.00408820978703317,0.034440466654613776,0.010164185513543766,0.18,0.011318948314830197
435,-0.021026293565253873,-0.03437069574418796,-0.007633633238949458,0.007742271179779881,0.06,0.011954347739370147,-0.036271622220962065,-0.004829805163239699,0.009121817607543405,0.09,0.012858584594898827,-0.035071591912529065,-0.04258440328750344,-0.028213519376775187,0.0037472656742592314,0.01,0.011928382314798277,-0.0437135510226927,-0.026598227909968485,0.004608158795508466,0.01,0.012572951863848228
436,0.000659692940463863,-0.01625399795602229,0.018938520666850773,0.009288561281703469,0.95,0.009307398567676093,-0.02550978193785721,0.029186089615530708,0.016040561001203022,0.95,0.013169408522410464,0.007625409771026881,-0.013260859161688641,0.024683421340983176,0.010993983252545388,0.5,0.010607897043559236,-0.01905861464190326,0.028828352594782555,0.014028364817882201,0.6,0.0128004971200916
437,-0.03530079783574447,-0.06460349172972238,-0.007047551606674862,0.015370050222443166,0.15,0.024461738500029837,-0.06894836959490397,-0.0034845910971851024,0.017267221930598795,0.2,0.025675014852677185,-0.007517452341328834,-0.034547362415135285,0.026426868056796712,0.016965812151659748,0.63,0.018569399423946913,-0.041678497213977816,0.028063633534176624,0.019837174057199758,0.63,0.02024046622831117
438,0.0033231349767568474,-0.022663101756566734,0.03146331975535377,0.015882745870291398,0.84,0.016194326940759684,-0.029538165263238977,0.037589643627349956,0.01982650775148948,0.92,0.017962793659865046,0.000185198494810912,-0.01917841793267101,0.02110369407385497,0.011769488462929556,1.0,0.011760965494913699,-0.02405337774898051,0.025674306408513602,0.014397798878367077,1.0,0.01261752890898416
439,0.004768760158368579,-0.017126694846402387,0.02370124277402334,0.011597785923127607,0.72,0.011631301079170446,-0.016493260524227255,0.023638935128616097,0.011591209280516388,0.75,0.011385115025680844,0.0013672139884839396,-0.019290872279584054,0.022434862975285207,0.012532089714121354,0.94,0.01272752724150708,-0.022573834231494283,0.02608435386546639,0.01603662885784835,0.95,0.014528443610552076
440,0.01238960664501576,-0.008825217375662706,0.033198795093559184,0.011799616162494024,0.38,0.011388430595628602,-0.01076521013293328,0.039281086779336415,0.013665148539278119,0.42,0.012696232022064482,-0.0021443868354333873,-0.021851957001105534,0.015412820608669664,0.009935461744242624,0.8,0.009956657665649932,-0.022269449111471527,0.017910843914556236,0.011571918165109612,0.84,0.01076918913597511
441,-0.014681172180076807,-0.031497845914200656,0.008609218541057867,0.011928783880831581,0.32,0.012986850188755832,-0.03770045696693311,0.012570453811213994,0.01567109114585937,0.44,0.015295844728075159,-0.011398913611632366,-0.027798002710812897,0.003991521737140281,0.00881922753731272,0.27,0.009314482628494932,-0.029031558680548384,0.006783935252419267,0.009809070439849021,0.31,0.009813674397211147
443,0.020543022100802943,0.006356552660236096,0.035010710269224934,0.008060458918217918,0.06,0.011260841572223521,0.006432922847765893,0.036077908711344656,0.00824076890901352,0.06,0.01226564843627324,0.00646386028228374,-0.021695620997517248,0.036003364304469265,0.015952397613375656,0.74,0.015247881736073582,-0.02465278595088649,0.03877906559757718,0.017089828896247408,0.7,0.01472946635351401
442,-0.013526192596169828,-0.026571695919830062,0.004499944578656566,0.00849445617108846,0.15,0.008924753735664032,-0.027714789708637923,0.005669038457177186,0.008865169685109489,0.13,0.009021497033473724,-0.006817293306349725,-0.024084894112090492,0.007946119028541296,0.008679065988905653,0.42,0.00822778449668676,-0.03005591333817694,0.01290179584185944,0.012478630727698512,0.53,0.009520620147635205
444,0.010764808109974489,-0.01296429397174878,0.04319621785213265,0.013493024688499501,0.39,0.011464421714067918,-0.013283588139416824,0.044840741999729164,0.014877634512916892,0.42,0.013230943040712578,0.01833984758341156,-0.009476009227625232,0.04299806515320301,0.014626679735190282,0.24,0.015756041100499146,-0.012455789371171366,0.04587670261606318,0.015906664535341137,0.32,0.01773956861062537
445,-0.01835359847398177,-0.038561630136252176,0.0031428459015705873,0.012403970894493393,0.16,0.01368074128553128,-0.04115832360395117,0.005842672657627057,0.013878181215507003,0.23,0.014598706412831335,-0.01672216688132888,-0.037747785741732,0.003711308840432137,0.011982990124529773,0.22,0.012632739680518245,-0.04102176330911367,0.00936897974633357,0.014340539994667677,0.25,0.013272808203294082
446,0.012468083521608442,-0.00641392001890799,0.028885628787531557,0.009787451488116617,0.27,0.010529331535575517,-0.007760062026217172,0.030307664024557333,0.010928738558372685,0.32,0.011958574187423613,0.012592180136565823,-0.006535106141603235,0.038864442892475856,0.011824792382052878,0.19,0.010312651484020984,-0.007814125703311428,0.042290876692412736,0.01376259750269877,0.2,0.010986448872418
447,0.015800671396823063,-0.00219975763270841,0.03274578353964732,0.009944223979827665,0.2,0.011439554069320198,-0.006566749826953933,0.03568862771527677,0.012082081341058681,0.25,0.01273162215324094,0.028887499284703466,0.007143392439451189,0.04946179796009291,0.011543159387059288,0.02,0.01304814272048025,0.000681393099654537,0.052265770537160396,0.013641424837970517,0.01,0.012834927469439006
449,0.011677978811898804,-0.0004846575160264849,0.022168413541887765,0.005924711896623572,0.14,0.007380630282774966,-0.0027523703746718114,0.026433288923331674,0.007636193345882702,0.12,0.0072497616059376945,0.007401768353616056,-0.014401228387052798,0.023974486654189508,0.012401193825356717,0.7,0.01264599827387805,-0.017460295920496263,0.025840686938975295,0.013993177798263373,0.73,0.013007489844732602
450,-0.017793334502086644,-0.0413689225186362,0.009443169846409603,0.013212466572624152,0.35,0.017128813963829932,-0.04661014282261473,0.014965785407663773,0.016134559152240033,0.41,0.019116521105104166,0.001692607906742083,-0.028372469000153,0.03290422214853841,0.016043007960440475,0.87,0.016070989923713915,-0.034144650085941516,0.035982652852017516,0.018449604586618644,0.96,0.017140784556320048
448,-0.01522498834072561,-0.03871726297984009,0.006170059286092662,0.01223636659476537,0.27,0.014056693112907097,-0.04494566938536554,0.013489210335889582,0.016917781973849282,0.25,0.01552389055319331,-0.005100891294443244,-0.03214542114050202,0.016957881249312166,0.012633419032617702,0.63,0.01219023198651972,-0.03750735579345243,0.020637965259064694,0.01562095832010491,0.66,0.014203080893099613
451,-0.0035785197953872583,-0.015748841775304445,0.009731001565335747,0.006739068937059064,0.69,0.0070537227718571495,-0.01726841803616259,0.012951961968573799,0.007927533044483757,0.66,0.007637393882050322,0.007016328852590625,-0.0036472351046176396,0.027672490184359154,0.00835632842987896,0.41,0.008332917565448109,-0.005423338331238491,0.0308486247077957,0.009293397372554402,0.42,0.008334876580700212
452,-0.0068077355232958325,-0.03246060361544756,0.018053845635134187,0.01394003874892076,0.66,0.01456257112879779,-0.03529287644785847,0.020981372936783017,0.015242345451583572,0.69,0.015108173282243662,-0.004286718628586428,-0.01657714392809213,0.00915268788369943,0.007363467907928154,0.53,0.007439035707484699,-0.018290519002417138,0.011236076442968864,0.008448712140694106,0.54,0.007750945252006451
454,-0.004011419099394509,-0.028655611259568524,0.021772504900768735,0.014600909589256543,0.89,0.014504740287316546,-0.03270000506755397,0.026736693171349697,0.017214671999907675,0.88,0.015516793380844562,-0.01417165358957373,-0.032500312164203654,0.006556910304180173,0.010191724225058645,0.21,0.010111786646118682,-0.040943235603901756,0.014990199834561846,0.016720657349234485,0.27,0.012155348962535267
453,0.007835584120654993,-0.017944050960367518,0.033131901713440645,0.012770229707569363,0.62,0.014108899140479948,-0.016178949386208334,0.0323846563105846,0.013322493829040936,0.63,0.014211593836773577,-0.0038067856087700136,-0.024834758102936626,0.015344178147077774,0.011103534812194187,0.72,0.011399688487090073,-0.02733847385608507,0.019274828311769493,0.011730337757384508,0.76,0.011388430017024853
455,-0.013604369950207307,-0.029703734186321506,0.001167575872205881,0.009069871941362835,0.21,0.009854531378603728,-0.03132217716237528,0.0010144860515720819,0.008856979064193273,0.16,0.009593570353182559,-0.0237183395656988,-0.04529714706478924,0.0005163327420284677,0.011020947989423902,0.08,0.012956473000481049,-0.04705509374659789,0.0001747239169471726,0.011853522690960048,0.08,0.01264533915496163
456,0.013880718385263613,-0.0019575384793925274,0.03366972371356658,0.009616016153843597,0.3,0.011148145224478016,-0.0034238712969115043,0.03530345963839014,0.010717463777525615,0.3,0.011434052810281169,0.007807936586227804,-0.009976016051583911,0.023362789423580787,0.009509989293171347,0.54,0.009870940810773854,-0.00937285112933299,0.023993443380618415,0.010072457975306651,0.54,0.00986210387008192
457,0.013072718259737215,-0.016608232461304072,0.03393865538832492,0.0140177023467731,0.51,0.017207255517652103,-0.026081628210894166,0.044314113177906206,0.020894437482579437,0.68,0.02132310154041085,-0.013135769101633166,-0.02761648711015838,0.002863942841504572,0.008164155337499373,0.14,0.008809156819987143,-0.03826742830176206,0.012796094118546007,0.014993006205556159,0.23,0.010251810450970011
459,-0.012416249968774551,-0.039304470051638105,0.009406855125735088,0.012791229181885539,0.4,0.013865381037254145,-0.04123120986406565,0.013676156744836465,0.01403228896547514,0.43,0.01523236584019112,0.0010352401223290286,-0.023100472180506187,0.030337282467984433,0.01471998617544477,0.94,0.014794206098664537,-0.02531693949961382,0.03153908462913958,0.015924068913272603,0.91,0.014960667568538916
458,-0.019765055142443977,-0.05422973630874286,0.011820280608106248,0.019640424705113926,0.34,0.018613727798949906,-0.06544048985580306,0.02400050586744759,0.028520693840719893,0.57,0.023530944830854304,-0.018026787610848416,-0.04709388367246583,0.007342413802782839,0.015600450777021721,0.3,0.01608595226690717,-0.05563121498034822,0.016846859234534904,0.02172987667688879,0.45,0.020323946171529255
460,0.014895241240542312,0.0013896608302061096,0.028608301810261236,0.006910757945424616,0.12,0.008463094963295618,0.0004871506096134452,0.028838208379986338,0.006905696149226474,0.13,0.009251869280751992,0.012276870999148315,-0.003337108881423932,0.03005393861290031,0.01062197000378823,0.34,0.011567739592978635,-0.006510632591755484,0.03183822154277238,0.011647337864709227,0.37,0.011822969881782943
461,-0.008650573896326286,-0.021930757629501096,0.006755916529076207,0.007625234836872098,0.36,0.008021811090027395,-0.028013321031201688,0.01116915474821702,0.010828924291518983,0.48,0.010697460966576334,-0.01747938952978778,-0.029812728072169656,-0.0043764303440002005,0.0067894165961898244,0.05,0.008636452678599119,-0.031032992024809355,-0.003963029256908442,0.007234849789462159,0.07,0.00957804229529717
462,-0.011190659140379644,-0.03372303559289644,0.012786291666214165,0.01262093654397208,0.46,0.013274043437242315,-0.03330063104474905,0.012767897815542897,0.012847413450262931,0.46,0.012751881145259108,-0.0003510434827980191,-0.017518791439123976,0.020877160802837347,0.00951535372725913,0.96,0.009534721208253372,-0.020498469225225236,0.02271103479936909,0.010902069453944726,0.95,0.010405139356995682
463,-0.021225553406801545,-0.0427335571028073,0.00029830295984956123,0.01127454589496161,0.08,0.011916668467963965,-0.047120255669669354,0.0036862941942444674,0.012362113192589064,0.1,0.012217385116807101,-0.006636204836594217,-0.029844994856223918,0.022126249968532047,0.015855894512654626,0.79,0.017519973678253385,-0.0395694695231195,0.03485917338062987,0.02405991644862086,0.93,0.023031236944597636
464,0.011298341956428537,-0.005818727253390631,0.027602120279911668,0.009258534537653228,0.24,0.009328850711696104,-0.011801919093543799,0.03263526754401176,0.013064160104184225,0.31,0.010235373384755247,0.004818704443747102,-0.009836070355461142,0.018101090799104644,0.00669170526404273,0.45,0.006622158304740348,-0.011393299136889024,0.019612541693158736,0.007877975614785418,0.57,0.007152169242478055
465,0.015316117289556175,0.004420563363851396,0.027832737530783414,0.006429813379310011,0.09,0.009129464852323842,0.0015917533085657819,0.030481956352609262,0.007793935584801222,0.13,0.010451338982202225,0.004646734298430211,-0.013559789909951634,0.023195144249181156,0.009924706768673512,0.68,0.010179428288076275,-0.016086915016353842,0.026766754986654148,0.013192171976029232,0.78,0.011948885680616538
466,0.0003193157131677893,-0.01637894709949443,0.016228486955098195,0.010083415759974818,0.98,0.01003739897459028,-0.02125968824643269,0.02057581351261928,0.01374400878440021,0.96,0.011581561880766915,0.016654951543318752,0.0013290141175192893,0.03830654958501434,0.011228862386779094,0.18,0.012629657546143813,-0.006660049006764354,0.04648333578915195,0.01573157259137239,0.3,0.014797140324040921
468,0.0007251909745571439,-0.01612531051715238,0.017720997897385835,0.009940869099948735,0.95,0.009926319270767698,-0.022018852972924337,0.022127103134785296,0.01260741460150996,0.95,0.011034026571190958,0.002490758167332352,-0.006649326739047407,0.01209618612271459,0.00518578802154885,0.69,0.005629578648455689,-0.007454042471643784,0.014413141312868215,0.006353086198829147,0.68,0.006345422868761718
467,-0.006141311689148665,-0.02033568354589277,0.005954829899192712,0.006577262717373801,0.42,0.007084019899175657,-0.019941571420598513,0.006994328981369868,0.0069946301788621915,0.43,0.0076573959786336784,-0.003407806914522915,-0.025503150605689306,0.02002946553741562,0.012031613495303134,0.79,0.01199223618173722,-0.027146665138292066,0.021653332907008854,0.0129917463729871,0.83,0.012221165376423725
469,-0.006731201768025663,-0.049826953187415056,0.03661304739060726,0.023881862159586948,0.8,0.023883848238985646,-0.0641239167895688,0.04763272998241228,0.03346594590408015,0.87,0.027982579909633,-0.005180273301086835,-0.043543833146604836,0.02550446057269648,0.01918770022445708,0.82,0.019468249804041157,-0.053478139579327434,0.032591497880216105,0.023801408197259608,0.83,0.02197060038717367
470,0.0016399102857826975,-0.01598126599870241,0.016494097238288985,0.008879544461401772,0.84,0.008646418564056898,-0.016658798195072277,0.019674392236648724,0.009663506771782236,0.88,0.008903120430932871,0.005248446599849466,-0.00695431425387345,0.01985823275024625,0.007462345930658505,0.51,0.007236673541132025,-0.010209890467135805,0.02365008833679911,0.009095724583908633,0.57,0.007898520343751195
471,-0.020113237532437545,-0.04098816876038955,0.0024414713806013566,0.011454263934525392,0.27,0.01549056568182481,-0.042860346306779595,0.005393545572312551,0.013246969826272197,0.31,0.01768614265031604,0.006619052713065621,-0.022472650183288936,0.03527868720418685,0.015895858471190256,0.68,0.015152181193205397,-0.029010926246232763,0.04043329233263839,0.020814188145481444,0.73,0.017623939024090582
472,0.00557963213187751,-0.019997733368488466,0.029351331359838664,0.013546908767892094,0.77,0.014066137991883974,-0.028887078566460153,0.03685524195370292,0.01878530992552377,0.7,0.016396728807062874,0.007794384384784081,-0.016134418798014222,0.02804931412435554,0.011819512008247792,0.48,0.01131828455302847,-0.020096062513926816,0.034914057795780364,0.015630051530295373,0.52,0.013596071590095708
473,0.0005969075555167791,-0.04613825511499021,0.045009762939158725,0.025204138108166057,1.0,0.025201516743694887,-0.052664501553314744,0.04816543988438799,0.027891628730381573,0.98,0.02644746464345812,-0.006008299060699329,-0.03754285842738305,0.016270261980554226,0.014782898887811322,0.75,0.015489807688598728,-0.04418814584318879,0.019699127373903953,0.018267421393906816,0.74,0.017066651727581317
475,0.01085024872366347,-0.0003911991695030939,0.024528366515634836,0.007125554825488379,0.26,0.00914922451430018,-0.005268064799647955,0.028019523227766283,0.008783778150207927,0.33,0.010301041845935026,-0.0029974734519484514,-0.017667366564574037,0.012151091484359128,0.008127539881484944,0.8,0.00866340825472666,-0.01962655568240041,0.013114969197229431,0.00886361037315371,0.76,0.009044942820819888
474,0.002468119391822121,-0.029895125608260464,0.04275554381451195,0.019174098244000147,0.96,0.01909406900515794,-0.03278242559198978,0.051895379950299886,0.022622276610597833,0.9,0.02093000334977555,-0.00302739843128208,-0.029970274947400052,0.019555520900384992,0.015372225833039224,0.87,0.015646555460359455,-0.03035146614540922,0.0228984615561294,0.01670436870249258,0.9,0.015712091690036744
476,-0.010766007713343129,-0.03281351441980646,0.011742054702430858,0.011531510645267227,0.28,0.010504116571683968,-0.034867001413467935,0.01352315529922539,0.013015220532349225,0.32,0.010719383213846717,-0.01484477433997089,-0.03387558444973138,0.005353657183434099,0.01248557552070171,0.23,0.011668788991869301,-0.03765763035417708,0.009104805227795859,0.01325593447208319,0.2,0.011828664676809758
477,-0.010049877299940668,-0.04554524154978186,0.02501211977905555,0.020659816871491567,0.74,0.020861358707669496,-0.05437756995606081,0.03271252968613502,0.026960874944441077,0.75,0.024134185104126932,0.003814106853967658,-0.01729814194454211,0.02073978639484566,0.011485033709435566,0.91,0.011976265938211201,-0.02271545421790262,0.026859355469125164,0.01537439539956338,0.95,0.01423700181753019
478,0.003940446820474897,-0.01765573499309485,0.03474911691551073,0.01424714145046268,0.83,0.014491698815076476,-0.030082468394972528,0.045462591191530066,0.022080644622907118,0.89,0.01879219281790054,0.016933777134418015,-0.004424899251834313,0.04517475797034169,0.01352837030771752,0.43,0.01623645877643856,-0.012366441151019363,0.05433718128606419,0.019426987479640046,0.61,0.020944546000604577
480,-0.00908563379374172,-0.01885708637073162,-0.002749786485161866,0.004657204653406717,0.17,0.005740451779234734,-0.022204577364451337,-0.0015292777333279599,0.0059140221881363,0.11,0.005383225286136198,0.0054114164604914805,-0.0018814090959562869,0.012703354935105923,0.003981945334198947,0.31,0.005025375655973581,-0.0031280034969956,0.012808979319750025,0.004333661386136984,0.29,0.00502643672460511
479,-0.015171716675717484,-0.028832646328851075,-0.0014389209263637563,0.007804686079650991,0.16,0.009527277816087221,-0.0357511905197541,0.004304411773128743,0.011970497701596392,0.17,0.010696896488116682,-0.01428043882175789,-0.030042363053336317,-0.0035120853492994104,0.007393911801137558,0.13,0.008760535920181969,-0.03340068494140169,-0.0009295053112819314,0.008530403083447288,0.14,0.009210782458673308
482,0.02121758887330838,-0.001196792087173118,0.048643635002736024,0.014820011122477463,0.25,0.01591471073068444,-0.006465316025217174,0.05410388691683643,0.01786985158652309,0.25,0.016468823245595083,0.02335393362677607,0.0012714222475702225,0.044493743359655766,0.011876365699015911,0.11,0.014948475222005386,-0.0016161736627085393,0.045765596064177405,0.01309036825803103,0.12,0.015503429330547205
481,-0.010617447934963664,-0.03245055819639248,0.014558152958862668,0.013022982640826799,0.46,0.013160578672681356,-0.03233191084366118,0.014373283956838859,0.012948280363747402,0.44,0.012715087278363945,-0.008248252995782579,-0.0328022352752002,0.014276268953428282,0.012346031368563229,0.5,0.01291572357543045,-0.038115772467184554,0.016121739742030128,0.014224357381777901,0.55,0.014471038354049883
483,-0.012358840434771423,-0.03593636105095457,0.00966461370794982,0.013073430714624728,0.57,0.016420838158832492,-0.03924505335449657,0.012429685748217074,0.014896054217972604,0.61,0.017846882152189877,0.00647197717867698,-0.007442714942122428,0.021217075256788353,0.007758972348410506,0.48,0.007995627024675489,-0.01195734970222832,0.027337509521348922,0.010558284606602172,0.55,0.008707926621069834
484,0.0028131118282876955,-0.013884428297553743,0.021653876835212006,0.009163696315040284,0.71,0.008894573859970866,-0.016995801998320553,0.023701732620519552,0.010739234782057858,0.69,0.009087478283418047,-0.016206478237373645,-0.04275052861616805,0.006674046991203927,0.013928461438487827,0.45,0.016657280902260586,-0.05154814203679304,0.012520708762249678,0.019577050381909603,0.57,0.020077434948313343
485,-0.003735953777869838,-0.02300121311499697,0.018428912029560738,0.010487968330367315,0.69,0.010457297847588419,-0.02712410407387174,0.025113421059066658,0.013835174620217132,0.74,0.011504434812674753,0.0035286133247183216,-0.026392287971724875,0.03382921484241654,0.016752716602395485,0.85,0.016681515255673934,-0.027087552707716255,0.0356484954602648,0.017073866618800684,0.84,0.015902482034896505
486,0.027903286498593083,0.01104995053640119,0.03894797740142927,0.007536576310484011,0.06,0.015441180721775864,0.008576862308296865,0.040470400731057316,0.008576484497832045,0.08,0.016342148983857354,0.016112018212401935,0.0016424161877181265,0.029066915530454283,0.00743762539456136,0.17,0.010737309240410203,-0.0019997862917500095,0.030512547530605127,0.00934939463078336,0.22,0.01149742220002584
488,0.012272380869370103,-0.0022084910783100042,0.026776118373802095,0.007881328191587716,0.14,0.007744942188421889,-0.008164734521976635,0.03281515143418408,0.010811449097021425,0.16,0.00833919216810235,0.011039669651668582,-0.008699511771797879,0.035539137768826064,0.01277607346720145,0.51,0.013209080356114511,-0.011001005603833519,0.04068392356494396,0.01517059126606411,0.57,0.01433721826367906
487,-0.047616503413165034,-0.07228787266002272,-0.02462391880264199,0.01251004832094161,0.02,0.024114859833891063,-0.07665806649318405,-0.019139421976480622,0.014274635557204759,0.02,0.023800891628551007,-0.017290202344993233,-0.03937647166478356,0.007816666509015885,0.012293408713763204,0.22,0.01336821420742656,-0.04291807169617001,0.010509148467448742,0.014465918389718327,0.22,0.014071086261599149
489,0.0044558671394359095,-0.017452633388901257,0.0280313116546107,0.012538539079065388,0.81,0.013136671374864177,-0.020630025735214504,0.03176689487997337,0.01423885392981016,0.85,0.013891284084116768,-0.017722624757884553,-0.04069459691745707,0.005594692227497866,0.013697211736786018,0.2,0.014316209813083156,-0.05006589415913165,0.014212612016666522,0.019511876360612357,0.32,0.016093155308788472
490,0.010232568366094874,-0.012706406070421394,0.029944811985132744,0.011216175416117328,0.39,0.010468153398263128,-0.014915222214669122,0.03267213174529049,0.01269786796865931,0.41,0.010542889641097683,-0.004769288577715969,-0.028014811994273178,0.0170717723299139,0.012803280163740884,0.81,0.013439156748896211,-0.033192083796333934,0.021216399720612907,0.01571647548777681,0.81,0.014643486691722806
491,-0.020587368021216967,-0.03277755238267246,-0.006882503466591937,0.007224863333192984,0.06,0.010672472163808027,-0.03607495119520876,-0.003927776126703635,0.008760556479929738,0.14,0.013353351573642654,-0.011535858029387391,-0.030756126703681816,0.009675761949286564,0.011045996613659166,0.34,0.01142596680683925,-0.03612770730350383,0.015247838094654617,0.013651924655349082,0.48,0.014182231835256775
492,0.031097119874568868,0.006035693806780304,0.05623037089872622,0.01302952059560848,0.01,0.014297609796701262,0.0023268985112493215,0.05731700484546604,0.01401995453074992,0.02,0.01485684567673766,-0.00016587577661120179,-0.027615793406832755,0.025226379186283624,0.01421237442372148,0.98,0.01423488552843584,-0.03602064056954317,0.03216297059445687,0.019285337683312656,1.0,0.01717849632372475
493,0.0004966545332987238,-0.029863974189156112,0.02966017157792815,0.015939575090751532,0.99,0.016012172828836536,-0.036923573931218354,0.037008580552915976,0.019904561386244444,0.99,0.017620088326656267,-0.007500643913933125,-0.01570643520204293,0.0009662047588680604,0.00442264244805558,0.19,0.005436950004888746,-0.017072729037468856,0.0018942158795533168,0.005063722800752575,0.22,0.0060877045314384525
495,-0.006164888558521042,-0.01951344188858672,0.005574957317292781,0.007216126467978266,0.41,0.006713340979267652,-0.021770156973840743,0.007194898490647181,0.008075225818215325,0.39,0.00658189485228557,-0.018616491023172088,-0.03336872092562304,0.0010945368656434667,0.008676782623454461,0.04,0.009092293239101459,-0.036970007479426095,0.005516344742793451,0.01095532750342051,0.05,0.009486479228430801
494,0.008926373254937836,-0.005499876526760691,0.02079200383901463,0.007485195426155886,0.37,0.009070651614286043,-0.007417592345395799,0.023181294260497108,0.00853180891440501,0.49,0.0102915397954291,-0.017694099924339568,-0.03254851431418362,0.0011751066987439884,0.009844843856956187,0.17,0.012150487414835251,-0.035166525855222106,0.004704157788547644,0.010815287089893624,0.19,0.012511955707919763
496,-0.005368840348038972,-0.022472146428347273,0.011734037915566951,0.009456513541897879,0.71,0.010318261564238063,-0.027638317791751986,0.016706201929056207,0.01185831074090806,0.76,0.011742975370920382,0.018992803923587154,-0.007965237111922492,0.05197798049593513,0.01567737700441896,0.23,0.013660645487807006,-0.01258705580615653,0.05873268968794804,0.018676752224838476,0.26,0.014339932937620384
498,-0.015005199917420775,-0.025675402846829162,-0.002273993166584231,0.006303007072164669,0.05,0.006848713991375113,-0.030114831538038577,0.001719524956636409,0.00917906727700746,0.04,0.007551115518816187,-0.016386575533010372,-0.04833019421829631,0.013470620489438721,0.018313800707686522,0.55,0.02034298831283497,-0.052936696212775025,0.017540163514944446,0.02102774232763441,0.59,0.021508702090771364
497,-0.014181640279780972,-0.05045290179190513,0.01657708197065042,0.02100350256529862,0.64,0.020260366677130482,-0.059008099627481145,0.021442580927475953,0.02420301004313786,0.63,0.022397442152253366,0.001913065358907673,-0.011115862181688294,0.01952100271981014,0.008085250148216665,0.83,0.008054444760669941,-0.018805433956724463,0.024137655440687043,0.01136112725542889,0.77,0.009577713769074264
499,-0.0438937268721995,-0.07581335157453442,-0.008904546784499798,0.019465277849860775,0.08,0.02532863163602863,-0.07975925112236543,-0.00425726898191181,0.020979547680892007,0.1,0.026960358430437342,-0.025284798778106854,-0.061372936520280585,0.008641984041938097,0.01918339626884959,0.36,0.02661836077877375,-0.06874006064664269,0.015214239045333769,0.023654420684576734,0.52,0.029824693982149552
