rep,hx|edu|F,hz|edu|F,hx|edu|P,hz|edu|P,q3mean|edu,hx|web|F,hz|web|F,hx|web|P,hz|web|P,q3mean|web,mf_F|edu|est,mf_F|edu|pop,mf_F|edu|wcu|lo,mf_F|edu|wcu|hi,mf_F|edu|wcu|se,mf_F|edu|cr2cv|lo,mf_F|edu|cr2cv|hi,mf_F|edu|cr2cv|se,mf_P|edu|est,mf_P|edu|pop,mf_P|edu|wcu|lo,mf_P|edu|wcu|hi,mf_P|edu|wcu|se,mf_P|edu|cr2cv|lo,mf_P|edu|cr2cv|hi,mf_P|edu|cr2cv|se,mf_P6|edu|est,mf_P6|edu|pop,mf_P6|edu|wcu|lo,mf_P6|edu|wcu|hi,mf_P6|edu|wcu|se,mf_P6|edu|cr2cv|lo,mf_P6|edu|cr2cv|hi,mf_P6|edu|cr2cv|se,q3|edu|est,q3|edu|pop,q3|edu|wcu|lo,q3|edu|wcu|hi,q3|edu|wcu|se,q3|edu|cr2cv|lo,q3|edu|cr2cv|hi,q3|edu|cr2cv|se,mf_F|web|est,mf_F|web|pop,mf_F|web|wcu|lo,mf_F|web|wcu|hi,mf_F|web|wcu|se,mf_F|web|cr2cv|lo,mf_F|web|cr2cv|hi,mf_F|web|cr2cv|se,mf_P|web|est,mf_P|web|pop,mf_P|web|wcu|lo,mf_P|web|wcu|hi,mf_P|web|wcu|se,mf_P|web|cr2cv|lo,mf_P|web|cr2cv|hi,mf_P|web|cr2cv|se,mf_P6|web|est,mf_P6|web|pop,mf_P6|web|wcu|lo,mf_P6|web|wcu|hi,mf_P6|web|wcu|se,mf_P6|web|cr2cv|lo,mf_P6|web|cr2cv|hi,mf_P6|web|cr2cv|se,q3|web|est,q3|web|pop,q3|web|wcu|lo,q3|web|wcu|hi,q3|web|wcu|se,q3|web|cr2cv|lo,q3|web|cr2cv|hi,q3|web|cr2cv|se,diff_mf_F|est,diff_mf_F|pop,diff_mf_F|wcu|lo,diff_mf_F|wcu|hi,diff_mf_F|wcu|se,diff_mf_F|cr2cv|lo,diff_mf_F|cr2cv|hi,diff_mf_F|cr2cv|se,diff_mf_P|est,diff_mf_P|pop,diff_mf_P|wcu|lo,diff_mf_P|wcu|hi,diff_mf_P|wcu|se,diff_mf_P|cr2cv|lo,diff_mf_P|cr2cv|hi,diff_mf_P|cr2cv|se,diff_mf_P6|est,diff_mf_P6|pop,diff_mf_P6|wcu|lo,diff_mf_P6|wcu|hi,diff_mf_P6|wcu|se,diff_mf_P6|cr2cv|lo,diff_mf_P6|cr2cv|hi,diff_mf_P6|cr2cv|se
2,0.4,1.5,0.4,1.5,-0.013061928197505734,0.4,1.25,0.4,1.25,0.05621600904100634,0.6504411831405981,0.6634590943962207,0.6193178887723355,0.6823220771445598,0.020958807335858587,0.6015907556234389,0.7029814098637506,0.03141380089856639,0.7110472755043823,0.73200359224621,0.6849227099640134,0.7430354388150102,0.016323284963740196,0.6823763098557564,0.7639275817387013,0.0239437557538833,0.7279284863381826,0.7402192581802616,0.7158896535053947,0.7475119098367851,0.009650673317378868,0.7140737367612752,0.7662521953159964,0.014444699797206275,-0.043865420588191886,-0.07053776345889365,-0.0667944373413718,0.0029387794762713304,0.019917340370153417,-0.12737313068766093,0.023087383886571486,0.04480419525649647,0.6815914162143374,0.6796184077056286,0.6767175200700575,0.6891625176345638,0.0036766622454711506,0.6754053279063449,0.6972011525803233,0.006617299380717699,0.7333944987582921,0.7301594777180922,0.7267915674273825,0.7418572032227384,0.004661808701059731,0.7254077962002962,0.7534065724472512,0.008756521056516073,0.72738957936563,0.7268499351510737,0.7215583389262542,0.7329596747488624,0.0032861225228554536,0.7182994099366193,0.7384573189255879,0.006007184789472565,0.027397723799849137,0.009737519194811431,-0.01797924710731539,0.07941484720550021,0.029223063731149086,-0.01946430995743114,0.08483736613853751,0.034496323667433805,-0.03115023307373932,-0.016159313309407897,-0.060566274380223634,-0.0034148323820635262,0.020230485618171746,-0.07918133934793638,0.014882928239460178,0.031238425996210423,-0.02234722325390981,0.001844114528117835,-0.047196340751462354,0.0037350276595647207,0.016112959519471424,-0.057505899089718,0.02434231702636802,0.024970677106540128,0.0005389069725526552,0.013369323029187918,-0.014398234371442158,0.0180376081138081,0.009979206229786328,-0.015328395510325062,0.034066814725704275,0.014674133347651594
0,0.4,1.5,0.4,1.5,0.017048214111683793,0.4,1.5,0.4,1.5,0.040256833087956904,0.7124130353649897,0.7116484479592741,0.7056077687277278,0.7233049480787448,0.005657381437495916,0.7024689677397432,0.730591119740979,0.008843083120041393,0.7571086293215163,0.7553999638665194,0.7486252027867312,0.7692808466645947,0.006433721101055825,0.7464592133166047,0.7766394888772911,0.009809844693931893,0.751560204707872,0.7534521192025196,0.7449952979225307,0.7598985051748547,0.004763657801619656,0.7435018259172355,0.765563824455506,0.007089106320446229,-0.03629495709394615,-0.06606143928514059,-0.060179751635729174,-0.01047862751897307,0.01389610821488308,-0.06613893689330651,0.013550562301779916,0.02335197238309611,0.6616842133353456,0.664227914076675,0.6535612820257912,0.6706069890172616,0.00567853310536453,0.6490556491982983,0.6772335341175294,0.008778396764766192,0.7119158791736189,0.7152772397963314,0.7032417881374722,0.7213943782281962,0.006240442719761706,0.6991436601829091,0.7270316483188518,0.009113086303220165,0.73375749789775,0.7351734603712134,0.7290252520796897,0.7388054944912,0.0031155483301416567,0.7266215778554607,0.7412882720296127,0.004588213963094203,-0.01472763025004738,-0.008144981849481784,-0.046869998937639046,0.03269992214321006,0.023510502500154386,-0.05392147192417231,0.03580380586154509,0.028733566978912977,0.05072882202964413,0.047420533882599036,0.04514030703412468,0.05807868475035487,0.003946579038649464,0.04185959702978928,0.06307230765273501,0.006364242228962025,0.045192750147897476,0.04012272407018802,0.03894194561653741,0.054922972368252096,0.004511287293499394,0.03479312772181986,0.0624002986762497,0.00774682149699018,0.01780270681012197,0.018278658831306194,0.012462820760551233,0.02352788667769621,0.0030734348867151946,0.011184524520266751,0.02629852128566206,0.0044765384391141525
1,0.4,1.25,0.4,1.25,-0.03924317408477307,0.4,1.5,0.4,1.5,0.015013182550084207,0.687016308867854,0.6901407074475591,0.6818125666319804,0.6925626213670695,0.0037089116295104503,0.6788159505677284,0.6950114364052692,0.005370940733607368,0.7357240426423053,0.7381822440061542,0.7292056354051838,0.7438239611405333,0.0040985770862040985,0.7254091683848387,0.7478619238299782,0.005953229609063919,0.7468568206175364,0.7487228898592829,0.7428972647132408,0.749836344594043,0.0019931457787039208,0.7411801565759267,0.7510525398537953,0.0028552812849396963,-0.16347235623516645,-0.2309622041881926,-0.26661848837167423,0.4155574255089681,0.17678324664155065,-0.2891729191119697,0.1258191563799754,0.11185474842986669,0.710086961234457,0.7075475746413958,0.70687680219511,0.7161662010048389,0.0026111274700446967,0.7042663080072942,0.7226331444120859,0.005227863833635287,0.7618916511252002,0.7600945341741073,0.7585977003115277,0.7672722331900981,0.0025240342377719073,0.7552885797867265,0.7741912402803427,0.005628540517070235,0.7380786418957173,0.7404700040303707,0.734501582143458,0.7423606892480035,0.0023875013963227895,0.732571706449006,0.7493888980276641,0.0052245101340508355,-0.004449970803119339,-0.028286987906534868,-0.03600543656328503,0.024434494450264334,0.01758315427930444,-0.051456130819314494,0.02941756871119501,0.02548899301473874,-0.023070652366602995,-0.017406867193836773,-0.032908614563625996,-0.014941966101421757,0.005313521012320679,-0.04136834198173915,-0.011275152166894408,0.00908302181722181,-0.0261676084828949,-0.021912290167953152,-0.0363634807019372,-0.01604600617044316,0.00565923282704739,-0.04479461884586115,-0.01080212782377879,0.009376155878156732,0.008778178721819185,0.00825288582891226,0.0024901051165472365,0.014364701467456008,0.003554102415553277,-0.005196992581446874,0.01631650202719128,0.006171207830856428
3,0.4,1.5,0.4,1.5,-0.08958430634558016,0.4,0.8,0.4,0.8,0.09199936386167605,0.6778620881307521,0.6846027382074841,0.6626601662499293,0.6986977044883408,0.010321606988880384,0.6559577962028987,0.7273359080367231,0.01857676250554831,0.7252908993957233,0.7291256122889094,0.7058686529015553,0.7491051347994641,0.012237947352445754,0.6975556151194179,0.7622287376549433,0.017955069343273553,0.7251761494505589,0.7323054040051487,0.7150755678955232,0.7398118644186937,0.008105183804547923,0.7106766150776719,0.7477966163099173,0.012076268565439148,-0.08571227852443868,-0.09749931228607521,-0.1381536667378449,-0.01719155300543221,0.03573317284008564,-0.15695147892602587,-0.007564147103137159,0.04307275302228944,0.6897995607159091,0.6905985865761375,0.6839822584660001,0.6986880411748696,0.0041209401867965895,0.6809696394491279,0.704024552657867,0.0063638606845921215,0.7389962972922219,0.7404234561164467,0.731499182268332,0.7472878465087693,0.004367149218326426,0.727710865724011,0.7507036259533633,0.006769476110274744,0.7300333167491226,0.7333274827329037,0.7240161062578249,0.739171469347914,0.004644634665993717,0.7203445771803578,0.7435102674009885,0.006438550812495888,0.038831027601356476,0.018527778641831937,0.019599399241918607,0.060232603870798936,0.011904431691046826,0.011540365113520697,0.08183154232284676,0.019512809073305815,-0.011937472585156983,-0.005995848368653411,-0.028984156523260557,0.012231558670375727,0.012762295205198452,-0.038286727153589786,0.04164718692458721,0.022668664967071882,-0.013705397896498606,-0.01129784382753729,-0.03351748449366858,0.012319535313062353,0.013952932875264555,-0.04387908691190591,0.02784486573835436,0.020966223187170865,-0.00485716729856378,-0.0010220787277550603,-0.019960831835673917,0.008957586653286009,0.010062454472947204,-0.02845017245895573,0.018314631680627212,0.01552018950949244
6,0.4,0.8,0.4,0.8,-0.022153984565044946,0.4,1.25,0.4,1.25,-0.002548232837760748,0.7221256507437915,0.7196243066113908,0.7132302609410189,0.7297734039388281,0.004968460586328784,0.717728927316848,0.7381973639915752,0.006075463076461943,0.7645572515805994,0.7623186164204311,0.7550784549124195,0.7716530312759722,0.00463070434691512,0.7544486482817135,0.7819635248498381,0.007579718652292576,0.7461607759810875,0.748971456331224,0.7396347368236812,0.754365030001839,0.005091527957162701,0.7327629069245466,0.7574749136229451,0.007124913137532395,-0.047958519140093706,-0.06883414533312919,-0.0764806949334126,-0.008115030975504159,0.024528282663992672,-0.07687806796204479,0.004945286078359354,0.02328129716345583,0.6795106669444789,0.6791688755731209,0.667467571676318,0.6998805878288058,0.008759340096224063,0.6606663168323116,0.71101416720849,0.012906190825328947,0.7291459951770435,0.7301888458632713,0.7144497844380577,0.7498957020692996,0.009504831524098627,0.7066343383553342,0.7577698355174157,0.013247765974405948,0.7384792180148343,0.7398320947592583,0.7312335399584593,0.746640345167903,0.004413864929896926,0.7261601710798385,0.7488870412368711,0.006767714671120273,-0.06834684090673475,-0.08609404808693129,-0.09991153777640552,-0.034162706751739366,0.01977193035124064,-0.12601572746197087,-0.006647187999054033,0.03570913877285904,0.04261498379931261,0.04045543103826987,0.026851804410474703,0.05607909802148161,0.00836891914350554,0.02070468448322172,0.06947957627262207,0.01396493096457041,0.03541125640355591,0.03212977055715982,0.02046501972226098,0.050242626723888704,0.00867218062380891,0.016880861160982162,0.06499265091282892,0.01358252055099821,0.00768155796625325,0.00913936157196571,-0.001401278130325468,0.017133696251895404,0.005440236055052993,-0.005332170937834755,0.022308204809196527,0.008354846407424602
4,0.4,1.5,0.4,1.5,-0.1231994383853972,0.4,1.25,0.4,1.5,0.06695656491965568,0.632016333879901,0.6416058556957485,0.6208172040950102,0.6413828304978894,0.005851901938753746,0.6137462816087629,0.6469706564762395,0.009003320196946846,0.6779393933998749,0.687536266281943,0.6668092478840811,0.6867934547231365,0.005901364461622051,0.6572256382281297,0.6913705935547072,0.009145186755637589,0.7142241577460829,0.7204027599083325,0.706255788799537,0.7214712053966398,0.004012896220286121,0.7009836693150038,0.725745136905254,0.00633194095713585,-0.08106192506085334,-0.09576402779697665,-0.10968206702722927,-0.03731837509832665,0.02174102228470934,-0.14386689757327314,-0.008193184071576723,0.04447454873417541,0.6930594680734103,0.6909263629124841,0.6898192090147424,0.6996173858511329,0.0027015742394982346,0.6891191191559776,0.7063821846241557,0.004611019874972068,0.7457701564040016,0.7420128124747796,0.7408309705507098,0.75546461417384,0.0036805125205666006,0.7378621242272201,0.7628381910233171,0.006717306909968598,0.7355153871048541,0.7344989157273812,0.7310863967526047,0.7407839651814476,0.0034368438388622993,0.7269153376749907,0.7460210525425074,0.006285520712646679,0.0106569381465139,-0.0030850959102432457,-0.029773939666656053,0.06795392988403072,0.02883216903504107,-0.04199036461881356,0.06554432692551126,0.03368985924058654,-0.061043134193509374,-0.04932050721673564,-0.07880018175612269,-0.04909234329882162,0.008331441601431561,-0.0925142866034574,-0.042886564957062626,0.013131740073701477,-0.06783076300412672,-0.054476546192836595,-0.08910674272331445,-0.05423447888390365,0.009005579364243168,-0.10026809544089454,-0.049440169194228265,0.014919462526743168,-0.021291229358771147,-0.014096155819048772,-0.03278884305723173,-0.010880476271801665,0.006769767939768014,-0.04314167424994139,-0.003013653452900389,0.011435897149470173
5,0.4,1.5,0.4,1.5,-0.03662099727470335,0.4,1.5,0.4,1.5,-0.06720995470427589,0.7024432452572044,0.7029749520854757,0.6987130484823527,0.7063835350967362,0.0018618948486542356,0.6965560500613893,0.7096421571081735,0.0036200577056456004,0.7512777542230247,0.7506225447889441,0.7453065450745989,0.7571058002754265,0.0030404080301153127,0.7386714473552796,0.7631778697787633,0.006698728248758549,0.753706449414898,0.7521842300385789,0.74848675748551,0.7600892067174216,0.003172626361875879,0.7444954994807047,0.7664730890904838,0.0055929016701887265,-0.02972833164540145,-0.042682408436529005,-0.07863920651247057,0.027386055070256966,0.027328515174114443,-0.0716151754076505,0.05569665282351233,0.035020713544632064,0.6964819215815193,0.7048881027464811,0.6845632517594763,0.7334673173287722,0.011707974419641703,0.6829385861526707,0.7615348092617332,0.024516575830455807,0.7548998300259383,0.7590095002329186,0.7361688896949802,0.7802651429801576,0.012509870447371028,0.7383372999068101,0.808829081038618,0.021786731925145585,0.7511517573568629,0.7483798739419497,0.7397432597786239,0.7699898670198844,0.008466186335978818,0.7321247733611927,0.785143741260588,0.014584183205486812,-0.06871354588335933,-0.082099008987266,-0.09477579464167173,-0.04292065964306743,0.013195141731126287,-0.1187657599992375,-0.025614083578773317,0.024775373461538117,0.005961323675685026,-0.0019131506610053917,-0.032539377016387296,0.01831689367012266,0.012132566974711753,-0.06309883787964349,0.021889044880471137,0.026228803747839268,-0.003622075802913627,-0.008386955443974498,-0.03324141202681021,0.015526642979261741,0.013187151872765044,-0.06303738447674814,0.01150922697216139,0.023489569221902287,0.0025546920580350463,0.0038043560966292134,-0.013688519268837449,0.012184353657723124,0.007337291512031382,-0.027968259405368436,0.016159396458241646,0.01209704729689876
7,0.4,1.5,0.4,1.5,0.043375124884664794,0.4,1.5,0.4,1.5,-0.028771060763639576,0.7153117163767906,0.7186354463729118,0.7050537208438555,0.7268639807946924,0.007091228085648626,0.6999329096444155,0.7676490800143071,0.018552628127393927,0.7624596045930156,0.7672461444125632,0.7515507190437339,0.7756135824426468,0.0075292446715207835,0.7367105054966686,0.7916773595533719,0.01614484765349281,0.7532326391581684,0.7577609791568631,0.7500968311145696,0.7642069614690284,0.003557400037869223,0.7459206464688936,0.7787243700820823,0.008546555214280906,-0.05670490562086376,-0.11990417772983024,-0.10847603188408637,0.009754489918664982,0.035788127873585325,-0.14759512668047264,0.019648476012656985,0.046939791955773386,0.6742665534296036,0.6826915319010822,0.6558771324457543,0.7077505419467635,0.01597040144906401,0.6470451997297245,0.7317014808803576,0.02643670665230382,0.7270356008712944,0.7322671377880949,0.7025755329586931,0.7592058574099891,0.017975857201189722,0.6894364370650948,0.7804679286318308,0.029639641315249984,0.7456464798027175,0.7488121820777596,0.7341184778469184,0.7601669069650584,0.008242438968683612,0.7242757466643591,0.769314356132202,0.014205990326953044,-0.08776579325870211,-0.11795397258366677,-0.1404679300371091,-0.0373001828743877,0.036745475154296214,-0.18990361036423778,-0.02269684607636145,0.05373657066976416,0.041045162947186964,0.03594391447182954,0.003911374741567622,0.06674504907570353,0.019585125392741296,-0.01930527306761866,0.09451056792471822,0.034546019109067995,0.035424003721721276,0.03497900662446829,0.0010153283712419636,0.06704262715604141,0.021238848679093692,-0.014915169361180244,0.08209611491427266,0.03435202016268063,0.007586159355450928,0.008948797079103565,-0.004570177774347338,0.02066296656012094,0.008425558377089032,-0.010267510007809233,0.028894167220921994,0.014379811843354018
8,0.4,1.25,0.4,1.0,-0.021644805656797703,0.4,1.5,0.4,1.5,-0.06068310349998447,0.6919498225956512,0.6943413498554947,0.6836216937409255,0.7007953117466728,0.0048397622289191,0.681275413942197,0.7047193482241262,0.006563577987794754,0.7341269960457564,0.7377958515053396,0.7236254678280298,0.7448286124876562,0.006190762932211828,0.7220457364935783,0.7500540243941418,0.007597648020226987,0.7461007223568239,0.748478822400588,0.7388931771762014,0.7532174970460322,0.00400044784082679,0.7370354074741041,0.7569791223716116,0.005446148941020344,-0.024502178962216375,-0.06258684542944476,-0.07362399469897722,0.03940895934380542,0.04322786258942399,-0.07655468750030389,0.03288122050399092,0.03165883384876877,0.6855348395054356,0.6874851759541906,0.6820990063263455,0.6895452887689876,0.0024929364582613293,0.6798218185021323,0.6912959364643487,0.0037454388483216727,0.739610250934125,0.7419653197880398,0.7363019634314046,0.7430704229107824,0.002391218999219554,0.7329095522378273,0.7457275724461413,0.0035032823327722827,0.7450038982263539,0.7472352999558426,0.7427379584058642,0.7474731704518363,0.0013070762970532007,0.7409804143710907,0.7484302467192329,0.002029696008486859,-0.09352851632633544,-0.1305920561241124,-0.14734703878846875,-0.020805302280841903,0.04936215284345345,-0.14120775827724857,-0.006173080692784133,0.04968742106737258,0.006414983090215598,0.006856173901304108,-0.004473870754759288,0.01672891222341888,0.006012310125058934,-0.00777972881996649,0.02253735990628103,0.008282244203991729,-0.005483254888368649,-0.004169468282700262,-0.018450305256437115,0.00755633310801531,0.007231754296188729,-0.02092471111480638,0.015943709722057917,0.009453007596675504,0.0010968241304699644,0.0012435224447454596,-0.007770364817189266,0.009019625791380513,0.004661625625764487,-0.011208332512903757,0.015666231707304183,0.006608530193463041
9,0.4,1.5,0.4,1.5,-0.02908945229836988,0.4,1.5,0.4,1.5,0.004500232379740147,0.7031176810275462,0.7034764289229434,0.6953861385031649,0.7110821093742618,0.004645409141014005,0.6926369375620268,0.7151219498723931,0.0069734562134303605,0.7464678538775295,0.7481858509313359,0.7385050579366655,0.754549083169484,0.005084788763461984,0.7367985237417063,0.7602767957291461,0.007200642353268662,0.7462672651446318,0.7492888676848121,0.7396218993873046,0.7522616424549573,0.0035287328206765234,0.7365078087775406,0.7554944278288516,0.0053811078218514476,-0.0381298543578154,-0.06732609248990427,-0.09493600789631282,0.016028452766404723,0.032565449022250996,-0.10684093199681938,0.025106360207795185,0.04125038888404903,0.6614165402460226,0.6628855732058931,0.6412268801283296,0.6834686315900745,0.013412357053548568,0.6306885165854805,0.6972825186191877,0.02072651250024055,0.7108805999872705,0.7146380880449866,0.6889635633621777,0.7329002974371536,0.013973341601471663,0.6807098853540677,0.7445635201204772,0.020435530680609836,0.7322387421630063,0.7362806879221437,0.7219217572513897,0.7435451253827614,0.006217823653114833,0.7170606734193067,0.7528028550706336,0.009798533906695727,-0.05293352707965782,-0.06050312479483512,-0.08382871512282328,-0.005014492392868379,0.023615985185937806,-0.08780599701899135,0.01852117929347575,0.03061279244838208,0.04170114078152365,0.040590855717050234,0.024414826230925682,0.059134482054026424,0.010459266307946146,0.012033955369166918,0.0692244370639551,0.016225616667938494,0.03558725389025896,0.03354776288634931,0.01909564528767791,0.05349696152500136,0.010465400145507927,0.006683614256933271,0.06384890072851679,0.016280213149922937,0.01402852298162549,0.013008179762668326,0.007338304090304337,0.019327891145555,0.003921845361321665,0.0005255934139182065,0.023232649367662957,0.00641040977041586
11,0.4,1.25,0.4,1.25,0.0015481326265149146,0.4,1.5,0.4,1.5,0.1327332318139308,0.6962133877781352,0.7006319705068713,0.6872812354444163,0.705096045921165,0.006018720616851325,0.6836876539999284,0.7088964588046187,0.008457461853163395,0.7410249834723958,0.7455706750314807,0.730613055530007,0.7508196171746986,0.006784719620861669,0.7260896800226916,0.7555360342353636,0.009601383176923791,0.7554852414889025,0.7578906064685212,0.7499673975722478,0.762290664959679,0.00402918832772475,0.7471225545553694,0.7663627023663947,0.005803481378258615,-0.010362481464895617,-0.020374974259966205,-0.04785036711326227,0.03163138409575932,0.023352636011349407,-0.07250876859540102,0.04339848873901593,0.03758265937529732,0.6268642402245045,0.6380195747203131,0.6136766318679098,0.6403593565362281,0.008170525373923574,0.6067487744838631,0.6512041266421352,0.013755711986040529,0.6818281920486388,0.6933980083233166,0.6693891385660754,0.6950113849426577,0.007653039725099239,0.6611823759129092,0.7039717479968363,0.0119700839405791,0.7121872159120797,0.7182388105679525,0.7048642517413035,0.7192846060679617,0.004631972692389829,0.6990516763329581,0.7241786660969911,0.007656278557726748,-0.01254350361784219,-0.009852829683042767,-0.03269288494822863,0.015789571374462408,0.014210887679221441,-0.05151904494440774,0.04377542160790761,0.027711502625087238,0.06934914755363075,0.0626123957865582,0.05770131714050253,0.08329263392534447,0.007874937221577677,0.05108116564411301,0.0914173720624744,0.013150104959788592,0.059196791423757,0.05217266670816412,0.048781547121080876,0.07311563981998459,0.007620200126433877,0.04225919251788826,0.08313074174393395,0.012222369549442592,0.04329802557682283,0.039651795900568776,0.03663017903137189,0.051999109011284725,0.004581531606943499,0.033294776082938224,0.057252366944768804,0.007673739919619592
10,0.4,1.5,0.4,1.5,0.039686969251526205,0.4,1.5,0.4,1.0,-0.038328101019073184,0.6835404620381783,0.6813754167761248,0.6741705589002591,0.6978113522389437,0.00689621755049861,0.6721050147192398,0.7110713872181732,0.011095071769075725,0.729903140590346,0.7274997799741734,0.7167412729620344,0.7482180159544308,0.009232253770070578,0.7135706560486424,0.7564454154159236,0.013141252846196485,0.7393248187697645,0.738549962112522,0.7338728642897088,0.7494971798669108,0.004419983723475846,0.7324602848375416,0.7553451334244953,0.006612402703714099,-0.05501527565318951,-0.07386888527955678,-0.08255904641148792,-0.032531706851942725,0.013952073265010436,-0.08764611340351758,0.003266493408862349,0.02931601065742196,0.6737311220558532,0.6800936654488813,0.6660027619933646,0.6818594717064432,0.004283724902136854,0.6600975210921439,0.6890021011287751,0.00795547309823301,0.7343692464816844,0.7393634335309963,0.7272181855244952,0.7464803289028803,0.0047129892857591706,0.7228661484491283,0.756637089870144,0.008327426295710314,0.734042266509227,0.7394844414911264,0.7293924999904515,0.7393676194306007,0.002912543247138433,0.726902586713311,0.7411273818381836,0.004195367632797354,-0.0760269316716027,-0.1340315282198858,-0.1692141096346424,0.0709826713096061,0.07928006398992993,-0.20502690233556614,0.05333521507835291,0.06732260078217782,0.009809339982325138,0.0012817513272435077,-0.005898220621249471,0.03033641996138714,0.010150592287523803,-0.01406797805566428,0.04722924623003266,0.01675680021310372,-0.0044661058913384455,-0.01186365355682295,-0.02665619493393457,0.01982426929371517,0.01280886679691867,-0.040417174280080216,0.03186575054924958,0.018252955984576165,0.005282552260537532,-0.0009344793786043581,-0.005122591826172621,0.01946199262342385,0.006724892187668143,-0.008782609100784291,0.02359726584659012,0.009408646631141538
12,0.4,1.5,0.4,1.5,0.011631434521978202,0.4,1.5,0.4,1.5,-0.0007698557752895926,0.6439638545217996,0.6443638876394017,0.6303623141425813,0.6624227578524085,0.00932241006726227,0.6227683368682392,0.6756210042465212,0.015042880723150511,0.6876686158353702,0.6882492485210332,0.6728700724126967,0.7065121106715935,0.009912663136149812,0.6646867382578723,0.7172117291480816,0.015370801456041366,0.7135245334165359,0.714494385327528,0.70284361952833,0.7344559562017122,0.009143808396576733,0.6978637802883748,0.7508066453580786,0.01506029689199942,-0.06525351435006906,-0.08910957286174591,-0.11642040718241954,0.011389951378557583,0.04282149122222867,-0.2013491116062835,0.07704837455784917,0.08903229994976382,0.6705775256510289,0.6839099688731636,0.6581545749075634,0.6867961361991575,0.009934290424703559,0.6504190362681967,0.7011688095562496,0.01702971329696909,0.7461552911882445,0.7531463531362054,0.7397558159592397,0.7528709374652253,0.003892295888374544,0.7311218347814076,0.7672164717325617,0.010094157361638805,0.737982188818849,0.7446127643446112,0.7313519180197896,0.7479017713126924,0.005204284806615626,0.7263042897616039,0.7522407385288867,0.008222366844473075,4.610352476020763e-05,-0.01639186565805959,-0.017406592198419016,0.022386502264518666,0.012552208140971272,-0.031313846628803245,0.04897060364348049,0.024709886710711813,-0.0266136711292293,-0.03954608123376191,-0.048055319322138,-0.007219872596474122,0.01355985346282089,-0.0627207940152282,0.004548124667169001,0.02198700208961243,-0.05848667535287433,-0.06489710461517217,-0.07471694158095821,-0.039322339439626444,0.010908824160388941,-0.09242750954888625,-0.031771795859066435,0.018591714175871316,-0.02445765540231315,-0.030118379017083252,-0.04107690745823074,-0.0023384081914677585,0.011560475014277854,-0.05009103818850773,0.017626012704868632,0.01890142160492677
14,0.4,1.5,0.4,1.5,0.0014058445083586844,0.5,1.0,0.6,1.0,0.08899662634983445,0.6765924096372451,0.674593154162414,0.6700630675771231,0.6834028162197935,0.0037614754798503546,0.6676675942640499,0.6882394212815606,0.005687967196178931,0.7210019512534509,0.7195951664140792,0.7126795005680524,0.7294522058630151,0.004651666805011004,0.7108642874294697,0.7353563838878543,0.006843808630814833,0.7365615340070512,0.7351415306808122,0.7326247019630675,0.7404011424659032,0.002572876285597359,0.7309056746476936,0.7431566458219656,0.0036338458855288266,-0.056617752099413686,-0.08430549534609968,-0.09360495122117829,-0.012384298864219205,0.023776582765548504,-0.11906985122243857,0.009199630430833973,0.04084662653262975,0.6677459264340658,0.6681727962792684,0.6575368795912777,0.677184495495188,0.005152187154227546,0.6495495777559572,0.6881013305723374,0.009428486313825967,0.7194403023001827,0.720012678964961,0.7132165443722712,0.728744257317867,0.004527361814783939,0.7076049539637549,0.7388716693371855,0.008361399863092514,0.7348889578535209,0.735540000904441,0.7309815676151277,0.7387699956113947,0.0022577276366984975,0.7286888302161274,0.7457786462353324,0.004738381692559983,-0.00028599134216818726,-0.005611925310633237,-0.009780709090461871,0.027865932807305184,0.01112121525627461,-0.017254781988406433,0.04752867169333195,0.01746227940231133,0.008846483203179267,0.006420357883145655,0.0023408570069461745,0.01436216520507556,0.0033562562501153873,-0.0018673846707432246,0.02443174625639137,0.007151191867055274,0.0015616489532681577,-0.0004175125508818489,-0.005246852289992373,0.008704604051443776,0.003581408185946035,-0.010894427351228914,0.011765380824206837,0.005870734606254692,0.0016725761535302253,-0.0003984702236288218,-0.002348045886107439,0.006433850144262764,0.002345834675748858,-0.00831414013123783,0.006881555028843645,0.004056468196072427
13,0.4,1.5,0.4,1.5,0.016706269870177648,0.4,0.6,0.8,1.0,0.015680426122786202,0.6900817538204097,0.6910610029465609,0.6842869999396429,0.7004181276953293,0.0046543565558179005,0.6824777774135405,0.7073099229975894,0.0070583066116354405,0.7389784733511603,0.7381190878471778,0.7292349111610739,0.752992633755,0.006880462033410711,0.725003233476543,0.7604252632369564,0.01019590511595663,0.7437128337571307,0.7426661048661607,0.7366216775945245,0.752732038548828,0.004731809746464386,0.7334897335732501,0.7591432393290748,0.007179295820835006,-0.05466421126038211,-0.08298348345231546,-0.08349019022356469,-0.02439750645084071,0.016429392959773092,-0.09474128170537076,0.008401101391825552,0.035208626007419544,0.6821034405295043,0.6828115921628287,0.6634490441889083,0.7008012409385084,0.01086789752135386,0.6604281624354261,0.7037494297872322,0.013035561430978676,0.7334918867644329,0.7364974676502316,0.7220098585467245,0.7425488829425614,0.006450390999072349,0.7078850432649854,0.7554635818843864,0.012588003015003763,0.7446319520146746,0.7469295621975017,0.7382628571301624,0.7493207229549019,0.003274572778834683,0.7347927368922057,0.7566471626864671,0.007121765431033251,-0.00824000119822383,-0.017113145971368635,-0.03513084973652328,0.03569402404283637,0.022204324932259843,-0.055921885922772946,0.053633740604036244,0.03341009411531953,0.00797831329090537,0.008249410783732203,-0.014594792449962882,0.03376116511456266,0.014157610055309354,-0.016248372465274726,0.040814088123587666,0.018510653041118295,0.005486586586727404,0.0016216201969462274,-0.009879920859393262,0.029808368631481237,0.01237008077186067,-0.02396585504455799,0.05030695837912353,0.020883605093327696,-0.0009191182575438717,-0.004263457331341036,-0.010414762767666973,0.012892905156837851,0.007557143577218344,-0.020807907352168305,0.022264870909751176,0.013124820297260597
15,0.4,1.5,0.8,1.5,-0.04887853655891491,0.4,1.5,0.4,1.5,-0.057545920963692175,0.7053395853461659,0.7105973521826001,0.6866584930857457,0.7225828907647228,0.010145057355554555,0.6727955209261748,0.7363978107925923,0.019089599134466183,0.7533977043076361,0.7496188006262852,0.740649312557748,0.764893892158415,0.008006337274978468,0.7094898575063044,0.7800567605414161,0.02143326430599696,0.7562497829914429,0.7538687318476014,0.7506224545619503,0.7633489603039134,0.0038880058939162686,0.73496369524861,0.7699395529898769,0.010124933455539662,-0.056135843681913176,-0.0827395839119478,-0.09106791132341012,-0.02398072152817008,0.017090085856998217,-0.1211814975244872,0.047578647753973614,0.050074991332295045,0.67546072245848,0.6822470986848805,0.668271361498201,0.6835318296943007,0.003942150788532471,0.6649200922789756,0.7112134948040298,0.01258468239178364,0.7259513924388642,0.7340172343543143,0.718671997261266,0.7344245120020165,0.004100768496435601,0.7138233217504227,0.7442934252554482,0.008189046440020544,0.7350906703164167,0.7408217857841133,0.728423926752101,0.7424433166744953,0.004336418942257294,0.7238135822343434,0.745578521746598,0.006572752470790524,-0.048817590242289315,-0.055890903554956475,-0.06461985032754712,-0.034256992254208134,0.009694150802534784,-0.08179318940866334,-0.01761382602998885,0.019403481917181532,0.02987886288768593,0.02835025349771958,0.014594857105131247,0.04427907434421216,0.00796073886253209,0.0037109312379493484,0.059175177770079634,0.01822197173868226,0.02744631186877189,0.015601566271970846,0.015305296404078364,0.03788060080747384,0.007823377243407374,-0.017495901924846707,0.0593015120945133,0.023359292400557573,0.021159112675026126,0.013046946063488107,0.011807721846210952,0.03026995410610487,0.005644217653195615,0.0031999083239466555,0.04018874842485045,0.011342962913741508
16,0.4,1.25,0.4,1.0,0.004156670295900676,0.4,1.0,0.4,1.25,-0.004945621096063232,0.7100880936537245,0.7122833844741739,0.7034232415029583,0.7168450312264686,0.003725155438570938,0.700125431957964,0.7204206628319474,0.005494406417687488,0.7539726091444225,0.7579231060251529,0.7450842872405844,0.7625476239537193,0.004646678851143742,0.7430309661328323,0.7662899326254171,0.006406819022086737,0.7532790885467437,0.7538490250928704,0.7464693654068659,0.7588355102367368,0.0037274935359020295,0.7440392616611226,0.7645726512628357,0.005849458165244611,-0.00900199452928688,-0.059200813294882686,-0.07493931524050959,0.06250121990747926,0.04534948192935232,-0.14350501105748245,0.06633453736299486,0.07099994699281342,0.6854474398343913,0.6830730757865383,0.6796341149103637,0.6933624083578466,0.003924551454850329,0.676393821851578,0.6996223146341746,0.006481656019792512,0.7372353849377513,0.7352724534789973,0.7329078025138216,0.7458348473637246,0.003466366434773432,0.7311143928102316,0.7523716189205599,0.006355577772866303,0.7362048505631326,0.7334293439966938,0.7325344842525616,0.7425957815134601,0.0028724881669927333,0.7293893505037269,0.7463526462225502,0.004679062380041501,-0.019927937478627675,-0.0679180640279259,-0.07832060586496954,0.06171260095715424,0.050933637436199435,-0.11507189205080659,0.052652506499467414,0.041391725756395215,0.024640653819333225,0.029210308687635633,0.013264877576011677,0.03469097804936849,0.005578495382703632,0.00803619951942685,0.038518219733705394,0.007526574951907629,0.01673722420667123,0.022650652546155614,0.004066788928842539,0.027917684012801102,0.00623604191353863,-0.0021118498111228207,0.02851431259525561,0.008841447874282479,0.017074237983611185,0.020419681096176645,0.00954354426955515,0.024523208039989464,0.004028907386192342,0.006514478587586671,0.027948688014382148,0.005793778442301918
17,0.4,1.0,0.4,1.25,0.0946321314695446,0.4,1.5,0.4,1.5,0.06070855342749213,0.6656042257452786,0.6668217412103806,0.6585799917170392,0.6736357014402081,0.004565808755431757,0.6562473667568004,0.6764100289923823,0.005930209518759948,0.7119864862714961,0.7137515825472669,0.7047318571036277,0.7205889568357012,0.004646855812896939,0.70227472118423,0.7229575353687786,0.005913122728985549,0.7208112069716356,0.7217342760733,0.7182911043537097,0.7296093449784317,0.0031511117986790724,0.7148310398008968,0.732744738297202,0.004997252689009432,0.039155597326791525,0.03155746501762086,0.030388363325025862,0.0539239104401771,0.0070935663980324516,0.02463077192194956,0.07030134911602426,0.013997941647148179,0.6793764654896481,0.6808612386414719,0.6650895008030151,0.695094675643594,0.008712991689041695,0.6598774419260971,0.707745008873687,0.01356149339781636,0.7297468579532604,0.7294024168636456,0.7108691362460794,0.7483701450898564,0.011322102494273704,0.703636515735073,0.7597867246019663,0.016307328643177365,0.7408817336526399,0.7394801207242536,0.7326518570407552,0.7485117696640317,0.004447027991058283,0.7275960379693277,0.7543243469156115,0.00704764972209925,-0.015288259945898212,-0.040800658023589155,-0.05254503848524523,0.021382213772525555,0.01860592627090716,-0.07215305029134324,0.050986272366016806,0.027784511405969305,-0.013772239744369585,-0.01403949743109123,-0.03706107380247847,0.005848500972438456,0.012022343738269445,-0.05076604048849857,0.013372575753472747,0.017593045423003623,-0.017760371681764364,-0.015650834316378703,-0.04509236823335884,0.006054843639295801,0.014612336327820712,-0.059099176959442945,0.014917987484677632,0.020331550425970277,-0.020070526681004286,-0.017745844650953635,-0.029085218582927796,-0.006154232914727546,0.006323920076765991,-0.03370893783740221,-0.0014723044497554835,0.00937532018310207
19,0.4,1.0,0.5,0.8,-0.05002681526388836,0.4,1.5,0.4,1.5,0.1079447962042095,0.7121513598324107,0.7114515122838341,0.7001501410220866,0.7238426558721638,0.006822035813474545,0.6968615709785536,0.7288284855824801,0.009364398206954503,0.7552123243780293,0.7514989429989307,0.737146593762739,0.7731988362671375,0.010294142458852693,0.731577131513262,0.771445468631397,0.011633480860423451,0.7489906687509507,0.7496909880417026,0.7373038750031897,0.7613051345037628,0.006653669061501837,0.7327794494800177,0.7598508306935083,0.007678935258179867,-0.07279472433549752,-0.10417096109825877,-0.1175444041941465,0.007112695467244273,0.04019226366310458,-0.1708295691487498,0.08860903259160119,0.0697123524559362,0.6543856183853924,0.6612309264141714,0.6379654787440693,0.6745625064964543,0.010704165698010802,0.6300399871088981,0.6931015356416019,0.017789133313855347,0.7063954138745259,0.7144389818483486,0.6912726011076763,0.7246786527985333,0.009622040860697794,0.6881491076894835,0.7377676884269233,0.015009351810466249,0.7266256913135677,0.7292163306003753,0.7156033233367823,0.7390341988520883,0.006300946885491316,0.712539998950204,0.7453325727050325,0.009286728332430404,0.03049876058318995,0.016228744233572883,0.009280923464642765,0.059615326039588634,0.013828467684624288,-0.0014840799152445357,0.08518190895843805,0.023200031918905004,0.05776574144701829,0.050220585869662715,0.02968124469718228,0.08272432950157398,0.015662557106082033,0.017507200203634096,0.09135671875879173,0.023433141634754576,0.04881691050350345,0.03705996115058208,0.015986761842497213,0.07871106176918186,0.017686439209456766,0.0024229138217375934,0.08027387867712196,0.022462999433802245,0.02236497743738297,0.02047465744132737,0.0029243482086423814,0.039823564034931855,0.0104732329190199,-0.0015145820785958247,0.04390497104517625,0.013115678188345857
18,0.4,1.5,0.4,1.5,-0.23430455950479007,0.4,1.5,0.6,1.25,-0.12640693616501802,0.6801710773358157,0.6740959711179807,0.6390246296065604,0.7320952914231399,0.026294122467036052,0.6316639053681569,0.7633507060175009,0.03636470164387753,0.736642539953863,0.742995187262464,0.7080118473154327,0.7972477696422338,0.023938371761999595,0.6946875042619532,0.8197002794896713,0.03263184909150392,0.7278386951455181,0.7336744737630146,0.703921837077229,0.7702691548969666,0.01722572560376804,0.6928591702806928,0.7856783122356983,0.024540453440561254,-0.12128569285064238,-0.12021343487947865,-0.15622893026427898,-0.08146552812602914,0.02097719163176976,-0.17665154675151457,-0.0766768552932412,0.029229084548963755,0.7183874254461909,0.7168981462557549,0.707538596295762,0.738301679025371,0.008214265785526326,0.7042607506178676,0.7640647159200358,0.016233225318418466,0.7682011205862387,0.7657106819947725,0.751820200600396,0.7860561565720235,0.010607889260733298,0.7469242844419189,0.7934295037129193,0.013611605202511883,0.7561702114506816,0.756128580609005,0.7460924203624733,0.7654069176057665,0.00557450850752209,0.7444241933654737,0.7704706951108684,0.007456052738427465,-0.07232985676784104,-0.08836341882359687,-0.09896384370934583,-0.05147925106289254,0.013129654271704982,-0.12244776365731169,-0.038653183283876874,0.023821192996167372,-0.03821634811037522,-0.04280217513777418,-0.07046412351865801,-0.0059723216862847955,0.019898610403180448,-0.07723929162787924,0.009220364091703126,0.02439827292783828,-0.03155858063237571,-0.022715494732308494,-0.04518891505591273,0.011497097164656953,0.014763203165443084,-0.05366743490677195,0.025903854170203952,0.02145665354260121,-0.028331516305163507,-0.022454106845990363,-0.04502508890097882,0.006548284637338933,0.01281128876010177,-0.05660940606617662,0.01568497633497233,0.01854569627297054
20,0.4,1.0,0.4,1.25,0.011084219414916252,0.4,1.5,0.4,1.5,-0.03206551215888551,0.7284295124776083,0.7279782266978564,0.7160445931128879,0.738805894635484,0.006125605550511728,0.7037906619252999,0.7482211081872603,0.011378046971733611,0.774205891824655,0.7754354468849348,0.7618567826757675,0.7848100704631988,0.006650663826069181,0.7476690121560766,0.79624033865811,0.01297937013110603,0.7617710494882796,0.7644115925817664,0.7543456375928035,0.7682621098766022,0.003780297905425221,0.7380235151605683,0.7780246779627623,0.009689617670975434,-0.04700795259155929,-0.0654029833575452,-0.08152067502863791,-0.011789810230192807,0.019887279662622104,-0.07733011172552945,0.002776977961977539,0.023190108313539896,0.6652203121871038,0.6712400196369506,0.6538009556264349,0.6776482172910718,0.006919817972504408,0.6448983390269774,0.6892395051240073,0.012849881229349946,0.7135120452245818,0.7209510852206722,0.7001114354118787,0.7263405620862378,0.007084626284168396,0.6904092918198296,0.7358055350912204,0.012834034983032613,0.7440382208235523,0.745252478779945,0.7414453367262797,0.748726212813687,0.0019489230932842392,0.741117738537142,0.7556203055037078,0.004319800836549422,-0.07868603237000996,-0.10826979961397401,-0.14792802058254895,0.015381469704009137,0.0488544994321863,-0.16636546173876265,0.03833096595614796,0.06058754180755225,0.06320920029050459,0.05673820706090582,0.04895456750519442,0.07900793137805884,0.008440820022873564,0.037427941116099234,0.09176591480950652,0.015981000608049873,0.060693846600073265,0.054484361664262626,0.04439537269323206,0.07987510165685266,0.009788214541470936,0.03767034544398935,0.09007492993356014,0.017102628895847603,0.01773282866472725,0.019159113801821337,0.009673105493338573,0.024765677824666054,0.003983815264976531,-0.012076790546225895,0.031539523293573124,0.010615130237578691
21,0.4,1.5,0.4,1.5,-0.03646716380517162,0.4,1.5,0.4,1.5,0.031541878108874315,0.6787709371151681,0.6829089297534876,0.6701012079904688,0.6868663126068348,0.005305933001714506,0.6622149948575771,0.6937506001371737,0.009360491460099525,0.7212644417520035,0.7262894425483435,0.7103102426005445,0.7302883193724669,0.005982145208945293,0.6995139222788924,0.740964241877934,0.01186163681891949,0.7402607430496251,0.745261714974891,0.7341265031814302,0.7494179719613961,0.005057451887201915,0.7309574402979688,0.7556167196135309,0.008169750899609292,-0.04754326680464775,-0.07646240436138864,-0.08271164267369983,-0.004723217938807242,0.02304789426583298,-0.10677641357122483,0.0017463970155364161,0.03125934347099609,0.6851568952328944,0.6874206248498208,0.6700340464192446,0.702990350089418,0.010929878111022237,0.6618640975357785,0.714990007195671,0.017383331623472657,0.7350038774679248,0.7369346533724477,0.7173830169474424,0.7541110761174527,0.012077328982170512,0.7079612781006059,0.764210882724204,0.018240168336029067,0.7421618369972398,0.7406798348660412,0.7313563657140775,0.7540681617104158,0.0064657093064291946,0.726074635993479,0.7625165437658018,0.010013260561872878,0.0021434932836924183,-0.0011580550160598065,-0.05279112959447651,0.04625547882114287,0.03131056604885718,-0.061172006921174284,0.0636383031443242,0.03799210716199008,-0.0063859581177262426,-0.004511695096333201,-0.030971563209273162,0.014639431929788182,0.014729442849328415,-0.04930994361982536,0.024648005559425853,0.023784885725187686,-0.013739435715921289,-0.01064521082410419,-0.04014254289663936,0.010440344242347056,0.016544196296585715,-0.058708472799148766,0.02366566853332286,0.02602199015122768,-0.0019010939476147293,0.004581880108849856,-0.019596453850697304,0.013879061949756188,0.01065430842160777,-0.030056008610789754,0.024942486342072277,0.01626977379149541
22,0.4,1.5,0.4,1.5,-0.050970224100371324,0.4,1.5,0.8,1.25,0.010266151653023492,0.6751663249777895,0.6789037658988856,0.6629907853972417,0.6909890074303857,0.009924104051492045,0.6565595451516679,0.7010621890614034,0.0151435201410024,0.7195731372064941,0.723519173089064,0.7054595594182769,0.7363839420903477,0.01088788660490311,0.6975849506461832,0.7460630110705562,0.015783434158484308,0.7273412486162976,0.7337390632348901,0.7148556585461515,0.7415620335670483,0.008922758060261467,0.7099234564558105,0.7477925910990624,0.012993254707117744,-0.08714481773824051,-0.1385368662916475,-0.13340853743732076,-0.026489345253729035,0.04175646534693402,-0.15027628604491197,-0.02217598199529694,0.03917846918006384,0.6801942864691296,0.6864793020643943,0.6689204188211104,0.6963692302724754,0.00904348096997918,0.664683592917294,0.7071575574610967,0.014247328302547166,0.741037850638604,0.738616081997689,0.7312857365848577,0.7474387147307434,0.005127707453734982,0.7210557523101961,0.7619199942963002,0.011566550805333338,0.7466233293669999,0.7478704596342395,0.7429702042874112,0.7500165049398342,0.0019317320648056756,0.7400763006337353,0.7548220832955191,0.0041248218511829625,-0.01308984342203528,-0.02408412363819211,-0.02512985869277957,0.00869176572364237,0.010156879488542507,-0.04068941916686048,0.03386770776063757,0.02147470346729952,-0.005027961491340105,-0.007575536165508767,-0.031761952704497304,0.021089276577291337,0.018336088492473167,-0.04822761885317845,0.034896667725768514,0.02800705801367638,-0.021464713432109872,-0.015096908908625029,-0.040381462988915935,0.003443559746235135,0.015078138469267362,-0.057544520828209336,0.017349175505037784,0.023867526001148963,-0.01928208075070237,-0.01413139639934935,-0.031204839390514195,-0.004226296086238368,0.009266150965536245,-0.04017112324131826,0.0021780956330756246,0.014498776303545551
23,0.4,1.5,0.8,1.25,0.02131342984323707,0.4,1.5,0.4,1.5,-0.0788094982456317,0.7076456932006377,0.7098849244944351,0.6961214859208478,0.7201181367201572,0.007611547578239976,0.6887269457510418,0.7516458051210669,0.017651968160274485,0.7379290762716447,0.7340096113001989,0.7287319234929747,0.7495477658864553,0.0068105866254993125,0.7062889570594888,0.7618668864902876,0.016458567731352555,0.7415350372353017,0.7405932061137899,0.7367577969023816,0.7475125129555675,0.003563328888398051,0.7268717555326085,0.7543667165083247,0.008097354197653416,-0.046028252389652045,-0.08877727290024878,-0.09066358499579993,-0.0012401435153780102,0.036634289023358114,-0.11546553645558905,0.03014016122638708,0.04585487207659441,0.6836591491023778,0.6892702178100203,0.664767700478384,0.705289299706543,0.010442285060414053,0.653308837095981,0.7238240454869362,0.018258123968015287,0.7356288519367404,0.7385653458768313,0.7136287093152275,0.7610642156451597,0.011923565740824033,0.7040039465049298,0.7765812484202028,0.019257172754936647,0.7517223399848512,0.7487778877825455,0.7433319022295447,0.7669237169638472,0.006937939713914285,0.7385642332830283,0.7824351819783973,0.012198634830527971,-0.10057358457224715,-0.11351057779673765,-0.14560617440302914,-0.03139512419387895,0.03933240108778365,-0.1771535288815584,-0.003846030065563097,0.057612184282371075,0.023986544098259954,0.020614706684414785,-0.0023884518023442533,0.04716250458880866,0.013618053090984057,-0.02558805529730797,0.0714414813566907,0.028170523601264066,0.0023002243349042883,-0.0045557345766323865,-0.02505375558786607,0.025213674363731918,0.013665900526347361,-0.04781352175160318,0.03942970315481786,0.024351779807651467,-0.010187302749549487,-0.008184681668755633,-0.029417638687486855,0.0019060398410012148,0.008936943518346192,-0.04991189397286339,0.002263123815895239,0.015620658532985459
24,0.4,0.8,0.4,0.8,0.048194276724728084,0.4,1.0,0.4,1.0,0.010259260703855359,0.7116102567191485,0.710809519800996,0.7060157715367773,0.7184823054684983,0.0036241486284978855,0.704167811650412,0.7198827058263628,0.004583260078469071,0.7575447728338758,0.7568959665811654,0.7529544116451735,0.7633952315299393,0.0031348415757005837,0.7513096301990766,0.7708761749611941,0.006154425618973965,0.7516987873607748,0.7529444739963659,0.7465387837386542,0.7588461848794301,0.0036439530830900844,0.7467836927572998,0.7591008141867732,0.0036066608857270323,-0.0022631415437530866,-0.007298654386374688,-0.02618265179108225,0.015325439348086972,0.012551599395314066,-0.029042173894254692,0.029217163256403417,0.016375710940391842,0.6691739352530819,0.6715238633700219,0.652336014546352,0.6887398557673973,0.011966482625637471,0.644011384160285,0.7017302310206842,0.018130231312646097,0.7207532452751114,0.7248774603432011,0.7040644787467153,0.7396739840406044,0.012184183205823007,0.6968922248460958,0.7498281761178922,0.016997530058954703,0.7277852188248649,0.7320173311287952,0.7204712066829817,0.7355648124266057,0.005118527184482101,0.7165771142904455,0.7407351543798352,0.007692788138061465,-0.001626324329837312,-0.004377423658779113,-0.04678942960757076,0.059282096351290704,0.03055710245822299,-0.04956538357459501,0.06948217847865854,0.04195933397168996,0.04243632146606657,0.03928565643097415,0.02467947869527516,0.056969725163316685,0.010866761548014072,0.015727964197636266,0.06461576712230954,0.01656324905772422,0.03679152755876436,0.03201850623796432,0.019411385716517925,0.05125451156288541,0.010903499483518778,0.0118521194398713,0.06267725703807336,0.015240949907694784,0.023913568535909868,0.02092714286757069,0.015155881652911707,0.033185529601817906,0.00632918434233626,0.011284608802996803,0.0345035272539844,0.0076140197561821105
25,0.4,1.5,0.4,1.5,-0.1317260875548651,0.4,1.5,0.8,1.25,0.01637142895027083,0.702347594769409,0.7013416992294728,0.6943093141766885,0.710091358655535,0.004580774471709754,0.689148800025174,0.7159127892313287,0.0075372943399826114,0.7502796504556508,0.7480533936895992,0.7406955503783219,0.7602593288990778,0.006062100780491559,0.7307390100986311,0.7701119264876717,0.01077410932550172,0.7537739009075141,0.7502234162662688,0.7497656759103668,0.7602540124445237,0.003181853967183295,0.7470612101563034,0.7642631553047555,0.00523218863431625,-0.06301331348299,-0.08684267730780183,-0.09140020695908176,-0.03754708180942261,0.017595829655277274,-0.11822281440286678,-0.04614961618383079,0.020073185886778325,0.7050377134633159,0.7033724225920588,0.6905720111449777,0.7343615715127352,0.012112809920807883,0.6852430339942791,0.7628711575963092,0.021574051843062984,0.7456773862190439,0.742815980132404,0.7317242931176141,0.761167723576476,0.008489893829913402,0.7128509299187401,0.7767174757162719,0.0192773637164286,0.7472200237532498,0.7475541712253604,0.7422604435500186,0.7547591206604303,0.0038870219109275687,0.7379312639518735,0.7620571404250492,0.007189910829865228,-0.023101253936163604,-0.032091331535506064,-0.052214770264904474,-0.0008477927075231061,0.015466118175986865,-0.03428912170101307,0.011169669691550154,0.014319208725583208,-0.0026901186939068955,-0.002030723362586029,-0.028006008419419668,0.007445745172146731,0.009802104922756927,-0.05790900337431412,0.00866288591548203,0.020393574400013086,0.004602264236606923,0.005237413557195203,-0.005393947353797784,0.012649062340654037,0.005199762905156779,-0.02533964098867708,0.031138341780054743,0.01451586588234587,0.006553877154264254,0.0026692450409083746,0.0020164627274582795,0.01055828290584202,0.0024172263321787252,-0.006963737283553161,0.01446246844601029,0.0055976122147279594
26,0.4,1.25,0.4,1.25,-0.08267133995339651,0.4,0.8,0.8,0.8,0.03114865111083475,0.6662402670655518,0.6704216268089123,0.6538159392476672,0.6773935794310962,0.008193739376624145,0.6469527275788283,0.6849070110272182,0.01242711397855762,0.7095726250837292,0.7142479127123936,0.6958277391181295,0.72164567778026,0.008873514359538691,0.6857464807987688,0.7317042633512609,0.01408109158845376,0.7290851817514843,0.7339344285001006,0.7217969945106308,0.7431856754563223,0.006335383962188461,0.7196653676010533,0.7558278095050058,0.01048275233289663,-0.06370367644378538,-0.05556212529898442,-0.08811731915385222,-0.02216806259638606,0.017653194289966617,-0.08609749705561442,0.00278357440517657,0.0267781798667265,0.6824735774257953,0.6844431051142655,0.6750922951684303,0.6904213094341178,0.004273092809489608,0.6734170123806257,0.6969591297620354,0.006401486355438466,0.7348526676272447,0.7340634094405415,0.7303254692315074,0.7413614039837898,0.00307863635840731,0.7264331666108632,0.7509476503232827,0.0055955421645383745,0.7426909511476729,0.7417175203474049,0.7394655915523949,0.7451522520587965,0.0016093561738202374,0.737718380359335,0.7464204331744879,0.002534366800715759,-0.01671452765885896,-0.017756532035015142,-0.056532544343908066,0.031650836576879775,0.025278976278840667,-0.06365722070456989,0.03403597841727495,0.03302316279420935,-0.016233310360243447,-0.014021478305353274,-0.03419865730748066,0.0004345274146828129,0.010641129807207049,-0.044805134882951,0.006962041139792638,0.016085095988719413,-0.025280042543515457,-0.019815496728147863,-0.042081917940803425,-0.009386917214340665,0.011312615060866095,-0.050770188413573586,0.00228456395834737,0.01724838531808573,-0.013605769396188627,-0.007783091847304302,-0.023624888556234278,-0.001166901671393883,0.00720472750909596,-0.025255466842720353,0.014949560104778346,0.011667065306383919
27,0.4,1.5,0.4,1.5,-0.061513349541444565,0.4,1.25,0.4,1.25,-0.038295540667132456,0.6910638703386692,0.6943520720494972,0.6823167725659622,0.7045832366201894,0.007374066851721946,0.678518133216344,0.7154951309296823,0.012037659118164063,0.7379044286842772,0.7417873468664419,0.7275960220494255,0.7523094390602282,0.008570291510886155,0.7238663064126865,0.7625126936511786,0.013502213486626847,0.7383851040993061,0.7405313823981692,0.7301995882650245,0.7511660603804869,0.005990103640386149,0.729088748000184,0.7620758529979784,0.009196955560729813,-0.09453213719471659,-0.11370279970104986,-0.12051028380952354,-0.06826112341506456,0.01625345871399108,-0.12173062735030901,-0.05632068497421501,0.019776223238268158,0.6880572494231404,0.6894244537381627,0.6788907970519367,0.6967773972381098,0.005612544433158979,0.6753606763775125,0.6997381527751236,0.007983990982758704,0.7393727335956863,0.7421821944162208,0.7287605427850783,0.748911927797981,0.006321900919774758,0.7248978791541131,0.751208417266135,0.008407234102671754,0.7364037147469169,0.7378208193398665,0.7316246805502024,0.7411010757412764,0.0031222577948515928,0.7282655506893608,0.7436069612762555,0.004595274874735148,-0.040611672543796225,-0.04142964822745687,-0.06649714376489793,-0.009522674204261929,0.020027504002237777,-0.08093088468982931,-0.0018339942048207838,0.025252532732705838,0.003006620915528835,0.004927618311334481,-0.008471473577661467,0.019232248555543018,0.008707806756034645,-0.011469934999166414,0.03083610235158549,0.013002710730217375,-0.0014683049114091462,-0.00039484754977892056,-0.017733092272656046,0.018569847387360026,0.010919732162682862,-0.021539034580508407,0.028948506383335727,0.01531159143749497,0.001981389352389229,0.0027105630583026397,-0.005209120600558514,0.013586215813942416,0.006197590665264684,-0.006634677685208755,0.023891345277302013,0.009551461608952188
28,0.4,1.5,0.4,1.5,0.006098158274321782,0.4,1.5,0.4,1.5,0.014554432713948125,0.6710639332538569,0.6669728850902538,0.6583239674115712,0.6872029297560084,0.008107128052054047,0.6523580173973453,0.69505903469613,0.011968360952235963,0.7155947849127801,0.7116412357927271,0.7019801283989402,0.7326228645766407,0.008742502439553037,0.6943925565211168,0.7412463623017667,0.012914425278190419,0.7320834848829512,0.7288319119063931,0.7233736802473884,0.7419204956058435,0.004689707663827965,0.7199944155784818,0.746838730951935,0.006974809811036229,-0.01405210570248508,-0.025492646417224638,-0.03155872000275625,0.015919339733254108,0.013614480550223252,-0.046148046062874586,0.022180604194870557,0.02111587757727931,0.6724676248808593,0.6702168409477017,0.665634593518052,0.6811863699569723,0.004308993468538416,0.661735435533389,0.6887596125594648,0.007299503450121601,0.7198821624173435,0.7191887374801886,0.7132572283597209,0.728451455563165,0.004395335949550494,0.7100388046771472,0.7348471245679901,0.007282458987723376,0.7394607004349031,0.7383540616770071,0.7365983762128797,0.7436558110842383,0.002206880676511029,0.7348862931167055,0.7466565769620165,0.0034711041427707974,0.007063286631703085,-0.0017749136166694194,-0.005333235660250408,0.028047473993888874,0.010975196930496466,-0.012848130346629377,0.023042604957307047,0.00944325554022087,-0.0014036916270023791,-0.0032439558574479666,-0.009463154316264988,0.00681467822826287,0.004440725333649087,-0.012603019950693595,0.009877463065540023,0.006456874044904812,-0.004287377504563428,-0.007547501687461544,-0.013185361373052661,0.00450463481460428,0.004871919367866632,-0.01676321855663554,0.008232938748079219,0.007449650839245413,-0.007377215551951921,-0.009522149770614052,-0.01320893548771589,-0.00046128359406711825,0.0035143168191741963,-0.015433101407290772,0.0023547008531434425,0.004875062975201238
29,0.4,1.5,1.5,1.25,0.06895456957167552,0.4,1.0,0.4,1.25,0.061592652879795956,0.6862446203417716,0.6846427886946685,0.6692612627712913,0.7068733521309981,0.010499805324127035,0.6598827873574852,0.7183280254599231,0.015404852820083388,0.726602764465113,0.7278135527309763,0.7205617788859299,0.7318867565602917,0.003240990659087961,0.6992455823400505,0.7567882775598859,0.01666752590512996,0.7385887567847353,0.7398269503982322,0.7340888264990866,0.7430627222268743,0.0025487076094674425,0.7221265552270414,0.7523111981676176,0.007885631329370604,0.0009452517601415078,-0.039445185473867994,-0.03733447530951401,0.037520170224181394,0.02041919150194598,-0.0701517992527633,0.06782037415955645,0.03764705838769008,0.6719209384234794,0.6801520205054018,0.6621341676495599,0.6835978680352607,0.005595961984589946,0.6560954295438101,0.6879378269397322,0.008311450954926636,0.7261369987918327,0.7335763202168082,0.716233540721967,0.7377313391338326,0.005666631674481694,0.708326373784051,0.7461827094316562,0.009836507807024147,0.7370846819004824,0.7411177894061365,0.7300474319391298,0.7453801553413525,0.004223240619306203,0.7264920526599837,0.7503301021015847,0.006568773272595104,0.00396115278057334,0.0033389225913608247,-0.02504394784966498,0.049178988097166844,0.020128030317433356,-0.03289712679393635,0.06905842384093942,0.02994131880753208,0.014323681918292142,0.004490768189266747,-0.0005384198059961154,0.03242073285138665,0.012182914233258884,-0.010089390329831732,0.046892920493875834,0.01738045330937088,0.00046576567328027174,-0.005762767485831932,-0.01251315849257619,0.011635350444152513,0.006169667887129531,-0.03208189834479562,0.03338581590635025,0.02035109190258989,0.0015040748842529705,-0.0012908390079042764,-0.008713590805814707,0.010376901282709515,0.0052585335978157675,-0.017773980779520564,0.015219393133627678,0.01016423145375279
30,0.4,1.25,0.6,1.0,-0.007029074650813581,0.4,1.5,0.4,1.5,-0.013201656825910672,0.6824759597178524,0.6822161525662582,0.6805205844824047,0.6842091638912968,0.0010881859888620508,0.6794880650604768,0.6849940297762284,0.0015908504820529763,0.7233572251458301,0.7229188130919583,0.7218373572086825,0.7245189179013457,0.0007495568903810029,0.7150875871465872,0.7293401473571975,0.0035927246633320684,0.7307285245433733,0.7312835947773197,0.7291428211454569,0.733052108558901,0.0011690260445631991,0.7258527320432473,0.7346404741081279,0.0025436134976925687,-0.026507274905801195,-0.049032895155022904,-0.054961052034106894,0.0016727413137044567,0.020013402401548322,-0.07515406775000763,0.030866523542688845,0.038331005961260226,0.6661191237186261,0.6625631803121347,0.6577248165224823,0.675999756921598,0.005302904519012557,0.6457483677643205,0.6903821798148447,0.012172947465116647,0.7231342811052798,0.7188839683972387,0.7140662483713615,0.7387536543073409,0.00749983661099602,0.7031948661753139,0.749431743219278,0.014673430145666428,0.7315041419192202,0.7277792192651955,0.7247885178870347,0.7406843207600312,0.005412019474108051,0.7104024570028556,0.7501560439342315,0.010418232355756342,-0.01966057552983816,-0.04386541063996563,-0.05511230550423089,0.016412878453070934,0.021606274424967223,-0.06945663224962483,0.015230921156246802,0.02711330160350052,0.016356835999226216,0.019652972254123546,0.006505237380920129,0.025273864633168497,0.005096437015898415,-0.008687839982205674,0.03663666016032868,0.012347656537126796,0.00022294404055034356,0.004034844694719597,-0.015695776782530424,0.00902054573742481,0.007111668739284109,-0.030286044867672765,0.01689929621124986,0.01366995698168591,-0.0007756173758468599,0.003504375512124236,-0.008490394452987354,0.004496810825073072,0.004509754341980562,-0.016060196820331413,0.01830104547080648,0.009035373585381083
31,0.4,0.8,0.4,0.8,0.07417538485766456,0.4,1.5,0.4,1.5,-0.024293655015404494,0.6667721524117691,0.6738451759844035,0.6462666185353765,0.6860487432978878,0.010973546220937045,0.6410155198531187,0.693720132325672,0.015088697969204905,0.7147356225979543,0.7206546364672504,0.6938717731471472,0.7347467330527309,0.01120330821847545,0.6895856465541511,0.7490321990770193,0.01572951748016389,0.7325588414808026,0.7324488164277901,0.7264572601724801,0.7411648758109499,0.0044090708427868336,0.7246881103187975,0.7498629099014416,0.006467241014801202,0.024573138787784936,0.02127123889070096,0.008592019046024867,0.05353274253059495,0.013083421286844442,-0.01836704531322437,0.07232662312950731,0.024191042877890048,0.6668866278830765,0.6749201685626632,0.655462271804136,0.6824369404781317,0.00770407469967712,0.6458881044981893,0.7084224683907451,0.017699850148761086,0.7186657470476213,0.7280857893464681,0.7087420224665202,0.7314549072818269,0.006931272027200606,0.696231341512429,0.7412525522312073,0.012653718480902378,0.729451986051361,0.7336510533891358,0.7214434953873455,0.7396430318589627,0.005454209770805162,0.7155339682785093,0.7480614969117764,0.008794235970835746,-0.04619013781480254,-0.05572148641753707,-0.06649060634762538,-0.018897394157621324,0.01565201549178597,-0.10067823431286155,0.013710884540696293,0.040070232193902634,-0.00011447547130738478,-0.0010749925782597147,-0.026134855393439023,0.022793112363559336,0.01381521303967547,-0.04526645717990092,0.02591148178776794,0.021140602627454024,-0.003930124449667005,-0.007431152879217695,-0.029721627980370008,0.01946526009976734,0.013427683995014974,-0.03955323846070201,0.04429633849601944,0.02184988736406363,0.0031068554294416684,-0.001202236961345693,-0.010410812683363429,0.01613929057963661,0.007381692887291803,-0.014981483523858839,0.02322802294034676,0.011731037232707176
32,0.4,1.5,0.6,1.5,-0.011911193833836091,0.4,1.5,0.4,1.5,-0.018670977097554126,0.7238042702589819,0.72110535652315,0.711409604886917,0.734947477245899,0.006394518732160781,0.7057135240299561,0.7402566293554089,0.011017454727387731,0.7607358681411591,0.7574122564119009,0.745619428679819,0.774815355382656,0.008435615068582944,0.7320379718046962,0.7748742341136123,0.011897984195304068,0.7520846393873897,0.7516071072703279,0.7439748976258143,0.7602470593337061,0.004804994621787833,0.7398196635384734,0.7653455124695502,0.006946438157996844,-0.05496104988781443,-0.1059580316439763,-0.11816255762976502,0.0002846974830102572,0.03754192618444486,-0.13371661531797424,0.015182994541661152,0.04587887851341141,0.7021336402712575,0.7045355167294172,0.6939181492243343,0.711218010220305,0.005120838927947959,0.6886171713650229,0.7196791392534073,0.00874181530169983,0.7535834234301376,0.7551768125898246,0.7428596150143992,0.7652322633234889,0.005997356734146836,0.738778041037348,0.7743564151247497,0.009552854089326249,0.7582711951837314,0.7546104253295474,0.7509568193628678,0.7661102716913359,0.0044801931588125355,0.7465537611354035,0.7748184601634246,0.007952095121958564,-0.02836271421789657,-0.039742816722940416,-0.047095307803274755,-0.010123638543513194,0.011936060760064777,-0.0847281973585154,0.022178317420117086,0.029226900839848118,0.0216706299877244,0.016569839793732832,0.01047902097231659,0.035973534066385454,0.00695090557694549,0.0030867958334235557,0.046963452483714585,0.01219646788357308,0.0071524447110214995,0.0022354438220762995,-0.008427927928672148,0.024629785706815954,0.009361590625701901,-0.02616179883130549,0.021354396382157657,0.015269481567745482,-0.006186555796341753,-0.0030033180592194952,-0.017045168092058867,0.0010512297970223898,0.004807348735961029,-0.027114476326794264,0.003964035188665593,0.008437627021124971
33,0.4,1.5,0.4,1.5,0.08522945104247782,0.4,1.5,0.4,1.5,-0.011549752540086996,0.6972771523278395,0.6989769744801317,0.6860481754077608,0.7100632593945918,0.0068269184157100544,0.6776831246916772,0.7159190538163897,0.010727498950395441,0.7470494239361356,0.7467960780484856,0.7332902659116717,0.7616347220487072,0.00808852234911195,0.7190976928177119,0.7711886860027445,0.012852584873431926,0.7473684161969872,0.7459717370367174,0.7422338583385897,0.7551410058771751,0.004133950280771765,0.7386508477696824,0.7610172680129949,0.00640517695886938,0.013692345974102037,-0.006696503294891526,-0.002246230230733254,0.030781838069072386,0.009924299388948694,-0.01695214728415992,0.06097791613125262,0.020817553238299938,0.7049711975586119,0.7042992988891021,0.6987743992996528,0.7109093754097225,0.003392041359779544,0.6955396166833241,0.7158835967190318,0.005577959635823191,0.7524470000967014,0.7539179892935182,0.7474743796494946,0.7584081409772724,0.0030021693330067505,0.7442330343980916,0.7639462004150248,0.005108888731504605,0.7432866375112407,0.7468559028210401,0.7373933533426918,0.7509750595571237,0.0037011804468247878,0.7336280391819171,0.7573808520589137,0.006816332605683487,0.002385960517358851,-0.020166014816953178,-0.04097347189120335,0.041156692234921764,0.02511361327179769,-0.06277288276637234,0.05732106597509481,0.037137241305716946,-0.007694045230772439,-0.0053223244089704025,-0.019545782611657382,0.00417882090795809,0.006742757180911284,-0.02605671781500609,0.011217722805337282,0.010761971238921307,-0.005397576160565798,-0.007121911245032586,-0.01914050967343701,0.00815546702393639,0.008466610006528607,-0.029210288936198887,0.019593286932103694,0.013626897128846332,0.004081778685746551,-0.0008841657843227102,-0.0034882482579361405,0.011600659690235958,0.004200781000923856,-0.010132852723347097,0.015777046432497242,0.00748085185332928
34,0.4,1.5,0.4,1.5,-0.034894402674583706,0.4,1.25,0.4,1.5,0.018072232040838514,0.6613006105738137,0.6794405034283245,0.6428637115854171,0.686643852316256,0.013814826760446356,0.6350869021248563,0.7077322843598717,0.02197982806338089,0.7271308176091303,0.728694088357234,0.7004527880268879,0.7481126481132304,0.01464869303307822,0.7046166238158383,0.7684926375650751,0.01982523255536219,0.7313744926023957,0.7413025572935336,0.7207569161047586,0.7434452614546695,0.007229988533949793,0.7118742869551711,0.7520785475792934,0.011329926975025363,-0.05140481471155487,-0.09015698295261222,-0.11206711797549865,0.03239104524284218,0.05162636542866707,-0.13476087446669813,0.044241122560196224,0.052586685744836915,0.6882572975129955,0.6875936871377943,0.680089583111097,0.6966878326486041,0.004482939181341607,0.6779452058574253,0.7021504572102301,0.006419231883292113,0.737701190504215,0.7391465036264803,0.7306942308701047,0.7458878183823262,0.004043449954048135,0.730042992433398,0.7573731714772863,0.006944203949513714,0.7305307544211248,0.7327449330046761,0.7248846133141071,0.7357617823110888,0.0033327687698272847,0.7215333556481281,0.7391142011173941,0.005776416942905344,-0.006680391571183819,-0.023837349919021995,-0.0314767669728751,0.010757937618850827,0.015063689783007615,-0.05000643233345832,0.028421011177751237,0.026751942393124676,-0.02695668693918174,-0.008153183709469825,-0.039521578634488144,-0.007439441511585668,0.010728311339625915,-0.04574145450221424,0.009414960592153188,0.017648768485519144,-0.010570372895084668,-0.010452415269246229,-0.034749371331950524,0.011646759859835432,0.013452683401711239,-0.03220592329605633,0.02629200164686936,0.01657263964292973,0.0008437381812709255,0.008557624288857424,-0.0088114316997073,0.010975444357548603,0.006478789994620251,-0.012522759207245337,0.018620727809106043,0.009120002760419115
35,0.4,1.5,0.4,1.5,-0.06940699720276976,0.4,1.5,0.4,1.5,0.02700768092098466,0.7036785291351029,0.7157550172695222,0.6897960301698229,0.7203311218568994,0.010373472484688007,0.6866154235307408,0.7374035498919356,0.013533231692944197,0.7607851824313785,0.7668739174295551,0.7433358512466576,0.7823841491927349,0.010969724551504273,0.7487468379487806,0.7990222940665834,0.01557786798278885,0.7571449801206085,0.7564896156059608,0.7495914757089737,0.7704147594558151,0.005353257625127467,0.7492110810330869,0.7820903478619354,0.009838635518318779,-0.041205272800894,-0.06140664374986105,-0.06885745840037086,-0.01346718657790981,0.015979149110777753,-0.10308989825345953,0.017252227711227947,0.03318495484157035,0.6710415428398777,0.6763843671346315,0.6549326045923883,0.6876596375534296,0.008726422820812225,0.6470743045857501,0.7006742123886984,0.014418863999627806,0.7266110073378815,0.7306763354147606,0.7096223478361181,0.74202876076315,0.008587585917811594,0.6997196835581686,0.7518116460021997,0.013541695187935505,0.7188575641860178,0.7255299529288561,0.7064504729329808,0.7300970566543927,0.006519147790717247,0.6982983139446901,0.7399410068843211,0.011532666371719055,-0.040050178242487196,-0.061678847716637814,-0.07562867129288878,-0.00273740669166931,0.018286649123056154,-0.11066993954708948,0.03152513850979418,0.03909019806515058,0.03263698629522516,0.03937065013489072,0.014375503519401048,0.05796703080430174,0.012949299021696085,0.0051085166201357,0.08699800514967432,0.022274586721884287,0.03417417509349696,0.036197582014794505,0.01150809203111225,0.06684248272810422,0.016128111207121817,0.0022992642018945103,0.09056436499302287,0.02535007722466979,0.03828741593459073,0.030959662677104705,0.02397990567889592,0.06343179932292481,0.010337164574371034,0.01664561053376873,0.08043358933719738,0.01846646199399685
36,0.4,1.5,0.4,1.5,0.06504957354398315,0.4,1.5,0.4,1.5,0.03794075691984948,0.7279523183842501,0.7247477549235277,0.7212844368217044,0.7345225796416993,0.0037251404953582918,0.7148541597151682,0.740634845467792,0.006868147292459583,0.7729846116493732,0.7727331538262854,0.7654365674588736,0.7810753437615697,0.004593205447176161,0.7607871962907863,0.7885382342699641,0.007729368319365795,0.7492933775044972,0.752861962144427,0.7410796398393895,0.7553533600611139,0.003977455653624813,0.7357087936961547,0.7599148206256051,0.006490898831646785,-0.0387761116158858,-0.0663546921905848,-0.05797463222262613,-0.013062923496443793,0.014468590168791953,-0.05514715079813046,0.0033933522358446377,0.017420829637648166,0.6613622218078428,0.6645824506948612,0.6536661854006198,0.6730071364794833,0.00545384420665967,0.647630496414678,0.6814883263526529,0.008964214115960805,0.7110073411596006,0.71601470146898,0.7013812325642281,0.7245212978755583,0.0063175978497249,0.694620039842586,0.7329330661720396,0.01020505160668475,0.7327364803933101,0.7347258135553305,0.7281455329390578,0.7375003473250392,0.0029906783180970475,0.7242463056403435,0.7416591869930086,0.005281431959795442,0.0024736999910061138,-0.005482555852104879,-0.021545884185506056,0.036195504831096105,0.017143912072681317,-0.026588229406927767,0.04726078513826597,0.020348094654208386,0.06659009657640735,0.060165304228666505,0.04850110966528433,0.07995278549442614,0.008364402705620465,0.03810578713829292,0.0872307008585756,0.014005553324819689,0.06197727048977253,0.05671845235730533,0.04050956120813026,0.07922033088379987,0.01038719133564882,0.03125826695378271,0.09024626695680549,0.016776447486531426,0.01655689711118713,0.018136148589096512,0.003839773810669179,0.027026822090546562,0.006512893094614986,-0.0059821264294600066,0.031295845026525715,0.01102067216270775
37,0.4,1.5,0.4,1.5,-0.12454962035581782,0.4,1.5,1.5,1.0,-0.040697007259265776,0.7075069922212165,0.7101159854964563,0.7005961974800327,0.7166900955681469,0.004600002548654072,0.6975947493643518,0.7225931594481635,0.006659255403514359,0.7545225345967201,0.7566833679835743,0.7466024024302199,0.7647607572936145,0.005333977488723771,0.7447980681193557,0.7711726818126632,0.0073929524982874984,0.7619332073581044,0.7611904423686198,0.7577293472138447,0.7670469452568722,0.0030966537922655656,0.7561804239561492,0.7737824970561733,0.00494290964478509,-0.08496464543740476,-0.0994005814790775,-0.11830937943712637,-0.05662122142292396,0.016010584441699362,-0.11633565152578683,-0.0274210253107023,0.024426155522138875,0.6932544051736834,0.6872857464049028,0.6752279929258709,0.7202962734733382,0.013420101675617895,0.6671202269810523,0.7401607137583182,0.02048259503627422,0.735118889817043,0.735889050927877,0.7234751918051147,0.7457041652713797,0.006360734682182641,0.7124519076051098,0.7734452614019302,0.016434996319152576,0.7457312828559776,0.7466611513955627,0.7369714348247522,0.7533041601616235,0.004825196766700112,0.7277887160170253,0.7678857866740442,0.011412964620364969,-0.04301351311798585,-0.04168891409961664,-0.0646993403501708,-0.02543917195133953,0.012948886190385504,-0.06115476471020495,-0.010975175516385133,0.01650266534864533,0.014252587047533072,0.02283023909155346,-0.011588068688981108,0.03144193972738582,0.012077112328663908,-0.030864305471478393,0.042876773946344676,0.020135427934195226,0.019403644779677154,0.02079431705569723,0.006861998329101664,0.03725655424255216,0.00862666037881889,-0.010801337557541896,0.0421456861965642,0.014578597048408937,0.016201924502126874,0.014529290973057107,0.009317054754077493,0.024872019482401985,0.004217553159421111,0.0015527978798636072,0.03149375570537054,0.008552350213321055
38,0.4,1.5,0.4,1.5,-0.06514885541476413,0.4,1.5,0.4,1.5,-0.05491828925136016,0.6979319830270904,0.7000339254492671,0.6926711702071372,0.7033917734540349,0.0029035342603218484,0.6892536492405796,0.7063957668691819,0.004313068316797399,0.7430615842118697,0.7455228832675808,0.7366037753404299,0.7489524835804161,0.0034283965493445423,0.7327883609676626,0.7529131823865165,0.005410148653303519,0.7632461508387703,0.7657139257303947,0.7608175474650725,0.768559119945273,0.0023649340453386937,0.7591858366878437,0.7710173237123069,0.003621118380563513,-0.09881888549888036,-0.13200619807530287,-0.14278225582613252,-0.030267201822750264,0.03874437117021359,-0.14703102222126652,-0.006626873307970446,0.040484060212718574,0.7078110045202182,0.716572202624955,0.6988783560095083,0.721642088049849,0.007209515274089119,0.6960494071662877,0.7305732579373143,0.010948911387986104,0.7625963545596546,0.7670190983418402,0.7526930315813749,0.7744775050385784,0.007414760134286901,0.7488164489674654,0.7860370336414185,0.011181115324714464,0.7574000508998074,0.7615665481928723,0.7504035393131655,0.7653565167605851,0.0043079508720825724,0.7482225880713514,0.7712020920546476,0.006819372709107346,-0.07767215564340503,-0.09207546421392046,-0.11979397986507506,-0.046394121014255024,0.022010316857190772,-0.1329904254587971,-0.033168556305196564,0.030446983540337463,-0.009879021493127804,-0.0165382771756879,-0.0264122964703964,0.0036478965495712196,0.008980289744860728,-0.035662609545178296,0.00910550127521969,0.013499565078917648,-0.019534770347784836,-0.021496215074259473,-0.03532523953162889,-0.0037405480009587086,0.009564429822772681,-0.0453875991517978,0.0026057286814170633,0.014473640223912421,0.005846099938962901,0.004147377537522368,-0.000795668587252012,0.014970920537579046,0.004173609810996475,-0.006366779616915827,0.018936674341627022,0.006659125797505126
39,0.4,1.0,0.4,1.0,0.06196738893688254,0.4,1.5,0.4,1.5,0.0013712611975913668,0.7269267281407994,0.7338812554251279,0.7157881358104825,0.7377080294312256,0.006590095536605743,0.7117889175862863,0.7408108220396001,0.00922959796537482,0.7767404406820779,0.7831790938253534,0.7647675323364773,0.7886507790988019,0.007045064782971498,0.7587836830282055,0.7911758942242313,0.00931396718809538,0.7689717505504092,0.7698261992158537,0.7617022372750066,0.7769047188810397,0.0043350472037290266,0.7594661221243248,0.7801616430942523,0.005584733560624881,0.041901216568397966,-0.0017286244653330108,-0.011921080160234063,0.09428972140898649,0.032913328842640734,0.0007451277891188657,0.11041466302496833,0.03471739421492129,0.6988661036657977,0.7034515926748733,0.6902031078564981,0.711467621300361,0.006580496543505283,0.6833718144765842,0.7267067731660284,0.01263580388666583,0.7489724006549263,0.753367022062588,0.7395602840163505,0.7622844347199795,0.007179831146064574,0.7264892138836615,0.774220194061692,0.013316905622068224,0.74368262170007,0.7503501991968289,0.7346179286519484,0.7546793102095829,0.005178936278983247,0.7310966905491258,0.7618595586573471,0.008749115694047172,-0.02371410732843655,-0.03146434876472094,-0.041206304512092784,0.010552077699264351,0.014851937027335869,-0.06091628414486615,0.02703692503188754,0.023896163887163122,0.028060624475001683,0.030429662750254605,0.013078910558527258,0.047353229202412694,0.010614820850431273,0.0006889466308147157,0.05640171951206811,0.015810968470493385,0.027768040027151608,0.029812071762765457,0.011034613356196557,0.04900188860922234,0.01141422888325036,-0.0006354058876919672,0.05534208355502164,0.01722320572205559,0.025289128850339182,0.01947600001902483,0.009483405304946603,0.041671325633214754,0.007999951327711556,0.0012851733246712974,0.04823713655653791,0.011706755771980729
40,0.4,1.5,0.4,1.5,-0.1450812729326629,0.4,1.5,0.4,1.5,0.016934189338385662,0.6927198883541426,0.6996696249153547,0.6697439147390108,0.7245669281665088,0.013425247177327817,0.6632392592792341,0.7634766502574005,0.025366214851724692,0.7415176557826015,0.7444125566095726,0.7131357413720671,0.7750732550689279,0.01596041184747894,0.7055931774215577,0.787137945505191,0.022217099430099085,0.7450761427356088,0.7481746011319498,0.7310818084544111,0.766484423428085,0.010223632107017329,0.7250787140354658,0.7774833038541372,0.014935010603169367,-0.132826271152401,-0.16878190239929255,-0.20398284229306515,-0.019147507652608142,0.05625762928622418,-0.17890412003045464,-0.018580823961050708,0.04773265166834345,0.6922247240920331,0.6930642540687082,0.6854735284056039,0.6984667672423691,0.003480807385161478,0.6803607787689525,0.7024382356273697,0.005740672036946881,0.7425104467663045,0.7448644338264082,0.7361563531210767,0.7485054442140235,0.003612898787949549,0.729166103153437,0.7548620814092559,0.007059212567552643,0.7338465679452879,0.7375130578758614,0.7271104731479262,0.741075734975632,0.003918513336769506,0.7222092800106764,0.7478350483585414,0.006560304385848844,-0.02443493087478884,-0.032196645310618985,-0.053282970566422755,0.012851293156421674,0.018469647780096656,-0.06421793939884818,0.02061560231958747,0.025056648249284327,0.0004951642621094932,0.0066053708466464744,-0.02258303053998016,0.033535965690228736,0.014821988306781587,-0.030431374071409688,0.0814846034968941,0.028308689028572424,-0.0009927909837029736,-0.00045187721683559445,-0.029408617512173087,0.032910429708764566,0.017733429025017153,-0.039987321308288075,0.057296043628855604,0.026052937457049133,0.01122957479032094,0.010661543256088368,-0.007594897865379636,0.03438240589065817,0.011829991868645653,-0.015218896616897397,0.04830727203549262,0.017884878593387846
41,0.4,1.5,0.4,1.5,-0.05320963340519435,0.4,1.25,0.4,1.25,-0.19685806998063946,0.6808711673069676,0.6856489272499857,0.6684250231022812,0.6964937787764475,0.009216157783748829,0.6629386348562977,0.7063824613524147,0.014282051199178013,0.7249155997534485,0.730063912752885,0.7114349528816005,0.7417263724523651,0.010005579472911905,0.7048828542777171,0.7509666938110606,0.01362393792914064,0.7352268237672012,0.7413093424373862,0.7245313810092805,0.7471166988328422,0.007786853423774146,0.7225289370495208,0.7546444662256665,0.010247537354758503,-0.04178505695275975,-0.0706258862664223,-0.06815015543764069,-0.02121301375283123,0.013112055273270693,-0.0807013541992825,0.0005664279774639652,0.022900865089873428,0.7121933403797264,0.7141509993598123,0.7019019160493248,0.7256055663819542,0.006654076460734524,0.6976224855479575,0.7348036075646989,0.010459315611920135,0.7662546831645793,0.7675539464557782,0.7563253597532562,0.7835794672642521,0.007259650235743646,0.7528161777272833,0.7924054179545598,0.010567518634438569,0.7579393447700216,0.7607576760125794,0.7523108090614977,0.7647626319834387,0.0039753280237914594,0.7501536777277166,0.7696975692732424,0.006106290444038576,-0.13806993675869403,-0.16278729554030089,-0.20357423211202313,-0.07503496983397515,0.0435199654925729,-0.21943828316566671,-0.05264216083374618,0.05704115745302851,-0.03132217307275875,-0.02850207210982658,-0.03913163297536115,-0.025886323452727546,0.0038958780582432993,-0.045302713701809355,-0.019852473855290764,0.0070665149478017835,-0.041339083411130795,-0.03749003370289328,-0.050568392482829266,-0.03395403823338557,0.005191715219759347,-0.054553216679910484,-0.02862249245358206,0.008323572894255237,-0.022712521002820396,-0.019448333575193155,-0.030314064883128086,-0.014471703963535365,0.004891074687618227,-0.03035788110994759,-0.009512220904212422,0.006162156747451277
42,0.4,1.25,0.4,1.25,-0.01820737491503701,0.4,1.5,0.4,1.5,-0.11039324333905673,0.6881807768984681,0.68843058735308,0.6859435340565099,0.6902466688087529,0.0010791879032601855,0.6819246297672364,0.6939450035335171,0.003402716508676762,0.7337831203547057,0.7342492964800351,0.732204367777181,0.7352111561485063,0.0008864608047465386,0.729628973083276,0.7417448227947813,0.0032966937231574617,0.7484379930243645,0.7486193887853885,0.7462075209504454,0.7502500778402768,0.001272819368875326,0.7446864231902137,0.7630521195607823,0.00580296682154885,-0.06281395130501578,-0.11379303498872131,-0.145956052206489,0.041324443092966026,0.06676508575885855,-0.15017377917865354,0.03697083975629013,0.06267093384591363,0.6913225660035488,0.6937605736657351,0.6823584974696619,0.7019900132500864,0.0063914510983711275,0.6787552721603054,0.7092784848046921,0.010219999396563699,0.7488197185208056,0.7503369271236573,0.7382086592903014,0.7614449440680707,0.007362209558210404,0.7333027140804845,0.7686309619457948,0.01054182836138465,0.745007848894563,0.746524540172354,0.7392768973714126,0.7510970102999077,0.0033156329378682616,0.7377077274366284,0.7538047477466268,0.004753630850236384,-0.06497011439355606,-0.08387480276945594,-0.0928524294734232,-0.03547675733746153,0.017556946740027293,-0.09953312751440935,-0.0223286395619149,0.024651289777882165,-0.0031417891050806723,-0.005329986312655022,-0.014508759139803627,0.006516851454550809,0.007045707046575645,-0.024559118275737642,0.014872878685290788,0.011932690195542925,-0.015036598166099924,-0.016087630643622175,-0.028055194320167676,-0.0045856746425335,0.007489814491247648,-0.03600508646708569,0.004525533442071496,0.012049238115670723,0.0034301441298015822,0.002094848613034439,-0.003045875896581807,0.009658531727445928,0.0037843987468470946,-0.0072045795964954945,0.021213773594501738,0.007678384734283038
43,0.4,1.5,0.4,1.5,-0.016457643498261607,0.4,1.25,0.4,1.0,-0.03269271535901121,0.7278467702376392,0.7283610581043592,0.7236924786730138,0.7318320635715346,0.0024051355020448992,0.7208450006399162,0.7351928256936142,0.005304040220573805,0.7754026666336309,0.776733289227141,0.7715267277111466,0.7795052071918286,0.00248929659921564,0.7690488196428298,0.7877086567685152,0.0065022196453178565,0.7579538263171349,0.7597628719938271,0.7544389427592334,0.7620185937041815,0.002178569730734732,0.7548566551201963,0.765371397137289,0.0030803217348156545,-0.055083203407431267,-0.060239410605129,-0.0875678543767787,-0.014109818388904898,0.02060810446775057,-0.09524337719466493,0.00931448266100833,0.02869699054438449,0.6763658874714547,0.6771662633730647,0.6701235475133884,0.6808739625318386,0.00309864692555665,0.6676157033420876,0.6839364115888728,0.004699665826592183,0.7300685458310183,0.7316857505095673,0.7243608097872354,0.7365701921902055,0.0037361893000121267,0.7207847490818292,0.7389342036866577,0.005134661468068757,0.7333602320987123,0.7335068987482333,0.7300728437632361,0.7363294413111449,0.0015623606381623544,0.7291845112700227,0.7374726300527981,0.0021269610322584174,-0.07347738965580711,-0.09549436339263885,-0.09813690261033274,-0.06142621769653346,0.010991264585808722,-0.12494268142855777,-0.04425786337492059,0.02318579721774355,0.051480882766184566,0.05119479473129451,0.044205134453885256,0.061307635237572364,0.004825210980308787,0.039729329049730366,0.0673522265347282,0.00840802443039648,0.045334120802612565,0.04504753871757372,0.03627477758942346,0.05453492409223286,0.005503181620700002,0.03152039427513174,0.06362120835723864,0.009358072476579455,0.024593594218422665,0.02625597324559381,0.02063814026515929,0.02772555900213609,0.0018417557657871297,0.02046664971418912,0.03276317664548556,0.003144127400551404
44,0.4,1.5,0.8,1.0,0.0014326061535349752,0.4,1.5,0.4,1.5,-0.004679489384949642,0.687654233695625,0.6872607043401043,0.6718626947216038,0.70421802767253,0.009445026981956327,0.6642243170648421,0.7125009731763916,0.01459271731651704,0.7253288810875138,0.7255222454456618,0.7149169746492334,0.734855702965617,0.005827719405803271,0.6962068649130775,0.7476361985582366,0.015590713282677506,0.7367804457920956,0.7379381647605375,0.7317269100523212,0.7416993604775547,0.0028686114765587743,0.7245504912190819,0.7478520685366327,0.00724063683755249,-0.05190850333305343,-0.06944120229265192,-0.07541596599186332,-0.01720381233336192,0.01763128216291039,-0.09060333881019428,0.007697206951025132,0.02766759441950467,0.6912704577943365,0.692991763644564,0.6804104556230199,0.7064087848537766,0.0075700890135947775,0.6766135654340494,0.7164736014738401,0.012090231500384758,0.7433439671070898,0.7426883657121394,0.7283864556133964,0.7638144486998794,0.010659399998382993,0.7233536513899378,0.7739146034925557,0.015940457654895063,0.7475842948815339,0.7449143193859171,0.7411157280732362,0.757948607491087,0.004625091899567205,0.737650291351279,0.7639133888453181,0.00712576411607267,-0.022956165212364953,-0.0314963421060422,-0.061179152239895264,0.009686715953953269,0.02200661852203791,-0.07425278914507985,0.02697749809818923,0.031687280077070924,-0.00361622409871154,-0.005731059304459718,-0.03514516862059664,0.022821975340370296,0.015949753509423608,-0.05438959542377523,0.03509506248378782,0.02469170180256805,-0.01801508601957602,-0.01716612026647757,-0.04866168497630699,0.00590712261986874,0.015541813359545426,-0.07908732866258286,0.02359326576356617,0.028352573655382893,-0.010803849089438322,-0.006976154625379594,-0.024433299330986695,-0.0013342447004694585,0.006769582724982618,-0.03651993238588487,0.009289351294978498,0.012555761335095702
45,0.4,1.5,0.5,1.5,-0.12189934441073437,0.4,1.5,0.4,1.5,0.029162432865943423,0.6945976540999502,0.6953766365952868,0.6698464744964399,0.7480053672690723,0.022998667488561792,0.6381182657707629,0.7936063269026854,0.039141831033661464,0.7438621431220643,0.7427493889304296,0.7030692465983579,0.7923829253353311,0.025628646072595948,0.6915301551692898,0.8363023680236467,0.03721568508398927,0.7489904738363333,0.74819150193916,0.7270710243299393,0.7777992350370193,0.013837081797816108,0.7175061389963603,0.7982165530667921,0.021720823548108607,-0.10817340419621459,-0.14203453900904978,-0.18836780620500837,-0.0016733791241630575,0.05006776353726519,-0.2042646385538952,0.05624751435666052,0.07472216919843871,0.7003054173292629,0.6971750018874252,0.6950421054551443,0.7060687580024622,0.002851973893561056,0.6921953346768114,0.7102873156958226,0.00477251248698216,0.7498844896697577,0.7474030582092753,0.7449603994918395,0.7553907234939153,0.0026671125126348297,0.7426468531644821,0.7587842759249259,0.004568430096305844,0.7441478941476843,0.7454281992792577,0.7388441941350852,0.7505874210346015,0.0033250917931455064,0.7345223924567832,0.756093382759705,0.006061466053160816,0.005609362313633634,-0.015884945624091342,-0.03777946614361397,0.04625849965107524,0.02750850895558494,-0.0594392301169993,0.051923314500610405,0.03228071439919637,-0.005707763229312657,-0.001798365292138393,-0.030285430523866095,0.0489914863744199,0.021936443779237032,-0.0580048257142772,0.08540142591523175,0.03776800503855982,-0.006022346547693402,-0.004653669278845696,-0.04442857015180343,0.04079521042301357,0.02454766423357687,-0.055315796493519774,0.08122127113524517,0.03604945710541154,0.004842579688648985,0.0027633026599022115,-0.014882178984338388,0.032809363145862705,0.012767389826795721,-0.0246403015209909,0.05286694900866972,0.021037112735201372
46,0.4,1.0,0.5,0.8,-0.001541576030138309,0.4,1.5,0.4,1.5,-0.10603740358228471,0.6808761667989522,0.6812237457344736,0.6741213898236764,0.6883695764440069,0.003952940172620727,0.672533702756855,0.6928490815591392,0.005411164036496,0.7235931010628402,0.724096073102168,0.7162556218173789,0.731192732604346,0.004056866352271866,0.7142587831652121,0.7370507706576362,0.005756887622025418,0.7360250123788925,0.7370000944334891,0.7316765909040818,0.73992230672664,0.002313972206973963,0.7287782373534936,0.7429148896418123,0.0036261640156811828,-0.016613316379808785,-0.01640992478787422,-0.022150157017569366,-0.010459888082325102,0.0031960910163773846,-0.02747389406764479,0.01067045534395215,0.010865553354545454,0.7089594860874459,0.7092386586962476,0.7026924618050504,0.7168040712787945,0.004048890071588094,0.6983452940998057,0.7232237583796653,0.006677593018008698,0.7649374216020468,0.7636306814960085,0.7598753785191492,0.7710870857229758,0.0031598517497864473,0.7534466527664615,0.7776248342127391,0.0064920748537729625,0.7606294942110027,0.7578502066732182,0.7570450113703631,0.7657404456191478,0.0024468077264801777,0.7540524846710547,0.7690076026201138,0.0044278348662994075,-0.12778296830975397,-0.1873494465410461,-0.2591363671948913,0.2622423836801506,0.15349387351291777,-0.34394832077025816,0.2656267083030067,0.1732834040388712,-0.028083319288493613,-0.02801491296177394,-0.03595236258675445,-0.016888515566091854,0.005785016024375487,-0.03898303211254092,-0.012205950364242012,0.008503725448647649,-0.04134432053920656,-0.0395346083938406,-0.04851292178218329,-0.03221710554320785,0.00578124445465881,-0.056498137095068186,-0.02268465506340174,0.009939044859607341,-0.02460448183211017,-0.0208501122397291,-0.029388569733315006,-0.020109426077921055,0.0025606924446842823,-0.034912064571454564,-0.016159588574317388,0.005106511495746743
47,0.4,1.5,0.4,1.5,0.0033191148713372265,0.4,1.5,0.4,1.5,-0.0892380629297298,0.7047316749213064,0.7034468831608478,0.7003018872792542,0.7095735933512437,0.002760644413354597,0.6982901917075326,0.712270072655447,0.003969049384412212,0.7490977761816932,0.7490394682296828,0.7443230257996166,0.7540409089058666,0.002753427871117421,0.7431415633599747,0.7563369416250729,0.004372959118736203,0.7478005998364259,0.748290803309655,0.7454380546639602,0.7506064620613997,0.0013480574890471094,0.744656029473337,0.7551068716242337,0.002688505753704138,-0.053806411258955786,-0.0761087457119759,-0.09114713713136025,-0.009688315409354983,0.02716698210887453,-0.08488925102585208,0.006342537331011297,0.026437671764042027,0.6832968567479185,0.6813774119246508,0.676330636029509,0.6894520821316785,0.0037227612784867066,0.6714158796180758,0.6946110423509833,0.006042930236391492,0.7373026079818898,0.737742409664878,0.732164188069321,0.742402324715796,0.0030276992514367833,0.7292156553888323,0.7493244304170585,0.005457229211974982,0.7493885415864473,0.7491757734654374,0.7459744998394771,0.7534269644279723,0.0019026485189177322,0.7436957051134653,0.7559207688197813,0.0029798815388971884,-0.098793079246585,-0.13439013515022732,-0.18381238739305428,0.008924515605115188,0.06461812303936619,-0.21344752404612044,0.08943683373674079,0.08805893965148644,0.021434818173387882,0.022069471236196958,0.015842606654931625,0.029612835709869854,0.003942373797415358,0.012399130611956678,0.03398187666203509,0.005994928286742059,0.011795168199803308,0.011297058564804785,0.006739277327440778,0.016336589372263767,0.0026158677965518306,-0.0009924526090364129,0.019876837822404216,0.005483356981506932,-0.0015879417500214155,-0.0008849701557823719,-0.005980495055379361,0.0023261409991321086,0.0021620017998051173,-0.006943072493243661,0.005879838465106512,0.0035193397318919496
48,0.4,0.6,0.8,0.5,0.03208404046825997,0.4,1.25,0.4,1.5,-0.004149499222742799,0.6769384870941293,0.6773359901714793,0.6705616972316047,0.6833159806973973,0.003840095479196111,0.6701414523746122,0.6871284243813665,0.005481468863328383,0.7191914306483433,0.7184813702656067,0.7157407675389613,0.723030163471979,0.0019323029496615583,0.7089093870388309,0.7275897330572799,0.005116267381762942,0.7332669868490166,0.7318446080461696,0.7305098233414932,0.7378822537328938,0.0018867412539928935,0.7231036952506154,0.7386252136475735,0.00401881075480676,-0.010384280515648067,-0.00462092989822416,-0.060033004762757906,0.04455830372903082,0.032323641587337075,-0.04984067974217498,0.0363203679446709,0.025552249573871096,0.7107347575135192,0.713911635761049,0.7064396463286193,0.7182535710968416,0.003936202536747815,0.7024118050854001,0.7290847838675076,0.007401442714889929,0.7603459722913137,0.7634587382379172,0.7545272050601649,0.7675021172462805,0.0036594874624465,0.7535241044321418,0.776946418730269,0.006923842239312253,0.7478706814802185,0.7482062738995309,0.7426887303551043,0.7547916017342471,0.003298924881070716,0.7410864570510721,0.7621566921440234,0.005937125958745605,-0.0032737733794971583,-0.013180315273538157,-0.03863890453965568,0.034054882643758465,0.021895389904184645,-0.05566681821004652,0.05729089748387478,0.031224896976280246,-0.03379627041938993,-0.036575645589569716,-0.03701685201048623,-0.03185544044949447,0.0017443303654219764,-0.04406840241159431,-0.02980310555465797,0.0036744034977742573,-0.04115454164297039,-0.044977367972310556,-0.047036722353267696,-0.03432751244560546,0.0033946465879955093,-0.05803904346550343,-0.03511227457921686,0.0067946509632293315,-0.014603694631201924,-0.016361665853361296,-0.021584001368229265,-0.007531239282940704,0.003898740314391286,-0.031888209368281004,-0.005410306387197885,0.007299942153634654
49,0.4,1.5,0.4,1.5,0.0037871776398349833,0.4,1.0,0.8,1.0,0.06370783679883764,0.6767875181754814,0.6764069454625715,0.6659510401722325,0.6889441038371913,0.007461481959495998,0.6617937823569591,0.6956231845297548,0.010905585733228241,0.722639887503746,0.7224984151500499,0.7087714663339856,0.7370614046455185,0.008788475570263835,0.7043123678561507,0.7435142604710417,0.012482035284712508,0.7329905633750736,0.732632231480306,0.7223353177739852,0.7441039614030456,0.006783746049129037,0.7183500139601432,0.7482213679910966,0.0093644654898608,-0.07584150690165832,-0.11035854118170593,-0.11970728951831547,-0.02496376142019595,0.02703509080025442,-0.15286401118658827,0.005647967939278006,0.04507022652406782,0.6790216202562198,0.6746363274331693,0.6662774762161955,0.6959956371503786,0.008576401557646903,0.6619709464904968,0.7070239621859192,0.012853916313795163,0.7264998607433347,0.7279219607468236,0.7185992234489628,0.7346797889672458,0.004390951780577229,0.7089860622333168,0.7571248230293276,0.012288887372692408,0.7415222629122049,0.7426723628274915,0.7368365013668752,0.7475787122385074,0.0030816507974423773,0.7318621951934063,0.7554400096868639,0.006485835149934888,0.004770323607661343,-0.008056747103628154,-0.0221765098808802,0.02616869017022872,0.013969355032449964,-0.03975921860469926,0.03473407641514841,0.020560098483276737,-0.002234102080738376,0.00177061802940226,-0.028643283177644058,0.021699294652999527,0.014855702887582749,-0.041934995938007334,0.03223465364828303,0.021859545758540905,-0.0038599732395887543,-0.005423545596773716,-0.023074584721598023,0.016210662073416458,0.011911606638360226,-0.050656448571265084,0.033520701593895474,0.023081208052097422,-0.008531699537131288,-0.01004013134718551,-0.021290473490626002,0.003650589035054993,0.007291253344994061,-0.033719641635184455,0.011233846598937086,0.012345605999550847
50,0.4,1.5,0.4,1.5,0.0019267447582345045,0.4,1.5,0.4,1.5,0.09222771859159687,0.6902665153156904,0.7066995997941904,0.6716996924000205,0.7096327775181154,0.011611128225166297,0.6689257029960687,0.7359951282175613,0.01810296314714259,0.7512916745046598,0.759889467389698,0.7309151302770142,0.7766650329914405,0.01366436425013391,0.7324332906449402,0.796894730336666,0.020372216958723568,0.7395646432882373,0.7421994307241905,0.7273147906547376,0.7555870338916402,0.007906503173965209,0.7169029152417805,0.7746931702476183,0.014130022781185449,-0.004571979318282915,-0.03294252298929637,-0.04484631063507702,0.04645350831705314,0.027052360016503286,-0.07137698200115075,0.06345202874604518,0.042398195159854116,0.6871424394626082,0.6877491043711511,0.6798877986443134,0.6965522228396956,0.0044768827928792065,0.6774487390949319,0.7048990106007004,0.007408062761700849,0.7411194875411976,0.7394124785048821,0.7310591784239902,0.7534832840096602,0.006053324277963467,0.7271968410182478,0.7615990736073329,0.009211915352099358,0.732881986016214,0.7315093112206739,0.7248361484246905,0.7403617018029719,0.003926862016512924,0.7212549178415741,0.7447427849309498,0.006571997662040488,0.004856966074879641,-0.027039293150145707,-0.010015893291976562,0.04792853309528127,0.01896533155289316,-0.03508803551720288,0.08635324956704672,0.038352300141113696,0.0031240758530821644,0.018950495423039282,-0.012759396096500203,0.022906909367981787,0.011465536613037676,-0.02065111523825454,0.048988187116774766,0.017431834595870502,0.010172186963462226,0.02047698888481586,-0.010841404607765275,0.0378593572216793,0.013696910853366258,-0.012918070385715213,0.05609318365615592,0.020813247503923174,0.006682657272023329,0.010690119503516615,-0.006779947468978517,0.020756189983838835,0.007501221467199479,-0.011913037469681836,0.03763220023188409,0.01310114998643273
51,0.4,1.5,0.4,1.5,-0.03312057137998047,0.4,1.5,0.4,1.5,-0.06731332774705324,0.6901308608978594,0.6916511354660461,0.6805449283344719,0.7023515745601228,0.006748243376930299,0.6742972535140996,0.7101694432730061,0.010645356004089878,0.7359531336371454,0.7383513963286211,0.7247043005681618,0.7499576252866189,0.007738717201555979,0.7184743308136249,0.7572848363096402,0.011665727666817567,0.7360416389127598,0.7390970177041252,0.7277772308514258,0.7454493318541703,0.005526064281434351,0.724093359050576,0.751820659270161,0.008243557437690419,-0.029180821411029872,-0.04988365186664558,-0.05426064305871362,0.005217214844965144,0.01745375574316148,-0.05175527273421105,0.0412117310847267,0.023653790001744727,0.7096677342920671,0.7071959956871001,0.703876291909572,0.7173485171655626,0.003661916953125055,0.7017796960520969,0.7232977261781928,0.005991815067164249,0.7569690977867947,0.756253700983008,0.7524397113411738,0.7636961972915198,0.003133520876414701,0.7471822405728724,0.7713192205535843,0.0062540816812554426,0.7445485928206887,0.7460108550193856,0.738832191070396,0.7495212692839551,0.003082713478851529,0.7347540541858493,0.7542878337572954,0.005180677322510674,-0.037662199417445835,-0.053064171883051944,-0.0696837005744714,-0.014142273216515844,0.01554702834293718,-0.08903894447483285,-0.01736941629615686,0.020171127955392533,-0.019536873394207732,-0.015544860221054058,-0.02672955168155526,-0.01378583895899892,0.004413389947443522,-0.03246552499353943,-0.010556872138682505,0.007198371560706375,-0.021015964149649236,-0.017902304654386914,-0.029441494109305254,-0.013042355343753819,0.0053010452129874696,-0.03649773197467854,-0.00928266098748929,0.00851119295487294,-0.008506953907928994,-0.006913837315260407,-0.015371572227605167,-0.0014748541610905448,0.004249998490062061,-0.021735523360128402,0.004441171065578221,0.007422860842937527
52,0.4,1.0,0.4,0.8,0.03404832611888529,0.4,1.5,0.4,1.5,-0.02053625720258873,0.6881696919728487,0.6872168428413478,0.6827141599611791,0.694135272035549,0.003161086998811225,0.6770701404355584,0.6983673920813176,0.005063866544643064,0.7315832539868399,0.7304380407202424,0.724680799425016,0.7389104151159916,0.004149479907833455,0.718281152141013,0.7434785027602674,0.0065341081086942735,0.7411890381877457,0.7417051974876688,0.7378046768396138,0.7456979141468632,0.0021415882643742706,0.7352236017993727,0.7481825279003682,0.0035345529412483196,0.018038278409197608,0.004177062975641896,-0.0005708037626593401,0.039706570265764074,0.013147545285279262,-0.008742947296412139,0.049932596686774314,0.014285856351033634,0.7028438404180599,0.7044661193652499,0.696799406542139,0.7107275754768865,0.003982288009941292,0.6933468677057714,0.7180153111858606,0.0069063831758053845,0.7568137580393415,0.7561143909976431,0.7501896597142832,0.7656793241762793,0.004188375388809506,0.7453421948160354,0.7736786902374907,0.007470986030986966,0.7514812592449721,0.7490068152328955,0.7472373236584574,0.7583049462540048,0.0029635277007847042,0.74464959186208,0.7632034235249615,0.00522522566991737,-0.018908402174404405,-0.05630039599080663,-0.06376729019077657,0.014793475160587086,0.02304342174220449,-0.07265408149329342,0.0074183236504074546,0.02156263519014773,-0.0146741484452112,-0.01724927652390218,-0.02226248546010454,-0.009265733488740404,0.0035892462714998017,-0.029841898894629536,-0.007452326612287251,0.006681687258908693,-0.0252305040525016,-0.025676350277400672,-0.03160292241973204,-0.020690283940901243,0.0036762657740527817,-0.042752968361407365,-0.014567092527144498,0.00814780567169472,-0.01029222105722638,-0.007301617745226641,-0.014867677714806259,-0.005566690112251438,0.002871010864435218,-0.020494821237066273,-0.0004308177890447913,0.005953773494177228
53,0.4,1.5,0.4,1.5,0.08795818622825913,0.4,1.5,0.4,1.5,-0.023734769693574014,0.6616398139783687,0.6639422234768151,0.6439103850558953,0.679847595719446,0.009906035967095859,0.6322483336373581,0.6944188772129222,0.0182864123824684,0.7043402675489593,0.7090258816695479,0.6854412325896734,0.7242584039027763,0.01077293415387393,0.6710254683529682,0.7379982419335824,0.01830139655103002,0.707892322847703,0.7145348217151071,0.6918815465184754,0.7236295746655445,0.008280071187368298,0.6872502819813394,0.7335045507130032,0.012964519851996203,0.010296387713143292,-0.019684442121370722,-0.017107942980510275,0.05641106502582864,0.02051555510515493,-0.028781529921815492,0.08572719226945483,0.03802036409239581,0.7118930036035753,0.7154580057566526,0.7094069741581784,0.741174129220627,0.007403736167597538,0.7140231778334475,0.7635497302517916,0.01584733640355016,0.7670971735350861,0.7667370031123282,0.7582172122586527,0.7839390813977438,0.007986921191065295,0.7556831083395652,0.8066951086003098,0.014602428902434503,0.7534785135058624,0.7504086909875702,0.746592515145161,0.7648987126761544,0.00597313370259933,0.7423863006035843,0.7715827249587748,0.008842563719074199,-0.03380670277658095,-0.05442839554867102,-0.06255711591438082,-0.004849503960349041,0.018943177920570074,-0.1157466355157977,0.019670804889456994,0.040389617609675556,-0.05025318962520664,-0.05151578227983755,-0.09284924817503237,-0.030004019558819817,0.01590057980113049,-0.11752607603510332,-0.0210021019502072,0.028910168655094767,-0.06275690598612682,-0.05771112144278023,-0.09627711324818122,-0.03607231073102683,0.018290906461619877,-0.12495222577437819,-0.021450736182479904,0.03090468890954186,-0.04558619065815939,-0.035873869272463166,-0.07255552736139045,-0.023909325524903192,0.013417197461586065,-0.08116560600198508,-0.011308057314590378,0.02069123778717544
54,0.4,0.8,0.4,0.8,0.030665260804289766,0.4,1.0,0.4,1.0,0.0011331754818879973,0.6723382723991184,0.6727077460499833,0.6601716876288747,0.6863991088774584,0.007655518167199098,0.6542794299149838,0.693916765174929,0.01150057852215529,0.7187412063575767,0.7184555437480599,0.7043821475516515,0.7349836821773527,0.009302558344977493,0.6981887975093128,0.7423597077861158,0.013732466158416697,0.7269108689950453,0.7300522238393385,0.7146369072791025,0.7364359784762875,0.006125563631124102,0.7117086402224356,0.7411081053270631,0.008593872073874723,-0.016168115341118255,-0.03155026382002425,-0.03571766353971032,0.009360887101414798,0.011784704222140705,-0.043765107277884185,0.021025264515270425,0.01791157794977829,0.6972672111931654,0.6970571672552063,0.6918162158476081,0.7036540341317986,0.0036857848978585216,0.6896236477862318,0.7078246579566075,0.005343846713694559,0.7461751531360071,0.747395202719543,0.7410313947150826,0.75325533943218,0.0038984409825746835,0.7390342100362383,0.7582732909870828,0.006137605664895349,0.7425164074641144,0.7452842105333408,0.7388609950829513,0.7458797840087111,0.0022290480924439344,0.7365675738832622,0.7490303182137549,0.004112853685347899,0.00024647671480729254,-0.018597770994335575,-0.02014506811624443,0.021780046437223848,0.012113131680634758,-0.03192574840949414,0.024623132487794613,0.015540555615069436,-0.024928938794047006,-0.024349421205222987,-0.04341900976901945,-0.005951571993043837,0.010948822925866466,-0.052200666438497675,0.0023834125854436325,0.016143094738999157,-0.027433946778430474,-0.028939658971483095,-0.04893754778925072,-0.006047712537729913,0.012913057913626439,-0.05882062283864429,0.00280179780308782,0.01900915032286263,-0.015605538469069091,-0.015231986694002275,-0.027608095892694286,-0.003485062919426251,0.007206905267184179,-0.03322524770322595,0.00420288029468039,0.011515363092397618
55,0.4,1.25,0.4,1.0,-0.05858383175257514,0.4,1.5,0.4,1.5,-0.08248480148258322,0.6863267598347214,0.6862094126683933,0.6642604010269323,0.7036644021330155,0.011271459372582506,0.6549180317742342,0.7142376619663787,0.015875752044346964,0.7240535927273666,0.7275848850288369,0.6995387857157886,0.7444535617274262,0.012111515352515296,0.6824323767340863,0.7572572034041533,0.020670139545736495,0.7396936708398286,0.746372936015304,0.7307846448757439,0.747986622020684,0.005112203597348955,0.719958221924589,0.755334787837564,0.010335713778252365,-0.03633907546110454,-0.03892469195253817,-0.048616727803749496,-0.006602921658232869,0.012435204548448415,-0.06071083827903581,0.009964257547374386,0.020245179822041076,0.6809484179514984,0.676340915597155,0.6638554802150071,0.710702987225285,0.014764739798717515,0.6591153094674306,0.730592401449382,0.021103992023233882,0.7370712651535855,0.73222020885697,0.7186153928168566,0.7720112881209891,0.01523029883617034,0.7070996830970858,0.7817694581180759,0.021511647434599702,0.7436428755697835,0.7414393110000832,0.7312317644322128,0.7560021092675313,0.008487449022139111,0.7238170822026871,0.7628931544917941,0.013085674294622398,-0.07571325456024253,-0.08959559827401953,-0.10588401346648331,-0.03017983023765944,0.025845277122345238,-0.14993407954567267,-0.013211919779686054,0.03885080597745806,0.005378341883222948,0.00986849707123827,-0.019803529756466043,0.023669453023863515,0.015874696927638314,-0.035577974023811965,0.039554632674025904,0.024186724275208765,-0.013017672426218874,-0.004635323828133142,-0.045520434630697965,0.007874095063169807,0.017946946785625292,-0.056947242287786554,0.03582578977481323,0.028726596286258153,-0.003949204729954858,0.004933625015220766,-0.017380897118224437,0.011775016223661838,0.009325050983681088,-0.032237250342088526,0.025552202348576757,0.015229113598484797
56,0.4,1.0,0.4,1.0,0.11601112273902583,0.4,1.25,0.8,1.0,-0.0013090316548451868,0.6644418359466601,0.6646410116341945,0.6572122670442763,0.6727934510722994,0.004855659890703986,0.6536816405492907,0.6787361381186243,0.007406499876503096,0.7085143763670888,0.7105061834478718,0.7009353889146549,0.7169834282923482,0.0054851072069850605,0.69388796019027,0.7248546090409433,0.008382643505770847,0.713112355454299,0.7181912950511161,0.7041161740845769,0.7224664310749019,0.0050967357522079,0.6999003905223614,0.7329539985185483,0.008465972517305003,-0.030422240802495306,-0.015036763397060107,-0.06162369305887641,0.016396745459865403,0.025262321026402565,-0.060651957113064814,0.015373751845723631,0.022660393281509688,0.6819160050541027,0.6812723968268715,0.6741289494658756,0.6938754418156493,0.006044889059161229,0.6705421444043491,0.7017383514213283,0.009348773678403371,0.7288987067070374,0.7298248024875144,0.7242629764646575,0.7386765545483343,0.003778722752036333,0.7156653761663069,0.7410408202115428,0.00730801576343196,0.7325689917646706,0.7347132578515837,0.7262826028756983,0.7374045792672685,0.002878096531854044,0.7231125918302106,0.7419474031956678,0.005386920625530219,-0.01854691823266258,-0.026006432714787735,-0.03419626555084738,-0.0035609063534760045,0.009202162334494134,-0.036537079669058066,0.01202410578485311,0.014185986118564437,-0.017474169107442594,-0.01663138519267693,-0.02339130535057956,-0.014321292520582118,0.002535233936080284,-0.030164973145602333,-0.011364451569298863,0.005283264176448736,-0.020384330339948575,-0.019318619039642604,-0.02712220488166428,-0.015119146352302295,0.003662557131788119,-0.03177109650047916,-0.007167510422243284,0.007378529491478402,-0.019456636310371644,-0.016521962800467582,-0.02568345834925978,-0.010681797647346492,0.003930589111307137,-0.02744065727559457,-0.007902800475505112,0.006635652013245462
57,0.4,1.5,0.4,1.5,-0.04406914677313602,0.4,1.5,0.4,1.5,-0.05511164841045139,0.7198727554965463,0.7251132064644352,0.7064904008305313,0.7337410753713861,0.007215585188302711,0.6960235449510475,0.741058820372279,0.011503042694451682,0.7658531092709131,0.7671010254540339,0.7511212389864232,0.7809395996545723,0.009156507854444017,0.7478748293015772,0.7885367868853591,0.012756067917617546,0.7680113501403716,0.7687089794435977,0.7593484770590591,0.7785992302163104,0.006018328645086538,0.7564575837953428,0.7842600684947947,0.008512549040592593,-0.06502866666653247,-0.12242541737507068,-0.13691108811617414,0.013274155984249483,0.04991392442860586,-0.1334752667610659,0.01800934949298981,0.044624048962739894,0.6810182716506437,0.6887587118168278,0.6722070358510157,0.6931978098761862,0.00579118220103735,0.669110138363056,0.7035381416611973,0.009846255007088432,0.7404600034779442,0.7465059730400998,0.7336008643804283,0.7600868719977991,0.007397508218307777,0.7273683099209701,0.76766847578514,0.011821575409206187,0.7465555599923658,0.7517218490546218,0.741094312419564,0.7533312078191199,0.0036329162480347858,0.7395268364239408,0.7590573985957997,0.005554979918125438,-0.05853850337176784,-0.08515150474218916,-0.10235017783219727,-0.017015291614139096,0.030950855941911312,-0.118895312834776,0.008858344292407914,0.04464178561631874,0.03885448384590262,0.03635449464760743,0.027096693894661225,0.05187165093309516,0.008126102330529555,0.015191966483415302,0.06008870185632824,0.01312692788040954,0.02539310579296894,0.020595052413934112,0.001777281892310953,0.04222671105744715,0.012146942965349967,-0.008481098411594293,0.04995333058968447,0.01756017933739544,0.021455790148005804,0.016987130388975924,0.012563999560349415,0.03405134164698718,0.006543647654045351,0.007894953159077955,0.03954709661329178,0.009444476593965455
58,0.4,0.8,1.0,0.8,0.03935763784476408,0.4,1.5,0.4,1.5,-0.0006457886133295861,0.6925679695547693,0.6941014795784833,0.684245152463752,0.7009236396219594,0.0043628981203832524,0.6721203463229186,0.7106226680454552,0.00992038425855267,0.7237060947209903,0.7229449112067343,0.7166367518684256,0.7297635850247975,0.003796930803731169,0.6820765682230301,0.737329945186701,0.017101588749412554,0.7337917221238721,0.7345014823635903,0.7289807496895738,0.7384861339878561,0.0028175273971379066,0.7168313702579393,0.743564085877241,0.008275354091225057,0.008812045166692262,-0.019304527920733075,-0.014001602081635676,0.030496143184830696,0.012371261623755828,-0.029924389669417573,0.04602664119280911,0.020281859586594876,0.724799892198343,0.720484996482778,0.7154027935931312,0.7374336906438463,0.006195067603207513,0.7107677857788367,0.7475443318425999,0.010275756143105233,0.7701235602630692,0.7727734810605205,0.7659941529950713,0.7838643721861378,0.004774328159552656,0.7599386338726393,0.7922349545016204,0.007974371430847095,0.7463274978965917,0.7486074035219057,0.7374550946711048,0.7547114278566593,0.00459236182397,0.7303677509197727,0.7601450574478683,0.008308672563415354,0.004602629070996919,-0.017868799943521817,-0.032430376586265734,0.04050205258709368,0.021958489187723508,-0.04153369335512435,0.06485716706780997,0.03438927727800227,-0.03223192264357366,-0.026383516904294635,-0.04420453314696844,-0.023029656149450427,0.006413891782783188,-0.05426664614585208,-0.010360954354294231,0.012271887536415371,-0.04641746554207882,-0.04982856985378614,-0.06175479617852528,-0.03889446733986266,0.005485355506942125,-0.08778180974934217,-0.028253968839572027,0.017268601735300964,-0.012535775772719582,-0.014105921158315438,-0.022159083755694926,-0.0065602860623562576,0.00451525537193198,-0.03899635309838647,-0.0003293708600659688,0.01068883998904555
59,0.4,1.5,0.4,1.5,0.027021106839678583,0.4,1.5,0.4,1.5,0.003705237040606013,0.6694272378877033,0.668454684210956,0.6489637556320481,0.690739049091406,0.011941770292383245,0.5861734371417262,0.7095753837987252,0.028827611555036166,0.7153605375867139,0.7145140008234261,0.6925206092210677,0.7389508141942887,0.01339419161476134,0.6687705494982384,0.7573014212214123,0.025565483513042057,0.7337912435668749,0.7322980149902002,0.7232750196509184,0.7554753988840919,0.008438996833995809,0.7133894409330092,0.7657053873177873,0.016134073551188656,-0.04431996956967868,-0.06268582505299718,-0.10394559039650686,0.012244709200142409,0.03240408053097597,-0.09959299556907751,0.019751468948294673,0.037097596888583446,0.6917280515210658,0.7038998164145481,0.6708233029772395,0.7206120419788304,0.013432061324122094,0.6601961682649015,0.7458143040173112,0.023817120559104135,0.7539564843933605,0.7635541944305907,0.7360158805704967,0.7749323218643044,0.010782048880434896,0.7221900794001904,0.8010008463396985,0.020186424823531425,0.738188566146571,0.7480669187211739,0.7297012017872234,0.750391419756366,0.006352382238515915,0.7213155324587122,0.7639907673981015,0.011959037040743293,-0.03345936040206387,-0.03733415589736514,-0.053373295769786264,0.00342963244655925,0.019544695584031452,-0.08028435888429386,0.03100555655397267,0.03259741755532512,-0.02230081363336245,-0.03544513220359213,-0.05224227819622787,0.009705293489408198,0.017175819794170998,-0.12598137063857934,0.0326222857956127,0.03716900327999565,-0.038595946806646575,-0.049040193607164606,-0.0630746521277633,-0.008407648126260825,0.016891614604724832,-0.08868764312037478,0.018691780648453685,0.03233571502119232,-0.004397322579696161,-0.015768903730973727,-0.02251275373368651,0.02090854148083201,0.010813760253956238,-0.03969783254854163,0.04030451710451635,0.020530142691459922
60,0.4,1.5,0.4,1.5,-0.01812690603681152,0.4,1.0,0.4,0.8,-0.02288822189725429,0.6980972816093342,0.6995930684023678,0.6905645484838224,0.7059385067173144,0.00482232338112725,0.6859800707211197,0.712568637643524,0.007372114045297846,0.7463580346392471,0.7462478345365837,0.7364516059546334,0.757562403466665,0.006879141358831346,0.7293161343378092,0.7667144668275709,0.011271776586794305,0.7458494166378313,0.7449676394310423,0.7379582721839395,0.7561382323790901,0.004683764695333841,0.7370435035248039,0.7595076656050546,0.005671539465083166,-0.032526036493216844,-0.061729317926272356,-0.07339861802264702,0.003776483404434032,0.023412077078327872,-0.09718229139629844,0.013397596436501923,0.034172118827999795,0.6829246437095486,0.6864952725473044,0.6706544075027316,0.6982303200654474,0.008211047564226555,0.6677377573701421,0.7038109449861158,0.01111484833528686,0.7319270036842704,0.7369385499752491,0.7169041207133772,0.7489325280171146,0.009415660509776881,0.7144779120848187,0.751452450248731,0.011464123012771344,0.7409141129431539,0.7455784915385825,0.7329399053091437,0.7489347555030914,0.005260302296482182,0.7294812931923942,0.7500059652825574,0.006523390459418246,-0.02563602851131422,-0.02242385103201831,-0.0310532908247933,-0.010941811864897236,0.006017212242414961,-0.027300009627511477,0.00412558716670074,0.008315372848006883,0.015172637899785513,0.013097795855063432,0.004372945278560029,0.023807605248096997,0.006076544578526937,-0.0010900852909717582,0.030040400596453562,0.009309373302579685,0.014431030954976665,0.009309284561334619,0.0008676007660936499,0.025473839668953335,0.007491169255020373,-0.008007872447399977,0.037609716970881335,0.01238414197644035,0.004935303694677429,-0.000610852107540194,-0.00492486578660245,0.014059448355909863,0.005341430779260589,-0.007097792680112389,0.019799211300865566,0.007873990328742465
61,0.4,1.25,0.4,1.25,-0.024372605143413772,0.4,1.5,0.4,1.5,-0.06016552115440062,0.6788927733301839,0.6804538084693137,0.6732996456655969,0.6869330386216123,0.004095806818397196,0.6704955577083042,0.6924355577607909,0.006566619000651243,0.7240254316627642,0.7264345114893727,0.7174529304358691,0.7327462593271931,0.004412916713957087,0.7128549459488007,0.7391241199018437,0.0071433434462196115,0.7296788631185993,0.7319660294355403,0.7238272525792121,0.7364585754926345,0.003826605724569101,0.7209261160898714,0.7398040906494856,0.005534430757346137,-0.01412577049648175,-0.038907824145655634,-0.03929514840556865,0.017516507132355422,0.017371722491367817,-0.04713619349710764,0.01993383663112772,0.018882354676040818,0.6827658712524421,0.6845047140399007,0.6726409173627393,0.7000411132116938,0.008199365495093645,0.665340566220243,0.7151096646415656,0.013705900713673981,0.7342509914110478,0.7383146050588977,0.7212226137945382,0.7515539601610032,0.008966818680507275,0.7116296178627621,0.7658429281815814,0.01508858699673059,0.7379234470094291,0.7401203521759089,0.7319012989060033,0.7447246119351035,0.0043241139306717915,0.7276590202725116,0.7490312808057231,0.006865445457706249,-0.11000435677364008,-0.15464570700658642,-0.16104259256595077,-0.03618162637846019,0.04812299185240987,-0.17157709824457779,-0.021378270089329396,0.05380068038660934,-0.0038730979222582063,-0.00405090557058696,-0.025661544204389306,0.013017630961693106,0.011415332746376636,-0.04133904435165012,0.02148908955047712,0.018352890673534787,-0.010225559748283541,-0.011880093569525019,-0.03232336267234579,0.008664121117626333,0.012496841357331274,-0.04886442325010131,0.020148160719319373,0.020614279275607425,-0.008244583890829826,-0.008154322740368536,-0.020742884975121022,0.0042024448399388785,0.007591653191317855,-0.02661649693274648,0.0118023208480297,0.01144807381027969
62,0.4,1.5,0.4,1.5,-0.06344055717421479,0.4,1.5,0.4,1.5,-0.041972072855993706,0.6526062053154145,0.6598120239086219,0.6398115454085591,0.6675523706107169,0.010257913612493333,0.6278370184280163,0.6789376732773591,0.016179366601662786,0.6966021896972239,0.704372836142249,0.6813502490509273,0.7138238887873238,0.01150979067943945,0.6591028195174282,0.7299818779992899,0.02162170361449079,0.7278013802542374,0.7329946533119996,0.7186413325908977,0.7374786520272301,0.005994200648790828,0.7115583469485434,0.7456247063637713,0.009964578530892488,-0.0721991011772918,-0.08984878717110542,-0.13309401372309973,-0.017820017105617245,0.03265910106777551,-0.12981739989888263,-0.01533704874608953,0.0344168235795427,0.6813775010981491,0.6830064074297157,0.6722627779279573,0.6921843218824917,0.005281563370661105,0.6677485290103593,0.6998598710850247,0.008849839998718717,0.7369477482431253,0.7373232776747092,0.7293045183506375,0.74943185805244,0.00559825505569964,0.72565603841346,0.7546384816137405,0.008074543744492273,0.740165674548914,0.7376869340185588,0.7365435404241618,0.7467315241982633,0.0027569916148908876,0.7339603410915483,0.7538105613298609,0.005099597803444605,-0.07087216867494565,-0.10067394759747514,-0.12720977556618052,0.0039662163898181585,0.04478502616697212,-0.17363595194533693,0.048339218387437224,0.06716971265702439,-0.02877129578273463,-0.02319438352109382,-0.0430399887409247,-0.012147071804279166,0.010350323418111549,-0.05413073900139398,-0.002539419569623294,0.01669630925016578,-0.04034555854590138,-0.032950441532460184,-0.05917210616686808,-0.0233933483829752,0.011639531498069004,-0.08331050618134068,-0.008750917470493322,0.021729453862428184,-0.01236429429467667,-0.004692280706559138,-0.02595677071413891,-0.002367981523473197,0.006853910648909013,-0.03964963116280899,0.0029444395453050998,0.011688338618502322
63,0.4,1.25,0.4,1.25,-0.0414062241032349,0.4,1.5,0.4,1.5,-0.016760296159062636,0.6957667550657706,0.7004210257722909,0.687258477418253,0.7040633016445286,0.004607803355667906,0.682464070124739,0.7102584255504977,0.007918923833923727,0.7441882460966334,0.7466843420177358,0.7332884011639208,0.7558376432510236,0.006465420323194206,0.7249764518693876,0.7625239413012382,0.010374269070929877,0.7404907516603436,0.7419577434870508,0.7308048096141664,0.7541378088991667,0.006195709645638096,0.7256410979458062,0.7621463720399538,0.009507348327298907,-0.03427620456231711,-0.03855806356394857,-0.07304146858240608,0.014872963564210327,0.02728137936539076,-0.07602787178912562,0.029001723112870047,0.03154700321622443,0.7129932629909321,0.7156182367201342,0.7075685971351354,0.7303455578983934,0.006406921982865791,0.7088388810244032,0.7427636986352228,0.009491098646790461,0.7676448057026303,0.7652673986397325,0.7587302905311714,0.7809856591549522,0.00667966314856105,0.7570462450592991,0.7904990498821075,0.00984333793401607,0.7522012620551692,0.7533281601344288,0.7458834802307197,0.7603171766947294,0.004396330874211886,0.742936203373434,0.7661489850103071,0.006848710840788252,-0.009250340147766023,-0.035157146811476164,-0.04926206610506027,0.011919861833690934,0.01869087834866398,-0.07823566497889485,0.0543514336612022,0.03299912773343783,-0.01722650792516156,-0.01519721094784332,-0.03805045647531335,-0.010628595041810886,0.006745532449953521,-0.05638701808103204,-0.005453209431454692,0.01234410685184003,-0.023456559605996907,-0.018583056621996663,-0.039091822097660975,-0.012403786259928353,0.0067948957667647485,-0.05389947882892247,-0.008420482852303263,0.011843594643255686,-0.011710510394825624,-0.011370416647378034,-0.020625133055942692,0.002849848785787843,0.006996490972114172,-0.027376680422963123,0.006429881019994442,0.01075914996251455
64,0.4,1.5,0.4,1.25,-0.027525261450065307,0.4,1.25,0.4,1.5,0.07799761404358564,0.6777060417337631,0.6793251874208941,0.6716345407111618,0.6836038176757064,0.0034124841344688643,0.6676662617296526,0.689143422168677,0.006248608033757403,0.7213957772979671,0.7234959337602536,0.715212480541671,0.7275851379892364,0.003801406973049064,0.7106182209759715,0.7326123012589003,0.006777867995501095,0.7486002193086423,0.7476969124724269,0.7433446859011843,0.7543875730929487,0.0030827866561697697,0.7412876028180014,0.7558080660293329,0.004383908177047342,-0.014878470159967617,-0.04895707491487061,-0.06494698080599617,0.030538983345486697,0.031322370958305645,-0.05077867349204179,0.10759388475639466,0.05307775683654792,0.7063510128499298,0.7103292070544506,0.702384947010126,0.7101231304686503,0.0021539096092251277,0.6999232658480737,0.7126969730164823,0.0040424138691806215,0.7566835436864365,0.7584570076426623,0.7523511947410864,0.7619352536426084,0.0026951134221273754,0.7458458945626558,0.7679696408821968,0.005953185164642908,0.7368433242485952,0.7373726196380781,0.7303976487902539,0.7440110947308282,0.003856115328875171,0.7268752060551343,0.7510295467756304,0.006612330003163636,0.03472290556812822,0.026135346185650412,0.004882168995170941,0.0819463318554828,0.02145662385300541,-0.009578272472780869,0.0972993929757784,0.030394959755500852,-0.028644971116166706,-0.03100401963355648,-0.0374197576499591,-0.02134507390156004,0.0044226417288884615,-0.04425352324798778,-0.014783451207144083,0.008008808689123847,-0.03528776638846942,-0.034961073882408766,-0.04369023072801988,-0.025693024929670828,0.005781498203093443,-0.050803087410991286,-0.01604804675632958,0.01054583272837673,0.011756895060047068,0.01032429283434877,0.005062752080571543,0.016300183213087217,0.0036350628466715177,-0.0029771469138569935,0.020813355474993807,0.00703997471552651
65,0.4,1.0,0.4,1.0,0.0049968795788896845,0.4,1.5,0.4,1.5,-0.02130901271180766,0.7155673582709918,0.7173410185583088,0.7098906887771115,0.7219017331796032,0.003467736553772135,0.7081198926982254,0.7237836397295173,0.004685262351592741,0.7636124678098266,0.7660268987420967,0.7542202818399025,0.7733436195918105,0.005400471985354905,0.7509696323227726,0.7782225723931314,0.00794293774733266,0.7563572594525461,0.7574909744884586,0.7503084115534412,0.7625094393469155,0.0036622961577060186,0.7472431467055426,0.7642439730051135,0.005187336687599671,-0.032342859275665055,-0.042255649230870745,-0.057089080645942675,-0.009158707334125389,0.014508504452926847,-0.06703745868913963,0.011077879871483877,0.021394846368958345,0.6858232537550715,0.6907548762700243,0.6710231410361793,0.7009223456227538,0.008664270654163066,0.6682678041628194,0.7110048932578341,0.012601528638758469,0.7424248989974145,0.7461711329281147,0.7282680687654378,0.75769230268675,0.008962657781264056,0.7231562369702443,0.7662910964619797,0.012994688622358945,0.7437471002709346,0.7466551704794842,0.7342915382962368,0.7530805861501426,0.0053429878646801265,0.7301719859185357,0.7566365904246051,0.007937756849953619,-0.04871891410880241,-0.09595783834649589,-0.1289632212921634,0.10216059673227879,0.08299563221963092,-0.17778560988186798,0.12459238441731207,0.09646501171673015,0.029744104515920355,0.026586142288284487,0.020481242511548085,0.041341401958274245,0.005623905567069284,0.010915640294349618,0.04214913577629104,0.00863464258138426,0.021187568812412128,0.019855765813982074,0.014244099385616948,0.02783493643898114,0.0042601964548612,0.008192600848925126,0.030338810742252708,0.0062209649511779305,0.012610159181611458,0.010835804008974437,0.009656921457695767,0.01569010340604251,0.0018548473284820581,0.006324879669924059,0.01801951979413594,0.003365578851513045
66,0.4,1.5,0.4,1.5,0.05026329200269505,0.4,1.5,0.4,1.5,0.05496206849296012,0.7041135093609696,0.7043778340141003,0.697731340631444,0.712008889209586,0.004088620263208365,0.6938831208727727,0.7169722439508242,0.006663217263370759,0.7526643475102354,0.7528396113043305,0.7454639393189767,0.7606121445715028,0.004517999365021827,0.7413301138288831,0.7661805532690678,0.007327897481016949,0.7516900010622609,0.752292341724898,0.7464618774743228,0.75751333291754,0.002986977344778925,0.7439473224299648,0.76023526100301,0.004545173956339137,-0.005306751179218812,-0.02787750881604238,-0.0593734618336266,0.05803448677860525,0.03417434858138642,-0.06770654317672992,0.04981698904432901,0.03688933259746629,0.6982499771266031,0.6932736171465638,0.6928471698528647,0.7051551239549395,0.0032591826937434926,0.6906175663448152,0.7080559833049972,0.004866261760207992,0.7485548678189252,0.7428158861012353,0.7437321387327107,0.7552937502002303,0.003407670758173463,0.7395556124694352,0.760183771324689,0.0058950998344483255,0.7447042414458865,0.7422616967953661,0.7401722172825654,0.7508430707247186,0.0028726122199388537,0.7351287553085247,0.7555532800221596,0.004900436135444548,0.008248000139088083,-0.021228728264924262,-0.025474115122106764,0.04793929322587501,0.02200717229216694,-0.04944280979377241,0.063560827085353,0.03451543168822759,0.005863532234366531,0.011104216867536487,-0.005478432109708838,0.015130999277978919,0.00526832230527644,-0.010973773300792359,0.019218161716869585,0.007777122941660769,0.004109479691310147,0.010023725203095246,-0.00915472948738389,0.015591383036776141,0.006342169368338405,-0.014181496739421883,0.0209473020093774,0.008901629204802882,0.006985759616374376,0.010030644929531873,-0.0017522592878347273,0.013048415761732168,0.0037445488890791995,-0.004875190867502911,0.015212465373192808,0.005281682623386577
67,0.4,1.5,1.0,1.25,-0.028174763803725442,0.4,1.5,0.4,1.25,0.020165733914161744,0.6993610052197042,0.6971189733038158,0.6718565596581071,0.7259879049857146,0.015808957119712815,0.662111544878442,0.7449717254736995,0.023789540178422084,0.7372540294912544,0.7367214527862076,0.7240887296278239,0.7497643670635022,0.00651535607349841,0.6948302273508334,0.7715316858759932,0.021590702558831432,0.7452545511685739,0.7454116861203013,0.7363488784523345,0.7529215810506462,0.0041974316695311265,0.7250362123308619,0.7621650757138044,0.009971181407176717,-0.04009202144198998,-0.07279634051608731,-0.06747489630172886,-0.004243435797535847,0.017967671869258555,-0.10222678750992763,0.017744814398866923,0.03067550097584375,0.688420687678499,0.6929982971656397,0.6838480535889584,0.698934984996951,0.0040093023774930014,0.6812689238946346,0.7067298118472236,0.006725658522206142,0.7470867542751792,0.7479860200307112,0.740229001342865,0.7549637023278524,0.004390878982529258,0.7378229199333104,0.759984614554661,0.007358619279700226,0.7255251217791564,0.7288575886788727,0.7219743658870795,0.7288422691106646,0.0021210643590317164,0.7163201556655514,0.7319269693889482,0.004421171768099811,-0.01517393290941162,-0.07841840973781504,-0.08910074800927376,0.10430278292800416,0.07150107463982465,-0.13660345669388152,0.14626579372091972,0.08260749136417087,0.01094031754120528,0.004120676138176127,-0.025241861741849968,0.04115155637847473,0.01888932567297927,-0.039445536009049174,0.06129039530532625,0.029309661731506318,-0.009832724783924829,-0.011264567244503643,-0.029854677546107596,0.008996147448496056,0.010370022563186256,-0.061972216907398375,0.032815042188753495,0.027818803162182985,0.019729429389417463,0.01655409744142855,0.008150808917603058,0.029205056335423134,0.00503113763958986,-0.0017810840282614926,0.03736004354207341,0.01130508655457208
68,0.4,1.5,0.4,1.5,0.08212579072199999,0.4,1.0,0.4,1.0,0.05509233614294979,0.6919818164178301,0.6921884588356705,0.6877336211852575,0.6970220539177423,0.0026034290808117475,0.6847982801985076,0.7012265485419773,0.004990574702562223,0.7403277592226315,0.7400381764964089,0.7347756685115243,0.746824303067903,0.0033388409229895767,0.7286176350575276,0.7528609652774617,0.006966187105711412,0.7511394274388533,0.7499446383786108,0.7489222839603065,0.7538331966625934,0.0014166974123340239,0.7461445010142711,0.75852273208999,0.0034574176432947074,-0.005199357515417791,-0.06318379245759943,-0.08219365058216847,0.11436181854437152,0.06920194747153915,-0.1477353696376968,0.0970152665078601,0.0754264560334364,0.6555219087575995,0.6605306684407988,0.6489332463927857,0.6658878929777237,0.005692635190605309,0.6436514613093346,0.6757201977548819,0.010325397895434182,0.7092766036601013,0.7132379473693868,0.7041001525919262,0.7181685233063371,0.00438928791428533,0.6973212949196856,0.72656557241684,0.008728436388919465,0.7228355208663991,0.726038103066909,0.7173644625269283,0.7294029583338344,0.003835692057126104,0.7136691648521555,0.7327140738951292,0.005807264583353387,0.014753164554377314,0.01658921140508608,-0.040409094261595675,0.08780912742514616,0.03796449858237036,-0.034966621139449545,0.10114529397686997,0.04227324451706578,0.03645990766023055,0.03165779039487171,0.028201934464366363,0.04285409896130096,0.004424520348342418,0.02083385977808945,0.04594622780392663,0.008056981211560137,0.03105115556253024,0.02680022912702207,0.022860719459996945,0.03737099788329683,0.0044606321853051505,0.010016968434049471,0.04705119675066667,0.011191174041517989,0.028303906572454185,0.023906535311701838,0.020566238826051332,0.034549153288123004,0.004806018364857588,0.014443005209547825,0.044100420631585785,0.008080113394617602
69,0.4,1.0,1.5,0.6,0.056828211700429634,0.4,1.5,0.4,1.5,0.13146936877875498,0.6900687114445309,0.6901104208242438,0.6749163220950376,0.7096353192339286,0.00964225151783543,0.6664381701262341,0.7223852915689406,0.01572632389169657,0.7280388451263511,0.7291893372825448,0.7229185311287177,0.7325398454410468,0.002784420432783079,0.7073191019523166,0.7532360729919053,0.011496462946878776,0.737735510138373,0.7391853262968523,0.7333257382831759,0.7415478867239995,0.0022142553326188886,0.7235905258311026,0.7498711863682771,0.006422411199169975,-0.0047771201091598514,-0.024780347946826427,-0.01233935596384328,0.012828794978697777,0.007408206749926366,-0.015150735438363646,0.027906773064806996,0.012413741197859693,0.6900051236405372,0.6870543858224915,0.6841086916911416,0.7009795104320511,0.005444051887323241,0.682634533799581,0.7165427005442628,0.00923269672063002,0.7390867156397659,0.7350168740039262,0.7320763406884706,0.7514568357129442,0.006367575375598633,0.7217913119235526,0.7635754727767486,0.011374987340031938,0.7489601567866638,0.7453856555996399,0.7423545273502398,0.7566875002424442,0.004936624331070696,0.7384838525621666,0.7631992447635433,0.0079340768173534,-0.001359544839575571,-0.002295866662477652,-0.03643347969292683,0.047790531981212206,0.027077616883376673,-0.05681543581579273,0.05110755141266586,0.031851214804757576,6.358780399362551e-05,0.003056035001752333,-0.01909425306596008,0.022774017233919162,0.01324561608958666,-0.04319928996022249,0.034683515058944354,0.022120697740364993,-0.011047870513414826,-0.005827536721381477,-0.026846596772220226,-0.0008835066980239503,0.008302333629404215,-0.046501535386432265,0.024287183271988574,0.020130163529022912,-0.011224646648290815,-0.006200329302787577,-0.020932427357587022,-0.003113269584411873,0.005982381149127497,-0.03509000049694363,-0.002017385775899938,0.009812885777855003
70,0.4,1.5,0.4,1.5,-0.050018966247684905,0.4,1.5,0.4,1.5,-0.009669507477486294,0.670540647701406,0.6749516703034105,0.6508199691910909,0.6996196500882326,0.015234559562321838,0.6432615953802671,0.718932257228606,0.02330797765440373,0.7156935871698398,0.7199011088963714,0.6935605316491293,0.74515566926999,0.0160427567211069,0.6847959250661687,0.7596828440803756,0.023169686623487538,0.7353224254030647,0.7391727632454086,0.723590063139898,0.7575671812008574,0.010507265036728856,0.720109950490874,0.7731558739858821,0.017394183707555282,-0.026335912390280415,-0.05940432088240167,-0.06336926635764756,0.0040824401128608245,0.01974814642121596,-0.06675465028077537,0.031248339147712384,0.024054017603366017,0.6828131212986868,0.6824299046555203,0.6747542497168962,0.6918345683586721,0.005141609809572713,0.6703112913626188,0.6983094443833092,0.009125476429752118,0.7366581313804985,0.73637385989747,0.7297545143508967,0.7481701527218264,0.005415393858411975,0.7278988662192416,0.755162777587915,0.008443379274417573,0.7322279970623106,0.7314657364677977,0.7284446604084023,0.7361913813600779,0.002402308802974598,0.7257335903012699,0.7393901880659919,0.004474704337246981,-0.02050610581681912,-0.03234034613550155,-0.04015155818447845,0.0021724592671111646,0.013444075672090276,-0.05766811711468045,0.029705527623425456,0.025299687943964273,-0.012272473597280786,-0.007478234352109814,-0.03446704726813923,0.019130980874211945,0.017945294082651834,-0.050336721233433995,0.03820289994827113,0.028331024112471015,-0.020964544210658742,-0.016472751001098573,-0.04624978078969819,0.009457530824886401,0.018288230911549207,-0.06334144265688843,0.023473178459757375,0.026812614498256546,0.0030944283407541295,0.007707026777610926,-0.009927551729268645,0.028089177656588957,0.012249946922538366,-0.01850995564102486,0.04445297175350755,0.020467643747661232
71,0.4,1.5,0.4,1.5,0.0006137484965197654,0.4,1.0,0.4,0.8,-0.23058700874334007,0.7076601909661591,0.7086551410930086,0.6918620512862184,0.7241708652125278,0.009036437537150816,0.6826556032335516,0.7342371650154079,0.013677699228396201,0.7540523215942547,0.7537754992481579,0.7357905061082662,0.7721086690440607,0.010393825473466872,0.725941601647838,0.7827504013398138,0.015644877830145152,0.7578301929815291,0.7578299757634132,0.7495326711826293,0.7672048219569809,0.00567286967996139,0.7460280088687875,0.7725611655548515,0.008679851831842366,-0.05872883221582525,-0.08602932338753727,-0.09979671502263665,-0.01622004027243206,0.02298827664922696,-0.11768296077363047,-0.011321127434911891,0.029473978562116237,0.7213273258915259,0.7197630442926892,0.7111399521490384,0.7278140571324253,0.004156683312511487,0.709857040341038,0.7279207377956386,0.004909243550561995,0.7789209465317946,0.7764275715923682,0.7700562030146585,0.7865505896604089,0.004482982627917638,0.7705480166068337,0.7894011292770592,0.005383945412625978,0.7623812772754327,0.7607270354260199,0.7559938111326852,0.7676016133038713,0.0033274368469065328,0.7549701380225633,0.7697080463974385,0.004089126095480983,-0.1109175265020073,-0.1069479769862869,-0.12114669172224551,-0.1019912892803712,0.005537159467547875,-0.12486816519847042,-0.09261810419299532,0.00942049032620472,-0.013667134925366864,-0.01110790319968058,-0.025939891588118644,0.005189832231781197,0.008912886003526183,-0.03320745668176585,0.01101790308240793,0.012957868749263543,-0.02486862493753983,-0.022652072344210294,-0.03952471446620085,-0.008588135556847364,0.009828240960505028,-0.04951666594296697,-0.0009427087722570643,0.014120500233689225,-0.004551084293903607,-0.0028970596626067824,-0.01647950129449411,0.00807742669202729,0.0068020202750982165,-0.020248385434630742,0.015034409878380804,0.010288954025530135
72,0.4,1.5,0.4,1.5,-0.05461017632789294,0.4,1.0,0.8,0.8,0.023707959101316636,0.7034508937505889,0.7067698444285967,0.6948944919933697,0.7139078637372658,0.00506742338167725,0.6894432813592328,0.7210940913390937,0.008197539467356298,0.7502503656425326,0.7525073296756122,0.7415848302835659,0.7601472920220806,0.004991097643287924,0.7364298602998737,0.7667092606993637,0.00841338301477258,0.7535674025180722,0.7542964276711158,0.7455990658893671,0.7639375088190216,0.005636398900357796,0.7416672379203466,0.7712132503389129,0.008309780490030975,-0.040593551936618635,-0.07425039552482494,-0.06489548593422229,-0.0011474896091779874,0.01879258976036475,-0.07951174747061851,0.002576385078127935,0.025960141560559764,0.691076205797314,0.6916993950568097,0.6877066525336176,0.694788687464079,0.001963271057489177,0.685775889714516,0.6970713437124861,0.0031235868391767943,0.7337293083117675,0.7331518137695329,0.7301322641400009,0.7370442726189923,0.0017161080628656006,0.7238252320051668,0.7368112650026001,0.003514086778483309,0.7401834384342987,0.7409675602325277,0.737155454437649,0.7428194213512912,0.0014644537162239672,0.7336496801702344,0.744421287924857,0.0032539571938700732,-0.03316035327690668,-0.04780329001180318,-0.053417149034121356,-0.013587413098320247,0.011302161305032121,-0.06591698262107089,0.0073885146661224615,0.022232055430131716,0.012374687953274899,0.015070449371787031,0.006945973743844713,0.019231024756564085,0.003476223819812762,0.002197342107693182,0.025549838737825438,0.0063900466942148435,0.016521057330765032,0.019355515906079312,0.010941613997520628,0.023972904691161222,0.003709033040042729,0.008190059499968472,0.03767797884801073,0.00751588005938622,0.013383964083773514,0.013328867438588077,0.006215484261007577,0.022091166094235892,0.004729843473169521,0.0010961677623827527,0.03013125039205009,0.008225725573749884
73,0.4,1.5,0.4,1.5,-0.007607123278676729,0.4,1.5,0.6,1.5,-0.10774321237189434,0.6736729653504735,0.6733250728242599,0.6641750519645032,0.6818606506689032,0.005846530327179483,0.6574799379497329,0.6883410075967945,0.009256008881532843,0.7197169206931496,0.7184309628528825,0.7081724900613621,0.729606203055158,0.006860960870424756,0.6958430356428522,0.7399209242401757,0.01162472267965851,0.7393558826716297,0.7369716210928635,0.7337086594749149,0.747465974817288,0.0037523447815223858,0.7305100147787937,0.7500464471432073,0.005826709701987124,-0.04635871532127588,-0.0680808840324081,-0.09313228510042557,-0.007568059788197891,0.025023999709994384,-0.10018311867239325,0.008116766663674717,0.03328123162582046,0.7147805805869945,0.7109587361945486,0.703505096018436,0.7320652478120444,0.008312973114348103,0.6987720090454288,0.7465293227138433,0.013478994964096524,0.7674803607718556,0.7631177588803989,0.7523368171817525,0.783087238543207,0.009414831992781146,0.7389226221307879,0.7980061876216551,0.016957141818938634,0.7568688568798105,0.7549643734478847,0.7494539285549312,0.7642671080194077,0.00442948741481282,0.7420792586291939,0.772951739146156,0.008516345344569338,-0.06807827149680261,-0.1031134553292874,-0.11790948718482203,-0.055948322469857065,0.01709118552872812,-0.13669369485466437,-0.01910594872855502,0.03858027395570643,-0.041107615236520956,-0.03763366337028873,-0.05393089979136509,-0.03581544611570313,0.004851504149344547,-0.06994849359187522,-0.031581612006322105,0.009432200346563963,-0.04776344007870592,-0.04468679602751635,-0.05984344635810694,-0.03348237344840759,0.00763830281130675,-0.07378192270671038,-0.028440495050612108,0.012214564740303049,-0.017512974208180876,-0.01799275235502118,-0.028119927138488043,-0.008643835314990533,0.004918448260198273,-0.03359124506269354,-0.008741995689701711,0.0070762155970380495
74,0.4,1.5,0.4,1.5,-0.027575131567993346,0.4,1.5,0.4,1.5,0.023984429909208047,0.67250791972017,0.6740265673738023,0.6600381113962033,0.6862609084245683,0.007288111183703497,0.652997854404655,0.6952543791173539,0.011794914218202758,0.7159564284310682,0.7182631448842833,0.7018450823222262,0.7302106789033558,0.007834984744970989,0.6907353721664449,0.739969623518371,0.01245770215173893,0.732893889379824,0.7341215551618234,0.7210951804365591,0.7453421831127762,0.006938284457603812,0.7165759095856908,0.7530089455503236,0.010444843670774067,-0.03373851580324372,-0.052845053096313675,-0.059848880611861936,-0.005283073958257688,0.014682498634097062,-0.07780389031961366,0.020046004100504382,0.02607909290770624,0.6973887761872537,0.7035046268421051,0.684876471426888,0.7207484304098464,0.010216139206627072,0.6701768758074035,0.7371547368658872,0.01700765401264958,0.7535243658923302,0.7568543446021256,0.739486766288047,0.7745014714412489,0.010343120805252449,0.7253335948515938,0.7923198082964329,0.01777689214596339,0.7504030141659441,0.7503752423227856,0.7414787894894297,0.7637634725636623,0.006346001713737834,0.7369913414863066,0.7748194600615779,0.010642190043011394,-0.03935000606271274,-0.08456716879558593,-0.10231478522582912,0.0077037556357107476,0.032966548833633307,-0.1269566589531033,0.03481396781630606,0.04565403048221901,-0.024880856467083712,-0.029478059468302842,-0.03828308893696394,-0.020053396458659292,0.004697436473861555,-0.05148877048453818,-0.015971868922766655,0.010115921243030688,-0.03756793746126197,-0.038591199717842306,-0.049016299860856094,-0.03227100124269293,0.004868416215724903,-0.061518037619801555,-0.02415358663384868,0.010486435671477157,-0.0175091247861201,-0.016253687160962205,-0.021994289436044243,-0.014755174462773392,0.0019250006086034583,-0.025926647910300124,-0.012866128706416704,0.004262723297951651
75,0.4,1.5,0.4,1.5,-0.09594180320758254,0.4,1.5,0.4,1.5,-0.0006337858141535276,0.6768185518178296,0.6810773205857159,0.6540241337124804,0.7198728929205273,0.018265677591526096,0.6479761704391402,0.752298487261107,0.027627220177805563,0.7258966139277694,0.7267966283743825,0.6945519538306156,0.7763955513562116,0.024075671431407045,0.6904713027898077,0.8078742068434742,0.033781300480034776,0.7352888693570674,0.7367846351664088,0.7067942195613336,0.788039115789452,0.021542616023102156,0.6965338013379812,0.819520249002667,0.03212041670555819,-0.10723228721805106,-0.127010385790298,-0.1825654451445448,-0.03373725720727905,0.038905132330492594,-0.21089702740214394,0.015900279504230674,0.0610193357677943,0.6801049074641367,0.681194274060086,0.6684820782824406,0.6954559721591385,0.008131154912711335,0.6618547840750694,0.7059691333789607,0.013136618272448686,0.7303163143170117,0.731316167183815,0.7172683709869433,0.7480722716435247,0.0092932612120006,0.7114266027107844,0.7584607706820351,0.01327559057669089,0.739892118671891,0.7371981682958811,0.7313917764014156,0.7506387427213721,0.0055986326054496965,0.7300395558684043,0.75873500204827,0.008435326329239056,-0.031148394974313428,-0.04784706433412667,-0.0688846062294647,-0.0007811432051160506,0.021048991337744724,-0.07951552303223526,0.03521260776139529,0.035141995787590335,-0.003286355646307082,-0.00011695347437012948,-0.01513523860556032,0.03194649227096789,0.012843465322782388,-0.01303467539457778,0.058009255943236845,0.019145435433706594,-0.0044197003892423314,-0.004519538809432455,-0.022536279282842096,0.03585433065154788,0.017647948171660592,-0.02750210914091585,0.05774282103258603,0.024723260224626863,-0.004603249314823588,-0.0004135331294723432,-0.024574427802678954,0.04039330646883906,0.016735351577191984,-0.03694902570429195,0.06825973790770477,0.025941828995084258
76,0.4,1.5,0.4,1.5,-0.014355596423997955,0.4,0.8,0.4,0.8,0.09929634626835665,0.6969149049997105,0.6985964642883049,0.6828377862421922,0.7146731592122179,0.008527423713983455,0.672423556927111,0.725970719746916,0.013357033086512581,0.7394896757506448,0.7432359758306865,0.7233913714273629,0.7584950378854654,0.010453887413394184,0.7103336111551466,0.7716739598915916,0.01587091010932246,0.7553705045121925,0.7572692783028455,0.7453489788724438,0.7679886640191219,0.006585425335319045,0.7415926983821794,0.7772798227399287,0.010266745421100598,-0.08932620135438092,-0.1600651137072001,-0.17479715803389048,0.05266110152580293,0.061126622069211344,-0.2717057322550142,0.13277672155188164,0.11494214393126041,0.7039880760461025,0.7038103157277971,0.6973962207256363,0.7128276154680097,0.00477854183327418,0.6950272566798897,0.7149148319268126,0.00596632836646686,0.7512905073182989,0.7542366223009782,0.7436918294839656,0.7614691503683182,0.005487988225191408,0.7415716603469898,0.763459447934094,0.006254512853456118,0.7429625815178349,0.7447880215467769,0.7351994709398285,0.7501238461164228,0.004502993983628905,0.7331234666356872,0.7503870366314574,0.0056843200358393416,0.017380963853586586,0.013935969030513338,-0.0030851729879890905,0.04095641228284086,0.012332669600593815,-0.013219286539331902,0.054353205619334266,0.019312013776273285,-0.007073171046391935,-0.0052138514394921565,-0.027401886346912936,0.016751388589301298,0.012704477230946233,-0.03819237532766649,0.030943463067026264,0.018502493265235058,-0.011800831567654102,-0.011000646470291753,-0.03607750961371341,0.013036870218482342,0.015303852684792195,-0.04898324697288287,0.02984021001325249,0.021557087609409904,0.012407922994357556,0.012481256756068593,-0.003693493549996197,0.03202991912324864,0.010311737463656927,-0.007913116644243073,0.041172816385793246,0.015002527622768526
77,0.4,1.0,0.4,0.8,-0.009478217479969261,0.4,1.5,1.5,0.8,-0.044714369748826394,0.6948550873943958,0.6935235360200024,0.6904175355993852,0.7002306711370386,0.002989675184466342,0.6858641965373802,0.7034152648082556,0.005004594591133591,0.737872644464391,0.7365527456261095,0.7333620008378818,0.7434741964252313,0.0031668556691241143,0.7256696019940977,0.74819253814318,0.006299532753259907,0.7436869019472202,0.7445455808911029,0.7403437367053075,0.7480434371495196,0.0021218681035584494,0.7369820642249515,0.7484672986154267,0.0034035572931428,-0.01997042815270676,-0.03154005790725644,-0.03124782346280272,-0.011259905648993308,0.006426469421942711,-0.038555723823,0.0026657457507569086,0.010667141926249046,0.6842449273744768,0.6833249610002743,0.667215620079202,0.7089529544842892,0.01263048886697997,0.6591976544546525,0.7242267156909341,0.019345831645956477,0.7344146204069123,0.7355631722613953,0.7266068908910929,0.7434524833705641,0.004909803778273204,0.7092607078390023,0.7652311536286743,0.016922041466128863,0.744664318739403,0.7458520801222186,0.7391521237907158,0.7512388670825761,0.0034917634397631132,0.7317755044871738,0.7600608953657161,0.008063230685968616,-0.04173448421450772,-0.04072541600680147,-0.05558429365735997,-0.02378005000329523,0.007780495196523699,-0.06713758869293555,-0.014978142439133708,0.012679328670785776,0.01061016001991899,0.010198575019728096,-0.013814137702684484,0.03172576822748578,0.013591028674554376,-0.028302257162260418,0.04276584014111133,0.021181046767182608,0.003458024057478748,0.0009895733647141691,-0.006846395147918382,0.016555191014828628,0.006847046088207858,-0.030358198366606935,0.035014024570161624,0.019433069468696676,-0.0009774167921827726,-0.0013064992311156987,-0.007821304085965774,0.008347098881067305,0.004586782543032771,-0.020611910833666192,0.012693654372992146,0.009214235491572232
78,0.4,1.0,0.4,1.0,0.07852609195506827,0.4,1.25,0.5,1.25,-0.02234207446841469,0.6568636655805528,0.6552614610240605,0.6519055957738544,0.6621775560244471,0.004763870730725186,0.5826782344866143,0.6655775417743861,0.027290137098763843,0.6952260746602538,0.6941983013350896,0.6875884411554888,0.7029314136708238,0.004080153724280142,0.6624468642152816,0.7084350607402896,0.010985564859830835,0.7254364616010853,0.7241405957871433,0.7225316377298382,0.7294952621037211,0.0020050441907970284,0.6846674109024472,0.7325607097686262,0.011169618575964478,-0.0017310579802146473,-0.00925277013925697,-0.03881359232308154,0.038103528264170926,0.023576974490992553,-0.03734639570777819,0.05050211525313583,0.027151273834703386,0.6862405234560794,0.6876960074478925,0.6804758643328669,0.6922942883599067,0.00344078919700486,0.6768703607620982,0.6962265947419439,0.005206074759397687,0.7408088498951985,0.7400372251053349,0.7330829461684178,0.7534347002798543,0.0054656714862550216,0.7289039665193067,0.7582582667988328,0.007820661838388232,0.7482310289503487,0.7478194790068069,0.7437080260347477,0.7522279342672382,0.001985463055404942,0.7417520370749144,0.7563770720753602,0.003883983746234114,-0.04448413919910907,-0.052240661220353514,-0.0578651332947366,-0.031007793294188797,0.008336205201283729,-0.06048575570192407,-0.010821725947854015,0.0132031941511045,-0.029376857875526685,-0.032434546423832034,-0.03971259956900181,-0.01854272225077578,0.006676070968151447,-0.10681865245137204,-0.016524460334324163,0.02783611799669319,-0.045582775234944695,-0.04583892377024523,-0.06536249011026565,-0.03057292780560479,0.008679732931056216,-0.08278068339075079,-0.021827871789408912,0.015742157879244954,-0.02279456734926333,-0.023678883219663605,-0.027845579887930214,-0.018157312591062437,0.0029432802884160935,-0.06573154918225406,-0.008807502358465107,0.011959951963608568
79,0.4,1.5,0.4,1.5,-0.056687519270228325,0.4,1.5,0.4,1.5,0.03067916529374155,0.6486548304737453,0.6512030633478517,0.6388255716003227,0.6583534868439764,0.005556122970574101,0.6341025291360133,0.6679062132405027,0.009661769117399074,0.6911968985620722,0.6943076940933074,0.6806565433127391,0.7015857902671716,0.005910844696280706,0.6713939733948439,0.7139874802940741,0.01210912212722142,0.7239283968623914,0.7259629688986691,0.7189781077411526,0.7298914617474311,0.0030204367297508397,0.7138279870648067,0.7520300386094639,0.008615944377162631,-0.049553230650845714,-0.06528154544110056,-0.08250204720165753,-0.017337094155846375,0.019410836440239696,-0.09825189564669815,-0.001342302544748819,0.02892555738152616,0.6907032417211614,0.6928083752225002,0.6787109661342017,0.7039568881612377,0.008404039965379953,0.6727307767933784,0.7137591228679082,0.014194698190232223,0.7425296179986373,0.7446776859532842,0.7300683953924543,0.7574296045473071,0.009108184741420796,0.7249561295643654,0.766326295698344,0.013764899636775204,0.7365517792648945,0.7363499482272818,0.7279746155239619,0.746585775743893,0.005426454269314177,0.7217543660666145,0.7549657618740191,0.009102767878562078,0.00640963541519165,0.005085877667161452,-0.03991362046047698,0.06844215786352262,0.032069039040785965,-0.03815392826379368,0.06814649402305802,0.03258279245034934,-0.042048411247416095,-0.04160531187464844,-0.05830856664451355,-0.02731486776795962,0.008434739531843247,-0.07021494845203499,-0.018766409567096035,0.014746023580581186,-0.05133271943656503,-0.050369991859976815,-0.06869976048250068,-0.0362578052326451,0.008880889879936888,-0.08172345863613117,-0.030283894567343525,0.014866437799357543,-0.012623382402503047,-0.010386979328612767,-0.021730573386208825,-0.004554752220803461,0.004729335496610943,-0.03036996274201599,0.009436026942815527,0.01021725728109162
80,0.4,1.5,0.4,1.5,-0.04584041906825948,0.4,1.25,0.4,1.5,-0.053893986031448446,0.6513364652334277,0.6539502882996369,0.6356058378484912,0.6693005717677747,0.009137214101011659,0.6284072731535609,0.6798998468295216,0.014011681486833485,0.694045907954309,0.6969889570524267,0.6767405323560761,0.7126841368461072,0.010033260232421006,0.6716237535620232,0.7257522692881495,0.014656427009255804,0.728118951530766,0.7288996177273073,0.7187757107166433,0.738949971899823,0.005967527080204972,0.7156060304751506,0.7473578968172931,0.008548149291118743,-0.021817313879388362,-0.05535615466870258,-0.04477172472272829,0.013450054960435349,0.019157162108801397,-0.08790989970009104,0.0351540813563813,0.036274363547410135,0.6791630619570327,0.6789917018111217,0.6683874380990191,0.6917717581627773,0.007603471839203963,0.6627406229367228,0.6988930867394382,0.011523311881862381,0.7335517234530697,0.7312650865711919,0.7204750425055082,0.7474325730806683,0.008374895199324025,0.7155866215353864,0.754925482970169,0.0119064545345345,0.7350335842496662,0.7373925271056745,0.7289414255341422,0.7427937924955209,0.004082158147902796,0.7262443076582805,0.7470563184522074,0.0061917851032099866,-0.029833191078798314,-0.0349231104828323,-0.06058142611449936,0.00922685813144292,0.02000396098960515,-0.07320763738563646,0.04524043077230139,0.0359651511131605,-0.02782659672360499,-0.02504141351148481,-0.05549765861029092,-0.0028447443358428567,0.015453974814082994,-0.06862484326981623,0.009861758872116558,0.022979269803532768,-0.039505815498760755,-0.03427612951876524,-0.06907122791292217,-0.013063092410718347,0.016509975059193452,-0.08060624675917638,0.003242353162986669,0.023252121000706682,-0.006914632718900249,-0.00849290937836722,-0.022796396682194485,0.007320900399264897,0.00950591881399787,-0.030452425973086727,0.019539893328318847,0.013763805093443765
81,0.4,1.5,0.4,1.5,-0.1264899311834704,0.4,1.5,0.4,1.5,-0.0018015131921551427,0.7151304086147758,0.7138178971622646,0.7072557106758902,0.723297320441405,0.004478211936541963,0.6998859404864105,0.7293629574740551,0.007937438474828099,0.758544477170152,0.758922505967312,0.7503142889780192,0.7656071729625638,0.004390092324102803,0.7434618646113947,0.7732692002241179,0.008234620123169554,0.7511075766080493,0.7520738182356784,0.7463645597333375,0.7578417198357401,0.003470356157346612,0.7449747012390217,0.7687850453669748,0.006924549127220341,-0.171673585056001,-0.2504888846936703,-0.3286940960570457,0.20324480607390794,0.14363646407821182,-0.39720786015827697,-0.023046419857074008,0.10413194379670355,0.6719254874297433,0.6756985324443792,0.666145416663082,0.6783858294748473,0.003533268367313128,0.6624042985147861,0.684843868170683,0.006279601971651748,0.7232886601634225,0.7268652674732309,0.7167498997235905,0.7292337369149842,0.0035994591765318665,0.711409640274831,0.7365106042213411,0.006945415883778027,0.7337821673762682,0.7366879806212179,0.7298890258022045,0.7389449842567974,0.0026593864683289504,0.7268554149083477,0.7425828850038989,0.004405297092972341,-0.01705220277471781,-0.03206777601203755,-0.0443281130412165,0.01793802180905105,0.018437583199303335,-0.05663839996998214,0.03668646842079455,0.026332375636942764,0.0432049211850325,0.03811936471788546,0.02710065441415216,0.05503498026446354,0.0074708991972757075,0.01417610626964226,0.06180311408207597,0.012946516549871669,0.03525581700672953,0.03205723849408115,0.020551366501858015,0.04651781461802222,0.006959742183430998,0.009445277621876351,0.051765315824878776,0.011824255762180812,0.017325409231781053,0.015385837614460551,0.00778878221294901,0.026366220751456605,0.005231612959049496,0.0035645757236694407,0.038251219091370636,0.009333579935742428
82,0.4,1.5,0.4,1.5,-0.07047074321394389,0.4,1.25,0.4,1.25,0.006722080933914295,0.6984255829771229,0.700942589329425,0.6874268152809514,0.7092595607893345,0.0062717302487845655,0.6779148139039538,0.7171721076923838,0.010213418820701495,0.7497829669983828,0.7493279975009685,0.7368602549383916,0.7631888224067115,0.008305904113595271,0.7273263761971294,0.7732102978364389,0.012967628664294418,0.7496817002032442,0.7469047583584832,0.7431338049694799,0.7603478110804754,0.004668432472713553,0.7389119180543798,0.7634785314890579,0.007325952625921216,-0.12417674833721286,-0.2035073360901674,-0.2496498917854273,0.17932086407039893,0.1385631400406604,-0.347237969996076,0.28893327667410096,0.15603770957275198,0.6983022502182192,0.6969330478439963,0.6924622081785414,0.7093084358581797,0.004989248575730471,0.6918873050925295,0.7159581159450112,0.007485090172132069,0.7489203011386388,0.747143254571171,0.7412765666510966,0.7617561460683104,0.006206145043673157,0.7381371657922589,0.7689685259938647,0.009134976301939268,0.7473005073640113,0.7457014863011092,0.7427222175513404,0.7547367346345966,0.003982392879477671,0.7391024425388749,0.7567953051708963,0.006133956488315173,0.0015961990776099371,0.001998929959727911,-0.05261008117215619,0.05950246778156093,0.03879647961089398,-0.062237980343494814,0.05055918318574448,0.037508433802968685,0.00012333275890363815,0.004009541485428647,-0.010207827034215694,0.006828613219221924,0.0052705381026159565,-0.021549475190573215,0.013173442762233976,0.010322441822498392,0.0008626658597439274,0.002184742929797423,-0.010023060132530423,0.008956175487522075,0.005631953394122552,-0.01806432547596115,0.012230710488085546,0.009499187713707712,0.002381192839232882,0.0012032720573740274,-0.004751580772009854,0.00922105215388518,0.004423548127927805,-0.011241175156873813,0.012564065808697998,0.007052656987321498
83,0.4,0.5,0.4,0.5,0.08754787121332176,0.4,0.8,0.4,0.8,0.06814787861731299,0.663165032674296,0.6669821339086869,0.654270674565702,0.6710061182418418,0.004690757113012484,0.6499834049127701,0.6777223456451191,0.00744583708163082,0.7078635298579038,0.7119551675862454,0.6986515796827335,0.7159731933357971,0.004945647623603313,0.695895210172924,0.7241458384623415,0.007639426609075329,0.7136973119443721,0.7162512019336259,0.7056935112666106,0.7227205850830062,0.004522106596515649,0.7057367458703899,0.7275056162276992,0.006012010925125564,0.01764852216906264,0.01702389264372948,-0.012607304027450795,0.06169242489580021,0.019862364992451562,-0.011971440951596694,0.06784030840624806,0.02404641500740412,0.6549538524350761,0.660118287678207,0.6489860635515455,0.6612573630394304,0.0039396774436865735,0.6464811284141944,0.6647291486073114,0.00556395125635615,0.7084595725070697,0.7154092355207758,0.7013048778630361,0.7155981309273479,0.0044318634680885595,0.6990022724811702,0.7190548105111723,0.005547849067144783,0.7166086856526149,0.7209293676451909,0.7107445929706138,0.7231382726769141,0.0040424155643367776,0.7074645824216474,0.7248122643854092,0.004811741586364209,0.05007839325062259,0.04607746445483217,0.021312377511485875,0.07613584207197874,0.01807965897236431,0.023145940434476625,0.11524359141101702,0.030868009736780305,0.008211180239219962,0.006863846230479864,-0.0032461149005906693,0.019153100796850904,0.006003623236768262,-0.0063667362172231436,0.028590643953659133,0.010094118043596001,-0.0005960426491659065,-0.0034540679345304026,-0.012216201434101218,0.009985786250990157,0.006229361647277052,-0.01547341828318689,0.017850797051194033,0.0090407054677089,-0.0029113737082427926,-0.0046781657115649855,-0.01449215911210395,0.008194665127763012,0.007080396052982754,-0.01527484378497994,0.013960603504217663,0.008670877501751486
84,0.4,1.5,0.4,1.5,-0.23180027826296232,0.4,1.0,0.4,1.0,0.07448773640219152,0.7036499624202814,0.711726086436671,0.6893422511805782,0.719332186469873,0.007800901630561721,0.679438007299457,0.7302949372878189,0.013837995531272625,0.7544598943269084,0.7599054123805722,0.7389674823389599,0.7691027212260599,0.007803218171223653,0.7340162965991662,0.7806300091606574,0.013519311534553578,0.7559506363443949,0.7568424377620205,0.7460890239063067,0.7679926051437876,0.006599268981583552,0.7420256512082805,0.7807250482223173,0.010982617067644375,-0.14318968544621952,-0.18620890186727374,-0.23859036584263962,-0.018704090193593426,0.07268725981348632,-0.2808198847640423,0.05197100790907183,0.09268476684854268,0.6782590654591171,0.6810471285440381,0.6708515834905311,0.6863803598627947,0.005049804098018387,0.6683852327934645,0.6911749034064022,0.006659462541503618,0.7315488673972779,0.7325490211066524,0.7238738430833239,0.7396783517845388,0.004971261136302163,0.7206557755242516,0.7455526959447583,0.007113357721402182,0.736730428106157,0.7368702970538644,0.7294233492919273,0.744402213348537,0.004181206159802604,0.7252155568959899,0.7465435203703703,0.005790180268401624,0.013715759682344833,-0.028448431980700004,-0.06572066721743806,0.10689371955915605,0.06243958554446724,-0.06163273776452833,0.14775317657299036,0.058064239899891505,0.025390896961164366,0.030678957892632863,0.014424506435501548,0.0379002182481762,0.0067917647592553995,0.009449091888798188,0.04773253594430791,0.012099923844451944,0.02291102692963054,0.027356391273919756,0.011911374164896009,0.03672401892118246,0.006991969634623738,0.006631557815422975,0.049252659152715504,0.01186831683416435,0.01922020823823789,0.019972140708156116,0.01344018703921011,0.027436397388314625,0.003924490254878459,0.009903560217883658,0.0394538929140328,0.00811970171078176
85,0.4,1.5,0.4,1.5,-0.06959208838638639,0.4,1.25,0.4,1.25,-0.022640047643016335,0.7001722234538007,0.7027996138278862,0.6845128947383202,0.7215389251708514,0.010669789506561144,0.6762677025298457,0.7343363272403536,0.016371199769264915,0.7466773305907926,0.7478192050280875,0.7284000698685958,0.7713009947559296,0.012095255553897864,0.721173066514901,0.784480081926437,0.01764812531074528,0.744066623913169,0.7458186986653449,0.7306702770019163,0.7586330114065744,0.008845058330244208,0.7265884633176591,0.7659807353501289,0.012817457221051648,-0.10125197079185361,-0.12674256975072257,-0.12599766244205424,-0.07628812132875484,0.014846121840994427,-0.14622924080017852,-0.040625929189142373,0.03358839575358004,0.6969461105784258,0.702001895061154,0.6937846134765251,0.7050647196915353,0.0033223017703901043,0.692254559705209,0.7061731083933365,0.004055693017007783,0.7520790481435884,0.7518768668486454,0.7479000478993243,0.7564413452917566,0.0022459549062022357,0.7461824037288195,0.7588513089497329,0.0032737431393977164,0.7444977191524814,0.7448757138178992,0.7381769413767516,0.7505969379848731,0.003713683607285923,0.7358476931120116,0.7536528224790884,0.005533106890850729,-0.01861023770922549,-0.03164612978569115,-0.04162758454436777,0.0011682616746189652,0.012491746336068501,-0.055274932595860096,0.013128050429731825,0.020385251754747327,0.003226112875374887,0.0007977187667322916,-0.020258676911693606,0.027796656773298917,0.013155382146684325,-0.029440348813947637,0.04209284564636476,0.019068182016255653,-0.005401717552795837,-0.00405766182055789,-0.02816430168556149,0.023297970762551662,0.01390784887748939,-0.03591519712955997,0.03764902008841423,0.01996936850975719,-0.0004310952393123957,0.0009429848474457048,-0.01778398955222731,0.019798118864986124,0.011020056085538622,-0.024818220112818798,0.02945150135531149,0.015807470769607933
86,0.4,1.5,0.4,1.5,-0.10125485955255895,0.4,1.5,0.4,1.5,-0.07383492317989775,0.7031080847942295,0.7023619269282086,0.6879356317900973,0.7216533492247225,0.010173276230802683,0.6825177149975458,0.7309060807892688,0.014648499213312134,0.7504411007704365,0.7484513684115093,0.7323675768932042,0.7718893636834828,0.012671924977381186,0.7250382296275036,0.7805778446343441,0.01698553790053693,0.7524255663168105,0.7506473127238896,0.7422191374881856,0.7655228839283629,0.0074494704698191095,0.7379260630062309,0.7759539742613046,0.010634752369397416,-0.08133140479991427,-0.0887006346064097,-0.15048686396607547,-0.018565114944707584,0.039170520715351986,-0.1555873164182235,-0.012114689127873085,0.041813814112297086,0.6892850759098392,0.6838699502294944,0.6834421651392925,0.6978802932922751,0.004310072919089956,0.6841823012175976,0.7061981044125238,0.006311794762885802,0.7416138157113166,0.7370386212826561,0.7356415773396942,0.7529075086339868,0.004546120971218156,0.7304687223724643,0.7602485338959089,0.0075386383951413505,0.7477536809986033,0.744272850928518,0.7441920666824375,0.7529275987532689,0.0031318597329585665,0.7416839133788192,0.7565322556440259,0.004857983030092916,-0.0879795240862374,-0.11378274969437221,-0.11074763385416403,-0.06640797020841148,0.016107025490274585,-0.1407751693701893,-0.0486468458576209,0.03116672925851762,0.013823008884390253,0.018491976698714274,-0.002143552200469044,0.0293317873927295,0.00912169472668026,-0.010921729518248852,0.03677238202651764,0.013556359336095702,0.008827285059119894,0.011412747128853207,-0.010761677191538952,0.028135574583247377,0.011124684749235182,-0.01633631192545599,0.032420523079313535,0.015107620166254132,0.00467188531820717,0.0063744617953716,-0.01024350562543299,0.01601021771799884,0.007582350150256286,-0.017196597529826822,0.02165720533321327,0.01077682708814977
87,0.4,1.5,0.4,1.5,0.048775204834144506,0.4,1.5,0.4,1.5,-0.06776670886905906,0.7104861395565043,0.714641232888831,0.6883217616938442,0.754950676800775,0.01839429228084873,0.6812357096926029,0.80222111957854,0.03335184494446296,0.7615768145895655,0.7591594409189806,0.735000449368007,0.8114038498227497,0.019303010426507877,0.722697927089016,0.8487929588975136,0.032227843756201614,0.7531522137550993,0.7563966507540093,0.7395029669775495,0.780437765899423,0.009909882806892019,0.7359958842290838,0.7993413224411754,0.017385661874924678,-0.08198399350285102,-0.16312692956351416,-0.13664218860674232,-0.02748631865363174,0.02926057106795598,-0.15518745637253362,-0.013804754410795289,0.04210248433841028,0.686315070435089,0.6960595922317367,0.6744085263376105,0.7041819662592,0.008168040683179755,0.6687060371441166,0.7267827838295451,0.01589545143326887,0.7440610136718008,0.7488252572612684,0.7324688861597387,0.7582716187886369,0.007151247593347475,0.7222168080252501,0.7712057750896737,0.013997187117957381,0.73565325961691,0.7401693941821949,0.7262737264863119,0.7465546001952326,0.006440484126620857,0.7194070667063132,0.7561440562828723,0.010761330152983395,-0.032139026662178376,-0.048460022964429236,-0.07213965248772916,-0.007857104494588575,0.018457036586489107,-0.10020262486060444,0.022994744793229625,0.03740265854949601,0.02417106912141531,0.018581640657094223,0.008162243542314651,0.05575724232089998,0.013792006840181469,-0.0151348085273985,0.08657472489366969,0.02593207809064341,0.017515800917764723,0.010334183657712215,-0.005518701274820723,0.05251304114140316,0.01614021507205736,-0.025427618244003858,0.07877929894174535,0.025670856388158667,0.01749895413818936,0.016227256571814452,0.0030797284334640254,0.037916174789552406,0.010165437167524709,-0.006098780922737752,0.052362685694530196,0.016690404668573033
88,0.4,1.25,0.4,1.25,-0.08779290736199931,0.4,1.5,1.0,1.25,0.010414374571052121,0.6960818295282472,0.7004439332203134,0.6863171031069323,0.7068929855900423,0.005355997836780353,0.6804260503629497,0.7144059423624517,0.009226257788344946,0.7444977105619307,0.7460706202288313,0.7317645325223956,0.7595894124675527,0.008158542404680677,0.7261944592781235,0.7678132907473719,0.011969109820928496,0.7392020917116858,0.7406231335179891,0.7296070941514649,0.7490124765493139,0.005788231432092072,0.7275211650594657,0.7514776393362538,0.007321609914116014,-0.08918281304560641,-0.1283155392222357,-0.13121320667793476,-0.05334642451984495,0.02389013037557687,-0.11969479399201387,-0.046409872819667575,0.020483415963751608,0.7011128573466179,0.697383243771122,0.6910740916122536,0.7147983567185636,0.007635694025701011,0.6860186974704683,0.732567015988157,0.01401116042424324,0.7369242777034419,0.7359689576671965,0.7293994737360818,0.7426065459654814,0.003881241576505456,0.709232023763753,0.7534789720465608,0.012719407282973228,0.7441471626218668,0.7450799164596342,0.7394063819594279,0.7490504050789963,0.002476834746747864,0.7332948062772287,0.7546849365896174,0.005969329164939872,-0.05728299309689456,-0.09196829523999638,-0.10328441216973629,-0.00984089018602679,0.03253662944785552,-0.11760448466379311,-0.004731550319926746,0.03554992660426482,-0.005031027818370726,0.003060689449191356,-0.017427035838538014,0.005114113607158299,0.006408876334722455,-0.03111984469891131,0.01068539297577411,0.01358625983132453,0.007573432858488771,0.010101662561634805,-0.0033178967522347474,0.017925771041037406,0.005637278965530324,-0.008380093679862411,0.03133562741262681,0.011035496919080517,-0.0049450709101809265,-0.004456782941645088,-0.014335972298762843,0.004690350646589224,0.005768600776429852,-0.02299659952625674,0.010417487991607553,0.008830623705444131
89,0.4,1.5,0.4,1.5,0.11077316747882908,0.4,1.25,0.4,1.25,0.021744692049305847,0.695607164841715,0.7059728009656988,0.6848973103107933,0.7064983256318154,0.005649181968464209,0.6704653245032096,0.7175322086708363,0.013290054603965365,0.7537407611294942,0.7580962354220916,0.7363652910583524,0.7664086781276532,0.00805481754074496,0.7250860284204739,0.7840476257823809,0.01756717295605491,0.7483348721943488,0.7485587659966678,0.7409446434922721,0.7591953492056496,0.005353045863388375,0.7338552505929063,0.7747504102546681,0.010332776227388535,-0.0011404298500080855,-0.05582401615831001,-0.043803984573978196,0.0481703039438711,0.024175731737531844,-0.04612993916413496,0.06597680121943357,0.03541165110909064,0.6831723293443629,0.6777543795131056,0.6772496510123905,0.6911927197283345,0.004184140033113348,0.674746706970015,0.6966230668286436,0.006608629257107085,0.7324452120157531,0.7274806484382408,0.7255784274535296,0.7408981721612982,0.004547175127546814,0.7235546626671455,0.7463867583330548,0.006322081421566677,0.7261324522270736,0.7261230446756042,0.7173634884208044,0.7336914874877533,0.004456067793521652,0.7121541994277438,0.7362408863180663,0.006671335379441832,0.026587417439640312,0.016077015066535954,-0.02146862011225617,0.08526772986802249,0.03253642876817116,-0.030387720572565044,0.08571274184134574,0.03644100422542249,0.012434835497352137,0.028218421452593234,0.00032698960620702877,0.026769208506182716,0.008552420463482924,-0.020008556831326726,0.041397447091793715,0.01729097855748609,0.021295549113741097,0.030615586983850807,0.0041053512587802266,0.036966242133510296,0.009667585471663551,-0.007083461386814371,0.05282044365561687,0.018304390626611752,0.022202419967275233,0.02243572132106364,0.015481150971014906,0.029449305547402257,0.003904541077228522,0.0070549554048242175,0.04087940515871127,0.009725200357476968
90,0.4,1.5,0.5,1.5,0.00755686667903898,0.4,1.5,0.4,1.5,-0.02234006216610638,0.6634057860870541,0.6659929931146696,0.6548111325175698,0.673277146788486,0.005748855363223912,0.6494073305188481,0.6787624509247542,0.009091364928985152,0.7104303623130471,0.7141989566501001,0.6977316747294479,0.7213550968026219,0.007024831309558739,0.6901527126451511,0.7277259507558635,0.012127266731676,0.7334640176206187,0.7354763479575968,0.7258080658510503,0.7429863922698318,0.0045401697492044885,0.7218120790755789,0.7469752877318205,0.006441985235674484,-0.02176509776903172,-0.048438600196516544,-0.05722583283101544,0.010692202494005956,0.022741408747076745,-0.07845710595573006,0.04223814420359025,0.03505608191230426,0.7073620441244426,0.7036852685580904,0.6985596631623272,0.7190876131285941,0.005643441979156251,0.6949349377789089,0.7287852459157174,0.009446522700582478,0.7581347669401222,0.7554085462345619,0.7486532432982254,0.7701538938289536,0.005725702474978953,0.746777746497132,0.7786629372617881,0.009054527221681374,0.7395370939049336,0.7414016533534004,0.732907966347759,0.7459372168119096,0.003412023244739702,0.7288844954640877,0.7510467180674798,0.006111299486793265,0.00970816733803657,0.0017509524028785674,-0.03566252360071615,0.06698004801181126,0.030894334425636837,-0.045431212311954995,0.07742938213328317,0.03960011069174913,-0.04395625803738845,-0.0376922754434208,-0.06474084317712311,-0.026974973513786103,0.010241143934484161,-0.07941009769114689,-0.019118064893367454,0.016538443670791585,-0.04770440462707504,-0.04120958958446175,-0.0721124267582255,-0.02810280473332427,0.011994248599706532,-0.08828892815959545,-0.020322919800015868,0.019445801900230403,-0.00607307628431486,-0.005925305395803604,-0.016660269568287298,0.007412046567762218,0.006612083401880067,-0.023274700979813073,0.013307587077792025,0.009946102622541243
91,0.4,1.25,0.4,1.5,0.0121379234823385,0.4,1.5,0.4,1.5,-0.01853906222292318,0.6556477890541417,0.6590843662652138,0.6514715019080614,0.6604926431515995,0.0028566136216573446,0.6497562889680383,0.6630293344654951,0.004016678351816263,0.7009141197947232,0.7047300179532852,0.6963348979797811,0.7060852763143501,0.0034563087757028587,0.6936938155164781,0.7110311207063363,0.005333861565817241,0.7264135902857002,0.728983716431229,0.7239227064187698,0.73211595648636,0.0022865359392162357,0.7223405458611065,0.7358220765767124,0.004101539064901359,-0.03490250984900337,-0.058713781165362536,-0.05948315500326867,-0.017866092006344016,0.0111298299526411,-0.07445111298405521,0.0015403487531644375,0.021715791007456662,0.6687800741488552,0.6815400822002322,0.6542811536191345,0.6974686515325159,0.011623550103610259,0.6558327564401257,0.7180116404744517,0.017316906977562614,0.7250639576575846,0.7343585322384012,0.7150187579001444,0.7526708830202227,0.01029568239727171,0.6817950437899793,0.7719224308196889,0.021929957406168453,0.7281883663044884,0.7363216591564136,0.7212312711888222,0.7400898664070624,0.00596807388181278,0.7128290362607328,0.7532187804455069,0.013341324251754987,-0.04971487205089358,-0.06313024332891724,-0.07672009233762943,0.011228236041014562,0.02965988811581075,-0.15048156546304634,0.056562603137897786,0.05476197341768106,-0.013132285094713536,-0.022455715935018383,-0.03730960526817877,-0.002672683646561369,0.009277907710205955,-0.05570447772646605,-0.0026742420376230994,0.01479657629492128,-0.0241498378628614,-0.029628514285116037,-0.0469373945722606,-0.016347789055216257,0.007845330802539397,-0.06195671238444134,0.02394452879595023,0.020328353061034036,-0.0017747760187881712,-0.007337942725184621,-0.011628805764210192,0.004584750660920255,0.004532908460661399,-0.02268361467284094,0.014734215775704218,0.011264674424239033
92,0.4,1.5,0.4,1.5,-0.033049761057007014,0.4,1.5,0.4,1.5,-0.031080427819155744,0.6813480842093192,0.6849603471727361,0.6750193976698213,0.6949247038328848,0.006159652056829473,0.674639006340066,0.7055093415224213,0.009421274652991543,0.7307356331283716,0.7326212980386109,0.7194079505221525,0.7496069536523079,0.00937232251888468,0.7163728680865882,0.7607360373667147,0.0134810168090975,0.7401978258809789,0.7411313835177644,0.7297473088900596,0.7525098454228073,0.006404098858444905,0.7269602926679544,0.7626290890707677,0.010066292386281518,-0.05245760510697741,-0.07993866865457376,-0.0885519811985728,-0.018272966952873122,0.018822676999729355,-0.13059402266017456,-0.007716019930660019,0.034753930252571424,0.6697957322203801,0.6790795197601494,0.6600752576090231,0.6897039577071201,0.008630092454780624,0.6549648352613529,0.7050196622322437,0.014844135992372368,0.7308771658222792,0.7379558661652619,0.723245754791328,0.7446708712380218,0.006766293607488908,0.7174277110795333,0.7587294328603362,0.012326499687525127,0.7381918071110373,0.7413176811102273,0.7321820859391023,0.7461973152189767,0.004801888471468811,0.7293034200592318,0.7513234773630117,0.00713367027850955,-0.09106799007119472,-0.14137895780484475,-0.1765129133475492,0.07664855963994256,0.08681952229885617,-0.23999909920280688,0.16177969553000227,0.12062830888770948,0.011552351988939114,0.0058808274125867754,0.004009502173414494,0.021099008934725605,0.005344859807419185,-0.005789998531474029,0.02934071285977766,0.010172386413144354,-0.00014153269390759782,-0.005334568126651007,-0.007723863331380754,0.011621699465874255,0.006445383430440352,-0.021204144102450792,0.02229938864989296,0.011028734000523257,0.0020060187699416643,-0.000186297592462914,-0.011518533058533316,0.016046954288876657,0.007599459421212298,-0.013420217026964644,0.027039471482460862,0.011426730097324927
93,0.4,1.5,0.4,1.25,-0.04411732136552093,0.4,1.5,0.4,1.5,-0.011756667892875817,0.6794366571389492,0.6806620539625605,0.67417452448186,0.6847175451578138,0.00329863799062584,0.6699056671083053,0.689168673407851,0.006037016680425567,0.7232008108759677,0.7248325368037931,0.7185416954106243,0.7277918875487535,0.002945011765303217,0.7148114383031966,0.7315511093473183,0.005321970222544665,0.7441772481579595,0.743377045065053,0.7410716080894093,0.7473270764855292,0.001816462910454985,0.7384444318724517,0.7518797329284833,0.0036016364337138965,-0.041709246548979506,-0.05817896494751052,-0.05771587275055161,-0.01922038792988883,0.011388619793118627,-0.06926268716641351,-0.027703218411584553,0.011907551104680465,0.6633529591358852,0.667610521315791,0.6523653543776011,0.676397190321585,0.006960509045864023,0.6438459955351229,0.6861885227354217,0.012215122960132913,0.7150386922733756,0.7206641895129511,0.7055732740572392,0.7274714298009716,0.006308558279561813,0.699549278261785,0.7338792042263419,0.010478421463027868,0.7260754530067126,0.7278701333351998,0.718275908647329,0.7349106366031859,0.004327474806624081,0.7145238289208719,0.7411413983553332,0.006686674063164982,-0.04072781757409542,-0.05764889837575724,-0.06170490034602065,-0.012630455421021425,0.0136186578351631,-0.09931945521167593,0.001356613470086157,0.030524875803039593,0.016083698003063973,0.013051532646769504,0.0062725072635520865,0.026249449588457784,0.00552875216016893,-0.0022111493661433057,0.030962100250143607,0.00944157889380335,0.008162118602592083,0.004168347290842034,-0.000794271779398413,0.016539645039691894,0.004817648510371432,-0.004995984064731739,0.022204999245695835,0.008219735822721761,0.01810179515124688,0.01550691172985319,0.011200937457952233,0.02680399750553262,0.004673088319678936,0.0077790799838289015,0.03119830538141779,0.0072798515796553154
94,0.4,1.5,0.4,1.5,-0.011968297600624914,0.4,1.0,0.4,1.0,0.05069220173199075,0.7219027175484728,0.7173058830171646,0.711261758391357,0.7337284964118858,0.0065884244523725785,0.7044002686805961,0.7440646781460359,0.01179694030554072,0.7616925677148569,0.7612472563972379,0.7513877565089584,0.7755908153844675,0.006862974084536693,0.7394973480013738,0.7891188586454372,0.014003922735058023,0.7580983477596486,0.7616372227078156,0.7555687149163325,0.761580906730812,0.0019085541266322492,0.7503627766405052,0.7654672453414005,0.004270701899997777,-0.07269198937281622,-0.11341066973420637,-0.10679857446466597,-0.041571375120327325,0.020945440996349114,-0.09591757763096795,-0.022167884627467965,0.020287086100251667,0.6855820233638398,0.6895338054939981,0.6772980486650338,0.693591948999616,0.004878099269920346,0.673243181752874,0.6998820817490649,0.007527297058939248,0.7388896959014404,0.7386750070827116,0.727991531239241,0.7477032701756147,0.006004258640225453,0.7234664952858397,0.7540378211682434,0.008321375564321283,0.7485758264014566,0.7486279025412287,0.7429392565742621,0.7523172525860591,0.0026967591431742294,0.7403335860770995,0.7548075048361461,0.004116689338513443,-0.01255359949368459,-0.03472588655478757,-0.04697202373592485,0.019460364096968767,0.02488200034652651,-0.045082674499319846,0.024482051451385024,0.02289471140670472,0.03632069418463302,0.02777207752316646,0.023985606108005507,0.050152339527422346,0.007753531063091554,0.016140566256058163,0.05966951537973155,0.012968151469334173,0.02280287181341656,0.022572249314526283,0.011067456251847074,0.038097746911618845,0.0077305998183334265,-0.006237797019608776,0.04984350641674003,0.01433779131196704,0.009522521358191982,0.013009320166586957,0.005537433574954221,0.015540332702216351,0.003246232329561465,-0.0020789022600591275,0.01870904312952386,0.0056407256907130355
95,0.4,1.5,0.8,1.5,0.034213565339362643,0.4,1.5,0.4,1.5,0.0175795474218156,0.6728654887655103,0.671220718520516,0.661152411258741,0.6878279111261042,0.008283692452956556,0.6516517890403892,0.6965168584865343,0.01310056219265806,0.7201135040653632,0.7219518628710717,0.7106843746049307,0.7284382177085768,0.005040981858427088,0.7049545368648071,0.7478518082827456,0.012565397518460012,0.7361635487495413,0.7372217326442615,0.7299363707289072,0.740928958000096,0.002993927091285128,0.7286318745632052,0.7555136635629518,0.007156268910115097,-0.032360189161819326,-0.05689204000799547,-0.05169978060179219,0.0027695449692659233,0.016599528665938928,-0.072400276368833,0.010830895956732998,0.02600486629102756,0.69417689635105,0.7008784614420026,0.6783706695293531,0.713860039989952,0.010749123971834614,0.6733841215936219,0.7322566824839086,0.018251476853471563,0.7505547748013537,0.7555747416950461,0.7407061387601004,0.7604668043390187,0.006370665844464431,0.7295915426999012,0.7793379509569223,0.012878986548793886,0.7299549773079811,0.7373261100844372,0.720798980785067,0.7436019083651958,0.007297465851717954,0.7116893314229442,0.7576498159555892,0.013219126036670322,-0.012446090280998348,-0.0293314080285167,-0.07276652110213995,0.025126523036514484,0.03005161593578518,-0.09781709130570325,0.05974151121791172,0.043273061168545054,-0.02131140758553962,-0.029657742921486596,-0.04365951621355499,0.004423152211302295,0.012399233859387702,-0.058905533938589646,0.014670272407895577,0.01972110894500986,-0.030441270735990456,-0.03362287882397441,-0.0494385700458891,-0.013858020206062263,0.010225241953301451,-0.06325597952305677,0.005659338925961835,0.019964590199903005,0.006208571441560173,-0.00010437744017566253,-0.009720753228467726,0.0205876474882118,0.008658861178393052,-0.018052943955171326,0.03379355115878757,0.014553712728768233
96,0.4,1.5,1.5,1.0,-0.0625261912600163,0.4,1.5,0.4,1.5,0.06618049067059176,0.6846954971486509,0.683077745911302,0.673643736970215,0.7018357285010374,0.00823313925296124,0.6692370133821459,0.7106791936900025,0.012252071566476253,0.7282476065888873,0.7296095389442967,0.7230995012613302,0.7330003910104773,0.002924196701096107,0.7059802735313773,0.7522035679710568,0.011655276434058361,0.7401209029913439,0.7417048840917883,0.7365888017175088,0.7438254384940539,0.0021404569414157234,0.7275648192167534,0.7554709476535231,0.006805935517589008,-0.10765864861500431,-0.1190022826224539,-0.15193257949058397,-0.04863863307238522,0.029780076913844895,-0.16110651164024165,-0.005954890824152681,0.05010913900908201,0.68196180742658,0.6825578765322442,0.6762940625715483,0.689908422441519,0.003796792351939901,0.6743604585420142,0.6969205075366945,0.006409281100950055,0.7347729171187833,0.7326076833736699,0.7256035200929756,0.7463891058977177,0.00637292533367861,0.7202001507235664,0.7521386580764283,0.009526286242452744,0.7306963273291686,0.7301613947389136,0.7242967422806973,0.7387188071602183,0.0037412282685463393,0.7203772358934887,0.7433818817479686,0.006007521900044797,0.04083010281135039,0.01782782221814339,-0.006263326293186745,0.084645545250942,0.0285546731802238,-0.015445183447671353,0.08670056039378293,0.032525527984431854,0.0027336897220708867,0.0005198693790577913,-0.012039571196914164,0.023005577589953783,0.010169851000288261,-0.019026340370767728,0.029364650883902298,0.014650718147460783,-0.006525310529896022,-0.002998144429373184,-0.019840765493661382,0.006135195291441416,0.007877891025818208,-0.03436446109598374,0.018060791357347037,0.01587494280667517,0.00942457566217536,0.011543489352874636,0.001153462432070533,0.016475471639529116,0.004402854737500824,-0.0059079709242760604,0.02115230966918333,0.008567927700524633
97,0.4,1.5,0.4,1.5,-0.029594291169037622,0.4,1.5,0.4,1.5,0.000293817809864542,0.7006707743714051,0.7093358873749371,0.6895006926289183,0.7150586127200671,0.006858629272877489,0.6855451342758806,0.7245595474494844,0.011405655523783857,0.7545139198157516,0.7601260007769873,0.7393135696342055,0.773028809440985,0.008881071804429288,0.7355629483873812,0.7843446948660903,0.014230830387042263,0.7556670349266873,0.7571169908782217,0.7475172098764747,0.7704998791847754,0.006464241460634964,0.7443116753588273,0.7854469076367925,0.012131748461741127,-0.05929533512068277,-0.09824710051185889,-0.09721093171690852,0.004380695095267874,0.034062261365494166,-0.1295800713186896,0.03364900633675056,0.05412358714326259,0.6937379062087992,0.6922298734694118,0.6855592241103635,0.7045685560354633,0.0055978693204265274,0.6824299848862091,0.7125872275593158,0.009080477576833298,0.7474250019188157,0.7450015270763906,0.7383192472093381,0.7596440422705829,0.006389338750653005,0.7311049644607946,0.7681204440078826,0.011106541899748218,0.7428606804327627,0.7386621387255696,0.7351888732110833,0.7503519932175049,0.004618386217815189,0.7300376544687571,0.7565241701837556,0.007216498555552973,-0.04408630816085248,-0.09180723858059646,-0.10611061043087525,0.037807863081966285,0.051193243090770356,-0.12924140427126696,0.06708518520963677,0.06977967474626368,0.006932868162605965,0.017106013905525352,-0.01067316871614641,0.026463754226198774,0.01024015833543674,-0.020722110386596188,0.03684035014308762,0.01636528384171301,0.007088917896935887,0.015124473700596774,-0.01513414348986792,0.03099847266996523,0.012744825521892104,-0.023982215277339437,0.04197316274190803,0.018154517494359215,0.012806354493924643,0.01845485215265208,0.00029199549077187775,0.02840908375141369,0.007706208232190421,-0.0037403143432269415,0.04420858229965772,0.01294050785675193
98,0.4,0.8,0.4,0.8,-0.021550471550721456,0.4,1.5,0.4,1.5,0.0017212333731603617,0.7121277304268522,0.7091542209696119,0.7067830645197817,0.7166150831914511,0.0029443200878756528,0.7009401858546174,0.7213389627925627,0.0057881591400585925,0.7558450228133231,0.7530599978892751,0.750449294515379,0.7606985240032281,0.0029813503046711926,0.743815543469221,0.7715636074435077,0.00773766120144234,0.7487288695754128,0.7484555504841023,0.7442510587651635,0.7534661897331513,0.002573535850975996,0.7414515513078214,0.7563531827650111,0.004022715492596069,-0.08609410469043845,-0.1391214737724312,-0.16088083634310674,0.03269298651955861,0.07085577986200481,-0.14198136201784695,-0.019827310621881658,0.03655610028027212,0.6743867546946025,0.684707059137756,0.6609805846833143,0.7004539095992071,0.010483735907053034,0.655212024030887,0.7205838975522086,0.020294812132025292,0.7298271646001538,0.7370473777003937,0.7159503903501165,0.7513974356292533,0.00957619484116779,0.7029929459735309,0.7595289321575089,0.016383783730843853,0.7283074067603106,0.7350772803266541,0.7205233481325691,0.7387694952151227,0.005893720761889729,0.7141983011694002,0.7459545715837449,0.009465206590277988,-0.021037320122867742,-0.03250644698833053,-0.07709252609729886,0.028770660239803063,0.031341295909228975,-0.0815300950451288,0.04260551751863326,0.04068355304557423,0.03774097573224966,0.024447161831855913,0.007481717926343369,0.05309480919493015,0.012312796972027574,-0.013784186116934452,0.05889292750056159,0.021743200299098743,0.026017858213169265,0.016012620188881388,-0.0002953900195514711,0.04176520877020769,0.011166597899902857,-0.009450497012983707,0.04975263089630617,0.016206490894797653,0.020421462815102265,0.013378270157448191,0.00839319723603147,0.031176995485770152,0.0064427134608950375,0.002537164445518797,0.03674860338537289,0.009566593495321393
99,0.4,1.5,0.4,1.5,-0.026313389690448972,0.4,1.5,0.4,1.5,0.01778782963940207,0.675925098374946,0.6777705005403019,0.6667310474961085,0.6859524597680793,0.005896072065719484,0.6280986853285986,0.6980514370983949,0.018093672845220305,0.7246550390766134,0.7244394284605772,0.7132781169990868,0.7362772706376765,0.006697488480889554,0.70062629715761,0.7475282988437475,0.012259547015928456,0.7459456487428578,0.7434827175447823,0.7419377327397916,0.7512233242170875,0.0027612201698184167,0.7369271412607329,0.7578545821821526,0.00636673242654758,-0.0362187828315443,-0.0816336637854621,-0.07416548877166101,0.007820544397637796,0.025204516315016502,-0.14251836119715153,0.006232177081078247,0.03715902925935263,0.6823054870143629,0.6842279554656502,0.6657998761804034,0.7032779022973019,0.011237886489976786,0.6615346006159637,0.7222657110148161,0.017967612182100145,0.7366186004797404,0.7349715519069981,0.7171338292288625,0.7580481037098132,0.012281880624908594,0.7134323515928671,0.7737006598098394,0.01821311278265442,0.7387589055872932,0.7373445979688895,0.7276648547571636,0.7509108009782057,0.007060035357759266,0.7234338509388408,0.7589031176045488,0.010500272311927095,-0.03244384772838732,-0.07583691188216947,-0.08442303080638454,0.020104726434387474,0.04009996252203125,-0.11286738582795919,0.0534365651518285,0.059016026230124495,-0.006380388639416923,-0.006457454925348327,-0.029272698768346428,0.013803705512635343,0.012544836943469898,-0.061788982292836504,0.015232051139209928,0.019894151142300392,-0.011963561403126932,-0.01053212344642096,-0.035808195211641684,0.010578812222152845,0.013328902259211139,-0.051890840530641316,0.024688199649702446,0.02126917621291341,0.007186743155564668,0.006138119575892831,-0.004606776069344742,0.01830118831785359,0.006476824641717813,-0.014561949662457708,0.022147882871685388,0.010298292779740459
100,0.4,1.5,0.4,1.5,-0.037263549911992946,0.4,1.5,0.4,1.5,-0.07272216772068377,0.6902285633364336,0.6975994574567227,0.6828472509264188,0.704543564880464,0.006818304247358143,0.6752417634487214,0.7179094715915856,0.012213381389299392,0.7425363812515834,0.7458716028044099,0.7319774732751118,0.7607156232351334,0.008105486323083015,0.7231557105413426,0.77556396798273,0.014721005452746246,0.7431798557755097,0.7436432471628527,0.7311806877980602,0.7638134237889923,0.009357638626588921,0.7253285589409856,0.7767216989909632,0.015555472039273776,-0.0392533227919259,-0.050642950240316044,-0.06303875011124876,-0.007444564279343133,0.016427751035302446,-0.08496701902834697,0.005921436383561504,0.02488171002053086,0.7036684814067248,0.7015565755764412,0.696831881761293,0.7181356755356217,0.007000907146685147,0.693068063926607,0.7303006737996887,0.010845418933893505,0.7555524599801178,0.7519408238745415,0.7441685996480222,0.7718454544251023,0.009093429952710017,0.7361196822859633,0.781647609901994,0.01451377392047232,0.7560532402869992,0.7506567518153,0.7496943561119901,0.7653623332569872,0.005421164798656346,0.7459097665279832,0.7712845434096245,0.00839344197015684,-0.0521407304186742,-0.0638616009399006,-0.07969974599534249,-0.029857268919871283,0.015388013815695989,-0.1180822061678452,-0.008410849069234644,0.030695861490886083,-0.013439918070291212,-0.00395711811971855,-0.032679088318092006,-0.00015645725139497302,0.009061841634255295,-0.04735266652352166,0.005253373454960394,0.01445830817052923,-0.013016078728534386,-0.006069221070131636,-0.03176741407827259,0.0009042824513517435,0.00899786549444819,-0.03416956655304478,0.009092009951655444,0.01276955089348274,-0.01287338451148945,-0.007013504652447322,-0.02391464342846054,0.005138454644275311,0.008663101850683273,-0.028247741958282942,0.016201155359930226,0.013944783606213176
101,0.4,1.25,0.5,1.25,-0.010226534407845026,0.4,1.5,0.4,1.5,0.04803929405715512,0.7048794619355996,0.7078124468437239,0.6976495654423656,0.7131870882686515,0.004459783820845463,0.6918657177679969,0.7209090311696763,0.007963039656428538,0.7533427893119956,0.7507711283679919,0.7419610391090343,0.764246898104015,0.007631659036149886,0.7318553277487296,0.7744630724293424,0.012554190958982567,0.7498046270022056,0.7486072084294944,0.7447303702680608,0.754769092690897,0.0030882568315364206,0.7412556600964494,0.7600378613917117,0.0056021995835044405,-0.0471613029278252,-0.09466061299888565,-0.11311896270474817,0.0392581656312409,0.05530356416241585,-0.10864959001773317,0.07080244899055355,0.05702694233823356,0.6617504720534358,0.6664978020006342,0.6381432637245077,0.7053786727842198,0.01775560476094667,0.6383410371798182,0.7498938321333888,0.032151724984203565,0.7167801999367559,0.7192289412093213,0.6865912531201085,0.7554399932769069,0.018012729666407844,0.6722241757123737,0.7998941696129414,0.034015051867139566,0.7295437995954147,0.730236774074174,0.7090521347297367,0.7539002713042727,0.013767198912020679,0.6961913693731319,0.7711052672555564,0.02206523588587428,-0.004140633986162865,-0.0410329812823328,-0.06676742112988865,0.04300256232584044,0.02964978097664407,-0.06955346923342415,0.04953844144544326,0.03456406222902427,0.04312898988216374,0.041314644843089665,0.0005593438608281764,0.06826210069294025,0.019265340615247,-0.057980230248841025,0.06769396813409183,0.03531022001932614,0.03656258937523971,0.03154218715867052,0.0030097894974134287,0.06093741493643964,0.015827257505888627,-0.06516542346393794,0.06963669831252295,0.034670194981657534,0.020260827406790916,0.018370434355320375,-0.004236443074798778,0.039841271814630264,0.01361087397247741,-0.02009156060126531,0.04940062912942718,0.02177389144132839
102,0.4,1.0,0.4,1.0,0.003423260360429764,0.4,1.0,0.4,1.0,-0.10744050675277818,0.7033767577814098,0.7038075617879281,0.6827917295289618,0.7246142425032255,0.013504379680068065,0.6683448445649222,0.7344696494662073,0.02058047807756385,0.7466527304894235,0.7493656441255802,0.7236764665902727,0.7708575942602488,0.015682135531907882,0.7086060858043921,0.7785285107602449,0.022405946620295228,0.7497969203787094,0.754685548790907,0.7349439533293549,0.7634633979195685,0.00879504589714788,0.7280187998550671,0.7723816069763753,0.012476022865628211,-0.05905475293529382,-0.07085599237806946,-0.08483160917077048,-0.023168762667567927,0.018355386909889696,-0.09629938543169678,0.01253878367400102,0.026755127880767414,0.6995763303732102,0.6988089359368759,0.6925211368628142,0.7004621723972376,0.0023399229245306494,0.6946734431694965,0.6987879913013978,0.0012324496237096415,0.7546968309096126,0.7542281953752157,0.7518956928644898,0.7578129891817044,0.001549648825280655,0.7504066765531071,0.7577640815259903,0.001958590702258538,0.7552935807316,0.7538141292818271,0.7520993375307712,0.7581177691918904,0.001723398827946937,0.750432251049226,0.7594838937213008,0.002547954338582391,-0.051284809963411435,-0.06476766948573892,-0.07940169807688818,-0.01276807972353658,0.023687350988005704,-0.08815895247122028,-0.012267294390715583,0.02190440201829071,0.003800427408199636,0.004998625851052263,-0.016261759376292526,0.029247997313863447,0.014082225072248083,-0.02791668859129514,0.03760843330392083,0.020310646505868037,-0.008044100420189104,-0.004862551249635527,-0.03165497333266373,0.016638505615251906,0.016011755723552304,-0.046106263310187814,0.02646568569004295,0.021999252743035016,-0.005496660352890648,0.0008714195090798738,-0.019367004311694712,0.009451474055626585,0.009333294000575983,-0.024618908937979755,0.016898994921786148,0.012155234118126213
103,0.4,1.5,0.4,1.5,-0.10184311235586858,0.4,1.0,1.5,0.6,0.05597248041496259,0.6818824582774564,0.6874038154039364,0.663815227479279,0.721722826833349,0.01662988867223342,0.6502390627925485,0.7399044106080599,0.027031425362045648,0.7298863992553462,0.7320158385446927,0.7086154298476687,0.7538128317347377,0.014340818083658205,0.6945682393252831,0.7699227195353467,0.022785378896341107,0.7254603906085071,0.7327039083359432,0.7150711908514032,0.7396485923920441,0.008498883516608905,0.7091306905444312,0.7491668903273789,0.012362294781869856,-0.12581908548763107,-0.1747145599242668,-0.22008090863199203,0.013833069527425024,0.07764297966500869,-0.28575936569599003,0.10867790284314022,0.10402080460574438,0.6755806489101374,0.676301546019643,0.6615513008476182,0.6916435189750292,0.009756833449148562,0.6531974817893028,0.7025880552307905,0.014692252842604564,0.7161448359790122,0.7166717229773438,0.7104340612708031,0.7215614984277913,0.0034223669698813537,0.6927319506461409,0.7322583962416265,0.011823935989340955,0.7310829494966004,0.7318736831846081,0.7267612564291089,0.7346837151593072,0.002554549410179962,0.7173220997619595,0.7385196470431907,0.00613282255308118,0.032635253401640765,0.02589289090730065,-0.012580162235434789,0.09252837169616279,0.029264649253557075,-0.024109519431477294,0.11656998290484459,0.037716124343107865,0.006301809367319056,0.011102269384293373,-0.02776782325135018,0.057753555378808545,0.02551062077823075,-0.05253588856627944,0.08520009607824638,0.04067480835881041,0.013741563276333912,0.015344115567348826,-0.012245578031301219,0.043515085614680135,0.017478400925343744,-0.037386105910438935,0.07621306592680033,0.0339620148436633,-0.005622558888093265,0.0008302251513351289,-0.019560241670745326,0.012671644028549565,0.010684674185061725,-0.028291780097897574,0.029608089701887774,0.017911934109783978
104,0.4,0.8,0.4,0.8,0.003127077954459042,0.4,1.5,0.4,1.5,0.023875814215560287,0.705486789013523,0.7073699788830873,0.6970359629281783,0.7169703369692267,0.0064327327129663605,0.6902849984455109,0.724180106376141,0.009666414203504637,0.7510402515276032,0.752307269510076,0.7406427194388827,0.7627329770300701,0.006652110580683761,0.7343002439559952,0.7700890898867511,0.009865942373587702,0.7488710648248809,0.7484258706329646,0.7438052353788479,0.7569759520502188,0.003715744793740363,0.7420468880505782,0.762040607240595,0.005623224027190166,-0.03465125484448381,-0.05137476329618057,-0.055848348832123675,-0.008767578959663958,0.014825841294397643,-0.07908214261716778,-0.0046966569087422555,0.02239476333667191,0.6581993678330958,0.6636656312608864,0.6398013057323181,0.6796087960393976,0.011092026143130962,0.6346592753231683,0.6933547868224309,0.015469786169220678,0.7093197813279323,0.7123249011803858,0.6902525617993791,0.7290746981642786,0.011131918515935913,0.6775747995945504,0.737962168850862,0.017090379349169727,0.7321111529669972,0.7348644336693889,0.7233071582756937,0.7422247044780745,0.005018012298169997,0.7173559489800043,0.7457968062033442,0.008983565689887478,-0.015185508101647935,-0.03613512431496482,-0.04402394204444235,0.013617023840540718,0.015131869170927629,-0.06733327684860689,0.03840444048943705,0.0320960123182693,0.04728742118042717,0.04370434762220088,0.017769058851040742,0.07304931250283853,0.015576313522035918,0.00039752392956539373,0.07935607919599064,0.02169209617721753,0.041720470199670956,0.039982368329690154,0.012569918607803418,0.07052440241596072,0.016246989057214722,0.00020195344647162827,0.08212913326486411,0.022685022770448572,0.016759911857883614,0.013561436963575701,0.0018056960829342765,0.02922133127663138,0.006873746385247497,-0.003616958326393284,0.041167969474791725,0.011947825136269317
105,0.4,0.8,0.4,1.0,0.08349261848628674,0.4,0.8,0.4,0.8,-0.05216189911363458,0.6656129834628216,0.665098749006922,0.6611818176428124,0.670235562241406,0.002644848946954412,0.6575786123503952,0.6695992721027342,0.0034490261087096307,0.7116276179965544,0.7113137550042691,0.7083724480700635,0.7153957342477628,0.001907890885566364,0.7060825437272317,0.7157338540978458,0.0028743559673381587,0.7304184667925347,0.7298976416437569,0.7282577181473432,0.7326305597860788,0.0012066373649531623,0.7277892336693924,0.7346755953242102,0.0018926161815326136,0.008741263452171603,-0.014801115528908892,-0.009866187601941414,0.02646874103915134,0.0123644140633589,-0.009259159771060973,0.044691314129148715,0.017103181346960292,0.6979111455446598,0.7024151780316201,0.6911612981976594,0.7090982601039814,0.0050474567263937165,0.6879728012278286,0.7295977194762123,0.01226794743953163,0.7506999306239691,0.7548654482616749,0.744767870488945,0.7595543099807461,0.004348886822318427,0.7408193169874497,0.7688574550272803,0.00838379308690437,0.7380309008695476,0.7450456862918117,0.7307534682596479,0.7459331456366933,0.004905839405647048,0.7261756819671236,0.7496589979876611,0.007014259522146306,-0.016419194530879217,-0.032021274433459965,-0.039801386125261295,0.0067995573470717476,0.015529970025675091,-0.04176251416857564,0.014852068917378666,0.016367901569244822,-0.03229816208183822,-0.03731642902469812,-0.04785063119446309,-0.020889682172101416,0.007313123559854453,-0.06747939571709728,-0.019631520624473577,0.013086668216710354,-0.03907231262741473,-0.04355169325740582,-0.050857981828907765,-0.029197934709057717,0.005874261407456574,-0.06167869050959071,-0.027985161507074842,0.00935977374002395,-0.007612434077012842,-0.015148044648054748,-0.017190898836915734,0.0008444305437058201,0.005251142272620445,-0.01959211999906174,0.005334709054581041,0.007556368505567451
106,0.4,1.5,0.4,1.5,-0.03803158282985241,0.4,1.5,0.6,1.5,-0.027073942112715396,0.6985778554135843,0.7008232140898599,0.6778174629386986,0.7276103662977419,0.013826685831136899,0.6664795218849114,0.7552867705051031,0.024470868805571755,0.7474765346169434,0.7463290618042323,0.7223425632933639,0.7805458659129634,0.01640576723093231,0.7128288110849215,0.7949744282363317,0.023765421259787353,0.7497067267272396,0.7474499115186685,0.7374079123596912,0.7683066675402265,0.008486723773502304,0.7318420331149145,0.7784403823197966,0.012580138301137233,-0.03210794884841654,-0.0717821653987102,-0.07501457801681469,0.01707604924614578,0.02597771033460811,-0.060286473343993154,0.03732437258448118,0.0299408280327377,0.6997104442234322,0.69962559851571,0.6934811737922632,0.7069612158155811,0.004005457313773673,0.6893258640033662,0.7128884485997385,0.006780515948172635,0.7467644144337425,0.7435193836168339,0.7385836795808404,0.7555173295488238,0.005221125690535655,0.7306860177683416,0.7564146275656637,0.007563150952341435,0.7436033403267839,0.7432961425261098,0.7402980230227842,0.7473636398488844,0.0019290262070312193,0.7376801166383491,0.7512125130723063,0.00354781149837802,-0.056045571480428005,-0.08369055198325741,-0.08030043384702082,-0.027290939825637933,0.017393518058078983,-0.09091204040199172,-0.009455972420192554,0.027388949893496047,-0.0011325888098479009,0.0011976155741498795,-0.028210789520136482,0.031829219659881475,0.017285302367122536,-0.04244805126307414,0.056127002401605015,0.029701127669471337,0.0007121201832008817,0.0028096781873984122,-0.031618162034234794,0.03858784845629883,0.020965946437546814,-0.03779457557484296,0.0625046469412605,0.02980556775560516,0.006103386400455713,0.004153768992558704,-0.00915684802097498,0.026078093977118685,0.009846387288323624,-0.017417351892745722,0.03629772646232336,0.015108372932218036
107,0.4,1.5,0.4,1.5,0.024696046770684297,0.4,1.5,0.4,1.5,-0.0667263556039568,0.7401225168224946,0.7363629799347949,0.7272274183870764,0.754512117026707,0.00812237667739183,0.7152790966048445,0.7946067656610036,0.020116227791835833,0.7839961111391341,0.783063273927911,0.7687997932101628,0.7994339442005036,0.0089479007268578,0.7582007208568219,0.8131878848199486,0.0162733230437333,0.7675620245758906,0.7691217075291222,0.7597617427978329,0.777370555377629,0.004882780832600275,0.7547949298695771,0.7891704733939963,0.009211254238311163,-0.019655875127992745,-0.06322038872214904,-0.055937510373422164,0.02167491135038467,0.021974352697743903,-0.05204186231822419,0.05507429972522028,0.02992593637968682,0.682633286842164,0.6882899717748451,0.6676056613857502,0.6997669016252627,0.008707225477413432,0.6628586133073894,0.7112938907891071,0.013729032463798503,0.7388173273933507,0.7432417415068081,0.7270341168246917,0.7573933127592147,0.007926656720797932,0.7187219926830326,0.7667115945408932,0.012654936414607153,0.7427082643301843,0.7457261968492025,0.7340191888273606,0.7515485944319433,0.004999878055138062,0.7311325495378052,0.7550610501336612,0.007436627759715234,-0.09242792635724412,-0.12297251610499144,-0.16370062275243383,0.015433451326485131,0.057453741427982784,-0.1638491641168995,0.03528670388758015,0.06013350103457088,0.05748922998033068,0.04807300815994986,0.046820323759940344,0.07119179708762716,0.0072757923298005026,0.039398381586243675,0.08734686093019832,0.014401258600237192,0.045178783745783435,0.03982153242110287,0.03366270511761334,0.054797816049086734,0.006271664431443025,0.030016135341207555,0.06421007451666297,0.010402778756622745,0.02485376024570629,0.02339551067991974,0.014854921174880277,0.034132902355506346,0.005348278174606807,0.0071455466836957,0.04081921438856168,0.009209447064717382
108,0.4,1.25,0.4,1.25,-0.06959154472222767,0.4,1.25,1.25,1.0,0.07390820872693456,0.6979643186402017,0.6956064806812758,0.6877583127129855,0.7032686462363618,0.004579660137273425,0.6908857224205037,0.7219878231755864,0.009171493162594413,0.7351612795423365,0.7381507393873332,0.726667463472164,0.7410129252545673,0.004409056793175881,0.7209172386335718,0.7478013118412203,0.0077270109685937385,0.7370797229063432,0.7438606443955084,0.7302843147925406,0.7434041894889072,0.0038203907652295545,0.7272082549123662,0.7480797982064529,0.00624309283678669,-0.07139430030177592,-0.0793490224802117,-0.08850236602252783,-0.04768241221274942,0.013245117939983894,-0.10674119847432319,-0.0233846658699466,0.02444959206845282,0.6774356479809354,0.6793531906052139,0.6735044138428224,0.6825917433283292,0.002810732154566903,0.6706764927942569,0.6883457247383532,0.005229054153713581,0.7261850162596315,0.7269930146076908,0.7218095363124276,0.7299425496321735,0.002208658090806448,0.7131363507215993,0.7354975444957411,0.005526757131289939,0.738739188754261,0.7399228284019235,0.7360054945318314,0.7415294370518819,0.0015416553666001795,0.7335931314344435,0.7425315359792182,0.002543570260455419,0.031243408067511386,0.016714259459285074,0.021755437432296795,0.0460487281400509,0.006727054029773277,0.007516311639068612,0.05441563030124739,0.01309863044097023,0.020528670659266335,0.01625329007606191,0.009533273886190432,0.026345637461667848,0.0048708895002555165,0.014909709885410252,0.03980618343694982,0.0070039628311990175,0.008976263282704955,0.011157724779642386,-0.0002615728314532481,0.016218201994551595,0.00444966449784915,0.0003433627910677736,0.022494143417558243,0.006307806996191243,-0.0016594658479178737,0.003937815993584892,-0.00684763949745033,0.003931954190733555,0.003407538792609539,-0.008076228925050551,0.008505845501962116,0.004768724559442508
109,0.4,1.5,0.6,1.5,-0.030591693599780187,0.4,1.25,0.4,1.25,-0.024395903425152278,0.7108809666835749,0.7124876998019125,0.7071256060200986,0.7149894010645073,0.0022790417115352455,0.7060033600016832,0.7320807518518089,0.007311354018287134,0.7543811723052262,0.753927059464142,0.7467462826916568,0.7598782679635203,0.0038827661410069754,0.7419770264982203,0.7752064819775091,0.008558474901629292,0.755010233516198,0.7552728672079677,0.7492681316855966,0.7594230856762726,0.0028964822721360235,0.745423382105003,0.7716984963852032,0.006219910717067286,-0.05858567417364245,-0.08200346407908933,-0.10904221843471633,0.00928154250033103,0.03830874082596268,-0.15832121776550923,0.04959748462612515,0.071592228994598,0.6866354093893106,0.6823956528141818,0.6768289659102603,0.6949432534566086,0.006121304186945763,0.6755181110897287,0.6980135588149705,0.007529045889111111,0.7367403198281118,0.7295763074350048,0.7268466882238129,0.7443439954473953,0.005683220014983896,0.7234296474833353,0.7468360205487812,0.006619114281425851,0.7452630158038098,0.7436162819598767,0.739179966442948,0.7513543028678162,0.00365796971773282,0.736581873454011,0.7528905809384947,0.0048244825889311215,-0.009539809064125377,-0.016220498309680306,-0.03974339359921872,0.018591696499159663,0.01825307685905401,-0.05899114616105652,0.04652267849726278,0.03103285894669138,0.024245557294264364,0.030092046987730714,0.014658201115411051,0.0338289420107627,0.006423519662778326,0.011633674137750918,0.04862493161334751,0.010551816845858278,0.017640852477114333,0.024350752029137168,0.010980522651735592,0.023921100655708204,0.004166626949733954,0.009145273724754578,0.03942074454028607,0.008043304486407325,0.009747217712388179,0.01165658524809099,0.0047642721654086,0.014718644719303554,0.0033864225865031547,0.0031285961382156134,0.021862081170585836,0.0055812337029881
110,0.4,1.5,0.5,1.5,0.13381697936000428,0.4,1.5,0.4,1.5,0.018292965235806903,0.6622099836942303,0.660680398609522,0.6537291676714441,0.6712540852642587,0.005148258084575135,0.6502835328034917,0.6818316939422356,0.009045072310015652,0.7055358265727616,0.7042129166502235,0.6951938803347535,0.7154483881562332,0.005886900661055503,0.6915482450402373,0.7236073364391761,0.008902292727712917,0.7186809284071831,0.7174897091389265,0.7098285074750073,0.7276007384350244,0.005842880630882308,0.7059616848681654,0.7337689181306677,0.009283576134743916,-0.0157278914094449,-0.03387317118735485,-0.06707154504577427,0.045825447942925784,0.031981887549335015,-0.07990982028682189,0.0627838672668617,0.04143986380998364,0.6846003291937246,0.6907856971997244,0.6750048718522697,0.6983233749678344,0.0070049842111031034,0.6712564847185094,0.7093728656934688,0.010914483211069935,0.7366907314721618,0.7416391811316161,0.7274170024570225,0.749629414909374,0.007077569020726558,0.7233441451338317,0.7585999594764168,0.010422925069561178,0.7339548635059323,0.740165436135037,0.7267307312765118,0.743633620493869,0.004994779531932172,0.7201541890696685,0.7517643806251575,0.008554067813710651,0.012370252394026345,0.007901140048230953,-0.07514941233660052,0.10154942558170535,0.05173773403523616,-0.08562809404752261,0.10028365313473872,0.055425596088078,-0.022390345499494257,-0.03010529859020239,-0.03343037533751927,-0.012367749461120181,0.005799951748994676,-0.04144495696252866,-0.004527418902989494,0.010423843080131261,-0.031154904899400204,-0.037426264481392635,-0.04265334650317425,-0.019951315211462317,0.006789854863567908,-0.05287788189196025,-0.016137644887084378,0.011082516673687863,-0.015273935098749192,-0.022675726996110535,-0.02970352910338822,-0.0005689297951520164,0.007974943894312251,-0.040771069674114535,0.009655180610071375,0.013272511970093378
111,0.4,1.5,0.4,1.25,-0.08145539223219637,0.4,1.25,0.4,1.5,0.00786829619675821,0.6854542109048425,0.6872066435328714,0.6772991877736433,0.6940100563118257,0.005155482801653546,0.6713797358821859,0.700963060536583,0.008641874310909145,0.7309158107789046,0.7316463134011422,0.7223437959519469,0.7403027098440019,0.005875946268320605,0.7165088512305955,0.7479838018295065,0.009106071182541517,0.7519843819883352,0.7513819381909236,0.7452691492693476,0.7588010165593069,0.004089722455502314,0.7425170373174571,0.7618724511153129,0.005603541116012477,-0.1192832609758214,-0.17752307748845852,-0.20834881558762203,-0.02407068294294054,0.05962519032840012,-0.22178352542358987,0.00479459625217829,0.061926792266974506,0.6933169102712707,0.6930484681388079,0.6893625687881727,0.69998862110795,0.0032732314477879206,0.6860437695219957,0.7046858967701246,0.005631925118725162,0.7448749416317464,0.7454188037219349,0.7406208127214493,0.7518561769441915,0.003257725923136225,0.7359749445658861,0.7534356775529281,0.005390898843611218,0.7358897432075345,0.7386146446733601,0.7304880104150666,0.7406928282210422,0.0027582815336487376,0.7201851105508195,0.7474100369271031,0.006966493171548669,-0.018622328646770863,-0.018939512132287936,-0.06949128934095732,0.05354933384393323,0.03232549456712327,-0.06922078542296599,0.05012785972098971,0.03500133973490871,-0.00786269936642825,-0.005841824605936519,-0.020417345148809683,0.0026638129766315168,0.007022471793200921,-0.02625671226106825,0.011705555512190813,0.011512030867636297,-0.013959130852841839,-0.013772490320792752,-0.027710107918841095,-0.0016306286954467682,0.008134592391526913,-0.03499423965371208,0.009800400973058739,0.012836010288013453,0.01609463878080064,0.01276729351756345,0.007782126367198151,0.025350381767787054,0.00532256734414227,0.0037047728290493104,0.03337087833633614,0.008937811632279172
112,0.4,1.5,0.4,1.5,-0.05681029233773778,0.4,1.25,0.4,1.25,0.0415907847263057,0.6972465301496842,0.6966976357325494,0.6848173919878311,0.7131232776599191,0.008471152684495272,0.6781200687375856,0.7233432920443511,0.01338474264417818,0.7442925083932557,0.7436785101762192,0.7306514631965149,0.7615963612922261,0.009643496956908658,0.7235891199233223,0.7724633225748496,0.014747343163509632,0.7467743133062041,0.7464882422415526,0.7415761332001735,0.7534226684392215,0.0034515431951301946,0.7385361693336394,0.7583025221568352,0.0054818817784254015,-0.12526055944334824,-0.18441902364409044,-0.20840464148045762,-0.013908479809186164,0.0716537997204748,-0.2291222078106486,0.02374328191320299,0.08785978955935522,0.7134695006623524,0.7126550160574341,0.7104254180224547,0.7190554158711737,0.0024913255554279844,0.7067178642856448,0.7227369905920907,0.004060289487773681,0.7630523772447408,0.7621298909204481,0.7586454720306093,0.7688634723338996,0.0032233397019160222,0.7549977687131331,0.7746406777098086,0.005394465176692923,0.7506129263106991,0.7488022767881547,0.7460267254519604,0.7550986339778573,0.0030061982981565327,0.7443164433357544,0.758204266674894,0.004359526240743012,-0.07998659481638389,-0.14025196285611122,-0.1680053558890564,0.03751920158626061,0.07445081197489106,-0.21139101877722927,0.06981477363674789,0.0952497939226861,-0.01622297051266819,-0.015957380324884696,-0.028104148284879726,-0.0021644359418174983,0.007521951955404082,-0.034366654626665015,0.0064894959855911205,0.011742705440449563,-0.018759868851485173,-0.018451380744228918,-0.03289705921773671,-0.002211589304035158,0.008631002410088186,-0.04109765682671839,0.007486105275156786,0.01342943835060027,-0.0038386130044949507,-0.0023140345466020618,-0.010204756879428588,0.004374226021744887,0.004489832212313669,-0.013152332598342895,0.00967433409632006,0.006855174506929736
114,0.4,1.5,0.4,1.5,0.0038714516197599783,0.4,1.5,0.4,1.5,-0.004941620262653361,0.7019252891031262,0.7024944463767564,0.6938972878975093,0.7087529775601058,0.004241668670581811,0.6893645514954624,0.7125889808231155,0.006416617014138607,0.7487934932677655,0.7490530267951727,0.7392415880454044,0.7572791332544945,0.00528982234420109,0.7366865020926355,0.7638780193621022,0.007972156786803446,0.7467582732652127,0.747063677305714,0.7394658552682553,0.7531742075388984,0.0035876834281479645,0.7375545763801872,0.7561051987132421,0.004881649474390352,-0.02245575750618934,-0.05344894266088917,-0.05166903019962377,0.012406691111564547,0.023196304616768006,-0.06797576805921064,0.0074984352082743955,0.02342879223730811,0.6750218127694185,0.6752755660555813,0.6672951328628145,0.6813456847636707,0.004191568307100146,0.6610936107700576,0.6870124810242143,0.007460155464150307,0.7234266677227021,0.7247131805578305,0.7157137118686128,0.7307992987256273,0.004373433947893542,0.7099034500660583,0.7357089217853308,0.007468977318829674,0.7370120316658408,0.7360393188969705,0.7321297899023492,0.7419212323492679,0.002587459847892196,0.7286736162943317,0.7457076577785097,0.004387402733517874,0.02165067391432111,0.011885127805798451,-0.025146856183012472,0.05488570087894873,0.023422526519237447,-0.034283725662854786,0.062274902215243996,0.030577752901399864,0.02690347633370771,0.027218880321175143,0.015379086996580395,0.03667016871075157,0.0064611162825625465,0.007923336696194633,0.0433007781254255,0.01046107081471582,0.02536682554506331,0.0243398462373422,0.012397438076209168,0.03683607274776126,0.007504523069122467,0.006039368651935176,0.044821127593072,0.012050169037265907,0.009746241599371874,0.011024358408743495,-0.001034830736046502,0.020053648591173263,0.005353211236425647,-0.004798118733832679,0.025417379078487175,0.0077657565447042925
113,0.4,1.5,0.4,1.5,0.0019871490362219652,0.4,1.5,0.4,1.5,-0.03322492327319636,0.7356776897343293,0.7311580753682447,0.7205998892264445,0.7527931580409635,0.008929273773843699,0.7125006738153076,0.7679170597686533,0.01572827497095253,0.7767541174462581,0.7777390886796529,0.7579050496996554,0.7959472691247335,0.011530547248202275,0.7479828939823944,0.8128243277798634,0.018573510909910385,0.7700150139803421,0.7725859325409811,0.7597586932563926,0.7822083377188527,0.006485991290258785,0.7591383891519569,0.7923078832317119,0.010377744481422242,-0.050432113557321384,-0.07197135996145371,-0.14390249766791646,0.04432839761062715,0.055748208178196264,-0.17146465986810253,0.027473269873285217,0.06159867387246868,0.6986680440097939,0.6986219334986126,0.6959932149145224,0.7048832418895101,0.002743836971819983,0.6948059061648054,0.7113363640656449,0.004752105224722277,0.7481810147751662,0.7471877926491195,0.7444340501582986,0.755772927653591,0.003606925967473666,0.7418729908149788,0.7629474594050358,0.006180075936005164,0.7398268276554959,0.739299611765842,0.7362397334359858,0.7471692284868123,0.003407127875011033,0.7345245472141455,0.751731153785661,0.005318568212911248,-0.06643929182369047,-0.0750083183912513,-0.11680170008812792,-0.0018261211278800954,0.03400613730018122,-0.12192943253263858,-0.004136141154902892,0.036296017624218385,0.03700964572453547,0.03253614186963216,0.023982991180920024,0.050142425521881105,0.007603754377326877,0.012907557244208716,0.06920500922384007,0.01440595857259759,0.02857310267109192,0.030551296030533415,0.012329357427732099,0.04585318864146755,0.010812276064264742,0.0011906194787817334,0.06771119311738338,0.017770519435729167,0.03018818632484621,0.033286320775139044,0.019659425238090236,0.04505797289783126,0.007188652864777883,0.014655641126474023,0.055202307975890916,0.011263387243991264
115,0.4,1.5,0.4,1.5,-0.02215893213503409,0.4,1.25,0.4,1.25,-0.04320573134413858,0.6635798150583544,0.6670651570203245,0.6577558760564026,0.6682474034281638,0.0032589384655319306,0.6535786145004037,0.6717501492395325,0.005880177578859552,0.7082703562276046,0.7132871624700734,0.7005232001333263,0.7147953655185113,0.004238930525543256,0.6957772824874925,0.7207087581596135,0.007901625466648441,0.7171268297004117,0.7230208882270934,0.710940273279478,0.7277034179386478,0.004573431549199961,0.7073967395847985,0.7387007258130804,0.007765813628995533,-0.08142378327534378,-0.12422981190689404,-0.12781125491994305,-0.016822700579121122,0.03645342055298492,-0.14130040990514064,0.013753089015490702,0.053453347003157646,0.7001918955295386,0.6987885226478495,0.6931067798310614,0.7033886715104292,0.0028614564618172915,0.6928097615455802,0.7042549266787188,0.003288794702716649,0.7561432750192849,0.7550315286141818,0.7516670769139806,0.761212433705118,0.002522296036674867,0.7508771432392884,0.7657841447491339,0.004307358919314976,0.7471300711800205,0.7450715964427133,0.7441960675891724,0.7504412832965621,0.0021978019655299907,0.7418592924792735,0.7540595624256095,0.0037304262370757334,-0.03817339129020078,-0.06994317705405625,-0.07173891892486642,0.007336206365273212,0.027628521512186584,-0.07829555552686471,0.02430545700202069,0.032381557610950754,-0.03661208047118425,-0.03172336562752498,-0.040599023699313515,-0.028879102165233504,0.0031368932844780795,-0.04601565998197488,-0.025022326785014773,0.00621970893028667,-0.04787291879168032,-0.04174436614410837,-0.057711971683829355,-0.042430205958776626,0.004826638377181207,-0.0678922126629326,-0.03571178484001429,0.009448676567223886,-0.030003241479608755,-0.02205070821561983,-0.038408565630465755,-0.017571403162932223,0.0055299365212970915,-0.0420483433754015,-0.007031229061031298,0.009187308087599625
116,0.4,1.5,0.4,1.5,-0.02883179637745592,0.4,1.25,0.4,1.25,0.08758500130524985,0.6463852142677586,0.6490552097940766,0.6335873723652837,0.6622880602607446,0.008582870676848191,0.6270241416356921,0.6718618908341798,0.013147113996786846,0.6909965607930687,0.6948403953778558,0.6772155815803966,0.707728548186087,0.009229664729176168,0.6713161336993552,0.7157231308313404,0.013541982075591423,0.7149223847819499,0.7088281161333234,0.6974570109512636,0.7285900556905678,0.01075248417979028,0.6916910781822545,0.7355688442008217,0.014707280362524253,-0.09750731647000703,-0.11225555679000133,-0.12968881786173933,-0.05788977179392546,0.019570146690883514,-0.13134794243247602,-0.03921079805781147,0.024621881979927356,0.667454241027389,0.666836657385824,0.6623306803541216,0.673956347340902,0.0035585161003617474,0.6578893134718753,0.6804390168696843,0.006539921127721581,0.7187794078726291,0.7184063292295063,0.7136549394826394,0.7247188525180107,0.0033558436588215653,0.7090660976315518,0.7309224735116039,0.006250742370203847,0.7145295006951506,0.7180956408891658,0.7089031686076971,0.723697184794577,0.004151372590595856,0.7061159231968309,0.7311277761407623,0.007653838966428502,0.03114006951347402,0.011129915488512417,-0.0029472813459279074,0.052570653179261316,0.01646968140494166,-0.011616410982275026,0.06012129103031906,0.022877457912827585,-0.021069026759630405,-0.01778144759174738,-0.033006155622562164,-0.008028842600809851,0.007334717749189359,-0.040454537032125974,0.00043176719246616063,0.01210985539109565,-0.027782847079560358,-0.02356593385165051,-0.04082225506866832,-0.01446354082928112,0.007632933339821685,-0.04776600417802314,-0.005669499661438836,0.012337534494068162,0.0003928840867992722,-0.00926752475584236,-0.019552045411686158,0.010320618698307069,0.009735040358795561,-0.028294406294827556,0.017998146258076338,0.014047078195885085
117,0.4,1.25,0.4,1.25,-0.01113720870922739,0.4,1.5,0.4,1.5,-0.051916946898972825,0.7018232802081367,0.6993947112064672,0.6932290950601953,0.7081220928008046,0.004008814510869435,0.684658867858111,0.7139368034597361,0.008467156244691493,0.7439429453666253,0.7429801337334004,0.7350255105891642,0.7515535704286997,0.00425314661288961,0.7234250754966696,0.7616303103241829,0.009762797704173043,0.7430937152276417,0.7454498548097174,0.7397566552599437,0.7475866247231101,0.002107257351773284,0.7377608008201705,0.7520522292076999,0.004114319336602166,-0.016929687835424957,-0.03511271940856965,-0.05963585400956905,0.013286759959658064,0.019261545182633625,-0.06998053650286312,0.023185848312375017,0.02372883105081361,0.675841291545145,0.6786798995073418,0.6621683517669144,0.7022155984108239,0.010869914926618424,0.6550519425541097,0.7229555622125204,0.01856336640780761,0.7325985677707465,0.7349124671781386,0.7173850148268346,0.7545765883813014,0.010416896573388729,0.7079036446257634,0.7696320481993565,0.01697606338396832,0.7384132296172286,0.7381225849768441,0.7306593502420726,0.7527228721215807,0.0064216887762632005,0.7258663635016893,0.7592251733883332,0.009823826598458,-0.06815895370540902,-0.10919894254922334,-0.14852780634002027,0.04241384275310062,0.061530113361529096,-0.17266009310106367,0.08916994570111365,0.07497661775991724,0.025981988662991617,0.02071481169912548,-0.0027726807974033166,0.04171962736329471,0.012631299651090612,-0.022281591866692374,0.048276947565928374,0.021661471902579388,0.011344377595878807,0.00806766655526181,-0.012564541770685334,0.028495452582733338,0.011880221583658283,-0.02586727814391422,0.03699085479674835,0.017892447987736135,0.004680485610413121,0.00732726983287324,-0.010722163453407974,0.014917134432667555,0.007446519803629052,-0.020089388146718963,0.01950167068761854,0.011266524944232297
118,0.4,1.5,0.4,1.5,-0.0552172172544564,0.4,1.5,0.4,1.5,0.05631132469482568,0.6735416590771436,0.6944683207342459,0.621115419902013,0.6992842168033974,0.020545562644992243,0.5626730037336037,0.687129502227825,0.04052612796884956,0.7566810167653559,0.7559056226655708,0.7178504796271804,0.7938130194285415,0.022498484068923033,0.6651453873034611,0.802659611196902,0.038855879046197,0.7616873736518787,0.7580596157392367,0.7499104806703676,0.7830829092645596,0.009392277124559622,0.7216871424707585,0.7869772237269336,0.02009727813437898,-0.08068563901223107,-0.11594308773657816,-0.13302826575505977,-0.04960928518114503,0.02300133261768204,-0.12909131250420885,-0.02853885610032221,0.02797167888818505,0.7037380354687361,0.7059901432714155,0.7018464879521386,0.7064538076720555,0.0013678153945001913,0.700450804465062,0.7107840245542747,0.002671979664908837,0.7505625775246819,0.753316797881168,0.746045874775344,0.7546850195805506,0.0024043779886552315,0.7414280917998973,0.7560397459265744,0.0040985395130429345,0.7305965953727116,0.7344074991939745,0.7234227421972254,0.7373733301045706,0.004047676382492442,0.7160215205157234,0.7456923524531605,0.008612313856602468,-0.03613872657296852,-0.06997033749559385,-0.0635357664700422,-0.004597414530397033,0.016418823881594508,-0.06976078482593401,0.012777535175862186,0.023054691557257097,-0.03019637639159256,-0.011521822537169601,-0.08320984569600721,-0.005615226369030828,0.02059834062600798,-0.14038751147974654,-0.01363575710331717,0.04066398854391417,0.006118439240674012,0.00258882478440281,-0.03648606699315384,0.04315304453583479,0.023803181673224743,-0.08438849116435862,0.05636459954006685,0.03954853560799445,0.031090778279167064,0.023652116545262225,0.015305793508473685,0.05629691345531673,0.010431193190626286,-0.009960702649076753,0.06612597945131757,0.020953770317184695
119,0.4,1.25,0.4,1.0,-0.08061890148094429,0.4,0.8,0.4,0.8,0.0006602746316822042,0.707009336914162,0.7064308467471114,0.7001528881659241,0.7185242400097746,0.0054010285743487894,0.6967549444214933,0.7260324566722774,0.008193608605569275,0.7539360246099759,0.7517833174663953,0.7441703048993904,0.7684763651466269,0.007020266231274053,0.741148739730096,0.7746177418011948,0.00954256109711377,0.7447688740307249,0.7462606849818836,0.737004747830092,0.75415758621509,0.004925605824009012,0.7371025310856162,0.7577487535638537,0.006451663405645525,-0.0491156789388119,-0.04706678106822778,-0.07652310958419171,-0.01586463059606385,0.01598576733519414,-0.06718395512318921,0.005275028698406563,0.022608886879633125,0.646627797450535,0.6537111246659273,0.6372031722771141,0.6583522319516345,0.006031165753011775,0.6339826892650853,0.6650369879507245,0.008786355223799142,0.7067976559866725,0.7137143849889686,0.7017040755914795,0.7232058620453344,0.006462053541745767,0.6987985011409948,0.7269295013949157,0.009164136654654912,0.7168953049279183,0.72457453629633,0.7086256681424833,0.726093624922133,0.005152959232953061,0.7085134753208979,0.7265038918709407,0.005267558268213565,-0.01524380367056489,-0.017989541478589745,-0.034055033897749186,0.010072260993106293,0.01316247697201651,-0.04070511581071357,0.020391451165977355,0.017812293850099654,0.06038153946362701,0.05271972208118414,0.052229082162133136,0.0672871722729792,0.004179214938235981,0.04987054489455843,0.07042101403802022,0.006032473246736941,0.04713836862330334,0.03806893247742671,0.0352869935987769,0.054830912478845306,0.005206229961044056,0.03021335574321652,0.05845052130854837,0.008028528840251075,0.027873569102806584,0.02168614868555363,0.021478834770207827,0.03445304154740345,0.003675840372130472,0.022009267184183435,0.03921725259509732,0.004422088048104992
120,0.4,1.5,0.5,1.5,-0.06845618009433184,0.4,1.5,0.4,1.5,0.020066709185805894,0.666843466306717,0.66426352160105,0.6556313179507576,0.6783841474668294,0.007421593529496351,0.649976736856936,0.6850734413498221,0.011321288167551112,0.711374370424684,0.710078350312097,0.7003824127707,0.7221217254805188,0.006734546779876175,0.6897500389691735,0.7330573902896843,0.012152812719976187,0.731071352261933,0.729354069345896,0.7252733233791578,0.7365289667601399,0.0034963631071396445,0.7203891021677954,0.7420595502867174,0.005884786180269505,-0.0584128786906824,-0.06438658337339964,-0.0986281139271254,-0.007233041829301359,0.02438638150758978,-0.10903360200181467,-0.00447223281257321,0.034953305873240074,0.6656206053860071,0.6828674131540635,0.6373623215808449,0.6975296817570115,0.019387242544760888,0.6218961815969262,0.7186529596700499,0.029097341768251475,0.7360265420581685,0.7469031994158044,0.7167537508433064,0.767399806954306,0.015671374367181953,0.7019097382297567,0.7982154698545072,0.025146080205371634,0.7359729354121123,0.7468266414338416,0.7225480991484533,0.7511527553743751,0.009268952466356195,0.7127382735530445,0.7614001671095597,0.014239412483853253,-0.03742262738740562,-0.06359218031479934,-0.08438176388388383,0.006082761092604319,0.027993897608298797,-0.14759718649824255,0.054942807468988955,0.06329300546372206,0.0012228609207098895,-0.018603891553013563,-0.029141908867520404,0.03511785017402315,0.019374773000874944,-0.0405147295544562,0.05370995893305747,0.028720116345008213,-0.024652171633484543,-0.036824849103707424,-0.05344266485715958,-0.001167743264626632,0.016754493825211058,-0.08638069172930792,0.01647816518866868,0.028338756968305286,-0.004901583150179301,-0.017472572087945615,-0.019002530588137567,0.009914879246648689,0.009821923215561105,-0.032258007003050544,0.020558204541573484,0.01573227394359539
121,0.4,1.5,0.4,1.5,0.14023464838562744,0.4,1.5,0.4,1.5,0.04020842469020154,0.6368640632867479,0.6540186998705378,0.6139686733516443,0.6627582276770883,0.017925131527208885,0.600211700581047,0.6854524182631655,0.02954383465960201,0.7110843060311546,0.7260509642201537,0.6963181233493205,0.7314316732176586,0.010672991433669295,0.683954753810932,0.7560499254813776,0.02119952369628822,0.7096408067258597,0.7221351455306214,0.6970806743444382,0.7232720538695409,0.008182667348213313,0.6888997685741896,0.7426641629745117,0.016298896566687877,0.02465787696653918,0.002220922915435981,-0.02291062857932127,0.06986777541076346,0.025952991051780294,-0.02236455030758058,0.09757037812177104,0.037109641910601905,0.7009433140607225,0.6974632856455687,0.6970170891505452,0.7080526992297456,0.0027577146283450766,0.6953593054543908,0.7144516725065814,0.0046546059537369115,0.7527640205592826,0.7498183986897855,0.7491017289666261,0.759457259748551,0.002830529406996822,0.7475053701948324,0.7656312964751669,0.004833527493706705,0.7297379985594495,0.7322178681960871,0.7239463009970659,0.7347411958992094,0.00320428192507154,0.7184071328117815,0.7411000868641779,0.006787159114029529,-0.04034006375969225,-0.04162894494519929,-0.08038745556698651,-0.007149537503969912,0.022248487395467,-0.10863129597739356,0.020292707866409333,0.03704308156730086,-0.06407925077397458,-0.04344458577503085,-0.0923423255104095,-0.03803679643807048,0.019602743677053683,-0.11412514814519939,-0.01858993632831224,0.0321676164836071,-0.04167971452812802,-0.02376743446963181,-0.06272232768135072,-0.018126562251063773,0.013016306579686757,-0.07380831737512807,0.004591416375910096,0.02419034751176447,-0.020097191833589823,-0.010082722665465726,-0.03429772372339024,-0.00553213533713064,0.0093168975191723,-0.04588783462195982,0.012201307161147777,0.0173016276515011
122,0.4,1.5,0.4,1.5,0.007616486043226942,0.4,1.5,0.4,1.5,-0.03809452958731239,0.7083294802793743,0.7096233833933071,0.7020452832599919,0.7157081014384413,0.0038654790533570655,0.697909048988978,0.7198227674530424,0.006045883623303561,0.7525730224019055,0.7529365673305803,0.7455020220979841,0.7606805938872666,0.004142245684948131,0.742058757140116,0.7640775509894143,0.0062968816275361566,0.7530473716480561,0.7533037610166875,0.7484319436287402,0.7579558067143098,0.002777549872441274,0.7455206032739518,0.7599012438461661,0.004234394076751405,-0.03307128557121972,-0.04639272619954125,-0.06478065894608959,-0.0011774307902745612,0.020247721332962782,-0.06418908060656658,0.0024836156999606535,0.017564390410749225,0.675172636637185,0.6764837390886579,0.6608169739870839,0.689202515554965,0.008095126267581788,0.6530279962412906,0.6962084496949283,0.012082545991511878,0.7347332804110063,0.7349731774255409,0.721993811909385,0.7518683261001567,0.00862117930228959,0.7170331627013686,0.7558090397679358,0.011947218177322423,0.7399072411134849,0.7410289089092502,0.7325947103143011,0.7476695766621051,0.004305855337915096,0.7313186410593121,0.7516287920626654,0.0063136415233268186,-0.06925200004312405,-0.1008679701828341,-0.1293484521613803,0.028093449188905384,0.05329882591072445,-0.14934255042575484,0.05262676833232521,0.06406589003391683,0.03315684364218929,0.03313964430464922,0.01701729902446516,0.047605535122923315,0.007796507283983606,0.009623318449280903,0.051625493913440956,0.011641254927325106,0.017839741990899216,0.01796338990503943,0.0003274468031935693,0.028930305736261826,0.00828991692545476,-0.006749647798709679,0.03762409226462555,0.011577585371756353,0.013140130534571193,0.012274852107437284,0.004050200808795059,0.01995353758307965,0.0049341770056769065,-0.001117474920648509,0.02521469795559381,0.007225445086762067
123,0.4,1.5,0.4,1.5,0.06091275569332567,0.4,1.5,0.4,1.5,-0.08355069994570032,0.716462857509003,0.7125592215381836,0.7103615278018909,0.7243631282367669,0.0038389720609255007,0.7070003795211557,0.7299883965856452,0.006583803388576141,0.7618796267944661,0.7592237244578836,0.756338548041588,0.7688382317748922,0.003515852796196061,0.7515039695483129,0.7746458681144945,0.006523562519272733,0.738574060493855,0.7410757621933767,0.7325612494295503,0.7441487150366565,0.003419535037110826,0.7283685287980094,0.7499604311645918,0.0056993126841537265,0.016157019834854302,0.01127996136827082,-0.009247168649119054,0.05178771227908843,0.016954072387761563,-0.010994867646842276,0.0746841464928893,0.02449022954389705,0.6966715892584424,0.6972653559965484,0.6931477426018238,0.7026038245115585,0.0026802635505564776,0.6907202018138762,0.7050963256912942,0.0040974091930750505,0.7505332385752814,0.7518390558417887,0.7464808738280618,0.7556230398843186,0.0025183637172317857,0.7441590305722228,0.7579842998573034,0.0038380154012441874,0.7531831325213145,0.7552363979840564,0.7508061486144877,0.7562093877033106,0.0015089588776582815,0.7491795803309439,0.7589247080485388,0.0025013487940495674,-0.10098161892961702,-0.12224845187853767,-0.13554170910678087,-0.06009982278101181,0.025467986985562012,-0.14682902309574197,-0.03312472494185739,0.038422889200999365,0.019791268250560545,0.015293865541635254,0.015169133239053379,0.025534531392869073,0.0030672339317080453,0.009355785418122636,0.03171931325471928,0.0060499025688400525,0.011346388219184655,0.0073846686160948805,0.007334337987459973,0.016819228400763796,0.003062378452947838,0.0015045131022487779,0.023495942144497572,0.005948728122728043,-0.014609072027459535,-0.014160635790679721,-0.019982835508018937,-0.009512220938767937,0.0031574668063548677,-0.0251472133524655,-0.005450723793591284,0.005721736920664373
124,0.4,1.0,0.5,1.0,0.02706475720658607,0.4,1.25,0.4,1.25,0.022397278522967336,0.7133795367994584,0.7222667508794701,0.7067818549533299,0.7216683063338004,0.004296844824203133,0.7057897677442637,0.7255078247727258,0.005763940691644306,0.7650714161205213,0.7656558384088454,0.7546950923607346,0.774646151440405,0.006462332700360963,0.7466106532354434,0.7869851171009958,0.012468994257705852,0.7597910977785354,0.7594403270731264,0.7537314791721221,0.7659570468592807,0.003509064389342398,0.748657485397967,0.7723331201684733,0.006160396207737114,-0.030693711095271067,-0.06506948804319586,-0.051312749554840296,-0.008483871141138216,0.01343277482581576,-0.06232878844368702,0.017829205777635318,0.024120428300625912,0.7004808791763955,0.6954059606343683,0.6940343115724991,0.7063025911796522,0.003461865756272709,0.691821665962698,0.711797171976438,0.0052727628915493815,0.7478494661701487,0.7441999415097611,0.7419729630377413,0.7527894313816421,0.0032432175377356156,0.7406024351474446,0.7577297794230821,0.0048281145437917535,0.7374805857235683,0.736380868967047,0.7321152068826401,0.7425239416458563,0.0032648785216963117,0.7282530544047195,0.7482032952761265,0.005441513245031856,0.0008470291741364932,-0.012174479753507175,-0.018697505987650707,0.028222014397452772,0.013205705382311132,-0.03756508849280739,0.03982557315814796,0.020912802071277305,0.01289865762306297,0.026860790245101795,0.0020095694771244954,0.025539594297133105,0.0065319542221473036,0.0022982376463571083,0.028714859694217054,0.0078815610163403,0.017221949950372628,0.021455896899084337,0.009088263342950497,0.0249638661402078,0.0048460016133729245,0.0031326486179604623,0.04328317720826759,0.011043446052845525,0.022310512054967035,0.023059458106079345,0.014404332089516352,0.030480737676345914,0.00431993690874018,0.007768934850707364,0.038377466226026266,0.008434204278514464
125,0.4,1.5,0.4,1.5,0.028887810118259277,0.4,1.5,0.4,1.5,0.05094288730784637,0.6814660155718056,0.6820384692165903,0.6696162550909961,0.694393034308556,0.008482157470768333,0.6608665871726097,0.7026417104949289,0.012640426723301228,0.7252469841440541,0.7274711132505457,0.7102149003604744,0.740785936897771,0.010266930043669686,0.6999608796316626,0.7473952825888697,0.014828428068751573,0.7361417073396254,0.7383904668141619,0.726668460518448,0.7453281838209884,0.005550697519908156,0.7207808677136162,0.7466886173366,0.00798449288038539,-0.04262931334579102,-0.08094458498611534,-0.08756224288336002,0.006114854060294064,0.03190586416840868,-0.1209479130764287,0.02205030627273409,0.04513624534673195,0.6939512688751125,0.6950732885899865,0.6852694062005399,0.7064606339997647,0.006589454194271358,0.684110675295293,0.714666019239721,0.009723908742077333,0.7463301047317088,0.7469599842704224,0.7344806652963805,0.7593795239870494,0.008179708881328594,0.7288234249846937,0.7651767263519293,0.011537552624626744,0.7311541416091335,0.7334258908195451,0.7222641602291123,0.7416641502558272,0.00588359419005676,0.7156238609354941,0.7480728506861869,0.009848162801574712,-0.0065983822811571426,-0.0125925880044695,-0.07605137173677887,0.07140521179630623,0.03882849056936494,-0.09891237758703787,0.06686582877961282,0.04605568742366773,-0.012485253303306854,-0.013034819373396234,-0.02027039926886247,-0.006846597343122162,0.003960539027487718,-0.02947351501174699,-0.002981419014327358,0.007529751549468761,-0.021083120587654713,-0.01948887101987673,-0.030594920184920514,-0.014465135547957766,0.004468269250367863,-0.04120218454436231,-0.008698530029324171,0.00805569483222545,0.004987565730491861,0.004964575994616749,-0.0016957319074202264,0.011466349869931268,0.0036191105473434904,-0.008755975111142764,0.0165796174365761,0.006954514410924651
126,0.4,1.5,0.4,1.5,-0.013651112220558207,0.4,1.5,0.4,1.5,-0.032659435840953245,0.6809187236198488,0.681046269031414,0.676155966830427,0.6892890311627928,0.0037583064503131,0.6720594079507728,0.6968172195499858,0.006656145254902442,0.7269085212146988,0.7273870245123646,0.7207060674404381,0.7370785855485468,0.004618344662102855,0.7167563725762386,0.7444827326104446,0.00799808672020527,0.7289483227318363,0.7303628527778435,0.723501825611366,0.7412166923622124,0.005080219493081474,0.7208202756218658,0.7486146319912005,0.00803860746367882,-0.03572460227965223,-0.04567427051656398,-0.05645165081182128,-0.008009716412044315,0.015331488414830514,-0.08744844417991754,0.022524488206930537,0.03362743094961208,0.6784835583384294,0.6805610955314128,0.6705285080084409,0.6859756603063393,0.00412657195367666,0.6621185617924291,0.6935888024156405,0.00848237267166595,0.7395082080877793,0.7401696597562322,0.7344721030622072,0.754891557452051,0.0050314533292840045,0.7289076773091043,0.7638754985662491,0.011026962745348553,0.743796628176758,0.7453769011643641,0.7401374657630151,0.7470700068436119,0.002097818177129077,0.7391867056353987,0.7513154408098958,0.0033806542454420225,-0.021688881345574427,-0.061546911061214925,-0.06218486062627225,0.039106123752853494,0.03700268235617879,-0.0947413548797951,0.05705538483144196,0.042081564415518836,0.0024351652814194047,0.0004851735000012125,-0.004595042228986035,0.01215848450133563,0.0046612323898718435,-0.010947266344161165,0.02084677080942534,0.008786980062379199,-0.01259968687308044,-0.01278263524386758,-0.02914840216677214,0.000843587806093813,0.007825159132111166,-0.035057011361136745,0.01189333030060262,0.013821353703931597,-0.014848305444921661,-0.01501404838652054,-0.019267694148257172,-0.004329019575606986,0.0043661344297084605,-0.022891875720692553,0.0019216250547546831,0.007728880099723956
127,0.4,1.5,0.4,1.5,0.07344313969365637,0.4,1.5,0.4,1.5,-0.07252894189093735,0.6990224684459034,0.6973857628836534,0.6902844524392079,0.7121531589799645,0.005719153917903276,0.6856111665833347,0.7201612909483667,0.008527767468973248,0.7464258839663322,0.7456344868301064,0.733321014012041,0.7627473935929173,0.008393991838311859,0.7274010452968601,0.7697030586074358,0.01215867153400287,0.7364895653698749,0.7380809810095521,0.7317247669750039,0.7449371304317391,0.0037914692196983875,0.7283477379754891,0.7519671017311624,0.006402564435368952,-0.01724977965171038,-0.05090014481698844,-0.051913096288064,0.01579923741326973,0.019910600023994272,-0.0735677615451231,0.043879149407422324,0.03474751036540868,0.6863198037150771,0.691898872606422,0.677325930576627,0.7057257310967084,0.008537490722633162,0.6730867946176571,0.7335567394492288,0.017196975592535635,0.7372248983428605,0.7444240313906638,0.7268164888522135,0.7564016814445365,0.00887937054730799,0.7190903646194412,0.7629698684653764,0.014318507352222933,0.739008660091365,0.7411795151288333,0.7309522336176009,0.7510160371328894,0.00560959932911393,0.7255572696752236,0.7572481970242727,0.009208426405234425,-0.020820426887753717,-0.002376963811684499,-0.0632576536925155,0.024195874742647384,0.022397210505526934,-0.08033561720828453,0.03421470840426781,0.031839645190141985,0.012702664730826374,0.005486890277231371,-0.00040746431749631024,0.021949312748995475,0.005912809275656552,-0.019443252298116463,0.028099543327676432,0.01370054080454177,0.009200985623471714,0.001210455439442537,-0.0005758689181782021,0.019529101246277488,0.005495680728238286,-0.007540494242909649,0.025795784982648312,0.008655999256364613,-0.002519094721490145,-0.003098534119281182,-0.010846345636203255,0.005715173965616627,0.00461709872300475,-0.018569432754649857,0.011481817563403426,0.007864601883343264
128,0.4,1.5,0.4,1.5,-0.04334267693250382,0.4,1.5,0.4,1.5,0.024220424632890796,0.7111118389032784,0.704154587256038,0.6975214050921777,0.7256680233049135,0.00878838881467716,0.6944868992312793,0.7382251130761612,0.012787255809534036,0.748439088190029,0.747922166312967,0.7328359402182842,0.7651574147277048,0.00961146923392397,0.7247549900756233,0.7801391717369506,0.016046869855715587,0.7445189573472267,0.746945971203839,0.7355972941667223,0.7541458536356735,0.004524842903096928,0.7302482611225978,0.7612928296655478,0.008464827999512405,-0.06277763479696939,-0.08143820667620033,-0.07836601496516454,-0.032419399655476494,0.014978100475790443,-0.11211498454636043,0.005436000141324573,0.033064757173883415,0.7465583665015798,0.7410792157074121,0.7397008473464578,0.7587563130248678,0.0058568014679685285,0.7346433614496628,0.7707932234812819,0.011759152545818125,0.7864908766247171,0.7845070420205366,0.7801920313080789,0.7922889247833609,0.0033155751463808244,0.7760649616397732,0.8021832716866427,0.007183538308691325,0.7547982993466387,0.7595183921274705,0.7501577044817468,0.7601644580224144,0.003270172217088296,0.7448015966808097,0.7683188514029089,0.007394918720318779,-0.03501802700909635,-0.07867476823472423,-0.07676113783366625,-0.0006090422420625893,0.02117866566407975,-0.10763215445516577,0.03347349644382112,0.03791045218672751,-0.03544652759830136,-0.03692462845137412,-0.05123658346421689,-0.018621946664986053,0.00976899568489857,-0.07052245707565186,0.0028596657842948625,0.019055586686620805,-0.03805178843468804,-0.03658487570756952,-0.052892196533033065,-0.018142880152894204,0.01057488935485972,-0.06227065613538327,-0.007141446488378514,0.016588726012189376,-0.01027934199941194,-0.012572420923631533,-0.019782022197697178,0.003658798983841048,0.006049313005901569,-0.03203704899546045,0.011640386146092287,0.011951876738333415
129,0.4,1.5,1.0,1.0,-0.004426811616380072,0.4,1.5,0.4,1.5,0.020694361296069712,0.6999401711672881,0.7058594466583942,0.6883844672025194,0.7160005109207674,0.007809009878513234,0.6781013704372142,0.7287922625349676,0.013192412541759823,0.7333899064473038,0.7323172413553141,0.7257146063549814,0.7402504656167006,0.004427516270534297,0.6996651345332602,0.7515075732896545,0.01528935985927484,0.7405700460695629,0.7418350606841746,0.7350973676881688,0.7456440598009637,0.0033471983818734743,0.7268875505485879,0.7480331562348534,0.005726687941329524,-0.026802708215086457,-0.03922426812088619,-0.07184886208872945,0.009687777036670349,0.024358350294518737,-0.09082939168109073,0.01575112902135232,0.027635317724017287,0.6843938413249613,0.6809987492794859,0.6786344003728694,0.6901768782241071,0.0032120398431600503,0.6768651428998353,0.6941733556007059,0.005285288407953506,0.7332811616923837,0.7291498314540414,0.7249504533612893,0.7416931134757715,0.004556585305780348,0.7223389785351626,0.7458480146109384,0.006828669996314327,0.7409490904989372,0.7383257730461896,0.7364220909769968,0.7454735399991319,0.002460535512127665,0.7360077772407257,0.7479192347976285,0.0033950482196664442,-0.03199894624030376,-0.05601829104562151,-0.06265191224769776,0.0003915843762158991,0.021892455420403162,-0.09494282544847119,0.02604610386992328,0.039898835140727146,0.015546329842326845,0.02486069737890828,0.002616493105310494,0.03100764181292892,0.008371105298892931,-0.009160970844518244,0.04540425336426244,0.014629990872843125,0.00010874475492017588,0.003167409901272622,-0.007649304218457265,0.007065345391327992,0.004707141143970819,-0.04272408853246002,0.01714092604634336,0.016042047990804574,-0.00037904442937430893,0.0035092876379849702,-0.004912394861576528,0.0031393870448506167,0.002317781239121612,-0.015954737001898592,0.004131770933540535,0.0052592658375779965
130,0.4,1.5,0.6,1.5,0.006355887354065069,0.4,1.5,1.5,1.5,-0.022211999988643323,0.6915141099304988,0.6939389121326859,0.6758459321597349,0.7117100004693925,0.010528013510690042,0.6669846173166597,0.7218849482758529,0.016012456288683863,0.7411352623462344,0.7411285426782771,0.724372877630664,0.7578712349227702,0.01003416236817667,0.710979074219058,0.775172975105473,0.0204519222958271,0.7499777590661867,0.749251973845197,0.7413747515047184,0.7594617625488754,0.005229668634311381,0.7346825888739754,0.770247979411806,0.010587344696557859,-0.016771831044941673,-0.023451853974788776,-0.049393290835605105,0.024701531121218357,0.020735629533863854,-0.042770729702315075,0.03890077865518929,0.02673301590914311,0.6881871884090512,0.6878817911303323,0.6659256130823106,0.7261529165226661,0.018200468981865787,0.6590586984920854,0.7549117066652188,0.02863241714093795,0.7320420899212646,0.7326448631827128,0.7190299190483028,0.7466316954977742,0.007399592703618143,0.7009469097095029,0.7837053497056562,0.026729635282358166,0.7438731367244723,0.7450989691484995,0.7349140386384134,0.7539656889073297,0.004961644052950549,0.7314947724924131,0.7693634524265401,0.01164645410125426,-0.08366822715514607,-0.12440911117930974,-0.12706719591402876,-0.027498427352351737,0.028745522347672702,-0.19777076709130964,0.03747986021736381,0.06786463524525949,0.0033269215214475345,0.0060571210023535604,-0.03244879673823553,0.021714519229734903,0.015562622663153291,-0.06443082989805923,0.030144590215956737,0.026799347291786044,0.009093172424969764,0.008483679495564278,-0.008569820646188182,0.03128236902597685,0.012059136860174888,-0.05665302581562989,0.05543286902416178,0.033726014295020396,0.006104622341714383,0.004153004696697549,-0.0036672624809561856,0.018470039501842873,0.0064802310335841055,-0.025289736286632863,0.025583233749930233,0.015353388217158394
131,0.4,0.5,0.4,0.4,-0.052604724279047124,0.4,0.5,0.5,0.4,0.008407151680432793,0.7267501275212663,0.7315613079994202,0.7189245485462123,0.7337130460266925,0.004559262802130071,0.7184746853480168,0.7369025164557826,0.005572879020023724,0.771696016670993,0.7774563030012671,0.7627053850814166,0.7801825229918993,0.005520026026991285,0.7563666303608819,0.7844912995049601,0.007690520908279302,0.7649376874473979,0.7661550027567056,0.7596463231569658,0.7694685873154893,0.00295546749889847,0.7590644297899567,0.772307453537449,0.0039009702135453916,-0.061610351860297764,-0.07533494156529096,-0.0835377942227935,-0.03686266436900538,0.012598484366872123,-0.09361418894964625,-0.020819619038007685,0.01929916413914056,0.6665211244739115,0.6736918162066746,0.6579504358510555,0.6749595385703757,0.004723905366914451,0.6559161980145433,0.6786073452502437,0.006723596987943911,0.7225091134017197,0.728899807064616,0.7137648398945412,0.730739935661899,0.00439417799422513,0.7155106772595274,0.7320261428239231,0.004442721394903517,0.7297307095202143,0.7317373659951422,0.7224406011923655,0.7373927853856614,0.004061297757383483,0.7207255915197761,0.7382073784764154,0.004322232487071302,0.014670522888925662,0.0035736108626531404,-0.006169988640323068,0.034746540865385124,0.011852146238167953,-0.025146367315584735,0.12543832546660438,0.05161614300802605,0.06022900304735479,0.057869491792745587,0.05190940732759815,0.06744019476614098,0.004440770583789755,0.047441500829664,0.07139586330524958,0.006751684983771492,0.04918690326927322,0.04855649593665112,0.04188838490640769,0.05491667564165159,0.0037076081120712076,0.03758718873823755,0.057956030291754446,0.006246397614477218,0.035206977927183525,0.0344176367615634,0.027131796392682615,0.04411001422142957,0.004643665099042364,0.027629381932112396,0.04408745822936029,0.004991698256648358
132,0.4,1.5,0.4,1.5,-0.011129205320663768,0.4,1.5,0.4,1.5,-0.0447500154122752,0.6927641718679199,0.6984885093684929,0.6804644883563791,0.7035730892658547,0.0064055818790893365,0.6680454327289698,0.7120928982484446,0.012003156626824092,0.7466517904884566,0.748120905173767,0.7306268843543261,0.7614840757585798,0.009069563046809944,0.7120600403991207,0.7759843823943666,0.01757932380166449,0.7463197789960477,0.7455463757914594,0.7380331179614614,0.7606830946367596,0.006751353641404396,0.7318422834109362,0.7682161408837659,0.011259569882849001,-0.047831741085479426,-0.07758652229749476,-0.07597849194996889,-0.01066864169307856,0.01786502526265953,-0.1115687899049284,0.00797648746152152,0.034724070686224684,0.6808710269573361,0.680224544803254,0.6726597761418717,0.6913192691073823,0.005986450017015705,0.6671317668750829,0.6966532225823504,0.009182001638694523,0.7351338179130035,0.7358779622428842,0.727387640587494,0.7445441603952191,0.005503012448135181,0.7229105156312251,0.7494737812217896,0.00798088879710046,0.740251134127713,0.7414981691425294,0.7341544913307332,0.7464312433104802,0.003786831847208059,0.7312720732853212,0.7499683447051774,0.005524082169212442,-0.09396576684754263,-0.12685345589543986,-0.18142805109601803,0.027641046257405044,0.06649205335290896,-0.20067320741527353,0.07931694390650634,0.08543232069945297,0.011893144910583797,0.018263964565238933,-0.008692324943479268,0.030243049143926237,0.011331658769862139,-0.02614097007925844,0.04283643611260601,0.01884018792524403,0.011517972575453173,0.012242942930882794,-0.011692076477954047,0.03153357422106269,0.013229478047523042,-0.03343202043622559,0.04469856059474524,0.022181646211806186,0.006068644868334694,0.0040482066489300195,-0.007905275796927392,0.02326907049095448,0.009675101205194546,-0.016888872714771994,0.03514762274469303,0.01504884929984784
133,0.4,1.25,0.4,1.25,0.04714388805407572,0.4,1.5,0.4,1.5,-0.10214110239385453,0.7172019492424775,0.712755671901896,0.7059960695084562,0.7301432219962188,0.006724114846859529,0.7015468679063089,0.7388878360034907,0.010702600015718416,0.7604877549583899,0.7582900310600107,0.7476620499117936,0.7758893295596466,0.00798261743878912,0.7380871224032802,0.7852815146527217,0.013320921781439713,0.7532261498479056,0.7546598236026055,0.7462755463213924,0.7602488834241466,0.00426086482355371,0.7415080507217079,0.7664451448325418,0.006734209280103,-0.041576451132750374,-0.08046451973985536,-0.07166053656376212,-0.017704636600230826,0.016819513359075736,-0.06713441538491624,0.005035608373198032,0.01893567468536853,0.7062604015625511,0.7033131111977369,0.6970600096695845,0.719178742191459,0.006274777985421667,0.6928810537441468,0.7280339505519297,0.010392976910228774,0.7619880904615817,0.7595883761074647,0.751273589015869,0.7746690674969704,0.006860036132715272,0.7476814546650222,0.7852438348476601,0.010433970183417936,0.7611869447358474,0.7591371735089897,0.7548708504497941,0.770146850080646,0.004308103380196714,0.7539315923950638,0.7774416378332365,0.006308188294247293,-0.09982734914197414,-0.14367371962217382,-0.20650869755077841,0.027951514845275693,0.07778005231497753,-0.23169960141127954,0.06467097333673483,0.09671280019762743,0.010941547679926389,0.009442560704159164,-0.008656949630196607,0.030180427424104494,0.010992696710636933,-0.025594013085964,0.04072464898569857,0.017433431288477647,-0.0015003355031917298,-0.0012983450474539637,-0.024957605638635295,0.020713351108809584,0.013762253935773582,-0.04570902206502516,0.03851893256505687,0.021993439885013674,-0.007960794887941769,-0.004477349906384154,-0.022123214112958735,0.004350443383953361,0.00749893278577808,-0.03484213521506134,0.008797774686357049,0.011662013586828864
134,0.4,1.5,0.4,1.5,-0.06775570253435553,0.4,1.5,0.4,1.5,-0.028854943656326282,0.7170287181758053,0.7192368758633246,0.7114442169424635,0.7230902997772601,0.0032619354935833583,0.7098028214272397,0.7275337584041882,0.005049114496339069,0.7631565675485144,0.7658556761284183,0.7572946097122992,0.7694942960479817,0.0035061033336192863,0.7552242977642556,0.7728856657421375,0.0051600879709050715,0.7559174317695544,0.7570107935615561,0.751218499240137,0.7610403860386137,0.0029019116265765247,0.7498812724422074,0.7648179666271956,0.004368388811640592,-0.06778760719179042,-0.09130757347399611,-0.09085084104546846,-0.04614222393826567,0.014404982836953928,-0.11365347217052926,-0.0371390506778075,0.023119819535741964,0.7017480002056057,0.6985218833496017,0.6919594961274882,0.7137801983046156,0.006857109843085943,0.6881134692671754,0.7228162254008145,0.01055884203609735,0.7562625400063907,0.7542483654497372,0.7453562247353657,0.7680602947700503,0.007323878284842456,0.7407010537328013,0.7762716565094608,0.010823441314227713,0.7541373425700458,0.7531428450025912,0.7469631343419728,0.7628070510162253,0.00425500731222948,0.7446381215714574,0.767837367873306,0.00628266116537587,-0.06962508519902103,-0.13268389448372692,-0.1898388684513349,0.16297041371408807,0.11558274528858818,-0.2518555749057525,0.13111214559414877,0.1151456082822874,0.015280717970199587,0.020714992513722885,-0.0017750317411946853,0.031446052475585295,0.009526929389028842,-0.010279578531285874,0.0395749709609442,0.014547395024815292,0.0068940275421236485,0.011607310678681149,-0.009891367489047176,0.023813116488268494,0.010355358922037648,-0.02042666849472239,0.0314812808784961,0.015262823480608714,0.001780089199508561,0.0038679485589648843,-0.009892498123326354,0.013938392307472689,0.006644244072853951,-0.01653551703062319,0.019188473059034927,0.009732744287887904
135,0.4,1.5,0.4,1.5,0.024483611806472044,0.4,1.5,0.4,1.5,-0.03103775061437497,0.6889269573460303,0.6919794208572172,0.6833676426404596,0.6969025300945652,0.004202508267704317,0.679581332731753,0.7031014742451878,0.007376299682245905,0.740159763768129,0.7396667746758885,0.7326167225723043,0.7514829594286452,0.006190681935366275,0.7257343217354363,0.760033516284964,0.010612291380936766,0.7449756131909759,0.742874666343232,0.7363110098283643,0.7566615822332119,0.0056355650755671735,0.7326999480263832,0.7670159742806641,0.00934125590036106,-0.007000710926968679,-0.030092201978337705,-0.07434298451072016,0.08654469997529768,0.041904083884846954,-0.08368208044025269,0.07902579976895723,0.0486214961755535,0.6886887130401491,0.6919569277141767,0.6805221125963101,0.698504006546096,0.005250921826550677,0.6756425769420744,0.7051538414126914,0.008372208610447126,0.7430420240380532,0.7457332467146958,0.7361405191537329,0.7500213203224364,0.004334930206710405,0.7294462887527976,0.7566261044914525,0.007191001331658817,0.7436456221545719,0.7455194110029406,0.7392186894531351,0.7477968823204947,0.0030589790535322636,0.7363542022848106,0.7512574701150305,0.004905840155639552,-0.058536055092283525,-0.09443486900797085,-0.10908902961846928,0.007791582991803873,0.04619151749174984,-0.12150660823012249,0.01807226583938592,0.05163953376930728,0.0002382443058811523,2.2493143040480668e-05,-0.009758716199528148,0.01097888851838311,0.006165601199745209,-0.016586657020377846,0.01974027317872651,0.010089841514189039,-0.0028822602699242195,-0.00606647203880728,-0.015235894237731213,0.0118253724928836,0.007751882724292656,-0.025678226125173457,0.02414596435168965,0.014242819764977493,0.0013299910364040768,-0.0026447446597086532,-0.011334792750733324,0.015590703304683085,0.0077767212427666136,-0.017509087074114513,0.028665198269473956,0.012901587047457959
136,0.4,1.5,0.4,1.5,-0.03122889515681268,0.4,1.5,0.4,1.5,-0.007269904890091391,0.6987309576749187,0.7131044146947849,0.6916460389482929,0.7293456197488126,0.00940218103061626,0.6982214325138826,0.7658423829875631,0.017220336623120794,0.7540409930792603,0.7617841697604711,0.7494596760030243,0.7842752583118426,0.01135561031639342,0.7435381327627194,0.800935874986341,0.01678588138945149,0.7419676245280009,0.743997581254788,0.7328179090346815,0.7576647043038035,0.006805449244804951,0.7296978981714521,0.7688027816447555,0.010757879170249725,-0.02366357451486665,-0.050543237176331725,-0.06929068899714462,0.011491845525883532,0.02392463025440376,-0.08133150599373505,0.026754532848030255,0.03368720458778245,0.6540612800545609,0.6546999316643712,0.6367177307262025,0.6743950092570671,0.01005489619440511,0.624030802019913,0.690723252281668,0.01781439234532331,0.7022894364592516,0.7045674105819936,0.6836157717620325,0.7235528424491122,0.010601533076137449,0.671172592954109,0.7399046945232938,0.018037678316203246,0.7277239223856495,0.7269718269742519,0.715846758343218,0.7413471310988986,0.008177111659791353,0.7107081277035414,0.754168226012372,0.013382511336164443,-0.041486350434533456,-0.07509432412048367,-0.08803379289112456,0.026194459853145183,0.03473059103772766,-0.12569760294431762,0.07528204035618678,0.05609345419442223,0.044669677620357784,0.05840448303041368,0.02689828649636608,0.076618439104542,0.01318936096343443,0.01655149329605278,0.10229742356793337,0.021734201545995174,0.05175155662000874,0.05721675917847757,0.03383460946943423,0.08870690181362056,0.014153114649650939,0.020928274134429575,0.10869373714190501,0.023525321370720713,0.014243702142351378,0.0170257542805361,-0.0011650719215514846,0.029544110270430912,0.009154803950228087,-0.01125664557899534,0.03596773637583146,0.014005840670539078
137,0.4,1.5,0.4,1.5,0.019859205144263457,0.4,0.8,0.4,0.8,-0.023080682839371088,0.7005608357816028,0.7089690923516764,0.6843269820631923,0.7188791293615563,0.010179958518527701,0.6780303424824423,0.7528376512349311,0.02008133793231388,0.7760440339422726,0.776785926240264,0.7634464290413684,0.79749357218726,0.009591025451690337,0.7611436563530348,0.8111792527873786,0.01454290120786901,0.7528323191339708,0.7566004241420964,0.744008410011785,0.7601667767863903,0.0043492725548667,0.743509296903,0.7770553932717025,0.009071820738314333,-0.07902855991328088,-0.1056331097495634,-0.11618382860269806,-0.04069322041876325,0.02299941011365888,-0.12928971396498837,0.007309556193730166,0.03967649438911198,0.6515119075322237,0.6682055390933513,0.6379755582849015,0.6666467341131901,0.010342127180689211,0.6295064085090298,0.6764500246251683,0.015848650260318793,0.7233211267317164,0.7439873444612247,0.7038621304718247,0.7418428838461326,0.012121644541091402,0.6948783585096908,0.7522923330772884,0.017643627046948853,0.7405227011134984,0.7461418658343479,0.7337959564179641,0.75023581024385,0.004256604924575897,0.728950956171424,0.7567079960541717,0.007025547660668392,-0.03668945864155782,-0.03866023814636211,-0.07295325951148676,0.002161140057077335,0.022532679107367743,-0.08383764902929099,0.011573140624002234,0.027858330332539507,0.04904892824937912,0.040763553258325036,0.02343929349180343,0.07508258140478359,0.01555750671876765,0.012389590412802493,0.10792470165612689,0.02635282171478855,0.05272290721055617,0.03279858177903927,0.03049090500114187,0.084458459679943,0.015527872819448613,0.024804574632509735,0.0977739128845724,0.0213211657928792,0.012309618020472368,0.010458558307748445,0.0004067447912642387,0.0186204818999363,0.0052548585676960875,0.00044655108702025895,0.03452593146887972,0.009251392786292972
138,0.4,1.25,0.4,1.0,0.0012141378091101783,0.4,1.5,0.4,1.5,0.016982972749862792,0.687092314148624,0.6906793223235639,0.6793075256239681,0.6937200555271885,0.0037469780174656272,0.6743062776859807,0.6971205158268247,0.0059791757812301645,0.7319213280150427,0.7355682227804317,0.7219389248512387,0.7411660869457561,0.005215769897657379,0.7153348349836509,0.7425022214825503,0.0076969191593267055,0.7545065083000123,0.7542016948762449,0.7497808949126047,0.7626743166188094,0.004112032774475232,0.7453291881681607,0.7608907330266117,0.005254854821971014,-0.06178486438385075,-0.12965838756285525,-0.1473674362475558,0.0669296516590959,0.07305206607394994,-0.12161455562048551,0.0868237991295571,0.05310983584657426,0.6853908063725768,0.6874777838160607,0.6707269427321507,0.7023681154858792,0.010212064291655382,0.6627626592212905,0.7143240091670384,0.016288366345229954,0.7396117658784304,0.739674091606485,0.7250738736780644,0.758050178004554,0.010892057455634225,0.719565460008927,0.7670579525582636,0.015810532549566273,0.7354673083363806,0.7401608271716091,0.7258081434770519,0.74702425068264,0.006217238263302418,0.7210209020510873,0.752933387923197,0.009387183146360627,0.010365357015148647,-0.010943561040677034,-0.015449530474952093,0.035595410283463934,0.014876027576717629,-0.047725564291357554,0.050329102993235515,0.028034488457962362,0.001701507776047273,0.0032015385075031544,-0.019677437932704597,0.02211242793934489,0.012966166065209868,-0.03412999666861755,0.032496174908143334,0.020428663295075283,-0.007690437863387634,-0.004105868826053349,-0.0317268660672291,0.015040777686828051,0.015154429613721095,-0.04796773679704614,0.02029669148812647,0.021839757678593343,0.01903919996363168,0.014040867704635751,0.002835839233447438,0.03683660892524367,0.010106750163804516,-0.006994342541791869,0.038092878535769835,0.013914538587132132
139,0.4,1.5,0.4,1.5,0.054543483156594165,0.4,1.5,0.4,1.5,-0.008138307926246969,0.7299797074984523,0.7261182669563497,0.7217291089502733,0.737232494907497,0.0045574565800586084,0.7167006223833331,0.744452355322627,0.008101073664556107,0.7740735222617043,0.7729744634855393,0.7643244872816791,0.7830105096005829,0.005430840945181807,0.7582840141544287,0.7904739351533907,0.009011408894099907,0.7557503309180561,0.7569098062949222,0.7502263575646525,0.7624073869201042,0.00344739580200688,0.749440665762306,0.7663308035469597,0.005046892322830578,-0.003180777469330713,-0.04067208473879353,-0.03117284704849452,0.02246571062496214,0.016249181746036945,-0.047705496685173425,0.03362663030658078,0.021250172721789123,0.6920782469781421,0.6861030489845052,0.6825856968524591,0.705234151348972,0.0060128470273853995,0.6797624894561396,0.7131610333830242,0.009041962311756056,0.7420436807846162,0.7368280983258173,0.7310338908024003,0.7552128978487775,0.006735675220630163,0.7260023413606519,0.7594289449313183,0.010286273455335745,0.7391116968887285,0.7369955819346009,0.7329504147843571,0.7456866839910135,0.0037805623391557364,0.7285477713718993,0.7487204530107362,0.0054395020360672,-0.037589228181301816,-0.07175762162881705,-0.0831563755741038,0.005732108030283435,0.033302354436596474,-0.14023838568706667,0.00704827780565475,0.04141044686491179,0.03790146052031018,0.040015217971844486,0.022405705087852695,0.05102200474802203,0.008586299169242355,0.01381522420075712,0.058848858720536905,0.013527281027203944,0.032029841477088095,0.03614636515972203,0.01256405688822284,0.048810783751136094,0.011247170502251136,-0.0011065276945871894,0.06128143597744229,0.017806438684309762,0.016638634029327637,0.01991422436032131,0.008034115238052999,0.028012072418372155,0.005566674968110403,0.004677877131667195,0.033081747461952984,0.008283699812049525
140,0.4,1.5,0.4,1.5,0.05030710298481002,0.4,1.5,0.4,1.5,-0.008746095984029348,0.6803535617642128,0.6874938161597308,0.6487887025161724,0.719688004146133,0.021704422814939433,0.6397521149662598,0.7504361258782183,0.03378018022365652,0.7441944329446428,0.7515200354004333,0.7228037667806366,0.7790759109332677,0.01687058377459379,0.7114462434357527,0.8038323057096732,0.026216912416928275,0.7326383789763916,0.7395195109255606,0.7187299663373208,0.7487273209684512,0.007845207792438668,0.7099904983941566,0.7694044367804018,0.01606321188345915,-0.028928873300905295,-0.0766792570409365,-0.06792712102227873,0.005783876979798555,0.021895115754846692,-0.08011310391551779,0.04289680641779384,0.03784730797462327,0.6992906178557112,0.6961202438103163,0.6941313642961294,0.7098709432119599,0.00434687049394846,0.6921498484472182,0.7183444450703935,0.007235169247928347,0.7508004853098456,0.7487576507596087,0.745344346106503,0.7605218145548884,0.004171717548932698,0.7434373349225447,0.7666266566539777,0.006418780264543852,0.7299739805025146,0.7333445899960458,0.7226645441372181,0.7384315384345291,0.004476788975455045,0.7135752761676792,0.7469489276061976,0.009236986161191325,-0.012779555978314401,-0.014317288080427046,-0.045837393622529546,0.0384344751763552,0.025966551185451853,-0.07244431503206011,0.059471488332366304,0.03599710925123558,-0.018937056091498428,-0.008626427650585522,-0.059397737939395484,0.021932432541484005,0.024422166144930646,-0.0766043383327957,0.05361778991562853,0.037536840145547055,-0.00660605236520273,0.0027623846408246777,-0.036200792559682844,0.03031922419625179,0.020068344839741865,-0.05277102781605387,0.05413779326659746,0.029860492976944052,0.0026643984738770055,0.006174920929514771,-0.011569514989645091,0.02275336743238496,0.009968652965430506,-0.021342164469106473,0.04951042673626362,0.019178441343078615
141,0.4,1.25,0.4,1.25,-0.0026800852744290568,0.4,1.25,0.4,1.5,-0.029115366765439864,0.7288103112068225,0.7267037640288998,0.723932508152525,0.7340042571703856,0.0029989781237454633,0.7197993260061955,0.7406007204686964,0.006005510544498524,0.7751568045980723,0.7726134405922574,0.7694870280324412,0.7812449432519312,0.0034790028370463243,0.7635802756528508,0.7876114335745964,0.007077004640498197,0.7581421962737556,0.7577086168162828,0.7537378260457037,0.7624505592831616,0.0022932924543843857,0.7503100824175813,0.7645099152100745,0.004012019303730276,-0.03994568936790876,-0.07266686316984779,-0.07913713018444957,0.0030502795845077854,0.03005858080703871,-0.12806689926308468,0.029501473242835773,0.05091889785091242,0.6840131366001205,0.6822454660777827,0.667168529776471,0.6979098992994635,0.008896995415466822,0.6577746934560716,0.7058257144314748,0.01366548503259298,0.7328352856022174,0.732689417303758,0.7151387850727955,0.7473268273944362,0.009241082137817686,0.7073724356336767,0.7551351747565667,0.013501614936256665,0.7334072953873231,0.736997858302616,0.7210546783448067,0.7428242741113168,0.006028873765707982,0.7154895015570397,0.7509472212194062,0.009710163822904117,-0.004477486361335698,-0.0009815161565721526,-0.03211803638419401,0.030586748475915988,0.018806410608339267,-0.06423752637308665,0.05892868631845341,0.032021334251868774,0.04479717460670196,0.04445829795111711,0.033071246428435556,0.05905893819090595,0.008016003837123606,0.02658088030022228,0.06948362336056207,0.012854195538165868,0.0423215189958549,0.03992402328849942,0.029227021219601815,0.05772947488520721,0.008553282390232012,0.021288985921460578,0.06639617724876576,0.013432656904714372,0.024734900886432487,0.02071075851366677,0.01696424223692843,0.0327938491639989,0.00465710997015221,0.0123631007614639,0.0385913151156005,0.007860757596004882
142,0.4,1.25,0.4,1.25,-0.02225173936861229,0.4,1.5,0.5,1.5,-0.004002473708355181,0.6489509360914486,0.6511602186251517,0.6448000457071229,0.6534129865305547,0.003254872809570217,0.6424094348930983,0.6575424321455571,0.005590578204376268,0.6929585577109939,0.6951916802322186,0.6891888943504315,0.697585186952359,0.0028664312964838947,0.6868158925579639,0.7005012063199826,0.004456258317256334,0.7312559563063384,0.7305130113783173,0.7284724788074265,0.7336701102457892,0.0015215214930207293,0.7261671582289332,0.7441595288810512,0.004079962164538557,-0.06485033983597274,-0.08317537766045124,-0.10815078417453736,-0.008906063074743314,0.028674532462099087,-0.11693593564934872,0.009296994693829441,0.036647862427752025,0.6705430063289374,0.6719715771250812,0.6610529765677976,0.6798998083176355,0.005134996851610956,0.6562034473712587,0.6866337852103837,0.008359784806303444,0.7213275245773055,0.721662910769265,0.7138994729363146,0.7289934826217915,0.004205708173300382,0.7101330997322701,0.7339380873238545,0.007521046075083343,0.7307884814978143,0.7309992885534595,0.7269210292697047,0.7350386864221856,0.0025305335668814838,0.7234599382869619,0.7390082413369777,0.004307368042838386,-0.015825099529022776,-0.035952171249602184,-0.03997003627690999,0.000829663658762355,0.010632302619622268,-0.061801263240202325,0.029564033567610833,0.027383365528448646,-0.02159207023748877,-0.020811358499929433,-0.03534440146612809,-0.008599431691271489,0.007505640600807388,-0.04308564616346199,0.0014523562197422193,0.012433784231718321,-0.02836896686631163,-0.026471230537046475,-0.03882703759493715,-0.01806351697108837,0.006059594651921929,-0.044098276296124346,-0.009844920132315395,0.009613485315657203,0.0004674748085241598,-0.000486277175142269,-0.005734854280733659,0.006741662312302487,0.0035150526365734947,-0.010434034762838145,0.015094087361575002,0.006766564340306627
143,0.4,1.5,0.4,1.5,-0.08792178924281376,0.4,1.5,0.4,1.5,-0.08228177555786595,0.6796728951685256,0.6845665127677169,0.6722453274665406,0.6892477276225006,0.004818402607773456,0.6681506925799008,0.6981342927234413,0.0081817909559663,0.7240205723249369,0.7297954117535739,0.7150093565452855,0.7360383372141718,0.00591066284968059,0.7078132724247257,0.7452647872751385,0.010659241550167753,0.746136992820564,0.7532140573422205,0.7421386927454695,0.7562263138509534,0.0037976935815316895,0.7405869893173146,0.763260580054948,0.006218477421464647,-0.1174483011783286,-0.17075394951691694,-0.1978139420367065,-0.02411400960361712,0.06630626415566218,-0.2392405486294473,0.036315096845618816,0.09604694785694436,0.7006424848032684,0.7033346109017908,0.694545227191587,0.7111756001765032,0.004800604236903937,0.6901937339118117,0.7195443000622468,0.008656941911349776,0.7578820022430884,0.7583911966435921,0.751804735356755,0.7698635366502549,0.0055391144643476475,0.7469842326653603,0.7795766166404274,0.009106961824980955,0.7492084958903333,0.7480537478130764,0.7448195539430105,0.7554623759470396,0.0030898283170504182,0.740801244988459,0.7619167089562937,0.005806165440402315,-0.04098379534965021,-0.04869572730808522,-0.05596379075204643,-0.01282956417149362,0.011780888085762466,-0.05520632603234788,0.0004826495077923029,0.017901023043607633,-0.020969589634742825,-0.018768098134073985,-0.034961027228386676,-0.010884775544059533,0.006457758242462111,-0.046242373821692453,-0.0026508464161700412,0.01148920543501385,-0.03386142991815155,-0.02859578489001824,-0.05221824113820931,-0.02217261723923683,0.007833846371398332,-0.06819157055576623,-0.013675908876058983,0.014572984585666738,-0.0030715030697693324,0.005160309529144036,-0.01160641920039411,0.011002137821452273,0.006302735075886661,-0.020222125933670676,0.020306813252532117,0.010520736664680006
144,0.4,1.5,0.4,1.5,-0.07124365220665989,0.4,1.5,0.4,1.5,0.0843624667369343,0.7066478482143662,0.7033289314336553,0.6924701064596513,0.7192265007831397,0.008294104516707765,0.693672748074923,0.7293510731900257,0.009765474906455636,0.7437784451363586,0.7468519944521586,0.7290909377779901,0.7570097852227168,0.008112581674057972,0.7241671930061607,0.7685618783463175,0.013118550323621503,0.7455781008274687,0.7509079597219029,0.7392088022894646,0.7527456894068046,0.0038729594147040402,0.7334623387762074,0.7604125680746742,0.007416574368470792,-0.07634383044926887,-0.09055209805412849,-0.11791369678358221,-0.029152392067849933,0.028582176456698125,-0.12175151018708603,-0.012186751259369119,0.036546796220541314,0.6610692592618738,0.6606894693448532,0.6478961883926406,0.6799127935060318,0.009900125721733474,0.6414587864293974,0.6931564028105405,0.015701810968214325,0.7124510217631261,0.7109972845355587,0.6963320294894888,0.7328801561115911,0.011364614939880814,0.6881772510014592,0.7436143824692968,0.017024318530724888,0.7130763384511718,0.7130872132530011,0.7038008510688566,0.7216688871460247,0.005519516033677107,0.7006061784437635,0.7267353841391784,0.008387463686961763,0.03425259532265311,0.016708901072080957,-0.041128808289005545,0.07863099519515733,0.03425941318961183,-0.05644349856795204,0.08789199120819505,0.03881575268804716,0.04557858895249245,0.042639462088802094,0.014333722357763992,0.06955720749173262,0.015923811665059604,0.0156755477304093,0.08195709812752672,0.02123960462666924,0.031327423373232466,0.03585470991659989,0.0048169700851135935,0.058456491908845186,0.016423532765091134,-0.010294361480312583,0.069262318766071,0.024335442117447523,0.03250176237629687,0.03782074646890188,0.01965825052449919,0.04596517492480923,0.008167028312493321,0.009328306111019542,0.053906481825873986,0.01323177450242499
145,0.4,1.5,0.4,1.5,-0.1216270078481433,0.4,0.8,0.4,0.8,-0.06940375140752066,0.6785530853535111,0.6931340529221272,0.6653597907977469,0.6933222689191274,0.00857718544015141,0.6653734571348562,0.731689787666749,0.01886688390175355,0.7278780320013238,0.7417619470447537,0.7126015431670052,0.743348106612813,0.009716102920128804,0.7087079547435855,0.7598881466703531,0.015662982020367654,0.7440835967654222,0.7528980877881903,0.7378959862212093,0.7556813165028302,0.0055103803602057425,0.7334940425339422,0.7642817503488127,0.009406461282451773,-0.04192249720226809,-0.0587794196912753,-0.08901991398955769,-0.00940255495760161,0.02092602545360088,-0.09227481550592104,0.02042845488855507,0.03283945234206666,0.6991394023584477,0.69931738027218,0.69544865370973,0.7023734862118167,0.0020733067975101933,0.6927416100588198,0.702270644591161,0.0026406127970839306,0.7534171569011214,0.7546789754230517,0.7498803025944093,0.7567778017534472,0.0019314745706495169,0.7475761099278286,0.7583550778709315,0.0031743385716249636,0.7467414643825843,0.749589530301634,0.7438384697920776,0.7500032496223265,0.0018561469213975506,0.7426063049292815,0.7530058273575885,0.002732005865229765,-0.04843351444505894,-0.051805405610234834,-0.05730822717319711,-0.036439698900920116,0.005735724494372269,-0.05916326938771265,-0.0392468676524895,0.006298162344573665,-0.020586317004936627,-0.006183327350052892,-0.03234847129055134,-0.0035431201615900645,0.009110045703536466,-0.03233071825393328,0.0344025890497454,0.018980102787580062,-0.025539124899797594,-0.012917028378298001,-0.037834740281146195,-0.008647319153761004,0.00969231055510673,-0.041996291789935,0.007507400452132294,0.015926959513782972,-0.002657867617162024,0.0033085574865563405,-0.01098021233679751,0.008897394559246806,0.006055800806408294,-0.01735922734645582,0.017744619371712855,0.009894617256883922
146,0.4,1.5,1.0,1.5,-0.07868469181450555,0.4,1.0,0.4,1.0,-0.006877128611140478,0.6898495012819437,0.6924884557406681,0.6675356332313697,0.7242861104564683,0.014403154221303251,0.6602330119022873,0.7478546880257878,0.021968110145576085,0.7365717903578727,0.7342215275956648,0.716941344515684,0.7548529579822396,0.011475584139453794,0.6972722118364237,0.7830266956071424,0.025278175069141443,0.7452234863845133,0.7437558272852679,0.7329474504989313,0.7577246878902317,0.00735682153524911,0.7217160907170738,0.7744023023315914,0.01589887941514402,-0.1493657450225662,-0.22094556289246237,-0.25378021808889994,0.015116139247838195,0.0890932177039591,-0.27292845621957906,0.13684700522418344,0.12884491452212185,0.6783958564692517,0.6811348858013857,0.6722468410332295,0.6889683357044515,0.0053911067323261,0.6689023848194814,0.6976255613661079,0.00826703969882458,0.7331570420014657,0.7354935229499113,0.726398898256242,0.7417818541484815,0.005245266085748344,0.7245868338056144,0.7543811915043755,0.008588209060728463,0.7359141498575716,0.7378479450458253,0.729747983001501,0.7425164056359872,0.0037041905840105786,0.7263720471537289,0.7487908289343455,0.006206864149998205,-0.015149106423872313,-0.02173809172692424,-0.038767857553297785,0.003876069075222392,0.01308836238360118,-0.05977398910554348,0.021989426461894494,0.024932514188223197,0.011453644812691954,0.011353569939282382,-0.021144936369635943,0.05110359273331727,0.01867020848921671,-0.037364905566885744,0.0730415182853137,0.027709090319012142,0.0034147483564069825,-0.0012719953542464912,-0.024418229438677483,0.027151508193475112,0.01645619432962411,-0.0549153289379181,0.05694858019158648,0.03174544687288006,0.009309336526941658,0.005907882239442608,-0.009214175450934586,0.02702415350076459,0.010899600253815542,-0.026007557058579975,0.04447990737335454,0.02095655763298094
147,0.4,1.5,0.4,1.5,0.06569852492146262,0.4,1.5,0.4,1.5,-0.016119801029492346,0.656779229272022,0.6603773619379001,0.6402808699093927,0.674785694658645,0.010558532795913183,0.6332793671411495,0.6854433513905919,0.015221598009454156,0.7029702834808329,0.7069460116670205,0.6826184873324078,0.7230441950260632,0.012084174443769836,0.6721939115846512,0.7331649220525253,0.017806017603862363,0.7165348217043696,0.7191811469590548,0.7011110938279125,0.726959397270996,0.00786261104830162,0.6959804140999927,0.7328512827037971,0.011785712467624986,-0.03165109220139936,-0.06050277780454537,-0.06243870431503422,0.012013536160917035,0.020327887812160023,-0.07200615944690895,0.03431618820600958,0.03381512461701426,0.6689373328298776,0.6713959323008318,0.6518886232512724,0.6835819450304329,0.010011449307008471,0.6430714976361442,0.6956692059951659,0.01569394697336547,0.7174898535604621,0.7194828286359282,0.6993281147012513,0.7327195822692274,0.010959004399458688,0.6891692938017673,0.7424020063338612,0.016729142894363426,0.7369087625013045,0.736036359590926,0.7291275896891168,0.7484707491804067,0.005499221878846981,0.7268086804503445,0.7546969703009212,0.008512570745291924,-0.022016472198430153,-0.03015145970570572,-0.07524740988118857,0.0335704379320414,0.032865652294439274,-0.08631011473242722,0.03209519812913175,0.03471058994305455,-0.012158103557855515,-0.011018570362931746,-0.02836777185590071,0.002900501763708929,0.009243569436149483,-0.04085623804372322,0.012182811294534399,0.015951282239123867,-0.01451957007962923,-0.012536816968907627,-0.03144414857436503,0.002374175796470278,0.010004874728459012,-0.043439303901041795,0.013746269939222226,0.01606298452123474,-0.020373940796934997,-0.016855212631871175,-0.03413459973064651,-0.013165822855330765,0.0061093176387677075,-0.04396945889650815,-0.010357452435286674,0.009677471869006115
148,0.4,1.25,0.4,1.25,-0.009040686821028902,0.4,1.5,0.4,1.5,-0.1437398438416141,0.6712244345842214,0.6750093971913712,0.6552729424120467,0.6872063726605536,0.010410843887702385,0.6485263073679239,0.6962552444545631,0.01518544927629608,0.7161528535997502,0.7205783220734033,0.69662229927457,0.7350871715601978,0.01261301067668204,0.6859245990588959,0.748934511470973,0.01839317788465816,0.7315316805987646,0.7354581832122791,0.7177758958160061,0.7448775745297832,0.008210434087103927,0.7131762725756606,0.7510088500552666,0.011490388993533043,-0.04652816886494368,-0.05995444026761071,-0.0867139326017905,0.011908681347819292,0.025877095902812505,-0.0956426710579661,0.03314797019701954,0.03657390028124167,0.6906556532520531,0.6923065842457322,0.6761610201647722,0.7188972317832317,0.01388486395443717,0.6697438242004596,0.7419633062800082,0.022782766074603843,0.7478357287517804,0.7509377114080613,0.7326708953900986,0.7712681098509353,0.013046911468131145,0.7272345135289544,0.7861189412354584,0.019824857399229377,0.7381754269204327,0.7440435685486273,0.7265194098159101,0.7513755508210057,0.007306594858443579,0.7222479284811943,0.7600604432090554,0.010914999336627018,-0.1186326904097193,-0.18213137002385799,-0.23274249934298175,0.07252922172434756,0.09852166897336648,-0.26717948328788116,0.26540895021406175,0.15053842254754507,-0.019431218667831707,-0.017297187054361007,-0.06191255506914228,0.01010313690877769,0.023524680622096374,-0.08990112427529318,0.023458562749125812,0.03638554140608634,-0.031682875152030165,-0.030359389334657982,-0.07395260898298503,0.002131728335526953,0.02480230510114977,-0.09955556373984269,0.01865155903330956,0.036511385180013116,-0.006643746321668087,-0.008585385336348228,-0.03165749785410665,0.012653751749436327,0.014416336555536565,-0.04214560426583719,0.021124090154649396,0.020509059013602036
149,0.4,1.5,0.4,1.5,-0.05792896563182857,0.4,1.25,0.4,1.25,-0.06087085940429642,0.6529858712491404,0.6745846616275438,0.6357224950973079,0.6713227958945152,0.010765307952687295,0.6280649241865542,0.6996498284669135,0.02209468339846248,0.7106496127551554,0.7298946030934249,0.6939688463470158,0.7282759231987018,0.009944694837896496,0.6831779117252585,0.7420150506653002,0.01705496024063059,0.7269053843857962,0.7377889232041049,0.7166711035367672,0.7384182097346396,0.006347851861538562,0.7104715309967202,0.7459020230964276,0.010190444790974777,-0.05520445051160356,-0.0916013103797175,-0.08783162683193715,-0.02042875989986887,0.019300672775623428,-0.11550497425166348,0.007891475123573959,0.03459190685246327,0.6722437330851327,0.6765135959416225,0.6535667746323601,0.6899484277460604,0.011767257664542223,0.6464621689705091,0.7001697257920894,0.017622245867353534,0.7303197067251095,0.7278038783910858,0.7064272191830956,0.7474813255711217,0.01275871304133863,0.703274015362324,0.7562512570087284,0.017436763873442746,0.7417952861409594,0.7458618907912559,0.730430875462078,0.7507343847804303,0.006649068649722493,0.7247106061839228,0.7570550020240228,0.009776655807109838,-0.057799373148632475,-0.062104320741242766,-0.08255897302449562,-0.02097087670462553,0.018707278727179002,-0.09026324011208925,-0.017794087595891996,0.022316290626132038,-0.019257861835992318,-0.0019289343140787008,-0.04291452436176306,0.0018628170845863996,0.012714509535403247,-0.05899872360871362,0.027110290633602527,0.024428522951655512,-0.019670093969954117,0.002090724702339064,-0.03962555950433106,0.002237181709646173,0.011753666358747666,-0.054442145962804674,0.010856630912969976,0.01860648489126236,-0.014889901755163137,-0.008072967587150925,-0.027415971012986515,-0.003996914754307256,0.0066277144835248086,-0.03690871156810149,0.002207282697917746,0.010676349475728838
