rep,slope|edu|P,mean|edu|P,slope_main|edu|P,mean_main|edu|P,slope|edu|T,mean|edu|T,slope_main|edu|T,mean_main|edu|T,slope|web|P,mean|web|P,slope_main|web|P,mean_main|web|P,slope|web|T,mean|web|T,slope_main|web|T,mean_main|web|T
2,-0.26098748581102577,-0.21985990999790095,-0.1733711289050459,-0.11011792173472315,0.02385484751842228,0.07532695857822468,-0.6230931495836938,-0.3267455688787452,-0.0343210391486433,-0.04532847570341356,0.014129893855394388,-0.1292261156600774,0.19996678710093949,0.2708021505303071,0.007395645663375572,-0.0918952955696292
0,0.02207108977180742,0.13913583884082178,-0.04450656075357133,0.0010624745883608601,0.15476958625165146,0.19919468503924798,-0.0959567106974355,-0.09829834959783786,-0.02547132282541702,0.11396432960070708,0.15391068928271376,0.2048999331159945,0.1460272599411672,0.28242063591541255,0.1099507513353561,0.12480086896530806
1,0.0533176179051049,0.15473601953390204,0.002297118656038039,0.12582883142312104,0.2608063689800879,0.3276990010754024,-0.1833808824339807,-0.011767541496636244,-0.1540498350080251,-0.1112460529711872,-0.505159046364057,-0.1910756024031084,0.10622682788696809,0.13296650357985154,-0.9912903464437637,-0.3439958308202004
3,0.02342810564853086,0.27005210297524945,0.04273956004924352,0.315618154839109,0.1248907217082641,0.10229338124017838,-0.15540624607954273,-0.09145749262935861,0.05067232113433159,0.1566968047708432,-0.1813196348589626,0.03177455391887443,0.19469386747438605,0.39022619990990715,-0.4404712139128077,0.0533682700656077
4,-0.10297013592297832,0.11097783925425446,0.020378309607834367,0.2560563961587874,0.10757946728123961,0.35600593076640147,-0.09393165132421709,0.14399348967151823,-0.20118787847732233,-0.07766725651636505,-0.10750027110346952,-0.02937371331308086,0.21311765642707972,0.32615258254310564,-0.357077010260196,-0.21706911490808078
5,0.12220886005827737,0.0632142302238206,-0.34377134648253355,-0.34979600953008566,0.4439394782211968,0.5076459805084966,-0.7763902856518499,-0.29587476367251675,-0.00986146264108565,0.1196845561343889,-0.0033672786913362504,0.08132765261063875,0.11342363326035192,0.127331168923174,-0.07566590601374287,-0.07212593512550662
6,-0.1742893067414468,-0.18055062736381522,0.011194927628142911,-0.03975298759795967,0.012882165094213976,-0.12311843186080196,0.04013588323984655,-0.1047738906038675,-0.8001163891283817,-0.5439342671694202,0.07242453216080341,0.04043833577371494,-0.16256766527057867,-0.13060402011517694,0.016551787529519673,0.1584268546147078
7,-0.037202074067854,0.12666916482918592,-0.06522561131963256,-0.08989459517134032,0.19912240545528326,0.23348774425066823,-0.18201399826917694,-0.15161979071901865,-0.07877568454093414,0.039190233774784186,-0.22851178108432693,-0.006947250412155149,0.07626712997266184,0.15735527314011738,-0.6774107721005218,-0.19250445766946156
8,0.08063520802351407,0.27147476119163394,0.08697011139167804,0.11046738773181404,0.24992622120544697,0.39586468146384285,0.21115884358384546,0.21907791324542977,0.03128714075714318,0.10009665626800128,-0.03406717434684563,0.017882411618500186,0.2504276173548863,0.4112350026600475,-0.08666658499747486,-0.053861745068301915
9,-0.1716847924319617,-0.2613011956204801,-0.15504936589811222,-0.156876177585165,0.028590912192292473,-0.2204427144937843,-0.41768852729464534,-0.4274188600964912,0.042869722056840504,0.10367704553441404,0.06298781672025329,0.03615115043527391,0.19830334321249907,0.32417675672152324,0.057937070085984935,0.0936100530215856
11,-0.09885010770286964,-0.13052479781683246,-0.08097161639570877,-0.0462467002450693,0.034366856684063196,-0.04048837466586521,-0.15721074839174098,-0.12844361868555074,-0.10607109956204974,-0.1908133271445319,-0.09549320617977637,-0.17131635570677117,0.12761522675173329,0.2804555181184081,-0.14874894274073358,-0.035343399623552894
10,-0.039242967970890934,0.007072852273743585,0.052212966516061846,0.1245904575345556,0.07931351697773581,0.10935073074402017,-0.008671461401819331,0.09937629959874388,-0.03242912214320506,0.0579888535149172,0.04122582717335228,0.08241918591474272,0.18410566440285317,0.3775414809297552,0.04972745787114569,0.06235452164403806
12,-0.057202814533144346,0.13145494165302865,-0.006612567338587115,0.01738443589838398,0.22634369194743914,0.4262627077680068,-0.1639272574311334,0.025536087923935285,0.02776455399891828,0.1180959805570154,0.15871604504248382,0.13371168849689752,0.20816891672772556,0.40513190407263827,0.1775275251619396,0.2947388016156801
15,-0.253185938490133,-0.13869759972466805,-0.10551221229135774,-0.11572964713270122,-0.12557549524814088,-0.059683172541951636,-0.31010116916641356,-0.24735443307641872,0.1308964548187353,0.060703528293412426,0.06297956097365277,-0.07119759450777946,0.36392466886634856,0.51791011419975,0.08071947495140522,0.2586422727153679
14,-0.10912793596665697,0.01625089207497651,0.1500431864676119,0.14540616982272553,0.10447665455103382,0.3349577541224684,0.25539281773159184,0.3150483721685989,0.044113572187893454,0.1613693612655134,0.0615509017514662,0.12143267821173573,0.2002703237704016,0.2435698856078219,0.08235792835732732,-0.004740528544700751
13,-0.3423903732175728,-0.28288417339261485,-0.1624481974063672,-0.12843683070118123,0.01983058072091133,0.015898263768863535,-0.3660144876603189,-0.19059924509081463,0.0036655814983889454,0.07053509694565406,-0.0324534791249862,-0.04847978596559881,0.11153651088952858,0.2325234806133297,-0.27715340711137304,-0.014092967587951347
16,-0.17036388803952884,-0.07475405508391089,0.09038704909655149,0.2287350567060538,-0.13125469571570175,0.004653433823676019,-0.1854622764318646,0.25741005936484534,-0.129929538987999,-0.015690397353777256,0.05797465942570612,0.12492500112309578,0.012162544163271607,0.10878308896290514,-0.003291639545715035,0.1784660076420808
17,-0.10158768290062412,-0.0674843429344816,-0.07348182665810832,0.0008660643621232518,0.23000386393963776,0.3578428556098765,0.39475197683911284,-0.6434764139293241,-0.04137655143573908,-0.04390017544958048,0.031181788902004674,0.060773580568086454,0.12610929454364317,0.0655983809368627,0.018909890212041956,0.10006082588500227
18,-0.1743598757158693,-0.13542462385435503,-0.2642491395700829,-0.17329477378255181,0.03380828930350236,0.01250000354993038,-0.563668708186672,-0.33848819532405283,-0.05080285695725777,0.0629325474045276,0.002577237138547354,0.02885191859232356,0.13465242838175323,0.1176220143593784,-0.05037556385123786,-0.19800803344256426
19,-0.1404859669402016,0.05874344559079813,0.11778272094390992,0.20415931430390952,0.10227625203078548,0.3559191617670682,0.1147996498455312,0.343666406029818,-0.030154084181065997,0.0486258864112039,-0.2426604066563123,-0.09729523752112029,0.20827638707930637,0.20242460849563776,-0.5658111010908836,-0.40793625047211207
20,0.24734760970951195,0.11685558422478462,0.005268309097572098,-0.013068133726689518,0.38682526165425435,0.187502437129397,0.0677159396756633,-0.07637800929569565,-0.16402310798575598,0.01294807715265415,-0.00046832795285200714,-0.0019791425682850294,0.04052866197173391,0.12972975327487274,-0.061982460781922905,-0.006127042912834686
22,-0.017107087845206943,0.14941059548921234,-0.0062665202389485175,0.035794945258924994,0.28035120985109574,0.5451222300574999,-0.016363550817695173,0.19705903776484676,-0.18018165797909683,0.044922390506871974,-0.04832533754009328,0.06564976971783197,-0.032224217503145594,-0.024259375459130927,-0.15196743087290068,-0.10509498219903406
23,-0.1642893497041747,-0.20129403821515124,-0.1427758202773283,-0.39472164707519986,0.11485792343085191,0.1347028561765337,-0.16002507554809603,-0.2910987898897556,-0.010809513382144737,0.021007980829971018,0.09200628739162545,0.0654449332008829,0.15396883476616674,0.29414058254769004,0.04343986191266822,0.2633500864953437
21,-0.036089504686466316,-0.1335870905557475,-0.3190896599767761,-0.2972037569924787,0.1830938116442808,-0.12375678654585702,-1.1372027192897392,-0.8254490008902096,-0.04526853587961848,-0.3653593350334981,-0.028787050823637444,-0.3378988700926347,0.1923924658939518,0.2274355789929908,0.13578927423844828,0.13993573232407622
24,-0.21496322934379308,-0.2891066636376984,0.18211925105310087,-0.2950043151279471,0.11550971766575341,0.2971418124537159,0.27699352562821233,0.1284898543636145,-0.010421285202946457,-0.05482850806452628,-0.18127934612980834,-0.13604183981325713,0.2101368588674544,0.3173525826481277,-0.3695244036142063,-0.036707856240794756
25,-0.040823719879315296,0.07340085013788397,-0.08923926285854099,-0.004862043721971501,0.1610396452488144,0.2979350004214431,-0.1953317192661175,-0.020485091537283062,0.10424904931447616,0.3021978193686525,0.23814391395887072,0.2900478749318368,0.16611285568306952,0.3189661972636656,0.37179042902587883,0.3349105514236254
26,-0.1590656481648829,-0.13460644001519054,-0.15905444684346762,-0.026037854750598378,0.1456195556444106,-0.002855494972554181,-0.6469023283565046,-0.19809141510413641,-0.12870377677369246,-0.009573910916908004,0.13963802436515757,0.08194374238146819,0.03034411108093946,0.3042291565660525,0.45415423031263263,0.2604302597803541
27,-0.006039621785993435,-0.03352788123642695,-0.1480932492314272,-0.1451225490595169,0.18620042527147354,0.15427983043759658,-0.6540598124793815,-0.32052175186831033,-0.04338970119257037,-0.0206313122397,0.002794841522614578,0.0008642533292993218,0.08788964881950333,-0.004222586531782313,0.03208611620887151,-0.14182923525052948
28,-0.03554780567267354,-0.017355421152630342,-0.20015357460567904,-0.17997912214717673,0.12843800853277063,0.0008351563778353222,-0.43050990584318805,-0.4211042165621965,0.045043309325885364,0.06668571853798945,0.0662244984450486,0.09613126406413158,0.17479465622128468,0.3015408925857025,-0.06634097347775192,0.1102946640309989
29,0.04240430842061131,0.41342176827147964,0.01310319866547351,0.30248064888186493,0.19856851018494426,0.429532051748354,-0.14426812683082438,0.06528832890108409,-0.16175465846599862,-0.016586355225574185,-1.3890970153527753,-0.5138884035152471,-0.028718354442311456,-0.04852380955602853,-1.7901343771145883,-0.7150266065880232
30,-0.3173935544131158,-0.1987731673929696,-0.04649683385325076,-0.024589259841951816,-0.09283992680751368,0.08299553644679848,-0.2099144624154272,-0.192060275161965,-0.06415954418738545,0.030778042578192034,0.006033414682925145,0.0693056361716492,0.04716626286841821,0.11714159891012088,-0.04193105528462666,0.053717635277222585
31,-0.03836323540422472,-0.07759462719790403,-0.10402066204961474,-0.10521083227987037,0.11532108301047841,0.08681018898288129,-0.2575901377472367,-0.11853208598841691,0.13897805481374415,0.2674200526308321,-0.031273181064857235,0.0324200484952543,0.20170160294814338,0.2581201315425519,-0.3494044376489446,-0.12208248655111265
32,0.15121439035999815,-0.030952748447754374,-0.0005594373505573753,-0.6782787908101385,0.327144264342189,0.19352763496263045,-0.35853190602898644,-0.7891941966514318,-0.1776453781097283,-0.28545709927077045,-0.227263989671795,-0.3453692832365625,0.018841689502098607,-0.11325844473630828,-0.45040342930839566,-0.4276097810381884
33,-0.1399380786358089,0.006742679162874162,-0.3482892345871187,-0.021195891742166465,-0.02807118700263389,-0.23506623530908277,-0.9481306093581002,-0.6019483383837879,0.10644894501772412,0.29107419040956745,-0.04973010397425476,0.16284217477987786,0.25834341168455577,0.5015790807723981,-0.20445066855195831,0.1631991552499369
34,-0.06649415344767691,0.22572066585854672,-0.0019741164303069617,0.08832675433665028,0.12032625018964098,0.3102317777100643,-0.08987951887214297,-0.0415553596285854,-0.058413322557259666,-0.17572832307302927,-0.15027071494107697,-0.23950123346274577,0.15873199469970606,0.09883511005857173,-0.27191913390845934,-0.19174369539706637
35,-0.2224050803370347,-0.2314225633179982,-0.06411430803472473,-0.15770375640095044,-0.018787651631872362,-0.0758855143678937,-0.07105508760003434,-0.20229538905885658,-0.08941975398257573,-0.029433495324343303,0.21861314756276884,0.04778548196847368,0.11370977627487983,0.17485625827915777,0.3232323346894279,0.12395852914146784
36,0.1590581398469876,0.6146812011690022,0.011595695192208624,0.35227850551933676,0.3394670639918707,0.743133482766261,-0.12468131234735162,0.339547572611397,0.14721933758784542,-0.03940488940605646,0.1360282338863393,-0.14904137697190453,0.29620064270975627,0.32505056602223703,0.17247929456115768,-0.05668721564409732
37,0.032639713963957595,0.15085771392196612,0.0543796317672482,0.08407030128930343,0.27435842094038976,0.48253276565945535,0.20469474232292006,0.21170268611637766,0.013675125287050904,-0.0685774731095925,-0.17274724945634556,-0.19005327315904336,0.24507718647712584,0.28864264266392325,-0.9584635240216224,-0.5134870713061451
38,-0.5135071480507062,-0.32440811912839096,-0.20484207316845898,-0.3765174593010397,-0.032069766949089834,-0.11302436656977344,-0.17420859717397744,-0.4651162303564466,-0.042063658437571386,0.3309402052091225,0.09683493935000499,0.4265813060989201,-0.1266834449578249,0.18244406991535925,-0.0376606152970078,0.25906765095508427
39,-0.02918746151325649,-0.0015662087180013547,0.08641144963541739,-0.1642858808481967,0.3082308746707186,0.5964176807239853,-0.02781059886786049,0.1897240945494387,-0.07841416912657964,-0.04381987212119376,-0.07044892045826989,0.011136604960303408,0.13301695462159369,0.2104525232688302,-0.2471075840107245,-0.16076806995159157
40,-0.027227128098605273,0.05388832763026091,-0.06752896028035815,-0.04171543496214437,0.2689126453339654,0.43659622699063744,-0.1709817678450097,-0.014264233383264066,-0.06527767617549983,-0.026076747189245065,-0.290485554929362,-0.5133436236559576,0.15972669824474078,0.03105388169636645,0.06403857743147734,-0.21536213821525474
41,-0.12048243273354721,0.00585223201858528,-0.1377034990669993,-0.03768410340167205,0.03692779299384125,0.04960968705334168,-0.51721499343804,-0.27064732545147613,-0.11387874750978019,0.0711075655582794,0.2819412081662501,0.2802158991540696,0.12370035570043272,0.31669552667494805,0.4167147707355789,0.44290772047204846
42,-0.08878702961836324,0.09110494548816017,-0.01768448403828713,0.04102367812919352,0.07087680076558998,0.007232101997143507,-0.07071267409186631,-0.19576353717032066,0.05727868244743419,-0.008585120836801415,-0.27258228075409363,-0.2126850785121305,0.2643066875498475,0.19077003244109578,-0.6941855859734354,-0.4861368257812842
43,-0.3030114769783552,-0.3295961177945525,-0.02715450145002613,-0.2798312309200328,-0.09132571149446538,0.020642031274150912,-0.3515867611140563,-0.45422967489672456,-0.0951726423221496,0.040838561207984174,-0.02240860331574231,0.08347904383911191,-0.1269236366346104,0.2076442423257287,-0.31645126359087394,0.04197878687929454
44,-0.36720888962673576,-0.045378891096319374,-0.08527235011568647,0.1173241835622063,-0.006485112540622939,0.14145018821317124,-0.27422301201029403,0.003921076937415502,0.1161668612783032,-0.04520934138599016,0.2802955474713088,-0.07642836623565083,0.2539164164533283,0.21422605510999476,0.4684593775478388,0.02129707146445155
45,0.14969417248808,0.1925757749439357,-0.21576454412827406,-0.23148271234065662,0.3051700923833502,0.3113977051739683,-0.3320786169247592,-0.38622341746429273,0.08319567625298997,0.2733293608109809,-0.11217941406689161,0.05279645303382567,0.22358624604914842,0.3700001253687726,-0.3179317984398562,-0.08433563647878188
46,-0.07064074107505083,0.09430618280914038,0.39141014314447065,-0.0016302689616686946,0.1972006661982368,0.46088906758541315,0.5285881615204961,0.26321206843875433,-0.15275913681935369,-0.03686030901623213,0.2952182499913707,0.12086422262713925,0.10673181003878678,0.27599391958519154,0.39824258572901783,0.2972202212377844
47,-0.06750147408143348,-0.07448578689391938,-0.3768073731260535,-0.3036991772124209,0.10814025733099376,0.13464806968910295,-0.902089550910483,-0.4637491580517712,-0.0885580732540282,0.0655828013450936,-0.03794168179015238,-0.08495752877210493,0.07775082578508016,0.08190029579374158,-0.01276034635395887,-0.11337206143159033
48,-0.20192154402167745,-0.05316588839789227,-0.21357923847674581,-0.06442081058797723,0.11665419380038983,0.19282743623439821,-0.4170293619895282,-0.16454584671345004,-0.02023235851086915,-0.07579474731575164,-0.10243809029423996,-0.11242793121841474,0.24910420553968374,0.2752955972785517,-0.11994062869384388,-0.11656876187690919
49,-0.19501241105052863,-0.3119975755715001,-0.104812009651389,-0.24760269397951495,0.0832428886209462,0.0591135273579782,-0.17905702412209332,-0.17989046766541664,0.18932296554333453,0.13316025764521416,0.1891843447863631,-0.07296926172891251,0.2953278705892437,0.36980554795825216,0.22650105869129727,-0.037763979494302324
50,0.05733226554437478,0.2697578586400164,-0.07973871070619587,0.15510643149447878,0.15237755310941362,0.16029095735551271,-0.3110301915801394,-0.07179199514668248,-0.12610354486847877,-0.21305130049027063,-0.04046274685390347,-0.1780624200028378,0.08485013946492899,0.03620851752811309,-0.10739640336044841,-0.015287325624098921
51,-0.1695067542071099,-0.1017423216341456,0.03575889164155614,0.10808072021363606,0.017814477981777824,0.21589363154702165,-0.22510610012911314,0.11264286387614024,-0.0833137481301173,0.016739537815776286,-0.27994806550659146,-0.11774815737714647,0.09735140126737671,0.12474987278209741,-0.5201493929501004,-0.24435039787398405
52,-0.23018986612535364,-0.5306830421590163,-0.0623241791615897,-0.39247028654974925,-0.012699031758396304,-0.2728375641723284,-0.02555282112270909,-0.24833064497528645,-0.11438774088478786,-0.21451423364125038,-0.16969162561913817,-0.25042364794634037,0.12400917221572245,0.040576643767995454,-0.4613657183015561,-0.2998104439078953
53,0.032373571691861724,0.10750623854338398,0.18833533008984504,0.09405060712365416,0.1278950966426707,0.2130399042628933,0.23539172187648638,0.06242263654465289,-0.1056620192069919,-0.0709468259244503,-0.12201666622843126,-0.10198433909952218,0.11145302872793866,0.13443656311005123,-0.2136822828817594,-0.14136935795492758
54,-0.020831565484759312,-0.06768595582222553,-0.10234695256773685,-0.1763443700243145,0.2032485089778284,0.1879779366076797,-0.1157484510656507,-0.15770428049831794,-0.14816509747074078,0.002068528513409514,0.03186140494517399,0.07072523819737185,0.15399494567811847,0.2670570868257057,0.01881466588526949,0.07674938947766104
55,0.11158618431045414,0.22770560355800537,-0.10315391363265528,0.23113148646401518,0.20932147615197463,0.17304150280473396,-0.3360896972260914,0.05986435870230696,-0.032739245290983106,-0.1451159660851786,-0.21497135656305716,-0.33151381038292,0.16726533818572661,0.1703392428669877,-0.5039416841720451,-0.3334471500993257
56,-0.3049810517277602,-0.27716963701444053,-0.054811181595757805,-0.13956558295763385,0.00815802228425892,0.027991664330100547,-0.16187663119927007,-0.08563218520966598,0.054119489629491056,0.10141617133837856,-0.1263552693592693,-0.036345961893914376,0.19035372426208969,0.17675535722107422,-0.32083575073114357,-0.15572681392709806
57,-0.13123439188585168,-0.21805176997886105,-0.3154329440701461,-0.3908269685439714,0.07949113430898488,-0.09609197332501067,-0.7127779910698374,-0.6778145791415646,-0.10280439478972192,-0.14856667197508294,0.06104780603317167,-0.1414533697559922,0.10242535900357742,0.14214024200520267,0.15053717850263237,-0.038302154042375726
58,-0.29917915666799044,-0.23827951180330514,-0.12948642144308356,-0.05634614286075275,0.19656485806460047,-0.05499191821458425,0.17313552150314768,-0.0006496023859930977,-0.3086007201312611,-0.3464035844897485,-0.1294234698641123,-0.16046612218219838,-0.24258487448580937,-0.3235343411084605,-0.2978913891592987,-0.15840784634014307
59,-0.06408851464626449,-0.185522474939925,2.3723182969525876e-05,-0.30789427298175237,0.18885616113361306,0.21440550818899495,-0.0252532836599913,-0.023190670350578313,0.1244895950340373,0.35595078499171035,0.11299425575134542,0.29394830913381703,0.3009117918913885,0.5625678529518343,0.3542459065934976,0.6436570763848203
60,-0.06540429771062416,-0.0836650301189262,-0.3416435335451975,-0.11345365959335565,0.16439596072940768,0.070898002169128,-0.6773577117261911,-0.3502670734055767,-0.012767534502548836,-0.037167889740035896,-0.0679686952972174,-0.10067023453156256,0.19335168825434626,0.21881074296253092,-0.22757700071136389,-0.19358221999291544
62,-0.20077641057112713,-0.2950885586845115,0.12629603467994072,-0.7701819110042003,0.1267416844540932,0.10256228028395324,1.1349292034561818,-0.8500102785545858,-0.007384201034064151,0.05743904302799321,-0.22703632192152867,-0.019954918088821338,0.23401886808544742,0.32464733512138527,-0.49985085300592147,-0.13437030941030045
61,-0.22535845978959965,0.044858890906784576,-0.08446591470228743,-0.14418633929036098,0.011442573877875489,0.1184585828249673,-0.21684552685428202,-0.449912853316293,0.03508821279661864,0.09449126886901603,-0.10906551798034646,-0.06253267933264312,0.2743629865634506,0.07573296306015494,-0.2161106189640815,-0.35457855467477906
63,-0.19974012580209027,-0.14955466257174543,-0.042579582569861316,0.08053781500598689,-0.2589586812748021,-0.30122061950516027,-0.2781991038219008,-0.13774943898685424,-0.052961301303654576,-0.11051378444412165,-0.006639152246488042,-0.06949416401210705,0.17982075062818853,0.42367401020064543,0.011712514287466719,0.26926539461697024
64,-0.00234140506746888,0.14095620017632246,0.23602022077392393,0.2649197586887117,0.054402120473178064,0.12330118571397763,0.08547229267104932,0.16784712405723892,-0.1219047117017531,0.007524291840670457,-0.055525006585372745,-0.004408186190490013,0.1076953656625397,0.10548717202206119,-0.11752307999321739,-0.13468603810054283
65,-0.25676590749982975,-0.2820053282839155,-0.457474034489266,-0.49333427840165084,-0.12119814407707459,-0.1727314209432674,-1.1241336980510044,-0.710638020766521,-0.05999467968129943,0.06536763311998309,-0.051249499331564675,0.06071106007307093,0.026711887756362143,-0.03209457707195564,-0.26203614247258783,-0.16478274141465224
66,-0.16523350083771807,-0.16221730503299217,-0.03481401357195669,-0.12804479233183574,-0.03493304938489684,-0.17771163066235007,-0.05606508146226746,-0.2872799294050822,-0.16578206446416557,-0.2534147252893704,-0.18854154982559299,-0.32730524626219604,0.12943042216530373,0.139861405601177,-0.3388438771431267,-0.2533237459876542
67,-0.19624190306495484,-0.10231370607898145,-0.020869539553038653,-0.03711619306191072,0.07445889674372584,0.13075939500705303,-0.09052322860585907,-0.021337373619719584,-0.02062970947416056,0.12475639840176962,-0.06635745891047824,-0.029164337009548305,0.04850195444110845,0.012750981624051017,-0.146423272850046,-0.15908886038136824
68,-0.041619900317634115,0.16425194782185762,0.016461882911103832,0.15233835237995946,0.08756775734091944,0.2633203881869644,-0.08588251429211143,0.10379463015624302,-0.062171968332612626,-0.04980882681237168,-0.0709701649618235,-0.1563000020703951,0.1846001621706662,0.16596230084052815,-0.13547129473503103,-0.22518256273965664
69,-0.11858081909794721,-0.20313793776859582,0.041293977940379104,-0.18865391392192857,0.09130220709087696,0.12615780900019244,0.13817419954736154,-0.060724576038506485,-0.07931275571521226,-0.2503848610441112,-0.06407860889765112,-0.23458655648137902,0.09766217010514608,0.003248233521586874,-0.17537494363078374,-0.21292226375244042
70,-0.26143115133359274,-0.5033178105972236,-0.6141114092653531,-0.34910643388198126,-0.19661270428181205,-0.5679937685120988,-1.0748898313354833,-0.5793558262559086,0.0716766498804724,0.03266984707642844,-0.0874839931627289,-0.1320328025645954,0.2962085022307533,0.555172367970862,-0.13052287151793274,0.015168842804840285
71,-0.0026549368801171472,-0.1304549476317077,0.06052774782519699,-0.1085651721888731,0.08104019685627095,-0.08826611114699746,-0.010543665087578296,-0.2414262849222338,0.03438561108207882,-0.019768475109123013,-0.12503079176812995,-0.18568909323000488,0.2995017663575086,0.026482155985262445,0.11556803698300826,-0.1623826932315113
72,-0.2560887042469227,-0.09860525436764175,-0.5934848087497171,-0.31127943610020226,-0.07001738678119492,0.03609551927927851,-1.2909025106186038,-0.5523539509407521,-0.1650423238316926,-0.23508109733792845,0.08212578288571544,-0.12572194108671234,0.006597325102081204,-0.042401133071494825,0.09517348419657505,-0.07213649505846094
73,-0.14381891518922682,0.018449785407612846,-0.20226554487602832,-0.02111659368205988,0.01221848399532814,0.041811911809386114,-0.5548399189375339,-0.30272389793934523,-0.20442463833176067,-0.37347632859961605,-0.12764696905060052,-0.28406710223666537,0.07176178882440365,-0.07718132905424588,-0.17810781035221857,-0.327402285465705
74,0.05609954848913416,0.0629750152674261,-0.14039602659504002,-0.13688833059562153,0.15441417309247585,0.1791822810517435,-0.2029572433814359,-0.0871548183709125,-0.15323543952249072,-0.06560951215022873,-0.06868081566200263,-0.036655219315814946,0.027080474020653077,0.07122061459987009,-0.14620804786973962,-0.023605170500002288
75,0.006872281715977879,0.12470036328495106,-0.1401565488276357,-0.08716974433390079,0.2926193934496345,0.4844903235939286,-0.395496580068006,-0.07620919231087968,-0.015357985604575011,-0.04105930545136101,0.040858651514693416,-0.09266498455958368,0.11570120392925066,0.15292542025589106,0.012542286000086427,0.06392676824586103
76,0.03525736092583805,0.18682499008351106,0.1852987113280595,0.24674474976450858,0.1970799359969503,0.263334993269301,0.40265148138847767,0.3024329811228093,0.021772657878596603,0.044001597740035724,0.13181216801313156,-0.03885269273913226,0.11859710655903771,0.20407123493616153,0.2478286537806611,0.14145801986388729
77,-0.4002215257851763,-0.5929286217302365,-0.11753008864183946,-0.2509813478223611,-0.0415003583537915,-0.15353951005035824,-0.1012662949120971,-0.20576507466795702,-0.18604607892332695,-0.005832539407828478,0.03216803859626491,0.12454298105643198,0.12054896475649939,0.08660091073556289,0.32230201708885486,-0.040042718867231174
78,-0.1464354304569872,-0.27338685221531356,-0.5031054481145277,-0.4623106618525146,0.07587355346625488,-0.008411841099131956,-1.1028730519322467,-0.8028499399992072,0.01853993401428121,0.01797435599319824,0.01803963883401925,-0.008686423398052912,0.1939581940980675,0.24895721073333882,0.03476365764918133,0.0963560567803589
79,-0.06212520954737586,-0.05018539701373986,0.12673578119471532,-0.07673835794643293,-0.038846135582478805,0.01274063997563287,0.1776091500918708,0.015559715980003719,0.04983328085240347,0.052591567614551554,-0.0549404132409706,-0.17467975175739395,0.16657788521630076,0.1989501026487459,-0.03813800799010885,-0.1319652796902613
80,0.053123830057640764,-0.07460873719135953,0.06599479026350492,-0.35436036613663324,0.18012890835092088,0.05214766570397825,0.10686409606024798,-0.32420126869179083,-0.22777448990995164,-0.24073049310273767,-0.02984374179383357,-0.030098394607420434,-0.024123482093339147,0.018204019861057907,-0.2672848210610387,0.013613485810841208
81,-0.07676740631384349,0.020985998592896484,-0.06572197487501841,-0.08613493010568461,0.07864464450511169,0.1461442404398409,-0.16076883629224045,-0.06356352078864984,-0.06337830634281888,0.06610660462479608,0.03646984484449903,0.03083380503704765,0.2165775367019828,0.3871148679937933,-0.38312422846649125,0.09120693454774242
82,-0.1921368085210261,-0.3757110387976792,-0.03965516331540687,-0.2157989056342051,0.2136655425372531,0.5269982589755499,0.1692453242170996,0.45273477560586456,-0.25974647122633265,-0.11764502987985136,-0.0772202617624927,0.021989450718518745,0.021700438842211955,0.17577910036150085,-0.1550316650947863,-0.010745275646036445
83,0.03855722866690312,0.192442274052569,-0.1388660937796376,0.0010959056235534494,0.3949128984300002,0.3520781186181641,-0.3589874038805494,-0.1841595419216188,0.06532451409069487,0.15156508206264915,-0.04555447510581736,0.002179118667719279,0.16587516592657323,0.18880440512101598,-0.12974794306510665,-0.009098977278297041
84,-0.192093993585631,-0.08772816680344032,-0.07446372497904821,-0.062079480979260616,0.018124024509314097,0.06015020981290901,-0.29893139998732576,-0.1679304264071969,-0.07983971513727063,-0.11820876443230084,-0.07375749180098438,-0.08979983818712452,0.035049238572261804,-0.07635525650700825,-0.18624993261584608,-0.16444239909183925
85,-0.10373062500041835,0.1628083877897202,-0.049577936523524144,0.07944931094802259,0.1521164608397558,0.45190663405600473,-0.14272788769252762,0.08430058937707963,0.0019190307414174137,0.03316397059394651,-0.07767291893318048,-0.009306591308427098,0.2541828190969097,0.39156444389589884,-0.13823570481173098,0.12356094276774843
86,-0.26861582412988644,-0.2667276372176368,-0.04751887817133607,-0.11252312460162389,0.025322216492448486,-0.04050762954393387,-0.0804371908946466,-0.0783522198414283,-0.06620697507949062,0.10762771128436548,-0.038160503530415266,0.10465421681602381,0.2739809916388065,0.5875360115617092,-0.1277465352532072,0.09494594733363881
87,-0.24282362469302035,-0.13311725916157977,-0.0460880009264819,-0.04205193802660294,-0.033908968382324406,-0.011490936052006684,-0.1843511978866837,-0.140181610254426,0.0262132479942962,0.15943601056196888,0.016367563383048126,0.23081306832213883,0.2020768517273628,0.3169304011902691,-0.08558000807084079,0.07541252336586073
88,-0.16526928506330643,0.010809134243438944,0.098600223631322,0.013960330936367919,0.07286205533421981,0.21011352337816927,0.029050016816853777,-0.06033732162028719,0.0964305127063276,0.008672868866834337,-0.15671094288977433,-0.32023084860678924,0.22609871496024664,0.1889387682307185,-1.0021516363224718,-0.6690679896605043
90,-0.012546640046871848,0.07715391187663949,-0.24992541874340193,-0.33288268698526974,0.11417302077615014,0.23888015479629324,-1.3154870128610228,-0.981022403734556,0.13542598929552505,0.3148374476229095,-0.008757150156759963,0.13172675201414002,0.23512385124432286,0.31950934827544153,-0.13129283283096554,-0.15470969551813826
89,-0.33380653738609883,-0.37254189474708366,-0.07534722508897229,-0.13137633814590155,0.09795915319574808,0.1105983630827535,0.018421634108825132,0.10194032234749424,0.027523770625513255,0.2105919921736701,-0.0011443836272711822,0.2456526629302869,0.1389186576449986,0.18623784579703404,-0.1279316065967864,-0.047267796262978244
91,-0.26922096067117024,-0.3316522823000473,0.010375065842390476,-0.2509192445349719,-0.15195434899253318,-0.1572800114630043,-0.4095912865096763,-0.2941034549760333,0.05968035071714402,-0.01791384053308353,-0.09806962721449203,-0.19178270477381262,0.24075310411747305,0.12795214641729838,-0.1014183962967638,-0.25106371382027765
92,-0.37291805601769024,-0.4310424872263696,-0.23278485455427886,-0.3072602210400339,-0.04406942219603684,-0.2084027164807306,-0.5162805103323103,-0.5163690590130222,0.1813505429430717,0.4186129544013056,0.07147879493076252,0.16898652520450416,0.2664130576816854,0.3963781084488282,0.02421883197879243,0.0477807251968565
94,-0.0515098316269349,0.06071043810721945,-0.11666192062294456,-0.14076792225990387,0.15198743012371907,0.4783539132200787,-0.26553448249789563,-0.17216167908683863,-0.25227871266721236,-0.21449178485314618,-0.16788304584892977,-0.20022221171137858,-0.008020053507521491,-0.0013688272336791485,-0.4976689089664038,-0.2796199868205618
93,0.01241658121624841,0.007728167885607014,-0.08209857645068937,-0.1882321723058609,0.27349791445899096,0.3003985011014863,-0.1936110630691431,-0.11402925951090555,-0.15956246288168846,-0.07273507615688128,-0.01005468925622496,-0.0732024766131295,0.2647831756184877,0.5763816137826272,0.006734744166342059,0.1925823743690351
95,-0.07242441998021147,0.05257222930111093,0.20287528593200677,0.06262578864559805,0.05812702765955693,0.017543398689024752,0.4197894471168918,-0.24803375754325488,0.004436778655557254,0.13656538862725623,0.025257709487811694,0.13781561062540737,0.13955071328494492,0.29222113588120335,-0.11074027588480743,0.053787037134735795
96,-0.22467829731212097,-0.1212972178542513,-0.1358575738084864,-0.052044444783863296,-0.07034315773474878,-0.09641686966710551,-0.786049395026652,-0.38757964718776056,-0.08580239852275516,-0.06326744308049673,-0.14677104973277555,-0.21721007590088293,0.20021130708019055,0.4494527374033298,-0.190542600255511,-0.10816331180809731
97,0.07409585100862957,0.14344194513285502,0.03849502794166834,-0.08081401436420949,0.25647210253574243,0.3286944655520995,0.10110455335948063,-0.058425662341410924,-0.06834764352970878,-0.10246750501600234,0.03689441580099745,-0.10399415075456372,0.207825858768213,0.4393455192495406,0.010091527985915382,0.030832710156741494
98,-0.04527303236073046,-0.06649613896999997,-0.02693414700495229,-0.10262066348250434,0.26398613480081906,0.2870676220039751,0.11393478674477311,0.08024309440600075,-0.012202240493921523,0.1823968742774917,0.05934754865952994,0.1701939337303472,0.0887706049193261,0.2465837601419018,0.002018463706182413,0.11839069888712232
99,-0.13150573214551134,0.03449059973734141,-0.09366925109583069,0.14056219472334083,-0.007234763209727193,0.10053025505578268,-0.1849572897578492,0.14457771250357856,-0.026388359186003844,0.005189577918973994,0.008610405775108229,-0.030529877440249063,0.2486190635208164,0.4603110748497147,0.08327843081959928,0.0898767845902441
100,-0.21674951017231137,0.008368234675204422,0.15597766243050853,0.22207063476595545,-0.05707552557489398,0.09359931919312843,0.3282661554949037,0.23172001126920608,0.044883584156160936,0.06892393922299253,-0.1075095017091446,-0.09579196983775295,0.2336991217073386,0.22246769130507493,-0.14366893987647247,-0.18048250422108994
101,-0.10318653281508958,-0.06529093937101506,-0.01167246937553804,-0.014370587403900676,0.09607134716696188,0.15437890375922061,-0.06523147752490172,-0.00719138779327851,0.11804581931172602,0.459123704474284,0.12812680747063407,0.25536844968931116,0.233794178744795,0.501782892143354,0.1361872688501467,0.21999139971280945
102,-0.1109384177788685,-0.2941698012259755,-0.030281955041149878,-0.21805280897677878,0.14231928487126674,-0.05432341865734153,0.04059537414999866,-0.2099372635377915,-0.14835648766936027,-0.2675130961662289,-0.1502137824976593,-0.355460850258183,0.10061298878097996,0.2341415334507902,-0.18729914022216937,-0.07114595745785894
103,0.14105850380891105,0.0813774105541276,0.22206101789281601,0.1499400906778315,0.2013654421006244,0.2310995816468733,0.22782762893070194,0.10128431345734823,-0.16199867388805303,-0.25297004288701147,-0.28823053868977067,-0.33611212492194564,0.11736722456374572,0.0557732184129204,-0.5011359650645445,-0.1880414292501138
104,-0.00648722907502223,0.18999188258702304,-0.48601041262840006,-0.18316001847983163,0.21186559332744637,0.45971895271129015,-0.6613267640963837,-0.21352827569318303,-0.6448380886473041,-0.760797203999437,-0.635194864430801,-0.5380768444806612,-0.2611482965924387,-0.36943586748175805,-1.3738182599409756,-0.681601904880467
105,-0.026619485591436284,-0.2659758237522594,-0.22454551415426535,-0.22638835567189577,0.1080960651837632,-0.06486680902031122,-0.5125086257254086,-0.3454288947913439,0.1503504944968435,0.4433351137990658,0.2601887059148569,0.3923780970565332,0.17625843033955643,0.3885118946787177,0.15979201659022135,0.2997564119314259
106,-0.20599351385247525,-0.07076970804125655,-0.6394600551440421,-0.522775588030624,-0.013947871604426945,0.013611120103763067,-1.3533213039196874,-0.8317843548494798,-0.21381182985018798,-0.2437634399536359,-0.28653535254697615,-0.31136981371377814,-0.08563714465741326,-0.059976830135217686,-2.070649959185109,-0.809215014833036
107,0.009189939576473717,0.04623797643002114,-0.3885026026291472,-0.3516616223009787,0.2707333464615342,0.4723208740450407,-1.0814335613419455,-0.5717283537519232,0.0895037653307359,0.11642205563043055,0.1583491813630846,0.06928913883148996,0.23677009892320225,0.32982892848651846,0.22602484669688772,0.15491241683943455
108,-0.133618654713485,-0.2531304209382524,-0.15644658271083273,-0.3102118777657254,0.13542614373979794,0.11883404327864654,-0.25061821875419654,-0.1768412595125278,0.10243517462686362,0.09162388181475328,0.051576167816748404,-0.028335677236004306,0.2312219318074313,0.2844479719230995,-0.03737899297423346,0.04214827054019177
109,-0.05749279181269374,-0.10332550949717653,-0.04212041376349192,-0.16010844071754052,0.21338449830429956,0.3211621801284739,0.01442624138423575,-0.04977378927013273,-0.09409491611560859,-0.07701935828274123,-0.03690314205789654,-0.09830546354559475,0.06332013309913766,0.03326776438877806,0.02460213961481593,-0.07584245614571705
110,-0.17132111943203435,-0.14761474156730467,0.06792858582475145,-0.061314266016676736,0.04728370042955302,0.08411350655174743,0.06625889864535321,-0.007853220292821872,-0.291074483037006,-0.354152521772065,-0.4845489201711856,-0.3837260610683371,-0.0628368037392761,-0.25170472943854905,-0.9335638854554563,-0.5809489537129081
111,0.09674272827152863,0.17765104557600586,-0.12442081830707659,-0.05073028403068957,0.30387809468879246,0.27499301621185607,-0.4836524617211811,-0.22083865504384045,0.0343963932239994,-0.10059807931530745,-0.0031566837262998995,-0.26147413845514267,0.11434808812975178,-0.038876435187460846,-0.05994654458441115,-0.2558266239294386
112,-0.0030173625301211726,0.082181530899044,0.005029556745966058,-0.01297887838272115,0.144200678193513,0.10694620021388779,-0.13409849553530231,-0.23005843437392412,-0.02999674344072222,-0.012535048179147397,-0.20243080266101166,-0.10664268925161034,0.1892129637079051,0.1329976841359905,-0.3895843382712573,-0.31099374620632064
113,-0.17564161174588014,-0.09924442325271954,-0.022586464327998462,0.022451798989569435,-0.004481647030187338,-0.09997482612578674,-0.0951850905093172,-0.1198973645211534,-0.20709677509132318,-0.2231075831440926,-0.0009923152951480433,-0.009656429263997542,-0.09399004303825904,0.23845685186695187,-0.011877511951144882,0.2185368078597094
114,0.06710104275879178,0.08979038075729281,-0.03390025162151968,-0.1728067396780545,0.2558995542015145,0.20153330497556807,-0.22845366223802852,-0.5585847946553703,0.06501530707280007,0.1256878084151141,-0.14411851150133864,-0.1303928936564118,0.20525365619415845,0.18026056425450904,-0.35366402173758094,-0.2772798472331383
115,-0.11953438661637808,-0.2233959099063437,-0.3505725358084474,-0.40294319733460837,0.09620704509865233,0.03241953642648406,-0.6041965123043113,-0.4298624311665598,-0.1997259087929306,0.07206758860802995,0.10593399564614712,0.15481639633024577,0.04647900185395784,0.29432682043906183,0.1151444212206512,0.23350012362066738
116,-0.023305661787152484,-0.19726829441507152,-0.09568019979981847,-0.3250241767199878,0.20662967785225675,0.11268469396814558,-0.2763182650450925,-0.26889427688802087,-0.08241132076160186,-0.10276058401522983,0.07039432098764042,0.06853146254223709,0.09259110317551604,0.01437531917494581,-0.09021099289248595,-0.19934522893570347
117,-0.007594292140129636,-0.15053350101885327,-0.1917985570416585,-0.2962365843333859,0.10544989602337977,0.04721007511483725,-0.3849145720892335,-0.4426815954166425,0.06924503656437103,0.011283065303671817,0.06805426590024462,-0.0038357127247865804,0.132108001002911,0.09858570126752945,0.04110752585706266,-0.016321843217932546
118,0.11801142308219206,0.24653720435971316,0.012736911743528069,0.014832569964356678,0.22774675229594574,0.3621410273291943,-0.047803509440026135,-0.026657868056575995,-0.240639972316154,-0.43658615235933784,-0.2632850081880005,-0.4190048035892223,-0.036380850180831294,-0.3861866126700885,-0.43464423753752685,-0.61391795380769
119,-0.19125270717863982,-0.32542122590783557,-0.02906826227224069,-0.27153665032397084,0.11174581461935373,0.08506496164328664,0.10849868636910824,-0.20974191057704408,-0.23865089544235496,-5.454550422262135e-05,-0.12107663848789915,0.15479561132265843,-0.006637957594046477,0.21406667702631452,-0.5149200774393,0.1826532057221219
120,-0.09573722258964434,-0.09623335413238024,0.05003501520069176,0.010625484926661781,0.038603297829895876,0.05108600680000441,-0.043097532977126554,-0.00729844824441898,0.04713261434723091,0.10737586093162722,-0.16595466505656598,-0.2107433448920422,0.27941097275517723,0.311651907697563,-0.3880712031651679,-0.3367445683487138
121,-0.05184442645054208,0.09262205062448399,-0.03145344724533121,0.2505675892389224,0.22300406703220152,0.4437570603381957,-0.14520125867222605,0.25429221884760433,-0.08473242280583736,0.05345669679797971,-0.09213578787056027,-0.1514339882059113,0.05892366443159348,0.10806271882028846,-0.6947004397972717,-0.4383083510148905
122,0.2328465890849084,0.33607483645440545,-0.013833568540548992,-0.5400623629967125,0.3117526693473985,0.37116943681098524,0.4759118704677936,-0.35365614956572095,0.016563776222852374,0.2588474975716406,-0.11045725855184375,0.1577403477396766,0.15402309950737655,0.24329937550340786,-0.30663045138985434,-0.021028945683536342
123,-0.000386353568824708,0.025436805302398023,0.05248020580869181,0.06062286214853334,0.29488810236846175,0.27842448769893957,0.11508557271825318,-0.010930432987965255,0.1945549387040873,0.3116391388329775,0.13056747850089598,0.33096916746702754,0.3765524942192611,0.6220181299978955,0.04411625138970508,0.2709307025545989
124,0.1072549360833983,0.3897613258901212,0.03948837543160233,0.13879280484424303,0.29752264993118144,0.5548162786071882,-0.025750856450316377,-0.03568434877785276,0.022676421515442635,-0.030816534084097243,0.2133266081814118,-0.010793160883878565,0.2911892970586853,0.1238624886138664,0.37295268062485937,0.0024357811831578666
125,0.007358458145344005,-0.09245860979719707,-0.12801123271140405,-0.38653031679009087,0.20802897309364157,0.17295659453335346,-0.3504198819236594,-0.46412159125992886,-0.18997044501420693,-0.1544097354183161,0.15388853567069655,-0.031817777451674405,0.07677699685794177,-0.07026211719880107,0.46611987691908097,-0.13783428070698045
126,0.04263014027392766,0.3871304662468732,0.132209261488474,0.23209811428842536,0.03147737009859754,0.20311740284766613,0.20268124099083876,0.05929567068958056,-0.04973490182446267,-0.05820259013661118,0.06927993010339697,0.060316110886109484,-0.025090819511979362,-0.001796896312764276,0.09177233010101074,0.009872373370265364
127,-0.30207431641992294,-0.16388336659336455,0.1595109724689663,0.12871609395097952,-0.05288972041202068,0.14857104097483498,0.01209182803034113,0.16562306694833626,-0.04947335489717375,-0.1684078520767468,-0.027770412830826784,-0.3166037970269931,0.1156699525853371,0.16890520491626654,-0.20250382569070885,-0.3066787975896265
128,-0.05225154537503196,0.07516341460403943,-0.3635921314033058,-0.2077867588775831,0.24492017657116474,0.1719410403981696,-1.436261014815398,-0.7787428021605942,-0.0070465013717464975,0.004718543094715947,-0.00911095140986836,-0.04395143143637688,0.23117322745821595,0.362853146364255,0.04362109143402111,0.1114330657153898
129,-0.3205639222867675,-0.27574887843862517,-0.11643312761846694,-0.055170952280728075,-0.22695874596731336,-0.334708005932373,-0.41198977278649007,-0.35128169002492654,0.08613776533632891,-0.044681966950350246,0.03541067006593427,-0.199596499104119,0.2620226888406779,0.45779016740998213,0.015768881326666123,0.04459209877924882
130,-0.06056578995081713,0.056372139086113576,-0.29441572672412625,-0.2625509069069991,0.06591544428131661,0.11755178151128647,-0.8412727624487272,-0.5303225059881864,-0.06269157839296054,0.014210357725530772,0.02323169654245152,0.00862083861740111,0.18464402987694958,0.4009935629152941,0.028608775419751396,0.16824396691006924
131,0.048588588161827685,0.17139287351894025,-0.0836096051833824,-0.06281075110069755,0.30320456173831833,0.389920762492965,-0.1481408966975344,-0.08413970456302122,0.177727681628246,0.22462585274157001,-0.23591108501952276,-0.04553579209184688,0.3193314346713547,0.35166250340572436,-0.7216072298710706,-0.2320887107286277
132,-0.5585952443791774,-0.3929712203776564,-0.48672323949284385,-0.2743910175237048,-0.11313346974414759,-0.19386228505902878,-1.068205473082657,-0.4995947435714491,0.00094913738470998,-0.08244688346184911,-0.00308251287137373,-0.04393734116749026,-0.024139642895345315,0.003499794307833293,-0.08634723561774818,-0.019082549543063914
133,0.12129140105510748,0.17692766832966894,-0.021189238266166244,-0.0155201785572973,0.2986146544930346,0.4324790275210481,-0.04444236570547118,0.006131159297105652,0.0186004142556932,0.11893522177085451,-0.008489023858977365,-0.01852783032357278,0.16738036038424953,0.2712779379875204,-0.07016452004551417,-0.0032899938626586764
134,-0.2097967024688316,-0.33156162758422925,-0.022903076467151166,-0.0634877726752502,-0.13299196741293765,-0.22189733352408772,-0.11347362875812318,-0.016439017920592398,-0.15947177432949683,-0.16945574122612772,-0.08692918948901195,-0.10871769798241017,0.06491086461539786,0.03278289352257071,-0.16785513700440302,-0.1378165466320775
135,-0.14872845858749387,0.11393146595879293,0.1568849132819439,0.2194804449917765,0.09987445731667226,0.3059814855570358,0.23752957620082105,0.23117423436479026,-0.12295513914362463,-0.029388404130550015,-0.3635419592732841,-0.031739562872379244,0.08714968083147565,0.04249790467942453,-1.1519286317225788,-0.16530528620023652
136,-0.02700382082740499,0.0555832043551424,0.09645856448307148,0.07197125648379511,0.048887254758734316,0.010975495704596735,-0.015870759543769094,-0.06979403700417915,-0.08068577525946519,-0.16375796652749772,0.037967295761514856,-0.14144596612472388,0.15760625556318636,0.37331589953741157,0.16437176217600993,0.21975001212676962
137,-0.16919030114459552,-0.09464233046324458,-0.13181666158252411,-0.08118630512874868,0.06180806345825232,0.02060609135012198,-0.37102246524059934,-0.25959811950131456,-0.10770256222628011,-0.0013480948030618538,-0.08696315860180057,-0.045014970841698414,0.022483575607052917,-0.042662098499726395,-0.18130497567833218,-0.17273653394914745
138,-0.21582368580538489,-0.00974571397287615,-0.2295466484006226,-0.024541091940185854,0.024592016347364198,0.1798466470243734,-0.5191164621635893,-0.051145249153436025,0.008949646621770429,0.24218980010629126,-0.11238116115576716,0.029688358281353692,0.13673176373652138,0.32890682330034704,-0.32955310773965873,-0.3143651398509112
139,-0.2666244369266496,-0.25980066316832634,-0.5031300286349909,-0.3818366723870716,0.046376763287891816,-0.07348965266142048,-1.2773560217583833,-0.600224945805147,-0.027357107830772085,-0.02492283831572561,-0.14138303378056674,-0.230219272913875,0.14655622124042525,0.07527021701023968,-0.255355971156197,-0.2717725098328779
140,0.15215109148694098,0.22268276125739336,-0.07690607429459283,0.1499631660247254,0.36755293548150736,0.515586761839994,-0.5993240018032425,0.19736452448047717,0.057138536508585844,-0.12000413975992469,-0.13500191507252682,-0.278123891962783,0.06794192269580748,-0.0368162590404131,-0.3088542823301098,-0.3826812621842479
141,-0.14681497235224297,-0.21950205628143682,-0.5741803762674099,-0.41324286659583453,-0.007227979263705651,-0.24324992346446764,-1.2607515105139553,-0.7850336901739081,-0.19395766337077183,-0.0281857949532277,0.12349349642130403,0.16396646556391986,-0.05495248379595783,0.10278157171088047,0.15632303483269946,0.2578409031729615
142,-0.0146542191201557,0.0896192408700993,0.23181766959407996,-0.3178408291060395,0.19373325893850382,0.3790724476179083,0.3083050227629217,-0.29826344802616656,0.28163975913045186,0.46629274409864946,0.30505578493468305,0.36855260557716674,0.4167903523227507,0.6393340117521246,0.43223453018324354,0.46141686728756465
143,-0.39446313210346634,-0.7145149157672993,-0.3196944841026207,-0.591322890670001,-0.09138642809630365,-0.1180539718748127,-0.40302264255764236,-0.2738107790091983,-0.06279781015065763,-0.08791898037388551,0.02334458453316143,-0.09031807047201605,0.07697970295426303,0.07644480562605512,-0.10155700598630894,-0.1160791300869826
144,-0.16238739133198676,-0.28406821539869237,-0.44010597988968675,-0.2176055264697168,0.029221302477856932,0.034753160482118885,-1.0065790697683656,-0.34164770083798857,-0.08126605851306817,-0.06546728092016849,-0.04727061191551883,0.040131501482707915,0.0977033643766734,0.14499312187470892,-0.14266363628443313,0.09739883733254988
145,-0.26432214305497204,-0.27587924838455197,-0.16833753924099912,-0.2638118786906268,-0.02525815997958486,-0.24898598567881614,-0.3009924264395706,-0.4840629546864754,-0.12291615419752612,-0.054590816698138,-0.14632492411199904,-0.1258163884690167,0.011780157657671915,-0.028266613383983265,-0.5070304599095248,-0.3930061906715026
146,-0.2465551212121289,-0.15534079126632747,0.05127356427788128,0.07265920688835413,0.024083052419229707,0.18120530241155983,0.08795894526639525,0.3088759777109977,-0.060006801530104514,-0.05839969992351544,-0.053382339382264596,-0.07031119441963761,0.0772879610668562,0.030325150700964996,-0.2657986803051878,-0.1387404712381104
147,0.059133647283708714,-0.00016791813419126528,0.11992015375454058,-0.07476568346626801,-0.05314698344936319,-0.18310115645620514,0.03682276167815615,-0.24280370939872117,-0.05539435733505594,-0.0794872593567471,-0.1645890076292824,-0.18645727510301116,0.07174466966030868,-0.03249365388766592,-0.4020784365314846,-0.3067003708272327
148,0.031848467663853984,-0.07234034930749417,-0.09670613492650434,-0.31581600113169084,0.30039207622596786,0.5483503652454723,-0.14058887715292287,0.05346054877096581,-0.06453470186285319,-0.06270951423508284,0.11202328190168025,0.04203272470134016,0.04131822786723962,-0.11377547099062602,0.4394786997139954,0.022136292465363156
149,-0.0027967455683444078,0.1948524773004964,0.39483839916110086,0.28107512421120107,0.13707347709374448,0.14902789547958054,0.513445793197263,0.2588523996752936,-0.1164351489634104,-0.14054468437995904,-0.06508692199206885,-0.11830301087108595,0.09659675950451832,0.09132450979027665,-0.13085397086288134,-0.11050569326778607
151,0.1407999300572146,0.28305472756580474,0.11680721091454406,0.23843966545614767,0.2489249878083685,0.35260351857815425,0.06945425999731016,0.06490127943886281,-0.03561464745789915,-0.0511653752824062,-0.08360763581186566,-0.149346009869302,0.13113607134249428,0.04548439109721536,-0.1804765681279574,-0.2645401718749528
153,-0.30109202669953555,-0.25158188068563386,-0.32965210865647976,-0.20287677045755279,-0.03525635432916364,-0.17694866907152407,-0.8507386809339821,-0.49492832839071976,-0.17544111861766432,-0.0769075790482201,-0.07239383686592628,-0.00489477077526048,-0.10398818368342315,0.055611410007596354,-0.6062592744118989,-0.12107582675471122
152,-0.03115176124828563,0.425357697806601,-0.2148936366053669,0.48898302318140363,0.096258166068152,0.3508332653386345,-0.5629305708190957,0.2588378558326943,-0.23282792340712874,-0.23452947626446047,-0.2254384512583328,-0.18741353216500023,-0.06794738273765107,-0.05416509714943583,-0.4682559485318267,-0.2456001488940709
150,0.010893207024363338,-0.00697092250943776,-0.16250311335586912,-0.14890860859073615,0.200397304834918,0.18031129161664716,-0.5274441096924104,-0.15560637008468262,-0.028233795396858677,0.0523795465470668,0.08622058244422373,0.003226286460807319,0.2135719914607187,0.4538915172173151,0.15501319697995328,0.2303492514647176
155,-0.03479272351538262,0.09049717254135743,0.3068650406043298,0.15488941016920324,0.045495420862893196,0.10937646760172863,0.2694679234259544,0.11954143210139641,0.08398724660888175,0.26201638816148903,-0.11439570861171414,0.18490550164072242,0.235993069646517,0.3868498104998664,-0.582982848889674,0.11394502388889141
154,0.01268067393577917,0.12286332747380006,0.19694060315450063,0.044838857951603354,0.2676081056450094,0.4262687926149909,0.33899673222834287,0.18127414676271236,-0.0776007690406421,-0.21477506210857336,-0.09689438229827795,-0.2539168146197545,0.055334229273877586,-0.10692354008644374,-0.19305577453337974,-0.2726364719114284
156,-0.10872539228607692,-0.06852304426109669,-0.06379707860285345,-0.11424961109872048,0.0878112474711237,0.0586226604896267,-0.049373483914924673,-0.16989057828924684,-0.118253563927123,-0.26436473937114485,-0.01938992313853298,-0.23378981586871347,0.17024207680924247,0.20860414111440786,0.12165905985810865,0.06307704958578197
157,-0.040089300166374575,-0.06501011003171991,-0.16631064771667675,-0.18443095884531727,0.020009447047688273,-0.13564714994715826,-0.46147256392082997,-0.45533400624048986,-0.08899927596940176,-0.017486103944458996,-0.17187024081875624,-0.03434208134609931,0.07502227428169654,0.03652218166024503,-0.420517532402299,-0.19443920953326102
158,-0.04453723615080827,0.17844428215966412,-0.005798450977799329,0.21687021110353122,0.1228344698171273,0.23071090336106867,-0.1419096283752759,0.10755446574539844,0.03589699097974705,-0.0784825990566109,0.015575392513207557,-0.09059224998668108,0.19478683745921524,0.23120462554364063,-0.08057785858338969,-0.0071063852869743815
161,-0.07887466867746215,-0.024760040032728966,-0.03357136593545854,-0.004097462783791871,0.044021526044543666,-0.016485092957701914,-0.08309912788254703,-0.04563549441392097,-0.1275105449939809,-0.11205809815716879,0.16866135113536063,0.007746612349084717,0.10011397125851929,0.23044868095990595,0.3123997433604297,0.26863667304636774
159,-0.26996222596152714,-0.23934051440092105,-0.42211343958809777,-0.30279850891016163,-0.07888106538856936,-0.10436673821696744,-1.2540416323819643,-0.6754646978494946,-0.32161029910561445,-0.32557871841010766,-0.17140737592340474,-0.31288982478414196,-0.07557821870325161,-0.1632318211373375,-0.3184827605209433,-0.27761195655012005
160,0.17788223943190098,0.32515877986092123,-0.16940172357522978,-0.12476161356875376,0.2776649208023748,0.4256020827734878,-0.3814274045061506,-0.24518832577490282,-0.24747141403466555,-0.2096909546564591,-0.036875404162202696,-0.04785507438687595,0.2781354670612362,0.20067576751347235,-0.08494937670294916,-0.09915278348888297
162,-0.41928105797552423,-0.36765123623679374,-0.32709299034395184,-0.21875817559679575,-0.6275828179619788,-0.6595798701614911,-0.7781332007603791,-0.339041680889736,-0.004696389869950488,0.17605145237044842,-0.0749054425817313,0.051449032492137586,0.08873472024907551,0.0833038389556292,-0.2351384878533237,-0.17526239465597596
163,0.06482686247791698,0.1154666337325614,0.07392807751921084,-0.033786268116169624,0.12608455888102946,0.14021414118181383,0.03886890545161587,-0.014509558771235498,0.08182095123550864,0.21090804477007494,-0.006720781375435055,0.08951326713071966,0.33169071088396934,0.6615188210999448,0.024032494160001184,0.2211030898476044
164,0.2692390443796388,0.5014557717319598,0.024671028808865233,0.23572346523238508,0.3125824187330922,0.12482207599187906,-0.08790674900317845,-0.18193253504384074,-0.05879066446294011,-0.01561130865696417,0.09537868382095935,0.07528013747003227,0.10885478118730511,0.12369053731092303,0.09602993775812307,0.05679137130521524
165,-0.20688167175764785,-0.37541290698815705,0.1161446448468868,-0.1580964871952331,0.10626027432733157,0.05643943458663303,0.262598828820812,0.11233911779791846,-0.05338432036635729,-0.054774997404209144,-0.15370581925797014,-0.2948799497918894,0.21206278859477248,0.3197342134049652,-0.22250209014683237,-0.12712099610895178
167,-0.2867990235528231,-0.1596013728973441,-0.4193493072365662,-0.24085823330913392,0.04477307121429168,0.004973973199288384,-0.9844141618257529,-0.4950521310122123,0.02345353682300114,-0.10632469052128639,-0.1404805922598992,-0.3788363051345062,0.3190529533496331,0.4618343453675603,-0.392573989181693,-0.30127995364467236
166,-0.33743171399271754,-0.24108803955385075,-0.8024164621684144,-0.3142710402270218,-0.07781272807602352,-0.12901930634549638,-1.3096427331156388,-0.5111196832248233,0.12466097984174096,0.03061902224796975,0.09859673885696049,-0.002308757205043371,0.28853383724873816,0.37211107144659594,0.0684103494704509,-0.006995053134572826
168,-0.10942197885377508,-0.17080140753375903,-0.08604345323274455,0.04014663538515919,0.1200475508458788,0.13456017236453002,-0.21892850692889024,0.09473982534551277,-0.02110393005037048,0.08455397659232286,-0.12230331108288478,-0.07055366911737748,0.056214658121529405,0.17624690128481169,-0.46100677577583055,-0.13211841811195868
169,0.0017742120937068065,0.1801694168552901,0.14801433217469118,0.29167790147908373,0.16032192328149897,0.28216493487664357,0.30538358069979377,0.3454561531243734,-0.0513054198160435,0.2752110624402059,-0.09792899888302374,0.2989721620182586,0.03347332136401519,0.14981405483037732,-0.3734195207938349,-0.021209028936441315
170,-0.015536360433665337,0.16421460777580918,-0.08485949126134118,-0.017047451014761482,0.18764591475614237,0.3547132015203858,-0.14432890060449688,-0.15160946802277162,-0.13436312854293875,0.035378526726647035,-0.013428236089402143,0.04841236270028093,-0.022171914178275465,-0.053017669958436375,0.019850556309621733,-0.09905547151380849
171,-0.16901312194523252,-0.1892965301758941,0.035311326923961404,-0.0822463967404755,0.09013195863038488,0.09634576723214731,-0.0749710273718727,-0.013857286425383161,-0.10712138326421095,-0.087942889172681,-0.036395973446663725,-0.0699842824316296,0.13174951185419648,0.03501659737564551,0.43689482158672654,0.1481889683444931
173,-0.32369456748475145,-0.2293855398743085,-0.30988495049278647,-0.18324805090947366,-0.206453429016714,-0.24452258941844937,-0.7194788411619303,-0.34230344581367395,0.12908283892063208,0.26660580600107836,0.06203742754181632,0.10795888725336839,0.29376873340822424,0.41038796827383195,0.11284782083180661,0.11979763079780985
172,-0.40492767793509304,-0.8605899230335521,-0.5789582511066018,-0.7411318017768493,-0.050914287243694394,-0.2758280470784776,-0.8025069868166704,-0.43946438045141817,-0.11765020211655106,-0.14985851783704124,-0.01623325042589417,-0.1531865794501248,-0.05979812317116575,-0.08168931529207016,-0.20537093925439234,-0.1054166520093004
174,-0.1196889852629739,0.06357897157207563,-0.08354499200951514,-0.04609639978966549,0.07230881016463438,0.3573124622389199,-0.36935205812112026,-0.06694286806712824,-0.32148422796881304,-0.23404298654538339,-0.3928562094339584,-0.23669156148659454,-0.2786252734496889,-0.25390748258489426,-0.8620697398973869,-0.35158455763846175
175,-0.28517457346151476,-0.2995877782926759,-0.10229479859172456,-0.18552678612567186,-0.03648317707643692,0.099504115524983,-0.19409294642272842,-0.18744994597115494,-0.38652542017618263,-0.40375541303210694,-0.2826139420086512,-0.2893484560497393,-0.0392721682907036,-0.021364799694257107,-0.5111452293163576,-0.3993207117017536
176,-0.0951104431420966,-0.043622615451962596,-0.07687002374640509,-0.04186725658870809,0.05508784953403607,-0.036869541224709236,-0.13754586592837736,-0.2602282807352745,-0.015550113457525879,-0.02863720891854367,-0.2407324867574492,-0.2500511621087594,0.10810751663973829,-0.024571989901607895,-0.6731459055932556,-0.4958301020184692
177,-0.014082038589969271,0.08084157174183598,0.2506816271235324,0.10387896515559741,0.15188703546520582,0.3758319682550815,0.3002332981560492,0.2310742301534275,-0.12930298439407456,-0.20387117385898584,-0.12939194555141603,-0.24720369314888002,0.022103597894062722,0.042323727359292775,-0.21945515792150913,-0.20558045525498533
178,-0.08137189808460212,0.009932914149966658,0.08452313802748732,-0.02368406129663085,0.06751132755788897,0.17338333048371557,-0.02728380205320135,-0.06371333479979253,0.020896251093324648,0.10108077475624161,0.09012607400762243,0.013887548344827609,0.24798598473338712,0.34099006371698437,0.0472259289840586,-0.015796793565322487
179,-0.6459610525609711,-0.6125126343558216,-0.21979175412668722,-0.28975786970624723,-0.06169209720303095,-0.12498120040980072,-0.3530667911386209,-0.15986103562123719,-0.23093354646924208,-0.1296638293303029,-0.11284138854835635,-0.09283023504259554,-0.07377626175074575,-0.08279864343792682,-0.2201639992701803,-0.17920816919439506
180,-0.10625305574308702,0.0005170383616275113,0.025991220257207393,-0.16142652596753973,0.15129105352713457,0.22020911623618575,-0.05178450402422504,-0.15724168858723256,-0.18582135380417353,-0.07337034073339245,-0.06574712162882171,0.01773219035146425,0.003822162097951261,0.04528348990406796,-0.19817561291452815,-0.09754716586746222
181,0.027147243848522722,-0.11262766999155235,-0.22524620434753825,-0.7626982234819198,0.13118845831010925,0.026819162266357333,-0.27528726608243953,-0.5051745151554862,-0.1767709697624843,0.0037837463290254134,-0.07745640234990339,-0.02934888108186702,0.07662656537940243,0.13095779938560534,-0.14908482556042668,-0.11551975670879515
182,0.030345223941771412,0.02174253940667123,-0.005359889900038998,0.047381824974853486,0.26970828845775296,0.4500006575828002,-0.0146831138973559,0.18567465526274907,-0.24342338901563407,-0.1961966864703948,-1.964936744569126,-0.9285011308910401,-0.04621010186219262,0.02381302928704787,-0.5866152635382814,-0.24496206698606268
183,-0.21626032428511,-0.24668503383289173,0.019129106913237052,-0.157787125968832,0.1091343816552975,0.23718601610083082,0.05968023193104049,0.12660306016648246,0.021110758570496057,-0.05200943335121241,0.1433047864795569,0.034027246046837774,0.13475417545880075,0.14962285045930415,0.10231241242774398,0.0691856374243544
184,0.2864620598031563,0.21123066864335868,0.10055398596474142,-0.22267883596248408,0.47442704801762275,0.481833147964952,0.6244147097592473,0.046976824074662304,0.09062470499195314,0.2869491803471938,0.003977681816451646,0.07939575851328995,0.10120631149390172,0.22413594484077395,-0.1020371393539573,-0.018137899299200472
185,0.02496149664580775,-0.07954964609085156,0.06752344116208595,-0.0060125922347824745,0.22654992187003,0.0837333308674098,0.06980820064077789,-0.04273673755950769,-0.33017757406864434,-0.32631930088872324,0.01418883576653422,-0.11393626322145249,0.006496702627358465,0.04455207586583798,0.07746567014456414,0.06528074595516871
186,0.06687847535856045,0.19722185566895992,-0.045165944568943295,-0.04519885067156933,0.2276399905533613,0.47926854170958944,-0.23459190171938213,-0.1457177099939451,0.10913840858435349,0.22509108274907422,-0.11524012809582876,-0.017643069835569646,0.2239785706197218,0.27402596440230703,-0.7607134592059173,-0.27668529658599195
187,-0.27499693865307956,-0.3755115493945434,0.028226674370935977,0.024222702984987198,-0.2780590324045263,-0.14239361989694935,0.20905965765894768,0.2610103395072649,-0.053522554723394795,0.11344599923735518,-0.05528942080390702,0.15388869298870345,0.10364935550582298,0.153474816392077,-0.21834906329371054,-0.11671586656669548
188,-0.11976653436485131,-0.05423346862500378,-0.39978515669300907,-0.34931173202791294,0.31081246969630166,0.41790912043924267,-1.1878640597695918,-0.5653952941534474,0.052957646798001586,-0.10055912463196807,-0.035137582639829135,-0.19110474118615503,0.29488578167271684,0.49063534850708396,0.023618025759396605,0.18161310407196807
189,-0.27500916532186903,-0.13666797011258994,-0.0997956380999511,-0.041059847811238705,-0.02984635474759594,0.09123820603299382,-0.20052474693971775,-0.06379923618208701,0.15807908852457778,0.412897710014739,0.13589356720861812,0.34931374908162943,0.28651108248311824,0.4731209791833755,0.10629121568238482,0.27693679817320677
190,-0.11738151390650567,-0.14822942597767935,-0.26465619678593333,-0.33106457168766473,0.15603659272657439,0.1928441174819652,-0.7908299914732508,-0.46023430386632985,-0.013689502330128243,0.12156707629093622,-0.016716718151356873,0.06324756541014348,0.24993579284159126,0.4092120300396487,-0.07676156346668037,0.011575998151167388
191,0.03555131360460632,0.07224865098661704,0.012347337100707937,0.061736752817264325,0.18430355614106095,0.06124325257634796,-0.08489431869541014,-0.09697508789858478,0.059784233675946985,0.18275075623412823,0.062469686654390656,0.07476481733567747,0.22292350064945415,0.32780986454095307,-0.015582779272242631,-0.0495997344660997
192,0.04209565410960129,-0.008454967266527738,-0.043334495664901725,-0.020384261403553042,0.15349354424977454,0.1279426658265314,-0.1984070676981283,-0.1753632371415714,-0.0675241446936672,-0.01729861788245243,-0.23480721100960605,-0.15569498051312544,0.05679231011197166,-0.12031100842177067,-0.47356010615948074,-0.27788288054868054
193,-0.2179497018454246,-0.22733197001519195,-0.05211111612171277,-0.12046623493656763,0.03780860102842219,0.1258673696032032,-0.09688394930701436,-0.04816654276007448,-0.11918466934330654,-0.18934720423473783,-0.10149441287282021,-0.17480508236928968,0.0931679421669098,0.10199195032230693,-0.21456632632529377,-0.16736619586207535
194,-0.21992847055936687,-0.337946489367256,-0.03161545616561861,-0.11677716296613073,0.07826891079202736,-0.023062951726959657,0.050356679520032234,-0.1078488242500157,0.0713779669972704,-0.022153650014279373,-0.1650366631393103,-0.25940114529702374,0.21107154596243158,0.11437224487871463,-0.32575460716299337,-0.36216993347755855
195,-0.2674819334963339,-0.18599120900154778,0.12183051855834362,-0.13792520428077407,0.0689039627185971,0.10762032928809523,0.25978981605785206,0.15633524992975514,-0.06869172609506796,-0.0836510130647035,-0.030808585735750533,-0.1465808230438811,0.08728724615812605,0.06692758652146431,-0.10731375476751912,-0.09855344365575291
196,-0.22894547935612825,-0.24784237718242075,0.15976423717174384,0.05252526132084161,-0.15925560787845172,-0.17683706499067772,0.15553772814446923,0.1092192059579687,0.15581242952863944,0.11014809750930793,0.010795649146871245,0.00027226950560777457,0.20411463577626743,0.17511333017899489,-0.09456338493520192,0.027582422379787586
197,-0.4429551407811352,-0.20713476085631782,-0.3192050605443936,-0.21702130409353873,-0.15231478748764316,0.14906446963295214,-0.4226433110092728,-0.1560351703695577,-0.06058232209263475,0.2416221921657099,0.06926464417871733,0.25477065291438145,0.13715556186104808,0.33843994156238577,0.10183185745898013,0.10463160028314096
198,-0.05454622056716088,-0.24498253898428204,-0.013137543344996404,-0.10935107079909144,0.06273296876622851,-0.17211501896547032,-0.08417424343979656,-0.11406697995148234,-0.16215522435593777,0.07554781808524211,-0.021284985234755083,0.05702704101372576,-0.09404602994112155,0.00755673428235899,-0.2559664374262764,-0.0966812486529149
199,0.13194596030437653,-0.033616534108179934,0.03341583635922452,-0.12222278111698372,0.3419159017980173,0.4836814700715603,0.08214080032815042,0.17313666952593473,-0.10207469728974118,0.10500597711395433,-0.01495300865557875,0.3538304065804309,0.1162463677436902,0.28801376135891726,-0.623674404162861,0.005217294555662055
200,-0.20542025762979393,-0.14393954307969856,0.029766014390387233,-0.005486134557835148,0.07014925786521906,0.20098915833386788,0.04043898839894591,0.132161805483068,-0.06034795943494539,-0.03884600417339169,-0.13359691752620545,-0.06537445905757376,0.12177945960349403,0.17168025594310116,-0.6530026018235893,-0.24655265008587793
201,-0.02027820855757107,0.09828364333009529,0.10990631446248592,0.1447252245232845,0.1665518658683184,0.2464359295756783,0.14384758358149197,0.13987877532961293,0.14940190187668492,0.11179089447015884,0.001311625739966112,-0.10602449889854698,0.22661211903151451,0.3442740355968354,-0.04871123627979531,0.013215153384609027
202,0.001919271693494283,0.14646653037275303,0.04330650300897818,0.11669273441533191,0.23545899999586922,0.4810118874059715,0.06251367062648924,0.18119908931448817,-0.08829316404498491,-0.1932052459617452,-0.17635344302278463,-0.29089561730773716,0.15857196009081037,-0.1038823913674434,-0.23890745541933986,-0.5392618963810017
203,0.05536601282360217,0.0806664150641677,-0.09340198961244511,-1.3576117489402037e-05,0.18206529583066083,0.18612455189359178,-0.27374434861104413,-0.11318511801739566,-0.1280663633053108,-0.1315454344675963,0.001289324446042865,0.00609142553933496,0.11376666622052059,0.16177036917557536,-0.04076715597814457,-0.03082560983880267
204,-0.11099973189995571,-0.014144043298851086,-0.19588404784700592,-0.14789100185162354,0.059232010522988966,0.22983945205726983,-0.5575765654172663,-0.2659765033722886,0.035415127372448334,0.10584759896828679,-0.06308307054731821,-0.007601867123530231,0.19042702901220032,0.30645845931578813,-0.30307467987004894,-0.09530971032301934
205,-0.04529129134634116,0.29006136762012463,0.10567167593200263,0.43933835977027164,0.22428458522651434,0.5497309014643528,0.03569217936512486,0.45896855362260885,0.004474437845315542,0.00013227036622594687,0.04350552900346006,-0.012388082780105352,0.1325839648273294,0.11328573202652474,0.024149558197040427,-0.058959265663020934
206,-0.15708232441538997,-0.16670146070593025,-0.06521039156933317,-0.07967500184481605,0.030944094925177103,-0.007985652817069866,-0.2210188783280479,-0.21912480629046704,-0.11234974139944882,-0.11439639914704729,0.062324272459046835,-0.04696548318767495,-0.011434726527390547,-0.03627946292552977,-0.010712956707587018,-0.07415601570629586
207,0.0057897417663563475,0.06100554312201372,0.025664509885846894,0.003585114812198637,0.1342650761497079,0.10524723687790379,0.07178752586361326,0.004055034801853023,-0.08085124513474494,-0.2737278181768179,-0.21129050632014287,-0.4485093899615537,0.05979649410611527,-0.2307668488600947,-0.35690874927977867,-0.5277160477763698
208,-0.16356687959671562,0.03946096309290707,0.080853743422839,0.20758860949936403,0.12065709283940654,0.3052921697028418,0.04608286129447918,0.27418940909711625,-0.24180165481741311,-0.33750176405542154,-0.06380144834477557,-0.18232236293646256,-0.03588775695055824,-0.18697324446425315,-0.08658572318385883,-0.20008903002006276
209,-0.2201498531393011,0.03256139026361399,-0.18536785690847843,0.0816746137088972,0.07282519862823063,0.3068653932901162,-0.5143131520862482,-0.13694942186992762,0.13507688269522752,0.1996260629699515,0.2011536277298193,0.08303033588440518,0.19125290640616566,0.22855890695957504,0.2650662251497333,0.11507319378178582
210,-0.23431556440518403,0.08829848412531946,-0.247075830122747,0.14482140950679703,0.06545923620811817,-0.09890153655921918,-0.34090810528384974,-0.14356774880725942,0.03532701197697533,0.15749542157759736,0.28445596038130877,0.2662120912116794,0.2285398747445286,0.46328386288794665,0.5185680390168855,0.4271332236715175
211,0.02549505989031364,0.07473324076954191,-0.12892342113987107,-0.06971466437597285,0.14194294525184262,0.1939928865770589,-0.27514133812766645,-0.11318730419316099,-0.13940068415846957,-0.052732106338068505,-0.08587804139168055,-0.016867207113674922,0.0837631313123561,0.09161038059470113,-0.20258885084695405,-0.10947000897932939
212,-0.1413945419824144,-0.11672161821980105,-0.21380105297950794,-0.23516931555129988,0.061578635203181076,-0.07092108389757366,1.0618484382028257,-0.5316534897007679,0.03582045186649234,0.06903248904138838,0.1425269310572361,0.011017513254232149,0.16088008942240994,0.13515524431728904,0.1556135738050566,0.00015897696256494953
213,0.08303197192787522,0.3188015552984466,-0.13232558087498156,0.02926879068384772,0.17441382960239815,0.2292024161928551,-0.5855850717539065,-0.28653565715986073,0.09403630845383965,0.20286840127052447,0.03348899836689485,0.07752657071577528,0.29765851431428675,0.4377576893589599,0.08649433889918602,0.14790597992089924
214,-0.06326933072093598,-0.12173258715372955,-0.27409976615443565,-0.09433476457468139,0.10366475593963066,0.13801296918785133,-0.6732181948428838,-0.048343151701866795,-0.1331373649992701,-0.11332900815240331,-0.04979608604595658,0.022043223305933966,-0.04084272898178273,0.12683603188993023,-0.10907682193188792,0.14627252943959732
215,-0.1695465404124232,-0.04621657868462845,-0.08961757537429478,0.013450710821719043,-0.05782145748869955,-0.04758781489799554,-0.1925943596079813,-0.11917117041990237,-0.029576277077507884,0.005962347572560119,-0.02011334423322075,-0.06076898824968193,0.2793066634780724,0.4792247484140365,0.062005927799506526,0.05857744144793361
216,-0.011502507381994981,-0.09014454866327061,0.19208678450059966,0.08013151576825273,0.1410729895346669,-0.018717340331777965,0.3036016434888497,0.05295000778954728,0.11275993237004006,0.39031971621936656,-0.0054603665769176754,0.19214624433879307,0.1823870912729333,0.1786322334336958,-0.27151249046232995,-0.1883123012821117
217,0.06909594742127972,-0.026695136704423694,0.16528251866493035,-0.017344167238241323,0.18625389900530878,0.21804717271522625,0.27346224253228657,0.2294995854755751,0.23600750541610574,0.5285225435298788,0.045507637099636636,0.18355834052520753,0.3460234200638956,0.45863342775350063,0.02934185373952492,-0.024642929672400116
218,-0.3187746625030863,-0.4664025828096074,-0.5149965048934373,-0.4738155419925164,-0.07646784397826746,-0.302931207563623,-1.047642474984597,-0.6815682533952844,-0.06580681390948578,0.15088123530358913,-0.16905689957451855,-0.05231961078673281,0.1373698877346383,0.202088217129018,-0.5309160994933833,-0.36693513331308436
219,-0.04882386672584587,0.2558141861549819,-0.11928679318465527,0.07609752384910434,0.058371554437128,0.13690137080046802,-0.3804368710581444,-0.22522975006480328,-0.1942833482862058,-0.25944266830181373,0.01645668980423532,-0.04558525172539018,-0.28164785614375515,-0.26279168172794176,-0.04421172545042605,0.05378553546628314
220,-0.10510734024652206,-0.15788170802834406,-0.1424313585257306,-0.12873435328353958,0.08917014600313165,0.05843168786683289,-0.7209455487535129,-0.303916055521998,-0.20902465935622588,-0.07183754706623253,-0.30965187898049495,-0.10663513654562538,0.033388575041034915,0.03854411192999498,-0.5328117365565088,-0.24869599975841536
221,-0.2702315981842396,-0.44743386987786954,0.011083609441877909,-0.05460963185805772,0.15319984814986004,0.001342284107959759,-0.13004257863431234,0.05837320941278409,-0.135465610980036,0.06975505870600525,0.050907583599606655,0.20340791879449674,-0.1442392759779441,0.17930222962351192,0.01737350647288619,0.16193567508500328
222,-0.044994614078584634,0.020405190591346947,0.09356565929533806,0.012728074001019718,0.1836110218176366,0.3197609188412033,0.13857899889350028,0.17641989209787667,-0.0415618266937954,0.09517847981173506,-0.056628984863286005,0.05147546867736879,0.10086894667351456,0.08038437492429736,-0.0817576492709209,-0.1670249386864221
223,-0.22046584448355208,-0.3469545094319307,0.06983512724982138,-0.05182947455799274,0.02730136506412744,0.05242602670052582,0.3403434299911355,0.10909431488921095,-0.024940535973040502,-0.05775867273470074,-0.006508731045907592,-0.07001809613972781,0.20593913578978001,0.33175993531238956,0.043866088994048605,0.011461641925119595
224,-0.012798072309386635,0.2650161223921716,0.07197655090885083,0.23726195929415483,0.10955012731376687,0.28760201071473507,0.009069718602243492,0.14907485157027575,0.037662358868520075,-0.20239248392216927,-0.12559776363989714,-0.35712020812001277,0.19796564679826603,0.00239563986664777,-0.2617135154541402,-0.5347171034383456
225,-0.13130449654244034,-0.15296850077870705,0.10363888770867832,-0.00755358086051807,0.1332865935388063,0.24360331332426058,0.29055155645327424,0.20903354654896958,0.060121376410748224,0.29035529309559166,-0.25879200646524936,0.15397621474410783,0.2516596931141384,0.4509502173919902,-0.5152379134790952,-0.031023951794806732
227,-0.06209916540786027,0.03627943803136377,0.04769678947063579,0.00773723524989692,-0.044844980188134896,0.012138203852535426,-0.055305161850351094,-0.06201577397210278,0.09135150754776492,0.23862344800545998,-0.01289890837849652,0.05652199359254691,0.34025911670172415,0.4602806816921022,0.1305836512289632,0.06470206016690701
226,-0.12281998217537204,0.01181588147001319,-0.008253277182334501,0.0618286695014203,0.007616606494915475,0.13308351344289437,-0.24048971590830975,-0.01813580314621473,-0.20677192735067357,-0.39362571907569055,-0.2213103247310955,-0.3551637485112841,0.09414498762127152,0.13967053107480262,-0.30694417100437615,-0.055379041309890686
228,-0.10267700819595107,0.26290408988323166,-0.14557398993173945,0.3105333617932013,0.030637142615164318,0.34125529618184786,-0.38435485312423695,0.23550613508471283,-0.07130369430346169,0.13037356305286613,-0.06073892016275942,0.21271269080943425,0.09921770501716112,0.3421923011018252,-0.09306210588661264,-0.04304864243297483
229,-0.007771738970957917,0.11724062665454422,-0.06338304028203547,-7.0599827455174555e-06,0.07661531786424461,0.18074880064568788,-0.13347290899714467,-0.05412541649187996,0.08790483000749928,0.01237811067830119,0.1051016796058022,0.0533577864085198,0.30386303805417386,0.16860864402546621,0.5441880288769215,0.21586345268515958
230,0.2529828337997086,0.2728253539930954,-0.008901623714201957,-0.16592723409575172,0.41892205366159857,0.45954399505917487,-0.20130435502029306,-0.2645175936046984,-0.3879327354893436,-0.13816900105119082,0.024183951514540284,0.1062582744030715,-0.09578116000593391,-0.018154183467405095,-0.05511491697815045,-0.16321499030795109
231,-0.1823260073358034,-0.18488485754782852,0.10440781244042505,-0.04516058226492123,0.04536431039425967,0.15427523540862134,0.11201977063594036,-0.031314942850685035,-0.1023667552023709,-0.029031209795125804,-0.17912101168601088,-0.07222285424698063,0.10658404453581545,0.057600674493637725,-0.7862020002331734,-0.3691818962901087
232,-0.0773926912780757,0.03321468332635333,-0.02270862662469779,0.07149737876107788,0.11164166298576172,0.32392612516171937,-0.10772194008892215,0.0491859489230837,-0.1359309263992238,-0.08440674356914903,-0.010286100312159563,-0.014236037176064425,-0.009339506418280616,0.07940485925403289,-0.3236120877342738,-0.046543074045675294
233,-0.01409897704872854,0.02780273690720334,-0.03855872180454259,-0.11906469431330874,0.23057926041122292,0.4553245885731341,-0.09602309167669958,0.12656808362228103,0.01670258508167031,0.09184352774894919,-0.0011861715431731204,0.012127263359541972,0.16643370218373982,0.2769692876837386,-0.1400051311057044,-0.01714982745514689
234,0.03433561176310046,0.0463196775316974,-0.09581280708560601,0.005313737368957935,0.19968606014336265,0.20642937146683263,-0.2028850528654553,0.043796549568401955,-0.11663685318794681,0.0009868433702775532,0.014552283265867235,0.07180463381929612,0.0660122220232783,0.19778627367990023,-0.06263454639796676,0.1335395045973978
235,-0.12661521127192385,0.1314130535654956,0.22164197679666742,0.27038440752826637,0.11563041081756645,0.4804489165184287,0.13229135574956458,0.24484640132861504,-0.2715109530903485,-0.13829698639204535,0.013041643529328713,0.011143449469097899,-0.0815823965058455,0.0527248120687319,-0.05970666634209826,0.1262442527477742
236,-0.11376949331980528,0.31635850692486944,0.13879627266281128,0.28350716553169963,0.11705295116347053,0.4352620251865749,0.10000499766093374,0.2375526250717215,-0.22108304764823566,-0.005255240234748578,0.2293058278797095,0.10235499292447449,0.06114793312151357,0.30167230101329523,0.21807750087900934,0.2276926741598652
237,-0.05981996242447285,0.04084677833410926,0.24676056685704684,0.33357550137561415,0.05123822447916454,0.1112069370754934,0.5068091854361666,0.29868787285601245,-0.26208198297162855,-0.10546059208285591,0.061810577034147045,0.05694554346667177,0.03493041764994205,0.2198388669812681,0.028556131230893515,0.2308110835009021
238,-0.33726468265974113,-0.36462638369335176,-0.05282087652738063,-0.13340750982747257,-0.2555026883916435,-0.3174466643154941,-0.1512170356842124,-0.2862584016117336,-0.17292227432962587,0.03366829427378171,-0.062442857185171965,0.13317616367392038,-0.08897876768188528,-0.0061971229064869075,-0.2076265118439096,-0.12036724538134007
239,-0.005133078571466493,0.156037657307093,0.21992484414400837,0.24886677949149513,0.17960735309124176,0.2525187843626331,0.608226910924537,0.3764047503047972,-0.11015136952711195,-0.19294496540366068,-0.06581936052545709,-0.0809199742991046,0.19577361949733452,0.12783549788377635,-0.09949155528701668,0.00869835452981449
240,0.00207983205485512,0.21839716723713595,0.2153541700269551,0.3728235558680412,0.1894092426317739,0.39651888207141556,0.21096563357915962,0.327325562304668,-0.017393632997928447,-0.17859355410140096,-0.22977200801382497,-0.22860636153449967,0.1896452970343579,0.1630644695259188,-0.35533062850034547,-0.06348641867741704
241,-0.22133439160941432,-0.4109451613599193,-0.1885919973996372,-0.18024119199086908,0.03144543092318224,-0.16273152157925977,-0.21046381226194047,-0.24840642923647505,-0.11084560033366077,-0.08625423693288499,-0.26943480319842605,-0.27662398384165127,0.22980709792717405,0.27947817698977456,-0.7388044769093386,-0.5211913981846693
243,0.14692811170725706,0.2010703870598291,-0.13310039085741104,-0.11702770057148587,0.2667503468688468,0.3046251538401377,-0.25862882004389676,-0.1760033356981675,-0.017610724002482307,-0.1859173296073982,-0.11212189822712099,-0.2661810482055922,0.11190220378270824,-0.05810825286050549,-0.29981398997626624,-0.4150227652071395
242,-0.5244743227697009,-0.349298959855899,0.027696479508317592,-0.05250693446731223,-0.03941986165018679,0.05586953010329567,0.016989666398199006,-0.045226266073286135,-0.2342937223960181,-0.25056538559423197,-0.1358675284381272,-0.14394645975599846,-0.037049644364675685,-0.11170844578391077,-0.2554335583797024,-0.2373355448024896
244,-0.09637773199913026,-0.08007748400120465,-0.017848244193437564,-0.07981465345454082,-0.04748097082905694,0.05727153425052217,0.004269273582236204,-0.06732231822221461,0.07522095565741915,0.09121593973528135,0.18616583144794252,0.15504272607124775,0.2051813022011569,0.32380794840102267,0.19543184091787347,0.19507823353565804
245,-0.292878786910837,-0.2575019176489484,-0.28603889301800467,-0.27645581220297255,0.02268199116502755,-0.11542434996583208,-0.5644907927764461,-0.4893057086630668,0.06299362255754676,0.21539794232524728,-0.007623087249462397,0.039413863389174894,0.2815647269399862,0.5523016337244326,-0.05390284468190266,0.1144893031150818
246,-0.3556501006902784,-0.19128661809554945,0.20334674632577585,0.007258011381452747,0.013625016424397687,-0.08164948321343161,0.40857060914143,0.02934957847430693,0.022084991824037392,-0.02973083583737098,0.2693981483366747,0.11211728905962767,0.23678138253016842,0.2157653114103967,0.7295791698705858,0.023466292338576705
247,-0.1354702334778538,0.08553766641058229,-0.20239747601084887,-0.10384399574177419,0.15657982521944178,0.416683767182213,-0.3224019257000753,0.06211918816965367,0.01847875357865049,0.03974819644654359,0.37997321137264534,0.264098659611648,0.2623923383304958,0.3248247791145941,0.6993829837298944,0.3775405833447996
248,0.08616548244868617,0.09748043568906316,-0.09603917156794271,-0.2166012334953166,0.23908600058494292,0.13839624351831722,-0.0702138339077339,-0.32175621936030646,0.07950103004211502,0.040684442598391546,-0.11852091197908567,-0.1745045576752699,0.2721672076404783,0.3808086692649528,-0.14529411337742423,-0.2600660743047385
249,-0.012175503646254877,-0.10232495745473716,0.20017285159748316,-0.07910867055301764,0.08135810724274099,0.0375291422856431,0.3316271320032925,0.04840858227373527,-0.3079757253903922,-0.2844552317268342,-0.13512118956211605,-0.12667256874374158,-0.153997889395516,-0.08386386689610717,-0.4010821585710341,-0.2904021705216793
250,-0.2853410837703591,-0.027848744687564094,-0.24769135543959875,0.07597481235704412,0.16307452304305928,0.41662175240462246,-0.4526681632797837,0.11172726868318102,0.017166222160269373,-0.0635703107188346,-0.10592967763450593,-0.21751123130335379,0.20212950160518653,0.12117453668936858,-0.10161557069390002,-0.2563713765981438
251,-0.004075377626846839,-0.20560893043558684,-0.10726040907902692,-0.2249526486930111,0.1266242892916391,0.022574522885350595,0.08167054486988097,-0.1794795457059334,0.1359878811804365,0.1054442598373094,0.2749294776699942,0.10211083493716094,0.1580947403533148,0.28453571998270555,0.4020342354676981,0.2653395380239933
252,-0.3343438711868373,-0.3617026112728885,-0.08150352198442112,-0.08903594759561068,-0.05208132683830541,-0.18804101226959988,-0.12429133880601095,-0.16385085808913105,0.03524906269848164,-0.005305334406533624,-0.21119584238571826,-0.18055350453589183,0.24287012110339873,0.4234415307960993,-0.3448482541133603,-0.03130491905253049
253,-0.10173335169590472,0.024319858526625535,-0.10856982205929373,-0.07781148349655388,0.11692967890321844,0.21210504802981442,-0.3737018715335822,-0.1993011165758234,-0.029363025359099463,0.03263873464728628,-0.12371930924367096,0.020452719013223472,0.13433056127460113,0.08131704818245997,-0.3730474473657277,-0.04542362976111299
254,-0.052435007981929176,-0.003124753649691291,0.01845592692520631,-0.10565188995544102,0.09539769056459858,0.2194691285411791,-0.17632414997830348,-0.09455608321086746,-0.1473926865544236,-0.06321211984985818,-0.11470399849555254,-0.04669225087911368,-0.1608581339015502,-0.038776850851074476,-0.6080912696222135,-0.22003326086317898
255,-0.10587006939360408,-0.041501092026966176,-0.23259160960280484,-0.29620202473545415,0.18118990042987212,0.3246731417277781,-0.364935537731506,-0.33976326576745636,0.02518933273244873,0.15985781302048896,0.26566284724963674,0.2091398064302479,0.11368574658388886,0.2369022289698198,0.17405892102370282,0.11956108311410525
256,-0.09322213151924272,-0.01333577825725223,-0.42966941361128186,-0.2451631955843527,0.21612457180110817,0.29821871640009023,-1.0433081651091174,-0.599372261237598,-0.056139168396614425,0.0016321273847498892,-0.003973467572947248,0.01908033635256249,0.11022017316044067,0.2267728916606429,-0.04472390792946199,-0.07369904318110816
257,-0.2568547591819826,-0.3890257886026963,-0.008979666047534154,-0.2840481906402148,-0.07126372646308568,-0.0929554120342609,-0.30968122575318524,-0.32421928980862835,-0.08434296031760447,-0.12372977908237333,-0.0708066013310839,-0.09111850401520073,0.11085315839706374,-0.03597977980294085,-0.2682643962905572,-0.28796142373280037
258,-0.48207940899940327,-0.4529399050267454,0.07370740865898887,-0.0739676575857068,0.0013574847726744205,0.09304666142489754,0.11276253272146178,0.10203365555263559,0.08806632340206336,0.08755715372115332,-0.07007610237015793,0.010765370435716985,0.24350631231733777,0.45685977822789053,-0.2820889058080817,-0.07982584913397424
259,0.16468793854979757,0.22557067859951652,-0.13695335779631698,-0.021268744740255995,0.3142609413779362,0.2876651832597718,-0.40598623527857847,-0.3697645944651992,0.026320572158700033,-0.1084838970786752,-0.055144752576621096,-0.17527815132675204,0.23386594473957745,0.1491070784235806,-0.13931571382488353,-0.26555715694809245
260,-0.2797051569284833,-0.42230268099619905,-0.180285846542818,-0.3284758800483319,-0.11544670313698675,-0.25075615821044256,-0.2831019361649289,-0.4530886317877754,0.12876218036527332,0.26806541718183274,-0.0008520425524622822,0.13989019705165434,0.2815584557157296,0.46477319539929807,0.004074622228527943,0.18331499118788433
261,-0.10054557741388104,-0.21115365470640396,0.08620955327719301,-0.037554557583417546,0.09172621857014425,0.10099207941489728,0.09623670565350924,0.14586280691060158,0.05201390361085481,-0.24772978243071456,-0.01488064359065764,-0.398211030234981,0.20130030188330306,0.07575149497195466,-0.09607065957096543,-0.29315107120979506
262,-0.03822559495077971,-0.13009591856607503,-0.08069901336925571,-0.17626298492317313,0.1802203479851956,0.07258560746240196,-0.07996474140616389,-0.14198630055728864,0.05663592103666371,0.2610830655986832,-0.08149968607630417,0.21028755835213858,0.23725678710846082,0.6122943745643996,-0.21327780170084032,0.22808598885204148
263,-0.12593705098457142,-0.23399305319984476,0.30079636356504735,-0.4881112200892207,0.1421260446340016,0.08045119350111211,-1.66527409789378,-0.7749844591924164,-0.03156237326153379,0.10851322692530048,-0.06100845992524103,0.1759502872594263,0.26829393304564136,0.12569446996121997,-0.1413016267408394,-0.18802543916807357
264,0.00617113835846476,0.14828794191863778,0.09245189662978637,0.10424820528320886,0.13744976829995265,0.2105862369071063,0.04999514252681061,0.07713975660911392,-0.1697116498106002,-0.11880532398072682,-0.5778522573866968,-0.48689432820965745,-0.11698092607890011,0.021669964011031183,-1.4217958097304262,-0.6449934229581269
265,-0.09590999709836832,-0.24009354553508003,0.10309452903662497,-0.1880432453813097,-0.07134607442740143,-0.15327123994221417,0.17619436372113795,-0.1354118074404774,-0.17078404948179307,-0.10967480521008864,-0.051255873780623344,-0.037605755278693705,-0.01902221780845815,0.12378810213709772,-0.14091954981044938,0.04828265599461631
267,-0.07867277714864632,-0.15241248779039507,-0.05437517224704775,-0.07612970754153148,0.06343809073743785,-0.07252849875843696,-0.01557758688865426,-0.08098184240244792,0.03950190673819376,0.12290601811503336,-0.14380550264380634,-0.12517349181008025,0.25436162758371283,0.3954317517978837,-0.32535655001309477,-0.12759954830151052
266,-0.12247797097455708,0.003684127333883765,-0.012133723709265562,0.017393101344923424,-0.016020184968139596,-0.0573896920407152,-0.02464704908799085,-0.10702019203183621,-0.13587864019367604,-0.12801341154074186,0.0491799174652435,-0.046916377292336844,-0.30165752828498166,-0.23149860401837943,0.03871523771945447,0.02497303060337482
268,-0.12733048917216508,-0.13518365205174035,-0.5250972085112094,-0.28945825708387685,0.04865033788980742,-0.08969597394327523,-0.8650002147352309,-0.5975958691583522,-0.046960891711603794,-0.0350160187977405,-0.23006519414103382,-0.19448533263124712,0.16579489958157512,0.16030633417700663,-0.711045490318412,-0.5640984291744208
269,-0.2999230933515968,-0.1238563764156327,0.25331309906134036,-0.010302154008631093,-0.02074501305828588,0.11239203431666546,0.38416762903893875,0.061123049494083204,0.009722093972518537,-0.05295055255906142,-0.16698695384215623,-0.21180123021298394,0.1847716708360364,0.15046944608426296,-0.39664209789498744,-0.3879509613515253
271,-0.20776285075180825,-0.11986548903405717,-0.2435419079805085,-0.06929064217046395,0.049380790784172686,0.10802144340545544,-0.5104223867111634,-0.09233336556934339,-0.07767473258063728,-0.012949060997687445,0.147865580209609,0.173408426969773,0.034680518009739494,0.07277933883465744,0.048297326677547214,0.07911683866377188
270,0.18309830188829662,0.10515319716509923,-0.004730724190040792,-0.25304951551565974,0.2781599009146508,0.3278606222701343,-0.12765798743291962,-0.2163912535309853,0.022956324381449112,-0.14429374689990906,-0.11061558258873584,-0.14074445180975784,0.20763651056376356,0.16525475342699852,-0.3147182312613112,-0.2862397465059086
272,-0.1337222042870534,-0.32357524104805824,-0.17400907853630468,-0.2869049572030431,0.03315753067913529,-0.1892049599432402,-0.43538678670044784,-0.40591850551785097,-0.1427694442542663,-0.02301044565411469,0.01862932641226753,0.0934967590212083,0.17236465762542438,0.38960127677606404,-0.003013161445200836,0.10794509545176141
273,-0.2406471982088362,-0.5527597514840266,-0.061607570146715744,-0.5034485589438187,0.04074207202345585,-0.07143280440957932,0.0033565748016663914,-0.2271161544071072,0.096600331443626,-0.013146371778599246,0.11363941669875413,-0.0746581334618025,0.2810257651076845,0.1080239299994955,0.35510703800666615,-0.2293492820023865
274,-0.029220956233711355,0.026103609913367562,-0.004724637323241391,0.022855723058031577,0.040091859968738285,0.047100505676471595,-0.1674134228917701,0.03098839188528853,-0.1580883106205958,0.030808168525968002,0.18660005153724946,0.16372976071147483,0.13676124305654677,0.31857825830910563,0.2666824002138144,0.25985623594080887
275,0.07522575972237847,0.3134161866619105,-0.3443329411296977,0.038728917167299225,0.2670845204467739,0.3146367468530809,-0.6942571159762001,-0.20923617547534934,-0.28390060602930367,-0.25663152694193003,-0.12276284874094552,-0.13120320925814447,-0.1327712699197504,0.09986794312224549,-0.24318387186856016,-0.10771995498284818
276,-0.07219333796440607,0.04316653861924709,0.019129279582442427,0.06148292756900506,0.17542630962418967,0.37380661652149044,0.006208753415811701,0.1344344489397068,-0.13433406132502107,0.0280980567420485,-0.038516057376567624,0.09841836144053463,-0.07567768806078905,-0.21012205882432985,-0.22954774636913858,-0.24205542261746785
277,-0.11838869700095087,-0.06789896176642332,-0.08879751857351942,-0.03150721046651919,0.15394500231677855,0.11757257207606299,-0.24928306603204778,-0.19522869438372445,-0.18271622257734788,-0.045492586387926116,0.09522423689295596,0.06733287408448918,-0.02144161002051069,0.10673819691939354,-0.0459792278134227,-0.12807752648787626
279,-0.24228481897431856,-0.19602829566026733,0.029923745016709833,0.045984546609090356,0.00843333886629665,-0.015861476138353054,0.14319039443465195,0.10636570720378143,-0.1263822251145188,-0.16183038002009306,-0.057350042647376226,-0.07579147672364074,0.07723926989790529,0.12823973786601597,-0.14115085968046498,0.026157692531517156
278,0.007965510958536788,0.14387211901852903,-0.12144284969289611,-0.015034221989740804,0.20237954095237712,0.3075327977178842,-0.31772823542068473,-0.19512921201901798,-0.11602842069654534,-0.07495033735325407,-0.3160612645222695,-0.15894339139941221,0.07005941746011235,0.15556558327232817,-0.6283917903822378,-0.2020723421804449
280,-0.025928678087788544,0.045435470843226716,0.24360657380434778,0.24184479233781422,0.19187595171241284,0.3623845710370663,0.28344018575690394,0.23121488977443996,0.0019929557718676135,-0.049200232986626485,0.12792313879086079,-0.04855776529729495,0.2032054352516568,0.23295054460214032,-0.009150717879446156,-0.03144189426912103
281,0.22108210836208858,0.4797780855770505,0.18194538132307655,0.2110563960465659,0.26901836759915004,0.28967499467466956,0.011179286052458413,-0.14996848164273005,0.09099519427124513,0.20471294054244735,0.05465862881131362,0.09392342496417304,0.2459517785322108,0.3403122496344306,0.18249155279296791,0.17423520995256445
282,-0.2035457487191792,-0.1056063694054268,-0.035765790127997424,0.007575258080273917,-0.17103420227148655,-0.24513111235254578,0.26601110836812736,0.08743614257948999,0.02257857357399763,0.08862165847955555,0.06081862750483356,0.13875507852847938,0.23288881470783357,0.4277645174271427,0.11294345160691271,0.12877728211173875
283,-0.07417569635238563,0.2032476085961435,0.05973120821952419,0.20933279093602694,0.24638786740826366,0.5187481439631243,0.03108602887033882,0.324311167217149,-0.19618055079947974,-0.07149070990167965,0.03381816534720433,0.07067788612138401,-0.017390405366385583,0.124561163430844,0.0623967348229033,0.12169643432941342
284,-0.1656246322404614,-0.2155088280656016,-0.22720024702386363,-0.33091334565617414,0.12136017547586729,0.09831352953216389,-0.5152793887475007,-0.37570642269946636,0.017379757061972628,0.039726246251762416,-0.19403601404991064,-0.2060994327871556,0.09459394333178445,0.004156324161931124,-0.4384345239405138,-0.32787331366278805
285,-0.06751369150383539,-0.016726820711001695,0.08606727798081454,-0.01631466731651973,0.14378325997236857,0.1710166544676106,-0.12037208082431712,-0.10878982551198484,-0.07738025535228492,0.04549725500292392,-0.0831813649890037,-0.016413201545864575,0.11512972142319078,0.15983311884219836,-0.2794581570432367,-0.05581217774547979
286,-0.21133920252384428,-0.3361334262551523,-0.13269215139351262,-0.25151618878129245,-0.0743091614010966,-0.41929587512159044,-0.24099855302051876,-0.2993035494519109,0.2623801162450246,0.7712379840848752,0.382324972538356,0.7319278839701995,0.2271945765026785,0.5660068124786047,0.2687795352234098,0.3242568026385542
287,-0.26708410180104303,0.08038933384844621,-0.3195325060817873,-0.03291121798329677,0.15212956374568556,0.35697708745990103,-0.8783813769624642,-0.3607370268203001,-0.19890766741588653,-0.3487502835962406,-0.16744586976997364,-0.31130580881385395,0.016645794163836675,-0.1878122408599097,-0.3098238784853452,-0.46004947579497685
288,0.03642197205106376,0.1832253597055813,0.02245655305274671,0.12376827945294545,0.17284267320435007,0.10177263943050097,0.014333947465267203,-0.03982826431676215,-0.03402119732593276,0.1032327446251429,-0.09810745819050623,0.024527879624855455,0.37535613846097055,0.5184614224951554,-0.23229258152243654,-0.049387619440779185
289,-0.011678900845972609,0.21841886183881606,-0.1915105879499151,0.15102419325788435,0.1658103960412372,0.18877791903915886,-0.47547364823801397,-0.2064582957935924,0.09543533973963288,0.11145478389297359,-0.10062539124937744,-0.08897541964048049,0.34191898027944845,0.5348806475687606,-0.2678426963388473,-0.07116105366038612
290,-0.16499950222360438,-0.2935994671422323,-0.2655836542134642,-0.46789658211927493,0.0377579513786857,-0.11062710206704864,-1.2746832730785305,-0.7635079405940913,0.01886673357261191,0.06619050605827748,-0.03591858605324174,-0.027922470060111407,0.17047745597324004,0.13354634017880146,-0.05850829857994802,-0.06810078177991175
291,-0.6811178108006006,-0.636159146174666,-0.3128777964564538,-0.571036643965895,-0.41412222543518035,-0.20461139731552744,-0.43161159196941673,-0.2842522564032911,0.07413426815581296,0.06215394057001375,-0.03816354326232196,-0.14733079543573988,0.2372955834444045,0.1973758439139568,0.14805988209662055,-0.09904598543471
292,-0.12545870100915546,0.1479230495388501,-0.15854596740613383,0.16966743570562343,-0.028100615322060693,0.012998155135004555,-0.38001534447346663,-0.16028226800237041,-0.0030832264095462347,0.07139373994887024,-0.025074571740662136,-0.013563229988442605,0.07025120547220906,0.13612984555800328,-0.08360153947689196,-0.06919581099179817
293,-0.2823728158591441,-0.3733853800333413,-0.35788138882146286,-0.43972123753989084,0.01005767672300193,-0.040943812408010094,-0.7864479112950297,-0.6494009437322102,0.18537637625019324,0.27969878525814307,0.20499404850033434,0.14466644517746552,0.3078327627325634,0.4664580092530334,0.2740151729816945,0.21895032858757388
294,-0.26342620604606726,-0.26364132720608535,-0.30828287510640073,-0.33153493679589874,0.0456621274853002,0.29094956221002904,-0.782156707210985,-0.44181816500616683,0.026447242300678665,0.11281851023843432,0.024530583189936808,0.07708615259846056,0.14284432844281422,0.14080234933585561,0.04562209981457527,-0.041681531989315825
295,-0.0798661276141763,-0.07567121488138585,-0.13902092016185474,-0.1344839313001613,0.11868248707853243,0.22490241123839275,-0.3669935135147114,-0.15197904798387965,0.12509294153693565,0.1636269233853505,-1.0030349108986036,-0.5046735873100116,0.13583642748232044,0.13787523115026468,-0.8160896580851001,-0.4682314104973952
296,-0.21310239023827632,-0.1488589380585788,-0.015680117992723005,0.08172634795970923,-0.14576356514434452,0.0018637328503157136,-0.07236764589032413,0.08594561498414681,-0.01879505720619819,-0.09949687112257048,-0.1349302178877294,-0.20584788144964516,0.13088118693303424,0.026153430159122616,-0.29197675091055725,-0.2764607589934818
297,-0.002723093309979967,-0.053930207520426404,0.10777180204110688,-0.08164261683005654,0.16833415250159645,0.14102074166890446,0.20970259310173311,-0.02360462325076662,-0.11609137906050133,-0.0984914723827705,-0.2737210229393388,-0.13659404111199283,0.08999271611170033,0.004759361067889545,-0.6228306887082075,-0.3809248715652534
298,-0.20997724511661753,-0.34533185804714783,-0.3680092957637621,-0.3274589636175222,0.1187779654858862,0.2078829048087837,-0.5718561355416679,-0.07686483029756556,-0.10350985124234176,-0.11702228409018058,-0.11736220555123218,-0.14717774896148772,0.08320420020432018,0.039266561180564284,-0.4296419147394479,-0.26237519616245014
299,-0.04197080796069002,0.1203922278796855,-0.10651855223640418,-0.0063345771378686185,0.06863553279866257,0.08185228816286567,-0.291790058933841,-0.25043973602744923,-0.09777261351986101,0.05861813501293551,-0.02038227537790508,0.11831422349200463,0.003553645715300297,0.030681295459074453,-0.13912781108396557,-0.2177268743232573
300,-0.07540986441662693,-0.17493095559301947,-0.14390516105675719,-0.2298089560576221,0.09261001390062404,0.024485347817291114,-0.21677700713379414,-0.20743253751006627,-0.03736032280048211,-0.199509874310653,-0.15471122169692042,-0.25635230175478113,0.11384844892220004,-0.01786070432036513,-0.32384448656338854,-0.27256731185698096
301,-0.3236721390385751,-0.275680069830158,-0.3047380787945138,-0.1010808391640528,0.11662847501445205,0.06127128876504254,-0.564895655514113,-0.17095982819923908,-0.2642583298863591,-0.02434512021330423,-0.26195163167781704,-0.1183727573654705,-0.061798721298387226,0.02773017449675379,-0.44457470629026963,-0.1723525925082665
302,0.007776801192432459,0.15808760672944833,0.18519608687150693,-0.021380708895788025,0.22782471493697365,0.5121451622273867,0.22141362351779112,0.17175362788574533,0.018677748787277335,0.08921875138408684,0.060785630119105594,0.11528043785749297,0.19831335353588436,0.30609888366474125,-0.02485552046430281,0.12728585745427856
303,0.15341895896684707,-0.13647971455498614,-0.05900860369690168,-0.2935728479391694,0.10897081260535559,-0.17550588585548962,-0.17746151850272934,-0.47309969577886873,0.0011705419378529609,0.22457773921329388,0.04669656216405715,0.20719991802898227,0.15803307375857034,0.4040143611046737,-0.011468505660063669,0.08465611653739406
304,-0.2615368096248364,-0.2940861641680128,-0.17429192931833778,-0.16877157257675343,-0.05313816615444874,0.05380450999287297,-0.5191582141670062,-0.31761540046496317,-0.23316797883103113,-0.06317103973490965,-0.1129010647486181,0.11836504188832868,-0.15635490258004053,0.031176947014334357,-0.31368642261868884,0.06841129092961522
305,-0.184117293047119,0.08787555614469389,0.10778891998678755,-0.06169639502096274,0.061883099157984386,0.2561398715685356,0.06081456062718921,-0.08615589275685598,-0.24136816335404626,-0.0961869074380082,0.09435008203380414,0.08641872319034813,-0.036096497121924115,0.07702847875581569,0.15431398974061306,0.16617662057251617
306,0.12764966202393352,0.3042992144983574,0.1282930725895591,0.17960814570560393,0.3615168032546036,0.5841138789769041,0.3657693781180552,0.2878684429816511,-0.024436466507356754,0.17066988485508933,-0.07726943178689298,0.05594679028619273,0.0824029166105966,0.1744127009450323,-0.3159849020682966,-0.14617586646259076
307,-0.25274614351173813,-0.36061874508756775,-0.020253873068332734,-0.12859333020732613,0.02235088987685714,0.25841455110022277,-0.01737318607429258,0.37135297180690946,-0.024602275166857392,-0.021033889987671018,-0.050088831122097686,-0.11069996531025521,0.1418094982415075,0.17185311458048108,-0.17414829267371612,-0.11710665449101469
308,0.09871378452856451,-0.002583075067446431,-0.1679512525286085,-0.18253166826155942,0.2719621092709108,0.044876635684307685,-0.39785842051414244,-0.3800699949545752,0.14380024916178213,0.2227318232193394,0.15778645366111352,0.10596049949018672,0.25656503926358487,0.3480853044580954,0.2129852342909067,0.08008594283001931
309,-0.02134421332467501,0.12446257681357871,-0.026198035856401986,0.08132582534481096,0.15747611939439302,0.26923341376729415,-0.15729350726932398,-0.01603587593362521,-0.1738995125162814,-0.23754394632728304,-0.058161068058683284,-0.14672464799310775,-0.1448734779456621,-0.11948148850284387,-0.05754405732701884,-0.1244099595539823
310,-0.31534045014695344,-0.2283435646414819,0.19938486560187918,0.30311475102336694,-0.007429823432798349,0.043952354240662905,0.4625363216407783,0.4636650272090854,-0.017769497496250845,-0.06398685672223893,-0.3446856378804222,-0.28618223748332233,0.19484629570415324,-0.07483195197710557,-0.8557715723012449,-0.6533528714707314
311,-0.30243813600032604,-0.282875905495454,-0.4241784926668249,-0.1694708166405565,-0.08843234960953374,-0.05037290976394556,-0.9248387388834562,-0.24024699916234704,-0.1455961542259987,-0.07557278120780267,-0.11935864120578836,-0.14938748816032763,0.31558344688771567,0.2559494432821214,-0.08565072070434605,-0.3600724046196519
312,-0.25644400201713163,-0.3770931667987056,-0.192869454578915,-0.1447448186866476,-0.05995284073373426,-0.09301645441868894,-0.27976532252120684,-0.13424201815086523,0.10431973232237045,0.24139083105190595,0.06050728986181296,0.11271043287993164,0.33247783451991947,0.4480155610363449,0.14460323305504974,0.2624509091250898
313,-0.40179868736408353,-0.43519809774104545,-0.4407758297152173,-0.24487332907809525,-0.3128533612645381,-0.5463366039874633,-0.999128929750602,-0.5730898139933928,-0.19023164513901572,-0.24596024547915107,-0.40725579796950095,-0.34878548213732274,0.064834169211878,-0.14344402803543085,-0.876950571874204,-0.47823592537975124
314,0.06903654060442653,-0.027901095896758155,0.1338985805964337,-0.12854016161712695,0.2035380596898852,0.2060127620579539,0.1707468654495426,0.024038423453932516,-0.015649469940405846,-0.17907381733823086,0.033459762716882696,-0.21440108487802254,0.11018056280996069,0.09008311253162485,-0.01685107558650276,-0.053568270166669874
315,-0.5159791995469019,-0.4157280025621876,-0.20256460432708992,-0.12776288743216793,-0.07592765808326896,0.057627813784089765,-0.4066218305307444,0.07367148490708679,-0.25401373915800096,-0.26760568443694405,-0.10446210943541481,-0.08864200284296118,-0.1053741653057656,0.03256968515116776,-0.15795073248802502,-0.06169047945440812
316,-0.06437244734481536,-0.053574539986356945,-0.21709081653603254,-0.21173496563577363,0.16472417986012614,0.20718480693335617,-0.8231055079092179,-0.3892947520263419,0.04408530274969794,0.06074853107536901,0.07080596454812198,0.022156174059422495,0.1639287058715082,0.12206763925207591,0.10228644969075132,0.0386592428545706
317,0.11146124268111691,0.024481488322066883,-0.21300903409458594,-0.2457655267342499,0.2963284707289145,0.3070269759219066,-0.35175126282815794,-0.3818969535943945,-0.35557436537838794,-0.10293622086033087,-0.0434692950584784,0.13819986684147992,-0.14441638110768154,-0.0488914503379468,-0.12173480442545176,-0.020818790672743764
318,0.056912505675090146,0.07265037976156419,0.06806974496613005,0.08202418919599531,0.03939240522871577,-0.005810380404616529,0.005400792570416491,-0.01930359990614668,0.028150221067610056,0.005659962832291643,0.05025787498798552,-0.018854610094623546,0.22089062844079646,0.2796219183789571,0.07766536660905098,0.11621179488555748
319,-0.09890446067746345,0.033154314049425385,0.1312334307677365,0.13372090042715665,-0.037050154030505,0.20802098919394707,0.2732250838702639,0.22622965467842868,0.09986516248293455,0.17383834380650912,0.17885112545796092,0.24339998113911607,0.22591767539631172,0.28917887861750324,0.21395897593275626,0.18849743813227918
320,0.1141214752004664,0.2755625412560088,0.06082556008625272,0.032245451816409226,0.27129956836932617,0.4622474615061409,0.1421125881086656,0.09575851929375234,-0.09756805499765742,-0.3574507307655572,-0.1063697227932621,-0.3510111130488283,0.10722586518445826,0.055985531794632636,-0.07231655276534692,-0.09450321538679522
321,-0.007849341887293216,0.1252706932092018,0.06486889368499232,0.03257345945571124,0.19022036645319174,0.2663711778646712,-0.00875588192640987,-0.0880601878514174,0.13806268547145537,0.26324325161336565,0.07042773914253651,0.023498333068992648,0.2762094513981948,0.4315068376838548,0.06495220818485106,0.1479235766974668
322,0.051619588405952065,0.2894015772690035,0.3290006367223516,0.353051998232143,0.11569825290856456,0.316940382766234,0.3525128129830976,0.38487583943777653,-0.1320110261651151,0.05601007486100736,0.04694307290828823,0.3012001023241236,0.059000787282623694,0.13640500811000061,-0.12026062399467737,0.015144111994608597
323,-0.21678031804058254,-0.20135808385023996,-0.14068745269555477,-0.15863627828036478,0.09066875350076807,0.06353086039507978,-0.25582822504989805,-0.23796576986898701,0.004166484288529102,0.015128804510144266,-0.0025792825546947415,-0.04169431999687161,0.1466346290729993,0.13555269824410948,-0.13043517342341548,-0.03983998911309176
324,0.008247807004726139,-0.03371078600582009,-0.08751876480086467,-0.10076411696121369,0.19010480336766206,0.11277914913170846,-0.23991483753454795,-0.13278289818242164,0.0440173997366098,0.17449974050593464,-0.06300685951410366,0.06363898187578058,0.3073363376869754,0.5191620635401705,-0.15890256093662677,0.15317584465694742
325,-0.12283214846066168,-0.1025237896604253,-0.12142833489871313,-0.16586846361368843,0.10066739256778147,0.054412899881150466,-0.2516233842236999,-0.2749723667616632,0.057839589014722755,-0.04849001367251718,0.0010974799148260632,-0.1991925858745205,0.22663089527477281,0.25002833142005415,-0.1373819736703997,-0.11889042446257066
326,-0.09459100771864942,-0.09453685928786056,-0.1777386458391514,-0.14865720941789753,0.20783616567659952,0.24687174335430442,-0.43454197783842974,-0.3305515637152753,-0.04684424595218207,0.2213592692087226,-0.08382840674055464,0.06871318374556173,0.11028448277054553,0.15193437437899304,-0.2209878549577429,-0.1920345203108382
327,-0.2334996203017825,-0.26639556109873036,-0.07002148911059651,-0.14694895518078913,-0.012206703700525052,-0.17261412201721452,-0.1424939908857427,-0.20558769363888352,0.04937472917472984,0.13467948275960154,-0.005177164444032019,0.040723982936642894,0.14449227080233937,0.1263340033044347,-0.10014612753800145,-0.14408588411716802
328,0.0004745348018969117,0.14682623218390006,-0.07922115009764186,-0.007462300757352668,0.1884071635683365,0.46159000438902265,-0.26129213174340754,-0.11716805223984035,-0.008485771547928797,-0.13049070282065334,-0.09338054378813772,-0.1442617143908439,0.1492347495494618,0.13990706422132254,-0.17844977121983574,-0.1568354305247538
329,-0.06581166233501366,-0.03229623415861609,-0.15723103062950114,-0.18628937764785236,0.18280859787217568,0.2995233653351573,-0.2928101308395702,-0.25012547674523905,-0.08128073816284287,-0.42841359012435437,-0.30405306136958565,-0.5176792352308571,0.18510625373291084,0.10840811672349346,-0.3756786638248398,-0.22896189386185306
330,-0.1738117316982654,-0.16693712025992372,0.15830203873863785,0.008690775434797177,0.061051797966643326,0.1871142213006736,0.185998133497088,0.18893491506248394,-0.08402006100231697,0.1397881846387952,-0.4996440380961818,-0.09195012122420433,0.11206613049338852,0.1695622890106815,-0.9602789496123456,-0.2986979063279997
331,0.044989583601078895,0.19813403478354802,0.18203994685436628,0.2407949009603641,0.18330427908355323,0.36273731070400966,0.21456155345077005,0.30562111489255217,0.040348486287093796,0.16464351754620177,-0.09146512374115325,-0.032058874777114776,0.19370840077393908,0.3280134078557198,-0.5790258717337129,-0.11362404543291964
332,-0.06558495905355122,-0.12445480672158873,-0.2932119518845004,-0.28314646994871695,0.14222417642599558,0.13222512928768373,-0.7013958447819543,-0.293644603335092,-0.006338751207928785,-0.26663333971776737,-0.141784423949958,-0.3363423413346174,0.1992795060292942,0.09284521169506728,-0.2524242001657399,-0.1781200441412203
333,0.14122227122885808,0.47336724410096936,-0.051906173790247895,0.1648091035190335,0.3368606812740834,0.42503875670940533,0.7196078002736997,-0.22911228689696955,-0.08895089588466809,-0.11338452362581561,-0.1111315087581303,-0.1400520915809206,0.045248078656288056,0.07496843684631696,-0.1497706370773935,-0.04250525887323964
334,0.02223694678971067,0.052356070465699386,-0.027317232943673813,-0.03539603845460076,0.08977222106176237,0.06321438050140281,0.158279403389956,-0.13688185923007076,0.1220437104857365,0.2199819084064743,0.13477067686546557,0.2003258885926518,0.29033884815158006,0.5251638012713045,0.10087648497084213,0.2940911439322795
335,-0.21467284535026276,-0.30814254431819393,-0.03920848362253801,-0.16620063312739922,0.03512087030457952,0.0205976968589565,0.04792845403117793,-0.07106590273648734,0.08806970730435952,0.07382047670653394,0.06509099060971514,-0.049666525215812156,0.29249641942119736,0.44972990133098,0.11363688866169284,0.12718571747322724
336,-0.22379365846252605,-0.22689325824011497,0.02589929105277776,-0.026114980587186965,0.05489276350492588,0.0322218297239345,-0.10644743027376387,-0.0353596698467659,0.08445068936692489,-0.012508247673307065,0.07622682110912951,-0.12619268594189634,0.3171746568032702,0.4856760652706562,0.13530601754224897,0.12758909886830172
337,-0.6185115528940338,-0.32538710682237326,-0.48502091012198356,-0.2977504921570038,-0.03876590635358883,0.004272725388452543,-0.9207650257199551,-0.4633627874383519,-0.15963463538259579,-0.11413919153863356,-0.013228277405252885,-0.18045060321365555,0.13373559131466542,0.057504880747132336,-0.1088364072772256,-0.25768976279346284
338,0.0013359074346888213,0.14427441727652565,-0.08214320658863569,0.02210136408127027,0.20042276507955326,0.3037396157367497,-1.2006741952227598,-0.28359670611135374,-0.15199990795368756,-0.03351850874377803,0.007861206400428372,0.10822211693681966,0.07614631199020781,0.2395988182232965,0.0069581208786849685,0.09947803513882607
339,-0.20800679196695462,-0.1629659120542336,-0.2310931116282763,-0.3574208182997008,-0.1890268246357874,-0.11521128968486334,-0.4412933788261174,-0.5100647096920821,-0.28106087249666656,0.07966195291316189,-0.21969463517685123,0.22713062313966226,-0.022500368197026718,0.127830080107648,-0.38733080054011465,0.045166533461678204
340,-0.24613271045006474,-0.1450257273358941,-0.19769921453692435,-0.10007247425273084,0.12008303253405535,0.18131286400015142,-0.5652407635395157,-0.3000334673598373,0.07593876419007282,0.1759366888110796,0.3021654197202247,0.3424108044577138,0.1217736310532211,0.33937239900115806,0.2055453691763982,0.27079947024875345
341,-0.23421571124686133,-0.21132029480974884,-0.10677028314250597,-0.24950829476227596,-0.038440075237915275,-0.10472318887675636,-0.2718196542708086,-0.31109819972831515,0.10192386079698071,0.10027160299606842,-0.04786933671624031,-0.13892839391036646,0.23071061398527828,0.2275173822535707,-0.19123582000977027,-0.20422729499521056
342,-0.09719188373282094,0.20515942278682306,0.13551822851622797,0.2900406166150326,0.08052272018852495,0.20463269252765662,0.4077034784371905,0.16766910585031902,-0.05619150120918996,0.011319608164386753,-0.005623192031460471,0.01410865850304593,0.21461647311322865,0.40233022595803886,-0.05615291368150015,0.039764983223158766
343,-0.21837865976215945,-0.337458855172926,-0.21164736422979052,-0.2557921178863468,0.026154033524419588,0.013944229768281247,-0.2877898342954571,-0.12100091256888035,-0.24073590060810332,-0.3765296542808611,-0.2594461618051014,-0.4010893210294304,-0.022805995275599417,-0.17770649980374323,-0.602855644230974,-0.459324798157606
344,-0.28448265211443236,-0.235383910249732,-0.3004162130591679,-0.2703347535295196,0.017311289479880473,0.22421963910335815,-0.6437522483133367,-0.19036585246179186,0.06858959366733784,-0.014681694317499334,-0.06517315527346033,-0.11036491509135962,0.2284428417933454,0.1538863796598881,-0.11384173529656398,-0.22650390527298947
345,-0.07276614526155145,0.16047705685441785,-0.12325640751859859,0.06515709734615799,0.006557447057266925,0.01620207675371943,-0.381913635913502,-0.1808703284418487,-0.0387832161326127,0.4025835526811987,0.0723383154943875,0.17875905029217432,0.04776802346123459,0.23240943814249282,0.05917544447096534,0.1413718012381366
346,0.010503773683528934,0.16140450885464716,-0.03411777029813683,0.04798350350144567,0.16131849904744644,0.3382736903414882,-0.1500424050120135,0.01180791445791555,-0.10972098361547195,0.012744735793941553,-0.09093939063654595,0.004687551894462672,0.03805972538622259,0.16497934929760275,-0.2707374702247551,-0.04673651785054922
347,-0.14688604019371507,-0.023818567298089458,0.06803890823451265,0.002560069929823888,0.012771098675784945,0.11422650968551196,0.012588188552959345,-0.03334895922704817,-0.445393905339587,-0.17150958123572516,0.06377428439281924,0.1785037929395494,-0.13795340518496918,0.01888049860505354,0.05994932180453237,0.1456754800982226
348,-0.2470533129069731,-0.030397516107740746,-0.16743082652372362,-0.06359355428488787,-0.025866125215050745,-0.02745346094153382,-0.1512974445100434,-0.44025618565008307,0.11966694035411875,0.20963825129229244,0.07200869305820884,0.06515021374583191,0.22477880368350248,0.3089817952220527,0.1891895365433584,0.17340750759746834
349,-0.18629715229804658,-0.025560642088306558,0.09706137898747226,0.2536046821848476,0.09143273767172723,0.12356333246994751,-0.4386217016594702,-0.2555542965852213,-0.08222883833540125,-0.001485928666582222,0.06678205033887687,0.021400264684111592,0.2610928066706695,0.44218338171131766,0.1546436517546347,0.20975403929015168
350,-0.0976526678348879,-0.14021117894093219,-0.6415192076482384,-0.5620891094412448,0.12712956307025866,0.011228223191884082,-1.3963048990765312,-0.9602365857411836,-0.08394242362075498,0.08470503053287788,-0.007192485748297319,0.1280002319203148,0.16449404076903368,0.4127877482065615,-0.01898671396354635,0.08297308029854655
351,-0.13660942066992826,-0.26612848012449275,-0.14104618684451456,-0.34990589932702565,0.12075131203146644,0.19543446433368414,-0.4039226023140577,-0.1903484386258604,-0.12718879139474015,0.058456774719902765,-0.20705687874753406,0.10861202158333913,0.09205587143452365,0.18083353152437048,-0.5708448735482855,-0.10409488424386852
352,-0.15767074519063254,-0.19249285549470002,-0.2307423728072125,-0.103715249486222,-0.03408129315124022,-0.21592765984045567,-0.5013501370495381,-0.23853688396546846,0.009232813879839857,0.020585713062078872,-0.03859312429868402,-0.05649610476679839,0.10070355158139976,0.03199269781064211,-0.05462018233880887,-0.10810831367238245
353,-0.274086834524243,-0.4314094477111997,-0.13442567803722738,-0.24294104116930731,-0.01837915709717838,-0.32608982894504107,-0.08598781618482533,-0.384957140100995,-0.3554118055890321,-0.4253802627172061,0.005389511221423233,-0.12543308684035617,-0.10147692403318016,-0.21903080975229394,-0.10168658847339172,-0.0689197719089315
354,-0.6867809372153415,-0.6589082659991148,-0.24937591450389412,-0.347381211457621,0.07068986858478644,-0.10273413450090924,-0.794025703232707,-0.8168284926497865,0.058934223352402025,-0.01110107860101155,-0.18408849145049885,-0.31053778010141353,0.24472349758049844,0.11911182575768071,-0.2940146380764789,-0.3732970006700747
355,-0.005880827510572692,0.09951085880230656,0.22891347805208956,0.2016587715487785,0.21044822997019225,0.40625634155996265,0.21698385496164155,0.23112879467136827,-0.5465165041304616,-0.3378907190248614,-0.1120516963391328,-0.03583836264503413,-0.16357859180013132,-0.18765411384872852,-0.3324901301877909,-0.27618464501905204
356,-0.16074242304523828,-0.41569720291271395,-0.06570916151619609,-0.3122950763617134,0.10550445732066023,-0.03730213531959655,-0.008436596154889654,-0.11909283331703242,-0.1045563880064779,0.024363390424638767,-0.11789560745656644,0.007543632632577523,0.015866289495532263,0.05553162386856099,-0.551668744024787,-0.2557000738503085
357,0.00657273634089383,0.10337811441981051,0.07210159730685416,0.06777104488392631,0.21363845755777858,0.2892486786572826,0.028963481322355607,0.10116511979744014,0.02456489133191625,0.18196877283902407,0.0008511529188351891,0.09355181828166646,0.21572300303585573,0.2743338259309621,-0.024357468559242444,0.041811772825456416
358,0.08787303010164577,0.3523920852791328,0.10920364456024996,0.3103871225208668,0.31782724488069414,0.7106921744474016,0.13457063082546084,0.5539037503772402,0.18499249054088715,-0.11340176050082995,0.15312573481168706,-0.27764045277718796,0.18251203956970383,0.11739860187731525,0.21395643506446724,-0.10295959081064428
359,-0.2792361674210522,-0.3732708943351357,-0.07797266674386912,-0.20538911504704443,-0.19299155070485435,-0.32690023798348106,-0.06444029513599503,-0.28193421341521446,0.12222196829315841,0.0661122754347693,-0.17528275447279243,-0.07555149053227357,0.2959007859011547,0.24164495459255092,-0.4745805343919304,-0.18979760430175321
360,0.08545487013653243,0.319269986049275,0.03090654727847208,0.13033385576019366,0.23359755558412162,0.49599330204323566,-0.028272756429147776,0.05118910087344882,-0.0769750356294636,-0.07215085887125759,0.022626420217546538,0.12036884548313447,0.10236817577100435,0.24231244213666053,-0.05434339335882649,0.05234764939657943
361,-0.11258890734255476,-0.037583657582232394,0.034345999996210706,-0.18989249271829045,0.11104151342171718,0.18586371485956232,0.13620348042310124,-0.005692225922199016,-0.02624958451103484,0.017356301644251858,-0.31078436008559834,-0.1215308107255866,0.1721330624050491,0.3236099834812196,-0.6432707078059785,-0.11023230088892662
362,-0.05093542808883731,0.07516222150296226,0.011474929173568588,-0.09175499999712357,0.27446451962477336,0.5667429151312581,-0.09371894960039777,0.11016989789689284,-0.14923948535096732,-0.21105048221456182,-0.01007162173947246,-0.0356604882954523,0.010757327052718636,0.29145928329867093,0.022696834302289078,0.37602022458870765
363,-0.06058290797174863,-0.0033011620031127794,0.02428045042689688,-0.049739899930650665,0.14272065429762965,0.13715486750113431,-0.1818452689173501,-0.2435232132096955,-0.05393527915573409,0.17551010210535695,0.06446266262960208,0.19736758146401667,0.14706255589661796,0.39394726459101626,-0.0030406707833545788,0.06544665937688265
364,-0.21781522440785908,-0.37136499242894344,0.011849248538391682,-0.17715501823049706,-0.10774298259477491,-0.1448555174838601,0.011052225234208408,-0.03141093514378716,0.01425335192145863,-0.001166214382487496,-0.13376859647586978,-0.1242321510854928,0.22714012219875362,0.26937744507869327,-0.34934475581907426,-0.19344973023618692
366,-0.13839000013454883,-0.10858649543362961,0.04791966127235233,-0.11209341436765358,0.08500364632443855,0.11544342331205508,0.10741578120591397,-0.017825922530338878,-0.08378101697360434,-0.12954305042198563,-0.0408896250297054,-0.12169072896043262,0.09604670196886715,-0.07375345281748939,-0.05326035790618434,-0.25389169747245277
365,-0.14167589129775846,-0.5184115526600894,-0.11298352733401654,-0.39356509839982895,0.12744276454473052,0.016006244742245008,-0.1351359447607034,-0.17973753653175353,0.04120516109877875,0.09865359686855121,-0.14068862570311585,-0.004122877270032249,0.3066310575977973,0.41243607626899514,-0.23313239659589838,-0.09644934124883253
367,-0.15657866823267974,-0.17605791392112882,-0.19350372314229616,-0.2755261471092909,0.15140738744137386,0.16955541703252444,-0.2901985046517897,-0.2809074209554297,-0.03476844268690327,-0.09869673843292628,-0.1209602045369741,-0.11664108323357837,0.12230789667473882,0.06382687900455951,-0.29103487763119185,-0.1347623361468423
368,-0.04235205474418075,-0.2199457048993285,-0.09386040425564611,-0.15426311592722539,0.10111942952486933,-0.06826872967211367,-0.0937119147832433,-0.15504723257716072,-0.076848801596614,0.0072455782604237354,-0.0675643329397234,-0.05369896026538296,0.15963996418500173,0.32127776445375406,-0.10562505691616286,-0.07764560164262169
369,-0.25353419021187856,-0.24450095424762477,0.03451627456606449,0.013940320584192782,0.11035335278543125,0.07930854381018429,0.20666358392623796,0.21761883289305026,-0.09649983073502415,0.006831884897662755,-0.018361246044105273,0.03477742250507632,0.1582211488024047,0.4405007123325609,-0.07386926275829926,0.06220905477162971
370,0.004589291820083109,0.1741472407369568,0.18787566582282825,0.36961699901710393,0.11781480972677916,0.16649758226388997,0.051726781044278296,0.03225432185405578,-0.01225473219364242,0.08090478448787773,0.23570529245756597,0.2506478411936966,0.21021706490013978,0.37077571283310073,0.4609054717634071,0.3389223870864253
371,-0.06745721832528198,0.018373181451205804,-0.11140134671179833,-0.018261079583092067,0.18880609993203373,0.34346260373224397,-0.5067062708741219,-0.14107544298589203,-0.1228679144637971,-0.020023734219712538,-0.10638952971687725,0.029482290688447634,0.03454038678770391,0.1884204021331154,-0.33404239256247137,0.07702565413677664
372,-0.1353761571597481,-0.06553068342854562,-0.023558528869710577,-0.00811331070241885,0.13307343787130713,0.5113808857757671,-0.17114927618179662,0.04958898559317119,-0.14489279263941723,-0.3293647391959952,-0.057629252585173284,-0.18574998926883204,0.0016477313897106157,-0.17833924989425975,0.024479027689595173,-0.08830063998474356
373,-0.13478952688671683,-0.2775169934780047,-0.24895362900087706,-0.30851838300833845,0.17722668241911252,-0.0673695281959149,-0.573860523697923,-0.38652286713581124,-0.25862171172372556,-0.08081244456946474,-0.1371548800692815,0.047032081839702734,-0.010898387682752891,0.06776597006515513,-0.13847298535057398,-0.06020988974871141
374,-0.02167725252593096,0.1283783698360681,-0.05256848731605801,-0.0751836289601536,0.13490462621663762,0.21734613285216017,-0.13312254061606638,-0.1885816327324095,0.03130604020816852,0.04777376224148662,0.18787961943343723,-0.05773427338958825,0.1729303870080589,0.3118968559392609,0.2656165153602411,0.2046577467904381
375,0.3454474369073687,0.2448864715998354,0.2202107691958796,0.223249843610916,0.10089466969535017,-0.05542653351522997,0.22667065501441375,0.19394897898364985,-0.10241479868737403,-0.20197857243187,-0.14684217075353403,-0.34607605169307754,0.09559414870238901,0.01115923422648124,-0.275775105970293,-0.3123131831079214
376,0.17330649383603577,0.3050215905404424,0.042279091926882194,0.13357808302850158,0.07878320204334317,0.18541073301655642,-0.09795482453498199,0.07575431876445422,-0.11180813487337676,-0.08819586368013604,-0.09455943211004271,-0.0814995020290528,0.18664866302099573,0.3221632521163512,-0.174900597768965,-0.09088648093810003
377,-0.0409843308672315,0.05484392964958014,0.04770327750843103,0.0505873618448032,0.08642308408178621,0.14530105726796003,0.1008939622032741,0.0811090851042267,-0.25633976980428697,-0.2317092509778495,0.0619438658944863,0.1610188117509324,0.15389008028443263,0.06625773144361409,0.49153506383492696,0.13501753237947448
378,-0.16618080939489327,0.35752829409837483,-0.49509170233855687,0.30231824432777427,0.2309274291643408,0.563667027430301,-1.1845924524401672,0.022181984456498282,0.11166231131570759,0.1414843042086323,0.2526887439683122,0.08759157614407008,0.17164262708194644,0.19421293987555813,0.29939943359411036,0.11273971469293398
379,-0.11647569979757602,-0.08868162172404208,0.005165878298167089,-0.05610929343128199,0.061021187129390454,-0.041740270058455875,0.11533843617509423,-0.18748129880413353,0.05490760339051152,-0.08731684472749991,0.22409679688798212,-0.10348842379762603,0.1463242583482993,0.12408081108879684,0.30691934342560345,0.02511789241930899
380,-0.029139975637575963,-0.22368663379817152,0.014969265853243572,-0.2192360781661023,0.30294537363570834,0.3357993099742773,0.7538163410978539,0.15839557951662653,-0.3555482865776294,-0.4810338943714319,-0.17770966221586015,-0.3683849474865751,-0.06523978094104375,-0.10999942032981694,-0.16016504052645458,-0.08106754122663433
381,0.055935998459190193,0.07326121009754247,0.0031123604842389465,0.1520096807802183,0.23748570189042273,0.37316295826121304,-0.12894026523031474,0.2519218584988599,-0.057278364623260664,0.02885945012700804,-0.018308398706063527,0.008131141210902425,0.1028887129631557,0.22626516939979374,-0.09954978017891801,-0.08251398839563946
383,0.18483696491253224,0.18555063325156088,-0.052394313597529135,-0.03881587384177594,0.4597139637776009,0.46590235735167745,-0.12958917195561864,-0.14470548207902478,-0.02286160838471523,0.05704220025832648,0.1801912536429134,0.08824816222328692,0.13619922712209104,0.26937996193950714,0.2537634860154024,0.15189179867764432
382,-0.24431455988022224,0.07335723741390482,0.13657096668872395,0.009608236534530447,0.17848618678832134,0.5319735539973766,0.301063670772426,0.37751934746192095,-0.1382067371209892,-0.4261064953654448,-0.38380076414722236,-0.5861113620964641,0.0587894446419323,-0.2922521627598508,-0.7715698865542526,-0.8205205491129254
384,-0.17381315172914216,-0.12075765912130354,-0.02845491269869004,-0.020939793890188015,0.0645642774600936,0.29198046955848067,-0.008510799432009686,0.05498364086494326,0.08890627108165824,0.07451744434866278,0.20686668465539118,0.06236337362884615,0.24786898635919574,0.333016129560284,0.17925620244243026,0.19869416016668776
385,-0.14475634522224926,-0.2816423219999192,0.15614686073087408,-0.06010196061419786,0.1409185062939005,-0.0343440631535599,0.33361757907420453,-0.03645391832374304,0.015103779369373327,-0.008394301310105575,0.07204600321681497,0.01601045057695315,0.21205471975917345,0.34186395904669126,0.06365213516949159,0.08671144183139608
386,-0.14307301322716967,-0.1371995376962339,0.051675855773261586,0.009433637947264473,0.05192622702400814,0.29436985666115323,0.08137125119088467,0.12660834065756696,0.12928309760875367,0.2126964219819035,0.1460190619965676,0.0037847726012125715,0.2878161114455609,0.3204469106352422,0.3095542182941376,-0.03541260719711777
387,0.22071251923202873,0.4437550163835829,-0.08183438671417632,0.09922912882106048,0.3866314597936672,0.5942325877708502,-0.3768584682178174,0.0486907299356328,-0.0554908447663184,-0.23568988673645966,-0.452571846642304,-0.41639973219913773,0.1560093278829233,0.19363615803781611,-1.1474842662494797,-0.4013904975484528
388,-0.09943420555226666,-0.1964135401951553,0.20228130817622422,-0.17996038179528684,0.10839299714700802,0.10288754633565839,0.33504218485840176,-0.04970219920623775,-0.08304008727374344,-0.11476706592932026,-0.10461668679824583,-0.08666774876642708,0.035310144174585445,0.010858577153875282,-0.2636804868300457,-0.05425853796383142
390,0.22787158279275715,0.32653297034782136,0.12268932178612671,0.09510002586420487,0.17361574676915073,0.27407021122498987,0.2110190506606516,0.15363297060363026,-0.3416311030108234,-0.24871671706057294,-0.06984491593365359,-0.07128709620476986,-0.03627733005560766,-0.038947391199560186,-0.13416301689519053,-0.16920371005606405
391,0.05123202818494916,0.20773039657813855,0.013628025108780476,-0.00472889901919687,0.22616019886274522,0.28717694622205053,0.1328370154055628,-0.012081861022029497,-0.0741926738702843,-0.10335383068154688,-0.1736572064360988,-0.24880931892919375,0.1337019706431723,0.06489217390954127,-0.2750098493718916,-0.3739596846585507
389,-0.3027349155118005,-0.6454434663339276,-0.1819603371775109,-0.6522777080056668,-0.037786341998895565,-0.03325009299207704,-0.07271259160319835,-0.12937558022404227,0.011462103570429174,0.29302602602126,0.1598588067127924,0.05651035568867762,0.04304685637919321,0.06286221910956058,0.11550535558160412,-0.11683984043793172
392,-0.1635931010554694,-0.1857853665399413,-0.00842649188273229,-0.01671838216707532,0.020347626927277006,-0.0545221238458947,-0.11639405952211623,-0.057040090181373605,0.015086209553999525,-0.04726506401108426,-0.028429072489884594,-0.3208850195992618,0.2584639645394111,0.35512865332536614,-0.03236307821000038,-0.42062111583983947
393,-0.0960989876208469,0.3290146269124371,0.0876550759717371,0.18961002478922317,0.20814233822563719,0.6987624779220801,0.0566139350680341,0.3336003284512845,0.14571147582327817,0.13513248843095033,-0.024892113698156193,-0.046650615660980416,0.29441687573464126,0.4535307625595081,0.0484579732181291,0.02926660297872663
394,0.05984145051808468,0.02575179026711723,-0.20812126213632498,-0.27987420123034257,0.2614408822243069,0.20738726585034595,-0.3553870793793479,-0.4847593629994185,-0.19979696051074647,-0.1436040237230424,-0.069874246156488,-0.06887267077507374,0.09893457958836598,0.20840843336417586,-0.08188418042174034,-0.015219236639315644
395,0.059020149081716565,-0.012622979223544136,-0.14663883318307605,-0.060588770370855645,0.2799700011660348,0.2688129839463425,-0.3312216131706,-0.22651793771693562,-0.09092943649877808,-0.01709497463412233,-0.07841539944731822,-0.0613933802656564,0.14260232949610088,0.24178237183639925,-0.10545996908546248,0.04268923314459642
396,-0.3839587949385979,-0.534333192849527,-0.3979336043560449,-0.48387464353833387,-0.04433545899372993,-0.23373337244009199,-0.8493995278913404,-0.6209810905331471,-0.14383022321509673,-0.4375825685350617,-0.29394428879618023,-0.5838849114462443,0.060062684987212275,-0.3557074397916393,-0.3791480378256171,-0.6063547672518143
397,-0.3582144330080278,-0.303713516639743,0.007168673360489148,-0.09699115385207331,-0.3239092454836081,-0.29809870643118414,0.04206992298416261,-0.09598233882392788,-0.08817017502590917,-0.04921284415221306,0.0825011345685794,0.14267826496648411,-0.30846451049386703,0.08199138741472436,-0.13796138175137504,0.35392339511390286
398,0.11104983952081354,0.08727829077665948,0.08193003151957028,-0.3115591317177361,0.1358319541743691,0.2617319390929862,-0.184196576080689,-0.21401086796216615,-0.15360341140532077,-0.008649970053407507,-0.007476981131220397,0.032418489041118465,-0.03471857728873852,-0.008074041215954831,-0.22196113904668727,0.020483877775462827
399,-0.12118301793753486,-0.3209013445834569,-0.444533861625331,-0.6536296581618979,0.11305602010542215,0.1793578819916267,-0.9179294393609554,-0.7438371745246705,-0.08744333318035141,-0.19563386101952643,0.017020797514915646,-0.23013325173365196,0.10970554278109262,0.013854558853665867,0.039812568024841136,-0.12537699424205542
400,-0.22479871188570882,-0.32384253806816216,-0.06270553050666099,-0.056326074451411114,-0.022539941270223907,-0.07691860395973436,-0.23218384833398129,-0.13471946901175835,-0.022824249272134684,-0.08089276787161902,-0.13128209345965144,-0.21586238285441842,0.12206103933043044,0.12237568281087156,-0.29990330125758324,-0.2140694250751102
401,0.040035197841985164,0.02882725045561641,-0.31519192470614144,-0.31627667404256293,0.08529347680107811,0.06333603490650204,-1.1997620705047376,-0.6917014750139949,-0.08398581825840896,0.0047557087496651555,0.08522135101243819,0.1285354248130803,0.07593283800454752,0.2025685682957082,0.13030784065129059,0.2006296794344611
402,-0.11703987465215798,-0.0014773209049965264,-0.0826275672871063,-0.2589700745414811,0.11268738832407393,0.11971402240991413,0.2618925534182844,-0.2637491676722879,0.01371384916111057,-0.06458903592053994,-0.18738560983977517,-0.28984683690104646,0.24772293697442269,0.25366592649838343,-0.29445572868695596,-0.250275292338819
403,-0.021904962089454638,-0.4012918027682457,-0.1723512092200725,-0.5480622654192708,0.10371379937265995,-0.22804962310510982,-0.28618011582626074,-0.7729174919660912,-0.02270135055502666,-0.11043672132547279,0.17952683906925265,-0.06625970018619273,0.17286721104826636,0.10494320455870762,0.2837226681054614,0.008144424993609012
404,0.09118482702268157,0.1782195124769041,0.0168547870027876,0.0458322106949606,0.25047479405826667,0.3607502673049492,0.08878663700346127,0.08605175004852321,-0.28823249763972447,-0.42076304079924337,-0.22162820754194412,-0.3735938487524512,-0.04427407210154343,-0.2318142862343342,-0.32443828826735815,-0.2727017763693621
405,-0.06925666384438836,-0.031976688647398825,-0.07802089210471465,-0.06460122439320139,0.1777376861348477,0.27578833768456673,-0.44729113247671765,-0.15046366160949895,-0.08029185789029353,-0.36932397518435955,-0.06960669480489992,-0.3912700119006821,0.14635619304712455,0.14641009305077574,-0.017139572826248124,-0.09021819662386277
406,-0.18604119502086747,-0.13457866355583992,-0.29893153938531297,-0.3124455533379005,-0.049763455849182195,-0.06719817615582173,-0.6777213842508233,-0.552545773203575,-0.2787458728042497,-0.16236524469615732,0.032599151665565436,-0.0025958522749622345,0.02475383545440266,-0.007763258922767591,0.22957911853786556,-0.02450257695552005
407,-0.047491934436546694,0.13133356247979974,-0.6598005958746095,-0.30779882188016094,0.23969401922303663,0.36013537518421807,-1.4622125207575132,-0.749342164755147,-0.08920910699173927,0.08337750132299422,-0.199392656902962,-0.009248584647771431,0.09200975665808128,0.1068517529663245,-0.3964139321604378,-0.27030232702871637
408,-0.2171497992620318,-0.23440419707010812,-0.10337343735636388,-0.15363483225869398,0.014497786387351337,0.032531807246018986,-0.3705074375343796,-0.15858163923315408,0.044386110329243375,0.02696584896876869,-0.12101117089352856,-0.1951842177049202,0.269107125664742,0.29358373657808257,-0.17503694723658178,-0.22404368464734417
409,-0.26026030494915237,-0.3161813590456215,-0.009464954246717356,-0.16441172396767548,0.01631778210693858,-0.05513025729550194,-0.028153983513983502,-0.2055655898295661,-0.08799869579675453,-0.061084886865830676,-0.07155463682844579,-0.13536891685455898,0.16250898176151574,0.3827351217618441,-0.08332936669644833,-0.08224842684951154
410,-0.1392778848076143,-0.13415679248775605,-0.0881503553732853,-0.17517048043117375,0.10342353688215566,0.06998208420513007,-0.13138578587750452,-0.23865677773625968,0.13971063721739457,0.12858129533792476,0.22758607307192663,0.11639872481170845,0.18696596496938173,0.22023109308789374,0.2667655351015621,0.1814431863405872
411,-0.25237063558941875,-0.15698092046055104,-0.23699174376432078,-0.05447626318904599,-0.019291460307497822,-0.03058583434896363,-0.48435380342508316,-0.2606363296062258,-0.07098946305933784,-0.008692960312296716,-0.06192094796889011,0.12747240967478313,0.06145589785672746,0.12596200953818668,-0.2806268554221789,-0.049291222636478116
412,-0.1651142232124296,-0.06830508048543205,0.03620052233032944,0.07096894985097175,0.009273879674499434,0.24923231167799673,0.016171097727642535,0.0467521312175565,-0.15247539698262272,-0.03917930871831841,-0.0975921131932283,-0.031745360902856824,0.009450427304223201,0.07013334212533259,-0.31959497789891805,0.0009134250669805924
413,0.017221675436873852,-0.05378818151247679,0.02962996984452442,-0.0005848878132668212,0.05138370153544867,-0.01515675104050381,-0.24111006354515035,0.09761843725391721,0.1288670638526065,0.175512319195823,-0.21978815203615445,-0.09712529962227032,0.2893549625133778,0.20629425221008205,-0.5180925591211613,-0.3523413988737894
414,0.0761493610744931,0.1352358777204605,0.1277965723852744,0.25443013682779014,0.2650718802062319,0.27451951155617677,0.08265772780860589,0.10443110638284141,0.10639498672078491,0.07467472235810581,0.18537952595951582,0.15996448017770917,0.21393198715763256,0.26420516822282863,0.21069006839420854,0.1486089169271955
415,-0.0906940579655147,-0.12276568101383348,-0.1495597700148316,-0.11354079615090562,0.10499250019797199,0.09841387976451309,-0.20197613162303243,-0.14924892721040053,-0.16196003590081076,-0.22962890417669307,-0.15420656690789594,-0.2445831434930189,0.029757558971834682,-0.01152657517421891,-0.267237729067981,-0.2305258183504151
416,-0.052882686751708805,0.3276601679602774,-0.1262893978699657,0.30151798435356475,0.09168480349213151,0.2755618091155441,-0.5035778854309064,0.07915810627100499,-0.13428416463500262,-0.12784583144687586,-0.10351792414522082,-0.08253097097624745,0.086505696773496,0.07722660400861578,-0.18890001761610856,0.008138882965209038
417,-0.19886918589916905,-0.13473363721810286,0.014685941334641692,0.12720788602565072,-0.03861403538035377,0.06700809805064036,0.15122594459940225,0.06561068706236965,0.09005939445974825,-0.09846287256670959,0.18158515324561003,-0.1713914960057875,0.2542258641946365,0.2637156174810979,0.25744146104574167,0.0034036604429397523
418,0.10984335910891509,-0.047160751741116835,0.4442056538473597,0.3572336570597503,0.3116607631367293,0.20594419755443968,0.9729951034472832,0.544469680942481,0.16045466152176885,0.33311579965160043,-0.03670931758330919,0.12704445574605056,0.23277884965973744,0.18026414021961107,-0.19346217081559852,-0.1503580514781615
419,0.12233077038046236,0.37201627285065064,-0.023368589092757828,0.19231232407600984,0.31612362956275897,0.598792261420123,-0.33442132667371055,0.1586359677756821,0.11577049104350726,0.2728384706845623,0.07386457442685457,0.20126088482149163,0.22558687443560307,0.28650847735823526,0.053986918678351564,0.10098029871992924
420,-0.18976548433840107,-0.4080644506834434,0.008178068261259585,-0.19772053082213234,-0.07292894100272478,-0.2904479333476479,-0.08536073598406116,-0.1749298653847536,0.005640356793437939,0.08727818178754879,-0.04861762843106431,-0.06816703593436904,0.1723484030437549,0.29570844256420925,-0.11456156875729506,-0.042327949548167286
421,-0.3097387932607754,-0.1650562820065348,-0.0852685453024803,0.03554483878776355,-0.04288535828079284,-0.05562634961328974,-0.29667340130366504,-0.16441677909409033,-0.02735920485048771,0.09022855559280944,0.004253263691006802,0.0533670694667596,0.10682175273080768,0.12068349612573456,-0.044579753721983806,-0.04044125818022907
423,0.10560054645778237,0.12387581612380355,-0.04779562603131806,0.08327174726370902,0.2273760341851308,0.10207798521335931,-0.34160201638688087,-0.13697493980173978,-0.05993002794339653,-0.12882164392019294,0.20092550477884374,-0.08585413387376516,0.14718246575028368,0.23250183603491265,0.3306553200361481,0.04764250897057106
424,-0.12592395025140904,-0.18921161324146596,-0.10590101629498615,-0.16676338105940985,0.11422508776508958,0.20880391024842312,-0.19506785957440675,-0.02115746065245816,-0.17259112251829695,-0.20505536083883838,-0.1483587279275976,-0.2723297511296059,-0.14041789299743965,-0.26873463947819587,-0.2560976103660437,-0.41519726800859225
422,-0.3145315432615438,-0.5483267364028999,-0.22129470162827125,-0.34051138336665265,0.0017279408163682678,-0.2276156701569612,-0.25184402480965146,-0.31903174835847226,-0.09237009031805478,-0.06872432058365939,-0.1540859439658443,-0.1648146221095708,0.10780647821039659,0.21459162211842994,-0.28603580416049834,-0.2758776485310971
425,-0.008444060204059703,0.10842031033434439,-0.15586047583812673,-0.06796214334370393,0.2307443802207574,0.43483019110149246,-0.3412619718255004,-0.0003295915345757165,-0.0118412630805852,0.0657740935144053,0.004273625472286966,0.05798627116840302,0.140353440978076,0.20551646725021433,-0.14016565240401713,-0.0517280988979523
426,0.02300666052440982,-0.00790281667378003,0.0980037917861937,-0.06901888708539548,0.17209215024601796,0.13773855686869588,0.02349046611155908,-0.048857431798700425,-0.24334670265722275,-0.2003622157489258,0.014772291089042818,-0.08512312294168872,0.043306184284916734,0.005759892745689133,0.06229966811690608,-0.017984859240303058
427,-0.26906949045909345,-0.1440195938045308,-0.15096933207412697,0.055898486338244006,-0.08822631210592752,-0.055044817991189675,-0.29685754989733254,-0.11144322480463768,-0.36945288426524786,-0.37595552589878606,-0.18136550025700657,-0.18082364317504293,-0.038131905170996315,-0.15518304067936511,-0.6313843282131679,-0.44976808254759554
428,-0.0006664657154375032,-0.007556643708540765,-0.0379871081742785,0.015804487864802163,0.10497207664380905,0.0611224934515463,-0.07551387206710079,-0.047420158883975806,-0.08858046727087739,0.05502427696993517,0.15637177720038503,0.1168030219982204,0.1348187517627034,0.2952912567207481,0.09177162201281691,0.1346951332612936
429,-0.1960895947979398,-0.1149566034906443,-0.0277325589296267,0.025986717737770816,-0.09937317012976647,0.016155629750751372,-0.20833692961470532,-0.024476096711934514,-0.11641374448245152,-0.11788985403457745,-0.1952300076137032,-0.1402665302967165,0.1330379178643426,0.17969223112758337,-0.39636641510241827,-0.21281238962230908
430,-0.36056677293256945,0.05208805434158708,-0.6928494929684675,-0.06166206551176352,-0.0032911775649832426,0.12399596990087729,-1.2170820732107919,-0.39102392434776395,-0.01337543706187607,0.058153045774133626,0.07617490831406466,-0.043635924298402545,0.05187522634011242,0.01736089058382224,-0.005181199409723598,-0.1443347784927355
431,-0.2133170305652644,-0.2562742548097501,-0.02328484840007764,-0.05515070589839415,-0.009998240400928176,-0.08146944370788278,0.03520990206296275,-0.039429706869224423,0.15363585686340847,0.01479107950920658,0.20016502704974298,-0.00048067157990654017,0.25677924608109753,0.28073570482243637,0.208192970757553,-0.024373587266251457
432,-0.02288026223528621,0.14998209325942302,-0.0682540662503887,0.021408805246182938,0.18919257745483947,0.481462323960643,-0.2784333770461036,0.13859001046660888,0.0832309902125119,0.10485385594062648,-0.04909626102014303,0.04857208555066357,0.17314632518556697,0.20243174721554108,-0.29754289518936333,-0.05770647084369688
433,0.0025218351752722135,-0.013569668162176477,-0.06910873206373762,-0.1452439999216586,0.21708310507525125,0.28328766839245695,-0.14212144648607886,-0.08951558479311261,0.11092316873528678,0.14455956540660486,0.1508423968138296,0.05235700856352159,0.20484042086819995,0.20490028950617134,0.2287587039431811,0.11497202199508638
434,0.10339367184750169,0.24423269650984364,0.11603822419289657,0.13860215907462373,0.45584006973599794,0.557819158689192,0.07647357275411366,0.17421975987123142,-0.06348128772421273,-0.045799048869571854,-0.07864282453827544,-0.105152310780883,0.14964602801905133,0.3196505504242983,-0.2086998212128309,-0.17780825373087397
435,-0.24345067657824898,-0.3556359124707328,-0.23573531374530474,-0.3208168181496156,0.06295454749999091,0.0268659968910613,-0.39629905173325713,-0.23141136681264243,-0.19174205888646328,-0.29592683954904,-0.13174389469353995,-0.24443095602561302,0.014361988513555015,-0.13842944174586452,-0.187409135282603,-0.2097589548582163
436,-0.30057919683769174,-0.22117643214498736,-0.34316759459849805,-0.05808619885621142,-0.032184185992863906,-0.12009642708854079,-0.1745861911140165,-0.08973252749589496,0.055785414633035754,-0.12274114053417257,0.06506111637899464,-0.3088588145148798,0.16234027828067082,-0.04968783241989803,0.0873097858746745,-0.377199370449185
437,-0.1335706988505381,-0.06827036056742979,-0.07750114865961466,-0.03343134272978577,0.03244879646281675,0.018313494257761742,-0.4656206983408754,-0.20510620900349083,-0.5568210774351505,-0.3585518752101438,-0.1274552988951652,-0.09347112583984606,-0.0610896909827943,-0.002406431802766962,-0.5887260908501162,-0.2552260941513875
438,-0.08233129007858898,-0.05176458171692043,-0.04418159185924902,-0.07708970384867099,0.05671435182607004,0.161339136020944,-0.006197433090611055,0.05836516478075271,0.05051435808317129,0.2597515737601209,0.05482726685165245,0.2829259305394242,0.16652581078418435,0.3137934967485665,-0.054947657347523035,0.1293579668874831
439,-0.07806287941982426,-0.01219660671888807,-0.07190396034057411,0.010576828731837407,0.08699161735492585,0.04392837466250497,-0.3735249226883613,-0.1936868622804707,-0.06566162172855225,-0.05475428461259191,0.02763107814532979,-0.015491069967693095,0.04236719137572195,0.039522271641039275,-0.021136584749494026,-0.04734981461058115
440,-0.47759200435343224,-0.22271764513966447,-0.3763231975541639,-0.08129392970050933,-0.42426845736510016,-0.4077309695755351,-0.8453200168535796,-0.29615656605534285,-0.18425140441551202,0.0222159348973295,0.022372968873186693,0.16274601210837322,0.09496190002030827,0.041191916897818905,-0.011607790503740448,0.08506972135840801
441,-0.34813571907333246,-0.5134764716627696,-0.1476351908400247,-0.30099687632197897,-0.09912828232335577,-0.2887739666777455,-0.22870750436467263,-0.29182690925690535,-0.06237363313618171,-0.21481865783527382,-0.07507540748797911,-0.13027105444792952,0.07223453735124379,-0.07012177265884847,-0.009425004367028145,-0.23800183545632989
442,-0.21639396898118812,-0.2260836557345169,-0.014453956865292331,-0.05789495544977703,-0.005938662698214575,-0.023255974864422952,-0.08817185279508184,-0.04629597129360848,0.0009915716810503176,-0.2965094174719215,-0.05241097309840327,-0.41072498446714206,0.22874080259145974,0.14217797089216147,0.01305887728596018,-0.19121204124240984
443,-0.03229719593563683,-0.1874877801878863,0.23107634461466792,-0.018994077741903134,0.1679915629178718,0.11380821865654149,0.526832139517069,0.23369518827609245,-0.04082628909581878,-0.10779127769489343,0.02213818214270325,-0.08349036102683118,0.07420041533804322,-0.060786751320630474,-0.020719533500716775,-0.17079009671337464
444,-0.018077938877116326,0.029055459598119882,-0.052792058684520894,-0.024650027198537986,0.2237704383981567,0.3853407327438712,-0.21599487001991957,0.1434655947266739,0.015185058965105462,-0.0853462970486894,-0.23626369744729733,-0.31289750934135846,0.17515243240165926,0.17785654921325494,-0.7131512324912862,-0.39642322685875353
445,-0.2857299347606384,-0.11416117346916511,-0.18559501070859669,-0.10543162148918678,0.06084102064255156,0.17333304115374504,-0.6394938583919084,-0.2600318206886803,-0.2028810559517088,-0.20241416070746743,-0.060492990023492614,-0.07981133623065119,-0.019896427088142658,-0.004820657612195123,-0.40403182284536737,-0.11022353035793801
446,-0.1122948346891625,-0.1478806193868728,-0.10993222564377132,0.00901718651433822,-0.01311967823880406,-0.2116474150872533,-0.39876984058897735,-0.28346439153507424,-0.03198327929647164,0.16978379449933562,0.08815304414048325,0.2392925502745788,0.09393114074455833,0.3137049876929028,0.023308962364606212,0.2633419874680253
447,-0.16888556848323077,-0.06639578473888731,-0.2210847304800945,-0.08747530435280476,0.16072540875950156,0.3184184345484845,-1.2287259233158836,-0.31744144269378544,-0.14877829977369586,-0.15303894872919593,-0.014047031139197877,-0.06445258424578187,0.004810974624806615,-0.06297554383733912,-0.007689541157638494,-0.0885916234773619
448,-0.07521361086043891,-0.17149300330835643,-0.13678516622067713,-0.17512098763782982,0.059971240763959495,-0.08286485303549555,-0.16844870875828907,-0.32380851871277033,-0.2549691670846004,-0.4936977819510902,-0.27118812203983417,-0.49147380865714235,-0.09151239816919955,-0.1829457897301792,-0.5106979444753614,-0.43051880128156733
449,-0.2942380871135425,-0.26477879044195674,-0.06732053218892246,-0.04772565280753176,-0.25826677793684377,-0.10222148854698293,-0.18444865805651578,-0.14060411539641737,-0.061191065230298804,-0.08428805889318566,-0.19382668488527363,-0.12812895729041326,0.21742012580391887,0.2259203145655345,-0.3797804672198286,-0.23799747208291042
450,0.011660898187362679,0.09769967091407061,0.11535587833037592,0.04396007695214154,0.11196117372437914,0.11457607201698833,0.135959554267337,-0.18972479181629545,0.14537227036381706,0.2992194389852706,0.25852421776945017,0.15040069950508053,0.2410264793923674,0.41685981122658705,0.38316190100030506,0.13219175882903247
451,-0.2041691392811556,-0.38383513895951304,-0.33103149223150125,-0.36141846639702496,0.0007459870952985022,-0.18619230828420666,-2.1414792601811325,-1.013342427072873,-0.21764737645756685,-0.15903523272301007,-0.027159134059972015,-0.03357405201290879,-0.06859798686343045,0.05745982269933647,-0.033728537068676595,0.009575955280487233
452,-0.09048090865440489,-0.3084718537713654,-0.45038972764238827,-0.45114165702136655,0.12048515327560454,-0.1993791095083881,-0.677923718516175,-0.8787527718379936,-0.07857043797088288,-0.09017732550714008,0.010318750915283226,0.0906434719992818,0.08579459591710527,-0.005195772467220283,0.05875261964214631,0.013010816929379332
453,0.06595098133423119,0.19053127462747493,0.04875361800701517,0.1443650339270272,0.18827817595128785,0.1500736420302433,-0.15503318826972906,0.049822834733883305,-0.05394367945385476,-0.20567204643102188,-0.14623574248546842,-0.2522876695557208,0.11436267471223899,-0.004527277290642973,-0.2950571367452537,-0.3140939196564612
454,-0.3940810084145114,-0.23832326084076633,-0.118420670427937,-0.13931971984936312,0.014641163338031516,0.11131429606526665,-0.638936030324036,-0.20050029483034068,-0.19116549323443624,-0.28332414767189645,0.013755298378225042,-0.16912086722783187,0.03163347535941527,-0.07746985674777744,-0.02521647808838809,-0.20249972804083105
455,-0.29108614641422614,-0.19969172114036382,0.09933553491219861,0.06713378158101807,-0.08610535868088709,0.08008693414115055,0.09159171486694394,0.13634884792858423,0.03335674391278084,0.19574253088564317,0.09370265194511514,0.1400938659640709,0.1175432775489364,0.1953865537029337,0.13215037081563777,0.13892349783006488
456,-0.029548525085821387,0.06155615214425352,0.05413649885726733,-0.008783262637397826,0.13768771304694527,0.19477814210696345,0.025113184570721613,-0.11897565811997284,0.01781396033469859,0.25528439077003146,-0.05671804695082969,0.18611151586605568,0.13962886647361222,0.3303222961687924,-0.2509763363532427,0.03336063657956071
457,-0.35027340872241003,-0.21585742240498088,-0.19393848302425545,-0.02545922904287172,-0.06879364419036031,-0.17598134191349613,-0.5333486528495263,-0.33240636722860123,-0.056463595626090234,0.10754666843182711,-0.17521718773052955,0.0808092890195571,0.11143252351997182,0.11788808831006367,-0.57428881954227,-0.35822306826515105
458,0.1726032657787015,0.4924555075649768,0.12363461359364494,0.39415651445212324,0.3516261234168236,0.6683565978553556,-0.021148438811138027,0.3429441754829144,-0.1312107929181382,-0.1201509995005702,0.07147029131868836,-0.0339371938648504,0.1775725723521209,0.35095551998100166,0.11806156283125914,0.16853778894760255
459,-0.29894101929727157,-0.25109348617617394,-0.26697937254761334,-0.21865848086525255,-0.05122572669635334,-0.11331140598213979,-0.6540893665988361,-0.41022262675433246,-0.048509054645779204,0.1742065813731131,0.03662651920028145,0.14023564531303298,0.07526439714969874,0.176980141097576,0.04014270940446757,0.09281667030537966
460,0.06308671691857401,0.1714574082294858,0.2341057820967857,0.22574497764537105,0.2627253114429541,0.3972001836779859,0.4245896959013634,0.20469267900234836,-0.1418085799183654,-0.0943678524098153,-0.6606954085726462,-0.45687732219426896,0.059738110235263854,-0.033565655001995195,-1.4323109314975029,-0.6995841456992418
461,-0.047091981287944076,0.04544552085166651,-0.09851371242129496,-0.008195115188816781,0.11988185438336128,0.23917728176556105,-0.6707483376741612,-0.08305132936660568,-0.2020638048695698,-0.006535033966168117,0.11762851039976378,0.27217374413428846,0.044991429298636344,0.20148535263785794,0.06605405654273921,0.10708627124441487
462,-0.20152632416472163,-0.20837576552746323,-0.04254124535716446,-0.01751040271285089,-0.1537642421395939,-0.259999397798394,-0.20500192998322866,-0.05174461844066484,-0.1405102381705235,-0.14685056562138438,-0.10082769443494563,-0.1522073611485971,0.05893762952913831,0.12922172400776707,-0.1955761305115519,-0.20163805943545496
464,-0.21813290912171276,-0.03365793919602065,0.12736899730200135,0.20201431544828746,0.1027933430819763,0.3265616155567688,0.22565148589876893,0.36850746932423945,0.10966668335654339,0.2176962673987776,0.1016377144346633,0.1426620746046351,0.27116463545550323,0.4101827932537052,0.09775392571851026,0.11870043192492019
463,-0.05641505330074333,0.13575175258599267,0.21416510510992554,0.21865231919535114,0.03910161305865093,0.1475275990913789,0.21799466770437187,0.23581209984072374,0.09656629314775543,0.21579277270332012,0.16994988982806958,0.20480891724360165,0.21894021505437272,0.4640271725377275,0.1526867138511847,0.2817236304033173
465,-0.09693822966408364,-0.13087420258280816,-0.07156761630644241,-0.20704468384799074,0.237821217089291,0.2801886924304588,-0.040713232096834084,-0.21003079268128125,-0.10394975296827925,-0.14154020417369498,-0.22188995781417267,-0.14121050964477744,0.060886653827657775,0.015836445836748793,-0.5238166602863757,-0.2576449739491209
466,-0.1332338544704125,-0.08735838718905231,-0.05375818681410009,-0.030053342036268468,0.015486750511366573,0.02401659935333994,-0.13254923025398843,-0.08264675096448182,0.005898036007191901,0.045505075280809465,-0.047516658811529874,0.005626739469043679,0.15798827124129605,0.22536011025701752,-0.13529993530860035,0.06421459437830283
468,-0.05969937167486322,0.07193278601274129,0.006626314619423275,0.12790947688844406,0.10097896762182507,0.24839597059268462,0.010759707734162911,0.1505983293029136,0.16657885623945898,0.3983890216912361,0.10196080903331908,0.3517949595021139,0.308210342241223,0.44734161223568425,0.053405598319460186,0.10226936204946453
469,-0.11363551855914289,-0.13171080752655495,0.23446218061936344,0.015300005554728496,0.23816048212576849,0.16258556402610738,0.5191861034194317,0.0766863025400875,0.011673470489469864,0.032177673349344654,-0.17059509281721078,-0.41553958174345595,0.1652648608919625,0.1591660946999065,-0.5367055376761313,-0.5431597446545154
467,-0.10146520434887295,0.03269024010988296,-0.09936646787086509,-0.04794998487589292,0.1410944018059786,0.2849939410515815,-0.2757398329956467,-0.22427521806169792,-0.070974994230217,-0.06478208140036869,-0.24447629427522374,-0.1807444580999855,0.09239363877252381,-0.005200385201711377,-0.39121383463239684,-0.2908562652813771
470,-0.0895960100379513,-0.18524500143285927,-0.05078127455142044,-0.17865432156141298,0.15169927632215857,0.20222872369475398,-0.13079003384550045,-0.12725729605517302,-0.13404698417881564,-0.10286182858816965,0.014476877464369941,0.018081133090439086,0.03398955910266826,0.08496616203731484,-0.0719456251726522,-0.01098619303851045
473,-0.3008449196241356,-0.014794466193074706,-0.009471532325978717,-0.013414968184348175,0.13779468165618294,0.42917376323329526,-0.11354347821335961,-0.01025807765309128,0.00990868319867417,0.003224707644273498,-0.11434620694091938,-0.16311188222745096,0.08500204895748222,0.09603402304071726,-0.34972397618873047,-0.22701030153042345
472,-0.07505226808669602,0.03800826095504634,-0.15458642115651502,-0.03989305883486085,0.18400664129877925,0.39799176900982314,-1.1343484529905326,-0.23518757032106477,-0.07283375151423616,-0.11581942942773547,0.20905653158446974,-0.07405841927804117,0.09913457829634005,0.03219353240216842,0.2805371996059743,0.03148308455545975
471,-0.14047536959632392,-0.06649218213506025,-0.005969445366629994,0.1367093358117222,0.06673763013214982,0.11174642926303709,-0.06442250212820363,-0.004045828552123358,0.09561607074737209,0.18170452028883285,0.32430890327708417,0.31008129251113825,0.19632160773440577,0.3047736808045591,0.37559667850175016,0.25111746998944934
474,-0.0711169537702174,-0.16088789782131455,-0.0017390908484017093,-0.3829829412211263,0.09803566976968321,0.04517332626930678,-0.033844225871659465,-0.3093411803615726,-0.0960150270481474,-0.0034655245872308765,-0.0500237065343458,0.007659072867040817,0.017971650440352892,-0.040880261816223194,-0.23074175718964562,-0.11886944447101207
475,-0.09142454843789408,-0.11143819880313587,-0.02482002511764976,-0.08877185788741933,0.018797741764664047,0.06805698835388506,-0.04124789862931266,-0.017399193715987343,-0.029479326202826627,-0.16274429005432395,-0.7261287522036256,-0.5721040762811376,0.0911340363641598,-0.018304472750707235,-1.674941138613766,-0.8196819764798935
476,-0.18242876319751394,-0.21249196255213623,0.009365055504217325,-0.009838372269939333,0.020709332628728764,0.2509515224004857,0.0688131675826984,0.21892120233242152,-0.13601187903919146,-0.03411114505499269,0.003721673197645379,0.06262237984166129,0.12674149982926694,0.33535302842205394,-0.013470987377638124,0.044400744923147197
477,-0.007568839886031073,0.04527655633100379,0.02877726926387539,0.02933025620245351,0.1976611101693353,0.3201849247948043,-0.06774660946802022,0.081181582280818,0.08346893301401,0.22504610716103973,-0.10999540421676561,-0.07523924020762139,0.23478269057125373,0.3017802943490503,-0.1518572450685299,-0.08821872596169263
478,-0.02512122212531863,0.053870726678066416,0.126656353130043,0.005288057441728929,0.1709053006442362,0.2920386072844852,0.02469706237163449,0.10674293325568869,0.16394122374495695,0.19457848465115896,0.20594992366171266,0.033619218709030084,0.2825561407184697,0.3793339699818552,0.25075739201311337,0.032710481901081945
480,0.11154773664002131,0.2746534651463751,-0.16856626216357293,0.11123374673716159,0.2695765667584374,0.30488683492880225,-0.4269371377074642,-0.19994390493619904,-0.14397350187698527,-0.03748918614971917,0.007376276499731202,0.01087101986522015,0.11921944836631314,0.3259319171158903,0.04165171935356579,0.003798396850383671
479,-0.45343940031583774,-0.43647478412747137,-0.5923802231089961,-0.2820476318908086,0.05750489805432417,-0.021543998460654856,-1.0459349813890144,-0.4037068133841446,0.15383213996765874,0.4053234911432048,0.020259856625041723,0.1629289667572288,0.3415425680871581,0.7196891935517102,0.01509825137812268,0.15900013462549376
481,-0.02292173010553984,0.057993459453282874,-0.1017844304525733,0.14300607233843243,0.23600573365819863,0.3907323975711436,-0.17953336983499205,0.21641014622860255,-0.009757181805432912,0.06122140410219393,0.03885554153306274,0.030295543256646365,0.1490501818370285,0.15925403210830721,0.16936436619102732,-0.1076909805140085
482,-0.0069107981425191815,0.18568618452962948,-0.1507008178547379,-0.04611279338082286,0.19014855668216682,0.45062278275754464,-0.33339966177574326,-0.2962719349414736,-0.0691422644755593,-0.02141699034602819,-0.5795850991978485,-0.37414386275160955,0.06427537903305157,0.033649970051848554,-0.06452157732160119,-0.26328039491426025
483,-0.1612785211209896,-0.19589677578642548,-0.14668779029958398,-0.14410478024491624,0.04617848021718078,-0.029224158006695106,-0.2873653492200819,-0.2022212502153912,-0.15701353778722701,-0.14814498062912035,-0.2052469861286798,-0.24503727443347031,0.04591573383342379,0.05760573529288371,-0.7215035003750531,-0.3120633038062433
484,-0.11380471372471022,0.04650732569770982,0.008550240159742513,-0.019964510264261482,-0.025006958327577704,-0.149658264885595,-0.1086570011369243,-0.28471558083971243,-0.164677599525111,-0.08565435623619272,-0.022950767169821213,-0.019087499649666453,0.04335853939800661,0.14826246385587738,0.09429417265847279,0.10121243800390041
485,-0.2519648134557204,-0.2379641933075225,-0.35958391771112075,-0.1671960175107688,0.0820201753883134,0.029954318744803015,-0.790370139967274,-0.37624750012725483,-0.026856386309617092,0.07857863268873042,0.00032305690134232934,0.0738846530898431,0.24660065876317538,0.42521802671373415,0.05912549166872683,0.08003953786025104
486,-0.04624020424745267,0.0710489529500758,-0.11356521990763371,0.022732006630888844,0.16213357721232347,0.26093710662298936,-0.2704396057683875,-0.02676676630012272,0.05960556006023327,0.10329578395502319,0.1570165582935388,0.06599809693667727,0.1920102294517482,0.2893886364283147,0.08995445716328587,0.09315511873114923
487,-0.13733613618741397,0.01753558304212577,-0.012167981494234169,-0.019127811854992186,0.058366278439824254,0.28794941084270465,-0.024835290781248996,0.168209942971568,0.04594933174349302,-0.11409613413019327,0.050359782989205695,-0.12897630705430768,0.22222699511199268,0.2570487540628303,0.00614041211268284,0.16102532857318286
488,-0.10203995829983163,-0.00915450124589905,-0.17165567973650062,0.09558728605923437,0.08183451644936668,0.17089886765943427,-0.4132092012603025,-0.09309689156960617,-0.3069742527474546,-0.15378857240596572,0.15578842823487662,0.06370906414338444,-0.005221676362707445,0.09181289260325302,0.1394572703981313,0.22744644593207855
489,-0.04237028181536643,0.20324392850344508,-0.054956222085437836,0.34483838868763206,0.3250560608544591,0.6582869804982154,-0.0061729210389539135,0.41116348092459704,0.09964053021102413,-0.10644677628298616,-0.18604539293390945,-0.2549606615463489,0.1650692033225452,0.0751944506522596,-0.37219065413793406,-0.3565876067382408
490,-0.1171227568402031,0.14327811460142367,-0.05445704153619322,0.28436749613901635,0.06657224820565606,0.195116056166023,-0.3252327845236365,0.027167728661691665,0.004600652011522427,-0.06914596813797284,0.09739225957140961,-0.022757308360077246,0.13114185775236442,0.1063649270037271,0.15410639070703797,0.08342837929858982
491,-0.10913465421755773,-0.13122638410942108,0.0650199852108332,0.018114810157572256,0.1589312021442652,0.22339019375214894,0.09429858080859814,0.2107221566594678,-0.05365396829715114,-0.04521856036117499,-0.5638467481830385,-0.3440871942661129,0.12081790912648481,0.09409833635625146,-1.1356846119367028,-0.5238870406027757
492,-0.16340501655045078,-0.11035856224055868,-0.12497283302316674,-0.16541835169876354,0.13768066237313187,0.044007975917456366,-0.18644133734940857,-0.3123893055703912,-0.1921806747060312,0.1118014500493957,-0.008580048453221911,0.11820543618021993,-0.026184842088111383,0.2974391714757346,-0.054009273510504524,0.11185457616806678
493,-0.12726618625235675,-0.18243276751273468,-0.21168855608106524,-0.24285968816114184,0.07636552887162942,-0.1672092777508992,-0.4499216359207119,-0.5033733015427868,-0.40528909858052803,-0.20466496280308247,0.0365745857312074,0.07916665194695229,-0.0856231775202304,0.03775012093770227,-0.03694684425671169,-0.02514612320775263
494,-0.05276842632853853,-0.028805677608678908,0.1294100346987494,0.1747960013672616,0.10167115322434372,-0.017512992518343855,0.15345148581122192,0.015399068467698637,-0.1126775566686899,0.11223714119890801,0.013946968158072502,0.14186995311949105,0.026788464636093714,0.09305655296590483,-0.1138844861145939,0.04221119998348455
496,-0.030976051880739285,0.14562428899773341,0.09514411806881466,0.2433498223385535,0.25520335934024513,0.36198460291032175,0.19832019591823702,0.24096879390972006,-0.23309004620067783,-0.2483323327932924,-0.0024183219618258956,-0.0645641478659432,0.01776539483071124,0.15262460713793718,0.08664997085753916,0.13813194741674453
495,-0.2437613044150658,-0.3380203063216276,-0.09087955317149522,-0.2739652261442679,0.06960942001105029,0.12024078080902313,-0.0764362368427036,-0.06911134947075619,-0.17587257447165466,-0.038547398779454116,-0.5347380109643673,-0.14119052380968478,0.054635397078682015,0.06774784624916459,-1.6933520812224954,-0.5761008844678605
497,-0.09971630149297822,0.14444119085912344,-0.06301127696489546,0.06563436043027897,0.20296580527936287,0.5524117622557102,-0.3203174226782857,0.1015419386718777,0.0010857906425678558,0.15673148365647846,0.03060930144089463,0.12034722123956695,0.19829832152451815,0.30510863326772986,-0.035696399950813106,0.022494283123983234
498,-0.008613281412353489,-0.014717039324884799,-0.3185350870685969,-0.25265832323538834,0.18445120001675835,0.20973797712780382,-0.6946516974291023,-0.39418902849899845,-0.33600737840772527,-0.31522711778952023,-0.1106690456641608,-0.11779374441160337,-0.038961780710585966,-0.08669054133058278,-0.2875700266083921,-0.2832609561176487
499,0.01776685612618212,-0.03427143685533768,-0.012850484272762398,-0.12470116431203468,0.1456164955814167,0.055951580419282665,0.0040522532111465,-0.2680843252231444,0.005803190538830659,-0.09982611642399755,0.1874673739690987,-0.0369294920744861,0.011719654496764619,0.2620021968301215,0.07724268797335926,-0.20929869733011808
