rep,slope|edu|P,mean|edu|P,slope_main|edu|P,mean_main|edu|P,slope|edu|T,mean|edu|T,slope_main|edu|T,mean_main|edu|T,slope|web|P,mean|web|P,slope_main|web|P,mean_main|web|P,slope|web|T,mean|web|T,slope_main|web|T,mean_main|web|T
0,-0.02775594052494853,0.05196721844426816,-0.043563882652023586,-0.00512977108634311,0.1891767397404065,0.24883871312004346,-0.04605734054056442,0.02241754106394241,0.054021292519853575,0.07179895122020233,-0.07105923415392423,-0.07873839489901426,0.17830011797853534,0.222068516189358,-0.32667783299650666,-0.11310322684835801
2,-0.01900650373440728,-0.044164546320537304,-0.10296604107470382,-0.1348090447439983,0.2602549081022375,0.2012645110646063,-0.1795822436627662,-0.17961686172033764,-0.0580851203904921,0.007468755024500817,0.16587202652850133,0.05996634577692292,0.054098494894000454,0.05660119589464048,0.2202694618710454,0.10156653189806815
1,-0.05352438933100683,-0.18326148048431393,0.019595619919654545,-0.10494258802257163,0.09539239021801332,-0.015015957895850196,-0.0033805976309864098,-0.120903429706678,-0.026688174714739877,-0.04462256566063228,-0.11255568249823447,-0.1234936540494675,0.15807258398770077,0.14612336360578557,-0.27340813451689705,-0.1547831586496712
3,-0.01055010230292457,-0.08359142015672326,0.045637284612221156,-0.11674035757620792,0.12890770919612046,0.08806873681231853,0.038866123870612966,-0.10401242732736793,-0.11959667653724944,-0.029732239709967433,-0.031150822754602854,-0.0036719396563230948,0.029717988869199578,0.03417213823865835,-0.043242965952419596,-0.07823599725260226
5,0.02291047524611635,0.058808147739988006,0.15937225433960672,-0.03249668620812162,0.15334949173751883,0.1412309899159244,0.4331469117857683,-0.1153171088026026,0.043772208443081384,0.13558088586613443,-0.040697799370917706,0.06477348007273954,0.17227531534119805,0.2743032511737777,-0.2170067468192299,0.022185601621765416
6,-0.000716010423503024,0.13248401038291105,-0.00766162047472658,0.04651522505766514,0.1456483715372898,0.18507652818111384,-0.015394182965475754,-0.016790495887235617,-0.021079581283881283,0.04663678358192166,0.023158013437652326,0.04451522814540223,0.15285645811462673,0.2567857440888737,-0.03944609432060073,0.029071244995888017
4,0.02332279503489273,0.11533394119438534,0.08167693223749256,0.1830785513337494,0.16863216138952145,0.3084149205326822,0.09852280466727124,0.19202567233852,0.04390582153881758,0.0824885290785736,0.0872534101366785,0.10086953001255505,0.19007042008170238,0.2298087706537893,0.16731552418187198,0.1479224482445862
7,-0.22350323131677147,-0.115047826309575,-0.08581327808722419,-0.05797672880240046,0.025642109407186368,0.10678480871615421,-0.26102940902742283,-0.10521009878504706,-0.1046224923918755,-0.0999383303538528,-0.07973279984444824,-0.1102227493194575,0.07648562475131887,0.105227479504118,-0.17826796712459658,-0.08047102697011817
8,-0.042615034378648976,0.12023056348204515,-0.018295262892539004,0.052937773181335496,0.1488046603223193,0.32693951655555464,-0.13951713154756445,0.09600762859585465,-0.027912078750799384,-0.008256291795477785,-0.0656861804170269,-0.06958951302681017,0.12767552632919935,0.09150835577158652,-0.11943680145078943,-0.12436884678871596
11,-0.09204943520593172,-0.14162895934581107,-0.10093611542857,-0.1511426240329217,0.08006352385553646,0.04606807750004379,-0.1869536938744071,-0.15151690355984818,-0.06602962089622007,-0.12540317592736877,-0.11646653260068432,-0.1868280372498213,0.1334859632497212,0.04499869661856444,-0.272149467346521,-0.2745219228150471
9,-0.057364343652809416,-0.008212420925503313,-0.15395593813548628,-0.1335956457427413,0.2193055260916919,0.36454778725973164,-0.3219271354874396,-0.09429482376456906,-0.10840307507668186,-0.056760982565871684,0.054216182994550506,0.00982648242323313,0.12203662850421917,0.21297270978149768,0.04041418068734923,-0.0004286634083947953
10,-0.07598711068472513,-0.07760377816994292,-0.016702230273826304,-0.05873581286342702,0.09607853959964807,0.1215158379460078,-0.13129771111955688,-0.03691285142625411,0.010291171331979682,0.008366893067004813,0.11543547673757652,-0.03859119525275863,0.19754464635597713,0.2888152363100158,0.6574750749130917,0.05395568575540103
12,-0.018467867526655187,-0.05243498733872797,-0.09820781393974579,-0.09581700181541111,0.151155368745849,0.14011790399669694,-0.13883281481103477,-0.13166625647882516,-0.00569575070030405,0.02297812656488065,-0.08109168083340179,-0.07747414313014928,0.1343548334430343,0.13053470961269975,-0.27610609820545545,-0.17375117294703057
13,-0.06164595741029688,-0.002343729170966702,-0.0017994013466070987,-0.06528838500646718,0.09307719442442786,0.15960058724239487,-0.08099104795314171,-0.08132729242836267,-0.15639145918376757,-0.11873252091715632,-0.04204151556910812,-0.01881684845634884,-0.0026297603774924952,0.003515128758514852,-0.15107127494040634,-0.045796795737980234
15,-0.05398218537556582,-0.06552419844307904,-0.0863134288026323,-0.045450732044790616,0.15098950585738885,0.19512262852610496,-0.22338031706511896,-0.06671525152630824,-0.09856792157844255,-0.030667725054712804,-0.01489327237285187,0.01519585927880407,0.13966131550617247,0.14315796352297833,-0.12272891256897848,0.0007540973772363438
14,-0.11462105809488886,-0.06760411945058982,-0.04587528714804301,-0.09704080623403072,0.08515463827703643,0.11048531976593988,-0.18374416174284838,-0.09418896397569361,-0.01728445120932969,-0.09603992817808547,-0.034891998280250365,-0.16211431757398892,0.15537676951686608,0.13322377873333727,-0.09952244785526174,-0.14669287419661378
16,0.04840481930007589,0.11924843315889874,0.20684336768393508,0.24718224342757605,0.129478383755,0.22554522219281267,0.5138778561513834,0.3944120981885655,0.042803274721930094,0.20067926913881518,0.08941094561125873,0.16199512852075096,0.19418528127669046,0.33945525188971315,0.11983836664987561,0.16721313933443102
17,-0.058164357681798166,-0.021207523500700008,0.004440027662612251,0.05063473550070943,0.11941118787171953,0.18969765171653208,-0.07250328360180942,0.039450812652736165,0.03998308395380024,0.1221093932452877,-0.009215952986494991,0.048774902976533266,0.17460862240157524,0.2808387184514539,-0.12168449636016862,0.03171428655199541
18,-0.15258220978984297,-0.11080150243791997,0.06959721506710125,0.06404398327582721,0.08741586477791564,0.08877904975718624,0.08643070978155035,0.07001526647872054,-0.07334703222780496,0.06080103957034155,-0.01772008600380478,0.15465067642026467,0.08063517467375741,0.1568684298029492,-0.10109149104272289,0.035726340614575504
19,0.07023041783386726,0.023420165661967723,-0.12124936873098738,-0.08463993157745019,0.14487772216477587,0.03858744549282802,-0.3858091065618243,-0.21516272356644597,0.03273669623846402,0.0028941479815431342,0.07752382907824946,0.012243255334800106,0.17585074873114437,0.16571406772917774,0.04417790513601557,-0.024375887789169437
20,-0.085582363494703,-0.014330357577082524,-0.13897312919289945,-0.10083850314515365,0.14935427153986092,0.2694491016287828,-0.34569445844760394,-0.11523712294656052,-0.15055671541207943,-0.23948060731951412,-0.16708380618082833,-0.21419169335300745,0.05168044423375224,-0.0519839410838661,-0.31044591653558773,-0.20620981057113744
21,-0.027946280325645678,-0.024200978190931508,0.003327866546175751,-0.023007998197903737,0.16102342762002267,0.2508881696061464,-0.07634046880921729,0.023416121269066264,0.021158534843837007,0.12488185342436188,-0.014988617861168202,0.010355259171566463,0.1761407867417252,0.24506201002359723,-0.1139557963371637,-0.014841862766531507
22,-0.15881827814911537,-0.12238469307030332,-0.07455756414871606,-0.07901572173441097,0.042743651540154096,0.09020992187923492,-0.15993914198427936,-0.0975294383921621,-0.012571378101873776,0.0014185382274930047,-0.018257562011951313,-0.05045889670325747,0.19375291953113127,0.17655252461860899,-0.03670511150475034,-0.05621406000198951
23,-0.050040403661279806,0.05066224443156709,0.15748292535448494,0.05998491599143068,0.11785898003468746,0.22599297816929154,0.4126916495064391,0.19342146249563708,-0.13631050703421765,-0.07115780420067729,-0.05933879226305923,-0.01666796989926712,0.0757755316122526,0.16100028823476206,-0.16886247748490907,-0.0052755589456561225
24,-0.3652845757099462,-0.2825577844405255,-0.013729522424585746,-0.025677642646603497,-0.027196024770373445,-0.11951385281650667,0.07918927672442512,-0.1790436776600676,0.03740902185150599,0.0884075539932374,-0.03870200042125415,-0.032638037245860764,0.14861278926724694,0.1556476248768601,-0.12033066868945372,-0.09072230460808095
25,0.07240065771651029,0.18383969980146297,-0.007121342216438804,-0.022721049280772735,0.2234786436441551,0.27684509945746627,-0.0005463987639204149,0.01092790549258027,-0.02267631730918891,0.0014200333659970088,0.055259625645446495,0.002120629844174281,0.13626902268213573,0.1347442614903215,0.13699566888885198,0.013394986450076604
26,-0.07497097566808336,0.14680893127412323,0.002312042084845496,0.08424896878890797,0.12248330648408913,0.26987479218813704,-0.024361816853972332,0.04825429531156041,-0.14296360828704127,-0.10828505595972858,-0.026921602905042915,-0.035440899939662124,0.054360879426765436,0.1400420088437037,-0.11383526418568667,0.023545030423114843
27,0.05480795544282596,0.08133331534812249,-0.15904244847728008,-0.17299055845985006,0.20504104623927136,0.2356602924435424,-0.3100929366868216,-0.28821441976540024,-0.013469273873950319,0.01156255047472609,0.05518014328455413,0.0525976657378777,0.13708703446051995,0.1814396451667495,0.10672655266855749,0.07494744982019985
28,-0.25593668061159974,-0.18014729085431055,-0.10671881775372241,-0.13589882679346676,-0.03350560544818427,-0.06357849362378,-0.262146351784373,-0.23182511822131227,-0.07460232100340619,-0.10250410465133679,0.06183488510674124,-0.04437681261150566,0.07839692923161215,0.09509423707118662,0.029245059900003548,0.016311214071206948
29,-0.12309103267119115,-0.046888238485981726,-0.12465703861673468,-0.033703317350946935,0.09812973528297869,0.11203857721558354,-0.29925319381437576,-0.09993476357374247,-0.06576244717942124,-0.009809009195997528,-0.04769818723179006,-0.04310982458299183,0.06628579292164252,0.02977469898898304,-0.16559678901094313,-0.1395895710192447
30,-0.07746723365786823,-0.05312876194062797,-0.05602587613224623,-0.04309178677931033,0.15844438814390083,0.28090458706172544,-0.18336419642496096,0.04138772063748164,-0.06606403446385517,-0.08630635321340592,-0.08849307854995991,-0.09175759116792805,0.10222668631100659,0.10745856226823955,-0.2476451038110026,-0.12426922824367288
31,-0.12325677756444459,-0.15831626376268804,-0.10308107369003372,-0.18414434875517724,0.047046003595906646,0.044219190761019045,-0.25636592977952194,-0.18728665730466923,-0.10368290523111792,-0.011900391941225741,-0.04973530898568106,-0.016396284212346825,0.08263920405357589,0.17847534025382672,-0.19652100723716834,-0.06256326343147671
32,-0.03031989686138747,-0.0775436866634666,-0.17680353567423793,-0.2423752245305305,0.1589720808030825,0.10003257202665995,0.4740012004329454,-0.13387298084972063,-0.17000116438311416,-0.1989228304453548,-0.07932432825585783,-0.17050509713877193,0.016350318628838945,-0.03280890476912961,-0.18194165005773635,-0.1577255801744658
33,-0.0014022137761189432,0.06770210575404055,-0.12081041934376599,-0.12834312323792219,0.19402195885739246,0.2743160764108011,-0.035026105637454216,-0.08052785896141823,-0.06800441098914833,-0.011107689143043808,-0.008082371766741474,-0.0035833304231909727,0.10620127259109777,0.17450412874396845,-0.03950123362719266,0.0011356270580623236
34,-0.163180994989955,-0.017286984458678045,-0.040859812905351296,0.12125743283692202,0.04648059005367135,0.1413704926254388,-0.14176266407072785,0.0784781167960407,0.004334395940944826,0.06538392670690643,0.029462459576180527,0.016211538064221317,0.14171706848407048,0.2064101581835645,-0.03134030030208654,-0.07548950923161513
35,-0.0467421404887337,-0.01271333000626527,-0.0939068287105139,-0.11493467213615688,0.151985050992153,0.1691632394287346,-0.17443473578942364,-0.16063001002893032,-0.027347180032831372,0.07094878942380796,0.07784616301529497,0.12483904182335079,0.18654497030936998,0.3144341569013855,0.17629844045958076,0.17565611891644495
36,-0.11796209336868209,-0.0421629509122829,0.0026407050963218382,-0.036184493079882585,0.08581178853847751,0.1615074370495497,-0.076703025002816,-0.026807523649885406,-0.06025257643973601,-0.0022250502222583178,-0.07340138725124944,-0.06221995063475177,0.10454775038392965,0.12852019504167883,-0.13124214643755486,-0.1317700954318526
37,-0.018460143557269236,0.04588836778526271,0.12953429097076397,0.10662273216007727,0.10741777624185674,0.1260462648851404,0.11453762128839916,0.054842803133814434,-0.0078244140598371,-0.039577026591959184,-0.1326026367974843,-0.16698207072703264,0.14798440098594307,0.11265088028911001,-0.2792123030788499,-0.25213320235266756
38,0.026436633083187066,0.05228940651152381,-0.05198965357619462,-0.08497298489239216,0.17504173492420813,0.2714270461127373,-0.01999685556965731,-0.00770727705317061,-0.049014764902768335,0.01728287133939171,0.0021155711130431925,-0.0035672465715064117,0.15466891217324052,0.2902220360999607,0.01200671417360944,0.1086004706687896
39,-0.1273499638890772,-0.09431321323313512,-0.16561338865846317,-0.15772799755792005,0.09149819438213082,0.07237548113971744,-0.35409201263486134,-0.30268583161102036,-0.13377704937644816,-0.12443670082671618,-0.07197088050637869,-0.0823257392649618,0.04806277360159564,0.05074876285418595,-0.20223842604694148,-0.09452428170561426
40,-0.22729587702350287,-0.14980747268236155,-0.12284452027774533,2.768634763221241e-05,-0.018450051834077105,0.0009575133036935357,-0.35192779548880254,-0.11022744666826745,0.034647354342130336,0.05905758313809018,-0.13466439846351316,-0.1557651564621512,0.16918736552564284,0.10108698467108565,-0.31246476048307315,-0.31059001822436755
41,-0.015122604096015421,0.044837201646048624,-0.08580982319581862,-0.06445336858337025,0.1823358028865814,0.19564215273648952,-0.28116186027235524,-0.12951631781971282,-0.21391006236964327,-0.12626481430047334,0.026848964387666298,0.018244654007270874,-0.01032061988664989,0.061633237995980396,0.010058415110539046,0.04311325179537236
42,-0.07958644805021041,-0.10374255074384324,-0.049163122261714653,-0.12349314756646089,0.11690095308049697,0.11379982231328466,-0.20010978200955354,-0.08673931485574526,-0.039951302703296186,0.06628651838056576,0.07433098223774258,0.12288242709853209,0.06984687321512478,0.1705707789887606,0.09160163453245751,0.14337393181619576
43,0.019012477215227176,0.10272559142707413,-0.0759440728450051,-0.03490805585170411,0.1736029415398117,0.23267384375135744,-0.11744296854717495,-0.10051214483422011,0.04158487195897209,0.10563093336944725,-0.0012876272507798504,-0.025295129453728207,0.20564617214014394,0.25226731776938865,-0.03328219163377809,-0.06441857085685843
44,-0.03182205209361533,-0.10176028751118704,0.01273179897309725,-0.08477244594882004,0.14670355922048806,0.11874373610334678,-0.031004204512612037,-0.046064026240797896,-0.009158762740775936,0.05589733189899935,-0.039250289853325356,0.020243321576838978,0.10018345427917379,0.0126982591927858,0.026083590438387098,-0.12974559517742615
45,-0.18976112735804035,-0.19317803217899518,-0.12619491835922855,-0.16941315695966866,0.044808405017431614,-0.032266169750511886,-0.2737865815573782,-0.24711472277270155,-0.11889531074158308,-0.08565457255485258,0.0020234226172846296,-0.03650741231251919,0.05396107576553583,0.07262522046439453,-0.03109079431746319,-0.052544422348916764
46,-0.07726233736048099,-0.05828694554581061,-0.191547985394579,-0.18741084831795973,0.14633774646749792,0.17822418077614513,-0.3546650086937885,-0.30398503973867536,-0.1464367844649473,-0.09026364102109383,0.02705513238849961,0.016155992417383302,0.044331498073292445,0.09805010872420097,-0.0025021944360740078,-0.025649955695333643
47,-0.10228000287176793,-0.07813558587562226,-0.09582418126749186,-0.09892984468279357,0.06299898801201914,0.0803217836231383,-0.24178901764191152,-0.19217363292089817,-0.09971253503165724,-0.06314611677721019,-0.016012772895582724,-0.011677186725109867,0.06759528507477122,0.14544583718553786,-0.08897436980526127,0.04122642098728054
48,-0.03874389029602154,0.020101627921254264,-0.07439731713838385,0.007114258521839132,0.11871181123874094,0.18183488116065658,-0.5527955374265208,-0.1734089702956163,0.171340737005266,0.16498017525066846,0.01868737201111254,-0.028179656077094675,0.23540527980029058,0.31691675101872485,-0.021089012728470736,-0.08390002107246597
50,-0.15505087256821362,0.06480192735861788,-0.0832277019612479,0.08669950475511994,0.08345150547457625,0.15456668702264517,-0.22115741259797905,-0.10794038006055022,-0.14919232388648362,-0.23217258955791398,-0.0911238294377263,-0.16547322306684248,0.0737748048218993,0.09798929785393529,-0.24064436883513005,-0.10443844320120628
49,-0.10039241752374502,-0.18389825619508904,-0.19893887417351644,-0.25254369654865133,0.09238791431696626,0.014722716930169836,-0.4086817394643416,-0.31055723175962063,-0.08248001835023844,-0.053165244347533384,-0.07962314021945802,-0.002984305694187213,0.08611200686868692,0.10076489522196368,-0.24464467291691125,-0.05692332190791453
51,-0.1987537439889391,-0.18968499305981024,-0.22305589666727121,-0.12648218319678184,0.024301564737808607,-0.04705999261857554,-0.5029321662824897,-0.2660054090354486,-0.017550338063678003,-0.03569699366220544,-0.0017589272451624962,-0.05945612876956649,0.12886137956263904,0.1316717961327254,-0.07830067011470311,-0.06016560101461569
52,-0.10204474284462134,-0.04989880417884222,0.04393220551822359,-0.11574985372520565,0.12618192642761605,0.24278387722213843,0.020488969856453234,0.01412834656801143,-0.06638203964731064,0.02177936886583581,-0.13687886401552404,-0.07398641708988864,0.10231886405981702,0.148963662559423,-0.3457292822473832,-0.12401429630874217
53,-0.011996419684051917,0.015719143593515384,-0.06051215172016016,-0.12882938518115813,0.12384968917307856,0.11365803957740227,-0.17795552491625286,-0.2812226485296822,-0.06185794143744994,-0.03558443588595006,-0.05065005582392959,-0.07242562849743596,0.0961003772164313,0.021252257021364396,-0.1256169650128665,-0.1662628880205759
54,0.08813947686305726,-0.011992608131301612,0.025385415905689386,-0.0645331139994241,0.21029312059922628,0.14755384300848565,0.059351933482879475,-0.00937782056102591,-0.1015768316851377,-0.028720003117478427,-0.04780724155267166,-0.01623453120750228,0.08752334978724213,0.10672078678695815,-0.11010636608627754,-0.06496419231891896
55,-0.04378569759057582,0.03674399934816124,-0.004613341787024688,0.002307790680117489,0.08724357255237858,0.1977079702004075,-0.003103974746429894,0.02657290042369287,-0.030601552130219416,-0.053268930935060264,-0.10060315892711406,-0.12917839828782124,0.1492827813794266,0.1694892923911529,-0.23751456470272994,-0.1173054355137388
56,-0.12545730179396392,-0.11744978648776112,-0.005785458287387598,-0.04836009649650921,0.11078260329621666,0.1609598030587956,-0.0470655695304493,0.018770534484722805,-0.0663083442615236,-0.06077387808850446,-0.10161934376834962,-0.08196327009567533,0.09327944506806915,0.05325257661395133,-0.2902721487179228,-0.18274365462255138
57,-0.04960558020538881,-0.02497758090243567,0.008575041309272266,-0.030171561347591056,0.14753073382093748,0.16296895306869794,-0.08615392989529605,-0.1368635565817081,-0.09064975288489965,-0.04928428550681061,-0.03585161534409197,-0.024454694281756475,0.08624611435871707,0.1493300674021574,-0.13091763817479377,-0.029670547262859004
58,-0.051199434986997056,0.11311058569631613,-0.12009519510361233,-0.0547409177675747,0.13808316117226319,0.22016810483629765,-0.7931431126042133,-0.2695821860292031,-0.0199187350286597,0.009678334303476265,0.014652455531999876,-0.017696694164284724,0.13896061765319465,0.19348913129580372,-0.044822403714127546,-0.07818451393758474
59,-0.036404284796755906,-0.10596848073289934,0.1335273302954006,-0.12482212568290235,0.16265894339721787,0.11059933426947076,0.30571278783242783,-0.08431251734909662,-0.16328562646196942,-0.12604600380190542,-0.11032776896621084,-0.06859198406730306,0.014239152598800245,0.021762584650778072,-0.2560769667500931,-0.13269585018429655
60,-0.13980082624459483,-0.09300128229740326,0.007993596119933439,-0.05099291267406483,0.07684150734320609,0.11427086823503362,0.00181062367685785,-0.06915594039233997,-0.1058413900957406,-0.12536619712961897,-0.03382457159377191,-0.0945682097563156,0.010433151109175134,-0.029695588159143062,-0.07268905389714843,-0.09409591180464949
61,-0.06267464750972383,0.028034726106632477,0.1440981308210819,0.0733816549184825,0.09398717160113794,0.17959563252087374,0.13585701720446142,0.0651253500551137,0.011999950589459862,-0.003089207232056494,-0.026390662355940384,-0.047395596712325475,0.21102780453368278,0.3030624056324524,0.061961372089262515,0.028397716927563876
62,-0.06994057205877699,-0.04518231548968878,-0.1477578520633268,-0.09375338167014652,0.07970475206132129,0.04353015911324404,-0.3656503830695459,-0.2573447066978369,-0.07564695540375749,0.08389173520377338,-0.049150996335454285,0.10046106723288267,0.09572179931824122,0.28377730826721936,-0.19198339217636032,0.11625550340426609
63,-0.04189706089207711,0.018139901424632385,0.014129409796391589,-0.012733091680909222,0.14002315307978175,0.15449131613110145,-0.059494602561222736,-0.02039379603814795,0.017817050493649785,-0.05065807147834978,0.04310481118680044,-0.08217000127217641,0.19867530424572677,0.1952487310151755,0.056691689685181235,-0.06062603268300104
64,-0.06604330660923619,0.042028632310372585,-0.02281287766968978,0.026859933075277866,0.15129922432846346,0.2462720526701776,-0.20258163184607275,0.026223428819644973,-0.04770945369320837,-0.06446647545105307,0.0018583676577450272,-0.062119983527125326,0.10467330788861104,0.05336357977187376,-0.011910134270441866,-0.12682029297799577
65,-0.04487616027910455,0.07732445537357811,-0.09390397377198721,0.04673858853035826,0.1708812002882585,0.2447507136354814,-0.22417427126544642,-0.023633756175547194,0.08135634257848144,0.07087623311688136,-0.032806215468686645,-0.02478838570835892,0.17416161470682656,0.2089949250419064,-0.13517724531038125,-0.10922924510637293
66,-0.13291178978135845,-0.2171139360505877,-0.14740323395979826,-0.220702215398675,0.055912684782943735,0.017862661102414894,-0.25684217742512877,-0.23307202732554425,-0.0770405674430453,-0.02655627832275108,-0.040883376673004415,0.0036879490446491063,0.1451608743112105,0.12507846589474486,-0.16244769341229262,-0.050736333176966054
67,-0.09787532709426565,-0.11177899496038655,-0.12782650571244633,-0.12519230496400088,0.11942864343145335,0.13325749808347573,-0.26184661385854263,-0.10270070711758043,-0.061811290484738025,-0.14800752989378083,-0.10786446015493548,-0.21224647927290496,0.12054672476197234,0.09777024784578861,-0.1525976609720466,-0.19205244689953327
68,-0.1506306705542307,0.01508153655964771,-0.0018604223878459054,0.1621284956621968,0.0527837908610984,0.1622576232296612,-0.11216481794103626,0.06867548389981237,-0.14704260210824124,-0.034781696382617834,0.007514325806906134,0.027209084269305198,0.04533004552831526,0.14058193270416666,-0.04871157147251076,0.018321503084907875
69,-0.0010228795565410303,0.014441647115514256,-0.044855545286484964,-0.08200331892937317,0.17472859719361708,0.28076700622376877,-0.012737620621709985,0.034715045610520114,0.08702868731389893,0.11560659671271482,-0.13259870983365277,-0.12597464258101596,0.20576434726347795,0.12439292038515996,-0.36739536330451356,-0.3053423835766061
70,0.12618293273072392,0.04125475259273167,-0.014863268230862231,-0.05526988668513982,0.1572878940171138,0.04131771245769483,0.011638968005102543,-0.10177354209072971,-0.15250037937833746,-0.11023547356420188,0.01472934265178449,0.03030710392365632,0.02157992500731682,0.07606024237153008,-0.021684249513922827,0.04069223776777401
71,-0.14155475629244982,-0.1608832722057348,-0.11301915985302585,-0.1528042930044258,0.07919047640993784,0.083780594074232,-0.330020301579435,-0.180389437350946,0.03217399163566364,0.023824204305609113,-0.023139665682571208,-0.021516503899623562,0.1691782843715644,0.18880899381327643,-0.10674674771932662,-0.021863499137951308
72,-0.4477438408777906,-0.32318164026741,-0.06787696987435911,-0.1803749573705028,-0.00452552018629456,0.008771167281530268,-0.22347228356019574,-0.18022760163761276,-0.0732675924078031,-0.10141903693255144,0.02270922717845195,-0.05733578179439209,0.08540257130861686,0.09284698450425115,-0.0703244763685084,-0.04120889014838913
73,0.0057720644013283876,0.1699423914808994,0.12831190296946818,0.2129041479313867,0.1775261369619298,0.2619263315855647,0.20424152700577283,0.1842616407701285,-0.028888789417240393,-0.12010645404064482,0.08162069979789366,-0.01557275819213833,0.16918175187900872,0.2292311304263615,0.23371391853597273,0.24024783391123475
74,-0.10209481399551641,-0.07811324969942188,-0.13091222607848674,-0.12860391522141734,0.14411373428112295,0.06621407753268672,-0.32016247975458884,-0.25082282906205616,-0.07442418090538841,-0.06569014912478885,-0.05207140250112574,-0.016502372884019033,0.11021711931464298,0.11856313325907944,-0.1466473772722787,-0.0672927196750213
75,-0.1019895219159407,-0.13926065803615795,-0.05678825316727962,-0.11537513370334462,0.026782215854206284,-0.05500733748053135,-0.1618979241574776,-0.18989260050284554,0.07604618185517285,0.041908367251805474,-0.0485336784746565,-0.05476162002209921,0.23609040948477436,0.19802254517690454,-0.17857921511108518,-0.06677567027456244
76,-0.14886345945063068,-0.09471190746781899,-0.08710715873346951,-0.057981886845518776,0.027694047320255804,0.0008508545081297725,-0.3210900708454307,-0.18645964355859637,-0.033931354592792444,-0.008743944452979968,0.04617173858444811,0.03262955753706773,0.11997815146193906,0.14860119842916622,0.017556471493833232,0.030907693412623005
77,-0.11450169167840403,-0.15884929497943095,-0.05428806330500927,-0.14311718731319434,0.16229520816966536,0.22951177789640517,-0.07060722492393426,0.03207351558657042,0.012906896605703332,0.1082163245080258,0.07980487638798767,0.1081296533179083,0.14365255944703442,0.2126985171323043,0.018693979490996587,0.04719855818659772
78,-0.2104582803915115,-0.19978531964598129,-0.07971227277602955,-0.10123141971839256,0.01914049508306667,-0.016690612856681903,-0.18356766776415948,-0.15371481425641176,-0.09397169495455171,-0.17399960386914276,-0.055454141800286995,-0.08930211110742613,0.08719124886547265,0.06153679059610526,-0.21176513676274178,-0.10977131113840773
79,-0.0769222735652943,-0.09560669692449443,0.03359454038878605,-0.06647685468195642,0.11208065762727305,0.07469511654974696,-0.0018205484028920417,-0.0478171491791346,-0.04584277442424907,-0.019015285149738433,-0.04020718500172836,-0.10064817934633676,0.19411130891629044,0.11085203470230642,-0.13513994777837454,-0.19310996641453426
80,-0.14220853945911138,-0.051893304093460824,-0.09130773836883878,0.01900237257075982,0.024632069483377487,-0.041382206350169724,-0.29970832399476766,-0.17263750859419316,-0.04515865709104903,-0.09178451216944676,-0.08673685747663155,-0.1360807921437486,0.16806878668817368,0.19203178586235917,-0.2717286127289538,-0.13018606257075463
81,-0.009336368416635847,-0.07843053084964427,0.03328115746665247,-0.10987905208769914,0.0716944137007582,0.019822956215370485,0.06382488678370926,-0.15387224886553474,-0.040921950668314166,-0.0518899760243899,-0.03853364543057433,-0.12154524168894687,0.08215207939102587,0.06375704013850676,-0.1644470415370499,-0.13123002885374105
82,-0.08544997303148674,-0.08879712486139868,-0.012201483095618547,-0.052975620602181105,0.09855888925123613,0.10985744804984349,-0.03802744509768931,-0.07645330670651773,0.08649390583042249,0.18292318570738578,0.1046846420643467,0.15058476386740047,0.193069670280678,0.2992310884034124,0.05037714356681926,0.08904404960298933
83,-0.05759923718251569,-0.1304741450749249,-0.012128573200189877,-0.10585819825298079,0.12858771217340473,0.08538271729505024,-0.08992481158989225,-0.08134522998340159,-0.021867378331614822,-0.0012368818006758709,0.2245052168299651,0.07128381926866167,0.11837146206903479,0.1700529016254472,0.3807269463738355,0.1466610117150431
84,-0.16926271632233605,-0.11423146287203924,-0.04770276254806904,-0.039287328456101805,0.04162327557738179,0.06383518596693384,-0.17615187103444568,-0.042118898953735474,-0.08456755301374952,-0.0380559692699395,-0.042943215208718764,-0.04861174681009952,0.09206182330690035,0.14961973628720066,-0.1301550684830593,-0.03492626198497958
85,0.05090828952864081,0.13372825891052303,-0.12576713981876345,-0.06303270761672532,0.24634613286802662,0.37803566861472,-0.25407132778624814,-0.10971042369453055,0.017813299183456165,0.10952549253311443,0.006376387396166238,0.09900243982663527,0.14816569790621018,0.21800682302468166,-0.1082809809523692,0.05182772174374913
86,-0.2813107868179967,-0.2681424681386974,-0.1734362330884365,-0.23585084602718764,-0.029017613556198106,-0.07767905283885078,-0.38320103763636726,-0.3522940807384918,-0.08401996212058478,0.0666342273140498,0.09902447957750596,0.11743765163874333,0.1099462642260015,0.16885432530685324,0.11459007703626566,0.04560574570120113
87,-0.33348893195653545,-0.2833710205565508,0.05193392669369215,0.04989516330161597,0.02383621165485405,0.010238244918133688,0.02842093855417997,0.061888704109855884,-0.035697373966594274,0.12050983381258216,0.08399340476274342,0.09030087820768207,0.07054063405524834,0.18866560395930287,0.025833864730548602,0.11483592902426791
88,-0.08226340989876586,-0.044163595626888416,-0.22382947786161111,-0.17824207873886305,0.1188950561750191,0.11151328166529821,-0.6980745147894427,-0.3542375485164982,-0.0006482169581219053,-0.02047702816866098,0.09849024926277744,-0.034042176760771814,0.14162545782591443,0.1817988077927302,0.11534409464491725,0.06958435065899778
89,-0.3046857273601475,-0.3089089774469217,-0.1634012881232715,-0.22845010624265402,-0.03579983325919081,-0.1391061937502344,-0.33190161183677286,-0.3178134685696834,-0.015653410971375573,-0.020282694230766268,0.056521059266921705,-0.05541197197287973,0.16621180555615506,0.19867468893445697,0.09746037736560988,0.02010398476960573
90,-0.090022876211193,-0.07269208610937498,-0.0702884445483616,-0.1033922038013754,0.09453223519224409,0.08489504881561444,-0.24432738589448655,-0.175303397369975,-0.03711416182642115,0.006127747373779998,-0.10091708194776515,-0.0721564788446785,0.1395065505392917,0.1119445884708048,-0.3321184095368739,-0.18999243848108638
91,0.09385367509516858,0.20445429782596392,-0.016663111189335743,0.0032167319905820435,0.21617229589409073,0.3241604297203564,-0.13297928508120577,-0.015231472719017,-0.15957173063166458,-0.08676322446791361,-0.04342171627298226,-0.06317143253235422,-0.00999708558065391,-0.06762214209606845,-0.10550593776816532,-0.16202843086286736
92,0.04896902918742106,0.09037974154119238,-0.024715707221905366,0.09162004509959298,0.14972141960410593,0.21479282552031734,-0.11764286766051987,0.06570943162432712,-0.2361672055252952,-0.18077401029987653,-0.11972029918738902,-0.116584360436527,-0.03390925352040149,-0.07088834214494608,-0.2588258402349381,-0.17964148204503735
93,-0.1509464250516368,-0.30843754949721847,-0.062080038494935104,-0.18199398794131183,0.06198453308618799,-0.029730636155122725,-0.11549874376654634,-0.12989209693885964,-0.02448994292529965,-0.00985140121515656,0.004154331326974173,-0.010178194233588607,0.12572110402729306,0.13701826592576288,-0.03067945538567017,-0.024088896188708575
94,-0.060611975866234805,-0.02383317617130157,0.06588367533582631,0.022086689391049085,0.12213349171488805,0.2096158839760688,0.16990504587980093,0.13449400232767128,0.142144142116887,0.02756078096887701,0.00858324915924053,-0.05873989340215003,0.22881484781704536,0.1431555649999278,-0.06906829270049354,-0.016884365904632825
95,-0.1757778858896992,-0.0643731299444946,0.09532717064263983,0.13319757824049303,0.04977030508952595,0.13249773118076633,0.12227707764014205,0.12890942064394514,-0.009432238344214491,0.05930361973914826,0.05992178681779878,0.08676391535467907,0.13833422713528912,0.1686343723975592,0.049889087360430816,0.042177971543257496
96,0.03642217687063926,0.08925610259341957,0.005799930922464731,0.00710880725192544,0.19798532175562877,0.2883322860422059,-0.06003207124161265,0.032396373990535667,-0.08514894096327841,-0.06383680906001939,-0.10538253260690018,-0.0764041897002811,0.11074126859298097,0.11573644588699956,-0.23690909572263066,-0.1349005451971779
97,0.00510135394643971,0.004183955969189301,-0.0059937134395495716,-0.0837999753240521,0.17478747008980988,0.2454142039807572,-0.013823611917549935,-0.04607297480007392,-0.03151129854261469,-0.03439515792017314,0.017424926226351126,-0.027021254059707345,0.09000245394511289,0.0883733964406342,-0.049061585887210234,-0.07199158346816333
98,-0.1376553885497912,-0.000633097091313931,-0.06148921256582424,-0.03204004189147671,0.09609776614663033,0.18300675057762814,-0.1801263523006891,-0.11245644455179578,-0.06349027328027022,-0.10312666740527429,0.17527905305553437,-0.020466144817911334,0.08789588901226687,0.10859780057035377,0.34219846386189345,0.14256017516076094
99,-0.0074438906090572785,0.09318813376620202,0.002875281458592039,0.05688141936512708,0.1616400499503233,0.26334870683678197,-0.0915383716762016,0.09429535869739114,-0.06491688222963543,-0.052037276741554735,-0.06411657324702129,-0.1084654803151543,0.10900831246320672,0.1388743012307691,-0.17432787157590898,-0.11946151971772945
100,-0.037939374904710076,0.017620105758140815,-0.03374696288531945,0.04351828423684907,0.08425811198101016,0.09753710681986212,-0.11895374021980436,-0.03013145235127246,-0.03778816307702707,0.03879894820655512,0.041378714710232696,0.06336901422849196,0.11255019245809604,0.14017841107599174,0.18534545264989805,0.11611130808545471
102,-0.09197623057386546,-0.07856806256808228,-0.11447357719063743,-0.13798364619654563,0.12689056360591122,0.19848106203554475,-0.25100189328954126,-0.08407987276071349,-0.13948412187431136,-0.059160484921029134,-0.018995910502271892,-0.004878116213634371,-0.0267413075561831,-0.021694224583422315,-0.10798218947658468,-0.10795635648083413
101,0.14204295182953433,0.04679206114362616,0.11040974269776684,-0.08822201208369403,0.20666038385440993,0.2148977008042348,0.13923920450736585,-0.1162844271798547,-0.03449050461262423,0.04022529339164503,0.009042489830556433,0.040847333872656294,0.14960873616093728,0.20188210831403927,-0.03774852867147207,0.024913563601705196
103,-0.09896012931517562,-0.03972106100572749,-0.07225876957619043,-0.043455511952149556,0.14585862676027295,0.20029797970173915,-0.22911383676732197,-0.030940555904959182,-0.05834421824169083,0.030064819994937108,-0.025457435059025823,0.06857622734559948,0.08434127130236765,0.15019172535050923,-0.1792896332421594,0.02809395986514085
104,-0.10368867053124704,-0.1594324176694447,-0.03825348813499382,-0.07230024552512286,0.08913372459049146,0.06255721187154568,-0.09982987608736532,-0.05974730822312698,-0.06268758569541089,-0.03853893346177242,0.06906918165194,0.021274151122771513,0.08820061630448527,0.0630907934572249,-0.00241806409345641,-0.03438094802738197
106,-0.01992456383735194,0.053221079302804966,0.06266034981447104,0.04048261765751288,0.16468585056816729,0.2253191214451666,0.09510663425834186,0.04559554386936023,-0.09551140979229206,0.02950317061288734,-0.045807693490666615,0.06359975522613903,0.03334786446024523,0.05371780311774073,-0.14986691487964873,-0.0577604692881577
105,-0.0930423037640451,-0.0744010264148315,-0.09428375603204421,-0.11175801356744679,0.07425874946513093,0.050526431940071524,-0.2369383896504001,-0.17591344072817874,-0.0936603375214589,-0.09339481874322439,-0.045886467322337185,-0.05424673151413843,0.0830060238728479,0.13649776219410903,-0.14403371812224874,-0.043612023822790356
107,-0.08542065437118371,-0.043548273497393576,-0.1979237002764045,-0.18934096448814383,0.15783250135918225,0.23893944682145926,-0.42933254375640795,-0.26097578737126365,-0.13692286594023206,0.009131588463512216,-0.031491476614206655,0.03745837464819907,0.005780345543406967,-0.025194581790676483,-0.18035494162737808,-0.12706481912457937
108,-0.0724477446012273,-0.05096347260909895,0.009176639244766938,-0.010751296172655396,0.0916749276133769,0.10651172928932152,-0.055868870620774676,-0.1158021623242829,-0.08750606833353804,-0.24592257884701552,-0.12307248459715327,-0.27164912391691093,0.1157948512353709,0.08066200521544993,-0.2464262217985081,-0.16063683798399297
109,-0.25443978048941135,-0.2884620789983576,-0.3027480552948883,-0.29064733227292555,-0.011345175562117126,-0.09527980849364749,-0.6144745363684939,-0.4158542853404294,0.10202202092859607,0.09905401217535158,0.1324995747939786,0.11453174465242161,0.2370505228426516,0.31074295443147487,0.15339628574024045,0.09911721601432877
110,-0.1985626641313213,-0.09334881793834339,-0.07216776196268126,-0.08973545855642459,0.04214909131311072,0.05966439421055175,-0.05579174186876545,-0.1767426463329814,0.061336019853000315,0.11679801558488674,0.03599483695564465,0.030994189520725857,0.20770375223735985,0.23600954505789842,0.19806510242335718,0.17652598538842812
111,-0.005029732768727447,0.074015988273341,0.0036271454238458213,0.026635872276068007,0.17340355798237936,0.2979780871848238,-0.047137660297112235,0.0853466497193256,-0.056723874830361606,-0.06043134071909404,-0.03586190705428089,-0.07799047933604265,0.1227154392247241,0.1392346850811681,-0.10930606120436477,-0.09088422397095867
112,-0.1871767755813717,-0.19448253916526562,-0.08727324234441144,-0.20841034359552643,0.05141395573183714,0.020305210720225047,-0.22571721661523247,-0.34048272283614267,-0.0355526572264706,0.00605789949971911,-0.008508808558351883,0.03963864737449894,0.1144157710627515,0.09527742746894807,-0.08601590426635125,-0.11874241377333446
113,0.02402250483099944,0.16972413756425817,-0.018182738093835877,0.10507007938009293,0.17810046612362526,0.1812330471022845,-0.16858623701274203,-0.011568923613156793,-0.037311966673624956,0.08048698215627874,-0.09421737160489962,-0.0056881016887515975,0.07787938150340533,0.036770175398110096,-0.2742149211954181,-0.17834578668877588
114,-0.12004799603995944,-0.13637200367239458,-0.02221836720970459,-0.15133358255589024,0.07403884507985864,0.08635966251785088,-0.10379070217195273,-0.12008520590541594,-0.06301259487222013,0.002913090509234125,-0.19390660901541537,-0.04347706494330787,0.08279779079986525,0.12986008142449365,-0.36764328806435215,-0.1487348364281356
115,-0.010773718349793088,0.0003692695188798987,0.08119878693834053,0.04336881805092359,0.12414292140272644,0.12188677789515344,0.02390633145138453,0.009603980378828073,0.010223755414661966,-0.03624279136069632,-0.0802850655874985,-0.09942944436777212,0.17039993929899394,0.2104981187039825,-0.20251622383221107,-0.09847918495062473
116,-0.08569639919794857,0.0013288044475348495,-0.010880031023757007,-0.043891554738321875,0.14723281626204682,0.2654480117686254,-0.11209029380814037,-0.009861701319989943,0.07445607580266,0.013932693641062473,-0.1331327243126185,-0.1453657973579852,0.17763456428683239,0.10719338999690116,-0.32885493708660296,-0.26319824918582607
117,0.09176858073178082,0.14908055576522064,0.11370983338874893,-0.027464339274501273,0.2825332042600897,0.2895742013170196,0.32320472255622096,-0.09442473644398412,-0.004868236359805302,0.055751986125478714,-0.022760000490863297,0.015799046113255624,0.12979420065368083,0.19116360630060575,-0.23701552126840217,-0.023895924598841822
118,-0.13275214353889783,-0.1571688934857623,-0.07887495255204403,-0.15896607373910518,0.07242416726477023,-0.018494060762102565,-0.03004380777835887,-0.20878191347415553,-0.024485460713731505,0.08096836741042347,-0.08853494605086236,0.011395266036892998,0.059535140689579026,0.07667831707384878,-0.45384925213800403,-0.19774098118391245
119,-0.0623412937052884,-0.03137577650156608,-0.13965292364711224,-0.09150148223586019,0.1350635093362333,0.12514340837929008,-0.511374205341156,-0.2331842072302144,0.008311872767526905,0.015926220389985014,0.14520542001340203,0.0861594080644688,0.18459455674315872,0.20388868643051145,0.3197000763347809,0.20448573231920644
120,-0.11106114508559213,-0.06675730360806405,-0.06968996907111197,-0.0404907380097633,0.09067052805116968,-0.011728467028294479,-0.156287654876992,-0.1546159662516435,0.10264233654722739,0.12398642084875124,0.15718052829573032,0.11851788918829137,0.24323965853498752,0.3252183162747664,0.1721972292523969,0.19746738418387202
121,-0.06547639508553617,0.014549280377636867,-0.03650424208904873,0.07339155247856206,0.06663475750625952,0.058778849087547234,-0.2677681704315448,-0.0987586006593401,-0.11241077891192275,-0.0734532574737749,-0.0619156330898639,-0.007769553917166444,0.08491370367947552,0.10715673535972328,-0.14895800340614937,-0.03641589058924318
122,-0.01363868799945881,0.005782274111949406,0.011228099750365855,0.00984798635451997,0.09858639499813439,0.07087543149569503,0.2168075837940408,-0.09492872606165696,-0.0869564281964608,-0.10066754374762897,-0.030209911348746312,-0.0697912285744883,0.12008568844853418,0.13232953247472862,-0.01426639962185623,-0.002924366354647915
123,-0.05539778891657197,-0.02368207864469598,0.09792521421316108,0.07342358358694406,0.10506111308577358,0.15458622230284738,0.18241074136715632,0.126176844187866,-0.0798048173125251,-0.15257202907846115,-0.13402852834343548,-0.15251520128829474,0.12195047798170623,0.10370762854382412,-0.3164227179273614,-0.1469357658670195
124,-0.13109730622882473,-0.06519365785237798,-0.010874331734942797,0.05306184243117076,0.045786394338843114,0.05696595669563435,-0.10049822785892223,0.019890369222568705,0.0589587289992543,0.0814233679699682,0.055206510348843774,-0.035060542178907174,0.17916278836154761,0.20215545881019165,-0.07875776367275523,-0.15007647643006208
125,0.011162177010154409,0.023878966237280305,-0.015072331016640782,-0.1005882985715107,0.18713429524057962,0.2709555227061446,-0.05522518611344289,-0.07773774778269371,-0.18688605325178478,-0.16262887638336546,-0.06353363595453076,-0.11884197806148887,0.02568617139752193,0.013149689411210396,-0.0709560852921741,-0.11390361409546408
126,-0.12160517475512457,-0.037553702221537866,-0.06851088875818578,-0.06275404593913038,0.09984109437592237,0.19644800500476864,-0.23638570829098965,-0.041740217601401196,0.06385164142459115,0.11098000752304235,-0.040054867641668636,-0.02067040246601204,0.18901600428546386,0.17680614233312092,-0.10730868131957363,-0.11004716178656822
127,-0.0159833397969201,0.0431276737771765,0.07952750405637546,0.1301587405303338,0.136068166571692,0.1905206027365587,0.0867288924133411,0.14248911803039657,0.06904822562039571,0.08036361292358171,0.11942095775274422,0.060574220240365406,0.14259157907333475,0.21539906321895383,0.2232249554596581,0.0183312354563544
128,0.02393214856544705,0.04615488864446242,-0.026651533679518728,-0.029404780324631282,0.23241387665745517,0.2540570251226525,0.0999661310851541,0.11394172478687999,-0.07732285625669988,-0.08082947874382865,-0.10435271215656958,-0.1429361041328261,0.10173531619018716,0.07016887987410972,0.09454491806539173,-0.11749073643833807
129,0.03562701590559943,0.12909316248176383,-0.26638646695045576,-0.0422866200727916,0.13671278424848296,0.1970251936707517,-0.5610772663978618,-0.1718531284698858,0.0749975658969416,0.08995423090068755,0.05067785733285829,0.009035326256359317,0.15457798669308748,0.12896152324077717,0.07713816728650312,-0.03521796931323987
131,0.0972629061335906,0.09328389500394185,-0.016138755333789,-0.03378033540769076,0.2070579542489743,0.19168994773534173,0.014223022518990406,-0.09529257127573143,0.003090644752358814,0.003018631885705577,-0.10713548520223018,-0.12054805286679277,0.1374463074757046,0.12077272641455586,-0.24467505752721558,-0.1504551261590261
130,0.12884846532901226,-0.004940701821484232,0.008166992376791764,0.03320557096642431,0.0442306485522944,-0.08446964433337324,0.07405247243666978,-0.03192037313154428,0.03862181027721296,0.14604739016989535,-0.053082661045525746,0.033556313501479605,0.14230428020889796,0.08719925581422497,-0.23413331505064813,-0.2873420753784563
132,0.0002568752164694786,0.1316221935284231,-0.21245321038415713,-0.045102110790392974,0.150887716620337,0.2473193311222619,-0.48888001945108456,-0.20915739486599327,-0.05282044854487505,-0.0875920608510161,-0.08713586115447491,-0.10294393423594722,0.11460218285863358,0.07174619089913814,-0.19516842819629523,-0.11741971128841515
133,-0.059228533264369304,0.042141935417056894,-0.1075541262356972,0.06747083500386476,0.14748027292900842,0.2848718974862951,-0.3115237113300985,0.002032840711396274,-0.03987170653700582,0.06351486586740389,-0.08061916838119244,0.04933411329329342,0.1315322821078431,0.20586736219324303,-0.26344185367432926,-0.06063195275501413
135,-0.053733638954018594,-0.14461447364501728,-0.017119931160381314,-0.09226274788694325,0.11542466966539063,0.09056899478250087,-0.05638372068700045,-0.09092791003638105,-0.041652250974331645,-0.0905216968831474,-0.20714089668441377,-0.1282755725116943,0.10561941785080166,0.031003613623076687,-0.4725606358489302,-0.21269673042868667
134,0.0005710063976434317,0.07894144627150204,0.11244304028319514,0.15226507236875098,0.09799100396404749,0.10415246148054451,0.020579501183315755,-0.06653419756305641,-0.025520850533814927,0.01133871572543447,-0.08076439407308172,-0.055722231450826436,0.1162845322800961,0.09980783388522318,-0.2329296786655219,-0.14534048816739567
136,0.09055441613439341,0.2507811279697081,-0.052128152125946146,0.03043588039921113,0.23944219901172548,0.3268905756332096,-0.18245894821730504,-0.08331191404309628,-0.2139325895528682,-0.2385155818128523,-0.062390201266267827,-0.19757307439664656,-0.026504445830747958,-0.13022905854694933,-0.17380873891699156,-0.2829476711359386
137,0.008073606103047037,0.030727206068305375,-0.10784621885596718,-0.09833062926356385,0.16663541709879515,0.1643650109098733,-0.2753435890058349,-0.1743933220362177,-0.1659044345836549,-0.10801780601315981,0.05433605915952141,-0.06975475927242875,0.06899509256515969,0.14141112672323683,0.12114647036518582,-0.062286097353475824
138,0.12506616690541383,0.1504869346067333,0.2184440043958947,0.24516497370752385,0.19800075635867037,0.3272610952046962,0.3051880180977148,0.44179109450712833,0.12495300086894383,-0.0029036259005303933,0.0884853716188789,-0.08524592331735344,0.2639469637846835,0.2781192896556156,0.34125540254005376,0.06218036061650597
139,-0.10194798268942143,-0.07767110371481105,-0.061971044717230736,-0.09918585789969922,0.12207928283722107,0.17422720137891876,-0.006265976081516228,-0.0800449371351571,-0.002317117095074059,-0.1492425777477842,-0.07978609986188163,-0.2292368787367833,0.1780425117206134,0.12464203282732844,-0.14251315228774308,-0.16913081233245345
140,0.03986241682731831,0.08355615734806283,0.012102556854505554,-0.047386475988426574,0.1827932944166748,0.24000524948541235,0.0033981582523786935,-0.005210225278872531,-0.08139887828784188,-0.15702981696703505,-0.02918628258059845,-0.17950994638318687,0.07908856418629151,0.01221160448613805,-0.14304909648577888,-0.22927987533874214
141,-0.09231695665925588,-0.12312339251767004,-0.023318181987079797,-0.010866267848264298,0.06369547911037814,0.050865656645417735,-0.045221598673027885,-0.017225334837441264,0.006408670365560825,0.11289132649568841,0.11894437303434767,0.10894102896075143,0.17885553759407027,0.17955000273108826,0.16614331277251984,0.05381031683321117
142,-0.20437627085544688,0.002447271583611113,-0.05082047064816198,0.08212760108514305,0.052070270112023996,0.12482521159203937,-0.15408284468739142,-0.04525364013360711,0.0477945720150875,0.08169398179553468,-0.08804389714437615,0.041977635333662944,0.13554296193798052,0.11771747109171404,-0.2822871507756735,-0.10022244920921486
143,-0.08710553740999168,-0.08512020037470791,-0.10247074699446804,-0.1079474954906094,0.06373624627950668,0.049389107056648084,-0.26040719416623653,-0.1435394803906637,-0.0436598353896198,0.02768466195997199,-0.00801262206253165,0.07747624587135828,0.11952009703268292,0.16153262344433242,-0.015290518907096979,0.06261674637380861
144,-0.037644961457749024,0.053904706704342165,-0.01639514516484251,0.06826022600250724,0.11944922272450696,0.08470609101802978,-0.22674602512592082,-0.07788226527707305,-0.2010866593220497,-0.13448433843523447,-0.07510413816339395,-0.05318010328112159,0.010622520837393816,0.024848826955909908,-0.17526599759052877,-0.15447046919780774
145,-0.04443950928726286,-0.10981516565080858,-0.10996432606930784,-0.14811041998218888,0.06924026339432991,0.09431328639256699,-0.18284854328526978,-0.08682746502571244,-0.04293380297537023,0.060102832039458806,0.022411112569688425,0.028966185791627765,0.09754802560096071,0.1649402889686618,0.02556188048987622,0.06293013206369187
146,-0.07885837889563622,-0.08441579106149774,0.011166218227514624,-0.04118213732991632,0.10801483808078342,0.06929586026911767,-0.056760447292251756,-0.055984685680092815,-0.0629378698213173,-0.0718018100888321,0.007708103973638492,-0.06301223630874554,0.08881209853486441,0.12359582396427693,-0.047123232157193856,-0.06545959685407854
147,0.011358838864874972,0.0369228556313592,0.028698764782950647,-0.1412727434466713,0.1299857432372647,0.11223672442124429,-0.02015712844854112,-0.20708890510722014,0.013192653811403401,0.058912069466771896,-0.002790626108441875,0.00981807032279345,0.17419634431199002,0.2167442632192289,-0.07389374660706814,-0.0612649830540812
148,-0.00036320516967670846,-0.13673136286694812,-0.15414572587781716,-0.1749114832430355,0.13467747607889669,0.042203625478538564,-0.3020567684391471,-0.1900919700406969,-0.15394357612223541,-0.07274077110064238,0.04074098483464034,0.0582562373529635,0.022243013381401725,0.06545946006833228,-0.07619568286161785,-0.025512381334357476
149,0.05014583133319799,0.07113983265344383,-0.029159431858050828,-0.03316411534247418,0.12332215764454724,0.04894883191782964,-0.02256392358262306,-0.1358044354462465,-0.0574086270508783,-0.0444444397612194,-0.16363663631554473,-0.14133297469372968,0.1780875052757039,0.261327879753636,-0.15601703327882002,-0.254181298100457
153,-0.12938977132236557,-0.047206888780173595,-0.08974965132181383,-0.0750650878635984,0.062357563563234165,0.06570539965669207,-0.25183572309377295,-0.17363560004970666,-0.02879510215634868,0.019256698945494147,0.09853927959108251,0.10941152129277153,0.10835824457199812,0.16138849924301513,0.03726848376504584,0.10038875913239294
151,-0.06328401246372996,-0.127371104601391,-0.04638405756052151,-0.1063389140519318,0.11479525814339304,0.03829544807585439,-0.137324478400748,-0.13458140559107823,-0.05172229721860343,0.031248680410074826,-0.08791623447157594,0.0756764673023951,0.14843661598204821,0.236975341254383,-0.2066164242737211,0.03821429759314695
152,-0.16324596458956322,-0.06983144855004549,0.041104047124110005,0.07291093312497886,0.016905881183460467,0.02538397611160753,0.04610281188214147,0.021065540365511854,0.02988395236880521,0.08441339712120018,0.05721905312647328,0.037126338599880654,0.18428540681344108,0.35740711336855907,-0.033843753037893644,0.09317783631459724
150,0.081468350650591,0.09581501019577277,0.03255993885529548,0.04694331319933143,0.24098479860753172,0.32685425655772066,0.004339642327194442,0.04856901956083178,-0.07051090603181742,0.031206723900884192,0.031657139843663744,0.027765911689286046,0.13314914725965413,0.22085595432729316,0.040560526842839374,0.08898511226772836
154,-0.09575110866017719,-0.010879428058591926,0.009192294745582402,0.05692802579550375,0.16803073309292638,0.1367688662731281,0.19581829096918493,-0.003934258176283382,0.10859047136272941,0.201587344296325,-0.0283130119199285,0.008189851983405222,0.24074432077227403,0.35500776436442144,-0.09939928672241159,0.05455168857147149
157,-0.03508255878650929,0.2224771244121142,0.1076749439199155,0.21055001777866417,0.14710084008062072,0.4097319009798852,0.07721035226426144,0.28122389350675053,0.008480806627178523,0.04904526331841822,-0.030576435085963718,0.00862752196530614,0.18958087589459005,0.2762291418761978,-0.10957969875805244,0.016278755877354906
156,-0.02735897206943247,0.038538542957873664,0.024132223585221095,0.04949694851946978,0.17178708262773174,0.24578290877947473,-0.011794074589289065,0.0885744786531167,-0.24532961760654545,-0.2953237374574114,-0.1266003549983902,-0.218635823693585,0.00976874524524149,0.047125263353900416,-0.24137706816432883,-0.11337986824916646
155,-0.1309530099374024,-0.10286031445563167,-0.025482196571180133,-0.05922699504346456,0.06638081806610152,0.008072150649093668,-0.16841067978610463,-0.1335191329328088,-0.018773772749667256,0.02564677769757347,-0.07395970414154047,-0.03613625034275352,0.18667531924843664,0.1428403453639286,-0.1777262522293427,-0.16345075943736007
158,0.04319836026586747,0.09070058927266157,-0.13148136559423357,-0.08888688165883629,0.1490324079361762,0.2447710521347328,-0.3194627965919067,-0.13336339258901087,0.04917616301917051,0.1156940501020271,-0.09266247359293629,-0.06445559491958167,0.23243226432432837,0.282960373984931,-0.11358174297249367,-0.09115257326238553
159,-0.07470594566709647,-0.007512744083564752,0.04986953594119469,-0.019147610960906072,0.16667269711699853,0.33976012621979734,0.004053775809560446,0.10170145735781429,0.04253833890256347,-0.005320817301873349,0.13408280828335747,-0.009481900256520908,0.18919601123214266,0.2323004407602986,0.19983223693588176,0.058139876462877216
160,0.16949417085371626,0.16489764851108735,-0.06364142129006091,-0.08564262035669372,0.28230439204228835,0.31718347327890745,-0.08678770017580537,-0.07289766795845065,-0.09853235439655901,-0.0632166225456245,0.02341504838610399,-0.0150235451899628,0.12913011895590706,0.21286134448592783,0.008914987313611327,0.021558240461565552
161,-0.0151244607793928,-0.0978073849205632,-0.07534578240238453,-0.1769647180802655,0.16499630951682254,0.10366653536085758,-0.21909392005118908,-0.24027721462510565,0.0024180755946149974,0.0601387851347807,-0.04132405984527161,0.011126924290327718,0.09350001989571191,0.1323529582368799,-0.17139734843677856,-0.06514320655610495
162,0.11788548013824356,-0.03429071893529134,-0.14084817608706465,-0.1800736887237218,0.15036265452895003,0.039210507634309756,-0.2777869639253481,-0.24359802025292035,-0.05851301198239918,-0.0590977743433967,-0.07459044331965152,-0.03434961709068303,0.11284162509244829,0.09638336863815436,-0.17576353306935322,-0.09216608862026669
163,0.11484044953470854,0.13513069525669524,0.03087089015224199,0.00973454558829196,0.2264451738407959,0.29421459088040264,0.09670455980353537,0.05806022251082399,-0.014634592355073393,-0.15359213997395654,0.01280856875004112,-0.20017976011355865,0.13116004665565295,0.14214578326560956,0.04747538568344578,-0.022938165140794758
165,-0.06848787149086404,-0.07521897165052928,-0.0426876421535113,-0.10945371020849336,0.09665188711688255,0.09928075257098251,-0.07836694561750236,-0.0656900694256611,-0.006733228698523694,-0.1172985440222667,-0.036206427038193705,-0.17496562658287065,0.15047924402023372,0.09701469852653292,-0.09541370499861068,-0.1665661825778617
164,-0.0021787774695949044,0.06327219662661843,0.06662293178558316,0.04999001827830054,0.18161183375376735,0.28772687986599815,0.10006587616483019,0.10022612348404807,-0.10533648682531654,-0.16403492864051603,-0.10568359508013171,-0.1655321855710376,0.10445623800411981,0.10269859532678174,-0.19153910646073077,-0.09752581861769083
167,-0.0855707203063764,-0.003360963400233612,-0.05148474478750898,-0.04410366286441738,0.10261759569808505,0.16118804801971107,-0.0026826561718797056,-0.04103699185794644,-0.05748856691469929,0.0486059181402231,-0.0054375938877223905,0.0690249846100392,0.09018619190151433,0.20864913541292043,-0.11380396132231826,0.05631568205719928
168,-0.16163867818972927,0.04670823363334525,0.030853952690422043,0.1465413433399003,0.06493176938602567,0.24630383715797313,-0.039555123378349696,0.14062596312031614,0.05702828877006961,0.11046034988170492,-0.08382063191640231,-0.07578027328129192,0.13181196235039294,0.10443921895124661,-0.3240244142094883,-0.2856884106164041
166,-0.06214206583144872,-0.10755404469920689,0.03950863070446139,-0.011087104911789124,0.13969635639763778,0.11744134090220364,0.515012029691237,0.14173654389500087,-0.07815674709984194,-0.08140185682304497,0.030355376311088214,-0.0399553160304911,0.15938067117104257,0.2508309341362095,0.12156537780096882,0.11940308909676778
169,-0.17561494360458144,-0.15833005929842178,-0.008038397961278766,-0.1814848870997593,-0.01243295424046911,-0.11372345783969541,-0.08110926572989054,-0.2603621370791653,-0.6312699875946899,-0.3067282103996487,-0.10626942774359469,0.0548902078318605,-0.11374843369897862,-0.05519649166576002,-0.3678806936172784,-0.15051297672233377
171,0.06259386597785412,0.10842357307337926,0.06153159854606973,0.05537342537757692,0.179772409286303,0.17745866430298665,0.039804616423610925,-0.03155185745007113,0.03545782352659811,0.11004634061972113,-0.13264771310222567,-0.02589707704688483,0.1823712623672591,0.20476657617965893,-0.40081031209985435,-0.28346007540940055
172,0.025580816100929507,0.23146211704594746,0.03422404974227048,0.1599726940562022,0.18325251725893163,0.39318220799129877,-0.02642127418348988,0.16937219497907396,0.08379963375263884,0.12221688212973708,0.0041017365910635305,-0.031017535353712513,0.22530650314738648,0.3117717908502269,0.007284811262310948,-0.03500980217083194
170,-0.043948893411519224,-0.005285043101489369,0.05659197028447934,0.008716934340805317,0.09250286312452552,0.13100808493817542,-0.05485648290768505,0.017185996416970977,-0.12373314292904382,-0.06737683321424799,-0.08196428589624558,0.005752898589543451,0.07185902283233571,0.07710856301276506,-0.24208179932040177,-0.039541765516325635
173,0.06811344570255329,0.1313214321647121,0.012684013070225519,0.0559133722498906,0.2167870893094137,0.29003891804154486,-0.07815962918851709,-0.016473740418916027,-0.24968589099240077,-0.2941885433646892,-0.14266226013810634,-0.19658299681357952,0.026179535435487837,-0.156737525968358,-0.2867168445887545,-0.3213374986916745
175,-0.09049215757859033,-0.1464961443107087,-0.015578537947023373,-0.21580467332348538,0.029446198180801995,-0.05384597757554873,-0.1298017104864658,-0.2642595080559819,0.07555364860694687,0.14549161024557886,-0.04599693834848499,-0.02557932921959828,0.20310991400475165,0.2393403917753078,-0.10137201099432201,-0.06398449194998419
176,-0.14932267869035917,-0.09795639489516246,-0.06044156771973697,-0.07861571347816958,0.09578748043050564,0.14761566193453216,-0.008697303272853688,-0.08409490226587564,-0.07426661254086553,-0.06503934394299322,-0.06297276911263278,-0.10877310829137286,0.08872869219771225,0.10608059273270151,-0.17027049505925979,-0.14467485817330683
174,0.018606890925992346,0.1820797814021012,0.0349565836072791,0.151001358494657,0.1854703582916519,0.39710575276753063,0.007978800462980416,0.1362734860685562,-0.06217878330057543,0.005787773639137347,-0.08899695099233827,-0.059147049329518,0.117453036067104,0.17503361050112393,-0.27279971296629824,-0.14100642271334218
177,-0.21976369032986487,-0.10579483508263554,0.08174099513475652,0.030065075896134243,0.022684718357123046,0.08357198549049176,0.07771224504811543,0.013706329290549416,0.0253568923525151,-0.007839741006145987,0.06883583059470616,-0.0010184536845097014,0.18998881507756668,0.2850431713442271,0.05599048543855097,0.09279453079568241
180,0.08495722066698819,0.13010077463998518,-0.07581469578782626,-0.031168038956108313,0.21950116345400256,0.30534432635517106,-0.07690492935400235,-0.03181685447279899,-0.07281965133914292,-0.09335671524175267,-0.06272423549960522,-0.11208677866011088,0.0907404776972078,-7.631154827933973e-05,-0.10239824930237336,-0.12811099139284834
181,-0.5057298364791879,-0.25928446535698385,-0.18023409644536134,-0.057280548925379725,-0.08478549753043677,-0.10763312448241326,-0.47487911363832913,-0.25334880536875043,0.0741984576163245,0.1378556668814437,-0.007598334236355967,0.06304360781381539,0.1873108050648074,0.25445386076483606,-0.08610096610854068,0.020822527081295616
178,0.12321538649461175,0.09578753290908766,0.1176372944929592,-0.09375918980107371,0.30375018615279764,0.39497455734308806,0.277951742243168,0.13407897134209704,-0.11664443665276537,-0.001590778980926788,0.03916831474373651,0.06929454307080886,0.08792470738277815,0.15137580144876334,0.018863090600081567,-0.003656615485067053
179,-0.18766171002015525,-0.16354884365253078,-0.1333256160501979,-0.13089868862788123,0.0680399061024659,0.1396672349817075,-0.3736969851680876,-0.0724245411555871,-0.07517486463301401,-0.11284875788127997,-0.13586085110671106,-0.2003475366864761,0.05617814880757902,0.02604652999074606,-0.4189870682884875,-0.2958250755046774
184,0.057633086509188414,0.05604207566454999,-0.017334395482926937,-0.03980920327646193,0.22218174407984528,0.27283908675014196,-0.018102524279275774,-0.026150424919152093,0.010295867936249732,0.05595634803766468,-0.08661566822294087,-0.05147954546022616,0.1361160239471231,0.1928625842178391,-0.20458600718886874,-0.11121861029453602
183,-0.18442842214180444,-0.13645321331748866,-0.08681365140432037,-0.08685991265451774,0.0390772267894319,0.09984755903635585,-0.25411237426503563,-0.08703226927136916,0.009718420042641469,0.031502177953930253,0.01266135069134904,-0.021090646853584062,0.14184867067524545,0.18842327238742881,0.022560401774670846,0.0021478599199887074
182,-0.04668718142037484,0.009707346491825867,-0.023900629851888882,-0.041750859151015535,0.12528159804561423,0.10485448327434525,-0.14092403665350742,-0.09883102420098593,0.01571637087871937,-0.04816242460934853,0.07648958992463875,-0.05339018336393324,0.1338783666076788,0.11053042790054306,0.06236137191923818,-0.04166088081238961
185,0.043218245005203666,0.10485638676149876,0.13697777168109415,0.08137579528161157,0.2398412922606491,0.3959496343419752,0.19214521345949284,0.42885323686905724,-0.014033968976853406,-0.015205702391555912,-0.08451980768464512,-0.07047792204279016,0.16078625876947944,0.14009399306259102,-0.1949119520847656,-0.1494869676590954
186,-0.018801804267179784,0.09399248476338957,0.00583625222915749,0.1420121524128735,0.05768464661345483,-0.010515801393373972,0.008148764854891282,-0.12622635006678393,-0.059723041800077134,0.08261499820545794,-0.3359719758160718,-0.0081609425999882,0.1129720164562017,0.20840180163396144,-0.4417985259623714,-0.14877623609322596
187,0.011685462865204676,0.07404878030571428,-0.040697373197483684,-0.062214759790817524,0.20552269628736808,0.2827466870015605,-0.1335521310880082,-0.10360780426925435,-0.07394843095798445,0.004289994913242475,-0.07119061958898243,-0.027564920581411193,0.0910532340519445,0.11179744389932593,-0.22414045040716604,-0.14723586519264475
188,-0.053401965307283146,0.03965966802486102,0.14808512375113825,0.21293202062451752,0.15365406837557197,0.2483162200193568,0.2694635960968905,0.31635925142576216,-0.26808872881483026,-0.23290334729816184,-0.06788632892990121,-0.09937459188747227,0.042443279791213505,-0.008547500508121853,-0.11141806763077512,-0.2073241446637175
189,0.0005913324445978495,0.0819857730585149,0.004492511346076235,0.0039026852141797715,0.15318252858382714,0.2263691526549488,-0.10377092672317015,-0.0036140618679495105,0.07336100649741441,0.06512243054499987,0.04737663040366517,-0.02121159162528226,0.1511670179604461,0.2161301401565535,0.033091285623261996,0.02908161772193692
190,-0.05564300969126804,-0.030848151180813455,-0.18139601680296188,-0.130616322672545,0.11527018558959558,0.12159940959898462,-0.28718526808464767,-0.20694095318922776,-0.14076278521072358,-0.07878454732017875,-0.06374826440740461,-0.06685581115939815,0.08647833272923093,0.1586585841675105,-0.10174285796443246,-0.015940872748754775
192,-0.02692679336381581,0.07691333509005792,0.09441338620155693,-0.005375490022358961,0.17227029739977548,0.3220921964857936,0.10792212770180964,0.07373836000982119,-0.099996080817124,-0.0633993240383555,-0.0706002385137757,-0.06794281134609284,0.08591546358201167,0.10435510021802094,-0.15346831815280987,-0.12206003537097017
193,-0.09164842814319311,0.04311288323226474,0.12057666247902914,0.10476682748109259,0.09609159332155584,0.22395486725189073,0.13589582020074853,0.12343320237097148,-0.05336572470180199,-0.07874912931491738,-0.055614435020450825,-0.10711240918589499,0.1367365198614435,0.13482244103022772,-0.12040615644509618,-0.1110239791057664
191,-0.05771417183739912,-0.09980239527382273,-0.1996514342688275,-0.275457745345405,0.13724794272881538,0.13407544335267996,-0.42840676561904,-0.32450500113934483,-0.120194011394803,-0.060004508036323394,0.05819101850143077,0.06454420301325035,0.053631952206425075,0.13417249127426556,0.05086543142384615,0.12245236438574188
194,-0.06343455636773082,-0.04242062502310778,-0.046197253084852716,-0.03312067041389011,0.09340607436540228,0.09188689082366498,-0.15225373543811904,-0.12421821797918631,-0.15460556773356535,-0.19607651836784487,-0.3069442321896378,-0.25993423154820733,0.037481134356577406,-0.07651778436846327,-0.690942724580137,-0.4012147512152448
197,-0.1967281690251756,-0.1874893986954148,-0.12958077298347273,-0.1663098728990475,0.04053321611819926,0.016210200693493586,-0.30312654491937197,-0.2346042179323082,0.005072818817050859,0.10630037881981025,-0.008418355535673057,0.06950093942991999,0.1958736604514791,0.3098047950404804,-0.051848596088354924,0.06873214237511809
196,-0.05720015681339422,-0.04529480941975034,-0.1414893294182412,-0.1527213075866437,0.14105429505373365,0.1581677951626885,-0.4491222518584341,-0.2473922737382117,-0.02845587665337189,0.13248491036036864,0.006136557290749614,0.13412157234353855,0.08970847925941247,0.16806211693487777,-0.19060593675842724,-0.05507528955917725
195,-0.10537883972338384,0.040560517933198245,0.1372360632421753,0.08452844669513007,0.053505916204479184,0.1158167959232896,0.028112183984616783,-0.12348757195929083,-0.027073119403531326,0.017476542486168374,-0.015380644504101901,-0.0151703336824912,0.12105090799603363,0.17231338969837234,-0.04726638219342228,-0.015535645513624666
198,-0.06527541957877979,-0.030972984566980825,-0.2407287738286124,-0.24772070639147412,0.13493963453967686,0.23181769915790182,-0.4811617264993063,-0.11151217673646156,-0.03523143099513526,0.0528454622938471,-0.10294167544468709,-0.07076853162393916,0.14802468652874154,0.1594246720094366,-0.16608255104576924,-0.16109379852612282
200,-0.03778526947544151,-0.006886492020627672,-0.024162540907180945,-0.04528880591868801,0.12229333735265638,0.22134278688112732,0.02069973195234414,0.020827269873620158,-0.0698675033452663,-0.02167787384897945,-0.015781604146743237,-0.06760205442405233,0.03152354768969358,0.006696674184830997,-0.18322155278351876,-0.18958639200899696
199,-0.14138006484244983,-0.12371875915148275,0.01800861412057034,-0.08964630060880224,0.017676475185742065,-0.03011200594139274,-0.060497971717818406,-0.1279271400584123,0.04043819197309503,0.0797827948077067,0.04188808443794775,-0.02306369404490768,0.19574408068221438,0.24986069003882627,-0.02198617939077751,0.003936392122862971
201,-0.4516333105801549,-0.36940373412923305,-0.06700652642484577,-0.09771911669766356,-0.1325694827409466,-0.2711070926638838,-0.18040254898613256,-0.276186700090862,0.06485519282185455,0.07887567220465104,-0.06074241205869064,-0.03594299821735578,0.15725904500055346,0.17497446730717475,-0.1670728609307211,-0.12907238019620645
202,0.016024656992571905,0.12307538015308576,0.015237917465520289,0.014405796947730516,0.20314488443146364,0.3184112252191947,0.013641731485521596,0.00021420546452843858,-0.046066096844001606,-0.036083497578916816,-0.010273650184815153,-0.03466824810995029,0.17985786900658185,0.29532892524954346,-0.05707154423994938,0.06326646542163668
204,-0.05730699252285569,-0.10783511054484177,-0.009979343253925176,-0.09579012989370926,0.11968300997228058,0.06279472339204263,0.29498647887931656,0.04991608776856915,-0.056666123983118676,0.020284269175975825,-0.008804528100716781,-0.020404609051758348,0.128062063950857,0.15094491381616365,-0.030715631857895043,-0.09872262628843465
203,-0.07636014337284766,-1.4351629878839312e-05,0.06393030428595502,0.02804951460262409,0.07441268753175974,0.12493456033182554,-0.013548443763292563,-0.026882231546031272,-0.04439624357179013,0.029043919177719958,-0.020320048330616406,0.05351199142867211,0.07580976543798695,0.046943959515708046,0.06353929182499266,-0.027774705436747316
205,-0.17777197403022055,-0.16880216621956218,-0.08565649981169869,-0.10942087042892065,0.055129649339744,0.10348370525407502,-0.18831646873734553,-0.023413740697832825,0.04896437776359211,0.006529295192928841,0.11847455629623863,-0.02399166327313329,0.20529897267344185,0.20938559608847376,0.19973383487825874,0.03763261563134749
206,-0.008463197756896667,0.11135235203519211,-0.01950531258597736,0.12654745129052716,0.16421624468297644,0.2316537396830273,-0.1330230821896617,0.038401375711073306,-0.08180331032924375,-0.07294146961013495,-0.058990608199877205,-0.14518574494472175,0.07351059993355882,0.0032763820455879557,-0.18017276524607823,-0.2588418582903504
208,0.10646675014488234,0.14771728321602057,0.06125273584489883,0.004206514909699154,0.18137920663239004,0.2036409570284302,0.0014011243521010355,-0.08314978707571474,0.06802773312188672,0.041059251812808145,-0.07910458977518062,-0.1540593033528679,0.21349438456169959,0.24870737619626074,-0.10153024950507784,-0.11953698986605595
207,0.04466960891873736,-0.010480922776454992,-0.1275347937733079,-0.10011572204455241,0.06510849660081454,0.053435901256954,-0.3327770883334221,-0.163660837336275,-0.0187474351701036,0.07201440671510402,0.08806715606444623,0.17132489740554321,0.08684873726373349,0.07855762900426873,0.23919636909313352,0.1449670048648297
209,-0.08202739257445724,-0.14273651315224403,0.001636666886951705,-0.17438917325720438,0.04705892614682929,-0.03217264243479967,-0.1302463799034713,-0.18739005747156187,-0.029402684179415384,0.07651106898023025,0.0238192291696043,0.08164647908149861,0.11227528932265513,0.214922022228862,-0.07955773203576658,0.05456942412845863
210,0.10219388619901754,0.1963376888882624,0.03303515801480754,0.0011820045171965826,0.2345153974660195,0.2635692979942433,-0.08809796860489386,-0.09176358742787553,-0.011121161118741908,0.03293277000431545,-0.055449449563177794,-0.016502551774971952,0.16848776085060746,0.24428532935463237,-0.16325141147882224,-0.023942284725094704
211,-0.016154169976970778,0.026195149950632244,0.04300372258064107,-0.10715226564613084,0.1941570259117632,0.29186405025406165,0.00331842045052207,-0.09404702073963722,-0.018415980534160856,-0.04194175700425248,-0.1808199583831709,-0.13837600069826322,0.0781864533573598,0.03563297293314138,-0.43183352627911664,-0.25902356848496605
212,-0.060026087592865617,0.06376232403517693,0.10923048466612091,0.1688991528965552,0.10855103010417758,0.22020608850739634,0.1580958580075212,0.1932138789304025,-0.05197242548444248,0.05503564967743211,0.1023720384685791,0.13056216196153042,0.11664228437601026,0.15889669113228946,0.184288939579412,0.1009561243177809
213,-0.16135715335403714,-0.33881606600419156,-0.12146063662024817,-0.3517341349337922,-0.0023362341638939427,-0.09006702940509771,-0.18337984281763883,-0.28605973018559033,-0.1412913810682405,-0.0018931186949501465,-0.4338854679880242,-0.0577237301385793,-0.001229262087352058,0.005796679072705824,-1.9043943659519815,-0.5961948120659087
214,-0.17615034188781653,-0.07996320108403308,-0.07184547186098435,-0.023341542060811446,0.0006218203009990146,0.026062098622457803,-0.218869818073916,-0.15103236085231483,0.050819898887769985,0.042505297716108954,-0.02862954386966196,-0.05825125481656575,0.22105307635167787,0.27440330379508737,-0.09876970656664469,0.0288411420947496
215,-0.03268983579683355,0.010275251532334315,-0.05098270605032437,-0.04234385118748367,0.1453310683813874,0.20668137547774468,-0.07391106158437086,-0.04071067836747877,-0.07856492405802921,-0.007976803870506565,0.009802158509865688,0.07289059714960808,0.07476737178386221,0.1349737458710269,-0.06254013865248516,-0.004375854297392808
216,-0.006014321474874667,0.16091782299532476,-0.02982145106079001,0.06128131089276376,0.19274229676645785,0.43882306311959435,-0.2643903547976114,0.13215816924910095,0.06421887825957887,0.02372817661114733,-0.03973025018779009,-0.10859903706710519,0.22778415572698502,0.23551771180954634,-0.1477966484747663,-0.1816179016639272
217,-0.11105306244336441,-0.15350549640772287,-0.0017275355669745692,-0.06050576702792074,0.15642975687590804,0.2424398634920892,-0.004574038717130072,0.06662065973595854,0.053185624629406576,0.08317288551711917,-0.015528119237438449,0.02774061401955327,0.054792968248189466,0.0992761044774673,-0.11369378491391172,-0.02959402723642564
218,-0.09371425823682406,-0.09017969626000333,0.024080475007825116,-0.1097561146976389,0.10255600431116495,0.07574753779527815,-0.08624526966992214,-0.22159134227169078,-0.00491874396209896,0.024607161577046514,-0.020300824241823903,-0.01891116252624162,0.15226886288993152,0.24925868821489786,-0.15823009938863328,0.02184838139996041
219,-0.2734087212604228,-0.2993496935613549,-0.2013469156089998,-0.20876404064348997,0.011743528376546342,0.0005190586032692845,-0.38511789209848474,-0.20107371700686952,-0.19726291210704705,-0.21173977974535046,-0.02964340828180355,-0.09507281876620893,0.05577173851460251,-0.0057244054864752595,-0.01733113079643727,-0.09978106094683163
220,-0.146212909536886,-0.10770137870565986,0.039628139557407106,-0.09697870287856487,0.07330832814566868,0.11831195042030823,0.015245800908057256,-0.09834582269071601,-0.013764369617166273,-0.0077634401750022826,0.053966681430343666,-0.05408907561147128,0.14556706180349002,0.12062623183703651,0.04587469439203271,-0.07358014840152675
221,0.10313235100459993,0.08099628882570889,0.12370236830893774,-0.06035272297866363,0.22577610941986273,0.32881378279091256,0.22289848262597028,0.021183634652555645,-0.11748785867866215,-0.040184392177504816,-0.060592243197205124,-0.009759239902476595,0.11184795867302012,0.1879107389779038,-0.09691488176394425,-0.0681656768803363
222,0.08856665261589018,0.1511776026003138,-0.02477605544112759,0.06081316347256201,0.19957784546730553,0.3483322330274545,-0.15616761958682343,0.09046250768680524,0.09065638269460921,0.023033886615863666,0.06361139991544823,-0.004371939499301309,0.21271495115987352,0.1915560291077444,0.15645555808544123,0.054218888888442285
223,-0.11085238283986959,-0.1757841406551396,-0.028291079168667372,-0.061881848926159264,0.07928636590015545,0.006829380523651137,-0.12936795025332637,-0.06011542484219279,-0.19820003453831972,-0.27120984343520704,-0.12041935330543967,-0.23676743119513866,0.018283534998575632,-0.03048995917852857,-0.34250607163222957,-0.21007451633399632
224,-0.1426862416141818,-0.04313724293453604,-0.3642791491459696,-0.11734570865628609,0.14511694579315718,0.2267557183094876,-0.7249142260885659,-0.1946863508467617,-0.04190613324076184,-0.019067248268899998,-0.22374285538948233,-0.1243588432429458,0.10672373641812338,0.1502704106992619,-0.4590372574798604,-0.18724312264863807
225,-0.004257436560394975,0.0902944176514185,-0.29005098182418954,-0.09457622979265455,0.15459672655474452,0.08516475843818923,-0.6582983097546817,-0.4232714345031367,0.1106719535686492,0.1280497448407559,-0.009696481017392612,-0.004941337890209129,0.22620846094805444,0.2884289813395237,-0.13086370662581728,0.052538224878055116
226,-0.09560469289201277,-0.10949775935890242,-0.3662975970940732,-0.32227596882007226,0.0657365538336808,0.014302959016407971,-0.5271637853551814,-0.41180228934538593,-0.004202383629639963,-0.011741558768429342,-0.1105209811976043,-0.09481491249177361,0.1898564069411058,0.23210608525045098,-0.27948857725980886,-0.15145446385076264
227,0.07781670489647788,0.12461578015044064,0.13025758588027492,0.035564277660515266,0.24091287489711816,0.3583380664748075,0.08130662566571342,0.026889909304610733,0.027926705423030163,0.08729058649432835,-0.11976553835174843,-0.09375262708357517,0.16718356963230555,0.12085730703974137,-0.11842111359948537,-0.1858576291290378
228,-0.10788650271691745,-0.025291926283366992,-0.13693773365058765,-0.03623784338780982,0.06938341583051896,0.048626545772451214,-0.35729450732447204,-0.22218168079663633,-0.11193049640640733,-0.09884756690052864,0.009390190436266483,-0.08229494816229574,0.04818822417263326,0.05128550956526101,-0.05207234311028175,-0.09816972728198033
229,-0.07538419078117094,-0.08487835006637502,-0.034447595710999215,-0.05990004326294276,0.10410882334035643,0.13324455307694832,-0.14307241802458925,-0.043298802124574966,-0.02542848671610583,0.00018083538545472512,-0.034577221770265454,-0.06395035114897817,0.10548785450153067,0.08954915430803437,-0.06546140081004206,-0.12829618552454017
230,-0.004532792924689696,0.017298915390035325,0.033599602252889535,-0.019643065941203342,0.20308694452024068,0.28313846271911075,0.03029657588585353,0.05229035391361351,-0.0003633226117096312,0.09255161754466701,-0.05329992762188502,0.027238523824913097,0.15079432195618495,0.20692877335467613,-0.22879592084855607,-0.030134898946392468
231,-0.04010816651232613,0.026584521823389315,-0.06743109465072845,0.021066762887322513,0.1286507129153892,0.13322038988440402,0.03692082829328257,-0.03072483437785563,-0.013019617711538886,-0.10828424421154609,-0.01228657227112865,-0.17514488626341942,0.13410050951079083,0.07341062632635338,-0.11447306262119458,-0.20661163517886597
232,0.013741882935668333,0.1605666692513686,0.2062399810713797,0.19280205503494516,0.11715154327960996,0.18430156265984754,0.07789798056054514,0.03005804920230985,-0.020643463917278556,0.029277465254249745,-0.023504131259587193,-0.056048847670589284,0.1430801516878361,0.20871210613528265,-0.1308638101974912,-0.12175261414991723
233,-0.10616896000844477,-0.176904310049005,-0.13504485113536596,-0.2456852569804144,0.09935732626552876,0.08406433542394291,-0.23918866112075313,-0.18813278088581975,-0.051191144439274,-0.029303705973100797,-0.07574648887402415,-0.09730108900675023,0.06637308387181949,0.03981331643424733,-0.17778233413745476,-0.17188578469794488
234,-0.007041819866502359,0.04205571336544259,-0.09289825768547015,-0.013793792823460433,0.12560122784401737,0.12808207740815966,-0.27506317146577003,-0.12510909064315112,-0.2721855599977901,-0.11598372305617662,-0.09536921191886734,0.03976398615351609,0.014809919644914548,0.1468563601822884,-0.232838907344586,-0.06178997500518124
235,-0.1971242838704581,-0.1706961137385547,-0.06348710176311227,-0.09105427991147876,0.11651205892895723,0.24916332042716635,-0.17896052321562636,0.07781113699197313,0.006580748495532646,-0.02269359459925059,0.040169032330945806,-0.09214575380351961,0.14688386179327118,0.15103322210770082,0.033995521329125776,-0.11850051697813879
236,-0.07727466382975565,-0.03875821979910737,-0.06962174219844935,-0.04974538056345357,0.1770789599963706,0.19527320368189635,-0.2712454275057034,-0.09771811758080773,-0.019119651067823085,-0.0026411609826703097,-0.014589365506430505,-0.02304476253404053,0.1148457800671569,0.17715692343275527,-0.036449802375926016,-0.01398460311335925
237,0.044975459476019296,0.059673851348720185,0.08093286438813772,0.005085033055431751,0.2020566691772424,0.20818896573190662,-0.01553886102397928,-0.11465946397867806,-0.039556043316823906,-0.044850561704513514,-0.06276502244797989,-0.10128394351135647,0.1366785220412091,0.12419862623359287,-0.1380939164766836,-0.16026893108943077
238,-0.04507488369438275,0.028539763843703575,0.051427690747079834,0.0722112784463749,0.13673694651394858,0.18075632611082504,-0.019530968562424485,0.020474570107155515,-0.10834388892919512,-0.003956397750838255,-0.04265754037598485,-0.0034653454543455645,0.007343632854268557,0.011871593575372841,-0.19672600757669406,-0.16269222357276134
239,-0.05121638850010118,0.08970505605329009,-0.0079213342972463,0.08718327748798921,0.09119037609341467,0.1360557986688413,-0.12811608361275012,-0.02974859250596018,-0.019355975844220052,-0.07916220093475837,-0.05242174331930367,-0.16510054321178183,0.1629035125919711,0.14959540832631582,-0.14410898147112075,-0.18002660319347527
240,0.10736597928654841,0.1084286680301118,-0.18708553065737327,-0.14373383786437124,0.2574265995150372,0.2873162317911304,-0.40922335616767397,-0.2349478121893788,-0.01634184058027407,0.03580213575764957,-0.2603832386989781,-0.07502246413794121,0.05967237474293667,0.09653442589690697,-0.5432164870181364,-0.26039046161498813
241,-0.09689584421616297,0.01098588906694646,-0.05557846176166561,0.024813964570073465,0.06942175323135225,0.08036668929469211,-0.2707211440541489,-0.15830678454874839,-0.09831444438006585,-0.002561273160125762,-0.04323138944020932,-0.014229611948144509,0.12952508490083584,0.14395167716334348,-0.057070084660943196,-0.11728024508078316
242,0.05580525215208544,0.15695505196856654,-0.0304240340308798,-0.056770597958712886,0.20086728397078524,0.2996824283302789,-0.033524182485028683,-0.08284081921706017,-0.0129839972201505,0.0038871104467360232,-0.2280353914993107,-0.1521676812888246,0.1551333191761888,0.12584947727263351,-0.5006046905814742,-0.23576255767073995
244,-0.10164274709872287,0.1095956806150427,-0.1445477652031383,0.023959905534322642,0.0847702097643059,0.20864303577266194,-0.3982254263387544,-0.12970781345444846,0.02196811094858459,0.04369896041160543,0.020614905037564434,-0.005799397812656754,0.2027415342733082,0.2754621052102979,-0.04031027994114733,0.05444747948943548
243,-0.1711479569988129,-0.14079137411707715,0.045984137786539106,-0.08299144468113305,0.03354376148611422,0.021239216690500107,0.05104280427851359,-0.10092542054297593,-0.06844470526298053,0.04151677768930064,-0.052796548475854584,0.016144360215986916,0.125276693249286,0.22179998763778758,-0.15920818160100875,-0.010737780186044136
245,-0.001686075974277601,-0.14396026225783537,-0.0652510811478332,-0.2182379347037246,0.19061872184155518,0.25252803548070657,-0.04136197014946144,0.0010825213341764857,-0.13050285126731812,-0.1382014184171404,-0.015347621654505164,-0.0989786396777963,0.04483190021072026,0.03631874319125346,-0.1167123546665658,-0.07966370935250973
246,-0.1539532276375761,-0.15331140553938577,-0.13902474019355257,-0.13988733804734713,0.0563133233187056,-0.01405078330907252,-0.3761151843335981,-0.28900435440611694,0.11406125456491943,0.1173716581687949,0.038170819235144156,-0.004606363305770386,0.19488262504551981,0.29497992423132874,-0.1269549909549089,-0.009024200846065108
247,-0.1489111114359367,-0.11968403157287275,-0.10111843768978153,-0.13978290115058883,-0.00944058850706206,-0.00034835757429074743,-0.24657621131264518,-0.22075345372334867,0.011781147497618605,0.05336900532939771,0.13876704933262513,0.09905056954207746,0.1645960852795,0.24427120403313962,0.20020216925155443,0.10713873471465363
248,-0.17472764875545374,-0.16650099731568657,0.04708792101048834,-0.07201611137019281,0.043313685316649884,0.06864399975573625,0.04845035740835257,-0.02566267973154997,0.02554713471503036,-0.07113245319561097,-0.00026686826617798126,-0.1670830721916972,0.17194283209261121,0.06557032248213979,-0.05918727269355217,-0.24323910758521342
249,-0.022359582805572296,-0.05831935763769593,0.07618657973104007,-0.15178787380553535,0.13593169409898034,0.1935701281575263,0.08449186602959353,-0.09835487611820504,0.014242873877300057,0.01606517816460214,0.1183584776503431,0.17427485705335763,0.17334903062213164,0.2843179073492633,0.1255149695494503,0.22827051168536353
250,-0.17657989714273717,-0.11461873171802262,0.011586172825567842,-0.03713723596422059,0.04608688981711118,0.08274508431527873,-0.02472523553504036,-0.07984199647470873,-0.0053860999523657575,-0.026597413026615564,-0.04410179739771046,-0.11992419210548912,0.17081916989413318,0.1868794262160449,-0.14712948570009163,-0.09324163512260335
251,-0.05318994564206704,0.08954391700564962,-0.0412671457290365,0.033504855459389395,0.11874144960269965,0.18579111638050286,-0.2377379130401876,-0.0810115018747527,-0.06763035912518826,-0.11493014774165969,0.08460606535905618,0.01734943602046437,0.12985907004962646,0.032230987570110135,0.14586495849343117,0.01772418531010585
252,-0.0920018653443279,-0.04178960760307876,-0.039369629525271316,-0.008740812360147444,0.1397847821953664,0.1356728235616354,-0.027731393651040506,-0.03392507065821101,0.09497853463320644,0.14837665636183892,0.12153643999088236,0.0404522079399011,0.27867566177714487,0.36927599750646367,0.19149669817086853,0.12758127958058255
253,-0.09936437775392755,-0.14996144737362768,-0.29208387324200646,-0.11701440408034793,0.10775438675186179,0.015076802181893703,-0.6569480012507938,-0.28950439225551144,0.0010736069990130927,0.04918675782446973,-0.07845111710103218,-0.07170165773324383,0.15036760252662856,0.12125807160952709,-0.17311667613320972,-0.19305489903448558
254,0.05373683751389597,0.10609638456781885,0.03259393039136853,0.019130619461906306,0.1675693827480668,0.18077084041538619,0.07676717236651553,0.005073904331446759,0.08506241568297768,0.21148996336545695,0.003183416903409713,0.10414424004334935,0.13561339229692676,0.22322791844489367,-0.14544329066105793,-0.024250056319970643
255,-0.182224403275053,-0.1704949014735913,-0.057319627106375705,-0.07510367640789983,-0.002831898525038007,-0.06400526738314515,-0.16350022935573374,-0.14655992520938468,0.013815069632702461,-0.010911020837893451,0.03000290032784618,0.015218492852075145,0.2001355379414889,0.2755157202911985,0.012848019874620524,0.0996742798916161
256,-0.0654120591303715,-0.02676436264295745,-0.09598325820122672,-0.06667146731838317,0.12142319006721616,0.14247434655964442,-0.21152455645777316,-0.10628055559395129,-0.13467294212676026,-0.08992918054053636,-0.03650245914783232,-0.054965111895373744,0.061954079323071995,0.11020087569752066,-0.06375576883609144,-0.057648711730624545
257,-0.12976323277387225,-0.3019096125705496,0.07628484997748877,-0.20107471458711315,0.03424864450416625,-0.13995797151825243,0.09223426643214463,-0.17866720569360842,-0.08458751695595017,-0.018985924715011846,-0.0028521370133300396,0.03153027322161695,0.12083724196101304,0.19942840721123417,-0.039389109222247344,0.06600425671190176
258,-0.08321126315670047,0.04162402723030959,0.026119334312443954,0.03916120254852389,0.11453858356915081,0.21728924559790516,-0.03334230901000352,0.034616660115795526,-0.05979741372826739,-0.007632491909885168,0.012968167020712495,0.026685011864032878,0.15829220043598605,0.17542067802912056,-0.03273203633601262,0.026846892887457563
260,0.06582240243917645,0.09840475826513295,0.05675344606838285,-0.024002539202824056,0.1598615587631586,0.25844055861488846,0.08285871708762835,0.05736559842497572,-0.03256721808615197,-0.023421077002610053,-0.057515784177903095,-0.012418605960412665,0.14392595076833828,0.18895434376551684,-0.1969928045701851,-0.06908603933782427
259,-0.0010206312785163575,0.06976691041797063,-0.06847746729669293,-0.04591864131696239,0.12220443144305576,0.1525571076030622,-0.17319948927831508,-0.08041832452532509,-0.02128688587671526,0.08633443921658387,0.04307094759895258,0.05330812715074662,0.11811803991805402,0.23106191600221987,-0.01859259515915852,0.04123319853278647
261,-0.07757213788269735,-0.03369996880764975,-0.04604143566313967,0.018726430957339835,0.0853815454853779,0.14492199001854708,-0.18768068446197406,-0.03751216203874097,-0.11463830050110718,0.020270423746912163,-0.04088063926197863,0.02857744561087702,0.042493506930121556,0.07766188739717825,-0.2718823661845171,-0.12421140663989583
262,-0.06181519521477621,0.0710765319076253,-0.1380188244297929,0.033717022080340844,0.12263242149175727,0.20138255903554636,-0.3881507764135797,-0.09515691837070106,-0.01864911333905915,0.10046215080451101,-0.03631247136228726,0.0035403453180425574,0.15360550535164047,0.17370039036167786,0.01293239186180816,-0.1308192236615285
263,-0.014325765348548215,-0.06728059883220279,0.03615660114489182,-0.27123664388089336,0.23638804877127537,0.2429233323037506,0.08460737018797272,-0.24940582626854335,0.007430035849597637,0.058345944939250854,-0.05861131448999873,-0.04882962286170033,0.1752799169249247,0.10142405918235642,0.09501655203386719,-0.10960773245240847
264,-0.006183211249842321,0.04091473470528498,-0.15011367600612333,-0.09694977038950987,0.19614804589636767,0.2935955830830459,-0.5469481240533393,-0.19721630585882222,0.013258067317157738,0.047135605549121815,-0.05900665218549123,-0.07025233418946862,0.1308762256605428,0.17181836169589143,-0.21719531020196173,-0.11311725685631153
265,-0.1312385498730132,-0.17425416367956828,-0.15470537130005138,-0.22469875564509456,0.11774230683924557,-0.04990658593557196,-0.3428509010991302,-0.3622507647204507,-0.061236798659844445,-0.09703080286369702,-0.1017552815100478,-0.1512986425158004,0.1706064390300406,0.2262605919161819,-0.19369814121178308,-0.10153788877172391
266,-0.03329033142032378,0.01992082477150819,-0.01777529068303006,0.038153840345561976,0.1852636980934139,0.27174455445759166,-0.11658664270471403,0.046818343045148834,-0.07576735149639575,-0.06103197662244132,-0.003335330218798812,-0.046207156241066964,0.1350551346699481,0.15739098653106837,0.2601461401823099,0.09856719702617682
268,0.04931730794210575,0.18784414106743236,-0.0005719479694106517,0.10549283610276472,0.1916592485027916,0.266339861461007,-0.10664184682402884,-0.0394531440290938,-0.04311202110644061,-0.011159791868774168,-0.023525450473559573,-0.008280538589441526,0.12928902793013633,0.14080014811094604,-0.13867177116488416,-0.0662991002619054
267,-0.18545080802164346,0.0103072260015733,-0.012913908232763248,0.005355528954912294,0.04201991129313121,0.18551399148065836,0.032931479176796924,0.02549667783300676,-0.09210118965735958,-0.11516852974799768,-0.11675252014569946,-0.1302726984425434,0.08467657652479002,0.08756943687124438,-0.2642316041833082,-0.13628553730564838
269,0.06426304092337198,0.09607464763088763,0.0022094757458538464,0.03876446097780995,0.17463574716434652,0.1884445476094733,-0.06481467003686892,-0.014279603136950684,-0.1349528212500498,-0.19026084696349882,-0.19001664896501816,-0.19766088003109464,0.061309526690558454,-0.0007170484202804195,-0.42604913333140654,-0.2496668604639596
270,-0.029798859274817104,0.09884330806880438,-0.0660769146690949,0.0004988657483055285,0.062590880293772,0.11868856399785611,-0.21059097418194134,-0.1606969844959049,-0.027539264796009,0.05425539124298981,-0.06905379034310662,-0.03570774554511774,0.09574918873228855,0.02858745231839339,-0.2108041139161779,-0.20988149887425075
271,-0.19060210789937057,-0.18301108015875667,-0.10700829418031946,-0.12299600794554344,0.01968873205617619,0.0021223134319297565,-0.3332280018692412,-0.2338538075333263,-0.1493661036559963,0.08681156095932312,-0.058032806405260096,0.14781420204907417,0.029780691434295233,0.19308761180241418,-0.229640633572188,0.009123896065974376
272,-0.019581098818039485,0.08047953988620804,-0.007943640097595218,-0.012436661678786926,0.16633539439149458,0.3026212045183905,-0.03499323864917566,0.06807571748654562,-0.16270430790111529,-0.12241789464363663,-0.10790118574676964,-0.054832537243827646,0.0591744427996746,0.09797179318260607,-0.24060299668479562,-0.07127473367549919
273,-0.11509905773710094,0.0027602800662843772,0.010595104501366377,0.0024509303364746993,0.1061487842110115,0.18084329175813263,-0.02897999898478754,-0.04365647282908406,-0.0191933822120512,0.08564462338027952,0.05559265181738748,0.11082880668218147,0.10207762939408548,0.12137634400530181,0.024570116478571987,0.039178234179634695
274,0.08932584548332569,0.13080440370446866,-0.0743055099238248,-0.08039415000658147,0.19733212311793527,0.20332632610160495,-0.07967621162616216,-0.15270780751778631,-0.0007477622249417893,0.09769171873338185,-0.05339918744823876,0.04481540844749629,0.12720440560234147,0.13873208335102377,-0.15768368433771635,-0.08550008980233474
276,-0.138354675567981,-0.18869137815659803,-0.10642777384680736,-0.22475819785947443,0.0950792124666275,0.04697119187592828,-0.11573708887821706,-0.21612115716178923,-0.1310224831475192,-0.04736268455028237,0.013443168583516456,0.07742297408711685,0.07192480854684219,0.09083118606570276,-0.05283715946673212,0.00499385239197699
275,-0.05098548097845136,-0.07194581280598963,-0.00896281748470048,-0.07621294112948207,0.12962537630785398,0.12969148671519626,-0.06062546287213371,-0.10772185629954083,0.007180676518425737,-0.03220745090746953,-0.07692783224193649,-0.14160762338363914,0.1828100629070681,0.1704856216260351,-0.06950792216550283,-0.10853866996574761
277,-0.12382314086962447,-0.06211782842392464,-0.029892759418889577,-0.018495370307880732,0.057520516745205266,0.12220677728561552,-0.10363090658416249,-0.07163038865139426,-0.07087762955458562,0.071076634279597,-0.03174446130074134,0.10386165530815598,0.0919607802833075,0.2084805517313883,-0.14407907890936275,0.04962570212087521
278,-0.1864983494623901,-0.13278638114554348,-0.06337459787066123,-0.20117950071124557,0.03384417032533541,0.005202951238691078,-0.23782590948900895,-0.25847730028520366,-0.11036625980680764,0.006639379266611926,-0.019336509369084237,0.023264342389355486,0.017063693377125665,0.06820235182302077,-0.10937722361554032,-0.053784732649898616
280,-0.17636692565795573,-0.02266229827038215,0.17468839329261107,0.25222891843797424,0.06425083113996036,0.15712250073296238,0.23129467807031656,0.25993949874971084,-0.02967563685535711,-0.07639849795422919,-0.03667491762481418,-0.09023684610127301,0.14426318798374338,0.1504096631083997,-0.12387389016192174,-0.08641946740912827
279,0.038203879636877214,-0.06311791358402147,-0.09764404821101663,-0.10452409880513969,0.15117272840061283,0.036933459805544966,-0.17817651715322974,-0.16637295935343496,-0.14877346716066883,-0.09656094035401672,-0.1177377637285659,-0.12288724299832471,0.041142224380440205,-0.007781934978455496,-0.3128956840231441,-0.1935037297908091
281,-0.07723304381045451,0.09056013396734765,-0.08111704718662463,-0.006596566652327066,0.16690411000477132,0.29140342234987593,-0.1955050350168382,-0.051524568679053084,-0.032468053709643646,-0.035634119361535814,0.008180122415576902,-0.0436682690398797,0.13516388870628274,0.12499010479407117,-0.02857253965857356,-0.06960571063075634
282,-0.16226295270242166,-0.09027828593560873,-0.054225402500689426,-0.05764275487473791,0.05641495424415395,0.13377868792423886,-0.26996380384911023,-0.06467528179566684,0.0898945031123078,0.07957328942122878,0.043644315783774604,0.02505994831078451,0.2232485365656839,0.23746529644256292,0.016137797049768938,-0.0007327702073709105
283,-0.2588306636776559,-0.1813910774140918,-0.041117275914805594,-0.03301433347574319,0.007229099731307052,0.10599179901144586,-0.11036541188527912,0.006285418427553813,0.10119281764219068,0.1821805570799164,-0.10654192525133055,-0.07869822801405112,0.1713133059294111,0.15311396053179405,-0.5243918648295091,-0.30451178274983576
284,0.026696285541655217,0.024207179053620066,0.04753236806254334,0.019462483665248952,0.17528821780548617,0.26353195552899145,-0.03187108320449037,0.03608906798326924,0.07448883692190597,0.17907994540774724,-0.005302635319733347,0.05108252099147761,0.17268183354575933,0.21122130169002276,-0.15542591558430924,-0.11263058233428154
285,-0.06650392413394272,-0.03664747111856464,-0.07246870163931704,-0.09018462072495775,0.12059365254399577,0.17388428865323,-0.17163353053796787,-0.10826853622037606,-0.08497277025192554,-0.13486046694166384,-0.07118524332733649,-0.14592004527266866,0.11108072025799598,0.15847589266522982,-0.12734819036346104,-0.04122070928090271
286,-0.11283171611948925,-0.1661538420925473,-0.030578850869302326,-0.11108573100166358,0.09296528552763207,0.07988194828482027,-0.14202939841941395,-0.07113688083598284,-0.024031440855577384,-0.005080735694622614,-0.09535127494342577,-0.07181560235841634,0.11847874339369775,0.11868218035888897,-0.2680035080285394,-0.15835337338218092
287,-0.1107788626662303,-0.10525043004659876,-0.21659509950558936,-0.18723914635612554,0.037466938308559176,0.04216597462613181,-0.5332513151107591,-0.13969484803582155,-0.02759980804593589,0.05678483886883092,-0.07619724102022574,0.027487635077376515,0.14082237623893562,0.22570207332135617,-0.21593148641302987,-0.015204166506561237
288,-0.01601195030243959,-0.08523821109580702,-0.13762133016822134,-0.18560539670936402,0.17445644140481584,0.16069751925715445,-0.3423536231314929,-0.25737717314666475,-0.086835771269971,-0.01570933955604957,-0.05816926768755417,-0.04633404502512091,0.08167723524869504,0.07045159531982588,-0.1869339817591003,-0.11450706239168444
289,-0.1088227345936999,-0.13887539740893406,-0.1393259589400434,-0.13396471335183657,0.035874020115478626,-0.06815416419789656,-0.3252941419821633,-0.30211854946256295,0.04990979833284777,0.17706412804172597,-0.032502563968003405,0.06409679678472498,0.18731277592319073,0.2435933703083582,-0.1755856656808362,-0.02790451382533025
290,-0.11400473292803057,-0.07400665195979828,0.1414870650470211,0.07248929000867838,0.1383902992703205,0.20694815609798958,0.08416466433686816,0.14594425808610925,-0.16242811422102096,-0.029493418426410532,-0.04296994011625786,0.038331893894415006,-0.012442764918275118,-0.05801893809003145,-0.101348999056357,-0.09445714074076968
291,-0.10478556293975148,-0.10323912732419596,-0.17145088796511002,-0.14902384328212118,0.08093475579070822,0.038256389883915554,-0.5950714688687893,-0.36995730600569726,-0.014741178383715746,0.09078982368232075,0.029659893337311383,0.11452344585989413,0.14957166919807524,0.2696124570683135,0.03293481689996363,0.14367189778281217
292,-0.1894236833447575,-0.25440622293096266,-0.10512677008772768,-0.11625983585301526,0.059782875202708675,0.020257383691640152,-0.18455018339785212,-0.07125344862276169,-0.0148620768306297,0.1251056978429591,0.10782100819208337,0.02501899975380396,0.08481598045033206,0.0820269433684599,-0.02841975559742779,-0.07629845048048682
293,-0.02170439213090185,-0.013721050263029866,-0.07957782923611767,-0.11179628087007466,0.1856291616379997,0.24175457285662247,-0.34906905056549414,-0.14882179056812658,-0.0036159912300889976,0.07507114215654322,0.0031557100044073104,0.02425358507148542,0.13235291433118157,0.13340098020629435,-0.06604930180891028,-0.07035911701250697
294,-0.14656580119446352,-0.13976813258196222,-0.014900491418227574,-0.08703005176539677,0.02974107162840594,0.09923740021768078,0.03294546281404524,0.005626232769808189,-0.03200326023385435,-0.028204682841481483,0.04199487282116794,-0.011785363305996594,0.09468745542001114,0.015656934385396636,0.007653869649114445,-0.16668022675344044
295,-0.004481953797613898,0.1576475684050791,0.144027652798891,0.19787473867853358,0.1359253697303232,0.2686961171778492,0.1545352873788911,0.21280660120723224,-0.07333270748544964,-0.11455850277357536,-0.04865683836224722,-0.101329589731576,0.08553275254647538,0.06722296128450023,-0.1500629173634237,-0.10979333169737097
296,-0.10586147211929792,-0.11334082073518227,-0.02833447110416793,-0.04702523222368662,0.10812704308255598,0.149689285488206,-0.09414301856858154,-0.09174039864485162,-0.04366685736524935,-0.11403232609854334,-0.08746371888090322,-0.15766481562577284,0.09978355378795213,0.06211240931367068,-0.006348404406787691,-0.18011496532547164
297,-0.13657847591021674,-0.13412136582364362,0.02992523374319562,-0.08545199398073539,0.1056690631072359,0.02942878409713845,-0.038243049173820466,-0.07111160266087695,-0.12808075914028935,-0.17544436294278884,-0.13123585405367175,-0.19207101244152014,0.0533971142498042,0.02747240391428929,-0.2438798864649834,-0.2205149690817635
298,-0.09971266131198574,-0.154913004747857,-0.07376019594592406,-0.17395848073740153,0.10892519436558959,0.10263868301351718,-0.10135699642619303,-0.1096690149355068,-0.06873460627091336,0.040854415589736,-0.042181813908724206,0.07128127109725771,0.13374037184732016,0.3497946469337638,-0.14320416225672083,0.167914446233941
299,-0.21305542688014345,-0.1518105259943735,-0.1217774304632321,-0.1266600516809905,0.02490343689734002,-0.035789310690616416,-0.31540162248337583,-0.1948664477491672,-0.009693083878541339,-0.041331610661620645,-0.12034307280263186,-0.11308837745463256,0.16993213199808388,0.18316101045766836,-0.2555950305394088,-0.13579673396247413
300,-0.14569105479905284,-0.03431711141342691,0.08813717618741197,0.08535857128052232,0.08315501750112661,0.17341662500691138,0.13358591347532606,0.12816219199252935,-0.075036108248068,-0.07068444249492954,-0.07214800396690707,-0.09685686673942051,0.11797370953055561,0.10898249780776226,-0.20798218037669472,-0.1535065543074439
301,-0.13304225498900543,-0.07923691991186375,-0.03534000548972216,-0.0174873712942139,0.07484159069261369,0.14106408012110258,-0.12906835142536363,-0.05288634667691727,-0.07976630347465258,-0.05568217386162407,-0.08442394210663026,-0.1291201717647642,0.1180285130166814,0.12476260035819864,-0.1675421576016151,-0.10276458589438302
302,0.009921259100905409,0.053577172119589164,-0.058005170444203044,-0.033116552623216895,0.16222750815314987,0.15262376383058124,0.08620635865955809,-0.09219785332918658,-0.039872427425848074,0.04575436865210407,-0.06339197828105689,-0.008241487598618586,0.12178370598375159,0.12622747460317926,-0.10842515438156522,-0.108007611684466
303,-0.0708845620984674,-0.012398428856710981,0.009259621107844248,0.017001051077491936,0.12455018893843552,0.22893892407135719,-0.04751964449065147,0.09745411493412415,-0.08958630355328767,-0.11780026641329534,-0.14702582689008584,-0.08343174888838657,0.086272984240362,0.060511936335872395,-0.3645377203981926,-0.2034005466461272
304,-0.16329389807449132,-0.1120432185138689,-0.06548154266411095,-0.09058805087951838,0.01846378314210619,0.036266762338393356,-0.1908638373406296,-0.1932532956690516,0.032736007857021014,-0.05910356516357088,-0.03222870304843315,-0.1372068507824518,0.20020995234010627,0.1944033741304775,-0.10869618337770522,-0.15602755485733175
305,-0.06881169770487967,-0.020904052056636507,0.046031530675304654,0.04221225052443798,0.12709771591707486,0.1620074416953575,-0.11290086486416075,-0.0759637779761853,-0.10996453220532942,-0.1273577517137658,-0.1092000269965001,-0.09409534570383155,0.06326209974655883,0.037273361781861004,-0.28007244624136973,-0.16225582624692245
306,-0.07843279906986193,-0.03441767393280352,0.035430270109028654,-0.10796928601788264,0.16803859307238242,0.32196753506523323,0.04203825727529258,0.01445523501218741,-0.12455857466841033,-0.12516164553700557,-0.14241085797464414,-0.08862795121382297,0.03143017338403622,-0.00302160314484754,-0.3312454148884029,-0.16670026932248558
307,-0.05138631275244252,-0.06531225551655728,-0.15283450252935157,-0.14376037655857637,0.08988052695038984,0.10454806879648233,-0.33711232112115835,-0.19088027477583505,-0.05503987775120316,0.0628169020151362,0.10765297537489281,0.09120018745038273,0.09786952514088579,0.16434019980422226,0.09061563887151093,0.05651077995924884
308,-0.05160395975270315,-0.009304669844887994,-0.19695413843796394,-0.15010212217578897,0.12111934220732959,0.17235322126778627,-0.6081065324667612,-0.28489087686192166,0.00376894009700766,0.02727565076432705,0.011276894503786022,-0.06454816585058563,0.15273552721664166,0.15525318284860418,-0.0551337859039816,-0.1240964952363874
309,-0.19476131787514867,-0.16550704778562875,-0.0021886480552240043,-0.1125348998757192,-0.013667730397431308,-0.07784648451532529,-0.11423644646781203,-0.1842017785432042,-0.20145438700664675,-0.13778775294190398,0.004548542263659121,-0.03656513760739737,0.001205704522816584,-0.011227017453517018,-0.06247071103850852,-0.09789075675657595
310,-0.057387230059289876,-0.004462414773950844,-0.084384470217512,-0.013525938287823629,0.21162087371811567,0.3344880310709109,-0.16041206539614292,-0.01547945500574699,-0.04697381746197107,-0.03924576553603474,-0.14324401770664527,-0.1505908169930955,0.13535988875135846,0.16765589175468612,-0.32448986558668,-0.11442180812291751
311,-0.09507044686307253,-0.009529729909785747,0.044112420761708064,0.053206924938724705,0.11457632112861575,0.1621727191170301,0.022921325008940986,0.014736388880910223,-0.06411468162308054,-0.0511040201280958,-0.050916099080442666,-0.06462003312339831,0.1220609957015147,0.11230899586178063,-0.05975489193412883,-0.08737772864037237
312,-0.04756892423265584,-0.05894692691918493,-0.00987001162698984,-0.023781204763105423,0.1197943110815537,0.05976528651092213,-0.10870729918021105,-0.10062991616779178,-0.030161175007196454,-0.0037185246028404043,-0.029851068084358952,-0.02726913420849174,0.12464338551683836,0.17893077266000135,-0.1755988648654419,-0.016026976603475518
313,-0.2418488103932798,-0.24583013961879221,-0.015460440936938375,-0.015663000334952704,0.01386899579539575,0.06248914702715147,-0.11670791071553795,0.010688426115053606,-0.21677505047253046,-0.19710873987264385,0.03932564332571784,-0.14574072220311504,-0.010765621191747489,-0.05764172719413725,0.1222933448722082,-0.17467621967547434
314,-0.11442033098355553,-0.049164638892668505,-0.10595350540608556,-0.12309872877519311,0.11605337191795703,0.16545705143629671,-0.30250658297186706,-0.20719329945322282,-0.027003135341341734,0.002247809370903105,0.03072519415933028,0.036264483048551385,0.16662933972715896,0.28941334643300487,0.003629592003885754,0.10388053092457261
315,-0.10790242357903922,-0.012521961899183916,-0.06426805471082025,-0.10743220737922199,0.096270765686834,0.1393762918195648,-0.029559424746178946,-0.12868149430951448,0.03280944596377279,0.07930960870968504,-0.04427861379595859,0.0006594781549482676,0.15383590413622586,0.19748457928406338,-0.16350519606194214,-0.0575362683321925
316,0.03305186129838494,0.11126122032405161,-0.05235944925299054,-0.047583541336874854,0.23659076858416014,0.2965814404727409,-0.162750264706106,-0.039887816134287525,0.029119570763983034,0.13917078714061032,-0.12246761509149587,0.035991377717836864,0.1426198867391784,0.17868427541569512,-0.3442466117405598,-0.13948599554699767
317,-0.18575929566053143,-0.29434580059963183,-0.07198273257446525,-0.3176654598328159,0.14034014303650053,0.18808374669443476,-0.029308216900862608,-0.08738945929459314,0.008078417825031709,0.091753356533801,0.008656314771198747,0.03830709996452963,0.1506457882800729,0.22285312776380045,-0.07222482753568821,-0.02089459953957462
318,0.01987009833512945,-0.01837679030382725,-0.054269714334410905,-0.10570821939265515,0.19543488014066576,0.1507425480539719,-0.2222886310693528,-0.17151549947816067,-0.04144512103166773,-0.05956491489686188,-0.13160910982441848,-0.15941149977130917,0.14016031555526792,0.1397686873883361,-0.31471982534400106,-0.23530376959766067
319,-0.12817900460546325,-0.08936581617884554,-0.09096166086097623,0.028039901648492318,0.06989508325998858,0.10042977555366317,-0.2426637577132919,-0.050235948293227826,-0.11667241157264881,-0.013415025986832944,-0.04895443258176593,0.04779815442273821,0.016294423678211104,-0.034787057099423466,-0.13879330916616775,-0.12583178489999292
320,-0.09422440346871805,-0.11451048303538756,-0.02848573198005279,-0.0356388471617,0.004474134015360804,-0.11753484999583591,-0.13567370814756174,-0.1789739299888952,-0.04404023890825199,-0.008292342078029157,-0.0505952338068512,-0.09064450801308441,0.09789472809008047,0.15444920406910326,-0.13123932327829074,-0.07467080145226775
321,-0.023618389908336583,0.006307327199916544,0.00932758599883969,-0.024784353044343687,0.10710364068542234,0.04076573239643457,-0.05300401081528938,-0.12018415088044598,-0.20714062100596517,-0.0904012171459129,-0.027581874585960585,-0.01701183680668544,-0.014865026856910334,0.058375212164711844,-0.13097715750936315,-0.06516975075591151
322,-0.14594858929734394,-0.1827803136152777,0.04952004165723396,-0.0006326660467488108,0.024746101250971337,-0.03535030228274357,-0.0650268709430013,-0.0699978802729085,0.04557157331731054,0.1360660363272554,0.018701264868596704,0.05749528568927107,0.14469160106508624,0.19423337474427488,-0.03735473950631388,0.005591817581724001
323,-0.1957746183495604,-0.1262063775161537,-0.01599287393940099,0.0014977717597405395,0.05332300890983526,0.04794766206276215,-0.12244779333668732,-0.056018349080688,-0.021312939154626353,-0.07913853747114015,0.026963797882425755,-0.13595163704869806,0.14592521003223843,0.1292944794476219,0.040999122141987705,-0.047103095778443814
324,-0.14997739851469394,0.008942975503047405,-0.05680628564211453,0.052612814500244375,0.08248636059047051,0.1496820945910847,-0.0786163471437663,-0.060605526341087845,-0.032452504530493746,-0.13132842799364913,-0.038635739630642874,-0.19748537392412938,0.18004197689566742,0.1821356410004756,-0.10842150381400222,-0.10094145154279359
325,-0.1839363424192709,-0.3349409781281589,-0.020165415078718923,-0.19744771423856264,0.006935529449377339,-0.14097867846327225,-0.06603513409583833,-0.19704919213919367,-0.0029697847587580642,0.08181389296850118,-0.07829785478526308,-0.03113918496975352,0.14063933875082538,0.11291212565863522,-0.0896136401858505,-0.18675309254571806
326,0.03320509289290383,0.1606468837509803,-0.09324583199702091,0.052083297138755986,0.17819460485874797,0.23355985285678615,-0.22524817254333437,-0.061444736009013456,0.007309254906744296,0.0008633583462296072,0.07205495596759609,0.01634511448069625,0.1199535525870323,0.09536693152830093,0.153930684526431,-0.06640865422225994
327,-0.18243384966348145,-0.05599914144122101,-0.09408730238395456,-0.05854117872781652,0.07045436626995293,0.1955236384263038,-0.3066763088234442,-0.10538645213371929,-0.07132976926245309,-0.0314653790717878,-0.05739867457402346,-0.03984925249416757,0.10975343221636225,0.12224802982714007,-0.16350881917086368,-0.0770568189725096
328,-0.0462391214132693,-0.032225448467126536,0.08884919529026701,0.016372899049029208,0.0768397754301905,0.07968766222498601,0.06869430762170778,-0.006981218887161411,-0.10390824952097752,-0.011687221161653572,-0.04186812428983612,-0.016366136361439132,0.05462266545501823,0.14053743232948485,-0.14261413026471087,0.037785946696652396
329,-0.02748282920461157,0.10930741307208602,0.13289033210435416,0.17148455785175204,0.11702099951739227,0.16392969681510136,0.19434433240528048,0.05756189431200568,-0.07751785409899241,-0.08588461620134294,-0.04260625237204259,-0.09168967470921073,0.10988667811675254,0.08248891414999386,-0.03798552108833882,-0.09523715592436517
330,0.11454620714360476,0.13344201172564074,-0.1023077535359271,-0.002272339724019927,0.14009288642363457,0.14648481824813134,-0.3347119495980658,-0.11480975802833515,0.0445049925256871,0.12610928135965638,-0.04380164476555884,0.02613446177224191,0.11815744325826234,0.10588036023103164,-0.1798072287066481,-0.16462193756974583
331,-0.0872908427285061,0.05957931446621158,0.08758639658323228,0.21647964125839245,0.07936589638258804,0.17950322446792932,0.12138033044036393,0.10352739717163435,-0.15665664279367295,-0.15179203072254283,-0.14272999214163867,-0.0945058193248106,0.01015176823583659,-0.07539811931464706,-0.30969528534441076,-0.22679529607526963
332,-0.11076967468061019,-0.06983708734341453,-0.22636600941308782,-0.2226036788773874,0.11986219579794596,0.1180666363064838,-0.5271684935822202,-0.36319587031559025,-0.23961909734498382,-0.21300134858791922,-0.07656911544701454,-0.10511638454866847,0.018893968089144918,-0.0010263355302131184,-0.1395838585154784,-0.12225373724304889
333,-0.12143952949645251,-0.06915258921108303,-0.12278790645244643,-0.04801421001743943,0.11807092457966699,0.22087160032149986,-0.28362814345152404,-0.06961461464928576,0.04307230382587128,-0.025832076284640675,0.0012342123094844163,-0.07026608937070933,0.20064957109767248,0.20780451112764525,-0.05339554594360179,-0.035819669998245963
334,0.004627626216095663,0.09873083067542507,0.024666875504619813,0.07753930693586392,0.12185143028414985,0.18146667277648298,-0.07201977664947487,-0.04255989700671255,0.026439664540592548,0.038474374141662965,0.09142667927142115,0.03378819403214817,0.1919246668019016,0.2975846571666818,0.027519170144038544,0.11694160525091017
335,-0.19844985797812378,-0.12270369559863721,-0.12710784077477932,-0.057120595887409135,0.057180788289291726,0.11123206629893122,-0.22603688410325473,-0.09687276169703034,-0.05791778905845827,-0.08224105143667725,0.02488721050077564,-0.04957969461361822,0.08245470286030014,0.06337394692617966,-0.034337522453951205,-0.03838329752621309
336,-0.21837925086110388,-0.2283557570441136,-0.16583355071500339,-0.26086133905850634,-0.0011897722594023349,-0.10086560389373521,-0.3871091547849294,-0.39709002978331503,0.030153136683456976,0.05705729352939371,-0.014512594377205515,0.017497514279306993,0.24325405082510834,0.4243996934721352,-0.0961552120298666,0.10469322485638448
337,-0.0196222844781542,0.024084713233991608,0.024497705416714106,0.03998374432675003,0.1591753269725454,0.2251577364332765,-0.0033070058013852464,0.08383922095532788,-0.012112017621902305,0.04500988938507527,0.025744049577860667,0.0002297586901441177,0.16199415834874542,0.21316735357958963,-0.0015982927225223194,-0.02483307781167754
338,-0.09182266458472886,0.026605312964011665,-0.006129827112593124,0.005119239345233274,0.08332380523902702,0.1769903622514651,-0.08866700075734525,-0.0766003611999793,-0.021061546371292622,0.058938668670629496,-0.03740405876811909,-0.0015954874811915376,0.20814706699812274,0.2953635549210773,0.03421952173271015,0.0540159730499736
339,-0.0714122340694469,-0.1317850318881516,-0.12107179349718863,-0.2984487666135107,0.07655692425483245,0.0361764009646674,-0.08613313799258966,-0.18193475294821926,-0.05314490413881635,-0.0652512819847424,-0.11338692845588574,-0.09911665026077991,0.13470158852182487,0.09598110416577832,-0.2321609460239861,-0.09519358850374249
340,-0.11224051620721077,-0.1494054812694288,0.03967845161881654,-0.13980829227508396,0.13176047736780683,0.2054793617162707,0.04399269591113692,-0.035782475716639985,-0.052642986748708175,-0.0036780133848852187,-8.239115954617332e-05,-0.012459436718622667,0.14635006473110984,0.22703723701144524,-0.025460694358260504,0.014624409960878437
341,-0.06794904796980956,0.018033681385772972,0.031758539125383026,0.05830048973631868,0.12385391323413526,0.18862573881390002,0.23184846261656242,0.13577549406909561,-0.07168312981956308,0.06696201912369944,-0.1765461710782746,0.022651478455316943,0.055739078837406385,0.004328301270315094,-0.45297593358807464,-0.2772524678923116
342,0.062413813316824406,-0.002166746306457229,-0.18481836034799998,-0.1659088433748218,0.17250763945260428,0.07473799394976399,-0.40685820605432127,-0.37039324803562934,-0.07203314805022526,-0.04651931759488734,-0.024363190364479714,-0.04350488600182145,0.09817802494831045,0.13752121588992428,-0.1027106224240982,-0.056285330427367164
343,0.05898380800884121,0.11158866635948898,0.05470849259310594,-0.03885062955133131,0.21089508106203317,0.2883765550299164,0.03856254098689265,-0.029709669653033715,-0.06951390833297755,-0.0767686855920006,-0.008873079309895858,-0.017814516140188415,0.107284435351622,0.11357047689576075,-0.051296912810308515,0.03392268807121316
344,0.09752293824774409,0.05235095002805984,-0.05773362773350026,-0.0830969064264136,0.12105594345701096,0.16300904920794837,-0.206391293549417,-0.07424657761108222,-0.058013673692963626,-0.07018306699065295,-0.0011269589413600766,-0.07275980304859513,0.08153870382612054,0.06411151365672843,-0.08683701341119886,-0.05739958272163644
345,-0.06876068571199213,-0.047820569390257306,0.041505311663128985,-0.014532218541782911,0.12699783106405776,0.21395909716040132,0.012935567290573987,0.010056926231252872,-0.09309122198609537,0.02064593811192891,0.16853540359191252,0.15815988924634095,0.16522572576076724,0.1407486145424663,0.2630140584311178,0.12443967173311399
346,-0.04210576880168961,-0.010413827294840606,-0.04910183680826041,-0.06813647788676293,0.12186188936108162,0.14832156670708782,-0.15409735832343435,-0.035862392373145036,-0.012222928451248598,0.014022437136637053,0.09446255706384864,0.1360616819911331,0.12930874674177548,0.24729211504675855,0.032435526656968326,0.17577257605659455
347,-0.28076436672800487,-0.19063695906861322,-0.1570128664930467,-0.12111314809371136,-0.019616103525024364,0.015352230439970083,-0.6862425527707122,-0.30368646829944035,-0.03581889045210606,-0.02450772992996567,-0.03280099377429226,-0.034095829938075466,0.11903531006519046,0.12491605906573937,-0.1528458329525597,-0.04770053477769872
348,-0.07263914419204659,-0.08666751690141761,-0.07702056319395573,-0.0889884860071095,0.12477623145715279,0.0985701500341058,-0.16979450998768658,-0.10744719444971096,0.10368668146362643,0.10949289389077267,-0.09065886526412162,-0.11703769180589116,0.20666498692213053,0.19998120935695246,-0.20371425602122817,-0.17808569552663744
349,-0.0853034988193286,-0.12009306983486996,0.09233025634030237,-0.046126821689480416,0.053139039432255966,0.029131966070757225,0.09284094867378409,-0.07409409006002865,0.04625883359808062,0.08791020214307442,-0.11867244716103532,-0.1107753095210226,0.1618504637271362,0.16814618593035113,-0.28534639222613656,-0.22515366653448485
350,-0.09431854743800462,-0.1302360749001916,-0.03182419387346738,-0.14460420751148914,0.08042405198577009,0.0667247368535998,-0.024318012814942374,-0.05407615048352602,-0.08292588707372676,0.04180125037222608,0.04777342366927305,0.09624185526705177,0.049973574148236666,0.11417312876497898,-0.009640179256986561,0.09655757332226544
351,0.013713121978588079,0.09137396270488661,-0.012667188319897858,-0.0066445877299523455,0.11825427550526901,0.19862046312779236,-0.09276421710193994,-0.037202106825693436,-0.0029420440024986155,0.03976911247034462,-0.005824953267137201,0.02473156855210388,0.22690090551747844,0.28313921351528565,0.025656363185053644,0.05059579169738152
352,0.06715224510301222,-0.012289398913859925,-0.038071848039207934,-0.07733839383738031,0.11210093687360656,0.07680197551336505,-0.1018180494130375,-0.08053363078065434,-0.03947731880464967,0.02417297831409161,-0.01721069797259774,0.045874441219018895,0.12414441021422354,0.13566930723010068,-0.1219307310816479,-0.08455187842214584
353,-0.2889728307293195,-0.1649728951914534,-0.11582013413205854,-0.07385406761178838,-0.014421724674561641,0.06467267013848664,-0.2983470933824629,-0.07419047325373807,-0.06436939875772936,-0.03831927858899722,-0.15731588501893504,-0.08952918962141101,0.12226599566812975,0.11714329859599733,-0.3528486938254083,-0.2254085690263398
354,0.12897112091872803,0.14003118016935676,0.09514053852833138,-0.04224881431220173,0.23900724771455545,0.2984988631032837,0.06049724737486899,0.003966092958087771,-0.031768160679324094,0.00946031345140259,0.061960840815911813,0.06620744715608153,0.16026075154034,0.2932819975159557,0.0031750182566686767,0.09832711833000422
355,-0.06558288934425657,-0.097142913687763,-0.13047975905457432,-0.18630265374842028,0.14604041668891174,0.11748698757592602,-0.2556439020935925,-0.23255440513608952,0.03918184041775915,0.145154520319259,-0.03473030046204623,0.027426377819257355,0.1652065780158979,0.2284255279458975,-0.2145249710725252,-0.06703601312733447
356,0.01640523500765151,0.05246775060301155,0.17814015403259634,0.019333285095831612,0.12982390593813878,0.22991136098861,0.23663229781562223,0.11799488354210404,-0.017197511860861152,-0.05178106923827775,-0.08017225822470742,-0.10002096773674968,0.1688111929401123,0.24523529891395449,-0.24868311532261023,-0.0922757617379956
357,-0.05334049477268018,0.015180542081725604,-0.08940417404600672,-0.03280152224671889,0.14384815559021294,0.15362523885541948,-0.23926477931628026,-0.1782764736374074,-0.1142939463847391,-0.14809762726265446,-0.08123547578619755,-0.10442506507508628,0.05670508917945912,0.043161771236694756,-0.18675875261363106,-0.0998081909700661
358,-0.016976668937073086,-0.09291487938450052,-0.0825634690195958,-0.1649136832518111,0.1231458907368146,0.06408568512109646,-0.18449999405288395,-0.17026089301835454,-0.06444964596100558,-0.1599866868574819,-0.11522061951767018,-0.17362637526234515,0.153290718370218,0.08680683130608138,-0.11023800114627123,-0.2311618995006608
359,-0.13052736032554316,-0.03730993898202546,0.18027966604947457,0.06533519977367654,0.052401545776226695,0.023122019881464007,0.4392609292481536,0.029152222565519637,-0.02177873200233015,0.0421659280435691,-0.057942301445269254,-0.06543295753891959,0.1466884673283851,0.172865512170215,-0.056833848294761916,-0.085086560321458
360,0.015528968318715542,0.08977821560056515,-0.0265567687093102,0.0007565848712527412,0.13339402008094722,0.16874564119516713,-0.016720004534197988,-0.05987031065986933,-0.08324801048018843,0.07950130348195943,-0.083658095437304,0.09678615975629862,0.09334891749503985,0.1969903157094139,-0.26938890101077323,-0.022699811002404147
361,-0.00021343337498028403,-0.011951429160811463,-0.03345023068677748,-0.11643322235057378,0.1718119232049,0.19469667357524842,-0.15376405043324692,-0.1384519493925892,-0.04632006927423096,-0.038382007665424725,0.11302631029728641,0.012842312362862617,0.10428446864526529,0.26632915678055835,0.08604207409377351,0.17067549702981386
362,0.10724318923662571,-0.036600109132390486,-0.006474711243175348,-0.21866704985173427,0.2332274310537781,0.14760253849316876,0.011245390479770292,-0.2194787021574056,-0.0769419996713231,-0.054276004568857186,-0.07388270948434825,-0.12165903656212702,0.0789435615547856,0.04177755995300771,-0.08254451180698585,-0.1571630669412555
363,-0.05279637460949505,-0.03403742237133085,-0.018751200468899193,-0.044664771805190684,0.13665928901722194,0.17330047239670998,-0.062270366062323786,-0.0632851908415593,-0.03768049247398435,-0.005318964816169292,-0.16284993429027741,-0.0519050991553518,0.1591672467769795,0.17017083167942204,-0.34951528285741246,-0.11026832291851092
364,0.02733650514378936,0.08901640672892965,0.09699370136681819,0.04455441419803751,0.180231317489674,0.22768791617588413,-0.04112055184407954,-0.031512206867381876,-0.11886892499436318,-0.027070649552711577,-0.04537713603497439,0.001358608598196299,0.07788406758113599,0.15990901447852782,-0.13337004470817104,0.01691199030510578
365,-0.1563313414698078,-0.05213621464321344,0.10421160631815822,0.04713728796478065,0.02768274294641597,0.12102664249941221,0.10927180797672077,0.12153318494509206,-0.1718410044270241,-0.11238896141844193,0.03435296936218707,0.07414814732485202,0.027468191674835357,0.05745669576875463,0.04407971484989084,0.012684263293918438
366,-0.04239076837607215,-0.02462202615445406,0.008802934698150095,-0.03512250660176193,0.10623029439141397,0.10119413744948784,-0.08346024545876081,-0.09425813881287366,0.040940162150398814,0.12842845559162872,-0.015747682741202043,0.07788387154517476,0.1878662451036122,0.13354827710027922,-0.16372884876838867,-0.12270139514508031
367,0.0037223078212895925,-0.016421923149776686,-0.01976321964333708,-0.06537356040883603,0.1790665316715884,0.1894161621287717,-0.08596321702105597,-0.04279148533134965,-0.014764406876204573,0.021412833946948002,-0.01183412489534803,-0.0050604241824211615,0.14645367987911895,0.16696148873929206,-0.027940342761566997,-0.012180346544580703
368,-0.12342428721812099,0.010505165176724755,-0.05625172947938523,0.022304776441276455,0.08531547192621527,0.1404555502146707,-0.21362272378488592,-0.06424970634971587,0.017188976129060556,-0.027115823655915864,-0.10684994279385529,-0.2020917756222901,0.2064457739517838,0.18463687949788657,-0.0750307534981985,-0.2001460059137845
369,-0.09873237307348398,-0.09466907765335926,0.006684940016809731,-0.03537748761148404,0.10628379398422794,0.158967737222981,-0.06047247114457814,-0.020577267754049593,-0.008217058753742349,-0.03291438188560367,0.07723825877704596,-0.08603694548080777,0.15966682096505394,0.08892310300550747,0.18180129792918773,-0.13354560192992557
370,-0.08781270516359833,-0.14346869775747348,-0.12482013339066579,-0.21313500023754087,0.171952714448292,0.10632289779070203,-0.15008514074156215,-0.21367203579956706,-0.14376131468577052,-0.08086712540802579,-0.13231472205076236,-0.08696973488094556,0.012686444618888876,-0.042761034780109085,-0.6193698942785392,-0.36326570938947045
371,-0.08679512283205836,-0.11251054696467845,-0.059586090024145236,-0.14717517633040764,0.07322163576070856,-0.037296534939613345,-0.13023852642432798,-0.28406726017423883,-0.04090543142757128,-0.031648525723245884,0.000935631189529376,-0.05885398050162507,0.12422284915445178,0.19974000089329952,-0.10943405673848289,-0.05316948388093371
372,-0.012020555517406642,0.13285513048519185,0.03753527680762582,0.056997177212664195,0.14816633268688106,0.32672970708295973,-0.10056716351238479,0.0076164159215886445,-0.09832632333973895,-0.15857131836451308,-0.1927500442196854,-0.0634407947247554,0.022389860446273842,0.02299766609906311,-0.732631820996357,-0.12009170159245919
373,-0.06976697905243252,-0.05643419455068523,0.00880373000763988,-0.01480868937532069,0.1372691184459148,0.19429816254540913,-0.033510478585094,0.061428616363840303,-0.0034145466754107174,-0.03376036786360088,-0.05461343850636041,-0.05693759064480559,0.16594672495634177,0.16046514153263844,-0.1803218167168788,-0.16455295891148639
374,-0.0626912715377907,0.10991240484793845,-0.0009726216188608829,0.07761249231971841,0.15911155537840507,0.3895063138385015,-0.10342521768595998,0.10458769221593618,0.022619560292971613,0.14094191819527066,0.021944949502096276,0.0843519482518824,0.1111721482181854,0.22839264586292626,-0.040390615194605316,0.05387253217791702
375,-0.010955386206739122,-0.025205355256501347,-0.027276192735920222,-0.08254556907962678,0.15385145399524075,0.1680814447519611,-0.11203427894478142,-0.10502272208202834,-0.02596414447335804,0.012163323974359087,-0.02186173882719716,-0.02246116199578361,0.1498370572706892,0.20241658416494976,-0.14725570963210136,-0.06894121319948676
376,-0.060812836427880324,0.027393402660045744,-0.037235369382252574,-0.02401650231822483,0.15000019638764323,0.21934216791825903,-0.07093151733542484,-0.04396766603336366,-0.08686233012549166,-0.04202500935886462,-0.15569489074616588,-0.10500606522718442,0.07623237261828891,0.11461836398484311,-0.5067506308611752,-0.20238478806143037
377,-0.10232604076738187,-0.04501670140385514,-0.00982319454240483,0.02214638265568637,0.11090601449913322,0.18193961463327935,-0.08883237976411615,0.040567960487123335,-0.06708910242376454,-0.00629988903514586,-0.029860861426284267,0.0548467298224175,0.09033338774938046,0.1078860141009476,-0.09966579659030105,-0.013803788171471357
378,-0.09190915958203567,-0.11398168617600898,0.042415136147028756,-0.022497835487961762,0.12854185254705314,0.15703851198571186,0.09746274315908401,0.1044842205274397,0.0200858939003163,0.08265101229699727,0.14254474209659004,0.12532209497323185,0.15174856672408063,0.1569720790847588,0.44181587414011664,0.157884103485069
379,0.047346880749019764,0.1464266437958438,0.009153179168300394,0.009221886790353588,0.1757252187401111,0.2625843471245331,-0.11502480056449824,-0.07962728629948457,0.0015977553703945757,0.07246001428000319,-0.041218952704082636,-0.0057734383854655125,0.1845795156236072,0.14611870060655147,-0.13965437715248083,-0.07908291066697948
380,0.011404847771494947,0.03689359155605964,0.038736992216402796,-0.052883989488207626,0.10397424347763518,0.11012238282161114,-0.002746968129236527,-0.09556965810459868,0.009153071620036982,-0.007484026604324612,-0.08615675542873374,-0.1651338765658568,0.16780542522646585,0.16547284934544665,-0.08033501128255,-0.12371376291056868
381,-0.1600183726177562,0.020744888381477138,0.05488319306018351,0.1329445657468252,-0.016621018528657355,0.08076025450849734,0.0323737388365954,0.04681590054761272,-0.024593917562446967,-0.022719642163655036,-0.08691195790805296,-0.09185483577578703,0.13202865329094188,0.1207824325023749,-0.25725266534479513,-0.16955144822540746
382,-0.14009755664566267,-0.2759710594631295,-0.032070292807906825,-0.1125419085106429,0.012851359699188871,-0.05937106681512808,-0.14209705605902911,-0.10912551561586052,-0.13654234110528998,-0.11317513580695111,-0.05522676473473938,-0.05271094797021876,0.04808600319191459,0.05456713638673185,-0.31329000164979626,-0.12598392613599987
383,-0.15558830479645813,-0.1283830906140453,-0.10932213243519934,-0.08405828152280277,0.08522800793727843,0.129128821813378,-0.38054896918561787,-0.16541889855682265,-0.0028618735583864066,-0.02832139571692822,0.04492062624313777,-0.06002673892226778,0.12488635766175392,0.13490670910740007,-0.01078261787663135,-0.08261137244876086
384,-0.10048540277922559,0.05604686607211268,0.02567446964069751,0.09394777405805531,0.1285780081321886,0.2796389292119152,0.05462449936992169,0.10863631220724664,-0.19628836608936218,-0.26515054150337697,-0.08522293202395043,-0.20380630288397594,-0.010215426247278454,-0.09634750383355366,-0.19244113391488024,-0.24335029346077577
385,-0.1946963999883732,-0.10957443828575786,-0.034667911777294474,-0.06540450505781817,0.05605412823844672,0.1465309006305759,-0.061622930341411086,0.04193283630549035,-0.05901202088889685,0.010781832820742425,-0.048586208792629586,-0.006480347168085462,0.09682338052435877,0.20064468131785018,-0.36441294574555205,-0.058957599701073136
386,-0.07339059182755911,-0.11212085215782869,0.04280398146102278,0.007038645153459765,0.10717321061469676,0.1044527514930491,0.01186920095495162,-0.01400506416478764,-0.043487557108068876,-0.060688459414870964,-0.024189317925327247,-0.10289049908595196,0.14379926524934925,0.1731756231101697,-0.07161502851766252,-0.07650613841507914
387,-0.21015970480591312,-0.23083764872581075,0.07687861337779908,0.12898726569012445,0.0910073970565966,0.06839852833585984,0.21210313953276502,0.16055755753888565,0.0521196584926148,0.08559434558741842,-0.07626099304003973,-0.03513823653075339,0.184780774518791,0.217058724212477,-0.22232105207502184,-0.09981289499473094
388,0.07070961780304948,0.05593212213931501,-0.05050063205436022,-0.13927625545064123,0.2150852914131867,0.19795850487566738,0.024940491792104343,-0.12555338489620105,-0.09301169304227667,0.008493896535799513,-0.061734698892168434,-0.018450735064144356,0.08394936959420136,0.144826887190597,-0.17600408436154938,-0.02514752253428798
389,0.05686037396055475,0.15033616780757442,-0.0123367200672169,0.057486897848882904,0.20576506504009118,0.3083895490926898,-0.11575169410407413,0.07520626891681366,-0.11423259712897663,-0.12516801609706613,-0.11288926559736472,-0.10871248678749869,0.08070768137577884,0.053732504583932486,-0.29798869959081326,-0.16684701243356195
390,-0.043781459284882515,-0.09393305560377681,-0.061841790215446696,-0.04555037955721737,0.1452727882887339,0.1740016306631725,-0.15072429532351275,-0.06834768937060953,-0.07967458882120133,-0.13190731422280705,-0.11154567092866008,-0.16343675169358052,0.05370397171625556,-0.06947857320187448,-0.2973134791205644,-0.26967940384418204
391,0.022760581540705663,0.09201690500851822,-0.051617289997324206,-0.023593625782473756,0.2033538041112838,0.296347274055825,-0.14464842892726879,-0.0355615603834758,-0.07909994971896861,-0.02928306823644958,0.015893360576190705,-0.0012379488521106435,0.07501392481973218,0.08803334210051043,-0.0436706870091902,-0.030202675161231318
392,-0.1494751545323023,-0.14827348089421527,-0.01914776843622771,-0.041783843748206984,0.03414011159626912,0.045392292681812864,-0.09930234455791392,0.020789326127984824,-0.03693065117526823,-0.09416972691890212,0.09035149064922181,-0.04741971023169362,0.1135976315554113,0.11532465947723133,0.07015535232850313,-0.0336082784791281
393,-0.1492098337690901,-0.044958979716765,0.015867534181458014,0.03717727051927499,0.043490723357245825,0.09567781986978337,-0.08895898550084426,0.01158805485748097,0.03343251589856451,0.10376811401750345,-0.052948977075638344,0.004618087948702887,0.14599282861327353,0.08214937555411175,-0.18428227067510072,-0.20201772436045595
394,-0.02114800344956966,0.09666883994227883,0.10643693886430554,0.12305134209137632,0.10909959201443138,0.1397094982107638,0.06653084523470638,0.001307280783786909,0.045130272228203996,0.07799756438394663,0.10714677946000165,0.02580160558894887,0.13677871918926676,0.16153200798238154,0.0831509000067377,-0.004369482679543772
395,-0.010445515740822428,0.0962538604466486,-0.04989103987909759,0.04485731748294792,0.12492822973529344,0.14886380602390228,-0.23230412528323657,-0.0806958956919606,-0.03491359386136033,-0.07449953400648081,0.02941253598085742,-0.09376920595900873,0.15594091272012606,0.1973919573901595,0.03167032982358007,-0.05665778474576918
396,-0.19074246154812788,-0.20918242897209072,-0.1868669048390528,-0.2492640707991651,0.06921686937138041,0.08075800407071582,-0.42220781063369667,-0.3070562992376887,0.011117358725435853,0.00982310422081203,-0.04865543086257881,-0.0702544087184651,0.16771018222897677,0.16887665416525727,-0.08015794540968081,-0.10942358608442426
397,-0.08472421427131224,-0.028786496047829045,-0.025766529935130154,-0.03265405551225819,0.12962297306104956,0.20993258961765382,0.12132719969827194,0.08090861705437469,-0.14852537496353957,-0.17387396824038598,-0.13537883125264774,-0.08368111648134077,0.04403577130786758,0.09888513958376233,-0.41819638451087904,-0.14305124478602463
398,0.09227661385589127,0.2634165090398565,-0.25422463063345474,-0.042966646575395236,0.2762844795506502,0.5296970208471511,-0.6956276597703083,-0.033536312605445505,-0.013947306363497605,0.0008142887956041604,-0.03334830094267423,-0.03487499557072052,0.07335108534771476,-0.014521873644107175,-0.08365018842209032,-0.15282683789028328
399,-0.10549335007116649,-0.11586924356074645,0.006535849597766009,-0.023561970821170074,0.0787079743958235,0.056290845801007294,-0.06970850500504217,-0.07333454112857603,-0.06240958683755115,0.03197731426469955,-0.01425111178868059,0.02541555407639331,0.09759491660149816,0.20830161048140344,-0.10686769161635923,0.026947222996887565
400,0.0009104782967736262,0.1972019349098564,0.017165978057362224,0.14271749975488224,0.18219353469589053,0.42880186245601853,-0.014276396557137768,0.18183392113201088,-0.05565755483211219,0.046212907389207615,0.0589421735528715,0.07866471750498825,0.1389617318938328,0.29317767352285734,0.13463829474476705,0.1815449106503643
401,-0.11934702509699674,-0.06443049585713347,-0.05190638184988691,-0.07106230155023484,0.10706231009421484,0.1710237303347183,-0.006086764661159269,-0.042347819551689016,-0.03575289428622936,-0.008025996338652707,-0.0026159547035446095,-0.06081353801703871,0.1685484678799342,0.22643942986932872,0.028228883749584936,0.002444713187443881
402,-0.059969357992533404,-0.012535665727727222,0.026526069612671888,-0.009607524650913716,0.13245617839497517,0.14624372355716114,-0.03125451607073436,-0.09582179667586332,-0.010087850631133937,0.0702969396477288,0.08129403537285654,0.07646869738018265,0.11668734898225674,0.10730183034638203,-0.16445978904300532,-0.1199675140847587
403,-0.19459677752131166,-0.1487705783756236,-0.06255729705250633,-0.12435136498668463,-0.019248147896844134,-0.04760051478959761,-0.13701373177708268,-0.26043256388868347,-0.04692781749887082,-0.09261216272935709,-0.23723171307974006,-0.16684322230628879,0.14810726530485152,0.17973463413491625,-0.23588130079597752,-0.1214932911102226
404,-0.03999481525681441,0.06931457252489169,-0.036060479515042536,-0.010817394006719095,0.13841307767807998,0.2752526115543003,-0.09871174512716295,0.0598575756633332,-0.07527127901965326,-0.023843647876722735,-0.0041126851212432225,0.02733096016473422,0.07481057524163652,0.10339821526253005,-0.07499487536756205,-0.002104495814479468
405,-0.036842737821021355,0.09575103240486627,-0.0463546657815767,0.020652736664456973,0.16358137740544348,0.32671923980884215,-0.11948071709122811,0.04805650941973091,0.09343447985038249,0.09352897534803484,0.0014409894192663566,-0.011398250039194863,0.1445831648178672,0.16223743189451395,-0.08622330104917779,-0.06138395953971432
406,-0.11599297391713573,0.006961082214496637,-0.1574542895522943,-0.053162642741299775,0.11406885744631122,0.18327129172304313,-0.3796139342756253,-0.15156452570895107,-0.06075396249131665,-0.10007508467767327,-0.033100021979209956,-0.1143377905627347,0.09165428747318437,-0.046165516999319055,-0.14959676599800248,-0.21569403708269785
407,-0.05123266902654093,-0.04261871941779069,-0.04598241459348055,-0.027826182473571794,0.10767902582943634,0.10904395596123068,-0.16808301098108863,-0.070583412350582,-0.03732878537788182,-0.01488614762302393,-0.04401805517753072,-0.07193907122566984,0.15952150244041247,0.18282340453128537,-0.1175513128044474,-0.11047199594719152
408,-0.04169672924945111,0.05045087156707121,-0.03397947944628113,0.03465724203532554,0.1046253722333631,0.16396711524243343,-0.17957650220270785,-0.08507558591190507,0.10749274392771185,0.1809796764918068,0.03197986052890169,0.07331718387373612,0.18746516323861603,0.27035680780224725,-0.044677183684073474,-0.0004723522007658021
409,-0.020155322352863523,0.1170094391610284,0.02335696233789826,0.06204541479285816,0.1450046192897899,0.23083095070880347,-0.05784605548007029,0.04898802193629185,-0.029821420525710362,0.02759141534357136,-0.013682618663213382,-0.006088148357414628,0.10330091441993741,0.15510446207374934,-0.20529286697527135,-0.04828298639156581
410,0.06176078369871185,-0.037905303568361255,-0.12168629453254949,-0.17555544041249896,0.1434447510983428,0.13440512089297887,-0.428668494689152,-0.16847197681804205,-0.014239175561555179,-0.02404340309437721,-0.12680067620076393,-0.07598788903928094,0.07762733973466751,0.057675235027511304,-0.35027425592138656,-0.21408873489027935
411,-0.2101536665316009,-0.17713012697374175,-0.1527887516128431,-0.1845852690215057,0.037951407297238955,0.0425145962726027,-0.3632709442263302,-0.2672219604581875,-0.06031423012565311,0.03453740492271691,0.045529126954601894,0.06310574913176314,0.0973139549202855,0.17835837658275958,0.023916283942776017,0.05831866086189571
412,-0.022590813257689205,0.1497981134099603,-0.07178264316321219,0.008630747375998086,0.1415282597714205,0.2713051272222354,-0.21085794417545856,-0.09035037850791909,-0.06897500133117643,0.03646908272851935,0.025050355330066228,0.027813614593613967,0.04072296866947686,0.09214783038436192,-0.048804796708868156,-0.02619148685148942
413,-0.00780374197767416,0.13616367021765277,0.12368745854143899,0.13713275188241678,0.16226688269320352,0.4174886845108727,0.12201344718478935,0.23801488663327197,0.05819623974286334,0.025251413126920984,0.016879125801985195,-0.052702990063624444,0.1292131513548898,0.14157599143446278,-0.03242941768960991,-0.021562653427540896
414,0.05328965374079646,0.05558870022674011,-0.08870868100824826,-0.11688571216931289,0.17428093735292635,0.1669268823309822,-0.21822728117815407,-0.16346401186156045,-0.07564652675878322,-0.00241336994088616,-0.09250363769574897,-0.07399805909177061,0.05012035139665199,0.04907601872720983,-0.293789044952533,-0.16760024692360972
415,0.05033366055059311,0.10507237645245593,0.0800039358774003,-0.006055180544339057,0.21429176203852018,0.2967981954769143,0.07974728446070643,-0.005461338794940929,-0.04627342922628794,-0.03019243454706227,-0.07634742277426967,-0.07223403000410224,0.1466187677127413,0.21472295977233494,-0.21520400591506603,-0.10178097116419908
416,-0.14102678558150047,-0.12181767696273456,0.0161338503556476,-0.06396728241454507,0.04554120717763842,0.05498232803671227,-0.07252150695785832,-0.05750366757008222,-0.013860761337275278,0.0765106467939847,-0.031180858688685958,0.03431342674125195,0.1251667809413609,0.18825167714267196,-0.1409755737953143,-0.022683952625893733
417,-0.21342541257126268,-0.13770683842117537,-0.03571035406934799,-0.05835001470730465,0.05257816354987889,0.09517615881221296,-0.08833392466921439,-0.07004375292600673,-0.027298471333731946,-0.05366936303908492,0.0033869139435941764,-0.05970146131407097,0.15117469060299626,0.17760264678362397,0.00669279293337994,0.00806829662741452
418,-0.11388807212659427,-0.060359857741735676,0.038250814538113624,0.03731875272671374,0.12569448211056758,0.27704295469303636,-0.025298156599845967,0.20185295269705897,-0.12519149081360698,-0.2849057195539941,-0.11114570482553984,-0.25503846296526117,0.09802785732946238,-0.03473280129813392,-0.19665258031223448,-0.21520257346028096
419,0.009752897040008299,0.09784654909789231,-0.05199889479980404,0.06513868759399609,0.09513865696110707,0.149306287213212,-0.16036288722804123,-0.02370710120343944,-0.04173209032187182,-0.10274514530972531,-0.0405902541659072,-0.12029265473723427,0.13212480825868042,0.10613278815449785,-0.1521586509256359,-0.1105167833981403
420,0.03681461445461356,-0.014116798506202158,-0.11370987716029633,-0.1738207215133466,0.22074622216359147,0.16464522279317098,-0.21313701415838415,-0.19019742972858245,0.04603657307545465,0.10753399391867975,-0.03751512320780412,0.06533913791048822,0.14999229098838623,0.12976882879585575,-0.11277552265431168,-0.06008384090492506
421,-0.0033337205808329743,-0.06169165470707303,-0.045746098533244337,-0.08922835807586274,0.17026308680897992,0.2303180893156516,-0.030521397336582833,0.013599839787260981,-0.07768917898890879,0.0786812856268241,-0.05937811651338481,0.058194112804617906,0.07709948538308412,0.16484171523633256,-0.21535427326610748,-0.08882243247513504
422,-0.05826757316628153,-0.013761683837605409,-0.04709966427930585,-0.024851287442683036,0.08804631352841545,0.0990680160651949,-0.20255306323737043,-0.08241720234202905,-0.16721009300160122,-0.1590392380937783,-0.04102824076266539,-0.07748764410168164,0.008208051530874103,-0.006463448616120226,-0.1286908845324157,-0.0933458879230965
423,-0.06994815928457988,-0.04272137971420587,0.047242825997649465,-0.044661639320610534,0.06888847300301786,0.09899852544661837,0.03855585937164922,-0.14267413922771288,0.08632901607928432,0.20169418874647682,-0.0013994228900177427,0.051717666490781494,0.22509281558979374,0.27611020018811294,0.03762740106524942,0.048833232816365646
424,-0.061643228417792476,-0.16843620734714476,-0.17738736700678126,-0.29630741594878657,0.16988552132370097,0.06795869269351544,-0.16428148394024245,-0.26756191699091286,-0.08201111927152524,-0.08854430409659877,-0.1480916605502156,-0.09098835406388729,0.07900854890345252,0.06917214038461364,-0.30504353863334654,-0.11735423360751777
425,-0.015465728428272315,0.10460362804617777,0.01763039158854183,0.0484431824363284,0.11531464489661018,0.13550677568752037,-0.03213254200090022,-0.041129385848217015,-0.019304753107235013,0.10759776927048542,0.04263076701296916,0.19458223089636675,0.0748046150302814,0.0897512082205288,-0.007873454054141435,0.06385749922236406
426,-0.274436127857764,-0.1716067757093278,-0.1285700667773905,-0.14190385073473627,-0.0017975759037131204,0.008594775886370013,-0.33095163500589336,-0.22117508427049204,0.03591429047559597,-0.062217227206785825,0.005776367195018231,-0.07452061602223406,0.14242523298414794,0.11509915877706504,-0.04062397904765143,-0.09327725643997982
427,-0.08475208413575089,0.04037277472006,0.009223587324948627,0.07208195779477813,0.06889040212062461,0.11111496089685695,0.07598091785426686,0.002569571845444226,0.04697667103256017,0.04466674237819231,0.02727421304868328,-0.05457181543421508,0.1744385091817891,0.17014613422607716,0.01662453624893464,-0.05319397909836643
428,-0.0015873733427062048,0.025771912282029737,0.10096016981708118,0.056972632774345826,0.15368938455525877,0.2479178781100334,0.09845334467884442,0.09154085632841029,-0.023513184130128192,0.017940429318996278,0.00551816809729005,-0.014449392931144717,0.14085347529304043,0.13148040944625494,0.020038454179724424,-0.06151602132867706
429,0.07576482908023172,0.05928878450660043,-0.16506504386786408,-0.23162976108238673,0.20931596683624984,0.21446050468335046,-0.376105869184048,-0.3323943806465601,0.14288204069321642,0.1491707868877451,0.0383181778365318,-0.0056594053890828885,0.2711253262937997,0.29087029471139114,0.016260693248502673,-0.07864626913355277
430,0.03215881638336802,0.09858807689367169,-0.018819599557434143,-0.01781946215465076,0.18168498444095854,0.18805142239268455,-0.07962617866366818,-0.15217775696404656,-0.11346355187474207,-0.06077680822422825,-0.10080790698220551,-0.0967773092732012,0.11392108283739474,0.17437549561432325,-0.34916009620481064,-0.10287221165780891
431,0.00607996646481579,0.14019544431411374,0.046170481080291786,0.08684689265547295,0.1857624465439661,0.2746013086112599,0.00640949215250338,-0.011541150198664418,-0.03834577455087231,-0.061723829661561154,0.05022989225166884,-0.052908002808014554,0.11309966948278921,0.14897117834747103,0.028580339960142885,-0.024770484404448512
432,0.039881983697013436,0.20580564744358443,0.09427779457603695,0.1339344729074453,0.22511393068089566,0.4197042283859494,0.0921480453320914,0.16056603092017652,-0.17072290892132427,-0.08960429766414386,-0.026681286025885043,0.00669729692875706,-0.01775586747274826,-0.02253848029356671,-0.26643732705904627,-0.1266278372828791
433,-0.08925219795888562,-0.04362763850522034,-0.04039436397472656,-0.10126199442693999,0.17071085998980726,0.31797286386151163,-0.12825785713769505,0.024592324401752297,-0.05810986247183152,-0.02584463466690258,-0.0667324724068616,-0.09658693178143908,0.10608973806233599,0.10272586919177855,-0.11180829133161767,-0.17138974014962102
434,0.0069845223757397665,0.010112125791981482,-0.17390129406754815,-0.21279870585638816,0.16125065792045834,0.15984037366391043,-0.3535578476874187,-0.34497948005158013,-0.1815227013996605,-0.08166953673529213,-0.09159221048550169,0.04303492233288058,-0.0064292605784629355,0.04420756695192949,-0.2612454688841998,-0.08632213702627245
435,-0.14986711990608995,-0.08099722980404417,0.02636121777001488,-0.043163499930501795,0.09708938523149058,0.1676650599717795,0.0011000546302057297,0.01253803916692986,-0.12806287611649353,-0.08203337040715472,-0.2654283324173244,-0.16467736406074748,0.06433028443650006,0.07724093591960302,-0.6586125905469371,-0.3267238994967913
436,0.03516234258999305,-0.017419013790937427,0.12325590269795214,-0.13435552850916122,0.1807557474819176,0.1953527576689014,0.24057327293012565,-0.013078376332285035,-0.05304923829846964,-0.13766500836031387,-0.016266821259883206,-0.11647559319951967,0.14443294936300108,0.06477749181014476,-0.022902178187211006,-0.09322575105393183
437,-0.1110562159968169,-0.21235641004653297,-0.08090845319236868,-0.15247451025806846,0.1280218406119728,0.09803443745900169,-0.20491057401571725,-0.13378255841075973,-0.1274461231874288,-0.10302952038504314,-0.05076790403849458,-0.06877623610034017,0.10394002832271927,0.13220248221476802,-0.006255220154076859,-0.040171583592247186
438,-0.14077458095324197,-0.19226155605383952,-0.07122156971768735,-0.2105198681763865,0.10609303609378613,0.0447291360157242,-0.2234496862870418,-0.2229054533637402,-0.02639726779200113,0.06300112178643931,0.08930569738156088,0.14902756082656782,0.11159946632486958,0.2322200385420221,0.046624822699248926,0.1634517633687784
439,-0.06790035655370316,-0.08942550576344645,-0.07800172899790249,-0.04592898133864173,0.08251393282267043,0.01768785880240063,-0.24142167098798561,-0.16717249771616235,0.014187200308483115,0.012972044222015582,-0.04161928794466735,-0.07593630406880326,0.13440975374389427,0.09422254906618469,-0.11433751880320714,-0.1566364024053105
440,-0.20284695074187659,-0.21645150046514974,-0.14564310768847064,-0.07755455803959324,0.03267244583456549,0.007388061694113823,-0.33073613745687286,-0.09755513462481406,-0.14493636873091983,-0.03953895484189414,-0.09886883547127397,-0.010909885760321108,0.06255061724421207,0.1091927333219835,-0.25677877348869177,-0.1187290641382313
441,-0.06864943627470127,0.011314444116120821,-0.05189389818297885,0.014232363274964334,0.10289817295186486,0.12904489611037778,-0.20452596100331483,-0.10346073082218706,-0.13265787143297053,-0.17204268091504726,-0.1000188899807403,-0.15563477986116087,0.022178938365426348,-0.0685327878273561,-0.24054843125454412,-0.22687781844363583
442,-0.038793738212533235,-0.12108144091032648,0.04779865787743059,-0.06758498082428646,0.1649117378991746,0.15819860828036655,0.35407619186729367,-0.024993727034128648,-0.11184439818787822,-0.16189476926083393,-0.0947653180434753,-0.18933635301983082,0.07731074139976718,-0.016919200928843737,-0.22534257763750087,-0.23789803641898044
443,-0.04029234547064688,-0.04205383532312142,-0.08132427283332852,-0.06950372617066645,0.08800441625213619,0.14345526222444166,-0.24271349490608676,-0.027136719983359276,-0.07476902883955847,0.00860149924452666,-0.24984872084452556,-0.058452558738209474,0.11868163498219692,0.17256561093076775,-0.6282530182053834,-0.23345623363127851
444,-0.08479551766284443,0.009225759679439753,0.004646610376901264,0.048652235195411356,0.10165407999368783,0.14711001135854648,-0.0717160077350093,-0.0674888591844021,-0.0014588141994426101,0.009969429924985824,0.012061645636373323,-0.036354859715266315,0.18702294383582813,0.252554389165352,0.04138411380415533,0.020722267712317517
445,-0.17056369222083442,-0.10234310076247369,-0.061464753441701755,-0.01936929375411138,0.0505858039826824,0.08399716654707824,-0.09513431512930086,-0.06257744142053727,0.06533087095030228,0.10804621815190586,-0.05993193131422595,-0.07973913215364131,0.20447045612717266,0.2534696239464614,-0.20776440006522165,-0.1058824772538965
446,0.010105245529176939,0.05596029458650614,-0.04776221703264343,-0.06256894293480034,0.1754456933397424,0.18749170302810314,-0.06474650535637869,-0.1567622740075262,-0.06526718412343709,0.003890425346696591,0.09405986564936213,-0.011954665095605055,0.10055205325486513,0.16832345892387654,0.10327762967890933,-0.024263905114233264
447,-0.0759215486585564,-0.011796549050600347,-0.19875077917797918,-0.11101523940469676,0.11638318683797398,0.21257062758742787,-0.47157731093110217,-0.1586881345424435,-0.02784232504203078,-0.007197130209172905,0.007961984667965619,-0.03823101024434301,0.18310864721227024,0.2812562929876916,0.12750086872331584,0.10408501140628608
448,0.04647010346868534,0.1476199256628928,0.028883999727172326,0.06387922712232262,0.18803834643494194,0.31100287834642715,0.10614072468554528,0.11335306873709698,-0.10092141349731609,-0.06358514150516402,-0.055038855164107774,-0.1005588849072818,0.09329601665462617,0.08119526180198504,-0.13584446480740223,-0.19207211956437173
449,-0.05871668414554993,0.02341653762989468,-0.06674617111756667,-0.031593001832482745,0.11085821522519754,0.12151309104598833,-0.16845791929591572,-0.13098622071698116,0.012345512824889958,0.08788530454993919,0.05157417052547502,0.031988737799423746,0.14275176438021273,0.198212020845078,0.005621851475477033,0.0019375514560640756
450,-0.10864190463565335,-0.07959219658711132,-0.10545536423528556,-0.1551156101237391,0.09117210306583,0.11947844984467239,-0.3620382447667235,-0.2641823433186045,0.00601506446096707,0.1030658563534889,0.00030654468237686374,0.08885508882560218,0.15369596543727657,0.19022228336088864,-0.08472348822247362,0.01941478100796834
451,-0.027001664490502456,0.05426977109789063,-0.07772943034206246,-0.05713928879937877,0.05171156501853641,0.1078386541888302,-0.23391872070889438,-0.17933999780918253,-0.15552790580986076,-0.06202045215505314,-0.034584153317359534,-0.013594703114813296,0.07774978047117308,0.11926358922446086,-0.11414800434771663,-0.05530978421382223
452,-0.069144040443725,-0.0068184783044108336,-0.12989698671245176,-0.1148694493784376,0.08686778452654591,0.08356362318627554,-0.374499876903386,-0.2572838057316496,-0.03765246148972636,0.012067175832628544,-0.10261577501416622,-0.11872607677474667,0.17111372797689708,0.16636735031173952,-0.11047935418175535,-0.15582683280391516
453,0.008303918949969286,0.0787152193066263,-0.0569960406253398,0.02552120313041402,0.16426506239643449,0.21731401249791912,-0.1917119305359684,-0.025616922894265353,0.028303761485185385,0.1304763255682637,-0.024942437132551686,0.01065524171924407,0.17165701516365633,0.23703294835341043,-0.07657263120422673,-0.006881455666643961
454,-0.12538561521117475,-0.0983867365844667,-0.1672043024165145,-0.17133357947695013,0.12196927144551238,0.15353489650899074,-0.35968067440967283,-0.19019463153779834,-0.041189901175209646,0.0027097091349851756,0.15959313764033126,0.052780619948600394,0.12233523978720512,0.1705816622109326,0.33889436662493544,0.15821195825025122
455,-0.09154510090180215,-0.012290044900414365,0.006223749256088656,0.026240547463117384,0.07695261340010838,0.12866887657403706,-0.042191283024592914,-0.06314515438902428,-0.0079897951245255,0.07150673603590808,-0.056085574001499425,-0.005116274510650281,0.12890329781583834,0.14702693081256768,-0.22055574441939513,-0.16036000069446943
456,-0.23420463739801178,-0.19308962075031094,-0.04829583278680362,-0.06461557030575352,0.02702622306835889,0.06005719869337217,-0.19117347207152313,-0.050147983368915204,-0.11344269330011347,-0.08995874892755497,-0.0281817695882543,-0.04838263625151485,0.07962563250921571,0.12438358619524559,-0.09508168011310231,-0.022870827142586408
457,-0.10941272108798678,-0.20624025669911092,0.12109604979595275,-0.19731775253688041,0.17537399254713623,0.21279393039550154,0.2919753006128196,0.13225981044224447,0.0726573258075386,0.13585451424568473,0.19557823470932975,0.22531284537495627,0.1474177126307952,0.2516016358461616,0.3441235453738624,0.2888360466684148
458,-0.1824487426841624,-0.179777295096959,-0.1379750625892249,-0.11716777925693568,0.05827461677314251,0.05388594389923471,-0.3314384764593679,-0.13316107558736212,-0.1281639107804356,-0.14739885745207668,-0.05478332229818599,-0.09311662786114462,0.09917665168982634,0.11713465714756058,-0.056322832239853224,-0.03596814265441228
459,-0.05133774111606521,0.03490839383784292,0.008338198581790919,0.06688535742157588,0.19997805647016204,0.3117231650748604,0.01036206043039551,0.1589060693491914,-0.0364012145483627,0.09063866688750238,0.0009739130693990947,0.10399081827158795,0.12076792506776414,0.2000979366400885,-0.13483231959329114,0.057232023855000445
460,-0.18634042707386958,-0.17680536040602396,-0.06883100543462778,-0.10830953843185007,0.06113451947950726,0.09958414536235917,-0.08551539728543114,-0.02051866296752125,-0.039246910268702355,-0.14505144424585417,-0.12577236542477133,-0.19992087112632959,0.14255826374307565,0.12153755968427289,-0.21909225859152584,-0.16279361736672646
461,-0.3849856013358005,-0.28511604972695137,-0.07071450088622133,-0.05169999516570147,-0.12442053767458608,-0.19922296164259948,-0.22256386880912876,-0.21488636043844353,-0.06709340400124786,0.017437354052164327,-0.07547444725056598,-0.022138499303196568,0.14322661448460797,0.31292850753908036,-0.19613296445619982,0.11021486060103185
462,-0.029277366494898906,0.12401875526580124,0.03533625734910602,0.00479815540828743,0.13369868268970375,0.12961553326205788,-0.008485452624089276,-0.22530587507922384,-0.00902678970621649,0.03166401902478698,0.07691646225270045,0.029540209668946396,0.14166062610591101,0.21407042202612328,0.04773045233704065,0.010674705496173886
463,-0.13973899362753184,-0.13765653401331382,0.028474516259330916,0.02613662188106761,0.08224437009361872,0.026012625907242903,-0.08214444712454104,-0.08372657229428986,-0.02610269793981344,-0.006038963364445116,-0.03285288862668006,-0.03335948912890443,0.16465348839353955,0.23281915612608106,-0.04106379842779079,-0.004244269422081892
464,-0.013600154642462834,-0.1271130053637093,-0.025812561163553537,-0.053759963901810884,0.13007080707958749,0.09320175245919465,-0.03934519391922032,-0.014293503808228988,-0.17517089755497248,-0.17397656031795503,-0.03704613006004191,-0.11119626974478082,0.05901716126172812,0.024009716996056273,0.002651849509066173,-0.08487518431816014
465,-0.10140254199603119,0.04457422347009787,-0.16399755993084814,-0.0685588837515329,0.06396258627339138,0.11795321415628367,-0.3757027185341627,-0.274441107590287,0.025306523825922224,0.1066928506162959,0.057613889254565356,0.099745586485234,0.16111535417339642,0.21682488169321198,0.10351458928540697,0.06592762168683657
466,-0.048280778953528274,-0.13791564218827507,-0.19969066846895958,-0.17708686036316568,0.06933291300304603,0.01874229661429655,-0.4841587611674767,-0.24638019636383401,-0.13286347774657647,-0.06643930363070844,-0.08886228618400324,-0.02920607129954501,0.07807419457161831,0.16197320013758312,-0.25232564548354275,-0.06762219212241649
467,-0.09750774926679491,-0.01371563545813455,0.08333984704312938,-1.7521409158752473e-05,0.07687861640734041,0.12107029184739444,0.04682091316289062,-0.0038155987513777876,-0.0258389349106244,-0.011489176371058774,-0.032694347554706515,-0.04198156246224054,0.14539225478152612,0.16165266133984338,0.004576239711696412,-0.0557189177395098
468,-0.053437657044829466,0.11054368053766588,0.028928476162202215,0.07432382589543343,0.15372114947673238,0.36179710124967784,0.1909700064962979,0.20513399288333956,0.11019176078925805,0.12085023012827883,0.14415060227918242,0.07134680258863602,0.25928262760272613,0.26639015700714574,0.16432172674556753,0.07806826548216513
469,-0.06182756351345588,-0.0018501641340290859,-0.01032432746970205,-0.059647446162991224,0.18466724833902395,0.28832084544427034,-0.02582554439212442,-0.017018755564250993,-0.1613568932005799,-0.10857130409480205,-0.08636454499764074,-0.053671001834402585,0.022209974974153317,0.02060977589041695,-0.2534142742963378,-0.14622489688026752
470,-0.14468849425261834,-0.054175729715299395,-0.16659669864474033,-0.07723613912974081,0.09951633764732168,0.11314949406926557,-0.3673251590936891,-0.20503553916414238,0.041449630409554655,0.10538264134599733,-0.015125020144192446,0.009506954984609265,0.14176969940070525,0.24354074718469015,-0.1589293681458187,0.023846439928824886
471,-0.11285413438528578,-0.13919394480294944,-0.2551489568492864,-0.25757710839577663,0.23248311361742055,0.07709941881286718,-0.5860082447185492,-0.4466878247465065,-0.14791647481108114,-0.13865758753618102,0.09692279406639327,-0.030183842140938662,0.03700755862903681,0.04713579141422797,0.09493055692846362,0.0052189136630514206
472,-0.06538202849545631,-0.01673607861389135,-0.05703287166736609,-0.07260102941787396,0.15116523663259085,0.17539522511722883,-0.16127675381990506,-0.1270064692449097,-0.030097510205702598,-0.022608227072456043,0.04515178329092657,-0.062116426648718234,0.1212229044349571,0.15498996581095753,-0.002996294922712634,-0.05764102614962496
473,-0.02313153985162521,0.07773724223030946,0.11714043749412349,0.0487282016077492,0.1503129295120987,0.2577107729353912,0.22215066484172621,0.09977358430450227,-0.16491544297255423,-0.07189002927891305,0.0019594629286294445,-0.033811775228846555,0.0043306487122638645,0.009248772637752655,-0.03058100023111161,-0.03617926520415745
474,0.043332060217888005,0.13428485936775647,-0.031797115208963375,-0.06048539249082947,0.22612338313057875,0.3641437955540943,-0.15227942134928227,-0.06140145713563635,-0.0891468204552894,-0.08949800939354487,-0.004447555047547772,-0.1270075184922727,0.1284080060324771,0.12370829853404952,-0.03525675317401515,-0.11921698521677093
476,-0.020736277489182425,0.0015001598875246495,-0.030012443275199068,-0.11966569270926239,0.17758369990523287,0.2628160052415285,-0.11808081643119875,-0.07936693490495657,-0.004502110076903605,0.06195402805718518,0.055191861053794,0.04734132144477703,0.16852468400041842,0.20596707106375217,0.054723482865044935,0.04906808195268775
475,-0.07757544072632078,-0.0618093284026783,-0.19844962980204106,-0.13575824982664672,0.09586123004454579,0.049201392226723505,-0.4414412495633998,-0.2960512228690175,0.0014962949917916586,0.003248586319571212,-0.029371765424181667,-0.07534683239867616,0.13263074695901994,0.1812614666852413,-0.044032328657638425,-0.030029832967594466
477,-0.07753270573368289,0.07277678762272084,0.07000662971817172,0.05072305047930923,0.12232492545632809,0.27047459227990867,0.049747283675767424,0.04987759320496584,-0.0817177011476034,-0.11768168053477898,-0.11917140655989114,-0.15904539105843027,0.1135058081789983,0.0873643921395447,-0.260790747326245,-0.20829548982142124
478,-0.04897765948501578,-0.03675869352980588,-0.2561947955073969,-0.14097390048911326,0.13682511862565055,0.07926700185638925,-0.552516441388513,-0.3445230070140191,-0.1153730007749087,-0.18178862742797677,-0.13937730883293611,-0.16432258265375224,0.1232295438541878,0.0261108956733892,-0.31492539555854243,-0.1645464767404967
479,0.0323098202749958,0.011503193757309231,-0.10420256858050128,-0.09018184417509192,0.2070189887580073,0.2426197340290619,-0.2635927202621198,-0.12340217365340689,-0.05544043952792083,-0.019911625930428247,0.03788631195094324,-0.0454876998615644,0.15711440094261578,0.2834563847299353,0.08069770657293283,0.08304397886506576
480,-0.1845403958597156,-0.15859723287960667,-0.02933500655697018,0.004500471094371289,-0.042165084219287906,-0.10557682496656885,-0.14500167969107783,-0.0236090341960411,-0.10746331254832309,0.05979276281226702,-0.058692055883517204,0.03136215997504735,0.01857901268855248,0.02868964211304641,-0.15913934878320454,-0.10489818374625508
481,-0.17006985004568112,-0.08073204134502367,-0.08595209971308236,-0.2056245416184788,0.181553156676994,0.32640394133829614,-0.11374977921107372,-0.10484248658130861,0.03324756219242853,0.03376251866496073,-0.06382729413399924,-0.04579366920808414,0.16755024657365797,0.1929839287145047,-0.19166417099434616,-0.1283788364340346
482,-0.2805152321395424,-0.2265110233355079,-0.06391826502027248,-0.04141005762493901,-0.11143560453582879,-0.1987118821064162,-0.2393158947749801,-0.17396546952927186,-0.07563513690458588,-0.0544288394529858,-0.030143055593462365,-0.08101945304172291,0.08936135863283803,0.08573450304554393,-0.1450059441361067,-0.1746637021920094
484,-0.0448993193899098,0.11591970634781858,0.039284378460917826,0.07070153830872898,0.1252640300973357,0.18660251285054877,-0.09505619541396075,-0.12330213754388353,0.05769878994381172,0.1792980407436269,-0.0035910301368894384,0.05622495515292635,0.1761651018227023,0.2458445342795689,-0.13242872336419997,-0.03473287310494807
483,-0.09027714975918677,-0.28391714032668913,-0.15244877076284363,-0.3941252325510031,0.14318511920668436,0.20355015890758152,-0.17823940510812605,-0.1308618973942656,-0.14139142118785503,-0.09819546838681564,-0.036301975020359915,-0.03317843887692232,0.038486814514773954,0.024763354744815502,-0.13226116021244663,-0.08761434451039234
485,-0.04535425206747141,-0.11129086344647886,0.09071416050244414,-0.13991290206452953,0.1224861721981109,0.11422872200074476,0.11431233534949217,-0.12153855932634712,-0.04922410506735837,0.008215497025258508,0.12155451285054211,0.06369435490696863,0.11690661598697881,0.176049910010512,0.30270765882921086,0.12064807048832231
486,-0.11957118939557862,-0.09330660390463147,-0.11785221538150671,-0.11336939645117977,0.062309870192282714,0.028992543193740544,-0.2529617982874035,-0.2562581513704226,-0.03509761743642203,0.011400235291880612,-0.014481504704866826,-0.023266603683169393,0.15376090347839927,0.1742573668957951,0.0013761517533291434,-0.039599678796339854
488,-0.14968826707922891,-0.17774169613961627,-0.12541881158526624,-0.28583273257927355,0.06633832674516445,0.019968180816662424,-0.29233329882098497,-0.4282462000257798,0.11582894350548814,0.10905959976510422,-0.06611310973660221,0.01434879747509098,0.26169137586903185,0.28384381269989456,-0.08464650368391104,-0.028567864415183775
487,-0.11716376527821609,-0.009920356637818506,0.0674826446563707,0.04597190165055134,0.132567936572235,0.3365207360925182,0.05003214381321123,0.20479134635132937,0.04432295039443105,0.056585318172841084,-0.10855933506611112,-0.035924924802390394,0.2007403766338915,0.23932320431339021,-0.24128411262026836,-0.10105165168076957
489,-0.08384932600075888,-0.07855360109840223,-0.12316202468391761,-0.00972743787833228,0.1083457967199023,0.15336616429582406,-0.2937495012268833,-0.08677908723446166,-0.05425325124925142,0.03858594814169905,0.04661568543555827,0.027790287002755612,0.09819713918798587,0.187932730858777,-0.003446627370158422,-0.01038088315130888
490,-0.15303477436024196,-0.05260385208837521,0.024756692671185524,-0.004892715834372684,0.051282850890317366,0.06488567119756466,0.027751192357411632,-0.11724839588549614,-0.024247701300466794,0.016425014067482816,0.11221984679167187,0.0075828648668272635,0.12139139658844571,0.18101552974414664,0.0674726737249619,-0.04153996881277814
491,-0.0592166515353687,-0.04639821099804341,-0.07249825310831418,-0.08318537073569748,0.1571292214821609,0.211245504885327,-0.1859091187360294,-0.11370444951812046,-0.06237638918551214,-0.004123986542519072,-0.07194692606110986,-0.06455992417170844,0.11783339819563508,0.10185551495922655,-0.18213654244356803,-0.1704295842499056
492,-0.16878729198453,-0.16198380197872964,-0.051458860376553416,-0.0920559835574385,-0.0012335640310887981,-0.042259710837763954,-0.19888295552326946,-0.13668818558746612,-0.08057324907421119,-0.09644801044298718,-0.1924510019850047,-0.1882743560012029,0.09198139885077164,0.08595422727448351,-0.4570106663982694,-0.31357469101550994
493,-0.13185949329514743,-0.19454434139133736,0.07075186940052382,-0.05698446283135243,0.03535866454807646,-0.00281894181381472,0.06892603889870597,0.017879494458590234,-0.14752309722560888,-0.10722984481616098,-0.09075673751538922,-0.09769283833665825,0.05230378424016824,0.06978592165587624,-0.41021946024108213,-0.18394992782828692
494,-0.08534387972068593,-0.14870070333843877,-0.07518590168710146,-0.18930051524655467,0.12211892280709857,0.03063813118731586,-0.19125206279559454,-0.23311469295407708,0.005817670009961792,0.059830819083479876,0.044016560662896755,0.06434359967706871,0.15034791775338308,0.23654026551729368,-0.002539585500163743,0.07354867581056564
495,-0.039371636445901435,0.02298803352509322,-0.0018123631982719644,0.02096564425709965,0.19356181759307833,0.31256201434009173,-0.026314452061071532,0.09899719729268493,-0.09893102397346239,-0.09388696294003061,-0.08225872556875467,-0.12959810507739156,0.0981704455015783,0.10897468306311738,-0.16071682654827918,-0.161550339625651
496,-0.1415004927635343,-0.12119823832674825,0.018737514746044116,-0.029871353090929222,0.1414629471187839,0.1930939177261891,-0.1208881042125854,0.09616162637672436,-0.054915798760547495,0.0021681463841549007,-0.030838341752159586,-0.036009182513382615,0.1047512288125259,0.12417233118625075,-0.06974140780708205,-0.05415079178503546
497,0.03740389607398765,0.06863519709368061,0.09490931064753672,-0.14104419540917193,0.12187564553031464,0.19845481014980001,0.4568100369818625,-0.24068759642733387,-0.11540330908758246,-0.014366616185650546,-0.010099973347406244,0.015390715802453936,0.07066921279424397,0.1473147701582722,-0.10482779620926679,0.001959793428771358
498,-0.038366240422788,0.1427254339950198,0.043435671160889144,0.1735169732700877,0.1591561699415337,0.3613423150422969,-0.004555376974633683,0.20197413734000347,-0.05445057836248237,-0.08925437247976628,0.022391892517208238,-0.031860609410648826,0.12937265376354395,0.14363135378740782,-0.007965102368058932,-0.012440578429546231
499,-0.14397859305745878,-0.047003529508774435,-0.09283625938371737,-0.055447767716821715,0.07382891634960638,0.07533844907268479,-0.17308314115550594,-0.17241173269717672,-0.06461657431257456,-0.0736390492939893,-0.06452728519557993,-0.11261009936410002,0.08583637370182304,0.029771831937411553,-0.16747107432597602,-0.21750433771935881
