rep,hx|edu|F,hz|edu|F,hx|edu|P,hz|edu|P,q3mean|edu,hx|web|F,hz|web|F,hx|web|P,hz|web|P,q3mean|web,mf_F|edu|est,mf_F|edu|pop,mf_F|edu|wcu|lo,mf_F|edu|wcu|hi,mf_F|edu|wcu|se,mf_F|edu|cr2cv|lo,mf_F|edu|cr2cv|hi,mf_F|edu|cr2cv|se,mf_P|edu|est,mf_P|edu|pop,mf_P|edu|wcu|lo,mf_P|edu|wcu|hi,mf_P|edu|wcu|se,mf_P|edu|cr2cv|lo,mf_P|edu|cr2cv|hi,mf_P|edu|cr2cv|se,mf_P6|edu|est,mf_P6|edu|pop,mf_P6|edu|wcu|lo,mf_P6|edu|wcu|hi,mf_P6|edu|wcu|se,mf_P6|edu|cr2cv|lo,mf_P6|edu|cr2cv|hi,mf_P6|edu|cr2cv|se,q3|edu|est,q3|edu|pop,q3|edu|wcu|lo,q3|edu|wcu|hi,q3|edu|wcu|se,q3|edu|cr2cv|lo,q3|edu|cr2cv|hi,q3|edu|cr2cv|se,mf_F|web|est,mf_F|web|pop,mf_F|web|wcu|lo,mf_F|web|wcu|hi,mf_F|web|wcu|se,mf_F|web|cr2cv|lo,mf_F|web|cr2cv|hi,mf_F|web|cr2cv|se,mf_P|web|est,mf_P|web|pop,mf_P|web|wcu|lo,mf_P|web|wcu|hi,mf_P|web|wcu|se,mf_P|web|cr2cv|lo,mf_P|web|cr2cv|hi,mf_P|web|cr2cv|se,mf_P6|web|est,mf_P6|web|pop,mf_P6|web|wcu|lo,mf_P6|web|wcu|hi,mf_P6|web|wcu|se,mf_P6|web|cr2cv|lo,mf_P6|web|cr2cv|hi,mf_P6|web|cr2cv|se,q3|web|est,q3|web|pop,q3|web|wcu|lo,q3|web|wcu|hi,q3|web|wcu|se,q3|web|cr2cv|lo,q3|web|cr2cv|hi,q3|web|cr2cv|se,diff_mf_F|est,diff_mf_F|pop,diff_mf_F|wcu|lo,diff_mf_F|wcu|hi,diff_mf_F|wcu|se,diff_mf_F|cr2cv|lo,diff_mf_F|cr2cv|hi,diff_mf_F|cr2cv|se,diff_mf_P|est,diff_mf_P|pop,diff_mf_P|wcu|lo,diff_mf_P|wcu|hi,diff_mf_P|wcu|se,diff_mf_P|cr2cv|lo,diff_mf_P|cr2cv|hi,diff_mf_P|cr2cv|se,diff_mf_P6|est,diff_mf_P6|pop,diff_mf_P6|wcu|lo,diff_mf_P6|wcu|hi,diff_mf_P6|wcu|se,diff_mf_P6|cr2cv|lo,diff_mf_P6|cr2cv|hi,diff_mf_P6|cr2cv|se
2,0.4,1.5,0.4,1.5,-0.015617533048094179,0.4,1.5,0.4,1.5,0.009846413242226881,0.6690106821742429,0.6663525869324213,0.6381961289726801,0.6941392743570911,0.017195864508017286,0.6137699244903417,0.7151061479585403,0.029486201534568764,0.7154923045329942,0.7151292258245374,0.6846482304180332,0.738702739680143,0.017658784319165063,0.665608627024141,0.7506844052736544,0.023291483071606667,0.7178149123171541,0.7162033011616081,0.6947659130883356,0.7389857898216458,0.014883607444203861,0.6852347262359069,0.7437815899826656,0.016841638983494268,-0.2009350800026373,-0.16294614721783685,-0.41979658770843686,0.024002827437378832,0.13646264420872783,-0.4711909112658973,-0.09561968202887491,0.11635529384809756,0.7214641691935296,0.7128095528370997,0.7095726257666152,0.7555402330594606,0.014707012121859745,0.6951062955348715,0.7735507040076661,0.02459438427899655,0.7604721795892118,0.7571828955586482,0.7458738552352666,0.7828927758453074,0.011317371180882762,0.7258417545021969,0.7965324928793729,0.019766587848634835,0.7566975934304392,0.7534216633398265,0.7505754723718615,0.7715153474224219,0.006694995956643174,0.7451122064957008,0.7778402135201402,0.009919896041446453,-0.06375358836936831,-0.01462724121723235,-0.10491665781556102,-0.005104268570894237,0.03155050857101103,-0.10616925034487856,-0.0008854613156688562,0.02853897203504839,-0.05245348701928676,-0.046456965904678404,-0.0891112938125159,-0.02502764466364818,0.02023282221787482,-0.10850120582644548,-0.023005873812951425,0.02761841662358236,-0.04497987505621759,-0.04205366973411073,-0.08675594154070658,-0.009150568949892704,0.02718055411876198,-0.09863540629991041,0.017375212219373493,0.03266108589010888,-0.03888268111328508,-0.03721836217821839,-0.07029190914482109,-0.012609259960636401,0.01832279321721855,-0.07673549175432563,-0.008794824255712319,0.02064018464293527
3,0.5,1.0,0.8,0.8,0.048706557691741904,0.8,1.5,1.5,1.5,0.0761481152302648,0.6577356604702471,0.6587614620278631,0.63979409305466,0.6744115549192068,0.010494798528674644,0.6318199278437545,0.6916163014573508,0.016387951855124355,0.7241348894447243,0.7268134971502163,0.6958289560985416,0.7503379853513494,0.016894615922979247,0.6827991543735569,0.7616541564792403,0.021862249407742312,0.7423130519052825,0.7411518563719608,0.7183407046940268,0.7705218718937769,0.016277056593778136,0.7029047255074385,0.7776301721894286,0.01823204004647043,-0.014743900825053934,-0.06819121253091837,-0.0773527225588048,0.06128987532983039,0.04108955865983887,-0.1316168834603485,0.07576986769968815,0.06343544220983816,0.6704542315580883,0.6628794819543208,0.6537658296740099,0.6918930905242966,0.011218967139637567,0.6351160403956672,0.6984021393314969,0.02065448856585515,0.7324691132885678,0.734109112029269,0.7216676540770808,0.7446019610812582,0.006330495540506427,0.7208491015243876,0.7742447939159111,0.01502531668564567,0.7452431188614304,0.7465537069343426,0.7376274930324336,0.7537466771178003,0.004511117591626645,0.7374322357417338,0.7713804439053674,0.009312145517505269,-0.044552169526259615,-0.11241809417632354,-0.11413706372688892,0.02628844839169784,0.03958560303407636,-0.1866174120189441,0.14098527632031133,0.08022382566437553,-0.012718571087841135,-0.004118019926457661,-0.03825574351358982,0.009837884171726787,0.01276719610825724,-0.054179445220137325,0.04363864040302056,0.02697878831551147,-0.008334223843843525,-0.007295614879052725,-0.03306988919434288,0.012733742689170668,0.01343261785966919,-0.0573430523535948,0.02668760860871877,0.022257783514517186,-0.0029300669561478365,-0.005401850562381849,-0.023137578326589334,0.020000425177322277,0.01383226421648472,-0.04123404256150077,0.030477935348927065,0.018075007731639236
0,0.4,1.5,0.4,1.5,-0.033362304891827246,0.6,1.5,1.5,1.5,0.1570861649769001,0.6663687022539284,0.6677215077276617,0.6380814291490906,0.6912091366175135,0.016725759114726776,0.6192347452366184,0.7135941594737418,0.027794264015417753,0.7064943464115456,0.7134178464979843,0.6745239595431961,0.7322297974473879,0.0194561717898961,0.6571412915460684,0.7469618077519243,0.027864161452660383,0.7326226169359431,0.7324832713921862,0.7066023790482007,0.7569094287962361,0.01531364068910398,0.694940836928709,0.7642476838508702,0.01992415655540253,-0.1323234950505729,-0.11448648870470716,-0.20890613892386556,-0.0731759169513966,0.04139431855500694,-0.25554997420713066,-0.015490767903749966,0.06917340515112107,0.6940359061206862,0.6940477822126263,0.6728364901097332,0.7152329346596766,0.012368223948498113,0.6646327071289891,0.7387187748739891,0.021743886949446713,0.7502376309361264,0.7510104073553034,0.7439008878076722,0.7566916958408311,0.0033932422159066345,0.7326691753482728,0.765614930181827,0.010044917883101506,0.7594671522338445,0.7607233349886424,0.7538387708829405,0.7658097702320116,0.003029363719756787,0.7479863951741885,0.7745132493125678,0.007180895609306487,-0.03805152786114391,-0.08878458540477135,-0.11332609886047917,0.025755818414925857,0.03558243195957475,-0.13263178013079663,0.03389747251787156,0.043471774426804735,-0.027667203866757806,-0.026326274484964607,-0.07475754816442398,0.01605776310166407,0.027639047963161287,-0.11191679099887081,0.04293191325136626,0.04425942229065958,-0.04374328452458076,-0.0375925608573191,-0.07908060449594072,-0.01214790456641282,0.020729196703611903,-0.11302159086258523,0.023501435799290954,0.033589316092334724,-0.02684453529790143,-0.028240063596456255,-0.05360441243942975,-0.003653723112080544,0.015775820285866365,-0.06977424300416213,0.010629709359988873,0.02222800070028176
1,0.6,1.5,1.25,1.5,-0.10267684018160905,0.4,1.5,0.4,1.5,-0.07229722858982296,0.6468947452446242,0.6469864476362013,0.616530895799288,0.6732955394849545,0.01604165855919345,0.6063745038981243,0.6928396340727125,0.024586619463669076,0.7082727087188057,0.7105661511869797,0.6969055342295916,0.7220083390110692,0.007421985096666059,0.6946500703300245,0.7362871748993259,0.011092821090562859,0.7239488583707502,0.7213543240261238,0.7102020250901399,0.7349297549458802,0.00700407546609603,0.7081433374868291,0.7419870077099622,0.010219191461150148,-0.00562746389709972,-0.020210506008547846,-0.05447103063246302,0.0714523708937857,0.03455590077304274,-0.11287182334298057,0.07345010993123496,0.046568742123768166,0.6994475552998485,0.705187131829616,0.6820199622735361,0.7288630421929305,0.013185825223245955,0.6753092072878246,0.7612340273154636,0.022987609930482752,0.7637663600592769,0.7688657086314712,0.7492995591960931,0.7881897662727976,0.0117875105173711,0.7385927914263647,0.8141947648214651,0.020816781141212055,0.7429301675698687,0.7458497881442262,0.7302684507046153,0.757240351039023,0.0070390278448928525,0.7251914008422334,0.7705220358219084,0.011837287544035652,-0.05748155706250936,-0.1612049358754774,-0.25511783642136976,0.4574583129147478,0.2133493198491656,-0.2639445635216103,0.35722690377959515,0.19395280852021934,-0.052552810055224275,-0.05820068419341473,-0.07879784923200273,-0.028722494290735104,0.014425461567857869,-0.1077069354123122,0.0007252372365557785,0.02664877591890952,-0.05549365134047124,-0.058299557444491446,-0.07280643545491633,-0.04161796371174689,0.00954412598727072,-0.10319828811208523,-0.028766573734318637,0.021003362087420534,-0.018981309199118557,-0.02449546411810244,-0.036430379644737346,-0.010111105284167476,0.007474874649688301,-0.047978262836781256,0.014696036338346423,0.014908697843694906
4,0.4,1.25,0.4,1.5,0.08680968823669896,0.5,1.5,1.5,1.5,0.12859081491290755,0.6516011678149157,0.6531275608284268,0.6122079081000652,0.6738381276097597,0.023615208013466865,0.5406961353767665,0.6788221527833934,0.04051268781245387,0.6994681129688414,0.7014576098015092,0.6845719571647713,0.721692339979141,0.011074721828691072,0.6779288615989628,0.7332845490949537,0.016239915427146825,0.725463447217592,0.7254713808185148,0.7202988468678603,0.7321994494453028,0.003247454724687491,0.7199714124112333,0.7389230486262275,0.012199044587846644,-0.022903362568061955,-0.11998071144768557,-0.11204905330318186,0.11600770633383663,0.06999932245927093,-0.1572782826873047,0.2197734117387753,0.1169514986102328,0.6684552085610157,0.6669379810005143,0.649325492463794,0.6875396837992686,0.011277987897484595,0.6438511555001413,0.6994820209636787,0.01644771056058593,0.7124284653247117,0.7124122852497511,0.6987462614954811,0.7258401082173191,0.008142160453262407,0.6900529116721389,0.7347870050588667,0.013043586213112798,0.7259092946541569,0.7269875704988664,0.7133439822652589,0.7376572059249343,0.007153470274614674,0.7085363224161385,0.7509034805209978,0.011419673306587391,0.11566892905965342,0.10488530561015379,0.07904195269763663,0.1477298686432298,0.01979347767303389,0.06502744695809447,0.26038536759713865,0.05138395590355749,-0.016854040746099974,-0.013810420172087445,-0.05163349233459055,0.00795776623100486,0.021726028816458985,-0.12413505219517065,0.012539165123055793,0.03737965469498775,-0.012960352355870342,-0.010954675448241913,-0.03874245123738482,0.019670670121816114,0.017824610230625742,-0.05127424796116335,0.036508504605906905,0.024598727927869345,-0.00044584743656483905,-0.0015161896803516095,-0.012532924418382519,0.016443533274260666,0.008862721112840238,-0.027532813769562018,0.022092605362326934,0.015048744818251344
6,0.4,1.5,1.0,1.5,-0.36981030210927107,0.4,1.5,0.4,1.5,-0.06062646903299527,0.7090914294755742,0.7155495804213324,0.6947168200712321,0.7586233422507125,0.01804298990572518,0.6832510679116178,0.7765887126636741,0.025452253531214247,0.7228995962230159,0.7170434790188178,0.7035631915801085,0.741508517501349,0.012686165798788708,0.6870211139946797,0.7461485193991619,0.019622511099669632,0.731946510551873,0.7292900563439416,0.7150892668107458,0.7486266084785425,0.0107273583237885,0.7051581019341215,0.7513551331967994,0.015030079067641389,-0.35581891113607755,-0.2687638259199802,-0.4738596478022905,-0.23306785788564888,0.07817080811890788,-0.5267177394106456,-0.19535463526035052,0.0890874945531717,0.6301823528785012,0.6363601642243062,0.6207202148861907,0.6423121022345873,0.006993417498786967,0.6143888874448731,0.6505506668914276,0.009215726671669559,0.6985439176269883,0.7011845034591345,0.6910210601099946,0.7207155848698578,0.008601613770321129,0.6890473826562632,0.7308888778992134,0.01228173834693914,0.7310787342804771,0.7320992271972531,0.7284398557315536,0.7348366331177384,0.0021880787567005546,0.7269676631605372,0.7407268312622345,0.0036781180816778895,-0.08257613089067663,-0.14946125463854912,-0.24591496411079405,0.2965877611684695,0.14041920211682382,-0.2237674163802419,0.13147695387113817,0.10277105618169924,0.07890907659707302,0.07918941619702624,0.07264961994761845,0.11879195760527811,0.014258482759659998,0.05328746269706089,0.13874595305893217,0.023092236166244774,0.024355678596027608,0.015858975559683297,-0.0030988685447444625,0.0389526148279236,0.012226623307764868,-0.0138098930984005,0.039513672128300634,0.015779874736651812,0.0008677762713958925,-0.002809170853311449,-0.0133482267565445,0.013638896556832791,0.008686879188030185,-0.02441354335207255,0.016699605957223838,0.012929433006077582
5,0.4,1.0,0.4,0.8,-0.009331777877654575,0.4,1.5,0.4,1.5,-0.0010676246132420946,0.6205698153894862,0.6370939440821305,0.5840033763211814,0.655998260884935,0.019239007214147417,0.5598128585489395,0.6605994628783546,0.02631398474603799,0.6633170269479722,0.6780973301219684,0.6205418117820517,0.7021458142681152,0.02204024970335171,0.5912459373917989,0.6960540385573364,0.02854963137367759,0.7016726885193975,0.7160048418957319,0.6790749067898691,0.7241564774745096,0.013631615345474201,0.6659257126191657,0.7201241235991264,0.01538471684876594,-0.1486660708695145,-0.21891666892849215,-0.294089048977084,0.18939738087391528,0.1311125620829588,-0.35052296346113765,0.21542545808187447,0.13598194921346526,0.721587172116759,0.7211039338289333,0.7160568999276192,0.7335042797215763,0.006038551496764606,0.7123075320528962,0.7442836236321501,0.010650492345896302,0.7753431696181571,0.7741247455311935,0.7704209114371581,0.783522387299023,0.0047599754529533194,0.7632281942272443,0.8011096796455418,0.010248610948104166,0.7456517948915601,0.74937515014106,0.7324991427117123,0.7650421130583211,0.009717154196382131,0.726240813318206,0.7787313487523565,0.01623081368953812,-0.08198277283833957,-0.02547402771779561,-0.19366109632860176,0.023154351914498578,0.06423268936064211,-0.17414415459831123,0.04731874519860668,0.06906890243609505,-0.10101735672727286,-0.08400998974680285,-0.14561846179166626,-0.060156293891191745,0.022592288960960435,-0.1809616447736549,-0.053994395319011484,0.03282445072029352,-0.11202614267018485,-0.0960274154092251,-0.16181260395187858,-0.06887784819140047,0.02495589855373342,-0.19905886882792695,-0.06641357154243432,0.03571480033943605,-0.043979106372162624,-0.03337030824532816,-0.07020072521420678,-0.01659185018281422,0.015222123929575046,-0.0932561329326774,-0.00967842139226141,0.023026144554293405
7,0.6,1.5,0.6,1.5,0.05482106830395712,0.6,1.5,1.5,1.5,-0.13893391104090339,0.6775183844529447,0.6991710679923073,0.6539662053478177,0.7189408086699549,0.019551028517659687,0.64088232291311,0.8273925043869579,0.05240225655589401,0.756052980693594,0.7705986787101549,0.7330685415753561,0.79307286633689,0.017104797049737927,0.7179522679835175,0.9003871779308652,0.04760093555489328,0.7340633793367843,0.7520143791641928,0.7139841451593008,0.7591713003491991,0.013910782014472736,0.7161294545919585,0.8478854092020515,0.035462979100689296,-0.07497065148222547,-0.11878789626566875,-0.18330787378506988,0.03661370337758077,0.06420916793657462,-0.19298773306161457,0.11074678020659302,0.09150546171297061,0.708359770651947,0.7095988679293237,0.6733299840004601,0.7412885023496822,0.021319837231888305,0.6491622579931915,0.7665456235161434,0.03458368787814655,0.7569448472947878,0.7545712899441991,0.7384439040261653,0.7736513303929005,0.010780706485477527,0.7086083735440903,0.7839274363267286,0.020724618035086868,0.7626612852764147,0.7612866071613484,0.7478828671256108,0.7767863660598819,0.009150793363857341,0.7395031164310646,0.7807527434282201,0.01339197784943986,-0.16370602667468592,-0.19192725737248215,-0.24462790934707718,-0.061608654032318105,0.05824166337700764,-0.31924543460292243,0.08535274117270744,0.12663600289994995,-0.03084138619900234,-0.010427799937016369,-0.07265399008649844,0.012461211644125558,0.02290956035146787,-0.08528259216798725,0.10561903851479804,0.04947315614372475,-0.0008918666011938914,0.016027388765955775,-0.027607156751602697,0.029768155099718325,0.017177100740302417,-0.014569901523270555,0.13728828474661897,0.04281620413912235,-0.028597905939630408,-0.009272227997155658,-0.05661077100777991,-0.004016321726537361,0.017641148884462218,-0.05342216741293692,0.07897680815340892,0.036803678246852954
8,0.5,1.5,1.5,1.5,-0.23804210579596438,0.4,0.8,0.4,0.8,0.022081443333382546,0.6823766083602895,0.6869093415432792,0.6710914688735772,0.6934252096299902,0.006552711731226005,0.6604985089814825,0.7244808062154352,0.01835170940254701,0.7460315789238994,0.7459670357324644,0.7395383292633662,0.7561489590769839,0.0050406515345348115,0.7297136694976407,0.7699819113282401,0.009444309846182872,0.7537966229241244,0.7538703297782242,0.7471934498702872,0.7643489579510627,0.00522071765208299,0.7369017328757966,0.7856240243433639,0.010858785102548304,-0.14961691968908322,-0.13197420544939217,-0.20695800818270682,-0.08951611958979194,0.03595342524051415,-0.21801640219282417,-0.0863912509955615,0.04065055750592328,0.6622057573986708,0.6898345258565053,0.642870055227048,0.6944529860269769,0.01453909873364634,0.6398310377560458,0.7107239810356282,0.021627819371444045,0.7377116188515335,0.7543817516843552,0.7250680193891452,0.7641955033620889,0.011204911665380068,0.7252298239938431,0.7811215646664449,0.016335725976404654,0.7483541335390418,0.7558740898224307,0.7363557653794719,0.7701834652416031,0.009814267950253674,0.7323264176011662,0.7799907464868501,0.013552351932892883,0.03677149320919681,0.016422044699617493,-0.04006353588982526,0.10566363390748532,0.04685877605810769,-0.032583391548488,0.17501938301350048,0.05634636247311333,0.020170850961618636,-0.0029251843132260813,-0.012985835853671274,0.038421607833598576,0.014160156778737363,-0.03671191915832528,0.06398677566957733,0.027905155042471323,0.008319960072365906,-0.008414715951890805,-0.012986506642966366,0.017952281765770746,0.009696178992777076,-0.03099134133625034,0.02584059199615669,0.018001304424790164,0.005442489385082627,-0.0020037600442064374,-0.013696807679669208,0.02451003216194627,0.011245821409851415,-0.024274935279794584,0.0443921258753594,0.019413466854678058
10,0.8,1.5,1.5,1.5,-0.12996598426286454,0.6,1.5,1.5,1.5,0.10584771106707609,0.6641603805635856,0.6488242493692047,0.6404232999930075,0.6860839906279963,0.014370728741624978,0.616762695777705,0.7041027733512604,0.0248066631820397,0.7130781977219566,0.7124863898424928,0.7035452237581445,0.7243425399860471,0.006400634599697604,0.6959929674678677,0.7306809081464917,0.009174985569568644,0.7256394498673031,0.7258891868473933,0.7180994157850632,0.734959830526591,0.005075389800565526,0.7162273992896918,0.7381191803395093,0.0062599034332096945,-0.27403262793666183,-0.4145305486512912,-0.4965823183915423,0.014507590860322106,0.1654039661767276,-0.5512710973909245,-0.0699921976447167,0.13128512451179045,0.6642383454822929,0.6604762333897918,0.6547013479070943,0.6742709142319587,0.006002934429625642,0.6329335388614581,0.6912696528915461,0.017370384993015072,0.7088393191994684,0.708890083989041,0.6995128139351399,0.7181742197181354,0.005666696854265881,0.6919922711265433,0.7395768186433173,0.013520298479430298,0.7224604258654309,0.7228888005130994,0.7140691069143964,0.7308538601128713,0.004842376633270584,0.7047703513280943,0.7458693520914501,0.010935775337068857,0.10465182797774292,0.07516436290265341,0.059066247933646565,0.18217484299281378,0.035100052193791885,0.038928105695612725,0.2911464771472507,0.07403680338893197,-7.796491870726285e-05,-0.011651984020587092,-0.03206477518087043,0.029409699787806873,0.018490438216314062,-0.05942832919477221,0.04688567493838643,0.028715392311746295,0.004238878522488165,0.003596305853451831,-0.01193074494624815,0.021332781060424976,0.010289120801001026,-0.02420360501106309,0.024585174708394386,0.015818676260547754,0.0031790240018721994,0.003000386334293892,-0.010499597157395964,0.01767948261848984,0.008689804229456746,-0.01896368088744438,0.019328043677189675,0.013440174358209498
9,0.6,1.5,1.0,1.5,0.007892140869915305,0.6,1.5,1.25,1.5,0.048840054241595945,0.6832174268786878,0.6782289029793976,0.6625419184071403,0.7163961615719032,0.01737894110333044,0.6461175431723661,0.7730632555996115,0.034372231089458506,0.7146941727848681,0.7153110518187392,0.6970799408164908,0.7412215404383327,0.014557029395685435,0.6729396418826292,0.7555162611831986,0.02374514875414604,0.7234208894522491,0.7270580665075943,0.7091380155135204,0.7447305371305202,0.01166374289016095,0.6999740482533587,0.759774617499216,0.017979194576959033,-0.08135036102231157,-0.18326365863482613,-0.1451380919745115,0.007908266123319088,0.04276115238186416,-0.19912102615687227,0.13486242067527016,0.08747878500371192,0.7073489119733877,0.6959070180926166,0.6859800670557429,0.7283423545251595,0.012901697906151305,0.6681990679660571,0.7437980994900083,0.021676655180980903,0.7379880428125765,0.7338321076949467,0.7090974874356478,0.7562379504987035,0.013768743290744666,0.7038372017794142,0.7626496128901811,0.016440760131819974,0.7407435125723973,0.7432921657061631,0.716174514121204,0.7613259215683623,0.012548142710286016,0.710316765672818,0.7778363997696724,0.018674473330130965,0.020415115741046652,-0.030202332263540063,-0.06315810453907544,0.0895679485518174,0.05309167799235116,-0.14482060986174045,0.20893446830966655,0.09549935026269353,-0.024131485094699867,-0.01767811511321893,-0.06198311650615941,0.02201670251441705,0.025019123167392986,-0.08593885419757945,0.06319003882570175,0.046251559704868876,-0.02329387002770833,-0.01852105587620745,-0.054787567956083194,0.022917053028534126,0.02509441250716248,-0.07133366373580735,0.030535176733746686,0.0292264940122189,-0.017322623120148206,-0.016234099198568774,-0.0506520138086667,0.02262748409177983,0.021176919742325807,-0.06287714401581376,0.03702877205197243,0.028565444691652807
11,0.5,1.5,0.6,1.5,-0.09784042290306448,0.4,1.5,1.5,1.5,-0.029866097125921143,0.7422891933788041,0.7377188547911758,0.7319185489425526,0.7533578374696058,0.007082234419754533,0.7215966011773581,0.764244287980978,0.012395996471699902,0.787588151417866,0.7828109298793224,0.7759856918755874,0.7982635535886631,0.006681933196067129,0.7617956912839021,0.8253071719485132,0.016390892661007957,0.7607778868697437,0.7630449454853016,0.7490881021112399,0.7741222688069841,0.008038548306437566,0.7463125786883823,0.7859501130473474,0.01102445433595578,-0.07189298211901374,-0.15223536553174113,-0.18362174681125792,0.028370660015812926,0.05950007589546519,-0.23547462177118633,0.07720915722140045,0.09352723439594252,0.6527544213283595,0.6626552622621631,0.6096220193745843,0.6992320328152796,0.026282528659647825,0.5935128835258633,0.7216898771565312,0.03584698422144717,0.7334667172794742,0.7356757307678082,0.7223810997142085,0.7443328096365469,0.006465550985506817,0.7206044285097707,0.7602406344493237,0.012380214724001647,0.7467553637235607,0.7481464679077754,0.7362639000944025,0.7567072847514651,0.006135589046542666,0.7363828518951756,0.7687896033573722,0.012786889426039645,-0.13863658129246778,-0.08062188959864497,-0.21571437008974856,-0.03766748961247926,0.05142527227777049,-0.2567604878022005,-0.03220975622305233,0.06212263236419866,0.08953477205044458,0.07506359252901273,0.04816564195991466,0.13025366986778394,0.023955241349840322,0.024232603917496792,0.14551568628423772,0.03626369078313495,0.054121434138391766,0.0471351991115142,0.043697240785538875,0.06752898684319393,0.007114982907965741,0.018053945581218506,0.09081881756793234,0.01876166088535579,0.014022523146183019,0.014898477577526159,-0.005871427997999001,0.034013552573877906,0.012009465937551811,-0.012978991973390037,0.044910241759494915,0.01798342166481429
12,0.6,1.5,1.5,1.5,-0.025338876613165806,1.25,1.5,1.5,1.5,0.001313029177313644,0.7135023862567003,0.7073373728550298,0.7024415968805588,0.7270367195354895,0.006399729459251794,0.6900395267502769,0.7528872755135209,0.018352623341840697,0.7619018701785782,0.7605432296722788,0.748631289881921,0.7765499195572105,0.008412831440925974,0.740838079541332,0.7821102793052422,0.011863985762975362,0.7694369358882097,0.7689723479250592,0.7577263412100524,0.782918803883532,0.007189491245503128,0.7502266659042527,0.787184711985072,0.010790647954419915,-0.06066229476982271,-0.09743462940156668,-0.09722113781946735,-0.004291638829853658,0.024224525987728777,-0.1437295802553572,0.005270808177191236,0.03944565045801129,0.6704102255964974,0.6640053502508486,0.6556413965808274,0.6844471839476597,0.008167239471425291,0.6255102539221568,0.7006005260860723,0.019061126212661598,0.7532691263330357,0.7530596282013351,0.7420705636687351,0.7675055648507446,0.0073386040214438565,0.7253601900431681,0.8077665453183718,0.02269326238279208,0.7645973748857802,0.7639994368424385,0.7555482235305773,0.7751148166960231,0.005695017841931937,0.7537685940755288,0.7879937991711812,0.011448784938591238,-0.0613803474152936,-0.08061226400341133,-0.09049923088027524,-0.02532412635006582,0.02096293846512615,-0.16680205971214765,0.02097750742494541,0.05865985481312434,0.04309216066020283,0.04333202260418123,0.028498872747252803,0.056208037408553735,0.007998488619714493,0.01978488847887233,0.09945850199100012,0.02172664358417923,0.008632743845542579,0.007483601470943735,-0.0009271024284782867,0.01593645588614847,0.0051366955493471695,-0.03776346562892444,0.04228109052844195,0.022591966111937777,0.004839561002429549,0.004972911082620657,-0.006773499576034073,0.014011006851772544,0.00587813740859617,-0.013209409917326265,0.015871760847624913,0.008120466117188833
14,0.4,1.5,0.8,1.5,0.10839503523870982,0.5,1.5,0.6,1.5,-0.27019656813484805,0.6760623148382885,0.7012636110160022,0.6235501987159533,0.714418932385854,0.025397938827036545,0.6100612709685455,0.7229960684286082,0.033036326889260954,0.7535558705296119,0.7436089954364035,0.7266321450851824,0.7871662121081128,0.018201821666047797,0.6976079022294828,0.8274531075853283,0.0379316184190696,0.74703711029797,0.7423291711252065,0.7279883973307086,0.7706485824933845,0.012019786660070458,0.7070489804225676,0.8040636647934793,0.02523167073097833,0.007857761421607741,-0.06390999881256268,-0.06389273789704852,0.07307696510054187,0.03743266880014521,-0.09647886986261878,0.10337933166221694,0.05114627470621022,0.7129421668755527,0.7112971104672685,0.699525649832973,0.7260079839239656,0.007519652835009057,0.6905008126677668,0.7343560345361696,0.013149122437999192,0.7642783851273023,0.7645493735148581,0.7502602045447152,0.7752017862697098,0.00756818491041299,0.7521070230866193,0.7851243042758038,0.010056447717651025,0.7592113459270422,0.7580939924371923,0.7513894425830162,0.76503976709544,0.003697128893231325,0.743521481257823,0.7684854443274602,0.005994415909412123,-0.37350151570788076,-0.5073480902859522,-0.7003987795320754,-0.38404487359080397,0.08643072383955798,-0.7653945108648981,-0.2995765914745328,0.11416917776574356,-0.03687985203726418,-0.010033499451266303,-0.07935724402318822,-0.006041070068149516,0.02455127573810385,-0.10979363142346171,0.016236781850474363,0.03593218171348541,-0.010722514597690358,-0.020940378078454613,-0.03745769671178757,0.021558183329308298,0.0184370359709007,-0.07253791296171748,0.05511842240936152,0.036143037073773664,-0.012174235629072161,-0.015764821311985866,-0.032976431992434024,0.013918290587374017,0.013495126747077023,-0.0579450159218354,0.039266039739434655,0.024920532355239826
13,0.4,1.5,1.5,1.25,0.03687274745230027,0.4,1.5,0.4,1.5,-0.008838564936589835,0.6759887751744309,0.6785626555953146,0.6664700913057707,0.683640672780825,0.005691956933339267,0.6567715704611565,0.7005230999231299,0.012606222975575176,0.7211214060001432,0.7239884843854639,0.7127513103595569,0.7305854403798592,0.005390040941850784,0.7039528827496818,0.7343753170189671,0.008581448084996968,0.734677128856676,0.7373141527143698,0.727496663829543,0.7428205659940383,0.004469231545300367,0.7230193203828816,0.7452754338697326,0.0065540989037544675,-0.07980874747456358,-0.11204412284780178,-0.12646315361469107,0.048181106649892266,0.060180424555574576,-0.17585922522052888,0.23321201661547603,0.13224946578260832,0.6875841387142576,0.700496755559693,0.6718021556596763,0.709862500613496,0.011475467908345622,0.6698388453917383,0.7236082984682525,0.015792860401537934,0.742174420193114,0.7540314016448065,0.7251442478122604,0.766300081695092,0.011864348589759613,0.7226682260508114,0.777184248974848,0.016142072074023673,0.7295362399158878,0.7400938423429,0.7119625955617908,0.7492322014677215,0.009738414596722967,0.6978590185768644,0.7656479698997335,0.01840144991711111,-0.0278776079021688,0.02816348152744043,-0.19180112472044408,0.22407023801063236,0.12561312898344393,-0.2387669060825487,0.23605312856943272,0.1374454823680719,-0.011595363539826709,-0.02193409996437845,-0.043086102795174594,0.008901746063612603,0.014981870053842081,-0.06518636431038222,0.021618924385224628,0.02318964259812993,-0.021053014192970787,-0.030042917259342605,-0.04529689796541163,0.0011408070227085787,0.01373613704146535,-0.07095866557476516,0.008843789444678292,0.02034217435744855,0.005140888940788235,-0.0027796896285301465,-0.018575635475737238,0.030618595351749572,0.012830167701071656,-0.035220989647862556,0.044808081877057024,0.02207576751601228
15,0.5,1.5,1.0,1.5,0.07542885725986297,0.4,1.5,0.5,1.5,-0.22061484566343645,0.6982393149166889,0.7055335152701808,0.6773504605929549,0.7312496558981328,0.014876724557280776,0.6707798861006342,0.774164195359679,0.02887021449102663,0.7319647542196286,0.7301235945579496,0.710677547141049,0.7515316095213889,0.011156928614392275,0.6933404747929872,0.7651684494775098,0.022297887296300854,0.7382943346380101,0.7394589006144261,0.722122606449464,0.7533546004399847,0.008918604991705078,0.7094232302454304,0.7650251529573825,0.015404398272457454,-0.036222532754828264,-0.09681746157825616,-0.10676112256667017,0.03219657259534602,0.04097688996856562,-0.13939889566707722,0.07608398601439412,0.06412610896794081,0.7057024565196457,0.7108659756517282,0.6948645538953917,0.7235560617429954,0.009816663673577626,0.6947426289932889,0.7378984195599053,0.013634204476060972,0.7588013425447379,0.7586185043256248,0.7439225530403417,0.7801090470896471,0.012404728753934356,0.7375765201632558,0.7857918416456598,0.013975180542337012,0.7548421913587934,0.757610532118794,0.7445958032225019,0.7680023057117704,0.006852528195488359,0.7435616749652438,0.7733413202849277,0.009099006639455764,-0.10278305928805487,-0.11554387979389798,-0.2530916296118907,0.0581886713070463,0.0850121717542567,-0.2841184147918176,0.044846140473330576,0.09161521235654499,-0.007463141602956802,-0.005332460381547333,-0.030468991077681987,0.014246924447407782,0.013735856171974512,-0.04115591037266599,0.05070436028656461,0.0250276383380686,-0.026836588325109267,-0.028494909767675214,-0.054337245151715265,-0.0038053683446292105,0.015594276603047963,-0.06829692887779841,0.0013335573930311762,0.02059869164595654,-0.016547856720783294,-0.018151631504367938,-0.03438239639339187,-0.0004957553418140775,0.00998841003007861,-0.04624687578816111,0.007754028569247534,0.01578630143125262
16,0.4,1.5,1.5,1.5,-0.1239478640646106,0.4,1.5,0.4,1.5,-0.21590455475091813,0.7020849099441921,0.701225407294142,0.686700482908107,0.7240028009896736,0.009413925108166098,0.6856101665250606,0.7446952480093597,0.015981045802578888,0.7299347671851635,0.728484095124903,0.7197756581110625,0.7425061099944682,0.006551037237390987,0.7088315097461727,0.7539753558236745,0.0116464912419978,0.743169332677311,0.7422884752402383,0.7342898152607686,0.7544682666548019,0.006036001616428671,0.7270486675778726,0.7638056688199986,0.010598608588288367,-0.07228154924983177,-0.14786206830300197,-0.16106431421741504,0.054383299490090964,0.0803579572549171,-0.16485336684708018,0.08009094606663969,0.07879416357964657,0.6960764198888643,0.684311784387985,0.6792577468020153,0.7077758738939369,0.008014697128008145,0.6712146159809892,0.7320376608443182,0.015286968857276881,0.7494019688698684,0.7416409166964003,0.7353321828932389,0.7628754414948397,0.0071132574903796176,0.7273263851125656,0.7826303196484052,0.013848240982193024,0.7455464970551864,0.7438228300456149,0.7311477139248364,0.7557723871898095,0.0066143262555912385,0.727051996771317,0.7664264915588074,0.010043241931467458,-0.04613048736785723,-0.1105516343903379,-0.1399531323853984,0.05234425314725766,0.05960678909506371,-0.11815861795668338,0.021720091754023813,0.0420204240247153,0.006008490055327886,0.016913622906156944,-0.013487037459044733,0.03515554577004984,0.013783168929893307,-0.019936501215618782,0.053614232740868954,0.021277031265795283,-0.01946720168470495,-0.013156821571497335,-0.0383406816172355,-0.006898031728020237,0.008777834754338259,-0.04713537268756546,0.008105168222511325,0.01570881692399307,-0.002377164377875385,-0.0015343548053765588,-0.015611061793708789,0.01306333535085484,0.00812492411840455,-0.023313894022525112,0.01587927736010297,0.010102950194416815
18,0.4,1.5,0.8,1.5,-0.11093155060282033,0.4,1.0,1.5,1.5,-0.0041091207886420735,0.7764919355707008,0.7720738980265388,0.7619638873393246,0.7911257721243128,0.00805487756120441,0.7597741934293094,0.8083616230616828,0.014045555796012098,0.7891921426601686,0.7780718746176151,0.7736242439115129,0.805655892143215,0.008689324093719251,0.7480054092461511,0.8140868749840043,0.017838115337216263,0.7769509759552387,0.7691123287936626,0.7648603946270157,0.7896621143586849,0.006619882207177084,0.7579342151332892,0.7956781653918753,0.011470779204580268,-0.22589322541574908,-0.21975451029000834,-0.394939280222813,-0.1489793793919146,0.06842126919479928,-0.38612935676379073,-0.12930705602559575,0.07300843735551936,0.6649582803264037,0.6874522274028828,0.6404311240846798,0.6923276983667201,0.017354452667873915,0.6257459317685041,0.7135510262557214,0.026026854388766098,0.7384728972897238,0.7393820300104853,0.7220910535820106,0.752317724639467,0.009188641034224756,0.6998761818909297,0.7590995085492329,0.01843687962530873,0.7483445875498762,0.7506371396930052,0.7345254793353666,0.7603737646496682,0.007866912917814465,0.7259145221362576,0.7683206515755893,0.01505585056633797,-0.11256474095395111,-0.16904661472677365,-0.15528495115619137,-0.05397383701980529,0.030220898246184957,-0.18878077307714236,-0.029334410439951497,0.05191257692296853,0.11153365524429715,0.084621670623656,0.0730719993700105,0.14931905511945182,0.024729160305683208,0.053963118434406154,0.1653442212977146,0.036028138806280294,0.05071924537044481,0.038689844607129764,0.02238892674191746,0.07638602931133637,0.01415729337530046,0.004127970765932909,0.08109200745045834,0.022365625280703114,0.02860638840536245,0.018475189100657485,0.005793996901752099,0.05037368996067079,0.011782221573421755,-0.010100318484979602,0.057383043237822486,0.01904960854201414
17,0.8,1.0,1.5,1.5,-0.053100022014724024,0.4,1.5,0.4,1.5,-0.04045254561494992,0.6367082439737513,0.6313212937862096,0.6235197833465673,0.6508858549734479,0.007911718247945211,0.6112405923776753,0.6599209117227844,0.014373848663560304,0.703669082038629,0.7055763213362556,0.6890475188987182,0.715862926662326,0.007866693452477933,0.6851686862441202,0.7233598818942658,0.010733447900483152,0.7182356667542797,0.7202422153326058,0.705576206774687,0.7314354588837844,0.0073520859975005045,0.7012435763657618,0.7405306158998409,0.011081212013029838,-0.028701804985413658,-0.07533617189521011,-0.09572760330647578,0.06703705947605973,0.04215818596965447,-0.1668980719327439,0.08873386618296081,0.07265512996260193,0.6327478838162611,0.6375808796377674,0.6138994623894888,0.6587091503014423,0.011722498407785685,0.6008391346887614,0.6797661552307158,0.020662718203737784,0.682350266256209,0.6865951434807857,0.6587926966385134,0.7085079227342405,0.01335798377603967,0.6390425264573106,0.7305824280238656,0.023805459330671172,0.7066127569968433,0.7093402964460443,0.6910912048041921,0.727563879027029,0.010588670214653763,0.6823133061425984,0.7483885795956363,0.017938231395446938,-0.09846748928852454,-0.04526545121343798,-0.15969723159337967,-0.004966903706611944,0.04303421974794181,-0.17773476948764844,0.018658512315646122,0.05747538948553059,0.003960360157490128,-0.006259585851557836,-0.021762636420458094,0.03327813368732399,0.015169867937406337,-0.05431850804896798,0.057105724149957404,0.029101725943906153,0.02131881578242001,0.018981177855469933,-0.0011352746451135376,0.044579305000116726,0.013692356036061924,-0.02707765993186699,0.07075624644903647,0.02698577515728431,0.011622909757436406,0.010901918886561446,-0.009361455251228008,0.029674827169647377,0.01125022315926728,-0.022159078830391102,0.042381011517258746,0.019697044059524885
19,0.4,1.5,0.4,1.5,-0.37712266705920733,0.4,1.5,1.0,1.5,0.09491451123524017,0.6188775740018228,0.6344894875405136,0.5991783384916675,0.646691913044506,0.012851366817700272,0.5962177128754373,0.6608324860334919,0.0180937280451722,0.6671166485933622,0.6865817091764312,0.6464835422355918,0.6961544624360672,0.013705161050305347,0.6282752909192855,0.7108014210189512,0.026398652490640075,0.6772522543610527,0.6993038933970157,0.6576789871607224,0.7054161052063848,0.013690890188400038,0.6389136795848125,0.7205107094579373,0.026444389150164806,-0.27726948717928485,-0.8652354751005782,-0.8743714301256105,-0.5020514100696527,0.15074798168716572,-0.8695137719359916,-0.44579302081709576,0.1385313354223117,0.6745001282006631,0.6868681262732508,0.6435058164956766,0.7111618564998028,0.01923800990249997,0.6310797833528015,0.7575079694674809,0.0319953866485712,0.7195124037847963,0.7157456595724977,0.6903853454326541,0.7467997934084282,0.018071296586105623,0.6430071147971534,0.7796131119301227,0.039543381447723326,0.7275887292158719,0.7264011389654258,0.7099518940812743,0.7485350927366563,0.011831230250456883,0.702993886359418,0.7744602552137497,0.021350867380666237,0.04001710213698761,-0.013557016862555208,-0.014576847203931279,0.12904397051474117,0.03926167712117164,-0.06200813226384904,0.15749669017641765,0.06113897922416257,-0.055622554198840324,-0.05237863873273718,-0.09911643860560354,-0.014277321368505541,0.023492900194856732,-0.13434644738748144,0.0010160061677141896,0.03688944263325375,-0.052395755191434135,-0.02916395039606645,-0.08601935746719065,-0.013824036493735758,0.02470835974720719,-0.14078341242965847,0.03225435907681386,0.051364389121308814,-0.05033647485481918,-0.02709724556841009,-0.07753768566244817,-0.022628691764202194,0.018467836240490088,-0.11998707817576958,-0.009582615327967337,0.035749846907463786
20,0.4,1.5,0.4,1.5,-0.1628079016101341,0.5,1.5,0.8,1.5,-0.03000480974509094,0.7458877347595706,0.7400447690172631,0.7327397903338682,0.7600778471447209,0.00772606906354938,0.7217245622316675,0.7854762801664703,0.0179198018669223,0.7870146264140326,0.784153591333038,0.7716769854667702,0.8020011147975297,0.007807308210498872,0.7613106229275333,0.8133696561555163,0.01450222092788564,0.7662598768932154,0.7766220125153961,0.7550393169110298,0.7830385460418656,0.0077314685144766,0.7596974624614803,0.7910184859947155,0.008605280265291176,-0.04701945361067034,-0.0863026041700351,-0.12258114369446554,0.019923065354843693,0.038640111782394085,-0.16422387352025392,0.06517801546165192,0.0615832554646373,0.7110297355076645,0.7081422074601287,0.6903371541045193,0.7314094384824219,0.013088167228025343,0.6741394433482925,0.7461456733555438,0.02086682332834172,0.7691998504165763,0.764643725542293,0.7567404382607703,0.7829708842740469,0.0077919242205701095,0.743509593076792,0.7955240057678464,0.017117650090093937,0.7684339782353244,0.7624982546368415,0.7564065582595649,0.7815453415782078,0.008560227134366485,0.7473924504000347,0.7899613635720476,0.012879175279775373,-0.10110138550345549,-0.15454405877335012,-0.22893532723318952,0.2700299736592954,0.1336365892579151,-0.38427514534489016,0.12013930368750284,0.13814953127801252,0.034857999251906135,0.031902561557134446,0.007152998377898227,0.06232153769343626,0.017057137454701006,-0.00789889172460101,0.09140943576762191,0.028496788622651422,0.01781477599745629,0.019509865790744985,-0.0019454128664407391,0.03970977230792125,0.012255962678409057,-0.010439446101525134,0.0625631039616078,0.021168501159810536,-0.002174101342109047,0.014123757878554577,-0.015850342018864295,0.017196088654443907,0.00866527776043547,-0.009801222205469123,0.033215745832447394,0.012880130322345501
21,0.4,1.5,1.0,1.5,0.029059657449376025,0.6,1.5,1.0,1.25,-0.05376373816934544,0.6633159037017087,0.678034481306864,0.6260156212039265,0.6926932657609752,0.020572889249832773,0.608624209459968,0.7031130305105031,0.028822638805876013,0.7217392151872121,0.7187653335739278,0.7044486511761666,0.7343142408937126,0.008494650084725162,0.6598062455518207,0.7461553234305248,0.023641705730914946,0.7300311533052387,0.7292995821991913,0.7189050222650459,0.7418672022146795,0.006523069922337852,0.7008017530711008,0.7486417638731468,0.013041245082247677,-0.09126156717069728,-0.1934837155042912,-0.16682683602936932,0.0959892806834435,0.08521011382842818,-0.2238719065254821,0.2767501131367856,0.127886505100814,0.6521446378898764,0.6428347151129834,0.635371857443611,0.670460785499846,0.013375745204193048,0.6104324792640784,0.677774960220777,0.021240292903154795,0.7029984618243766,0.7042514633734372,0.6886621337637316,0.7170778782018543,0.009107095380749936,0.6858102062048868,0.7312395771201226,0.013554262648424287,0.7221232498226012,0.7240093947315064,0.7087705417658916,0.7346093929436934,0.008130229509151982,0.7062070737050494,0.744653136065345,0.011802007312832891,-0.11662937923948052,-0.1524365219080395,-0.1436695064226602,-0.06950351573554389,0.019836729782293838,-0.20288085354042196,-0.046403766100829524,0.043955967470520746,0.011171265811832254,0.035199766193880544,-0.038409269058102505,0.05615898131741103,0.02611130316084975,-0.06573945238853614,0.0722450490698859,0.03964161216181066,0.018740753362835427,0.014513870200490553,-0.0029992080711508315,0.038290950208138955,0.012554096687970017,-0.037165088560288745,0.05266906254148624,0.026502840331857555,0.00790790348263748,0.005290187467684948,-0.009580095554449851,0.026394795283018954,0.010720468555049746,-0.02183734584698655,0.0320178796455869,0.01622254269962776
23,0.4,1.25,1.5,1.0,0.06179542995416766,0.4,1.0,0.6,1.25,0.1987994286577425,0.7000916894198137,0.7026364451649652,0.6899136955876221,0.7115543501178745,0.006179868662263231,0.6840773861699723,0.7382819875284374,0.013354350912936042,0.7227124768076665,0.7270397359778512,0.708434034947457,0.7355634306161493,0.007673573849276208,0.703469145778951,0.7426657035123677,0.012691350112936282,0.7334594475382449,0.7382419746313256,0.7229365073270696,0.7448572877754648,0.006564434600602057,0.7131910316957705,0.7534356032979299,0.009608402797022138,0.02366312650963304,-0.05000639058416756,-0.06405447728245166,0.19457676190170003,0.06852654204167295,-0.09685315658482502,0.26734255331174167,0.10803436396682486,0.6168594172530959,0.6368739934493208,0.5739111860562828,0.6732941780986995,0.02940299967361087,0.5572315812077873,0.6950979901280698,0.03664852795352839,0.7002593963683466,0.7114714466036879,0.6613207787201374,0.7400085640803511,0.023158687356783947,0.6273609636351422,0.7846140448226663,0.04056681972638848,0.7117997073297865,0.7205602950175887,0.6729933647305482,0.7469315660139878,0.021243143974501513,0.6594384817919561,0.7674754558905745,0.028474189092190204,0.11183149896132559,0.053153777200226904,0.058451202818749756,0.28295289070577545,0.06498623720286349,0.061992428712314626,0.31040729807917283,0.07765787877703258,0.0832322721667178,0.06576245171564432,0.0339114359834744,0.12930446914726745,0.028669595363952114,0.017137169797467905,0.16569418827865073,0.03732617035046221,0.022453080439319928,0.015568289374163324,-0.01599894810461997,0.06295673083612652,0.023699446494934648,-0.062112296280112944,0.08619453401455328,0.03988564038652227,0.0216597402084584,0.0176816796137369,-0.011268299829082125,0.06717007418523788,0.023802788318348613,-0.044288660692926765,0.0708001941127397,0.031111332215403426
22,0.4,1.5,0.4,1.5,-0.19315345505158515,0.5,0.8,0.6,0.6,0.042965200497369044,0.765695996438445,0.7621585829272696,0.7578979545492853,0.7882879057878788,0.007937372848423354,0.7553507142886072,0.8299443727967911,0.019412873876399415,0.8095861709435092,0.8063073029277394,0.801755361644113,0.8308827499029593,0.007855531697597161,0.8039638903749872,0.8619304219309225,0.016834736893724757,0.7543935077323893,0.7664193842099186,0.7331994529992104,0.7768695151358778,0.014524464475488004,0.7300034648318946,0.7986705340856147,0.023244752909341485,-0.19229110557379467,-0.18059390401078074,-0.27584645430178334,-0.1345568202173817,0.04340038749373305,-0.28927672045763886,-0.07052816423771649,0.0570966035120984,0.6868699666416548,0.6889115421299958,0.677940305276763,0.696119219943473,0.005440516180969782,0.6689241142036674,0.7066102487376308,0.010498829984010125,0.7559658276545047,0.7551476901783427,0.7412518983080126,0.7719661711224335,0.00864031298694021,0.7283157133987448,0.7791052099562404,0.013193200760366525,0.723833890803121,0.7269487662717264,0.7199120587851722,0.7293857597991836,0.002939245145100836,0.7104754818598221,0.7340738907516429,0.006962319129747808,-0.053591761327413875,0.0037743438063270753,-0.15222507798223772,0.13361923425014333,0.08368914759147929,-0.16206766899706337,0.04271651416544782,0.05787628440932483,0.07882602979679021,0.07324704079727373,0.07152834433271714,0.10134056493093402,0.008527745898011538,0.06874381578882059,0.14032559104371395,0.020154162628245167,0.053620343289004446,0.05115961274939673,0.05047249687823431,0.07321247012738893,0.0057763566845275335,0.05192207403822487,0.11176325321976659,0.016155446589596275,0.03055961692926834,0.039470617938192176,0.009558849781622934,0.05172603695059055,0.015300219220520226,0.004747682472173956,0.07564642739866445,0.021530528360902444
25,0.6,1.5,0.8,1.5,-0.15182123236181944,0.4,1.5,0.4,1.5,0.10581424475704218,0.7066483101664507,0.7016433724980894,0.6743866676700327,0.7385427852647972,0.019874239688561515,0.6626876849611409,0.7530226474493477,0.02728427061209042,0.7456915787624961,0.7441034659681771,0.7197203180122232,0.7659516471790907,0.013367157337128273,0.6790373744851642,0.7753460481504935,0.028346889552550724,0.7466590814674698,0.7489459409811559,0.7303289769070788,0.7611236352198866,0.008768766667667236,0.7153017263273963,0.7680428846984915,0.015980567772871403,-0.021709885446408644,-0.05715008442632828,-0.09935090277606877,0.053369292621317996,0.0495606359520568,-0.09812779331820551,0.10688468271089333,0.060655891538451245,0.6355239570900195,0.6345458730135086,0.600514721505534,0.6734716481775935,0.02147307302169648,0.5810696806177884,0.6935055328475963,0.03258243685740188,0.7024648755795726,0.713682623285122,0.6709514904717917,0.7536889756541805,0.025423567459473294,0.6551080497122955,0.7739880634359291,0.03742276845604208,0.6919844083999408,0.7019966160251382,0.6690942225117266,0.7162486689126771,0.013441645912896937,0.6606355935490591,0.7352279883187139,0.022352539541396814,0.07464016696271401,0.06644510431355878,0.002858112550978731,0.18527769785908277,0.054919840045034855,-0.021052973198477598,0.19101200108152114,0.06455270560562276,0.07112435307643117,0.06709749948458077,0.0463084405354397,0.10296107598377038,0.01784924246676764,0.03651860684730056,0.12926952218225102,0.027949196878719638,0.04322670318292354,0.030420842683055116,-0.0011762246454586345,0.08555195337403898,0.026625311750171674,-0.029581406309263675,0.1058425069956659,0.04202136668547652,0.054674673067529045,0.04694932495601767,0.031275407189396004,0.08080991160922246,0.014047612393106142,0.018609133769869862,0.09623411069564636,0.022936317662478858
24,0.4,1.5,1.5,1.5,0.21827427979180922,0.4,1.5,0.4,1.25,0.19844238707521036,0.6611332744571212,0.6671601229625105,0.6567070657253641,0.678894483188078,0.007214719929999091,0.6643005335452677,0.70630144437862,0.012316919612723989,0.7100353696128254,0.7130036711432337,0.698307174525895,0.718717221537323,0.006416317402858014,0.671728138380644,0.7396265672776217,0.018426032427599905,0.7256329635394644,0.728584924185028,0.7187431010427732,0.7341054720545193,0.004308433631544179,0.7134597789197655,0.7577059296452774,0.010480828394469413,0.03341625155544206,-0.061555300900434366,-0.07073755732797876,0.17713255012446316,0.07700695909391364,-0.15460783401779826,0.1648838926429799,0.08944327355223823,0.6254915646635661,0.6342114843096777,0.601944747388133,0.6443239053483951,0.012981244621068732,0.5832437742546933,0.6584519871919512,0.023585814790225892,0.6730707617135309,0.6852903289268548,0.6488844608382889,0.6945823008621687,0.013875027768711553,0.6275268041535867,0.7071794429523681,0.026438202634825242,0.7132258705771692,0.7207170670234225,0.6951550892310769,0.7379112285065748,0.014299862927175378,0.6888006422778896,0.7729640533005789,0.026593554266369356,0.1593803853427201,0.09282272777246042,0.07764977727193079,0.27624453906543656,0.062435836019092285,0.08110859512019855,0.3666981561561041,0.06877885232759505,0.035641709793555076,0.03294863865283282,0.014276958220409385,0.0747045670378859,0.01755474334167696,0.003717065349692822,0.10733117337376583,0.02711542995485418,0.036964607899294566,0.02771334221637889,0.016161722314023803,0.05478982989485755,0.011139269361768272,-0.03080230865113319,0.09651874194050722,0.0318414707524877,0.012407092962295141,0.00786785716160543,-0.015578054542680235,0.03157295467121297,0.013657101477514689,-0.04983895190339828,0.041268844623299716,0.02664873261892599
26,0.6,1.5,0.5,1.5,-0.046166580904761306,0.6,1.5,1.5,1.5,0.15843173616792558,0.702633497046909,0.6937685129838004,0.6885704808629475,0.7226384937553235,0.01105047313569952,0.6704324100800935,0.7309369910609647,0.017534034390178595,0.7609123413034633,0.7572001735592304,0.746289218322337,0.7826706165021974,0.012225231899530316,0.7421397311767004,0.7932564948346219,0.014035840406983779,0.7528048011857178,0.7517113710327898,0.7417981553885039,0.7674819479276136,0.008025250952546118,0.7423018057310876,0.7748480863924739,0.008920186977565922,-0.020066797623632344,-0.060079815316366074,-0.10193375356064194,0.12589422524875002,0.07140315097676074,-0.15451051268946192,0.31927995519930774,0.14402730293485502,0.7007845778174676,0.6930311644057435,0.6823511983295448,0.7211786977293191,0.010974321060822696,0.6645948360757878,0.7558903706243733,0.026929006486303086,0.7384140078899876,0.7380783945232972,0.7284637200086628,0.7522249450773634,0.006611291064891998,0.7030824334531404,0.7744318991413589,0.018323999424989707,0.7504386102948366,0.7506726031902029,0.7403781703368816,0.7631644855209248,0.006615443586666944,0.7283305484335624,0.7776330130990109,0.013389661998145896,0.038556418394846685,-0.0019442093312947344,-0.004342797611235301,0.08569424141365714,0.02586446887600648,-0.04791728718372123,0.14007833394041883,0.05217858269565706,0.0018489192294414147,0.0007373485780568512,-0.026967332316472647,0.035686593105843475,0.02055539486425345,-0.06770131033143759,0.04686737042556298,0.030503429379476657,0.022498333413475735,0.019121779035933262,-0.0027587415441024388,0.04606216765933113,0.013852575370907205,-0.015122968091178003,0.07749786479490733,0.023595343475376417,0.0023661908908811924,0.0010387678425869407,-0.014702846964253096,0.02130837103422554,0.009574696097986888,-0.028575609608082614,0.03773059239733738,0.01541029251841765
27,0.8,1.5,1.5,1.5,-0.038869896407262856,0.8,1.5,1.25,1.5,-0.08302056736655627,0.6954662480664019,0.6770737366359024,0.6688859444791099,0.7213931550347648,0.017385411033400827,0.6322022619204278,0.7381317978624128,0.0301567333730382,0.7434502949864298,0.7402236108198512,0.7277663989214019,0.7567731124987227,0.00883292368326725,0.7024053144833229,0.773602297133246,0.01931906494203911,0.751673281574454,0.7496269686058211,0.7387010025605294,0.763738252747303,0.007486253156525751,0.7332660644922008,0.7687467746876601,0.011084934972161892,-0.08641746529202968,-0.10002742658586046,-0.12700751434246352,-0.0453516051270129,0.02421262582300077,-0.1589051518926486,-0.022111412409201323,0.045958987259720176,0.6322163835222935,0.6346930981994237,0.5967723626993356,0.6597666231961433,0.016833253570663564,0.5587283990625712,0.7129281461313285,0.041800993315622814,0.7062152540562598,0.7078798641917318,0.6889699090594363,0.726163700201062,0.010834180072564368,0.6396489725821226,0.735820357357389,0.02492157760293723,0.7251848602165556,0.7263915509452847,0.711561955089684,0.7409548274250045,0.00877915518073646,0.6866341055252414,0.749384367613131,0.02130025209149672,-0.0833066983818122,-0.05596949854171152,-0.10849109004424423,-0.019758653977266977,0.025641575934206663,-0.16827827594726374,0.03571821709825096,0.06224843518510691,0.06324986454410841,0.04238063843647877,0.01085557737077994,0.10173050444114114,0.029856962135775503,-0.055535726752272224,0.16459833001198432,0.05933292344420958,0.03723504093016994,0.03234374662811945,0.001805784627053747,0.06774187212376165,0.01944613314320024,-0.015820261166518537,0.09983812137963508,0.0325510651574399,0.026488421357898417,0.023235417660536384,-0.002759062204143667,0.05192890755924113,0.01600469231268276,-0.013333873282690575,0.06453538945118346,0.02586130913674148
28,0.6,1.5,1.5,1.5,0.026792997697529207,0.6,1.5,0.8,1.5,-0.004003785206941565,0.6779213445684463,0.6681684157072691,0.6530353449077071,0.7031644591488715,0.016250763449518292,0.6440958189217304,0.7273126083671696,0.025403219150430895,0.7154987430777886,0.7172175285797356,0.7006278658593598,0.7321449403938343,0.009159318518445153,0.6936733486069355,0.7551599359765515,0.018520056441478076,0.7259517683402094,0.7284699917284486,0.7120254370420239,0.7411789616100435,0.008256783650395345,0.705014244432902,0.7687636009496684,0.018069930710859813,-0.009386595827478455,-0.04840198268440098,-0.08141944047066334,0.08989462612142744,0.05454365173012489,-0.1144505126128232,0.08833568713061847,0.06260437907818199,0.7333402652695749,0.7299200031866206,0.7175976582252647,0.7482229259813596,0.010215346694766161,0.7137372492243101,0.7717181381573888,0.01997314906459538,0.7725340000202082,0.7679742666774315,0.7538403299656287,0.7908856713976524,0.011925035760581829,0.7439639443355509,0.7978759432928704,0.018065713650013433,0.7590514371105479,0.7594118541614827,0.7420237305872344,0.7748937955514594,0.009603729232806658,0.7424872225216608,0.780700518012273,0.011521386023092805,-0.025393188998918872,-0.0669425865082986,-0.07885891532568498,0.02435487893738718,0.027533766703882613,-0.12222822682285187,0.06252600380275136,0.05112282968918461,-0.05541892070112853,-0.0617515874793515,-0.0740688265314995,-0.03728043244143109,0.01058143192111698,-0.09216720380491791,-0.012375734272694242,0.02125006051623523,-0.05703525694241962,-0.050756738097695875,-0.07124676356844356,-0.043595761613628256,0.007349704623377773,-0.07840365711103536,-0.020097709279920384,0.017395304939866005,-0.03309966877033854,-0.030941862433034095,-0.0482550772832508,-0.02061616815103475,0.008108083895816905,-0.0549764954778396,0.00968743777188076,0.01787298769511057
29,0.5,1.5,0.6,1.5,0.0025155425259214613,0.5,1.5,0.4,1.5,0.1158576741931567,0.6483702264057224,0.639205563962426,0.626417225857894,0.6711436619770834,0.013532106336774248,0.616218820252165,0.6870196737495228,0.021629937993323616,0.6971320815996099,0.6913841297690735,0.6805314341059644,0.7150922051598012,0.010534718102303194,0.6778443593074768,0.7231088203680829,0.012081037160160563,0.7213700530051255,0.7138145355468845,0.7079902033177311,0.7387255327963657,0.009342814846814143,0.6990532818959682,0.740131711240259,0.010862884656841282,-0.025425824675417957,-0.06026129424957414,-0.09848545535295396,0.05944769605231773,0.044079428326438665,-0.13486180171228257,0.0840672029497517,0.06790886534219642,0.6831496753802988,0.6830527394803145,0.668842793435061,0.6965656016144695,0.007909130146163738,0.6582555760020048,0.7159062643443563,0.014761578116934716,0.7390275391285646,0.7401606091003028,0.7226167931414386,0.7542692472122312,0.008847707931390432,0.7153420540043769,0.774465048055857,0.014293969164501945,0.7350192666503658,0.734642822068058,0.716194816865005,0.7505535265290725,0.009938527623736931,0.711639640448931,0.7622830491618902,0.014453324989257865,0.04874707208666304,0.019082368053574095,0.006828312029395295,0.10801577533032176,0.03154099522718276,-0.01379976718372776,0.14673180960050553,0.05038682169722617,-0.03477944897457641,-0.043847175517888526,-0.06147951474347745,-0.011139687041150786,0.014290556615674462,-0.07937767354566504,0.009505429334918339,0.025849789781071282,-0.04189545752895463,-0.048776479331229305,-0.06793877586960123,-0.020319351047077855,0.01245988005337762,-0.08072473961504531,-0.012586459483459489,0.018232204478974508,-0.013649213645240299,-0.020828286521173522,-0.03233715817880022,0.0029484762271356074,0.010043307306815881,-0.03662592837009461,0.024030626353691527,0.016184036308161707
30,0.5,1.5,1.25,1.5,-0.28733676100459116,1.0,1.5,1.5,1.5,-0.13287010620872192,0.6983874049465505,0.7037519655143242,0.6890063653320746,0.7063015020133835,0.005351327376217891,0.6747346321607984,0.7374106253281185,0.01591647750793362,0.7446979392754551,0.7420056981012098,0.7361659533378645,0.7534325899935798,0.004598624902190281,0.7220637692099149,0.763596061090968,0.012753594240473131,0.7528921300747762,0.7520802571715947,0.7450527050170636,0.7625362917211269,0.004555278118311266,0.7357997888943576,0.7687572019599679,0.011348473951225197,-0.285868518263147,-0.332584960946415,-0.461338791282607,-0.11594250673965184,0.1018452181889861,-0.5196983375808847,-0.14700227462360937,0.10745403097216102,0.6448529707231787,0.6398938075656881,0.6350974512814147,0.6563026251208269,0.005929919404531312,0.5649633750156009,0.6658471362189223,0.024034391338915558,0.7232451800492924,0.7239395176213497,0.7108694950066361,0.7384391722829897,0.008599188222428892,0.6751451881003355,0.7540809176225005,0.020718336944427443,0.7389372726444654,0.7376142110599629,0.7264287993437144,0.7545373316624916,0.008210926316368182,0.7211486533763198,0.7643350961691029,0.01188676305895466,-0.17399167446833763,-0.168710303201903,-0.2009830086892816,0.159581352611819,0.09787656114708769,-0.288936070335696,0.12404389263548043,0.12603520615087077,0.053534434223371785,0.06385815794863603,0.03475791108044604,0.06609128316533708,0.008957701138996608,0.02393994550008678,0.12347413109189356,0.024505342131025978,0.021452759226162743,0.018066180479860083,0.0030279328128794344,0.03517703773659964,0.010641043898923853,-0.02292848323025571,0.06468644736114186,0.026324448603928536,0.013954857430310774,0.014466046111631714,-0.004907567733388511,0.02657589701284342,0.010092396028252978,-0.02732516365783942,0.04418884219946512,0.018357830524226845
31,0.6,1.5,0.8,1.5,0.1288601831415716,0.4,1.5,1.25,1.5,-0.07089721987018442,0.6831706191085163,0.6850378518319945,0.6500504232469376,0.729820698996488,0.023668628328881103,0.6098388421628864,0.786462649639314,0.04671058195263764,0.723683444668042,0.7252184630588584,0.6918023232723974,0.7538614102135921,0.0156593501845223,0.6380908185351445,0.7973955661349028,0.045368657431317176,0.7258450507230457,0.7312135600923969,0.705524520802105,0.7484451507746813,0.011129918014328104,0.6708121411227413,0.7805950170249693,0.028478047532409925,-0.08791827020692466,-0.11397195973550014,-0.16402285256705393,0.014873026849695242,0.0500509516198529,-0.21725747834827458,0.09283066517334412,0.09250247462839511,0.6898897700693344,0.7009742941193318,0.6647523991515599,0.7136837179699516,0.01318311595312035,0.6738045676283309,0.7319434703330475,0.016444214085428215,0.7392571990082833,0.7375331935564159,0.7235175225027174,0.7549921569210908,0.008554872270901,0.700411080184114,0.7666102870828516,0.017580277555392345,0.7492121306095457,0.749562835046313,0.7367094537311625,0.7613664479024925,0.0068855937552342395,0.7307246000824293,0.7691203823911271,0.01059801843304599,-0.04607305944947807,-0.07819627851776478,-0.10085969888313831,-0.0019336206286039923,0.031852944250941914,-0.17639921412466483,0.03577575848804206,0.060119156645110215,-0.006719150960818099,-0.01593644228733726,-0.05663140643027606,0.03466962176289804,0.02614003916712632,-0.09816797083336859,0.08401191725279272,0.04800524073270667,-0.01557375434024133,-0.012314730497557491,-0.04681292527571887,0.0247439949371386,0.017803331433067265,-0.12806937601004006,0.0682061884030243,0.04934290887857882,-0.023367079886499997,-0.01834927495391614,-0.04664325145958276,0.009546196867486978,0.014497693463076857,-0.09385852812103615,0.04767565594296133,0.03294300587803833
32,0.6,1.5,0.6,1.5,0.17607140831998722,0.5,1.5,0.8,1.25,-0.008999125331433041,0.7759107711893386,0.7673291302601339,0.7411666435108413,0.8863498714737078,0.04241271333477213,0.7557090983787516,0.9637551366002801,0.06141861709733575,0.8293802556109249,0.8237822923571554,0.7920233446724778,0.8980071232240293,0.03418154948653514,0.7947034355266283,0.9919501874782946,0.06047824643705216,0.7888136545248651,0.7890799832434063,0.7660831150604175,0.8302824907250117,0.019549280015247424,0.7676028153000787,0.8810621291839238,0.03227754350461329,0.01358891365999266,-0.1147614670261807,-0.10825085880871525,0.1020845733314207,0.05953672127377535,-0.13294869618638322,0.15920072323848963,0.09145935826182484,0.7013976933234729,0.6943578179118063,0.6941700750104215,0.7090577781716091,0.004278178837046928,0.6857722256820036,0.7333243137683976,0.011054632224498111,0.7491108212258646,0.7407244690465311,0.7403307351668201,0.7579029996263386,0.004496682380570723,0.7357225752270778,0.7659722943949826,0.009621851517302587,0.7552964108699352,0.7489877751865579,0.7474307063762521,0.7617426032934824,0.003991105818974706,0.7373872742317922,0.769322176338585,0.009585607771062241,-0.022468098487576988,-0.05702633211503246,-0.06426117238020716,0.01824149129831751,0.021296599560189776,-0.09458891780776241,0.01813123342835792,0.02859522180521316,0.0745130778658657,0.07297131234832765,0.043136886046927655,0.18322491175435385,0.04206265801201148,0.06328975704837927,0.25525119488306514,0.060500904161200214,0.08026943438506029,0.08305782331062428,0.04376783058909464,0.15357047940251678,0.03374145018656965,0.03699401048242876,0.24419877851785932,0.06109962987132309,0.03351724365492992,0.04009220805684843,0.011394045520671407,0.07261604087184592,0.01868854632822207,0.009616604522628538,0.13886717318326341,0.03356275279012719
33,0.4,1.5,1.5,1.5,-0.05403071859147269,0.4,1.5,1.0,1.5,-0.13836578281736014,0.6651379435260218,0.6621644447463674,0.6558236115476065,0.6745585738030017,0.005718614897988077,0.6528236163841651,0.6916602061722092,0.011326407829192968,0.7141927868591487,0.712710697994337,0.7017079238673951,0.7290833263893115,0.007738079648540667,0.6876845345794665,0.7366558908683711,0.013788523757972272,0.7304016999718475,0.7285324205085693,0.7185431481855334,0.7447787678802378,0.007254603673615306,0.7070920971526061,0.7514734783917185,0.012209288967185492,-0.09286097538706753,-0.1481047742120487,-0.17937476940699615,0.1457711699601915,0.10077573100652452,-0.27973673677890787,0.1974052148750984,0.14088739974235207,0.6267066161598809,0.6333609970670008,0.5813871427481075,0.6842178552631836,0.0337434688097907,0.5670797559230231,0.7142005332298366,0.04693359878889049,0.7226118706528437,0.7300768341282465,0.6948061518054768,0.7453493213116016,0.015493004151173249,0.6916597512029572,0.8218703220513844,0.04358995235272631,0.74249163621482,0.7458978544708831,0.7257521880749884,0.7569977645811878,0.009027862562813646,0.7316441658688552,0.8122324171318186,0.027267077783907582,-0.04616954445479645,0.008645140046423633,-0.10889094377350961,0.028451382170312588,0.044975984105155374,-0.1481273474586537,0.06907305659506208,0.06815997031050927,0.038431327366140966,0.0288034476793666,-0.01582385704420146,0.08276722797956809,0.031575632027594995,-0.0437067173892733,0.09693437122086469,0.04459750375542945,-0.008419083793695048,-0.017366136133909582,-0.03816896946757724,0.02191622500085568,0.019981015840006597,-0.1161947839819358,0.030449700087752003,0.04914493723739163,-0.012089936242972499,-0.017365433962313825,-0.0361160893902793,0.01117271472623873,0.014121544845518204,-0.08883965244760314,0.018931668580818226,0.03333924104273433
34,0.4,1.5,0.4,1.5,-0.08667116463595198,0.4,1.5,0.4,1.5,-0.07639832996864053,0.7011336166890767,0.6989288038736412,0.6928094558349877,0.7099598457693543,0.004580384666490035,0.6910590255659997,0.7454330064107844,0.015101051092668814,0.7544215023537838,0.7512868601746772,0.7445415643441464,0.764593119442807,0.00569058477829319,0.7423859087615561,0.7926926820072672,0.01505134342351844,0.7368080482142562,0.7328312591993094,0.7293992425731165,0.745201188652213,0.0047771387908043155,0.7283411793675181,0.7517190563353451,0.006185593382549701,-0.08694104618885552,-0.09599656716616879,-0.1426614181416221,0.00029553750931504696,0.04551307858677441,-0.15827301236788005,0.0503702751843285,0.06356670374113424,0.6992382806761697,0.7076668791608279,0.6902001421134791,0.7142393284439218,0.008119263502092657,0.683995327979073,0.733058478205256,0.014954577533694967,0.7596275505047709,0.7643017840534294,0.7470354512940373,0.779582146116559,0.009631148080708772,0.7374170486174569,0.8078758943626875,0.019863870489070404,0.7428323255392997,0.739826164629127,0.734419743351057,0.7571821098518251,0.007633498778945937,0.7291634912149101,0.7661648707788989,0.010561052727037638,-0.15690319657931143,-0.82615376775768,-0.8061308580323776,-0.47843954489130225,0.09333924903755617,-0.851934585587438,-0.3346445740387485,0.1496511331049455,0.001895336012907034,-0.00873807528718673,-0.01942301106345447,0.015274298855935231,0.011281835992593853,-0.03184705502269333,0.04336766748210357,0.020887003006093703,-0.00520604815098713,-0.01301492387875225,-0.03090280590094051,0.008325492485477246,0.011944138039265133,-0.05430959537923713,0.029632082662237352,0.023180148720175497,-0.006024277325043514,-0.006994905429817622,-0.015700021464183388,0.0004919473040469365,0.004697823727922664,-0.022652520892949737,0.0074684178562102604,0.008652523070473168
35,0.6,1.5,1.5,1.5,-0.011123424844268622,0.4,1.5,0.6,1.5,-0.2704571370738696,0.6925649821887627,0.6863182545798274,0.6485085136231206,0.7257749444945452,0.021359064422983666,0.6103788859100857,0.7391694016351078,0.036926358830144605,0.7278957416891402,0.725492971779493,0.712960664392661,0.7403333676653767,0.00774210242019816,0.7058471889051059,0.7430231965432024,0.01726721536327157,0.7417445166681997,0.7366921277162346,0.7269744122824328,0.7503855710204667,0.006438575309909245,0.7195555626579092,0.752299183318581,0.012692434865795854,-0.07250621439400899,-0.12220950957724475,-0.155154911934641,0.011962774840094462,0.050772524567145996,-0.21503442186256455,0.07754740549993329,0.08389760468037871,0.7288738935204009,0.7380545398956124,0.7075249186099156,0.7502245696371408,0.012338024905481616,0.6950766840770114,0.7682442211856821,0.01969899731275843,0.7873195003434336,0.787717244446008,0.7649443878535495,0.8072100616815853,0.01238678179672764,0.7559706265475319,0.8174358917377053,0.0186843948164659,0.7723923536343272,0.7730025623400059,0.7615166649120011,0.7837612076757661,0.006684614766140886,0.7535625985347905,0.7876558438817866,0.010784433165651518,-0.10511986674132284,-0.14203025983070505,-0.22073313021838753,0.040546424246936275,0.08579214232331413,-0.23053174545808683,0.05771350634973749,0.08983069323420316,-0.03630891133163816,-0.051736285315785,-0.06710281570818069,-0.01751629130751274,0.013884214075837358,-0.09659002921163787,-0.006340594565687682,0.0253527534539068,-0.05942375865429339,-0.06222427266651498,-0.07105886765997556,-0.04620112397790406,0.0075215792989049065,-0.0837270246554071,-0.03702873218298501,0.015528816805635125,-0.030647836966127495,-0.03631043462377126,-0.04408508498301646,-0.022837609514587243,0.006160082413943085,-0.05597883870870582,-0.012453094709809959,0.012332456811687353
37,0.4,1.0,0.5,1.0,-0.21059324628285941,0.4,1.5,1.5,1.5,0.02478389280437822,0.7498184086415499,0.7452904221207434,0.7032876104367735,0.8013530395594394,0.030014095626725766,0.6650249272920279,0.8540487645411383,0.048193995252515054,0.7920702708769243,0.7911089240019296,0.7376813430877427,0.8447879101851618,0.030886235710042852,0.7362081739887638,0.8488473701331511,0.03313772368482668,0.769304633426596,0.7776538277657133,0.734268748003654,0.8046697524584481,0.023200468792529478,0.7316609296210989,0.82446023580897,0.02748947202750953,-0.0880342895799489,-0.07866985055188726,-0.1710543813454504,-0.006854342814464842,0.047592917987646984,-0.22035691913056343,0.06967152547095458,0.0796112945711711,0.6560554319916216,0.6644772556238097,0.6239197546980187,0.7000582913699808,0.022917824042932643,0.6058240623346345,0.7220238189659195,0.030973889311822798,0.7138244663003371,0.7158039993394107,0.7000601052399971,0.7342942698991249,0.009259918830631627,0.6625057951126319,0.776808138737326,0.02692524471228161,0.7234019177895163,0.7246573044342475,0.7132739535240392,0.7333422536591789,0.00607001818364126,0.6917261572197162,0.7528844338031944,0.016993720900625547,-0.11477320649230324,-0.19913139822926101,-0.2474850061039087,0.07803785091116269,0.10310029476467393,-0.4021309387115417,0.19364945582603474,0.16719453086208175,0.09376297664992828,0.08081316649693371,0.023322112498811637,0.15807964050855003,0.041290044283534236,-0.0018854660607209583,0.24230125210182954,0.05978576574319561,0.07824580457658714,0.07530492466251881,0.021852563810630055,0.1355561979159181,0.033931388699587874,-0.009788286810070657,0.1551430510359465,0.044268707108158487,0.045902715637079705,0.05299652333146587,0.007496876034109409,0.08448794602868426,0.0251094077220666,-0.003456948956502587,0.10711834461759542,0.03208210884235376
36,0.6,1.5,1.0,1.5,-0.15083304141109882,0.4,1.5,0.4,1.5,-0.10853324309114215,0.721037376110669,0.7106079990866707,0.7024884431128566,0.7429707740799762,0.012692078357940091,0.6967614450541094,0.7711103643868548,0.02047163264335799,0.7545635343703045,0.7429685742348489,0.740293489503325,0.7673513264289924,0.009012842717803988,0.7103994209703267,0.7763006110389399,0.02033126470751277,0.7540857086407166,0.7469242171646759,0.7476272643894637,0.761603270530382,0.0039928419754488315,0.7339478690695962,0.7632925038584831,0.009411455904871744,-0.12007399273073881,-0.1488809338522445,-0.1990168231467086,-0.00834992013153911,0.06557551205616968,-0.27138833155948844,0.1822925923711966,0.16040177999156707,0.687202094162191,0.6987066116666295,0.6733774886957387,0.7160139108343367,0.013246556584257314,0.6680997430000449,0.7793457625907644,0.02973516761227606,0.7478091231853548,0.7516377427312597,0.7243635923970857,0.7791921535827426,0.01706751927790022,0.7115062731576594,0.8537985067030777,0.0367736800871422,0.7421889000464739,0.7400296705084227,0.7205344196545681,0.773868831309345,0.015600574959868246,0.7101556286986849,0.8014783333816569,0.02541798203607038,-0.05252853036049565,-0.07641551400205185,-0.12991903849169195,0.04531695753391782,0.05428127531418366,-0.18533818284434253,0.13308349984784293,0.11142658612194188,0.03383528194847796,0.01190138742004121,0.01157065202494615,0.052318425786920586,0.01087873190507191,-0.049720228471946126,0.06640661600562539,0.029131818522446146,0.006754411184949793,-0.008669168496410862,-0.019124189177339507,0.023571377388638192,0.01256601664153053,-0.08652999292412808,0.030352441013414277,0.028730506513622116,0.011896808594242692,0.00689454665625322,-0.019052615462292574,0.031012527335740225,0.01435752132758656,-0.041273850027594955,0.03626768250737207,0.02340052376803611
38,0.4,1.5,0.4,1.5,-0.05026661273401252,0.4,1.5,0.4,1.5,0.01937353804113072,0.6889520153438802,0.6768943132961164,0.6714463329517613,0.7117677926240599,0.011033554400666406,0.6667583472152224,0.776436659765523,0.02558120152321911,0.7131543417119737,0.703380751555436,0.6967515438368085,0.7346250661699035,0.010208883409955866,0.6874994725716769,0.7376192328765032,0.01615315012570169,0.729931111079504,0.7289982102245016,0.7109302338721709,0.7531879174150702,0.012107126841867826,0.7033188678072165,0.7680850114225279,0.01729304918205394,-0.054795853889609406,-0.03624830730162797,-0.17004477516062722,0.09453084218209974,0.08280067088692411,-0.18811286028477547,0.08870706995785847,0.08817880066196142,0.6749253823490097,0.6968597642174319,0.6600308794694563,0.6987110981492408,0.011466801791843707,0.6523715229534757,0.7108914656875127,0.017655266144038662,0.7417398142974443,0.7577961584881179,0.7294786603747013,0.7600184825809652,0.009238370590167721,0.716205002379439,0.7723394586644354,0.016719159990173496,0.7342312138546399,0.7470073162681803,0.7199356207527886,0.7515939991622004,0.008157638044734896,0.7084925220244336,0.7648411802741022,0.01572785551115733,0.014664259352943378,-0.03054980824081169,-0.09213376035190113,0.11689343760452336,0.05807234421904304,-0.10776075605162948,0.18030476356816558,0.08410313400467419,0.014026632994870503,-0.01996545092131552,-0.017861182269810476,0.03971451746989134,0.016805028635332595,-0.03346213867596916,0.10097597488338896,0.032647882344794744,-0.028585472585470617,-0.054415406932681876,-0.051967675773127345,-0.011722228575463123,0.011780262517130723,-0.08237888213580803,0.009597502566582053,0.023452046779030608,-0.004300102775135817,-0.01800910604367867,-0.028117364408315824,0.016411118019720908,0.01314898554921214,-0.048690482714794994,0.027612987313612836,0.020732375548402307
39,0.4,1.5,0.4,1.5,-0.06684227691073817,1.0,1.5,0.4,0.8,0.05990319197183529,0.624289464332618,0.6451713168075145,0.6061649845047954,0.6468817962412435,0.011746273169195529,0.5952697443758229,0.6708629569948583,0.021007457445229725,0.6902304801886041,0.696151035007956,0.6755860211937713,0.7035967186059792,0.007117182003766766,0.658837748024821,0.7288330740412804,0.02064407609855697,0.7204563543984327,0.721601801705273,0.7034892495327258,0.7291651552918621,0.007092613704741981,0.6995968351105326,0.7687482264332542,0.017550689697397346,-0.09458900473691864,-0.2620998421760657,-0.35885226325141295,-0.07506924801215217,0.11834676374427189,-0.39583688578608234,0.05026154164866456,0.14343161206441152,0.6375735301919235,0.6332041928445679,0.6274331463727157,0.6492394971854837,0.005365044511227059,0.5988708286631858,0.6664063280653459,0.01741087990458603,0.709960871638637,0.7101362768351566,0.696699015382879,0.7348964575244821,0.010629826452478149,0.6939713611948842,0.7402815417838301,0.012027749887641525,0.7235668840760484,0.7252866239153312,0.7140360751620474,0.73762369301483,0.007276581822212425,0.709221209663312,0.7451855069771567,0.010698022253811083,0.009650255188608785,-0.0005350725509499402,-0.04748025735027678,0.06199551942471204,0.03308481218365446,-0.11263130978060995,0.1782135439524386,0.08617589345225243,-0.013284065859305527,0.011967123962946635,-0.027531043789458847,0.013020462135029075,0.012077435207977556,-0.05422034719619768,0.06690433260679077,0.03167301661478802,-0.019730391450032858,-0.013985241827200512,-0.046798585999240666,-0.0011537773213955507,0.011422557380536711,-0.05271922429176793,0.022660263867821405,0.022777839403396744,-0.0031105296776157143,-0.0036848222100581696,-0.031046094712190987,0.010334048079994117,0.01201486276568549,-0.030945792728733934,0.059089257633671954,0.02208590700211518
40,0.4,1.5,0.4,1.5,0.015770447038637295,0.4,1.5,0.4,1.5,0.02253662241487373,0.602948197876971,0.6415730046898603,0.5576150528197275,0.6498785050784016,0.030543385417480588,0.5361718432882674,0.6725381799373106,0.044500720238730536,0.6783224072783453,0.7155068884145424,0.6359137998370565,0.7266372760665382,0.030659776377949498,0.6179670908070084,0.7518528917971342,0.04383984663901819,0.7005817207083063,0.723639598711442,0.6602433511616793,0.7398333663260432,0.023721478973875616,0.6466729135972517,0.7576007241637696,0.03445446746519454,-0.14365956352564657,-0.24882814823554616,-0.3399757338257644,0.10991101142984777,0.12042650499543708,-0.4807748976582413,-0.06620746711184072,0.11097549264317821,0.6650943897673515,0.6797167929911297,0.6548728062804499,0.6841450347743211,0.008964307372393135,0.6537047974312412,0.7229285913687412,0.01796863852636678,0.7220586147254188,0.7352586004547869,0.7094218607103149,0.7417306230780457,0.009113839049457324,0.7035805543996596,0.7651900418319293,0.01661480001954056,0.7253503842781844,0.7367975448219399,0.7157155012924786,0.7406525698719767,0.007491755911354691,0.7111987849687966,0.7526927344833577,0.012922219317118346,0.016708794409722137,0.005967137901667928,-0.08351124569600965,0.11695728446390555,0.05290439658003558,-0.1272751475675921,0.139442915293085,0.06912236524753074,-0.06214619189038051,-0.03814378830126941,-0.11483956714139075,-0.01598995045477436,0.03206619786948292,-0.14516365242571927,0.004127076413723202,0.04949964103088536,-0.043736207447073516,-0.019751712040244507,-0.09130573594488713,0.005293954476605411,0.03312458849128802,-0.10988069531580405,0.03151368256339539,0.04826489779435005,-0.02476866356987817,-0.01315794611049792,-0.06784655723440873,0.011774165148085353,0.0246028696941266,-0.08756708378158456,0.027373498073965316,0.035536827148195095
42,0.4,0.8,0.4,0.8,0.018832771707408706,0.4,1.25,1.25,1.25,-0.007795049065546992,0.7301886919335261,0.7406069548664016,0.7034544718154,0.7668708140952044,0.020250764931059293,0.6926612947932275,0.8215692197117704,0.03652431761746439,0.7819035137140827,0.7873387117446412,0.7536713428610151,0.8235028824293281,0.01989785365484329,0.7308832692457914,0.8840863805732331,0.03951255243793085,0.777484014236993,0.7675060817791638,0.7619868683378835,0.8040308568977497,0.011191864860749877,0.7616674718346901,0.8432349493083474,0.021679609609530835,-0.024013545227489632,-0.02936933523638747,-0.1011550378056491,0.04418076948115726,0.03431776912371399,-0.17497944892301712,0.08910936700268215,0.06883599404484506,0.6548835005627527,0.6700599875005899,0.6291861281886191,0.6786716891623393,0.01587381405892656,0.6256637912577195,0.6919132802724426,0.020362490098151595,0.7149721480407036,0.7151904098657053,0.7024392468458412,0.7255299975045267,0.006563895534033612,0.6585536619169955,0.7383460871613106,0.020457423789978623,0.7292059986462298,0.7309775669031914,0.7199234707415144,0.7372996620514025,0.0045088198260506,0.705521252109917,0.751316936689674,0.013364509310985411,-0.03969007360625601,-0.05447287397187981,-0.0709718418317263,0.015829577150994596,0.025592209718810585,-0.08385020447760347,0.030970753822002928,0.03369984826202225,0.0753051913707734,0.07054696736581167,0.033054047173443776,0.12758147754780447,0.02695900050297708,0.018454750528305502,0.1659262512451023,0.04264770619104791,0.0669313656733791,0.07214830187893595,0.029597866525023747,0.12076926100887006,0.024266803229876892,0.01852888557607428,0.17353421670224162,0.04196375018212396,0.04827801559076317,0.03652851487597242,0.030984119760320984,0.08166008809985685,0.013558943510745864,0.024465163369606566,0.11587167520238946,0.025385840461987406
41,0.4,1.5,0.4,1.5,-0.2408821412318113,0.4,1.5,0.4,1.5,0.2979952547715514,0.7243805716231694,0.7338882921924746,0.7030048985255485,0.7510464501633185,0.013475399854092624,0.7050215530991063,0.7673573846347802,0.02075211888380647,0.7753606267193213,0.7845291851871914,0.7531923302965005,0.7897382378670339,0.010868647120011583,0.7404542159453565,0.7972191315795755,0.01563619078285551,0.782692458970227,0.7795225738216902,0.7649076367761731,0.7984324765560326,0.008482688785679024,0.770002075679385,0.8041742788342826,0.009725751092511488,-0.20360841388041154,-0.23382629264560395,-0.31152813731981627,-0.11087418493483245,0.05989278052009976,-0.3521729850887256,-0.06406766604396189,0.07636924466151837,0.6942946370073352,0.7007413345579673,0.6828811664292413,0.7288089413686197,0.012491703522243854,0.6649617942095144,0.766527074741765,0.028557271886809642,0.7495364895716348,0.75511254431872,0.7309730621165104,0.7831497765873655,0.0141712741675401,0.7164848888428661,0.8261185989562784,0.027872470782232237,0.7188490438484163,0.7275072447806217,0.7112747070577697,0.7368037328603871,0.007751004007045383,0.6936859051666231,0.7721847134398895,0.020133564804321668,0.06269778059604487,0.03763880096908108,-0.06897040122245672,0.18431565640862085,0.07233167416343593,-0.10012913391858046,0.16598161162706432,0.07817059104149741,0.030085934615834198,0.03314695763450737,0.0006731842763944701,0.0521496275459397,0.013778915131762286,-0.049581964989708155,0.07608813023745248,0.034758713329427975,0.0258241371476865,0.0294166408684714,-0.00339419839931393,0.03536067059151342,0.010030205694693472,-0.049572700917705576,0.05944330907514925,0.0277338141090967,0.06384341512181069,0.052015329041068536,0.032942695313790835,0.07693044535831775,0.011952935532077751,0.00020392127243745728,0.09730143082914075,0.024594184682155355
43,0.4,1.25,0.5,1.25,-0.21489978246703323,0.6,1.5,1.0,1.5,-0.12265005013145093,0.6742780586145196,0.6734973493891796,0.6662284069412099,0.6868327163824958,0.0064492481620604045,0.5731605455213094,0.6968741073096997,0.029694828569958615,0.7229553622916403,0.718039036933388,0.7122411168043724,0.7392778420229037,0.007778649568819995,0.6970694368835464,0.7521179062123312,0.021223166202702058,0.7454081653516392,0.7410329667578942,0.7361593922639695,0.7587034499909353,0.006471843863897067,0.7139038336052649,0.7753563513164399,0.015290495138127701,-0.15254940503633696,-0.1678630130443943,-0.27068053214878984,0.05376977476098063,0.09414670582583431,-0.2586874687149011,-0.0049845254394368654,0.06541213963157408,0.6853777134962259,0.6816169529459731,0.6768684798935465,0.6938476700073404,0.004920499800119899,0.6701218559374171,0.7273381334916147,0.013862685958273406,0.7367974290174173,0.7365342940654804,0.7276290931249694,0.746355664962917,0.0060122784042033655,0.7243168750428294,0.7520207478838088,0.00845821936261109,0.7380676553895377,0.7389873136422894,0.7223684631113826,0.7531726513497985,0.009809407581827039,0.7200445297216793,0.7622398174629734,0.011688570807615487,-0.09187481620123257,-0.11669939270542729,-0.14200027542214252,-0.016555845409866224,0.03802738463032198,-0.17650868431111733,0.0677804848469482,0.06410412358064564,-0.011099654881706278,-0.008119603556793531,-0.02336242317477614,0.0024326590753030765,0.007840282903577751,-0.1266278118090641,0.011071624976054822,0.035071418617063144,-0.013842066725777036,-0.018495257132092435,-0.030670638527001658,0.002810927912571627,0.009035200497865636,-0.05013219230536205,0.016741179333558738,0.0233918049314715,0.00734050996210156,0.002045653115604784,-0.008636182957864523,0.022882668750346412,0.01047329479106627,-0.03545995177084041,0.0343849982557924,0.018218390832182154
44,0.5,1.5,1.0,1.5,-0.08810635615864675,0.6,1.5,1.5,1.5,-0.16486154392105032,0.7086441001906271,0.7000938312855141,0.6870765787375445,0.7337215427138317,0.012021264751304097,0.6587850907958818,0.7463591354228346,0.02290428611021249,0.727800196557654,0.7226606819301276,0.7156405929187193,0.7380658272526115,0.006858432593822176,0.6888779249757184,0.7427284933710439,0.01493773836835654,0.735673607174191,0.7341272692576823,0.726649232783222,0.7461557783273636,0.005780161167572122,0.710355050429907,0.7557380004452773,0.010498473681216765,-0.1726626402443003,-0.1880105994904604,-0.2549618786997346,-0.06723560247827712,0.0578168501704808,-0.3161708952920774,0.1968134776653784,0.1462152113884871,0.7007471799910715,0.6872010731678315,0.6712181098812412,0.721778445321294,0.017477860918611608,0.6582159087112103,0.7448199824222347,0.02829478670483283,0.736277163500333,0.7352874803224383,0.7170001977562211,0.7560470436738557,0.01156529277454064,0.711232748642779,0.7597942694259312,0.014846839314815929,0.745073339686665,0.7451365508646713,0.7300594547371061,0.7610541602458434,0.009401014040349532,0.7258352435229172,0.7635463787791325,0.011782464996613737,-0.018672718613804002,0.020150080067407688,-0.12455459761122545,0.08495307986719079,0.0633668182552418,-0.10967098673225083,0.06635307276042023,0.05407964268332201,0.007896920199555568,0.012892758117682535,-0.013489173125700672,0.031873245545656625,0.013790720441408838,-0.06922576110056539,0.06540802465725315,0.0364203158041156,-0.008476966942678965,-0.012626798392310734,-0.021626049831662685,0.0024829730346963355,0.007435241920576022,-0.04000280055127727,0.013479166762843754,0.016955820429582574,-0.009399732512474057,-0.011009281606988996,-0.01808863684236297,0.00029814559605347707,0.005947612804683197,-0.028840084258888968,0.0066332557895115475,0.011200746797528235
46,0.5,1.5,0.8,1.5,-0.21817235673919305,0.8,1.5,1.5,1.5,0.1146409951014983,0.7111842157993424,0.7048649486768479,0.6882563051743819,0.7355447995368698,0.013627830350563759,0.685577709495084,0.7838321416529376,0.027597212110713126,0.7364497428711188,0.7310405491977419,0.7162911044033033,0.7540399775188044,0.01026764280489176,0.6854989572442466,0.7788170713987724,0.02466240998693105,0.741479368768453,0.7390387901566666,0.7317281973987366,0.7566239242205844,0.007169150851680531,0.7147012651299702,0.7655152317212066,0.015356228902325837,-0.2399508297766666,-0.23968929772849004,-0.3320538078480546,-0.13422885163322754,0.05591401547847279,-0.3820650824286984,0.13926234716896801,0.1350149861280452,0.6849588342368594,0.6757687918645445,0.6729669671791771,0.6944100769700798,0.006778358948221913,0.6540704957110044,0.7043863106365768,0.013508563567791412,0.7439554348768727,0.744298819248643,0.7362483663490977,0.7502965621716113,0.003974448068120429,0.7345879482720934,0.7568901732056047,0.00581583896337898,0.7542236859824585,0.7555067254042802,0.7462511173881105,0.7616126229593632,0.004444549283244622,0.7435495844028599,0.7640040840240921,0.0057487486953839055,0.000575445239488458,-0.07265812327800339,-0.07878197813787813,0.10563230167054838,0.06297510791238317,-0.25543113239149395,0.15184661823670986,0.1389138453743697,0.026225381562482997,0.029096156812303375,-0.00028726783189907124,0.05744799750244722,0.0189719031636572,-0.0027046469943269105,0.12883622274484463,0.03642908671388369,-0.007505692005753906,-0.013258270050901189,-0.032486734896278485,0.015705411186551534,0.01378154775627997,-0.06600752403760585,0.04233551744971188,0.02791852740530375,-0.012744317214005485,-0.016467935247613585,-0.029549356913896766,0.010031163992611704,0.011344011461464742,-0.04622637769827202,0.01835945602446567,0.01938153060140826
45,0.6,1.5,1.5,1.5,-0.12836598726697385,0.4,1.5,0.5,1.5,-0.005312579152248942,0.6736665339620473,0.6717480992919809,0.6558374813494939,0.6911297414011639,0.010112754108270434,0.636473695134052,0.7127371447121423,0.022410801612723543,0.7276693712376885,0.7236793192292408,0.7124979544009064,0.7444756711474171,0.009471002319305245,0.7017299751152252,0.7485436499480282,0.014339388308622789,0.7370650871627528,0.7338468649676634,0.7260457543065809,0.7500648246254267,0.007420503150874989,0.7178644028150898,0.7720193747467918,0.014907790041084388,-0.22658235788981163,-0.3433309909481913,-0.47404440189321584,-0.11466229788935356,0.11211338675441411,-0.5932264434271495,-0.09995935371436421,0.14064783285702678,0.6867037377487817,0.6974794515828284,0.6669311695878484,0.7042501812606488,0.011034128379224305,0.6609557204254141,0.7284708440615874,0.021130083219866765,0.742020285534607,0.7497817447370188,0.7167876239841009,0.7647168224445965,0.012935458667200866,0.7085333180316649,0.7791705966588618,0.022206981258510176,0.7584953044137226,0.7593971234166065,0.7422605463992499,0.7742570318934159,0.009820076116872975,0.7357599576065968,0.7861898890136028,0.01437756488581371,-0.07478629531635315,-0.06764088781458515,-0.14168317428716454,-0.009718136104103547,0.03750873313225971,-0.1606684477803711,0.03562164632906939,0.05718431539379671,-0.013037203786734342,-0.025731352290847553,-0.03698625749362045,0.010363823104439347,0.01648421995494313,-0.0699837082085794,0.03304178191223528,0.03168178156562213,-0.014350914296918482,-0.02610242550777797,-0.03866630700404834,0.007888706891851817,0.012798714702142885,-0.07859542439890377,0.024072632537206498,0.026494403202279495,-0.02143021725096983,-0.025550258448943097,-0.03286955278563377,-0.007725925390527549,0.007403008627196103,-0.051597493966187374,0.015318068189659306,0.01847597532610345
47,0.4,1.5,0.4,1.5,-0.38170446473654823,0.4,1.5,0.4,1.5,-0.05693023899344226,0.7379730794143877,0.7383431505888528,0.7321138757796346,0.7465990203660813,0.00403778169247527,0.728464039079606,0.7516467737248836,0.007148003658914029,0.7826858526042979,0.7839788215562313,0.7738718882053406,0.7930143755436463,0.005295200658777651,0.767840373160531,0.7972922388442363,0.009018878807539056,0.7734562042796853,0.7798498865287332,0.7671138941242582,0.7836814258354653,0.005461651347083907,0.7575270921544552,0.7913924738282907,0.009560237011484589,-0.1589283989170486,-0.2042191063532876,-0.2296912665555146,-0.06511279119078886,0.051209340987877855,-0.2502581790737262,-0.03975066111934619,0.06099708193638042,0.6602454850517959,0.6742135965145255,0.6500198775954684,0.6733467909470041,0.006831965857461906,0.6451098742213942,0.6926344226728521,0.013143698404842113,0.729624217452025,0.7351302312931126,0.7134838867323768,0.7450649649140082,0.008233552010569464,0.7157911080534151,0.7564560653198912,0.01114905765983437,0.7191634455284782,0.7326087616052558,0.7040094766604926,0.7329647338750617,0.008300170916707348,0.7027399535518962,0.7401564143098391,0.012172450127980917,0.047047277306797995,-0.008905173314877819,-0.014071483389501913,0.09829561243715755,0.03849935553481922,0.0023464477044420964,0.08815768045904514,0.026251448453432604,0.0777275943625918,0.0641295540743273,0.06853253208520871,0.08932409908564826,0.006485062339378984,0.04699383572109443,0.09518252849126124,0.013047936927690204,0.05306163515227291,0.04884859026311872,0.04678243490652798,0.06480237866464073,0.004986739874157749,0.03830903282246963,0.06342469589382124,0.00770475278416943,0.05429275875120709,0.04724112492347743,0.047057840030359066,0.06682666375670235,0.005823256614831531,0.03311997529277115,0.06857060331082836,0.009517340649369245
50,0.4,1.5,1.0,1.5,0.15194945885559208,0.4,1.5,1.5,1.5,-0.17062556571802207,0.6784349893884677,0.6921058246845213,0.6403339578440339,0.7926564690613083,0.04262998847400551,0.6345153883289271,0.8335790186739326,0.05539552815398706,0.7158648767479421,0.7120328697412108,0.6874490733554125,0.7357604782567808,0.01376182350422483,0.6159461076105076,0.7780932804254466,0.0433987632535036,0.7257039971913543,0.7243957471804604,0.7040958654539523,0.7420890122905397,0.010432651846492844,0.6701036043794041,0.7871672169460462,0.03363132985547471,0.04843585286139005,-0.012251399230181181,-0.10126893844445475,0.1457304167898947,0.06848030298252655,-0.16759718423683287,0.2128990320572006,0.10109757683818994,0.7061250916528653,0.7083749806613752,0.6781903728494346,0.7334816860319746,0.0159455337841266,0.6587985024756094,0.7437833063891233,0.023790742532792838,0.7341964218735969,0.7316059228904583,0.7200623074747912,0.7474056624804831,0.006594511063613606,0.6781664020524845,0.7537633077429285,0.022107282358316993,0.7471317880950487,0.7463642990872653,0.7358928705685629,0.7570729413973002,0.005912219836522291,0.7264346965884645,0.7665486660625486,0.011540673132119003,-0.1285012747664754,-0.14143704872122154,-0.1816318437169369,-0.0664484796119891,0.034223741185903545,-0.2559052694802923,0.009678836065571489,0.0804216077943195,-0.02769010226439761,-0.016269155976853855,-0.0819343332115911,0.08034231922642261,0.042324580519659455,-0.10079721759204488,0.09750317446020823,0.05188183716816755,-0.018331545125654825,-0.01957305314924751,-0.050133244182172576,0.007612492007691381,0.015074848555223145,-0.11963057524807995,0.05871121781316628,0.050481161118643085,-0.0214277909036944,-0.021968551906804912,-0.04399550591038759,-0.0014916543672012228,0.011627939378266929,-0.0788492323602293,0.041088480864865745,0.033571307117729404
48,0.4,1.5,1.5,1.5,0.059242681455999674,0.4,1.5,0.4,1.5,-0.09781561438779442,0.6683496068562889,0.6884489862744154,0.646563709335383,0.7024803799037191,0.014713826456346722,0.6488656888132304,0.7311803129005969,0.021464664714519233,0.7313355930683823,0.7308737583736608,0.6968377762200242,0.755142753243619,0.016128077048102755,0.6842861904816527,0.8370034656465027,0.04446026623375053,0.7410097192152717,0.7417460502040236,0.7144555190622789,0.7577552321105606,0.012463843879955963,0.7093062017124547,0.8422392000982791,0.03523792341617613,-0.1263862663115196,-0.1846188632796036,-0.19796594781326934,-0.022327291027875035,0.05091038963212736,-0.24572400397019517,0.09812537895769477,0.10077561362809205,0.6645258786043539,0.6637502720392617,0.6518932353824475,0.6820383398636629,0.009095051511812651,0.636352405072553,0.6997321554855758,0.017121553032809194,0.7204648712158408,0.7248450924753613,0.7086728632437312,0.7398518670791322,0.008727832621355491,0.7078010836946227,0.7518647389165164,0.013925217236259476,0.7412679338215495,0.7436260455776003,0.7295024220641717,0.7595673058688012,0.007858433678869407,0.727278409328694,0.7713156379290477,0.01237810462838742,-0.1734538897533041,-0.17367855623572218,-0.29258046172159624,-0.028209376189319707,0.07468973856784332,-0.2826393555766745,0.030634455224338636,0.09477918978807572,0.003823728251934999,0.024698714235153685,-0.026886016495378855,0.044176173342826926,0.021032211748522996,-0.028132905275543754,0.07480685149504243,0.030702527375118242,0.010870721852541454,0.0060286658982994235,-0.03846924935603572,0.04569952675499524,0.023563658209930585,-0.05634340402097324,0.11271288504373932,0.05249366690200672,-0.0002582146062778401,-0.0018799953735766373,-0.04333918423259489,0.0282985421561759,0.018986240484210586,-0.059278046365730676,0.09203048850666239,0.03892766501814158
49,0.8,1.5,1.25,1.5,-0.08589876030638455,0.4,1.5,1.5,1.5,0.07114199836073691,0.6576495729685392,0.653347476517433,0.6298833189621675,0.6783637256965693,0.013466553563523427,0.6139622082163578,0.70228320142979,0.023317127531048608,0.7279827351130718,0.733566727011771,0.7149276876015737,0.7437411481834668,0.008821415012542641,0.7044996755593437,0.7912024836527273,0.02132682885627584,0.7414516771078715,0.7457316578023812,0.731329990628652,0.755056728918967,0.0068478199342043,0.7208776323765247,0.7879694705988711,0.01635499354316168,-0.22330241517804747,-0.1824546409971956,-0.3124489363849473,-0.06899448519074655,0.06911761446477688,-0.3688829061543698,0.04073901951574724,0.12467254469597323,0.6942538288404636,0.6880158466312821,0.6642384804598965,0.7167420368422013,0.014942062768730278,0.6761449370520431,0.7898244515357016,0.026428641732590324,0.7211065084463031,0.7205097499886429,0.7127946033124485,0.7287355638515066,0.004578360358451531,0.7008656956166858,0.750357262211866,0.01567374371865324,0.7374055671686245,0.7371023064086828,0.7258961182617091,0.7460472874016723,0.00585775193709133,0.7225598151533367,0.7657558060761442,0.012074370595638718,-0.056980292917371674,-0.06656212935015042,-0.11685712390253108,0.00470386453692493,0.03188733515624364,-0.1663878570134841,0.084667762954312,0.06789081940628298,-0.036604255871924396,-0.034668370113849156,-0.05424238002822761,-0.017926896760538782,0.011069693754335964,-0.11718304082818395,-0.009729229931495567,0.028612838101922528,0.006876226666768681,0.013056977023128025,-0.006398402778830015,0.021029300556183482,0.007388688726272993,-0.01400086224473384,0.059187291516962524,0.019653989044589634,0.0040461099392470334,0.008629351393698359,-0.0054533889070472255,0.014963535696036256,0.005701532817699526,-0.013292723226907787,0.03946756323817879,0.012234860336758325
51,0.5,1.5,0.4,1.5,-0.020545494322335982,0.5,1.5,0.5,1.5,0.06322675245867362,0.6875367196271863,0.6882060483899577,0.6802880332326742,0.6957954722355202,0.004790322384432118,0.6683777245583425,0.7617046793876023,0.02263158828702148,0.7413249512002874,0.7436549371339416,0.732736143798615,0.752296881529974,0.005713667052075864,0.7239893995916091,0.7694436764881077,0.013854660194355438,0.7384688854688738,0.7392366949207402,0.7305063909926455,0.7491838521475076,0.005652204646269128,0.7269127211373443,0.7575236112288052,0.010076016694810048,-0.11385600066374471,-0.13304092587804894,-0.15490468387119105,-0.08349364240743559,0.02337706909225438,-0.20109382321639885,6.606322021818212e-06,0.058389609029971264,0.7368454535362245,0.7425695717165933,0.7227821222679055,0.7532315618592277,0.0082159980265183,0.7172078726198413,0.7705509239922204,0.01385209711875799,0.7912005835340195,0.7986216190114904,0.7759119752444109,0.8068033507549763,0.008385119392435896,0.7697567820292607,0.818664249374851,0.014092047607484004,0.777929337657097,0.7786828500468267,0.7669569536770493,0.7903016385184093,0.006854117561122717,0.7620238862850286,0.79624892852005,0.009732205649495927,0.024111580209262518,0.026434367248028737,-0.04357429917853847,0.0939017214532479,0.0392186429093891,-0.047952270090343696,0.08541531233453498,0.04185166790734108,-0.04930873390903823,-0.05436352332663563,-0.065717919211354,-0.03148713119862577,0.010091861297964832,-0.09000724644700456,0.02288745857485794,0.027841815065925837,-0.049875632333732045,-0.05496668187754883,-0.0661603878885573,-0.030824638899752094,0.010357160241693558,-0.07878714548147185,-0.0041656905043763875,0.020646773012543453,-0.03946045218822325,-0.03944615512608651,-0.05152663447138203,-0.025170765481853596,0.007230885243368588,-0.054836903759875794,-0.014782160394489166,0.011835615835078786
53,0.4,1.5,1.5,1.5,-0.015547094011065373,0.4,1.5,0.4,1.5,0.07629077626900044,0.6766245024472598,0.6858211844637975,0.6413154026696661,0.7028760226276783,0.0195545764383318,0.6423887957950393,0.7291338516227983,0.027559411619534138,0.7271608683492373,0.7262739332031738,0.7081205946879319,0.7437763369203665,0.009919916145204608,0.6708874229620944,0.7738374140679091,0.029520078518658375,0.7374973593659752,0.7374246257826522,0.7203473625957438,0.7510774629544479,0.008978492132950286,0.7130660200422191,0.7675475297363668,0.017861923582222123,-0.02533563250565222,-0.06075572185417137,-0.10957979937540763,0.06798224580842505,0.053467093920347826,-0.14956632882729767,0.1797458269615201,0.09561893988704674,0.7118289627676171,0.7137416053293164,0.7031488410219687,0.7229654127998615,0.00574506408327609,0.7047625433496527,0.7357437011669681,0.009565760792537693,0.7693410898431076,0.7686868951412082,0.758666002107516,0.7833608510746041,0.007365028232853857,0.7566167128937407,0.7993845231833007,0.012473150527135156,0.7408528324529186,0.7432017110174802,0.7301818721511718,0.7573137058557401,0.007470191081872558,0.7258074542640917,0.7609381224441476,0.00975243718428377,-0.07422863774700292,-0.11609758132171455,-0.10834842943321328,-0.04350717203725782,0.018974787076937942,-0.13316983098021465,-0.0008700939845345257,0.039035600460794954,-0.03520446032035729,-0.027920420865518936,-0.07319567069118108,-0.006067158438120071,0.020229674952529666,-0.07613811240721968,0.0043828940983136055,0.028026498545542716,-0.04218022149387024,-0.042412961938034455,-0.07170136246634577,-0.025409471240386436,0.013483903947922867,-0.11435823691361782,0.013957994747745922,0.035935836207701854,-0.0033554730869433946,-0.0057770852348280055,-0.03342994805945221,0.016453681559269916,0.013964519212366498,-0.038583008129725524,0.037040763591264,0.020920266696174212
54,0.4,1.0,0.4,1.25,0.1179522876155395,0.4,1.5,0.4,1.5,0.052508343903615945,0.670174553203713,0.6793014546775185,0.6607688517280663,0.6823268374735064,0.005893806879231154,0.6562752033512912,0.6954783602874971,0.01106568428798294,0.7258266288072384,0.7318852199393436,0.7091046409216633,0.7417213351165918,0.008449672821833893,0.7061986263402681,0.7574674436469373,0.013534927017447476,0.727215473593083,0.7292555676556257,0.713384763862874,0.7408401906383841,0.007415173163232495,0.7128762951555708,0.747699589552085,0.010243978188935894,0.1487543690963123,0.1394907919091439,0.10737113185323177,0.3442193054132352,0.06639811958279815,0.12059675092937844,0.35663859966710565,0.05975163513350043,0.6816171867042162,0.6843182236905785,0.6652207626993483,0.7032832993119918,0.01183565814835454,0.6623997811185883,0.7194670599254257,0.017066696655679347,0.7342853517266511,0.7353487245157827,0.7156469764877164,0.7582112637592888,0.012903681582819102,0.712230396382813,0.7716376523862378,0.01749310694158344,0.7146038407710412,0.7197265202666697,0.7066517526131771,0.7264515070196295,0.0058494423852863955,0.6977650506457593,0.7319997499243502,0.009424496531163323,0.05010661129571635,0.051818913759618106,-0.06273233385201522,0.15302189791429827,0.05964763049827629,-0.0630430579063848,0.15561095077027165,0.058961241425280406,-0.01144263350050323,-0.0050167690130600295,-0.041293418493393005,0.012563370180579046,0.01610960556308294,-0.06235133265353214,0.015052094067600656,0.023680838199690246,-0.008458722919412742,-0.0034635045764390693,-0.04487674649017107,0.01795254233587071,0.01980989877931092,-0.060346316208851634,0.020656417543298077,0.024567358055892077,0.012611632822041807,0.009529047388955991,-0.0035475587211416942,0.0285893854282208,0.00907972428206303,-0.011089908714137134,0.042955235152115336,0.012853481385034638
52,0.4,1.5,0.8,1.5,-0.2666526255293733,0.6,1.5,1.5,1.5,-0.04584797831077452,0.7418332523667882,0.7481201474343064,0.7282838845842864,0.7682201030944903,0.012105902429397774,0.7253774985234483,0.7935299764989723,0.020679990123075344,0.7737057809830785,0.761030968450574,0.7373717430523917,0.8130077854320942,0.02384906649092194,0.7197432035038854,0.802858536993346,0.027630639276733635,0.758037952354877,0.7519330451431923,0.7267959140126048,0.7899048811083219,0.018921187074314255,0.7202308314202146,0.7877664801899843,0.01883692495154096,-0.1943005393703397,-0.2551241103582024,-0.368480917303465,0.06335570872035168,0.11586545542667472,-0.4512869816749396,0.009949771413841846,0.1277080055787323,0.6925702078924197,0.6818286884410845,0.6714787283388947,0.7161702472990186,0.012347032492309843,0.6512536219937781,0.7246792960499658,0.020533366545090016,0.7307020842991553,0.7279171119997143,0.7218417024593515,0.7421346503222971,0.0062635481055692745,0.713763870069013,0.7449737924505819,0.009250660374370797,0.7431189782301548,0.7417051025744721,0.7357139631615226,0.7523820172024167,0.005024939037690117,0.7341071167255473,0.7549944719001934,0.006234924087214541,-0.12704587340842105,-0.16845768853433601,-0.20194803399661682,-0.08021039838341515,0.03326805661262712,-0.2209015025651502,-0.06067120705875556,0.04216349053023704,0.04926304447436847,0.06629145899322197,0.040799800853598064,0.07703314844953915,0.00981191565586944,0.0326052403978052,0.1200489376931268,0.022363188346996826,0.04300369668392323,0.033113856450859736,0.014204239968255108,0.07348142360498869,0.01860572189316039,-0.001840765874961181,0.06733847122315162,0.02073793438019812,0.014918974124722206,0.010227942568720172,-0.011636252060408088,0.04006690389199903,0.015385171317666412,-0.015243589462731265,0.03959207498873873,0.015163288314078647
55,0.5,1.25,0.4,1.25,0.016437356498560877,0.4,1.5,0.4,1.5,-0.015402676477423778,0.7110313567498655,0.7057505797718554,0.6952694101236765,0.7294835916954721,0.010483125870643524,0.6879249400649796,0.739219054699029,0.01627388613595443,0.7619171332581176,0.7587043742973593,0.7483908274596702,0.7790336918608383,0.008917129098024168,0.7348560723017186,0.7869614105629158,0.017761390719957207,0.7648903572696508,0.7596796803841592,0.7535555312975947,0.7789853819712003,0.0078049932815257034,0.7475000950562115,0.7890668475031795,0.012535337265665651,0.048766488352621165,0.01743038269815319,0.01091415267789652,0.09688813545360031,0.025079160375025854,-0.008558504004831317,0.1580433567929117,0.043134450712610975,0.6777702792219212,0.6768767969910141,0.6473906542608159,0.6939939592561579,0.012112546132380329,0.6319510372371413,0.7022666770843375,0.01901334239777298,0.729851197478838,0.7308171959881187,0.6997206775681484,0.7450664824442859,0.012265105184913094,0.6887877715006506,0.7530043521520967,0.01716843001313831,0.7225411885935809,0.7265722159773412,0.7035617029619315,0.7355735049243177,0.008325138864027469,0.6963152177129797,0.744895381210227,0.012649811951572575,-0.012058415160392466,-0.01750684532221227,-0.05007971391613791,0.040184187670331974,0.031864997685218215,-0.08039329146642062,0.06916223998178933,0.04746976983314133,0.03326107752794427,0.028873782780841295,0.0036521556284127565,0.07154386558161847,0.018461485979682078,-0.004014193536756361,0.09177171036126819,0.026528644296797136,0.03206593577927963,0.02788717830924059,0.005880779414943679,0.0680317678718316,0.016977466348472737,-0.004378997214828706,0.08472991155288727,0.02478209551552043,0.04234916867606997,0.033107464406818,0.019721693091642192,0.07270582183958996,0.015041194209298569,0.010284573486916512,0.08468090821181123,0.01981132690643292
56,0.4,1.5,0.4,1.5,-0.08493201705018931,0.5,1.5,0.6,1.25,0.06468623472573778,0.6289946160119319,0.6469618561840426,0.5812871947168374,0.6756036594720481,0.028318860577748965,0.5677634203154814,0.7040944973481976,0.03928001972699369,0.6985580890098374,0.7186091127292334,0.6526197626051231,0.7496043281345768,0.029006167556809515,0.6609031140200984,0.7771124762142848,0.036826865362081865,0.713803751722502,0.7241297279785051,0.681093288571342,0.756862539439961,0.02180446988141763,0.6778749673213912,0.7796967575221213,0.030589810942607695,-0.05834468846574887,-0.04437852249151878,-0.16801793020204736,0.07233488630452581,0.06881626101127974,-0.244623490535468,0.18030777828975933,0.127476272761941,0.6616319109942618,0.6558271121823469,0.6492464496527418,0.6743523774245808,0.007932090717341966,0.6406523441041534,0.6790313962079615,0.011509292247453612,0.7170523229005132,0.7136334160804088,0.7069545413718886,0.7296590485336967,0.006722898644463536,0.7048463365644368,0.7325729507801567,0.007727391287431612,0.7279089003784108,0.7248628308929954,0.7210743582052455,0.7348622068695845,0.003877323018683046,0.7201686739250696,0.7377779726113665,0.004636429593737299,-0.04721461218763827,-0.05536264880227808,-0.09531921225051306,-0.004273034058612887,0.02494996436905224,-0.12078684791426506,-0.012431417639230724,0.04917704106431892,-0.03263729498232992,-0.008865255998304344,-0.0841054753739287,0.017135323869977466,0.03081319407521416,-0.09828029751723852,0.04949161151983329,0.04218331706758551,-0.018494233890675837,0.00497569664882469,-0.06759458635891821,0.03572866130858119,0.03182543505496549,-0.06531674501608917,0.06118632051537931,0.0389553043584514,-0.014105148655908839,-0.0007331029144903578,-0.04751047748621792,0.03147989901623868,0.02416234064445245,-0.05159011703610106,0.05084123468803095,0.03201208876514689
58,0.4,1.5,1.5,1.5,0.23782097602771865,0.4,1.5,0.4,1.5,0.06343581720392776,0.6921077130180161,0.6873367261329538,0.6842291442193061,0.7011578940215804,0.0050911880940810094,0.6386830549217482,0.7292951349206027,0.023216151217360696,0.7083379443854714,0.7078143051740728,0.6944853985138891,0.7205080768640311,0.008594767532159391,0.6844482737564581,0.7220434142561198,0.013973037807858432,0.7209675901855055,0.7211243937597941,0.7068318472688846,0.7315502198455895,0.007616030707369673,0.7040416901318245,0.7430504347476224,0.011466217114252938,0.06905137672218338,-0.00014898839956790732,0.00037054318251812657,0.14503006654040934,0.04063064958670143,-0.05819631920808864,0.18803547217341726,0.07025604069379446,0.6834144424585988,0.6947697101928934,0.6840989524920763,0.6919403973156146,0.0026126728152203863,0.6837801301831048,0.7057529092983463,0.006744219334169076,0.7381261807643984,0.742757079048589,0.7326664663513146,0.7425103887660619,0.0028495063268604336,0.732742369348667,0.7562452802747837,0.006926100902704147,0.7241116782853285,0.7327055600211478,0.7149306103859516,0.7351140723644467,0.005993593125893359,0.708686674014127,0.7463329101370577,0.012070746269426752,-0.016489073364999426,-0.022837921581902766,-0.054834078783059244,0.031206754114644207,0.027730591512170465,-0.0939101066653468,0.08690230606215983,0.054583650618303343,0.008693270559417265,-0.007432984059939529,-0.004605062353034973,0.012737361222917151,0.004889784976407849,-0.0534045881902469,0.028338402758253965,0.02250691523208105,-0.029788236378927024,-0.034942773874516164,-0.046491990557817685,-0.016274613243149806,0.008494893820833585,-0.06568847453166976,-0.015829132998309237,0.014004407755308123,-0.003144088099823028,-0.011581166261353748,-0.017504464738902985,0.005571385999221509,0.005189531256616277,-0.021075905698961422,0.009624882969859794,0.008953228527753357
57,0.4,1.25,0.4,1.5,0.06445660727442526,0.4,1.5,0.4,1.5,-0.14822535715864488,0.6868820347194936,0.6991076951963048,0.6687919002371724,0.7014974016300839,0.01076932565716063,0.5885183980259557,0.7123019708092532,0.03139045013601427,0.7492616425093556,0.7544611650458268,0.7264656695105757,0.766727736025396,0.011704353676679062,0.7028871904217924,0.7725302325886226,0.019214901291914978,0.744300140090253,0.7530227307970778,0.7250097837937886,0.7594086551411935,0.010336451894459852,0.7168106337009049,0.7699717067292264,0.015019946373647832,-0.12257689436849116,-0.2171429754130015,-0.24771872593178346,0.21584004321728711,0.14266613079940577,-0.25413954133451006,0.14024762085131226,0.11783367005913932,0.6355539818212109,0.6459263624616938,0.6046374312429221,0.6722207200848633,0.02183593477671038,0.5899366787130192,0.696368503449793,0.03374916707763665,0.7095995485742258,0.714981035413448,0.6823666214849634,0.7438246445647408,0.019882467321572738,0.6698596360597926,0.766740325403787,0.029586259163326703,0.7218661412357097,0.7289122734067746,0.7062671925178944,0.740997257662524,0.011758061527569844,0.6976731966472991,0.7535132846488298,0.018230221473882955,-0.13815067559922997,-0.11776167654613076,-0.16772082538673805,-0.06251843330228468,0.029808635250398025,-0.1738814536191322,-0.012486705147866761,0.048368907478912385,0.05132805289828268,0.05318133273461101,0.01354280677905019,0.08508890953859691,0.023630602750687284,-0.036206301030108745,0.09428847582766833,0.03790166050369055,0.03966209393512976,0.03948012963237879,-0.004672997110149096,0.06989612159711045,0.023297598584311782,-0.029370060605286727,0.07499881649305548,0.03551405964232334,0.022433998854543336,0.024110457390303264,-0.010909162227997003,0.04594265811660714,0.015111076444601558,-0.03409141876931239,0.05563850874335718,0.02367434986940899
59,0.4,1.5,0.4,1.5,-0.06838627536964621,0.5,1.5,0.8,1.5,-0.11798605750103759,0.6002630171359966,0.6017353792986018,0.5805109460134709,0.6197753412761295,0.012208033562718011,0.5737420088296628,0.6306054313199718,0.01604813895599878,0.6420322843959702,0.6453933940276178,0.6196630037432496,0.6633439901473626,0.013234024716661897,0.598686476477543,0.6726853142212816,0.020839712336043748,0.6703709905204113,0.6763083514063317,0.6529998840739201,0.6977695667835542,0.012361839834158833,0.6371796211705678,0.7079200411037704,0.019517050448436206,-0.0430682474462667,-0.019576502762868597,-0.056510394098452925,0.02575147419735816,0.02230832340146946,-0.05779658717078097,0.04950974293820511,0.031125523263453397,0.721104027740444,0.7170484370707162,0.7101646264295701,0.7296636419532506,0.0060125646820358815,0.710035323753453,0.7404989017250764,0.009548538598897325,0.7640769198151701,0.7538893602760173,0.7494997750820382,0.7780231525937269,0.010402788850644315,0.7349100198234119,0.7863613417556166,0.01578920186743831,0.7615181212853793,0.7545297046818218,0.747274515185265,0.7738509202853973,0.008275250821286257,0.7423242195798813,0.7763785195270312,0.010840809567567278,-0.1259849383838435,-0.11325208697720783,-0.16983409588688597,-0.07806036034987805,0.02804723398968345,-0.18065787282684426,-0.033174163841844365,0.040904401280459315,-0.12084101060444741,-0.11531305777211442,-0.14128126957963177,-0.10282348683207415,0.010049419528034571,-0.14603357949780868,-0.09273675514982235,0.016028502031426587,-0.12204463541919996,-0.10849596624839952,-0.15173083826618236,-0.09209798918210535,0.015930688122983674,-0.17462880735407896,-0.08011129257251326,0.025731955053709277,-0.09114713076496805,-0.07822135327549007,-0.11228318479084931,-0.06095700534649025,0.01368360422853577,-0.1248535776597269,-0.055312594672305745,0.019384090932442064
60,0.5,1.5,0.5,1.5,0.18688686443153704,0.4,1.5,0.4,1.5,-0.13937738179739434,0.7357370024660523,0.7291724273833242,0.7190414184577427,0.7506799738861724,0.008376596581262854,0.7208675058096954,0.8118360509026729,0.02494316404900017,0.7817035565371351,0.7783868770774427,0.7687593197624881,0.7969980646981231,0.008054987144237129,0.7621322683779213,0.8467477669836957,0.02397416775932543,0.75705403451994,0.7611397851905628,0.7395670792215003,0.775569385802637,0.009741608885686029,0.7366052036267428,0.8295264350288942,0.02300899831220139,0.06167192218022168,0.02683841077715487,-0.006598962378475161,0.1290768320938975,0.03562722265281734,-0.016628050181160904,0.14844099781754166,0.04243018395396868,0.6412841012181378,0.6587069330483041,0.617383046207586,0.6613658390163887,0.01292431251760464,0.59985308751677,0.6746137292994773,0.0239351525142174,0.7241291251331444,0.7408597969362916,0.7010235048175681,0.7517507494342941,0.014566552938013398,0.6866092455636693,0.7711929842813141,0.024833226290420826,0.7370250528182077,0.7455942436441938,0.7248004331175778,0.7492231254480346,0.00763616730433895,0.7181354228156812,0.7615377133304829,0.012204898983656719,-0.06503059907393416,-0.10109163377957817,-0.11522405309659106,-0.0005469236089508389,0.03721620456481571,-0.13612533345728114,0.043360505083249595,0.058114693234130446,0.0944529012479145,0.07046549433502014,0.0710810865949239,0.12424978066421735,0.014862994558981293,0.06548512086007724,0.17559659947434203,0.027835741116511048,0.057574431403990656,0.03752708014115114,0.030159623276520928,0.08369611886296122,0.015050329633724038,0.01040680835096626,0.12681839463225084,0.029161716697875498,0.020028981701732285,0.015545541546369002,0.0035114548510821533,0.03725110849028554,0.008713098433705414,-0.0021730291080090253,0.08866940577136327,0.02255770935023522
61,0.4,1.5,0.4,1.5,-0.09832216237984714,0.5,1.5,0.5,1.25,-0.12404309939506009,0.7133487589017679,0.717127845250306,0.686194115829808,0.7532312727670445,0.019734072334851405,0.677149765494319,0.775281391284848,0.026771506690422237,0.7625319884264726,0.7664809171172565,0.7318362022715746,0.8050880154412602,0.022729182044847102,0.7214805717280952,0.8275175397842152,0.02777499253081111,0.737227392503071,0.7478846986168236,0.7096703761005576,0.7652022026090487,0.016909447925528797,0.7017513010981429,0.7779668062999217,0.020597784335615602,-0.13392336553855747,-0.17359639069548907,-0.2140178143334695,-0.02963281585371602,0.05692787283589961,-0.2973409774777579,0.14779781163826697,0.12520057292357673,0.6740399977704459,0.6713515885593218,0.6630187980878721,0.6874086984370958,0.0071454473247038065,0.659121014666594,0.6944518494423562,0.0107191849379545,0.7220771026276709,0.718488260255923,0.7125817864750719,0.7313580683335145,0.005810828796897654,0.6969748605584316,0.7425317903898624,0.013045265060857762,0.7323578461813006,0.7285966254738228,0.7171237014122148,0.7463861861586041,0.007788043548969182,0.7053130961231183,0.7506685056396136,0.012087451569758413,-0.1465976539561552,-0.23842173377292838,-0.2695668651818656,0.02395456122913145,0.10692882206524375,-0.24645388827905088,0.04989269566316332,0.08038099724795938,0.03930876113132198,0.045776256690984285,0.016149894334876222,0.06820208743576525,0.016101103915348497,0.006643040973233302,0.09476033857530856,0.02285931044075215,0.04045488579880174,0.04799265686133347,0.0015507166690865715,0.08719770841816643,0.024603817598852152,-0.007137812886625128,0.10237911888224074,0.030502062167409857,0.0048695463217703905,0.01928807314300085,-0.03354042968762225,0.039746206883264114,0.022212244685803236,-0.04572096995291944,0.05257223828421049,0.02740910149451415
62,0.4,1.5,0.5,1.5,-0.3743899342988706,0.6,1.5,1.0,1.5,-0.12285255881188285,0.6961146859196014,0.700596334309209,0.6815181535043434,0.7120262280750762,0.009249031387666622,0.6765278626561694,0.7232607450887798,0.013688976187088604,0.7435676458284282,0.7482940584159188,0.7251015950521961,0.7647426582344963,0.011810961518395181,0.7221088981014848,0.7720792035245152,0.01459049304971446,0.7490098498329703,0.7546869581492396,0.7337060990271916,0.7638219273740876,0.009197745267130885,0.7324693982343644,0.7713597332325912,0.012404743701107928,-0.6012102930249328,-0.3228861036837952,-0.759074586803819,-0.34012228893911733,0.13053836318214243,-0.8144056062953251,-0.3885753057388396,0.11920704593308412,0.6613843874434019,0.6548958757395941,0.6416511836341229,0.6770494173494638,0.009701257441666854,0.6378091563256321,0.7094228753044425,0.01708973240296096,0.7131166305518959,0.708728920512733,0.6978850632614575,0.7262461707263941,0.008086787449467699,0.6933113527781575,0.7306586608982827,0.010557355291195466,0.7220362314188405,0.7237933721882382,0.7086225472004738,0.7316573248658982,0.006575902877022617,0.7096800957665552,0.7340555591856768,0.007587425710836812,-0.09223175995065377,-0.14073497677384353,-0.16194515897245532,0.0596170354710705,0.08402276918854415,-0.3114833098927031,0.18220664448912374,0.15023171094598622,0.03473029847619946,0.04570045856961491,0.006489372745666688,0.06619698029716362,0.017153347174184205,-0.02409763911147346,0.0818823303106279,0.02632129271755234,0.030451015276532267,0.03956513790318583,0.0007763434468622127,0.06188750413585673,0.017525742559126273,-0.0020935203202434305,0.0717180035454476,0.021901508457984508,0.026973618414129708,0.030893585961001335,0.005459425525505011,0.05361759017432026,0.014000926375814604,0.0034516617929078383,0.06459071021652679,0.01747477623242588
63,0.4,1.25,0.4,1.5,0.19453476527808214,0.6,1.5,0.8,1.5,-0.009526681215899923,0.6997364062059351,0.7110069770984351,0.6820426650389037,0.7264479518569326,0.011124697839137516,0.6776620627368608,0.754405437250328,0.020715022811051455,0.7536953991043834,0.7602821272920741,0.7363624173050084,0.7722200114552316,0.009637122562543324,0.7380044648780499,0.7832383218737946,0.017102511300280267,0.7487867821630818,0.7497601422312334,0.7406995865884713,0.7601155794600678,0.005400360762445592,0.7381332775872675,0.7695866400980808,0.010959810493689966,0.11985972448369164,0.021587870868355483,0.003953253851260247,0.19944162548436384,0.061069837151169065,-0.007521018733770507,0.21086207389931028,0.06752037347325913,0.7114710099230164,0.703690070016345,0.67347840646843,0.7451226785840366,0.02002875031417883,0.6803922314443268,0.8026056461233355,0.036909725206385746,0.7566707645584919,0.7483800419815656,0.728248430236459,0.7802129308596533,0.014321328183347797,0.6957479296167014,0.8119984716630472,0.03210798700555317,0.7525977308044439,0.7490601562623835,0.7384382807567386,0.7651267778345554,0.007448605816854261,0.7267766130056815,0.7861385716199764,0.01443453122438453,-0.08816328277297408,-0.10298076102209641,-0.1672621615634775,0.018723858736961585,0.05060534524833335,-0.23225155123956834,0.22648438671582766,0.13684049940636867,-0.011734603717081238,0.007316907082090096,-0.060770844147371265,0.031512149958292504,0.027017498538952234,-0.09851037971186205,0.049568695403327374,0.043967062431573986,-0.0029753654541084806,0.011902085310508514,-0.040118671904320675,0.04006491455687415,0.021662933707206494,-0.06042819930749449,0.07716118315812713,0.041453239541164304,-0.0038109486413621108,0.0006999859688499033,-0.020098775671088687,0.017754495500284382,0.011050747343739944,-0.042171731450781055,0.03428962185082546,0.020688228192839497
64,0.4,1.5,0.4,1.5,-0.21808186624461626,0.6,1.5,1.5,1.5,-0.10034296570990286,0.6323085291489786,0.6455170391798907,0.5956635673336992,0.675012770520752,0.02583190353562847,0.5833883298004073,0.7192405797616034,0.041359269847564314,0.6856629735773072,0.6960478897648875,0.6470568560657167,0.7260462858159359,0.02626716867762248,0.6370135312522991,0.7441219277642995,0.035823501880022444,0.6852010032866458,0.7012443907678487,0.6494438628990079,0.7237096711860769,0.024458130127813088,0.642202257216971,0.7415239611655243,0.03497106447006273,-0.14213001005407966,-0.1551348332043511,-0.21262835089930865,-0.06423551352989226,0.04355022323768033,-0.2441089625655235,0.01119811231859727,0.07388691396074704,0.6963291694059863,0.6929564770500711,0.6700393753237581,0.718188753041567,0.014354214703716901,0.6340795763001507,0.7638083042781337,0.03067370355178375,0.741683213076475,0.7417192888239621,0.729555191786767,0.7528648598943547,0.0065429222487979775,0.7033449870088613,0.7863340630469939,0.020344953503021786,0.7498146051502681,0.7505413900211686,0.7400997178641785,0.7579986698497853,0.005197423431405328,0.7349796548989355,0.7806521881173717,0.011150169926317765,-0.1314265536751466,-0.15669546367626563,-0.17682761296168895,-0.09707131417622197,0.02338286151158763,-0.22498117901467313,-0.033448526868343265,0.05747744190329172,-0.06402064025700771,-0.047439437870180456,-0.08240622963231248,-0.03678548227418292,0.015481276884839835,-0.09613735470343887,-0.02209648416196755,0.023433775499211402,-0.05602023949916779,-0.04567139905907458,-0.09281053508249783,-0.016984477109415835,0.02443274062840843,-0.10029896997457208,-0.006234451835897506,0.02772739240120184,-0.0646136018636223,-0.04929699925331987,-0.10153161893066151,-0.029881982824737835,0.023911589516995,-0.11552775958037087,-0.017213916612094732,0.03233426084237641
65,0.4,1.5,0.4,1.5,-0.29380771339315026,0.4,1.5,1.5,1.5,-0.31286371536894486,0.674055409379527,0.6817391247261921,0.6541548423768881,0.696435819514091,0.012643404419449845,0.6374457399668161,0.7116262200205002,0.021419914935549664,0.7191620070377464,0.7248147768265987,0.6985153881693723,0.7427296016164917,0.013351537961614991,0.6842532782880137,0.7564769208805022,0.02153677914510549,0.7520260956266072,0.7584353345425473,0.7442191696883927,0.7777382148628633,0.010386230347374365,0.7370232984705144,0.7892962877300421,0.014919869725845586,-0.1736243696523756,-0.18876099741013994,-0.24166824361619937,-0.026235415227318787,0.06033331467891457,-0.38982971606772765,-0.05370074956709639,0.11743794881978946,0.6578061704070508,0.6607675719060427,0.6409016373204307,0.6855397776648213,0.01299777295062452,0.640568044774392,0.7090919535889609,0.019481737175961664,0.7296358769044878,0.7309811224955232,0.7139352491263794,0.7458681400339219,0.008576397787276056,0.6976662698250152,0.7862560848928279,0.02015865405162561,0.7349234462837129,0.7360310626450742,0.7236147715297108,0.7479026856709857,0.007037844643832466,0.7170920417713507,0.763733685560646,0.012812363240294965,-0.20456267068256284,-0.09913667035455652,-0.27935694929249455,-0.032933930086668284,0.07402645199779173,-0.29044141494500786,-0.06640389716393069,0.06123530817911349,0.01624923897247621,0.020971552820149397,-0.004085251965469057,0.028314215206139904,0.008454701592133409,-0.026616537962941597,0.034561240330422245,0.01657669026050038,-0.010473869866741481,-0.006166345668924489,-0.031619761262360185,0.011506017682923274,0.011757600463777785,-0.05465459375236649,0.028762529954745042,0.024034269954652028,0.017102649342894294,0.02240427189747307,0.005828059800779585,0.03974855677745537,0.009842702838968646,-0.001779550370698109,0.05297507534377277,0.01572603665928493
66,0.4,1.5,0.4,1.5,0.009993658084435975,0.4,1.5,0.4,1.5,0.050800898047113775,0.6594437191949807,0.6664677165482855,0.6387958477680149,0.6808804434412462,0.011709483401999973,0.6271384387848675,0.7062909608347495,0.020354357229548682,0.7043885384861523,0.7139563960722217,0.6834971875295859,0.7260841418909842,0.012119389793583905,0.6767304021264057,0.7489746713310715,0.01906206865783958,0.720980159819245,0.7269050539040397,0.7065178701905913,0.7388876912647249,0.009400856666596173,0.7008153090044382,0.7567601141501945,0.015151077451501273,-0.013618456744147992,-0.03278445114799072,-0.07750904577198944,0.08038468884946479,0.04360384145563166,-0.1436678702202539,0.1548783708099634,0.09190023299998086,0.6463402787187712,0.6526730306148045,0.6270619511651457,0.6689730172717964,0.012857422825845816,0.6198374264068044,0.6793823120729496,0.020557814941156854,0.6953964482155396,0.7027600269356398,0.6753569594308352,0.7178231340209835,0.01360344417890353,0.6636808331106153,0.7287600189164765,0.02039257010241432,0.7312467566657732,0.7323786727230149,0.7146534827389167,0.7465291221915886,0.010415010139716668,0.7079685066357346,0.7576436223521882,0.014982618568166382,0.0025371583727088805,-0.015968765729054788,-0.08071743253363668,0.06838654886543932,0.04438128389062848,-0.13688583792411582,0.13032238688744655,0.08182668451067078,0.013103440476209482,0.013794685933480988,-0.012032301274569404,0.029407647980374162,0.012415885646209334,-0.02135458733281278,0.044486327823319405,0.019791167796470478,0.008992090270612763,0.011196369136581952,-0.015156447989002737,0.025051195803234273,0.012146397554459657,-0.02129411932578744,0.045386240996691196,0.018748943603242894,-0.010266596846528198,-0.005473618818975234,-0.02146077091875005,0.009263916945536205,0.008290475726059378,-0.030799376648245204,0.0200100623866847,0.014441450087998643
67,0.6,1.5,1.0,1.5,-0.006467585272842583,0.4,1.5,0.4,1.5,0.06455893520650133,0.6903424688772766,0.6833414226590667,0.6731762108605985,0.7097223543016618,0.010684116420561218,0.6656838234762641,0.7400561301997054,0.02386197011185385,0.717802331470845,0.7173534684936915,0.7006125167861402,0.7389946135763447,0.011795416218826505,0.679364672182648,0.751299427647782,0.021447864085413073,0.7276287413592656,0.7302589117785012,0.7134362911152994,0.7476334676849558,0.010410168803984246,0.7007376399891571,0.7598656298410252,0.016145998668635034,-0.0903292698467355,-0.13280008428336187,-0.15249356425119429,0.007235520557529879,0.04318883234411904,-0.20367230999044053,0.027121920910145036,0.0651567581665637,0.6665994029756567,0.6681324696232608,0.654522469868894,0.6747781530615127,0.006367768363658516,0.6539666268101526,0.6981847411638076,0.012845661445782162,0.7209133375934189,0.7203668387964649,0.7090726536073295,0.7318942878101816,0.00717595317150839,0.7086208426945826,0.7394703076780449,0.009706500965990952,0.715627843124288,0.7178237446231545,0.7052200598467445,0.7254059809164066,0.006175415066588238,0.7050966209506623,0.736044629183488,0.008527097631540467,0.06032051644275306,0.048052671770247954,-0.0031059802959732263,0.13445500528181603,0.03889541681795948,-0.051917553982363224,0.213909151956722,0.08043882913611866,0.023743065901619897,0.015208953035805939,0.008307123945483788,0.04511010609648338,0.010951999575426401,-0.015660273227874263,0.07107674443358189,0.025294434335459946,-0.003111006122573867,-0.003013370302773377,-0.02413035948797666,0.018194108080583346,0.01209544218737016,-0.04749322790130512,0.02474692233861015,0.02060487378123129,0.01200089823497763,0.01243516715534676,-0.006096943474491166,0.030473283083871604,0.011058260510781374,-0.023988768872941046,0.04061537957051757,0.01698818006492486
68,0.5,0.8,0.5,0.8,-0.015655077142090076,0.4,1.5,1.5,1.5,0.08632128383162145,0.7011783640748095,0.6885257943921093,0.6642809074939334,0.7356400506064597,0.017282361329510394,0.6698897805475841,0.7492604796931072,0.021852923613686463,0.7490717407831314,0.7374896416788862,0.7106399495174001,0.7833683646094889,0.017643263516595366,0.7076665307784686,0.7977995924559598,0.02481556419628005,0.7280615374073438,0.7270914512607329,0.6927269114589181,0.7580432463318555,0.017845553773876345,0.692715317654114,0.7601936788165835,0.02037850370807174,-0.06781376206861536,-0.07172832682968179,-0.12034096036902076,-0.0007254517601302662,0.03285171256705166,-0.18242964648618262,0.08151223291649631,0.07154131812694098,0.6535797054304622,0.6547236992078015,0.6413335138419158,0.6705892050725092,0.008444869583955293,0.636562825530409,0.6827867852304761,0.011416281319633287,0.7297230212121275,0.7293696952922281,0.72188858300329,0.7362704335961047,0.004618461332295718,0.7174929539753367,0.7772427902346946,0.015073593530289909,0.7436500387790331,0.7431933895580307,0.7360305302607697,0.7516000047795306,0.004164399359297779,0.7340964313288071,0.7577386552094358,0.006463973933796812,0.04943944395081266,0.043398313174751124,0.012223001937348855,0.0858913953459485,0.021299545159538386,-0.02575053375617458,0.13602091778618122,0.043282737450172054,0.047598658644347314,0.03380209518430777,-0.0062877730926628045,0.09192502157963078,0.024987074214904568,-0.012897004682892038,0.10411183043154348,0.031312185591174456,0.019348719571003925,0.008119946386658139,-0.01694259344302402,0.053348630015327206,0.01855758750327388,-0.06376097139468026,0.06115019673624193,0.03483834953748529,-0.015588501371689323,-0.01610193829729778,-0.044893561745516106,0.009691118197068957,0.015957792172923754,-0.05499724305552979,0.011724977528099333,0.02055318557533985
69,0.4,1.25,0.4,1.5,0.03260484987787493,0.5,1.0,0.5,1.0,-0.18773585928249634,0.7062285402675315,0.7146241122943277,0.6935811933763681,0.7260790332935458,0.009790350534311905,0.6942578969414678,0.7588564928677061,0.019003800961644023,0.7567796728083205,0.7567080793425628,0.7402190539645045,0.774012416190732,0.009113843702060661,0.738754365362985,0.8014389314967716,0.018334957092487496,0.7445791614526179,0.7528083236495945,0.735318767589528,0.7556862689008648,0.006554970913238077,0.7346017696355939,0.7784707823295521,0.012382732214326843,-0.08457673962414966,-0.39851398480344247,-0.42886013747737306,-0.24365333271413717,0.05013738649386765,-0.4442309218265985,-0.18670967390801554,0.08042987804908658,0.7314903567562846,0.7278268908924241,0.7229655757197694,0.7452057548170223,0.006489508247235319,0.7237615241548496,0.7618420162175568,0.009905562637167811,0.7932735746386657,0.7843138048336774,0.7825899079174152,0.8035633846064337,0.006059122570692871,0.7805459424475587,0.8118231380537267,0.009060687482205183,0.7826307789493134,0.7738758374703827,0.7728804021059863,0.7914965020957558,0.005570305217434223,0.7682730253427061,0.8090883443198884,0.010908470079785041,-0.18237091650096707,-0.3209333893080242,-0.4171501640924384,0.04236838981351873,0.11287554648559647,-0.46907448116000205,-0.14290006970621952,0.09210512674905501,-0.02526181648875314,-0.013202778598096487,-0.04313166353994262,-0.01117346704201445,0.009990319307621435,-0.05005387593492029,0.030223710027479853,0.020956707166499923,-0.03649390183034518,-0.02760572549111462,-0.05054970475621074,-0.022177842337883315,0.008463238129702823,-0.0681869775534324,-0.0013730420489738993,0.015737869989569737,-0.0380516174966955,-0.021067513820788197,-0.05449431142757201,-0.02057756831458324,0.009536126758305796,-0.05997983542062303,-0.004463573619517304,0.016610952190393106
70,0.4,1.5,0.4,1.5,0.09165941578572076,0.5,1.5,0.8,1.5,0.034347745335330845,0.6557816517767797,0.6693993132826309,0.6367207224086154,0.6798504560231772,0.012042604062723195,0.624635802707439,0.6900616674153028,0.0192395409740764,0.7235839472573872,0.7219317448957037,0.6975131693302908,0.7553648634051806,0.01807706015047322,0.6825454270646818,0.7745573776491591,0.02649241911768796,0.7372429858554592,0.7373628305972423,0.7152900422723407,0.7680975347670337,0.015239346487779632,0.7089179015038849,0.7824219032866845,0.02106283585485264,0.12957872702564918,0.06998753994759258,0.04453679750684733,0.23635966691124433,0.06749648576012911,0.039275895963181345,0.3459621773620091,0.07484187711311673,0.6881195061867302,0.6923937240715012,0.6677725992797353,0.7131100673827139,0.012604235032783507,0.6749645630376602,0.7320977827413463,0.016220912012452255,0.7385972366206597,0.7306243604711413,0.7129134182552328,0.7634499542919622,0.016044654639456105,0.7050390278922688,0.7744925879048279,0.021609191960820597,0.7350047469615839,0.7296432926605402,0.71602978615875,0.7559427306753463,0.011893232660804125,0.7020330937125118,0.7619610115295796,0.016921896733661203,-0.021241629030252087,-0.06382375810340087,-0.1714478004212076,0.1396805198188942,0.08208523922540353,-0.24029268812813911,0.6128100688136238,0.22362307791785258,-0.03233785440995052,-0.022994410788870323,-0.05288499964375057,-0.01196590445669534,0.012472748489334384,-0.07463902652363656,-0.003280867698718916,0.02415548047405966,-0.015013289363272508,-0.008692615575437657,-0.030610188774234926,0.008685289311571642,0.010577261815483028,-0.03227574554318022,0.03372414861793092,0.019422385962551813,0.0022382388938753106,0.007719537936702103,-0.019475284891008637,0.03314665644725765,0.015570148095396663,-0.02586717522085398,0.04749072012298642,0.021324022142770124
71,0.4,0.4,0.4,0.4,0.049391623930339495,0.4,0.6,0.4,0.6,-0.005625043883461826,0.675606045247246,0.7003728731866126,0.6413746604086931,0.7261657457536803,0.025815283681340603,0.6268143451155347,0.7335592251258677,0.03348703329364698,0.7396955592177916,0.7569237509072094,0.7108469227685759,0.7943293945355561,0.026749888722753534,0.6962874963114205,0.8045990309672738,0.03540422786652235,0.7231524989804753,0.7273988222204049,0.6748586198943209,0.78925498715294,0.035819402769565016,0.6670613280764434,0.8011861420252171,0.04398197099744988,-0.09845748784952775,-0.08768021358251386,-0.14883062438582279,-0.015120485465314526,0.037858116211492765,-0.2338363766565072,-0.02891208731861214,0.054208063274166766,0.6959697901943618,0.7035458369295706,0.6798883723696327,0.7107818585254982,0.009249224103366975,0.6800587639573136,0.7440177336950339,0.01741874234964978,0.7570266289526423,0.7601900820419,0.7495563508423966,0.7724350592484108,0.007153159574605452,0.7487378940718954,0.789099708994075,0.010344050185955982,0.7431259015377389,0.7504633547348015,0.7271762363059547,0.768389860938858,0.010859903590484311,0.7315647079090222,0.7827961605734644,0.013614648082888918,-0.0003857454638897196,-0.0044672463826429774,-0.044528142091620086,0.026725316516599745,0.019782396445173427,-0.07072808361598691,0.13478059343551146,0.05902302576554346,-0.02036374494711579,-0.003172963742958057,-0.06941472998231968,0.03691426445772978,0.03177418249418306,-0.09328065242568738,0.030883411056077857,0.03698688716355297,-0.017331069734850657,-0.0032663311346905477,-0.060940739138593034,0.04205685883322323,0.031381374175850206,-0.07805288896126751,0.03940574032364969,0.036861405462812476,-0.019973402557263653,-0.023064532514396663,-0.06162333940558062,0.036278171228764505,0.030223452140240595,-0.07467195537103072,0.03341636032227695,0.03536703186892405
72,0.5,0.5,1.25,0.6,-0.21506974971847342,0.4,1.5,0.4,1.25,-0.1679556172223277,0.684181085031017,0.6943974112899898,0.6750148215494278,0.6988566049111262,0.007267767548727925,0.6664674334623661,0.7307713563395132,0.018192441017594808,0.7255257172105596,0.7349433706978699,0.7153422071654555,0.7364870062468409,0.006736276664098637,0.7094559934621113,0.7381929607350094,0.008304276305399746,0.7275448536273563,0.7396263224275906,0.712654050489068,0.7406018070465519,0.008715702806481384,0.7061337833032499,0.7485991587924553,0.012386315556333774,-0.15167359262001595,-0.2165159264323526,-0.25813146990435,0.007341467436017907,0.0771568086611008,-0.30927895674419015,0.05349197489585286,0.09875437567002278,0.6991765127862665,0.704148615149665,0.678823149995242,0.721859242930932,0.012932039906452416,0.6697120864045314,0.7439199881135538,0.021185953558696746,0.7439357593041009,0.7526879395498246,0.7211910913632581,0.7685678501285308,0.014592529153109345,0.7021418581530697,0.7853573454092935,0.02494468992831132,0.7729970861724893,0.7762822108957829,0.7625838342595854,0.7834743550945199,0.006542812966304091,0.7553702802442377,0.7924112901423908,0.010898729940867227,-0.17232575133014685,-0.11894965829240146,-0.20793243303206455,-0.1047103714067509,0.03233090872431561,-0.2358956256453695,-0.09048932705735795,0.04033569063065823,-0.014995427755249424,-0.009751203859675206,-0.04580708302620909,0.01470955279897055,0.017584214585395587,-0.06509474949090338,0.03798790267431551,0.02996142125324907,-0.018410042093541357,-0.017744568851954745,-0.047732132788410264,0.011138019712154487,0.01728783653374292,-0.0644239898923679,0.024523431924296395,0.025280113478120668,-0.045452232545132976,-0.03665588846819223,-0.0630859387765188,-0.024649994129629205,0.010552202947900073,-0.072306863351496,-0.013944230924692824,0.0139871310820324
73,0.4,1.5,0.4,1.5,-0.0024435903916506063,0.4,1.5,1.5,1.5,-0.005164149104710473,0.6794710570827862,0.680354637664889,0.6394117325387279,0.7511720096378633,0.03509438674339981,0.6388687052565392,0.8002905180869057,0.05019559307282364,0.7248923021745509,0.735766028683843,0.6886814597001211,0.7760130860656727,0.02630577502196376,0.6909838797686948,0.8116037455807692,0.03796455444570671,0.7288213355174926,0.736576159444807,0.7067527806867134,0.7555114978266579,0.015718211225905013,0.7061569576696709,0.7732766464028562,0.021530129557268088,0.0021229002604181762,-0.05949158413890945,-0.04209024050717023,0.05452827037034512,0.03030373671390191,-0.0566292560071277,0.09042218838734264,0.04377414785760247,0.620066999324878,0.6327154859608636,0.6055440156018672,0.6392977434207473,0.011298909597940365,0.5985682858881135,0.6528505815833383,0.016577676162103636,0.7055732083500893,0.707434334118828,0.6943184385826194,0.7193613293029857,0.007510241906333403,0.6684643575998215,0.7350859907072871,0.015190695458775869,0.7247235444330885,0.726027092486351,0.7147002183467251,0.7383712459546408,0.006926560939228017,0.7103719050062426,0.7470932424181441,0.011527912877890916,-0.018451070337422184,-0.04382540120494611,-0.04803759739947153,0.022141325951957263,0.019999197068259447,-0.06571306741848089,0.07029287456572084,0.04372030597233704,0.059404057757908246,0.04763915170402544,0.0073236993617054325,0.13628073302547308,0.038868695992186106,-0.006221022692772651,0.19307652047530297,0.05712105731754161,0.01931909382446162,0.028331694565015053,-0.009179560455274315,0.06415022725346346,0.02213907774725028,-0.012581623991086019,0.10721685889773086,0.03220109751383478,0.004097791084404112,0.010549066958456033,-0.013120092976841732,0.025989747836458153,0.011776364357944203,-0.01667597928471544,0.05033702843970046,0.017464158818546575
75,0.8,1.5,1.5,1.5,-0.04254645442511839,0.4,1.5,0.4,1.5,-0.053875367575330416,0.6602771931865566,0.6530734395477517,0.6484833111800373,0.6755657438845389,0.009934251611367004,0.6212556096707658,0.6969518259629802,0.021927124209504597,0.7239501993460744,0.7253650659538503,0.7165807061022146,0.7405950845872125,0.006960948448223582,0.7032898833445742,0.7467397719281562,0.011947784676351979,0.7386728070444728,0.7361652412157871,0.7306303018449833,0.7500591714423435,0.005683537376639449,0.7262670604818677,0.755369785878592,0.00941580269362722,-0.11314132851347837,-0.1887558632010226,-0.21551087873139246,0.08440930369180787,0.08978203430543409,-0.3095046135725985,0.25706671723176205,0.1400088920336951,0.6450091653073253,0.6579476116600441,0.6128600677864232,0.6753892168889156,0.019535637661958004,0.6021357392408099,0.695613924538037,0.026217863913399184,0.694070719653571,0.7078182778388062,0.6604982858898385,0.7243940093155363,0.020433360225574706,0.6509721546187482,0.7387179726338859,0.023705408030161246,0.7394272522929237,0.7461796068231207,0.7216755841650165,0.7600033242724448,0.01256866025636031,0.7177656730768102,0.7686970024943512,0.015631784961699525,-0.10015631397280489,-0.12169040723644661,-0.19616666054463788,0.0166394231609841,0.06821354897961346,-0.20365237600994401,0.04359407371243976,0.0756261799644794,0.015268027879231316,-0.004874172112292463,-0.02842412962965691,0.062489180058959176,0.02880486790617818,-0.04811986930412196,0.07608584731205936,0.04162033681523976,0.029879479692503375,0.017546788115044065,0.001587250486056839,0.07456239797291542,0.02435223487027749,-0.008606328167479499,0.0792810820866352,0.0281143393614772,-0.000754445248450919,-0.010014365607333597,-0.02639056823802243,0.025199846050824704,0.01600983820143342,-0.037459711058363515,0.03491737961778587,0.021239847849525213
74,0.4,0.6,0.4,0.6,-0.25595460880609777,0.4,1.5,0.4,1.5,-0.0922742305086068,0.711329852386439,0.7071742040207266,0.6808208475864168,0.7536058059030027,0.021559774416585343,0.6743799768730249,0.7769890192267912,0.02658926817347302,0.7597723487656647,0.7525162662654682,0.7294480771521897,0.7985581722606165,0.021229058438084248,0.7210746913069518,0.798768056758976,0.02190399625472527,0.7339208806156283,0.7380077571862723,0.7013707422370433,0.762959743072696,0.016587641733343587,0.6997456736121682,0.7677309976054989,0.0182556572109757,-0.19334921430656496,-0.19460868438467943,-0.24930911725691007,-0.12380166486536329,0.03261686961859933,-0.30099893587367427,-0.054822687343795945,0.06638304734576513,0.6072695433825489,0.6178751714581618,0.54847370488047,0.6627945027623878,0.033146880295535815,0.5212207878928883,0.6891020154721087,0.05149715264786409,0.6742836989889491,0.6932527154712659,0.6277440660062722,0.7350687904609774,0.030652136029066687,0.6060026878000205,0.7707230892751743,0.04696265752327733,0.7072235366398524,0.7158126168595238,0.6729894607143793,0.7495834324267917,0.021643233163521854,0.6530572342139632,0.7691359115559151,0.03466296261491735,-0.23859154815593392,-0.23302769489144,-0.33373337227418776,-0.19911492606626016,0.04107582155942578,-0.4064897944382925,-0.0993026426457331,0.09338512419617405,0.10406030900389007,0.08929903256256477,0.04965677161092766,0.16571018859388148,0.03144193010502697,0.02080700770421301,0.19848329292724148,0.04975777981755842,0.08548864977671555,0.05926355079420231,0.016632651599360032,0.14600486792586165,0.033570065999762644,-0.022916553911785764,0.1679439780715934,0.04839618629668053,0.026697343975775945,0.02219514032674852,-0.016083469091763183,0.07348846471815929,0.022888523448330873,-0.05177624244143604,0.07470121660870259,0.03462098861386548
76,0.6,1.5,1.0,1.5,-0.08572221015958356,0.8,1.5,1.5,1.0,0.056567503597826266,0.680537278782144,0.6804562745056582,0.655574883128484,0.704999156547168,0.013368609098095278,0.6467899344246639,0.7293116814593756,0.02131045119166683,0.7326223425771293,0.7285832150142302,0.7051257776941892,0.7573364237871947,0.014043699760213328,0.7041096121007424,0.7672525301731934,0.01643872650142853,0.7366279049502962,0.7349434038991817,0.7124399755262373,0.7596432646356467,0.012487009344171206,0.7160981501141722,0.7707437775191092,0.014712362856040632,-0.1653720635743067,-0.2373287334799492,-0.22016865619411313,0.22237028055422345,0.12233415980129284,-0.363516357061693,0.1181108081935189,0.12957674406228156,0.666583931042659,0.6658222493789783,0.6545904022448691,0.6769473627016681,0.005635423076764865,0.6498415051909574,0.6922957458926817,0.012554195233610396,0.7353181184857193,0.7404874820507346,0.7260535970585217,0.7454275980825392,0.005718744242301549,0.7246985335366077,0.7469823164320587,0.006528444531821987,0.7460366748505263,0.7516459074955356,0.736408266940433,0.7568251175749907,0.006392797782044294,0.7334100924125557,0.7592140904694494,0.007482485603273971,0.01213635327564096,-0.029165275116990803,-0.043921028545221896,0.05974867565438591,0.030193487306839243,-0.04915233968023605,0.07856506693796049,0.03821138590320312,0.013953347739484978,0.014634025126679884,-0.003860873415793456,0.032360748761118004,0.010335328209279326,-0.015142738076709607,0.05024838509953364,0.016226865736775346,-0.002695775908589937,-0.011904267036504379,-0.024117750924885294,0.017597503297075122,0.012022778903735057,-0.028634746383971982,0.028016520419216775,0.015275195586943503,-0.009408769900230096,-0.016702503596353946,-0.026598691333736962,0.00609072638829089,0.009301580947431673,-0.026871699781767726,0.017339452999296817,0.011496937206914913
77,0.5,1.5,1.0,1.5,0.14439792635807536,0.4,1.5,0.5,1.5,-0.1714507010941316,0.7252433212838709,0.7252493922799736,0.6982836186510925,0.7510812060860441,0.01674823384605378,0.6941483721949173,0.767658852965654,0.021652413889264463,0.7501524963681512,0.7435821471247859,0.73444778331492,0.7653955856561339,0.009057807160001532,0.7043832809538587,0.769242388767675,0.0183099791802756,0.74988970228652,0.7484561680588475,0.7396583666780567,0.7594129668319363,0.005812606087010303,0.7283082383355216,0.7623803339910709,0.009768458133330932,0.019808664111613812,-0.044500344577607175,-0.04797630016662873,0.0754834844297666,0.036463851356177024,-0.14173038843690372,0.1369545267601733,0.07732606551058506,0.6758629363890493,0.6761373644762929,0.6478928950280942,0.6981501133658033,0.015119651169764376,0.6268712201388742,0.7101336851830767,0.02466976418795449,0.7364195087835261,0.7383851672741406,0.7208701291213487,0.7668713743024556,0.012437502962929297,0.7000355163824957,0.7779054446678283,0.019236290038489777,0.7515840537114719,0.7499699842386389,0.7431050596355127,0.7631952986849347,0.005450921550357344,0.7362260001315589,0.7714072508212376,0.00966088904247209,-0.13517149340068182,-0.1751535440148726,-0.2558175592890314,6.384327775568743e-05,0.07331601655308614,-0.2919869408958764,0.07489535801103211,0.10862941579680592,0.04938038489482166,0.049112027803680736,0.022041189706937497,0.08906616886266935,0.019375926568810903,0.013753351999690688,0.12902237766707053,0.03395938288890027,0.013732987584625045,0.005196979850645267,-0.023102655667175905,0.03502239274017451,0.01739554963395897,-0.03588526549498666,0.058392713662890554,0.026206868983895463,-0.0016943514249518898,-0.0015138161797914051,-0.01864745028439596,0.012360550409201742,0.009511028468345664,-0.029752782437773014,0.018641282785467304,0.014455302694879579
79,0.6,1.5,1.0,1.5,0.05904481212200834,0.4,1.5,0.5,1.5,-0.13979262816268878,0.667331369082564,0.6587590377927259,0.6410488410134484,0.6949757022266165,0.015198403909134649,0.6282242828838986,0.7080254935998899,0.022860673224788144,0.712126179453989,0.7124943719411457,0.6969406764015456,0.7265538460481812,0.009214464611579572,0.6948558165512839,0.7340366594468347,0.011958048138465526,0.7267765490480378,0.7275491284035559,0.7173473268244213,0.7421903981249872,0.0074817761326285365,0.7163822264934527,0.7475289222197559,0.009198615847339343,-0.005829932481304422,-0.036865030536025904,-0.08971043545866718,0.07926858202880122,0.048428441859183116,-0.09530321283820956,0.12630075431448537,0.0634267639908594,0.6636973429649896,0.6690658649856862,0.6555580920116675,0.67140294348009,0.0052932303001196395,0.6505091225473026,0.6804346885273695,0.009207207000653968,0.7216199710620687,0.72697462098763,0.7118347177914423,0.7298446428470384,0.006282493793642399,0.704861979645451,0.7396113012594344,0.009018309860767463,0.731007331589544,0.7351475110138472,0.71952790899057,0.7407082070003697,0.006200391291631853,0.7137272504692419,0.7472188570225468,0.00879386551253777,-0.12122788978801739,-0.10053470152662572,-0.1486899462286288,-0.058655920414332444,0.023235288732590724,-0.1621527352622634,-0.02416031787220789,0.03690087343220712,0.0036340261175743516,-0.010306827192960277,-0.02579910966129179,0.034973074203916245,0.018487356027416038,-0.03639995084849144,0.051916355625188655,0.02570854912959666,-0.009493791608079616,-0.014480249046484261,-0.03317271040455598,0.014719128256738864,0.014566614543593065,-0.04294732072327922,0.02037684863734892,0.01725137082483737,-0.004230782541506217,-0.007598382610291332,-0.02119303152373997,0.01858476584153059,0.01273934948782859,-0.026809506527975792,0.02567168506102324,0.015195213234404618
78,0.4,1.5,0.6,1.5,-0.15665209610289688,0.4,1.25,0.4,1.5,-0.0894038777537227,0.7298346574861565,0.7406946671688782,0.7108041256848006,0.7727404018651053,0.016957057913535516,0.7108466360294003,0.8073971810307831,0.02998445985798829,0.7824577598409831,0.7796830071710836,0.765947870561062,0.8047364855949507,0.010976817215117951,0.7393176389338771,0.8437678462082235,0.029175061149166653,0.766644403235754,0.7663559670650679,0.75136479911283,0.7871024537273947,0.01017763957041645,0.740989730102608,0.812691480085714,0.020271361542385513,-0.05854008649396136,-0.11940362757383213,-0.14101595869611333,-0.005373915050745942,0.04369406266066016,-0.2251609894120008,0.015801594160920807,0.07253987955416669,0.651930010661849,0.6489033185057261,0.5910768160170142,0.7124172361193973,0.038838998127537876,0.5804187776422919,0.7466738905122622,0.05085573711823507,0.7033021399632053,0.7053037008113945,0.645895261155635,0.752594922167667,0.03488321753718375,0.6261587019148003,0.7735972693532109,0.048888035654124265,0.7114748742976269,0.7202726644692378,0.6845781990715737,0.741021129410516,0.017551917706834657,0.6738524711330666,0.7535450217353231,0.024553570496383677,-0.14581429625954156,-0.1066629007671354,-0.27594302147865757,0.053485996120364365,0.08988878313736356,-0.2563288507240993,0.08711021044094858,0.09105617094480728,0.07790464682430753,0.09179134866315208,0.004311991060338249,0.16154659450259407,0.04683499810847065,-0.014861716390872526,0.17893597219106772,0.06332918316383479,0.07915561987777775,0.07437930635968915,0.02389332800489366,0.1459901327549933,0.03830974205698104,-0.00323827054191117,0.1899208245791403,0.056690818120996994,0.0551695289381271,0.046083302595830156,0.023876652351008318,0.08775520692732215,0.020179676558413663,0.020598516842380774,0.11533923066738691,0.029079167035809227
80,0.4,1.5,0.4,1.5,0.26241815738517443,0.4,1.5,1.0,1.5,0.017177900642764025,0.678043302246814,0.6927859052755196,0.5786284578771405,0.7762842536559247,0.0623826826548192,0.5777790615553751,0.8113348186941297,0.07100603024507933,0.7070943213236143,0.7271209748080462,0.6096115275194394,0.7642358936437811,0.034069529228154205,0.6105874465996717,0.8007093353711408,0.04996202930131581,0.710542345528134,0.7232373076963139,0.6555057492045446,0.7361246014577216,0.020361045483447242,0.6423592377105686,0.7798604486968049,0.03811592309691291,0.005795376594784287,-0.04737984978918664,-0.13061331440079002,0.16700063509264942,0.08628247475723219,-0.1929951422983142,0.27665036701575924,0.1378498320785081,0.6552499414807447,0.672375552610348,0.6285946927698054,0.680753410858235,0.016705022730166042,0.6162846130573869,0.6931575708991982,0.021321284890083943,0.7145010932313478,0.7162399980071859,0.7036211016351639,0.731333858463656,0.007993786069662553,0.6585451821020568,0.7445768868002114,0.022717003204347472,0.7246382451973578,0.7248139697897414,0.7134333216914909,0.7374474562307094,0.007592896646664097,0.6803312570488766,0.7571717130379421,0.01812364389396942,-0.024280774179004542,-0.08160923750331345,-0.11472871410201872,0.05910900551278209,0.04683148555675454,-0.19462511711499936,0.29576982097321075,0.1356797058173577,0.022793360766069304,0.02041035266517166,-0.09051782266823108,0.13450939645889126,0.06892925764438043,-0.10411705011927708,0.15890297375984147,0.07759474401283359,-0.007406771907733534,0.01088097680086031,-0.10364301639902335,0.05059687890802636,0.03610258529720154,-0.09321286003773885,0.08583923164469798,0.049812514356895744,-0.014095899669223755,-0.00157666209342755,-0.07301397356901664,0.019484900013624615,0.024973507586306863,-0.08286674282981848,0.06680755592216737,0.04572005891936703
83,0.4,1.5,0.4,1.5,-0.0634240902975119,0.6,1.5,0.6,1.5,0.04674631337220282,0.6093349640993009,0.6274397038343626,0.569749426505318,0.6403932571362227,0.020254808594611925,0.5401349907402926,0.6584013509497698,0.03868334266117088,0.6685239810333959,0.7013366891783068,0.6276175343200965,0.7077844984071003,0.027407327578958012,0.611059592109595,0.7301650210902845,0.03986915209664903,0.7106060419024949,0.7225446841087871,0.6843963095614927,0.7506250351623325,0.018722247283445747,0.6712192856637754,0.7637958834936953,0.025904173162474297,-0.01563217764009109,-0.07352735629547974,-0.08967724512841999,0.04131227400216966,0.03770972102119889,-0.23077565355895405,0.1091003880438711,0.08719892133949786,0.6805013283275735,0.678684098379451,0.65817797095341,0.7060038643204237,0.01453395310546346,0.6558408656318421,0.7188054237673951,0.017628323540136163,0.7337946584492837,0.73790997341462,0.7158613108686677,0.7599329778784273,0.013545139057905106,0.7140161297424215,0.7709146832613948,0.013277274615791835,0.7273471467659036,0.7360165232778316,0.716255295283449,0.7389970875125983,0.007146737368651154,0.7155420153881665,0.7463608656897549,0.009755233338303738,0.07570064075234847,0.05969480001339604,-0.04598754797969472,0.1889912993232594,0.07684993613502251,-0.07281152519704007,0.19693976652318923,0.08257656163268391,-0.0711663642282726,-0.051244394545088334,-0.1123518782622693,-0.04210621509614408,0.022564768667042268,-0.16602680757727606,-0.03674841693371596,0.041516852064783845,-0.06527067741588777,-0.03657328423631312,-0.12099681909124523,-0.028219210116281174,0.03024497914765891,-0.1378860284883227,-0.013181051963554832,0.041302112116515896,-0.01674110486340874,-0.013471839169044486,-0.05137132389522588,0.018674482228453533,0.021679570104823766,-0.06637996638107549,0.03974115298105273,0.029586020899807563
82,0.5,1.5,0.8,1.0,-0.10792741765639502,0.6,1.5,1.5,1.5,0.19342505186256745,0.7134319786226572,0.7208532035297791,0.6934557030497716,0.7329528110386139,0.011311477314202062,0.6516334341805688,0.7797749066888658,0.0315790526593179,0.7629847531560495,0.7559677306024927,0.7415401953108517,0.7809166705329684,0.01168028481613923,0.6656297057766564,0.801992565230563,0.036846130443742665,0.7504511137819156,0.752081858863337,0.7366495739297536,0.7647663624180501,0.008268145525087492,0.7224790388435507,0.7783112955429125,0.01752540190899449,0.05746643074616723,0.03578067695178339,-0.005517513271146766,0.14519970228524318,0.03988807645150964,-0.08637415233135529,0.23792194860891838,0.09058403503355558,0.6790761962327665,0.6792445399280554,0.6572917396150599,0.6994737712662756,0.01162089006511981,0.6421617533631471,0.7228822822660668,0.023620104060597027,0.732447964158026,0.7269489295603224,0.7136158392016853,0.7415554136253536,0.008560611116340613,0.6996168669497657,0.7507537998377045,0.015172540851308997,0.7376954822660363,0.7368234569900698,0.7235648289603429,0.7496003522173127,0.007574441894547114,0.7152468772824474,0.7582647392663783,0.01276621348195329,0.1164754034074382,0.08605369454042394,0.08226151663283314,0.14103905522160295,0.017253200814466498,0.06152851558221642,0.19453688530166213,0.04139528609540184,0.03435578238989068,0.04160866360172366,0.012169366568041393,0.05622477143402664,0.011509865389066535,-0.020691940184119934,0.11034457970264461,0.032204198992271886,0.03053678899802348,0.02901880104217025,0.013447318763524369,0.04897062243298398,0.010351294179707237,-0.038673668639480546,0.07192995583539338,0.029630216350455603,0.012755631515879329,0.015258401873267213,-0.0033593588053510218,0.030618753241011088,0.009501252457366558,-0.015148989131277955,0.04041422133460093,0.016217578448696257
81,0.4,1.5,0.4,1.5,-0.19371879949834322,0.8,1.5,1.25,1.5,-0.01989992693359802,0.709540818281356,0.7148853368488555,0.6888745050703836,0.7302215423858452,0.01351524035883075,0.6676568662425449,0.7497586219486297,0.024442485047673986,0.7601499319134501,0.7630727208720983,0.7332620841540884,0.7849046341096502,0.016873996294847485,0.7166348633574487,0.8022505430579395,0.02543953657552002,0.771179448889209,0.7671450232506637,0.7592211543895199,0.7845098559019198,0.0074202753791791235,0.7433523557226637,0.8005297258683731,0.01359067490332062,-0.08754920939492052,-0.13018371115591673,-0.18291565580229074,-0.007919191406231554,0.05069866810751655,-0.1718186344281203,0.050162287772956185,0.06980465921202061,0.6676805064887021,0.6617809067660563,0.6613680852572248,0.6732390792138616,0.003002977282463387,0.6502012538086901,0.6800399378538394,0.009373108683669964,0.7308810852297761,0.7331770812118257,0.7236600435287913,0.7393374961362847,0.004338485087771363,0.7227368077166476,0.7408165000431655,0.004820571521927126,0.7414967432560556,0.7438576260234397,0.7344012949473636,0.7498717647571808,0.004585082139824783,0.7336165614920561,0.7516174558164176,0.005646659073780012,-0.05150738163978232,-0.07508145211274138,-0.08682129149104406,0.020689999667960417,0.031142806545037344,-0.13349288058631034,0.11155270407981246,0.07526119028875768,0.041860311792653815,0.05310443008279919,0.019375128466132457,0.06345480929016536,0.013912851762865348,0.011586607145319824,0.08504187419876402,0.021641158818037895,0.02926884668367402,0.029895639660272644,-0.0026266130123693,0.055438364913567593,0.018328788602068703,-0.01610391786332116,0.07233953512563113,0.02631889769018559,0.02968270563315334,0.02328739722722395,0.01612211852028083,0.041619596921001166,0.007704646350903385,0.0007663412809170295,0.053895907622955444,0.013616236705769273
84,0.6,1.5,0.8,1.5,-0.08792723992215132,0.5,1.5,0.5,1.5,-0.13086295439766418,0.7077135696418115,0.703269772437134,0.6859471103771457,0.7350261284730206,0.015091126112635734,0.663580084599533,0.7425152961912462,0.022310138067491166,0.7475322643073552,0.7444047513582537,0.7296404376431508,0.7758252478969705,0.013640104609869716,0.7103778330842972,0.784404059323942,0.020180129168824956,0.7498656875632923,0.749110166761377,0.7327521065307925,0.7760512391611517,0.012275883526062277,0.7280081682491939,0.7878601060456033,0.016719089175370586,-0.18318507789647212,-0.1981271863190622,-0.24513629846571072,-0.11583998566547293,0.03749956605904103,-0.24827280154374873,-0.08151493827185391,0.04486721414442342,0.68775014644526,0.6864681398686474,0.6754672775154962,0.6982343672934361,0.006681257462230662,0.6734448356913785,0.7039916116612397,0.008775558548612776,0.7439246317702228,0.7447449423252591,0.7328098803495969,0.755253636616494,0.0068923000438533945,0.7296776946549722,0.7652632224448842,0.010567639827570897,0.7449839440480972,0.7435169692803613,0.7270300973471342,0.7557521827772316,0.008369508251886976,0.7216611966895647,0.7645670924575969,0.011540012240112571,-0.08658569429668324,-0.08789142493852772,-0.14087316230036784,-0.05338814564788413,0.0236297908034886,-0.15319680898757998,-0.04520917371212883,0.033545017290046525,0.019963423196551533,0.016801632568486546,-0.008246193621858001,0.05493764275929566,0.018903566057790318,-0.02991982494560423,0.06185974380456485,0.026255847740209354,0.003607632537132366,-0.00034019096700543816,-0.017514036965628674,0.03433151245119694,0.01649802928787154,-0.05247081931088964,0.040925379904851435,0.026710847558999037,0.004881743515195103,0.0055931974810157215,-0.020357614300152763,0.04315114043536776,0.01762315440720856,-0.029986937441647835,0.05243104883542053,0.022807704414710625
86,0.4,1.5,0.6,1.5,-0.047716962899161205,0.6,1.5,1.5,1.5,0.05270150410800289,0.7537005272899798,0.7508532209428497,0.7377219341005624,0.7677445808649241,0.010006706413017435,0.7235698565015596,0.7890507363489194,0.01824117749326237,0.7872806212777179,0.7846060436760484,0.77068540797743,0.8014524671883154,0.010466644342770523,0.7574105371306992,0.8198924380740257,0.016843454703293362,0.7806751296194959,0.7800459254679639,0.7680844707752463,0.7928912012296717,0.008203015286616565,0.7550445737901821,0.8078098923964258,0.014174549113446873,-0.17621854514077673,-0.23720037505732838,-0.2395423964845174,-0.09226082260428092,0.05077868522921122,-0.44379762189927036,-0.03800336652994046,0.1355700519419745,0.6623229120096932,0.6611158583211811,0.6471591685128597,0.6766825819045604,0.009426228558285562,0.6407767003708315,0.6872645170452117,0.014818912711195039,0.7149345791481105,0.718249955511862,0.7029255315163465,0.7247820017614176,0.006858617801994598,0.6956184836779944,0.7435022709140532,0.013750811427767056,0.7266920484837591,0.7302129453914269,0.7157921339753771,0.7363153267526248,0.006738751451482077,0.6980037217998244,0.7807820685738244,0.019111750916835882,0.05630903641733524,-0.0040843798648421276,-0.003302934966003458,0.13979238722300077,0.0408581010667684,-0.07518613412141657,0.23298461214721522,0.08925638093004391,0.09137761528028665,0.08973736262166854,0.08177069328848718,0.106526555162572,0.007561783320340436,0.06203976276122565,0.12015837216596531,0.016132013766120747,0.07234604212960738,0.06635608816418637,0.05456102508611138,0.09007336655155404,0.010404667111477773,0.04513408361789144,0.09807784804539514,0.015186126791613894,0.0539830811357368,0.049832980076537026,0.03506345818101682,0.07267942429120638,0.009712597791811993,0.0061001150363672735,0.08454567926713576,0.021035798149476058
85,0.4,1.5,0.4,1.5,-0.12154768415745351,0.4,1.5,0.4,1.5,-0.06480297265145346,0.6302371496417669,0.6453837220785568,0.6053894391105075,0.6533738467403898,0.015072283029352438,0.5852543150360711,0.6684557398693153,0.028250884914854574,0.7047122746200295,0.7300835908685848,0.6802502261257078,0.7348489128869289,0.018694842614205807,0.6676938061227586,0.7571826902887424,0.02842583371986727,0.7265036301690306,0.7378526518109103,0.7080624637286256,0.7520038114177566,0.013368449784671258,0.7016216916372611,0.7664617816092664,0.01961162590927583,-0.08359155112721882,-0.10384911837263612,-0.15859133581827795,-0.03183889257189515,0.035994325482337906,-0.18336196152279308,-0.008465545455476564,0.05460038652626239,0.7339320681576209,0.7392194581384395,0.7193304006792904,0.7510904580950511,0.009271576859673737,0.7091577662618372,0.7655759557499306,0.01513813186654789,0.7939592989620263,0.7974314866073235,0.7779155140084365,0.8104078528029445,0.008772128761887108,0.7690542067602557,0.8242103019634487,0.013938119069974407,0.760340454088814,0.7659417520672311,0.7498423471573763,0.774568976580251,0.007698264906115959,0.7371720784988212,0.7943282565122913,0.01646037484878319,-0.1573190372955921,-0.1403865760876788,-0.17434266201365528,-0.10223166309088447,0.019865381701625256,-0.19719859899242936,-0.08551439852643897,0.030261538729667234,-0.103694918515854,-0.09383573605988271,-0.11939233977027994,-0.08687755247184537,0.008899586983563081,-0.1473468997320091,-0.07833126185334598,0.019337277444600613,-0.08924702434199683,-0.06734789573873878,-0.11159756011906433,-0.06478659190092591,0.014529272279494135,-0.13700290521754344,-0.04854409040279803,0.02580006422061567,-0.033836823919783376,-0.02808910025632083,-0.062621968648394,-0.0029970885041299203,0.016528151547134554,-0.08255647265497498,0.013482269459275414,0.026804633865428026
87,0.4,1.5,0.4,1.5,0.012006295864949794,0.5,1.5,0.5,1.5,0.08322945998296898,0.6962097423574932,0.6893454695443452,0.6616030875820554,0.7349876710449483,0.020745746139904965,0.6427291640514993,0.7573889681615604,0.029590880516371494,0.7327960408786306,0.7342945699049639,0.6948044068048521,0.7737342459588535,0.022977291646950455,0.6859241265647543,0.7887636162073567,0.030292037953374373,0.7355604199333873,0.7404751977011468,0.7150312545565182,0.7564520780990253,0.012698547841065602,0.7071924348436148,0.7614786273056767,0.01700725605140711,-0.002338497014523769,0.018326619177619165,-0.10553550026856512,0.16197602495570718,0.08625352107251397,-0.10148967272910658,0.14394832424332063,0.0810151725103239,0.6641154033341877,0.6634048694906278,0.6439442784326405,0.6850829882867159,0.011039349611556403,0.6292551048044931,0.6900732091613158,0.017047419053491067,0.7167669287701063,0.7159340621085726,0.6951401280404012,0.7391868108305067,0.011461818879821778,0.6826075259064588,0.7386567653569512,0.013036163956779527,0.7398388342818415,0.7381634740241054,0.7274673412069992,0.750241614891348,0.007168021480224483,0.7303801798192373,0.7535744925811988,0.0063747396598644365,-0.04290009275116038,-0.026448895759384212,-0.12323663223132378,0.08967212840267588,0.06826909301912422,-0.14452726357927162,0.05777605057650358,0.059309146806553976,0.032094339023305496,0.025940600053717344,0.004055684517412228,0.05778064620279468,0.016010390704684466,-0.012325876138122777,0.07289008800695193,0.025323297276557424,0.016029112108524313,0.018360507796391312,-0.016499527907681888,0.041350292397677915,0.016364374274271544,-0.02242184363351448,0.05902984043176715,0.02300704116848005,-0.004278414348454218,0.002311723677041355,-0.01947242018711941,0.0088600197955623,0.008536099670597944,-0.025954120291560717,0.01451912398587589,0.01298010434242455
88,0.6,1.5,0.8,1.5,0.11588512162296861,0.8,1.0,1.0,1.0,-0.16527390953745608,0.7412235780341115,0.7321755258324643,0.713470933806404,0.7683149645396048,0.016614723088341225,0.712213841276049,0.8333904965630708,0.039378546822974814,0.7755487274981506,0.767280122166229,0.7457013275710543,0.7974912300589586,0.015343465745735604,0.7134133511222782,0.8193828665995894,0.033937909498771734,0.7646845025832769,0.7631537915584027,0.7460501506612152,0.7820757185472947,0.009623491918275643,0.733875996760776,0.7949711097377338,0.01981343193860636,0.08109231346680697,0.012038360167064164,0.0011852648217769018,0.16394910324557205,0.04679093188255231,-0.04346439808826254,0.21200360434694693,0.08059467727204148,0.6694920035662918,0.6649385432794733,0.6433538385604318,0.6887241587687352,0.012346990640420965,0.6259167792077458,0.6967279207757455,0.01839440850193868,0.7369368985837356,0.7415161385282946,0.7160649528287523,0.754286043112772,0.01111324116100799,0.7129752349857257,0.7722978759722184,0.016025624177953324,0.735822342318337,0.7439850925560353,0.712150682929169,0.7532689577606388,0.012385518516148554,0.7078509075872762,0.7621853906550471,0.016308714216095414,-0.22790120244742443,-0.25172741371617385,-0.2710535737158849,-0.15871567657575927,0.03222499660087969,-0.34373929854061047,-0.06631989715392053,0.08607388190866938,0.07173157446781975,0.06723698255299093,0.04032625489364307,0.1051424099685421,0.017398224549867163,0.036308324274799325,0.17562287714504518,0.0389208347628316,0.03861182891441506,0.025763983637934418,-0.0013111462205396829,0.07185747657245706,0.02021898311667431,-0.029184413399316766,0.09920117015561666,0.04039985486769545,0.02886216026493993,0.019168699002367395,-0.001195801752667168,0.06028440284297223,0.016297943240383028,-0.01538667458650668,0.07924910655664472,0.02739374810922845
89,0.6,1.5,0.4,1.5,-0.11626737567623695,0.4,1.5,0.4,1.5,-0.038688996169931406,0.7018668664576826,0.6874899175485969,0.6810464170746541,0.725038994786425,0.01458017522442416,0.6571787742667781,0.7462152055856144,0.0251985641767243,0.7637704087088448,0.7549845254348162,0.7441680261973755,0.7861292047613817,0.01357038677632475,0.7277591857624044,0.8013045529499738,0.0203689614693991,0.7584448647814123,0.7521392056322364,0.7412578344874341,0.7735770013821011,0.008700050250328419,0.7328076176120859,0.7826514658031563,0.015302698595924468,-0.16187317901004403,-0.2122559676706578,-0.2694139812018401,0.004784663086439406,0.075305039247879,-0.366993369250957,0.03665750431214895,0.10467454739401047,0.713395489406953,0.7277741839614715,0.6714507563201487,0.7553711447365654,0.02430415416103206,0.6489144133340086,0.7640782022593776,0.034668236908932094,0.7541111250061939,0.7515438169760635,0.6827526773610935,0.7683098906443698,0.025625131549770086,0.671937188301251,0.7815980417075763,0.030296334687077344,0.7562139261755891,0.7558284661447212,0.7265944458210711,0.7712218624594208,0.011209903439779451,0.7231790501071961,0.7762580806302655,0.014537698074923602,0.023484877176074316,1.8965726907707725e-05,-0.04155542206874107,0.0857486550742883,0.038588937493577065,-0.0704689873697869,0.09597952782096159,0.049399958655871205,-0.011528622949270373,-0.040284266412874636,-0.06855615409603644,0.04522852255702574,0.03637248051079214,-0.08558238721475603,0.08649600140143818,0.051125769320628955,0.0096592837026509,0.0034407084587526615,-0.00511830294313171,0.08921035889742816,0.028338166471007623,-0.020468042286591222,0.10843198023302679,0.03464654228315627,0.0022309386058231295,-0.00368926051248486,-0.01534324027985038,0.034396957447812786,0.01326997693452012,-0.024416335520525502,0.04180572308786901,0.017752888795875374
91,0.4,1.5,0.4,1.5,-0.10520343062629695,0.4,1.5,0.5,1.5,-0.20957798293033691,0.7072389834559115,0.7030732564789832,0.6973067856940136,0.7174076464253384,0.005830922357451238,0.6928807074295497,0.7425866239286295,0.012782115928944956,0.7565267053358257,0.7519366481842858,0.7464969294954525,0.7670299377887215,0.006037052079130161,0.7422275655965175,0.7766745015361911,0.009576289986640585,0.7232680434122037,0.7239386354173795,0.7175802638183061,0.7277347339087697,0.003117609179717958,0.7112244014403876,0.7329790466362597,0.006113034702561545,-0.10004615076530457,-0.1404244803586266,-0.2317479601185675,0.1396146025909237,0.10575326416258894,-0.25137013012710063,0.24852446173066664,0.14911718984276157,0.737398305404288,0.7395680274294946,0.7252488601868018,0.7511018124430843,0.008507716088334725,0.7156957215768853,0.764816178807917,0.014295827610288997,0.793496257638102,0.788849847173958,0.7777457900671059,0.80977100868334,0.009520360733673872,0.768963076281828,0.8222703249045415,0.015530964847813645,0.7776033197845086,0.7706212299276871,0.7670871968267459,0.7864160076513307,0.005746604479831185,0.7627375453327797,0.7941977167376453,0.01013826511384734,-0.25986833718566116,-0.3771170874380368,-0.540213655424279,-0.17470623298663235,0.09302537343877802,-0.5526287954266047,-0.020668955677643763,0.1470873122986555,-0.03015932194837645,-0.036494770950511346,-0.053445176386083745,-0.01284311596757022,0.0117271950200541,-0.05959707551018402,0.0019912025484709883,0.018890468526650613,-0.03696955230227639,-0.03691319898967216,-0.061660561507817624,-0.018175308982590455,0.012929126745849312,-0.07335977953623368,-0.001148785253328899,0.02050367373637438,-0.05433527637230484,-0.04668259451030765,-0.0659308544696777,-0.04507696065689837,0.006588070253152657,-0.08187975218910118,-0.035682698953822145,0.013179166218402325
90,0.4,1.5,0.5,1.5,-0.15623478157206283,0.4,1.5,0.4,1.5,-0.15744649923559528,0.6873187580379276,0.697943433857233,0.6601626525460498,0.727036638461908,0.02214034709781682,0.64988874239165,0.756731218961015,0.03345260904903829,0.7402507047961433,0.7524544078285698,0.7095649975815354,0.7748709288735036,0.022282642553052907,0.6944570238394616,0.8037794784208027,0.03150313207075271,0.7539559320770137,0.7621293703247181,0.7370225924638755,0.7771191962536423,0.012181965650395163,0.7280841149663948,0.7920712830972456,0.018373238355736475,-0.08638331513890964,-0.08284631223829754,-0.17291647397490661,-0.010975547163412452,0.046457209410931594,-0.1901436562692274,0.05691536475344759,0.07122260113209099,0.6774570448054714,0.671690588488517,0.6520688705429645,0.7032614781655786,0.014483057869776137,0.6267410014081656,0.7165084979632454,0.024966533961807223,0.7334667766975173,0.7323946121694106,0.7080448189166301,0.7731184900314538,0.017956217139356585,0.6835791804009281,0.7862192286198895,0.02725029990640444,0.7309909007149893,0.7315960767744306,0.7124437834450053,0.7470146815651346,0.009501525438889937,0.700431871542868,0.7586355936216022,0.015683087544032106,-0.1257871189935016,-0.19038659052303927,-0.2799301690778002,0.28241742811654147,0.17237842145510104,-0.35271951829251347,0.28301268979220306,0.18064224265224482,0.009861713232456215,0.02625284536871597,-0.005280887571175633,0.04271469755545234,0.015445273789787146,-0.014001574644013949,0.06351905299088695,0.02304234544287197,0.006783928098626046,0.020059795659159163,-0.018269275729940894,0.02755471662211659,0.014370477072956703,-0.027939081598964452,0.04836109853983221,0.020229724780608967,0.022965031362024435,0.030533293550287444,0.002231753469167222,0.04961990087809431,0.01294820237470813,-0.0059933582892286175,0.061471185252916595,0.01992639447574282
92,0.5,1.5,0.6,1.5,0.27505200357757675,0.4,1.5,0.8,1.5,-0.08301183490102235,0.675998920793965,0.6833447243004238,0.6627801034664583,0.693489598946463,0.008726703765168785,0.659472467799832,0.7497712848289138,0.02010260960527505,0.7381895227481592,0.7417909108894826,0.7216195164732577,0.7551564491435236,0.009389502673692969,0.7168292273828395,0.7771353497481686,0.017646247029250755,0.7635591362449516,0.759932542874493,0.7531926561355728,0.7779450536598382,0.007335098233466848,0.7519526755291438,0.7940141028085149,0.011335415114849123,0.16142757626333393,0.057666954567211375,0.06454469611527444,0.2480070313194464,0.053130753875284854,0.056131922774142945,0.2574916270138817,0.05564064054433143,0.6734700819993529,0.680921226936968,0.6643534905232799,0.6877627981038754,0.0072341115365593565,0.6594885396459937,0.7084201420246397,0.013209793211353005,0.7290085008254628,0.7253782715632451,0.7183816207782794,0.7428169208092487,0.0073706989526074575,0.7116591153823913,0.757362527877572,0.014208873644098447,0.7318620047093625,0.7334320166980408,0.7204945434313962,0.744596893430058,0.007058997536376649,0.7192044980216364,0.7651780731749112,0.012944275788182332,-0.08810909155552998,-0.07935049967370673,-0.1298012021560131,-0.025897356701442317,0.03465599899723557,-0.13981656410971455,-0.03079606671134398,0.029883922503489285,0.002528838794612076,0.0024234973634558177,-0.012654601984420363,0.016112260421387137,0.00888191943785579,-0.03109416151542365,0.06379398460371838,0.022552106372183647,0.00918102192269643,0.016412639326237488,-0.005289261401251539,0.02126585554472047,0.007484532521974103,-0.0263252293214582,0.04569350555019075,0.01949965360728324,0.031697131535589174,0.026500526176452155,0.014869591176953592,0.04882588019954885,0.009486928505756264,-0.0060478400751672184,0.07038655170412303,0.017686878807712976
93,0.4,1.5,0.4,1.5,0.00617426032299917,0.8,1.0,0.8,1.25,0.10164013876775052,0.7446934107260379,0.7428314882291512,0.7256179124604369,0.7607382465061397,0.009267439371524896,0.7205618050894084,0.7780136315439502,0.015311528870438976,0.7954656015772167,0.7926373821678425,0.774823826789309,0.8118480743005168,0.010201295745634689,0.7669104122110345,0.8411442953648498,0.021077668008376148,0.7592461895943513,0.7584675509532679,0.7449415801539714,0.772326069889264,0.007505100778787239,0.7414385096287374,0.7782556761284856,0.012210939729346702,-0.025820183439998236,-0.12186857248404893,-0.09905502052262927,0.07895371998264455,0.055890696656063804,-0.10041911382661284,0.12294640531011822,0.07518094515048931,0.6745452923753937,0.6722594827661643,0.6415688615767265,0.70522505862499,0.017382859905645597,0.5978639319134982,0.7487512374775682,0.03780218608214455,0.7402320993562396,0.7424027881876942,0.7086370439370103,0.7688329581849382,0.016140145704304977,0.667890722603443,0.78638481638167,0.0296490834821864,0.7455699024102799,0.7485691836129583,0.7255803153870936,0.7679377959157605,0.012794111075087763,0.7137379889021704,0.782662860423639,0.019043359232289864,-0.00644005609181339,-0.018100387415419125,-0.06412609676385012,0.060205597529161686,0.035105940699872176,-0.08581254003183994,0.08724199997854276,0.048077932237857876,0.07014811835064416,0.07057200546298692,0.05019879566598305,0.08891386168750122,0.011629711905799183,-0.00029474441059010315,0.14111839037203872,0.0345188833515685,0.055233502220977115,0.05023459398014829,0.036103937534686506,0.07103447061516724,0.010355734178137316,0.012868926210772541,0.12360814475385326,0.03345349034597666,0.013676287184071434,0.009898367340309577,-0.0023443747652340113,0.03042756497371577,0.009947736353352879,-0.017155322732099805,0.046588985210697736,0.019496392971281903
95,0.6,1.5,1.5,1.0,-0.12876157419125983,0.5,1.5,0.8,1.5,0.019796583954940692,0.6758387636589138,0.6670176685807679,0.6590723431168722,0.6925099496336957,0.00848014176724555,0.6341908935465875,0.7208320158247749,0.0247772651269363,0.7182004412810747,0.722628367391076,0.7032527960193311,0.7338128041478368,0.009287702332946958,0.7003079414077185,0.7360716873609693,0.009341040222454154,0.7288074318950633,0.7339851057579067,0.7141492159755468,0.7437037666369626,0.008753906823294364,0.710509573401274,0.7473756109146319,0.010938226439265408,-0.18428185907948935,-0.3130718849416619,-0.318609963353519,0.18489028978775207,0.13934405520382048,-0.40010853214983877,-0.002679935486285312,0.10107545181722678,0.7091271158134727,0.7163383584293139,0.6935935788168066,0.7269531181680421,0.009645237020993356,0.6863689440210359,0.7429420393043794,0.014971145903878316,0.7689594114888477,0.7666802346647399,0.7506679951854427,0.7917905244491602,0.010200730132174572,0.7478036607041769,0.7929568401036573,0.012278831476205433,0.7727518585352076,0.7697889921086828,0.757108590493447,0.7879320894543221,0.00852563042890271,0.7518760172445217,0.7899888541283835,0.009872521995488265,-0.01035516115992159,-0.03604286158188939,-0.051417877107828774,0.04776540518489261,0.029398935819137273,-0.09666728276246063,0.07185861034196385,0.04715750849417731,-0.03328835215455883,-0.049320689848545984,-0.0681367062974992,-0.007030642287639985,0.016529191375285943,-0.09493506742908785,0.020856163284282414,0.032075585968300936,-0.05075897020777298,-0.044051867273663836,-0.08853772842982911,-0.020754124279612096,0.01842103740384929,-0.09186986757154697,-0.015565844275003682,0.01912239906636482,-0.04394442664014431,-0.03580388635077614,-0.07195183207973141,-0.018616313558262078,0.016206430966622373,-0.0754275746373024,-0.012851335097555872,0.018435590172548366
94,0.4,1.25,0.5,1.0,-0.05153560042190901,0.6,1.5,1.5,1.5,-0.08602489163133215,0.7089226719277698,0.7287884276524627,0.6819408340300258,0.7309989895425566,0.0143845075704266,0.6701634908054456,0.7545340148134217,0.024713223218461176,0.7999816509399427,0.8006845685928756,0.7707926964308537,0.828125131568527,0.01730778916083276,0.7559298029608726,0.8598904235638432,0.03131229278351477,0.7757938714902833,0.781243898333941,0.7601304053086159,0.7929393295325063,0.009247516440281623,0.7508344192432986,0.8215274177493878,0.02012484296898698,-0.11778668034932745,-0.16146004345086798,-0.29822524462124417,0.12686787816411776,0.10859968752680287,-0.3008418288038515,0.07121893682208298,0.09472308059293905,0.6542582071427842,0.6563378254685511,0.6274020589056267,0.6799930692239413,0.014619339137439567,0.5993113904098342,0.6985760501596986,0.02733585149600175,0.7216953136041864,0.7221669378467904,0.7022222983795805,0.7395254573206712,0.011113848423440742,0.6713367619874416,0.7435183876920026,0.017901190122701666,0.7275355119514126,0.727462682389159,0.7113914803066854,0.7424585508522673,0.009311010609728157,0.7126061927917768,0.74386034435688,0.009714847617458052,-0.05195073516687343,-0.10714564611056354,-0.11531057427439184,0.023928668957305443,0.04222849984338484,-0.22421453592968013,0.15383842805744674,0.12120812460583806,0.054664464784985656,0.07245060218391153,0.04625492777904937,0.07047079930208792,0.006928970244116281,0.015552103007818605,0.09207576987559271,0.021585480391317826,0.0782863373357563,0.0785176307460852,0.06354488499616051,0.0938271102737844,0.008911728846164039,0.045867892688982614,0.12002160347714946,0.02512163214325239,0.0482583595388707,0.053781215944782024,0.03656149719435771,0.0651462163906634,0.008701348553431206,0.02544885490067779,0.09590174326207374,0.018712923596862285
96,0.5,1.5,0.8,1.5,0.06916872036200587,0.4,1.5,0.4,1.5,-0.09490619502024701,0.7116538642338289,0.7062829166014646,0.7031739110994661,0.7201482596269683,0.005003491109523588,0.659423699525689,0.7704495672549508,0.022069610630696828,0.7475602033139572,0.7390507054393687,0.7370360331582676,0.7577230560782319,0.00600701993450745,0.7230561407286724,0.77929648266165,0.016035507766250765,0.7435432777465818,0.7390861247964612,0.735080158944285,0.750149573467192,0.004068087805545443,0.7284024597118335,0.7846432117600985,0.014891207971705423,-0.12623336358473156,-0.22983679542610447,-0.27994434710981353,0.09864912794270167,0.09509450948543059,-0.3766615975170776,0.23185791131093794,0.17359531948102666,0.6145277011605703,0.6491897055515272,0.5616031548112361,0.6579606282772011,0.03247790319824105,0.530528830061414,0.6791253586712869,0.04970412152274437,0.6893142628861906,0.7219451277910567,0.6323366793671079,0.738867593406682,0.03509873506771578,0.6121787910027136,0.7611314601295708,0.04903633830004066,0.732052785683472,0.7373051144526608,0.7015251474994778,0.7581413017495053,0.017025966093438562,0.6861971787241256,0.7753649364232884,0.024960546411317,-0.06631214322989304,-0.08946196423211927,-0.17371196854908738,0.07874829442776418,0.082030927202557,-0.19252140259304076,0.1111249093185715,0.08806919392921905,0.09712616307325861,0.057093211049937365,0.04942370977276862,0.15510815125576996,0.036738525679052676,0.02129050938873106,0.19315065075936041,0.06010972018445531,0.05824594042776665,0.017105577648311998,0.006277832775753486,0.12227383190376165,0.03944074276691244,-0.02851279797765388,0.14572748733168153,0.05621110028918386,0.011490492063109814,0.0017810103438004043,-0.016327637509129668,0.045745379450818136,0.018818615154517767,-0.047027443327728014,0.07051577600601386,0.03214336391762785
97,0.6,1.5,0.5,1.5,0.03199471547816063,0.5,1.5,0.6,1.5,0.21662062772288238,0.6738517470545854,0.6679718237998051,0.6396036193276693,0.7037389736718153,0.018503874700772038,0.6141684201605527,0.7488288596516829,0.0364033706900429,0.7335447017428514,0.7294353040402805,0.6976488351444591,0.7675156568338432,0.019553322572213264,0.6961833691886208,0.7906446283210308,0.025914011012834994,0.7262244814461791,0.7283329159176686,0.6964128795209926,0.7535254708871867,0.015807086799902174,0.6959367392786291,0.7750021098973399,0.02341677683671748,-0.14501099727241984,-0.14741599687759627,-0.3050669578250261,0.23943527883487364,0.16002107773566032,-0.352805158962551,0.16401506335679522,0.14032685247138418,0.6827254889787608,0.6920955845785222,0.6673754654721444,0.6996214624256643,0.010966912537747666,0.6636562539287818,0.7238284032780009,0.017649179972928832,0.7366873368343986,0.7448005127659311,0.7238322280445317,0.7497212979732344,0.008498617262130878,0.714611952116099,0.7594698164117224,0.012371017615781387,0.7433571830678976,0.7493674077765606,0.7316209168001836,0.752883191543568,0.005945788750376859,0.7315196775811746,0.7554840925079928,0.007265065025179398,0.12682200252537562,0.09256457676256537,0.059675774977883136,0.19046019755002114,0.03610977937416213,0.040699370041330216,0.18037671150201548,0.0387754165524318,-0.008873741924175449,-0.02412376077871703,-0.030981496933226292,0.013332172866454425,0.012957119044014967,-0.05101395825026345,0.050911491567006764,0.0317299358389033,-0.003142635091547219,-0.015365208725650614,-0.03281920836610462,0.029566390810947932,0.016607259106914747,-0.048563730646655257,0.06361122399032255,0.030147615432127923,-0.017132701621718427,-0.021034491858892057,-0.03587653659654515,0.005891688480351778,0.013984591996827507,-0.04528052226775618,0.03877133355416193,0.023875587123348814
98,0.4,1.5,0.4,1.5,-0.32883178611309777,0.8,1.5,1.0,1.5,-0.08417458908557653,0.7607222480978985,0.7501988888626474,0.7443050483058469,0.7938305184847535,0.013617739084403014,0.7366600877169922,0.816303429386619,0.02284722667703739,0.795762694638607,0.7852455529546369,0.7789018492843349,0.8270102558557926,0.013722887437960601,0.7558930004261843,0.8414886979095975,0.026130111408562237,0.7953316860835823,0.7862569089757072,0.7823490259470377,0.813417276151361,0.008002499937552879,0.7782698531502393,0.8377915481842712,0.018103458520784144,-0.4005358546861215,-0.3461504736976469,-0.6011848391670903,-0.27600630317306685,0.09133481995236238,-0.6460803133115064,-0.18785411794854717,0.13711756478660225,0.6865007193604091,0.684160982184831,0.6663555290505035,0.7038345755587476,0.011168251587423494,0.6210297287620601,0.7171841917181582,0.02726540737939112,0.7487090687589295,0.7516248357603552,0.7303620578057016,0.7619150123205485,0.009434275211356374,0.6987037394121867,0.7867638111242213,0.026508125593861197,0.7532239238660011,0.7592247805658453,0.7355319090544783,0.7681377487093046,0.008836465036238984,0.7261456824532848,0.8035751468714701,0.022307618304911594,-0.16136076835403024,-0.3044025562139957,-0.32296419044459834,0.11101855612478928,0.17220559168143604,-0.45277612973033393,0.06263453629519267,0.13316856606629177,0.07422152873748933,0.0660379066778164,0.040963798824050573,0.12747498943424995,0.022418973637154168,0.03703441550476827,0.1829227330472289,0.04321788717005929,0.04705362587967754,0.033620717194281724,0.0209351648197341,0.09583634438735636,0.02107116430818982,-0.0035010707032949867,0.1431957979414593,0.04254926066237799,0.04210776221758117,0.02703212840986191,0.022558607284210663,0.07838724987940393,0.015151184848148225,-0.01029568252583496,0.10361053048781421,0.03140399912993263
99,0.4,1.5,0.4,1.5,0.02421090233265042,0.4,1.25,0.8,1.5,0.003518439906323175,0.5922975655523405,0.6425316436618927,0.5486343142136718,0.6582749275057126,0.03665091898271297,0.5411136625930674,0.6989785191311362,0.04867400899563475,0.6679821369511306,0.6998178168025341,0.630060531697296,0.7216568719518506,0.028759678904463844,0.6133718628312187,0.763656230075155,0.041335676731987764,0.7099141334393081,0.7234664356116736,0.68586906909698,0.7688275014259851,0.024159780187055786,0.6803658843239031,0.8030373671128862,0.034141133806759025,-0.05970717975233135,-0.047095578630939404,-0.1477744100553876,0.06033506735251852,0.057821077252367334,-0.17563729444868154,0.07705864321503274,0.07483461144023809,0.708261464580604,0.7157638313674928,0.6835003922707982,0.7314232108557509,0.012796167139494144,0.6755496020705898,0.741690318949642,0.016782948236200385,0.7634115833055856,0.7595075993117932,0.7475762554910504,0.7791061174024249,0.008336026499287955,0.7510315283737221,0.7936627816921731,0.012260901166398655,0.7702777680778807,0.7651571542213744,0.7577489560578449,0.7828004151920177,0.006491202073077079,0.7555400473747922,0.7832158504046954,0.007303695244333314,-0.07410630780886238,-0.07518078665754852,-0.14478712503495308,-0.01478914478247434,0.03477104355193116,-0.14917225623929659,0.020224395149710167,0.04537450968934709,-0.11596389902826354,-0.07323218770560003,-0.1666060032015803,-0.044983724415438076,0.0404088177737611,-0.16880211606161605,5.554319230618998e-05,0.05316865714249482,-0.09542944635445494,-0.05968978250925916,-0.13396217412658468,-0.04572888735464428,0.02966080371953739,-0.15652293958676128,-0.007196366686041206,0.04317605457998887,-0.06036363463857264,-0.04169071860970086,-0.08141048434080163,-0.006714346761173842,0.022645697381059697,-0.08952026988998807,0.029611029149432144,0.03319470277347781
100,0.4,1.5,1.5,1.5,-0.11366303997028882,0.4,1.5,1.0,1.5,0.18545538062157751,0.6318610770379441,0.688595047501245,0.5708295803465306,0.7248673524992858,0.047438938273271884,0.5793638105699532,0.7769414350338019,0.06084421639091879,0.7355522495539398,0.7340946778514926,0.6937152987501811,0.7652247819471906,0.02221882683163743,0.604985628517817,0.8381110847664922,0.059375397099091815,0.7477259745743853,0.7474955201907079,0.717811497101081,0.7734347011604673,0.017576604865877685,0.7018370262569964,0.833109461096168,0.03646700918132719,-0.15094761419485683,-0.12266415610079709,-0.18150069664979174,-0.10845240798971423,0.020136638667064943,-0.2717611846185454,-0.007642420671026773,0.06445290998136101,0.6578578211270718,0.650552644548343,0.6476364803062188,0.6803367416833996,0.008547572173694059,0.6489478082702695,0.6964204343598948,0.011385544181215458,0.7030847402616187,0.698169621453036,0.6907149131654838,0.7111656800333981,0.005444101446232048,0.6867445680257712,0.7286702676433062,0.010190899500322877,0.7117416938569726,0.7133172169852305,0.6987433493376022,0.7237223776251593,0.00775206092266201,0.695163544883294,0.7263706347881874,0.009871177164249043,0.20222787275773318,0.2020641817306031,0.15479244939451972,0.24978350354572357,0.02634176130906118,0.12891891944245187,0.2772504638333896,0.03892751954186167,-0.025996744089127666,0.038042402952901955,-0.09394153764593591,0.066003891966309,0.0498839507435822,-0.0874717631239476,0.11159858558679786,0.06339251603157234,0.03246750929232112,0.03592505639845667,-0.008655290062120236,0.07230775291120288,0.025204124324862943,-0.08881407480397752,0.13712053196289076,0.05843829905554966,0.035984280717412664,0.03417830320547732,-0.0022948698949254442,0.07279215112543087,0.024335580263663992,-0.017562356695065867,0.12654416431551946,0.04207180976054121
101,0.5,1.0,0.6,0.8,0.06891187176484477,0.8,1.0,0.8,1.0,0.034416371370405895,0.7024671752318312,0.7000603934492156,0.6915199132102429,0.7186933548764565,0.00829770809910385,0.6841958626849014,0.7399262645542525,0.017320408515184255,0.7548505265504049,0.7457236688804976,0.736971393131986,0.7762675843644052,0.011467982170690621,0.733813853866911,0.7881785704215302,0.016056795161859087,0.7682912227830335,0.7558585104759088,0.7432024269162463,0.793828385746025,0.013563106482466105,0.7222815099137494,0.8013569950198561,0.021066108902693233,-0.012011971065634418,-0.09939361379888637,-0.08495086332464749,0.06534852491952292,0.05333965271812609,-0.10043439262521694,0.27503226143660137,0.11181546754034956,0.6326445020489274,0.63621345545204,0.6124715416319922,0.6480397423623643,0.009476007034111293,0.5746418954415008,0.6625401072573638,0.021870200832897882,0.7070987297908782,0.7088741016636488,0.6827621311428778,0.7220166781808924,0.010945007977968588,0.660097885810685,0.7461964973928273,0.022449339519137294,0.7196132151682735,0.7275298234724672,0.7012629856986321,0.7339783828881042,0.00979879791963474,0.6915959318845991,0.7579242282357962,0.01889845999548371,-0.032647868593279346,-0.03580334011726927,-0.08472736244017984,0.07050718549994303,0.04372803269031941,-0.17367847801554687,0.10732663782736612,0.07166062604730891,0.0698226731829038,0.06384693799717556,0.055232856662779134,0.09267832639872735,0.010583508338386265,0.04420356556529495,0.14746011956375013,0.02806104128849943,0.04775179675952668,0.03684956721684873,0.032682842813342425,0.07003933467209397,0.0112250248570595,0.005448251544418414,0.10420772968200656,0.028230874783501985,0.048678007614760044,0.0283286870034416,0.03243664407259102,0.07095168094168511,0.014015466316152532,0.010454983162728054,0.0933574292388597,0.02600194971799961
102,0.8,1.5,0.8,1.5,-0.17274735542983558,0.6,1.5,0.8,1.5,-0.06955978494782607,0.6400248352264036,0.6348084720385014,0.6189645028987288,0.6573408763057246,0.0103962920250218,0.5878568813650176,0.6629845375707575,0.0208497107987894,0.7056778353742883,0.7099337133524195,0.688709319880132,0.7224701684509431,0.00960594813842005,0.6858340605969753,0.7241590448440928,0.012143097239577513,0.7216399955317305,0.7277467336365047,0.7051884100819431,0.7400247780984014,0.009273474633849917,0.7076269623032513,0.7500994417824526,0.012041672323134498,-0.08823389891525489,-0.06402859145380987,-0.13522111848452512,0.030851019029887503,0.045604645382777975,-0.14317759653170734,0.11725617795425917,0.07038046792086615,0.6789563761886241,0.6772200111684946,0.6529427510409253,0.7194605656616342,0.019953491360481832,0.6510235865499397,0.7562049936001382,0.029154234481407804,0.7267859499258628,0.7244117936469342,0.7072443267565145,0.7549639903008876,0.015099487217760011,0.6944077712220054,0.7915921757673673,0.025148747300642767,0.7291138311723826,0.7307345171312437,0.7177308971188467,0.74421535196476,0.00834922255770877,0.7119515042072813,0.7602373126954751,0.01348210386466901,-0.09102949104054862,-0.05594296049752968,-0.16605896821520344,-0.0029016211525403207,0.04738333377024271,-0.17685985522934605,0.019930211534072942,0.059780254325902143,-0.03893154096222051,-0.04241153912999318,-0.08906129733725399,-0.006131925594760307,0.0267596028120136,-0.13330966944962175,0.002260304951124767,0.039233869214478134,-0.021108114551574464,-0.014478080294514695,-0.061226554374827886,0.008986407755321335,0.02179701144281002,-0.0940757509484029,0.02523655858634887,0.031158639456069538,-0.007473835640652071,-0.002987783494739049,-0.033914546037597915,0.02062336399462059,0.01547707980071086,-0.04456044510858678,0.03179975709560365,0.020339897743243296
103,0.4,0.4,0.4,0.4,0.08820150651476565,0.4,1.5,1.5,1.5,-0.0695922130259914,0.6638976970115754,0.6790170578358892,0.638756515716074,0.6856461949174937,0.014212662658644732,0.6141078413589068,0.693445145444464,0.022457094865391363,0.7079513192497521,0.7194548976279649,0.6851179150521202,0.7290681742851708,0.012941583499689947,0.6798203165430328,0.7362207484495374,0.0161555229212235,0.6946778235330805,0.7125619507440497,0.6658164746120225,0.722696611459375,0.018429716471877446,0.6575177068198308,0.7307641730370078,0.022440577852992683,0.11136657334967485,0.04991110449437018,0.06173287858100493,0.14861991847905198,0.02523477531940624,0.02880822573568939,0.28315111907584495,0.0726879566581859,0.6130797661065294,0.6380450342945718,0.5649353284654838,0.6521056757398268,0.02648075097279329,0.5523322651825346,0.6669537180161169,0.03304459044498136,0.7138392613975444,0.71485482890873,0.6905292629274433,0.7358908484904315,0.012253265968469143,0.6699215529141292,0.7649892843774885,0.024339196960389213,0.7280387374068182,0.7282327520127072,0.7072206268372733,0.7473312484850128,0.010407412785987726,0.6966502090292429,0.7573957531411886,0.01747817448734175,-0.056559012492931535,-0.0919603444546894,-0.11798545513414539,-0.02744383347983613,0.026644779421441386,-0.13849963567543327,0.022442933645594396,0.04678553267035308,0.05081793090504605,0.04097202354131735,0.0034555653519355856,0.09792076808250569,0.029552519337206075,-0.02667333356362564,0.11337680232014169,0.037451470127644056,-0.005887942147792313,0.004600068719234907,-0.03867115000705118,0.028727484688467926,0.018476788149516567,-0.050795193988755226,0.04847455394398758,0.02893209855764827,-0.03336091387373774,-0.015670801268657497,-0.0558545881741727,-0.0079626051333644,0.015058598587214637,-0.08182624395059132,0.008952050632014014,0.02355625894728323
104,0.4,1.5,0.4,1.5,-0.010369880162878275,0.5,1.5,0.6,1.5,0.11454449627031378,0.6517036864922783,0.6660957840776529,0.6300427580619151,0.6788731397706119,0.014385128728693486,0.5110838905415237,0.6750067188225,0.05397606902517561,0.7115404027779868,0.7217661199519618,0.6913695768154753,0.7346863994789544,0.013917444865883689,0.6162792539383259,0.7379105844006705,0.03404531778190467,0.741274314786479,0.7454344316641031,0.7217324549233076,0.76248044346065,0.012908285788912361,0.6634647491129599,0.76943926293726,0.02845701065172573,-0.11714001538210105,-0.08514219286875174,-0.2317820819038677,0.018658778002322393,0.07223347661435507,-0.2206814133768008,-0.007656961741954557,0.06290067785399904,0.674897157378894,0.6747810307920982,0.6354511222790187,0.7065152190339359,0.022308878168613138,0.5903877661501659,0.7146385893302154,0.03826483360678629,0.7077076073940644,0.7077445053714955,0.694341570655974,0.7229837124565983,0.007460095529828573,0.6190540289489604,0.730366607620266,0.031296670751461704,0.7249379029430981,0.7231996187423696,0.7097195147814065,0.7397379699966667,0.008212454633398425,0.6848417679672804,0.7457896809011326,0.01705963559899752,0.07599807537943144,0.08202676655210048,0.023008328962924637,0.12689246860126452,0.028854759184901227,0.004988855927203481,0.16438578359641665,0.04677316407472058,-0.02319347088661572,-0.00868524671444526,-0.06834141841287611,0.03590137605224478,0.03134204467190266,-0.1722800202146338,0.06713599979860817,0.06841737899447936,0.0038327953839224493,0.014021614580466357,-0.029105813864864105,0.03610850633168249,0.019399903663084268,-0.10316326485862493,0.09611276962965162,0.0512692510030594,0.01633641184338086,0.02223481292173346,-0.015267738554057664,0.04457623269000348,0.017503078063489448,-0.040501755739542455,0.06945710474927774,0.03397873059517026
105,0.4,1.5,0.4,1.5,-0.17116608341636078,1.0,1.5,1.25,1.5,-0.15841742347025137,0.6778055178936487,0.6858110247976494,0.6549688259775076,0.7027379735535421,0.014764512743639335,0.6523001307447016,0.7149468419496542,0.01872006937385745,0.7280939300372368,0.7354657026457591,0.7062889002788849,0.7544996258197164,0.014900876518448491,0.7105817224988424,0.7663447322581054,0.014989096646412433,0.7178857354761911,0.7288111646109237,0.6994715983244567,0.7416255426847127,0.014617551844932804,0.6937071794637776,0.7534969717563206,0.0173098758771081,-0.1875495540501842,-0.21259165298090651,-0.2970404738992738,0.010684782947364663,0.09576577077560207,-0.346189051712498,0.037553886081627824,0.12128853540603302,0.6205543756448153,0.6172087280744587,0.5828512096304393,0.6322061013942343,0.013256452321190871,0.5327131088123774,0.6696647482683111,0.03143542882670587,0.6987106600805486,0.7007309868903415,0.678514594973545,0.7170464649263469,0.010167093759796174,0.6141938695332575,0.7575213469346247,0.03485989712912865,0.718743071572681,0.7190952131602929,0.703749707317877,0.7329966375721103,0.007508344139797003,0.6741107280566627,0.7487503311623696,0.019367241262487685,-0.09967490940624152,-0.11315975830472784,-0.15467759134400091,-0.029240672537823822,0.03185443864684698,-0.20856083600448372,0.0008160651257803492,0.058746575898352686,0.05725114224883343,0.06860229672319074,0.029740072645868074,0.10572221821504228,0.020891233887874075,-0.018098739483477122,0.1613568953273618,0.04192736251939732,0.029383269956688163,0.03473471575541753,-0.009491677188287168,0.07180551819421582,0.023221302719432672,-0.034343474707274946,0.1337898436123075,0.0441303099974784,-0.000857336096489969,0.009715951450630755,-0.03138825797048591,0.03340150379719224,0.02079232065765099,-0.048582068753623225,0.05960532040163828,0.030846549937640893
106,0.4,1.5,0.4,1.5,0.0609361823436857,0.4,1.5,0.4,1.5,-0.05853756194399252,0.7172721296931943,0.7128455191782482,0.701807133722688,0.7344107726602112,0.010133373704987226,0.6894289624074127,0.7772548941204416,0.025410092383886397,0.7715157284967461,0.7623142761001809,0.75072233676906,0.7971746195925239,0.013899447848163713,0.7365621959752305,0.8134708864226118,0.027045779030935115,0.7621697445377985,0.7579309402507917,0.7530943101910204,0.7706230590569771,0.0053514901933347575,0.7468095903783721,0.786190753800004,0.012429416048547668,-0.04516045969925506,-0.07010269973834202,-0.09460803271981547,0.03613126375222722,0.03893836793034767,-0.20213250262974086,0.07936152203049895,0.08331202025020774,0.6926178806158423,0.6919562436557858,0.6830122308232373,0.7129899444284151,0.008922845011484703,0.6731764043585315,0.7288119124127991,0.015057925624656479,0.7434692732573922,0.7430710661472318,0.7312877798068192,0.766307097455976,0.010160374560919137,0.720772341948995,0.7836261749307462,0.016065502065222836,0.7537519609615473,0.7505941005539778,0.7496798961026854,0.7623318328861542,0.003689029187199735,0.747467874638716,0.7693233703465654,0.006271504814327269,-0.0794100101193615,-0.11720325357778036,-0.14135120140534604,0.007994138602762324,0.043102200159177595,-0.3225028476402535,0.1610515824557706,0.12496563926181915,0.02465424907735203,0.020889275522462447,0.0022461899306061017,0.04317745212984494,0.01152931715368067,-0.017115968236330173,0.08894679781161433,0.02692717499694008,0.028046455239353896,0.019243209952949036,0.006290828525924774,0.04755645455056638,0.012633162146026626,-0.007028549948832043,0.08111987621360936,0.028534446413808652,0.008417783576251225,0.007336839696813868,-0.004959769490787889,0.016741974104938717,0.005992158021141684,-0.012262539141296023,0.026948770371188945,0.013462412340915882
107,0.6,1.5,1.0,1.5,-0.0813293676817274,0.4,1.5,1.5,1.5,-0.26291034368436383,0.7156229240524216,0.7088170391600302,0.7036312459218778,0.7342468849219548,0.008932367463249625,0.6947502831635143,0.7668017641079121,0.018560903976056687,0.7412221300290076,0.7340728278173271,0.732949805968205,0.75267633946526,0.005741995211690546,0.7000105302445763,0.761734374719615,0.017514317148790596,0.7424722162732825,0.7397904618078042,0.7335125291340194,0.7574790135763178,0.006375224166665758,0.7283479388458103,0.759085614453379,0.009908740806365684,-0.1774383728591408,-0.2354893250720602,-0.2751694830285727,0.12706861220919194,0.11518911920109787,-0.39037643149472,0.15223011318622046,0.1512043221865178,0.6825213356488237,0.6893547479278964,0.6705790376697311,0.701947913540885,0.009722294734370513,0.6664731648252782,0.7182221625370265,0.016307705018042653,0.7396284469870463,0.740965322504211,0.7310343548970683,0.7467299785163473,0.005076921825956113,0.7142987071820605,0.7608175854481848,0.0123369296025915,0.7481270403683091,0.7497276254262243,0.7410560364825167,0.754007357887258,0.0037372680500479885,0.7382037830749176,0.7586316457513451,0.006005041020362156,-0.23267568866324934,-0.23558408982406304,-0.2825944282466942,-0.135894706409794,0.04257116925492706,-0.3540776049579196,-0.08147460285782931,0.07536812732865068,0.03310158840359789,0.019462291232133833,0.012253901153010158,0.05377371471679253,0.012297674282685954,-0.004685665353788046,0.0613725270625391,0.020965465852112997,0.0015936830419612802,-0.00689249468688391,-0.007934494291822535,0.017903264149195273,0.007132809691085372,-0.034142478617341175,0.029685766594518416,0.01705310407900534,-0.0056548240950266004,-0.00993716361842012,-0.010823726485114427,0.007190206142903489,0.0053105841537513035,-0.02269571117984239,0.012172273337291092,0.010122982518892699
108,1.25,1.5,1.0,1.5,-0.056223415235840055,0.6,1.0,1.5,0.8,-0.15894074671410302,0.629671036817098,0.627751705648173,0.6165057648676642,0.6426578221299576,0.0074811705912950196,0.6113235600875929,0.6487216391845009,0.012049909151215423,0.7124665484015432,0.7182925574109098,0.6929225146559883,0.7343940387152054,0.01143087965663665,0.6788989332563017,0.7622716304099734,0.02173423850733993,0.7311314679294341,0.7335623485314104,0.7127651227875025,0.7495572615641443,0.010088618645536581,0.70368972832144,0.7700096987195887,0.01759932493064489,-0.1745111060734619,-0.19110456132937736,-0.24478957559352427,-0.048877648487109265,0.0547213856809617,-0.32856188578055545,0.014058789418663148,0.08983822846742118,0.6597905235957495,0.6569134454843147,0.6547164731251229,0.6659243490998531,0.003327375601126643,0.6472678669897548,0.6774557234612136,0.007906840941601144,0.7102395357696369,0.7136644849057067,0.7027271073752211,0.72145371487629,0.004717496091392019,0.6958035467753981,0.7249259596161313,0.00743768398831438,0.7201958491630143,0.7242195762410432,0.711235721662106,0.7321076785983545,0.0058097395740720585,0.6856343685524464,0.7484338397210218,0.014544495495628527,-0.37017494123510536,-0.37514463734503767,-0.6534697566338321,-0.1512791635421033,0.13590070002362148,-0.7091002721337163,-0.24537231228419043,0.14180241684356118,-0.030119486778651505,-0.029161739836141787,-0.04371583533849244,-0.018362242163848477,0.007793588775328795,-0.049745994585095356,-0.005913866906271159,0.012695511917593409,0.0022270126319062777,0.00462807250520314,-0.019475581669070166,0.022002290962681553,0.011395329122070103,-0.03371116708576716,0.0532815269119804,0.025466826298386504,0.010935618766419797,0.009342772290367285,-0.006922067969049716,0.027753643540764636,0.009501731816985553,-0.019261321025033987,0.05086044569230684,0.020792634072444922
109,0.4,1.5,0.4,1.5,-0.004272486385222335,0.4,1.5,0.4,1.5,-0.12328252885226415,0.652912254866638,0.6786307706826816,0.6266397829471755,0.6780587920204554,0.015053048252381662,0.6072876290466311,0.700422281864542,0.023013529313976124,0.7361333123314849,0.7446678391423356,0.7184455048439862,0.7494504777115055,0.009726948125551992,0.6861043500766019,0.7708905670136107,0.021896696575316895,0.751042975882339,0.7491533947135051,0.7381084978200944,0.7611782078121978,0.005940566664928777,0.7272596147680765,0.7657288994299163,0.011867081058835225,-0.053468485819035454,-0.1717848947965512,-0.1610411228219367,0.009646748044852584,0.04968247870807414,-0.207101424381401,0.11515974884867472,0.09387131037804408,0.6945081917887707,0.7037695652831695,0.6789694425146539,0.7085667176857064,0.009270593026082269,0.6341615190703853,0.7084447928198527,0.02130245994253668,0.7487377528624294,0.7564435028544585,0.7412030694097353,0.7601622789770879,0.005749114137305096,0.6739327442439609,0.7645744073330725,0.022725235329626288,0.7456760072213725,0.7564065468817538,0.7377946708445774,0.758388580173602,0.00565261033436927,0.727655326914422,0.7568978129813705,0.00850604193210497,-0.00743320930043548,-0.06163550668725504,-0.07511086920683042,0.0650654578309049,0.03855473168883196,-0.05437402171311821,0.05456015910241199,0.025867881103028595,-0.041595936922132704,-0.025138794600487846,-0.07285434001011692,-0.01665444716202489,0.016565435111550515,-0.08464760759114642,0.018490001009986948,0.033365195878213245,-0.01260444053094445,-0.011775663712122908,-0.03829316176290586,0.0029653542300778213,0.01225811529229856,-0.06195137081457419,0.07712110670902389,0.03312153560279518,0.005366968660966531,-0.007253152168248733,-0.014793952456748506,0.022915538970539457,0.010319192890057045,-0.020618048293636934,0.03469787338744663,0.01610042351453268
110,0.6,1.5,1.0,1.5,0.11764999648694546,0.4,1.5,0.6,1.5,-0.18156853888202595,0.7183494323126813,0.7100230044805704,0.6977124177084058,0.738180725511466,0.012651667318317709,0.675722043663889,0.757615910522625,0.022709171907958327,0.7484161661387378,0.7440117942278618,0.7327283845416827,0.7615356704456586,0.008113015755335995,0.7163602003306015,0.7748607445092096,0.017037990771429402,0.7509141486360433,0.7499696697960626,0.739389201020672,0.7626963274379391,0.006477591255577092,0.7270534603800166,0.7746044089585291,0.011175366728535958,0.02315898390173614,-0.028959553403486084,-0.050759418018700014,0.07778937746430345,0.0379111857965219,-0.0675636853537789,0.1071861948028925,0.054972579698444365,0.6524997080678,0.646708086815861,0.6232047853240394,0.692477626399492,0.020138256949280148,0.5806970895258817,0.7188461142682807,0.03543990440680651,0.7002092619215141,0.7034727233189749,0.6664561237188121,0.7334597430833074,0.021852732883271508,0.6605565307963538,0.7706577657293984,0.030745952616359346,0.7272961492667285,0.7261015801531631,0.7101807095412707,0.7430546588841915,0.009872542578461605,0.7048516416070187,0.7550191814434445,0.01402212579269085,-0.06465570008294554,-0.07252544065654495,-0.11032983643388015,0.0022933274996324443,0.03094017695653943,-0.14491392735918757,0.033398330539515395,0.05682403840687366,0.06584972424488134,0.06331491766470942,0.03276237703822962,0.0914494995263305,0.016930224783741923,0.00170523913746351,0.15007293553101053,0.03651373325693573,0.048206904217223734,0.040539070908886865,0.011983457873723277,0.08446258364597707,0.024434794542524996,-0.021438317475273874,0.09484236168830226,0.0358979981264897,0.023617999369314857,0.023868089642899548,-0.004137634951715069,0.047139670161669936,0.014484514952227535,-0.022867966728822686,0.05446115406817799,0.021177020113224795
111,0.6,1.5,1.0,1.5,0.0278468458446596,0.5,1.5,0.8,1.5,-0.02399073076659781,0.7036369489885913,0.6984252017945886,0.6844077941976119,0.7314303884708298,0.013966866978811028,0.6783208756775987,0.7633725674302175,0.024381559199089763,0.7434417665170753,0.7355029327527561,0.7262769344336265,0.7650615004572796,0.010905622977498346,0.7245113327506744,0.7805394099746193,0.013136324600022873,0.7502208313100006,0.744882743249162,0.7399737718327284,0.7669549054335963,0.007601856719360544,0.739352041452342,0.7876565175974379,0.011606185043326686,-0.16029737097197894,-0.22153768756746187,-0.32119117885780324,0.2345474719307642,0.1596581883934747,-0.3851350741822197,0.16718801984295728,0.1456384816598282,0.7053537969774372,0.7142066801682,0.6750152042695636,0.7337141567088732,0.016841480628018893,0.6608961173551516,0.7521335082502147,0.025940266618100952,0.7590088934294563,0.7589226678377784,0.7349177110986791,0.7836666609161396,0.014595952921551648,0.7139135639841445,0.7983007978512432,0.022384262888968633,0.7619502883882496,0.7640885150890016,0.7377195793126505,0.7830625707882082,0.01387700218580263,0.7305129570004076,0.8037467087108563,0.021755400328186826,-0.14509383842774967,-0.3401507646236506,-0.4062108870157991,-0.007734476198526824,0.1061104412741469,-0.40533514561629425,0.15309431147676764,0.15475837663572536,-0.0017168479888458599,-0.015781478373611435,-0.04464880538970155,0.04435626017280221,0.025202788670492804,-0.07236257182658312,0.08527945705503488,0.039999138876955664,-0.015567126912381046,-0.023419735085022264,-0.057567868531197414,0.02972772203040408,0.02258469187172293,-0.0638763197140463,0.05184692315644776,0.030511306935072237,-0.011729457078249017,-0.019205771839839514,-0.04106358694465894,0.02953938215562394,0.019035323586088757,-0.0631340650191991,0.05003307161297238,0.02918432987169387
112,0.8,1.5,1.5,1.25,0.08519502446244577,0.8,1.5,1.5,1.25,0.1474458602684406,0.6727705918847753,0.6649541272099245,0.6518514349047199,0.6925953112655657,0.01329563282545368,0.6126338918998921,0.7162778723995018,0.03085217463097402,0.7395463955796141,0.7418839097819958,0.7259003203498836,0.7586100279012248,0.008719971266056632,0.7091792132670527,0.7845380783041258,0.018337401543104263,0.7477402409899775,0.7500008091024674,0.7328770397233612,0.7648977094449516,0.008821238655875719,0.733399000345779,0.7763623744543557,0.012859046700573744,-0.04336281347198677,-0.079139461013459,-0.1187393467673808,0.021016210378647357,0.03789090507856747,-0.17975739975300126,0.043751296434297246,0.05972026158407072,0.6539006402840063,0.6429067848209706,0.6310108938248321,0.6691091531381878,0.010397193072726373,0.5723610928086724,0.7181343849568824,0.03902180032677204,0.7078227330115011,0.7072596387074811,0.6913801219867984,0.7197565529955728,0.008097996106165777,0.6428237024667539,0.7511007062190977,0.02716511886505298,0.7257421903688526,0.7256297144953546,0.7111755424701585,0.7357409311250841,0.006853014837241399,0.6916797140390472,0.7627040600409813,0.016941752595850828,0.06202639139402707,0.029683720750580015,0.025442654853194087,0.1520636835069055,0.033258544865581226,0.00032929437414568746,0.21541229385679234,0.06642983859800455,0.018869951600768986,0.022047342388953894,-0.009924893805351956,0.052481089229353614,0.019991280968757526,-0.05995808049258844,0.12191441111453244,0.05251637688867403,0.03172366256811299,0.03462427107451471,0.007369614972260553,0.0624925237496242,0.014867731853182166,-0.007089156874221361,0.12997467060656032,0.036263077866029905,0.02199805062112492,0.02437109460711273,-0.0010594934457991492,0.050994930792778566,0.013458607283500621,-0.014406951277808104,0.06705540298874155,0.022049334949390372
113,0.4,1.5,1.5,1.5,0.013170794679117793,0.6,1.5,1.25,0.8,0.025684968258609494,0.6097725024594906,0.6228225034889537,0.5888467869334647,0.6295159297009103,0.013947980622654668,0.5840954897911305,0.6515417717761732,0.021239779629972613,0.6977898358558279,0.698644307212144,0.6809608079451419,0.7136489452955337,0.010324371757304154,0.6595262968241942,0.7544267671720408,0.022852297223619946,0.7130367772265341,0.7132417959736475,0.6982008480964937,0.7284885164288363,0.009387531310914349,0.6761924205918782,0.7797082252862907,0.02459420959702864,-0.02191721637001846,-0.020056373034085424,-0.1069818897724356,0.06966511660633394,0.04923130123471485,-0.14153343956030195,0.09069541832063117,0.06220697662308104,0.6639517299035952,0.6691584704488686,0.6553907371068136,0.6748515666757422,0.005798011837667097,0.6301518485779853,0.6935589326237052,0.0143263725126772,0.7240922626082725,0.7288712087965308,0.7122086191599788,0.7365661054838283,0.007081596524209477,0.703668423500065,0.7579298728282076,0.01402434403968068,0.7384517404682883,0.7419899211796503,0.7284287222839728,0.7494215137774759,0.006073455376723104,0.7214191301144441,0.7757724026481864,0.01638256640955461,0.030559469363656055,0.027072237548989405,-0.008865182378403572,0.06617237533013309,0.02238417692592805,-0.03828109529283409,0.07900010909343146,0.036637470876081234,-0.05417922744410464,-0.04633596695991482,-0.0743201939994116,-0.03191157284458465,0.012096346544738953,-0.08198720072687495,-0.0009918107665613657,0.024057346509399523,-0.026302426752444652,-0.03022690158438679,-0.04111312244148686,-0.011336627901779271,0.009921338809482354,-0.059348737980068275,0.02351658283242998,0.024804639927573424,-0.025414963241754185,-0.028748125206002895,-0.03772583558437683,-0.012859055967911169,0.008604537000523854,-0.06275579654320511,0.026410337476399218,0.023556014791569494
114,0.4,1.0,1.5,1.0,0.19780039882970718,0.4,1.5,0.6,1.5,0.3457103769543173,0.6302330385013561,0.653764706051165,0.6130468681575935,0.654556188928434,0.013292167359022623,0.606783226462954,0.693345163261642,0.02596689955584077,0.7069900748519902,0.709907201259019,0.6878960921301343,0.7275452422052314,0.011251478026510647,0.6699676442548448,0.773350176619616,0.02717027251645615,0.722224986466459,0.7246942821894011,0.7069609033426586,0.7372055819191387,0.009070624031073301,0.6987110217720891,0.7688705546650058,0.018959504747798263,0.05018311503256704,0.0009215015042339014,-0.02900903009350079,0.13206688596763816,0.039596583115069285,-0.014226464337550447,0.20405080832316977,0.055258682900698235,0.6788371928762519,0.6873326114940269,0.6605869617109489,0.7138898862754535,0.01463547219060508,0.6625104711291429,0.7389276441285696,0.02182355327812269,0.7353940202206839,0.7330322736090416,0.6979934518356223,0.771862858859437,0.022406244132963604,0.6887078615257545,0.7876211626558312,0.028565198428953345,0.7316078816858212,0.7301180371140893,0.7099197126643055,0.7524665768410611,0.01306795012594053,0.7129389447439091,0.7703242275841478,0.016091838449559016,0.09701679907259832,-0.025605842027298313,-0.055281964459411595,0.3461921376576501,0.12957191501005003,-0.1107658366483494,0.4470830160022954,0.2131041637792443,-0.048604154374895736,-0.03356790544286192,-0.07967224687770202,-0.026912541531045213,0.01675384924720315,-0.11434007530567362,0.004973472314048655,0.03153841366287837,-0.028403945368693728,-0.02312507235002259,-0.06738126865047507,0.0030179725934493806,0.02302979035099357,-0.09617581769602103,0.03686085010656548,0.0364737909766611,-0.009382895219362197,-0.005423754924688162,-0.03249812521848425,0.010948122477752672,0.013070533277733457,-0.05139644923321226,0.025553646222553517,0.02247240193052414
115,0.4,1.5,1.5,1.5,0.02690425133414666,0.4,0.8,0.4,0.8,-0.0012830174678081822,0.6956339919769802,0.6819050352822389,0.6840917298840347,0.7265614754186597,0.012615569646757769,0.6845683830166521,0.7631866611473004,0.022204683697270387,0.7167353230072766,0.7174568966750496,0.7019481809662864,0.7266598865920602,0.007071012944956248,0.6929533232165449,0.7834428962776487,0.022221935673921566,0.7339955949237511,0.729613536643049,0.7190881205144488,0.7419986546081344,0.006329262857984192,0.7061985130513055,0.774536571508165,0.018677023763190297,-0.12319971279572685,-0.22492083186281206,-0.3592290375436206,0.21680101764503368,0.15189192379096078,-0.3869060120910415,0.20774602380533935,0.16291098153704367,0.6726269234167765,0.68017817438563,0.623281094786556,0.7123922025489697,0.02555922107745682,0.6122589354023299,0.7269067654213919,0.03455413800787556,0.7246889606248373,0.7324342847377422,0.6817005295512173,0.7628477095799154,0.023129835408135156,0.6657792760772605,0.776650063963686,0.03047108316351366,0.73398581127504,0.7392055568702505,0.7096210557890771,0.7572606738942667,0.01525536254072048,0.7045107792765212,0.7783920244797528,0.02120189512696996,-0.03237607295529892,-0.013994767189772083,-0.1020440180723769,0.018651636368008206,0.03846412071106268,-0.09462289551194467,0.03878130494979989,0.03604718610729782,0.023007068560203625,0.001726860896608895,-0.015586985635452445,0.08207418951299175,0.031937672257363665,-0.024939803233877962,0.11381069460095647,0.04307686574285987,-0.007953637617560738,-0.014977388062692554,-0.04523344178368418,0.03278484429658196,0.02248658423159642,-0.06294825132182849,0.07114459397729724,0.03663133104152279,9.783648711070292e-06,-0.009592020227201514,-0.027869084783638785,0.018505893023794174,0.014705035216644048,-0.055933215154999195,0.05610824091283648,0.02697718832540148
116,0.4,1.25,0.4,1.5,0.13221722699008653,0.4,1.5,0.4,1.5,-0.09756955688396322,0.7013547759034877,0.7102544243419842,0.6718625899677474,0.7348813759246493,0.01773056983147115,0.6740578488951774,0.761527142342572,0.024137285436349073,0.755654280091807,0.7591547843185411,0.7293324099075329,0.7851790403423059,0.016049898710969367,0.7272174236969497,0.8102607986887698,0.02494449102145166,0.7509116105232222,0.7527217478030686,0.7349589445790119,0.7721319896724612,0.011524472550737085,0.7227708198012055,0.793029073795354,0.01919489903904866,0.059864799252047664,0.009215194888346765,-0.01037883900596271,0.17317240573597456,0.05592952487334663,-0.02200955570174796,0.15956882965646554,0.05079948038794739,0.6574952857185918,0.6654436494934146,0.63448059695644,0.6915523312089361,0.016721627060697374,0.6228719805648059,0.7155298443813901,0.026069934419790327,0.7315171241622378,0.7333803865844435,0.7163010326071109,0.7606745309148787,0.013876784332159461,0.7123298154022955,0.7990994796056612,0.02417942664827052,0.7407602278721214,0.7446826384743732,0.7215741918473069,0.769423567546841,0.01428788346976273,0.7262537483949831,0.7842393806528907,0.017101832022633004,-0.10418649852526717,-0.12253365388855511,-0.17940659071839737,0.011384721890879787,0.047614862908160846,-0.1838204132191274,0.03657464901303585,0.06244295282363482,0.04385949018489588,0.044810774848569546,-0.00765040342041054,0.08719412031440646,0.026566783885512573,-0.020430580152366637,0.10706998225899797,0.03884139701740298,0.02413715592956922,0.02577439773409762,-0.02142796906425111,0.06477130603268275,0.02345571480143496,-0.04761658450924906,0.08024724141126335,0.036726241820889675,0.010151382651100826,0.008039109328695337,-0.02389085549211807,0.04494718167708789,0.020046523640615724,-0.04096260512155882,0.04834416967373003,0.02803278948303583
117,0.4,1.5,1.5,1.5,-0.05726132838066868,0.4,1.5,0.5,1.5,-0.24811469108764267,0.6573808665134336,0.6627680348133581,0.6254136711598077,0.6883469638127078,0.016971195469103986,0.6254513173752021,0.7016945188892354,0.02449189774937711,0.7019053066945538,0.7030981567664916,0.6889840959421383,0.7146280504343031,0.008052066317405376,0.6465233826753177,0.7412590766934168,0.02494693290160672,0.7185224738553896,0.7195251205334344,0.7071886812372321,0.7290877227797322,0.006991236520125436,0.6962625456562541,0.7594758671922628,0.0163786673346884,-0.19376659558012418,-0.17526382348248637,-0.3221146078351152,-0.05775325081047414,0.07128288091937797,-0.34747079355308547,-0.09141623506910254,0.062442912284653256,0.7168162754933799,0.7200535539391618,0.7052774706537132,0.7327682084189535,0.007679328311093241,0.6968601279402141,0.7669186007159016,0.018928078691095047,0.7582457671159053,0.75039392787384,0.7283945027608152,0.7704062736538915,0.013196322044983477,0.7105696280886569,0.7882729019366985,0.022167377229659366,0.7737318387389901,0.7645521751510524,0.7560538916740216,0.789652662297746,0.010047621568228821,0.7347574062666716,0.7949505295614068,0.017665943784909745,-0.21222350078622784,-0.18170696704008285,-0.26620129690000394,0.4393172735596532,0.16340339057853243,-0.3197532833274167,0.21974675252882128,0.14681644202256244,-0.05943540897994626,-0.05728551912580371,-0.0896173794910931,-0.03139420947417318,0.015684087866599014,-0.12181882379186112,-0.021941283604150624,0.02787319172808813,-0.056340460421351546,-0.047295771107348394,-0.07120982327432859,-0.02430126970760245,0.013589516522968385,-0.111236517057622,-0.0014766403005872508,0.029588134570746463,-0.05520936488360051,-0.04502705461761802,-0.07343733146043119,-0.037101126508354704,0.011114133863789179,-0.09126268812726793,-0.003754524549828539,0.02526622127935114
118,0.4,1.5,0.4,1.5,0.035709971482854784,0.4,1.5,0.4,1.5,-0.09641514626503216,0.6941471335038145,0.6962902974078966,0.6777444227079894,0.7129481158152248,0.010909162779968562,0.6657076413449492,0.7239245760601756,0.016921972330284384,0.7395168073851623,0.7443751740324268,0.7185736433689565,0.7618882436979925,0.013972455073430545,0.7053876558183126,0.7730501544922312,0.018809185954394538,0.7521133477028049,0.7553928141286711,0.7331578870465766,0.772830647036562,0.010732518590407312,0.7244945775943569,0.7778497532978682,0.013861459114859616,-0.11681850067009619,-0.22768605883372303,-0.2748551537312617,0.10928538615632435,0.17455466869931313,-0.3295763360606121,0.16265795332190253,0.15262559873951018,0.6922209473762856,0.6927188283023931,0.6686470537184414,0.7150542239602481,0.012018454884461724,0.6664935081133879,0.7302846789734151,0.016608796674477372,0.7498383573417144,0.7480101775006464,0.7240581231936732,0.7746518748191777,0.01323110465348087,0.719744497928623,0.7907714584566098,0.01938382916122345,0.7470935638158801,0.74273114300471,0.7291426899101485,0.7653119680773665,0.009396184536335173,0.7257293598828956,0.7733852845548345,0.012709005638821574,-0.13667753214336292,-0.16074003920378105,-0.19459359850034086,-0.08347250115606578,0.03140441955443232,-0.23239572080826165,0.00028899066519672,0.07269521160698764,0.0019261861275289283,0.003571469105503544,-0.011632185878864384,0.013500901805368027,0.007938168927770857,-0.03277632799044491,0.022896478612585258,0.015612325804131407,-0.0103215499565521,-0.0036350034682195442,-0.03104797589498027,0.006226113791745466,0.01091459767144418,-0.05163344822090145,0.01374075241623204,0.01839426924961585,0.005019783886924811,0.012661671123961105,-0.008712433881984925,0.01624456256183284,0.007969538059215032,-0.014624658315681105,0.021086935048275676,0.00965298822971006
119,0.4,1.5,0.4,1.5,-0.2987223364858626,0.4,1.5,0.8,1.5,-0.08273607575371464,0.6709119073927932,0.6647712285710022,0.6593436328287684,0.6907088902421584,0.00902014796033373,0.6446511361915364,0.7145783786373037,0.021067458129477953,0.7175053276067542,0.7070627264457033,0.7014380024705612,0.7408170249072347,0.010628628121237783,0.6934722050893083,0.7542955753510328,0.0182038036433484,0.7388684381858677,0.7350330747550378,0.7167141968202762,0.7619977370119152,0.013775579396589865,0.6939868938269479,0.7896562454947758,0.023211489160631264,-0.26402471362652963,-0.25142427391946054,-0.2822837780267679,0.10329328753858175,0.12612192751676435,-0.3048896432261572,0.2704326223400388,0.17823892901396474,0.7162572297582279,0.7083050234892893,0.6933021187923427,0.7663461799474497,0.020932790261306844,0.6735905514126626,0.8192059466574305,0.039568409620213386,0.7478883888279154,0.7393670513957268,0.7235515508689075,0.7714246829766905,0.013511254873410362,0.683871871095446,0.7909193648039419,0.02768702459688777,0.7441442084262684,0.7418199970821268,0.7314164276316734,0.759480343204091,0.008572423395752841,0.7267164633637162,0.7859397302884987,0.01563360797194649,-0.06837879190294084,-0.07815986255611117,-0.1305380419661737,-0.021644744085347334,0.033912460954383036,-0.1697549509506955,0.035940149736727184,0.05349694503239971,-0.04534532236543476,-0.043533794918287017,-0.09663241559185465,-0.013522404630048432,0.025251158566345997,-0.16117523568451234,0.027512460769154853,0.051576416674567735,-0.03038306122116119,-0.032304324950023444,-0.06035826398932451,0.002832448229716178,0.01987890756081484,-0.08871484352259061,0.05633233518971113,0.03928028269801708,-0.005275770240400712,-0.0067869223270889956,-0.036339082695846736,0.02990818879135932,0.020995154655184325,-0.09027664881720873,0.059730525881580496,0.03648172554206265
120,0.6,1.5,1.5,0.8,-0.03701776235686588,0.6,1.5,1.5,1.0,0.14119420786771422,0.6598128073142867,0.6616643150330215,0.6306525654333586,0.6962607158781088,0.021883069836782867,0.61780707494026,0.7236261100199035,0.03212799752364214,0.7175765031243385,0.7215476231638643,0.6960705183158656,0.7414348119378082,0.01547039843592418,0.6835434699813792,0.7602565737696358,0.024079059165563382,0.7310346919717682,0.7347295914320519,0.7125417629204394,0.75360780149997,0.01347473802389342,0.691118701442413,0.7809979663479913,0.025348072306482155,-0.03652475237449402,-0.028175884901297795,-0.11665974431167062,0.028328654866162713,0.0411739517175945,-0.11710792964208355,0.037004738685422985,0.044375924760049874,0.6623634952976898,0.6584864916902269,0.6512802562812027,0.6736837270701429,0.006793825518998917,0.6447605411150654,0.6823085062771955,0.012537998457591263,0.7222326761213693,0.7254611677625957,0.7173318136495871,0.7320366730592027,0.004649443202552207,0.7145710192000598,0.7411142818272163,0.006879513092315828,0.7307049209024763,0.734511680919357,0.7234068111584169,0.7406334155213695,0.005234433723781695,0.7172028664136604,0.7490242623017445,0.009255300045449182,0.07448004858263883,0.04678736888998956,0.043325953245374325,0.13417529816999849,0.021442133882509616,0.025194189961405662,0.175851482799818,0.0383176470107807,-0.002550687983403077,0.0031778233427945946,-0.04010342576281049,0.039684186731644935,0.02772616521813585,-0.05842056693403727,0.06746113367139882,0.041467827211631614,-0.004656172997030805,-0.003913544598731389,-0.031043235246297148,0.01461858778043321,0.01569206690097262,-0.04181323903487203,0.03120224823838178,0.02491346992048748,0.00032977106929188427,0.00021791051269481887,-0.015064651349598602,0.01950766286455925,0.01003569593853619,-0.03428595600152979,0.04344704160041781,0.01960800052197042
121,0.8,1.5,1.5,1.5,0.18306494847354368,0.4,1.25,1.5,1.0,-0.10835075372182155,0.6879225856925041,0.6785391527419252,0.6210423609257137,0.7433611016355307,0.0391728116976606,0.5898097432624719,0.8276087618585288,0.06909522158709974,0.7376118946358835,0.7381474472238313,0.702679683091081,0.7658405962633777,0.0173979257747806,0.670758818537394,0.8699459601423977,0.05964421378672828,0.7449814541694804,0.746778878989832,0.7169382701156141,0.768223398286703,0.014125812379987796,0.6991275152239512,0.8321941587547773,0.039741066829705525,-0.040784228911804186,-0.1179665823247398,-0.1451328538198257,0.17374814256545057,0.09712461979068059,-0.16577235817722188,0.24803602314998488,0.12177567705217195,0.6753852586753428,0.670023496690258,0.6338227080035386,0.7238101287352978,0.023661909945494893,0.6269145051914419,0.7585441709050179,0.03218491874059207,0.7276939242848048,0.7252222949099412,0.7017665906203262,0.7494116405077909,0.01423875430218546,0.6665611541619251,0.7636714419126933,0.028357803591930724,0.7348880893770317,0.7378098151461956,0.712294387182902,0.7576310199121781,0.013210424744423343,0.7063118599389144,0.7657597043205664,0.01910853111249513,-0.03603205466496302,-0.02344604706147001,-0.17747069346697175,0.09448245489792718,0.06933585816316916,-0.21472303302274098,0.09304994894900563,0.0792597123148555,0.01253732701716126,0.008515656051667264,-0.08323088985723659,0.10101114651610645,0.05817153924745638,-0.11771593755435197,0.20263387917108597,0.08867838719773223,0.009917970351078664,0.012925152313890131,-0.043319510390023505,0.05963118986176438,0.02723965230215243,-0.08024823854435946,0.1966529392364849,0.08232642458996833,0.010093364792448711,0.008969063843636382,-0.03967890889377576,0.050147687337320127,0.023785863922603453,-0.05806397696698862,0.1201063227388692,0.05156332245286516
122,0.5,0.6,0.4,0.8,0.2248066602726058,0.4,1.5,0.4,1.5,-0.10485701395306145,0.6454953518005844,0.6486270537694858,0.6244931591459043,0.6603498068779531,0.009996223865056417,0.6127332107894102,0.6697935531128889,0.015292650991377632,0.6902309892915793,0.6956895263299132,0.6647815852118404,0.7106669359790745,0.012411583215276386,0.6532160516679572,0.7090549642341806,0.014318419303502033,0.7100642602951872,0.7206055950727183,0.6869209063484154,0.7280605363472559,0.011633241555771038,0.6849308779566945,0.7483130644041632,0.018821138861903584,0.04718949887816131,-0.00862771038279295,-0.02799609764580483,0.16646393212833938,0.057001342892119666,-0.09559711879246424,0.2535181239915402,0.11109492818364024,0.6460869408129655,0.6526634336974182,0.627088392028211,0.6641019797885247,0.010701750411921904,0.6132003014679808,0.6734602162951362,0.018028810394340324,0.7032289042853123,0.7234000353339517,0.6783896652159627,0.7278464332239116,0.016043039952281728,0.6594660786021216,0.7386480185784949,0.025296371519083555,0.7328337558133801,0.7432657132691077,0.7178275550374177,0.7474506187255643,0.010115595332180295,0.7128687521535229,0.7596575218572384,0.014093103841522238,-0.08666153249896782,-0.05275394349354299,-0.14291130804252594,-0.03839248547605415,0.026359279163744122,-0.16994592560789762,0.01122949605937909,0.04384729335446796,-0.0005915890123810996,-0.004036379927932376,-0.03407515639564559,0.026834778342828526,0.01794070485201327,-0.04993139654913104,0.04687394364564398,0.027699385407155552,-0.012997914993732929,-0.027710509004038486,-0.05252362802645043,0.018439642833572086,0.02230462722687211,-0.06454735125615456,0.03367109499606846,0.03135142629255184,-0.02276949551819285,-0.022660118196389467,-0.05492407508747932,0.0054784384152172655,0.0167691626481674,-0.07101010168478407,0.03147694788528729,0.027547179813534987
123,0.8,1.5,1.25,1.5,0.17294572906078298,0.4,1.5,0.4,1.5,0.06724499388457157,0.6552712710349624,0.64800865844542,0.6065046386833809,0.6949891520775842,0.028605487459078413,0.49714294067872544,0.7499559916590082,0.0723717730197708,0.7225404237553816,0.7260615593439109,0.6924017416100542,0.7460865480419295,0.014339695608033663,0.6549667961703761,0.8191865846662213,0.04766026190620232,0.733705454857568,0.7369776286685775,0.7061900089588087,0.7548938565004896,0.01222941316899808,0.6846771543487946,0.8103462342152354,0.035162210367077174,0.011795764184555146,-0.07381127596772988,-0.06513697491245982,0.10167857194305759,0.03987814697082763,-0.1176287255767599,0.15632632016160888,0.06552895679556149,0.6992212202832663,0.7044750270501879,0.643615063563663,0.7572804315647177,0.034056258993218215,0.616856161354752,0.7978231813543041,0.05559203500877786,0.74426038863676,0.7471493836635545,0.729713519787546,0.7670749419247808,0.013988909834184307,0.6743807644902591,0.7891416424535203,0.02622745997449435,0.7331435801211693,0.7408659377136435,0.7170640534396795,0.7616265398818122,0.013360004881669411,0.7018376199415214,0.7891998457066437,0.026752980296584267,0.20007134600535767,0.16219568139391702,0.15805628573608638,0.26675062796711413,0.03823510108669413,0.13520653316060857,0.33574853271100813,0.0529521500217999,-0.043949949248303866,-0.05646636860476795,-0.10307814742042185,3.5449802476800185e-05,0.030400045899779814,-0.24914948479259752,0.04620591527322576,0.0764528315088886,-0.021719964881378395,-0.021087824319643622,-0.05689974216555766,0.0021843025348387626,0.01681674159451475,-0.10528765395639586,0.07878597154998299,0.051832601556111794,0.000561874736398682,-0.003888309045065985,-0.023964079496303723,0.018150543240611605,0.013326518985077685,-0.07622610686570065,0.0860207799123962,0.04086245914013953
124,0.4,1.5,1.0,1.5,-0.06272752266734773,0.4,1.5,0.4,1.5,0.1907481358290216,0.7234815054035034,0.736213862831607,0.6879474793353567,0.7542301487294468,0.018172861244343478,0.6801276984500794,0.7808239968195229,0.027409480000328963,0.7658442167196453,0.7631506999726075,0.746920980534216,0.7865133485614567,0.010712688663518908,0.7148399042854168,0.8101844118008078,0.0257619746837625,0.7655008150743084,0.7655044019130197,0.7512735467705977,0.7815828694953271,0.008611690316284457,0.7304379011720172,0.8024829139207189,0.01923132621759248,-0.08602431385407845,-0.12683426190556585,-0.1671439143802041,-0.01716330429430203,0.037964540054760916,-0.20720801599999822,0.023138330727783166,0.06823320872297677,0.643662244925726,0.6516089881778023,0.5799236617410912,0.729752303859812,0.04174864952750158,0.5646378921131413,0.7671439220411427,0.05998127073697215,0.703383560312247,0.7177833323783472,0.638927170987719,0.7857081069422747,0.04088556739158618,0.6207561902362172,0.8246893342502158,0.05814491623610094,0.7218517196636425,0.7298802116152312,0.6955631880935218,0.7836815687772914,0.022543810818009196,0.6857605603815758,0.8003446535604083,0.03075896585514765,0.05505743877144878,-0.006087820077084265,-0.030388913022492525,0.11629397336258207,0.04385821614218737,-0.10414352430370605,0.21003100845228448,0.09356304120878453,0.07981926047777743,0.08460487465380462,-0.019912441466778924,0.14468625828936027,0.04258874363832883,-0.05741461501535594,0.1629738101181839,0.06038591572748478,0.062460656407398285,0.0453673675942603,-0.023484310104533973,0.1171592851355785,0.037468195692620915,-0.087931295648839,0.1427733554963339,0.057689025142565395,0.04364909541066597,0.035624190297788516,-0.01763010422640232,0.07197700317515417,0.021734430079953827,-0.05578064954179826,0.08638231858499312,0.03380680458501057
125,0.5,1.5,0.6,1.5,-0.00262921980642572,0.5,1.5,0.5,1.5,0.1127343911733968,0.6799701671592648,0.685109024679488,0.6465908867947077,0.7123820034540077,0.018968586373292552,0.6417810335520999,0.7288707969324906,0.02619436040505917,0.7250655472316594,0.7258443783346672,0.6863116440730088,0.7621818391241072,0.0226173353704179,0.6747825022430003,0.7729566705130584,0.0280246058837143,0.7240043022214743,0.7282107796662654,0.6908888877212214,0.7557598421736417,0.019662352521732138,0.6816549875877148,0.769653491623665,0.02645162224906585,-0.07498672301450295,-0.03343036816072036,-0.2424057228061467,0.07969993003994826,0.08846532027785829,-0.3180255822262049,0.0718222360470067,0.10694096528062243,0.6790146514853265,0.6673396404331421,0.6561125092358895,0.7025856733194659,0.014974621807111956,0.6363602860690862,0.7131394330300255,0.025247041500237447,0.7288072603107207,0.7180868166547892,0.7057392840376784,0.7540653032509187,0.015557505417217383,0.6882231924741128,0.7635762755140271,0.02151689482329113,0.7321524215741084,0.7284060666295387,0.7158041051965978,0.7520694056506854,0.011020694973393481,0.7092304033618522,0.7620764331804059,0.01545182861517859,0.17450724461599987,0.13172580568766054,0.10818890758778629,0.26344169043724813,0.04147096513313688,0.05069046419521592,0.3747283055529653,0.08896539245170047,0.0009555156739383674,0.017769384246345887,-0.01934308112356612,0.022145251400817956,0.01256200733607644,-0.02840566399120234,0.0691421573620398,0.023313157370199677,-0.0037417130790613484,0.007757561679877956,-0.02688769883317794,0.02050100749857453,0.013284441018108982,-0.03548264833661295,0.04124494312238185,0.02583623314760737,-0.008148119352634153,-0.0001952869632733112,-0.03600361663145618,0.016070504235444892,0.013930791011334192,-0.04664406372584061,0.032578453609823164,0.022345901852166308
126,0.4,1.5,0.4,1.5,0.030811719880142058,0.4,1.5,0.5,1.5,-0.25226863802625715,0.673878925916508,0.6795483214744888,0.6635001767851897,0.6849245081797463,0.00638622700894265,0.6571002011350802,0.6885498836950196,0.010117968074131008,0.725194218809667,0.7288897054018327,0.7115576742291628,0.7393446748743516,0.007916858344929143,0.7020615425481828,0.7421311752684412,0.011483458807526109,0.7417641857195131,0.7433356399630104,0.7389710205666151,0.74552359407446,0.0021378119707040877,0.7350609200899169,0.7512741454696926,0.004886842352662094,-0.2497210903684823,-0.39984720520487876,-0.5514405342534876,-0.14928581251145792,0.10978999617086688,-0.5486761998575116,0.0021632790575187577,0.14049068125048403,0.6735154674500269,0.683964674084615,0.6501262800990536,0.6956906637963691,0.013066789024438622,0.6394084210808724,0.7063201184860709,0.01790990983474171,0.7459921445309847,0.7549505338240138,0.7249071288246125,0.7747996456013487,0.014726055563374349,0.7162068907921392,0.7981508102352419,0.020357181133684687,0.7625441521988703,0.7656990755962294,0.7503291064051575,0.7741439401443083,0.006249294523600713,0.7470818341517953,0.7794810150479404,0.008337350446770529,-0.362890857383413,-0.2666226682243538,-0.5239066870324751,0.014373417898570773,0.1593789906380824,-0.635623582686807,-0.16210967219976263,0.14525952988248536,0.0003634584664811147,-0.004416352610126184,-0.024682381433678874,0.029503729015659987,0.01505485757901624,-0.0341006273694834,0.04039212669858968,0.020745589481574303,-0.020797925721317778,-0.026060828422181048,-0.05130379680554542,0.008193227686432401,0.017477258519617525,-0.06942737437040572,0.009169601499809873,0.02424210386603619,-0.020779966479357204,-0.022363435633218964,-0.03141512353892848,-0.007421026642273336,0.006342437392653105,-0.03950474029506795,-0.004223797631377528,0.01049497536166154
127,0.4,0.6,0.4,0.6,-0.15331775248940305,0.8,1.5,1.5,1.5,-0.0453819440749467,0.6882768278360005,0.7316275826385977,0.6641390168811883,0.7313208302815511,0.020817329734286502,0.6469276897216063,0.7363763553888245,0.025970062611765054,0.7419453301836115,0.7818554272554856,0.7156091038238905,0.7825561768307976,0.020405277511951873,0.6974378796683938,0.7953811054993902,0.026560433308944087,0.7095708163565191,0.7369897902833963,0.6811516458523718,0.745181046561867,0.02107134686004062,0.6618771766968633,0.7541456492339789,0.029860546623455025,-0.23864222701612012,-0.16511357695871776,-0.3014869140734917,-0.1179264595869137,0.05488170460392678,-0.3271495683371393,-0.11503316805063404,0.06547632500544422,0.660415361552054,0.6548790961638288,0.6124403733487522,0.6955963691975058,0.021850303410260074,0.6004478720319104,0.7319204095620907,0.03487420530879456,0.7219187664020729,0.7241647866433936,0.7000085918353623,0.7439945961553326,0.012063473048533254,0.6771221618862079,0.8056976953214243,0.03429283925272291,0.7344364516453791,0.7373309026906247,0.7163780721587775,0.7529783490222969,0.010245188227558722,0.7044598949255124,0.7849243125772288,0.02120962498415245,-0.04755670623580449,-0.10665310409958903,-0.12034566172659981,0.01908180753389352,0.03867887104591941,-0.2182829532080196,0.051163970329403785,0.07752013798668589,0.02786146628394648,0.07674848647476895,-0.021768502959124386,0.11357798634025162,0.03356935815901695,-0.07587381580470512,0.07575211355597282,0.039862623142708734,0.020026563781538664,0.05769064061209206,-0.019988457786832795,0.08037482164132842,0.024484942180941504,-0.08645537759377214,0.09348645735823138,0.043864225662251996,-0.02486563528885999,-0.00034111240722844993,-0.05721892359202715,0.021068971447159128,0.0209076868871909,-0.08992858644238576,0.009748230746570455,0.02906900402188008
128,0.6,1.25,0.8,1.25,-0.15222493650721652,0.4,1.5,1.5,1.5,-0.01836772669606311,0.653789891336103,0.6533087966787813,0.6337361050662605,0.6715014156121288,0.010679873427103448,0.620934234802401,0.6831683710786199,0.01717853283625206,0.7026755036121373,0.7052647536514225,0.6848373702722821,0.7188943896600807,0.009651092474066434,0.673830178284513,0.7287866453516967,0.01525597288489153,0.7181824799312821,0.7172376843255336,0.7021956610449798,0.7298572907988615,0.008070328432216117,0.6952696320760888,0.7373940315955737,0.011670736522755737,-0.11623875023922739,-0.08931556604626416,-0.1867922988732488,-0.004227031344632162,0.049585611109232014,-0.21326891564140152,0.12248753915913765,0.09398029653296712,0.7320145450758696,0.7289148370126529,0.7109170951596778,0.7515495932145856,0.012474566459110447,0.7328473597156722,0.798750640377776,0.017283957701270506,0.7559171695241631,0.7526625315888699,0.7371617828046066,0.7734175391296759,0.011209337283487863,0.7208508224116643,0.7857388829344923,0.019185971050683946,0.7605540014584276,0.7602460416379375,0.7441598341015973,0.7759502675899177,0.009535087892196764,0.7352429059077793,0.7883418028160352,0.015513964598345175,-0.04049911098255751,-0.06840880709343702,-0.11409891265033816,0.006431414738333072,0.03292951440316315,-0.14003583011842974,0.04899663514239902,0.05477566790111915,-0.07822465373976661,-0.07560604033387164,-0.09814112495182506,-0.06552117485332919,0.009878068067609824,-0.146882556759671,-0.07048801732075875,0.018500089736649242,-0.05324166591202584,-0.04739777793744737,-0.07272310202297529,-0.034402137197703936,0.010790829590242848,-0.08212082070117399,-0.00777419780186113,0.019628626546863048,-0.042371521527145406,-0.04300835731240393,-0.06288142651621809,-0.02658149131397134,0.010248382141564228,-0.07180412094546718,-0.01661291925438413,0.016181917535446008
129,0.4,1.5,1.0,1.25,0.06077053678789581,0.6,1.5,1.0,0.8,0.12599430513467935,0.6868881997031129,0.7106535869950136,0.664851782699272,0.7368987938816166,0.01911743658734755,0.6591298985985966,0.7600232412256465,0.026993232643067668,0.7346142878255272,0.7298291853409936,0.7153539443195087,0.7563313172692399,0.011408614845193284,0.6795618708205561,0.7966403111686822,0.02948893715355571,0.7372612245844254,0.735340307854289,0.7214378384153829,0.7567059128866642,0.00993898653303879,0.6959218993082332,0.7681443846461787,0.019339846185910486,-0.12066423792266269,-0.27840851374065595,-0.36216865684665206,0.1047123083567915,0.13139989645864278,-0.39950897643892463,0.0248510364723437,0.12833909731889132,0.6970703258514483,0.6893981437640693,0.667855826812308,0.7196269999650456,0.01432918208132213,0.6555925778674273,0.734167409740092,0.02183900748870013,0.7334791527499274,0.731625422905473,0.7147187640305356,0.748818236404661,0.009645054510341249,0.6756782501387276,0.7542928993510956,0.01969728269882547,0.7409584311020223,0.7427897291141955,0.7199496492055388,0.7553841341454387,0.010053311995171009,0.7110151247242018,0.7571150765065159,0.013229818418819119,0.05299714060944825,0.08621492494331766,0.0004129416319972809,0.14915356732493465,0.0417694011983994,-0.0222667822464541,0.16979683569503487,0.051917987818014925,-0.010182126148335469,0.021255443230944304,-0.04806231335570933,0.06975454916336914,0.0314097499445049,-0.05589934674864608,0.1026995782883634,0.04280579704084822,0.0011351350755998135,-0.0017962375644794415,-0.020700765183663726,0.02397900279853782,0.014769161008243402,-0.05670245511261712,0.09263230077569928,0.040526423769935864,-0.0036972065175968627,-0.007449421259906441,-0.020996613751901844,0.012204017893096376,0.01110561144258167,-0.04503875764547381,0.0444204040269323,0.022375877383090475
130,0.8,1.5,0.8,1.5,0.19022319988238193,0.4,1.5,0.4,1.5,-0.007267699274443692,0.6685607634827266,0.6596099093484953,0.6484887367275597,0.6834318219840974,0.009115841092348389,0.598620768320665,0.6986593536061373,0.025988532998243528,0.7326749872192486,0.7329929630536595,0.7135517813010815,0.7469534680445219,0.009064826203985502,0.6895422763409207,0.7584858046185836,0.021632908348507774,0.742442548956305,0.7452153919038116,0.7282358613801252,0.7576755983208187,0.007794511288379507,0.7134788657091667,0.7720845057146596,0.016245452528124125,-0.08541908188617098,-0.16768502586419456,-0.20769086361620331,0.055740535672452435,0.07320523817258055,-0.31193872380798415,0.04066034997575432,0.10024648249347619,0.6669157213659486,0.6695411650152514,0.6516480122495601,0.6822378184697343,0.008090144228308638,0.6476204509853948,0.6957495089565344,0.01312627387889201,0.719668038035805,0.7211516830227056,0.7043828218630144,0.7339048834721559,0.007755570088926024,0.6977057748277459,0.7411637658871845,0.011970974751744513,0.70577868904585,0.7151373125142269,0.6935450010309558,0.7190354519554993,0.007821032497523922,0.6852306886695302,0.7320208008889462,0.014273556860297078,-0.011469236539708848,-0.005322022318254409,-0.07746627659709115,0.034457100074769535,0.028731512079955057,-0.08975082238841109,0.0438147287283987,0.03849065384736999,0.0016450421167780727,-0.009931255666756122,-0.01762742017503258,0.014893666643598678,0.010339116119262404,-0.08115732527669715,0.030816563179780626,0.030349033282323835,0.013006949183443584,0.01184128003095386,-0.005760340995069096,0.02914666323731314,0.010368781997128934,-0.0459579139162557,0.04175448894992022,0.02535356849004617,0.036663859910455066,0.030078079389584733,0.019899288315666987,0.05568491613486772,0.010060984287503119,-0.0021301470616815338,0.06624853872405875,0.021010373554498737
131,0.4,1.5,0.4,1.5,-0.03394201735479585,0.6,1.5,1.0,1.5,-0.058390614623544744,0.7335569481301143,0.7324972933211022,0.7205142728150679,0.7468485187016177,0.0071783986015878515,0.7036521333211243,0.7676611881081492,0.015241892472879768,0.7736633025432395,0.7749535262086127,0.7584234656290998,0.7878681045680576,0.008511852269991214,0.7384995463552382,0.8094097699884009,0.020993182646696428,0.7784381710298804,0.7801395827901929,0.7643670091207262,0.7888838681958307,0.007010185959936354,0.7600150522120267,0.828082261543662,0.018680804353158047,-0.15690373448153797,-0.22140486673473106,-0.2825147692835305,-0.026822665193949546,0.07227404913726466,-0.36800643829663926,0.07179689558190039,0.11833346999739663,0.7018362158170934,0.6945107027225552,0.6743652106738085,0.7284515167618386,0.016360581059444147,0.6550541945500528,0.7637091847912947,0.031951984003252616,0.7406867656234968,0.7392142905368542,0.7238210665213878,0.7571567192722243,0.010642619816253246,0.7180748396317262,0.7633201472207748,0.014862397504976812,0.7474502301607613,0.7501855787824948,0.7314870321191004,0.7620782354395806,0.008851835018302393,0.7237530275035325,0.7893506674942663,0.016768048373831345,-0.0759440996172456,-0.10131572235227626,-0.1305832221454719,-0.004383128622803767,0.03350244097277035,-0.1621286070854889,-0.016331924715723006,0.04012869516341101,0.03172073231302086,0.03798659059854703,0.00014305849034706997,0.06297826558350816,0.017234456754224175,-0.041496629627598175,0.08879067897442632,0.034028905096387396,0.03297653691974267,0.03573923567175852,0.011320575958787354,0.05475481729039881,0.011904244783974038,-0.0034595996880725788,0.08105616838027341,0.02424302253320383,0.030987940869119157,0.0299540040076981,0.011802930522719864,0.04645692573043196,0.010062435071100374,-0.005415574496835954,0.07036787187416317,0.019053899939627306
132,0.4,1.5,0.5,1.5,-0.29859774367949515,0.4,1.5,0.4,1.5,-0.10848256613638026,0.665194646070554,0.6703636783090114,0.6560883697152006,0.6764872101401466,0.006192371226487861,0.6525886395602822,0.6967741118414827,0.013089842419598244,0.7149164223658261,0.7204999603991101,0.701660387071293,0.7312233709163082,0.008767839045170402,0.6835471205273708,0.7368032860565678,0.016259821779562582,0.7432157218321256,0.744769600308853,0.7290236521971065,0.7596072038301473,0.009463780573476088,0.7265478148875901,0.7745504642944431,0.013914662309141727,-0.4088598086469046,-0.20693362690983863,-0.4151590929958646,-0.024386010026226257,0.10268280662913094,-0.4678449483563935,-0.06491749858910051,0.115445471608697,0.6810093289520622,0.6922245012962691,0.6645664580535362,0.6970030062311343,0.008762918259144154,0.6615439380081796,0.7135700293677375,0.013968912522436958,0.7359950693911645,0.7448945314902659,0.7197442802544652,0.749740540187523,0.008262368051428022,0.7152483017709966,0.7680647212453572,0.014256748315357249,0.7317909054448971,0.7380346730860946,0.7183278128693674,0.7527183141540162,0.00975057259134582,0.7139705401739598,0.7637716759592198,0.01319978718789448,-0.2830011488683473,-0.2742849111580322,-0.3548498360752097,-0.2385850663628774,0.03172456748577728,-0.40572137887176807,-0.1784892409205907,0.062870590082575,-0.015814682881508224,-0.021860822987257666,-0.03099343741771758,-0.00634766652324379,0.007843259760394475,-0.04865647417089751,0.004867252225650848,0.015145459792229614,-0.02107864702533846,-0.024394571091155726,-0.03540786522557032,-0.010977856213904326,0.007472577299488644,-0.06499626542843734,-0.006524858944066271,0.01688492444598703,0.011424816387228476,0.006734927222758369,0.003975378165637535,0.01878206809491756,0.0041679829526721016,-0.0017853729728602996,0.03328062710398754,0.008931034899592573
133,0.4,1.5,0.5,1.5,-0.10890609549009078,0.4,1.5,1.5,1.5,-0.1346856817120708,0.713074229300273,0.704962720361696,0.6930236412757509,0.7297077345147286,0.011149703510833792,0.6719471089235839,0.7355720850649696,0.017293358980994447,0.7572071268325649,0.7544893293671446,0.738480312738958,0.7749669807048958,0.011039914803281606,0.7308204404609293,0.7769027776444682,0.012702414390401356,0.7725902689611012,0.7693420496751735,0.7592234692442991,0.7873608547574602,0.007970199719969205,0.7562354913484507,0.787371427281658,0.009417527438186,-0.09922330339710288,-0.17654411930761493,-0.21805579774719042,0.09921151864139578,0.12127472714869084,-0.22338574013269408,0.20036483840159253,0.1446557737131131,0.683146396351292,0.6808572726613972,0.6752037091787753,0.6950740636451218,0.005853776746387108,0.6462100412281162,0.7140263198467056,0.015740904442502906,0.7295664937998976,0.7301544814540091,0.7215100228060309,0.7360396231336496,0.004647530595800965,0.7156902950661566,0.7632087171434959,0.015424198134727967,0.7423960268614549,0.7435525975338992,0.7347464257941052,0.7504327590713515,0.004624321081220126,0.731292933907156,0.7627438487499476,0.008927715939544134,-0.16195896843527807,-0.10202283406648194,-0.2143322017758974,-0.08150831259934696,0.03631530380594012,-0.25149293697449066,-0.025710200427569885,0.06726479817367076,0.029927832948980937,0.024105447700298877,0.015216844074947548,0.03883021035640237,0.00693234517080202,-0.009237900147722522,0.05514313607421088,0.014727986132473968,0.027640633032667283,0.02433484791313556,0.012175179525666449,0.04413761318717064,0.009277850421962984,-0.010507894069843357,0.04267671829760375,0.015159231977443009,0.030194242099646273,0.02578945214127426,0.020291715700671502,0.04174196363816149,0.00615154956496046,0.010840210337837025,0.04007809396538864,0.008102086357510615
134,0.6,1.5,1.25,1.5,0.0012478040486755923,0.4,1.5,0.4,1.5,-0.022376944382943974,0.7294453727487427,0.7277190958327517,0.709470396069203,0.7529805111224782,0.01253150800715653,0.6984322288018666,0.8244173946059066,0.03318672935414303,0.7655116957198247,0.7563479669200018,0.7336905550753635,0.7948306137596237,0.016067490233999168,0.7205578361766849,0.8313358987790711,0.03171038318522398,0.7663901422211272,0.7604857198105371,0.7369769455366152,0.7948794396422334,0.014777189591965558,0.7376579861862076,0.7950631718181232,0.016396562827946132,-0.06357969078265698,-0.09252535887931564,-0.11363388401123231,-0.00904695544974976,0.03181011546943611,-0.13937894913895243,0.027194005013159106,0.04709009077177804,0.7027698360775522,0.6973612167470548,0.690673146173009,0.7192868488655056,0.008460991108082629,0.6815354507695294,0.7282600182150387,0.012504121505202533,0.7513107991998829,0.7451287519815324,0.7376253834505464,0.7685669016731522,0.008481640902707172,0.7300583347828359,0.7740823061257979,0.01172592435776915,0.753313741853417,0.752322628314557,0.7450300087973156,0.7591772179815872,0.004146588055318582,0.7365118315808146,0.7716913600296088,0.008248729917614007,0.026524684007409465,0.019498484935245912,-0.03139697961094094,0.0698858969981386,0.0288685237224897,-0.03839372597708442,0.12752751531995135,0.04472711869451862,0.026675536671190492,0.03035787908569698,0.014979853657489932,0.040409553216146296,0.006896392794438038,-0.009173995262388643,0.11415133463625775,0.03335845691225391,0.01420089651994183,0.011219214938469446,-0.015705882524262867,0.05176788532205889,0.016308545161872617,-0.029475025067704184,0.08520886666994801,0.03167488856872297,0.013076400367710184,0.008163091495980157,-0.011654313419556181,0.04216294173769282,0.01381592833360151,-0.013851917673655144,0.04160317142399125,0.016483547007118175
135,0.4,1.5,1.5,1.5,-0.26301169694084026,0.4,1.5,0.4,1.5,-0.2769824805631917,0.6515974637243541,0.6603535049663581,0.6283799927268766,0.6824130796716712,0.017301031508017775,0.6160136673200785,0.743305318101483,0.03442131070510799,0.7131734222389523,0.715793619839932,0.6961522783114756,0.7317265924666326,0.011160093002062464,0.6667831233933177,0.7711410140625248,0.030909651612567868,0.7283030242182081,0.730442504645975,0.7137780725975613,0.7440428675835522,0.008905186510571669,0.7026398816414318,0.7753399318022663,0.021529034403216442,-0.23371923938746172,-0.21224105884777433,-0.33808358077424105,-0.09792390368367412,0.06692894830057901,-0.4313526927979586,-0.01966867035227224,0.12486393640689208,0.7064301102859291,0.7144960584195449,0.6842409619916713,0.7422587706188675,0.01603416178513038,0.6758091425510848,0.759949017420278,0.0262913928683152,0.7745626659765666,0.7749274081607441,0.7459647540835651,0.8011641863535713,0.016259311828759844,0.7354283360731694,0.8187319485500996,0.024488906705210513,0.7463826248096112,0.7518739840537998,0.7327589451543729,0.761979679847213,0.00865531524729476,0.7269907913216278,0.7737149703207061,0.01336222350135357,-0.15783421179912177,-0.21146208649381845,-0.2601165037437656,-0.06494806238659048,0.06004234308339846,-0.323787965603998,-0.03328778010575209,0.08872371801062466,-0.05483264656157494,-0.05414255345318675,-0.07193015380134442,-0.025533207679388922,0.01250600180200605,-0.08341738409135149,-0.0049622574545611225,0.02164908038986709,-0.06138924373761434,-0.059133788320812175,-0.07835146555545836,-0.04249799378146579,0.010347253072684384,-0.11003367598959767,-0.01627681034290862,0.024458170679158,-0.01807960059140301,-0.02143147940782475,-0.025631188993702092,-0.011326929682107537,0.003970532388982438,-0.043119523301516784,0.021113752067077447,0.015219520402553933
136,0.4,0.8,0.4,0.8,-0.08201831321710261,1.0,1.5,1.5,1.5,-0.24118622850597227,0.7455227780991155,0.7537693651161367,0.7215671300269086,0.7811874425844565,0.018368978922139016,0.7075797594722846,0.8179450919738329,0.03457944355652795,0.7941971157938813,0.7984631227211935,0.7666221822169383,0.8313758007051862,0.020018002727237846,0.7533932274649514,0.8724642126595662,0.03621734129811543,0.7767576620948243,0.7753463103841,0.7463458701350159,0.8105903134813054,0.018461117700651498,0.742430309990923,0.8280431228402937,0.02447382098949095,-0.05483317972762701,-0.11820077769972577,-0.14686830650258992,0.08781593507373144,0.06806262694048465,-0.3254813150792966,0.18027826525769697,0.14219664137935392,0.6796585472813675,0.6726126654939321,0.6619801074640324,0.694699950727713,0.00989019533989157,0.6479617514964542,0.6967531752829205,0.014077959428439124,0.7558336540605811,0.7544120340525766,0.7398444816577673,0.7696925512663573,0.00950290661977608,0.730921061752545,0.7811719309890103,0.013686274962890063,0.7629341187223289,0.7605790473385854,0.7498268421290013,0.7764487668628406,0.008091173843161359,0.743824611647778,0.7859281771275493,0.01229142229797203,-0.37904523601862905,-0.4552825690355516,-0.6529274648250339,0.2598455580875233,0.22430158006923542,-0.6370081573982653,-0.24596101111704355,0.13062654866901396,0.06586423081774795,0.08115669962220462,0.039914058244742215,0.10634233209601132,0.01973551170025782,0.03977712304916935,0.14784564088357993,0.03565724603612044,0.038363461733300186,0.044051088668616845,0.008527226996206283,0.07722599269282235,0.021335521838105834,-0.003319714779591934,0.11833447461403726,0.03599755212604235,0.013823543372495473,0.014767263045514567,-0.010332686059059494,0.04587904888914964,0.01706303498175828,-0.015043828002388522,0.06678225883032166,0.026491234464295944
137,0.4,1.5,1.5,1.5,0.010518350155677703,0.4,1.5,0.4,1.5,-0.1255265260691588,0.6725325965334398,0.6761137690379334,0.651481543189778,0.6974449369703619,0.013058857381058542,0.6498987106490708,0.7194211499015071,0.021507160273809906,0.7360916943016157,0.7408208492654819,0.7128368286491836,0.7575531306821548,0.013328193731961707,0.7020578203373804,0.7747737008769521,0.021315868522595493,0.7488433584348111,0.7522979085609934,0.7308072475101133,0.7662721095506164,0.010834019007140277,0.7236778520147372,0.7857745144397348,0.018487712368360065,-0.04009876289277746,-0.048576049170371005,-0.10935141551427283,0.020697787224033495,0.0388542315808426,-0.13636540926014956,0.0309222851467109,0.0490196990699201,0.6805897006446017,0.6889366391341819,0.6360474481228792,0.7281713636117916,0.0262661849655971,0.6168227587625672,0.7327390151506431,0.03438672202973449,0.7433941215198864,0.7592091313692328,0.7097439031671913,0.7914116162374736,0.023353194022276157,0.6847440835316959,0.8133394250768969,0.03376890804247427,0.742776598390855,0.752258228765782,0.720468030416663,0.7780894815904481,0.01677566655440314,0.692146916765221,0.7902479687014565,0.024458301384571644,-0.07828745280264397,-0.15977854755223594,-0.1773500867007311,0.008760625194951313,0.05645941655477871,-0.259228031862719,0.13642694804287236,0.09824788518874503,-0.008057104111161895,-0.012822870096248495,-0.040218895373327665,0.021603799382758207,0.018601824233806033,-0.04591260382201899,0.055714612006445965,0.027549198107568607,-0.0073024272182706795,-0.018388282103750986,-0.04125401035813701,0.02436723574476224,0.019070006703613033,-0.06170920936296608,0.06837259765064005,0.035572751379578486,0.006066760043956121,3.967979521146692e-05,-0.015544942495980173,0.0275476513855482,0.013325991042832275,-0.0343484777126243,0.05639532381424387,0.02212887679637699
138,0.5,1.5,0.6,1.5,0.022473301305384705,0.6,1.5,1.5,1.5,-0.09002547411684443,0.6092787045978633,0.620761773334358,0.5768591063341229,0.639006043713274,0.020733042109740706,0.5173629434564436,0.6523040340488244,0.0359686939013499,0.6745170762302652,0.6857258718291168,0.6459090303616399,0.7036066516484788,0.017661017190473322,0.63505337478073,0.7215614873613191,0.028084816604955785,0.7169062707086182,0.7197730776800548,0.7002006267587347,0.749934446108609,0.014007815591164754,0.6979163216690979,0.7642076194929508,0.020904884330179747,-0.024030941288103194,-0.008166823138605159,-0.06940665435094343,0.05979494662713877,0.03702856756909026,-0.14361670569972568,0.1591501095996154,0.08535024821919072,0.6710474850169583,0.6588335328797118,0.6516419221462222,0.6935815739412028,0.011675039589296991,0.6055547870887005,0.7207445601522297,0.03118808361898165,0.7198951979758785,0.7204292102456149,0.703717721949402,0.7372263629526908,0.008908566543971829,0.6682658192454706,0.7506189062730164,0.019765743302855365,0.7354718157242417,0.735908564653659,0.7213024742024383,0.7487974096159329,0.007923056032454433,0.6868295911757569,0.7535655619698229,0.017520733197141865,-0.14248963172706927,-0.19726093763393696,-0.24826261742119865,0.12619291349018172,0.10880819530007127,-0.3563722400361031,0.031132070796809408,0.11422424354766406,-0.06176878041909506,-0.0380717595453538,-0.10450393712920397,-0.01819902869796748,0.02725067841861894,-0.17753292776177299,0.012014741476445781,0.05238728721472835,-0.04537812174561329,-0.034703338416498086,-0.07882920705125243,-0.01013701556391855,0.021079335896876286,-0.10567479163087623,0.0032826860996737484,0.03332789241455547,-0.018565545015623464,-0.01613548697360412,-0.04622928567714846,0.020802957063820134,0.01808917330733288,-0.053833491987788334,0.028142056316061148,0.02570519564292481
139,0.4,0.5,1.5,1.5,-0.030255117688646194,0.4,1.5,0.4,1.5,0.1304327136062749,0.6687753708139914,0.7092856615050849,0.608538596905915,0.7273242317709222,0.035831511222468984,0.6097565649519892,0.7287462648000338,0.03267530330821904,0.7425410500545134,0.7389144277446515,0.7197810135252283,0.7564366559638067,0.0110238429640312,0.7097331153031243,0.7800748401175296,0.019893764512165624,0.7521736797976923,0.7508018656972282,0.7333831117192542,0.7652448901323196,0.009605796648646511,0.7259731790185576,0.7982062506493549,0.01876398723665256,-0.12432565191860946,-0.15080821376422607,-0.2208116410575683,0.0008407868011089531,0.06246076556410398,-0.23502795690133438,0.04505140348487187,0.08286984800940893,0.7075277933714144,0.7080924403372053,0.7005882829934815,0.716630553943361,0.00482703926807369,0.696299213484021,0.7291749031693213,0.008704352451193095,0.7634234925749693,0.7645123186031119,0.756061422497112,0.7732020764789281,0.004785946226675169,0.7516671973561183,0.7835140936687973,0.008402872945769439,0.7509522397553392,0.7544970018147283,0.7453434748403139,0.760689255915585,0.004410752610869099,0.7384776513445518,0.7666296290681677,0.006862989553280963,0.06004900380505992,-0.008227325176241883,-0.04783368532945099,0.16944482376656214,0.07224662521849469,-0.05331075262203925,0.17701844803552846,0.0698001779672024,-0.03875242255742295,0.0011932211678795657,-0.10504861257972979,0.027164660775986088,0.038924678329016756,-0.10552396434525572,0.01775516549213013,0.03603464528635451,-0.0208824425204559,-0.025597890858460315,-0.04747349053241491,-0.004784729386443719,0.01281601747680104,-0.06229653051952311,0.01546573675605549,0.022087798129611404,0.001221440042353139,-0.003695136117500164,-0.0185813796285049,0.0157640393582237,0.010860626273319995,-0.03401046760711207,0.03693835822233633,0.02090387870021576
140,0.5,1.5,0.8,1.25,0.19417712579008814,0.4,1.0,0.4,0.8,-0.1475323261732364,0.7148535530346452,0.7163532995877798,0.6942349451472348,0.7343754191140419,0.01228334590635029,0.6959671020194733,0.754029156148257,0.017104228999968756,0.764299998034331,0.7557675994697144,0.748410337646673,0.7855268467159728,0.012376877946749259,0.7279845792381551,0.8026413080709699,0.022368421312651317,0.76853027485004,0.7607049285354179,0.7537558446686076,0.7861957915304193,0.010546613921324758,0.7443477993729714,0.8009843177626763,0.018378737195634456,0.016359345416408648,-0.036528983683998206,-0.05282239033529886,0.13828309221192134,0.05767993315943333,-0.0787787920681626,0.25381669561910086,0.08234748164079976,0.6628120436125472,0.6750148985385851,0.6500130113378568,0.677320516144668,0.008919255149622352,0.6413178985771627,0.685445203737382,0.014628209204217773,0.7330375841736234,0.7300815456281513,0.7172759500921074,0.7486470053255332,0.009177486535817875,0.7079630569678761,0.7561198486420053,0.014404894032035657,0.719342984820364,0.7369027198433937,0.6992297672071909,0.737784484740522,0.010466418189491025,0.6921170740152908,0.7499954262275846,0.016586462634155558,-0.15208274054900053,-0.19297963315105277,-0.2586261367278603,0.08022369139972949,0.10266559194702214,-0.293380275429342,0.17684924773251634,0.11669874504749546,0.052041509422097953,0.04133840104919473,0.024328470875224342,0.07572350802018886,0.015270692522782238,0.023364241636070343,0.09515196759565195,0.022556244784961096,0.031262413860707605,0.025686053841563083,0.006890510468245584,0.06289970668847222,0.0191405673273772,-0.006746418644511407,0.08054331672250699,0.02821858750001358,0.049187290029676034,0.023802208692024207,0.024662597568961414,0.07939534451342818,0.018053576325247234,0.008883225161107872,0.09797503244188277,0.028174274037641955
141,0.5,1.25,0.6,1.25,0.10636500944595649,0.4,1.5,0.4,1.5,-0.1960280935517171,0.6694610184276002,0.671881299517495,0.6494123683777274,0.6912292204858809,0.01134285043109792,0.630549012874338,0.7204821243605939,0.020563466596425405,0.7223875954239126,0.7254960974777875,0.7083008607361325,0.7387609122792718,0.009176648823976861,0.6952456112596371,0.7633732347961414,0.014714671997451538,0.7371485426678833,0.7376965516872533,0.7330407176795444,0.7437537635979501,0.0030588310430000954,0.7322641342880074,0.7659442202978552,0.008240849021106694,0.04343082191946109,-0.003284288707583735,-0.05190272449453356,0.1873056929447821,0.06093935757690511,-0.043336933199360446,0.20074232640695638,0.06214399308995132,0.6110914061854996,0.6272139871222723,0.588977170209122,0.6412438989217023,0.016187477962559028,0.5752209944084179,0.6569558962006983,0.02376402785280604,0.6758243703284248,0.6924528876565627,0.6487685776263896,0.7113276248891484,0.017668235943224687,0.6430494241905149,0.7242869453023855,0.024129143949371643,0.7053117630805581,0.7149145008097195,0.6829040841889228,0.7239599671607981,0.011105255476141067,0.6785006178510979,0.7325983712484232,0.01484292614300583,-0.06368963526802418,-0.014170395375728968,-0.10650870623055672,0.01028138087928962,0.03437391799016555,-0.13178054932995176,0.04953719664138238,0.045581858769932364,0.05836961224210058,0.0446673123952227,0.015919658756023067,0.10106911152034553,0.02476161275868873,-0.013512602454240186,0.13257287320560945,0.03789443946151814,0.046563225095487826,0.033043209821224884,0.010109340146429002,0.09067519423468937,0.02299418588868142,-0.014974344284554506,0.1124946651881489,0.03326317617162744,0.031836779587325226,0.02278205087753382,0.01075935206427471,0.05484688064921148,0.01238698877654502,0.007640979136055867,0.08188327746938996,0.018884500884590524
142,0.4,1.5,0.4,1.5,-0.10127866427239039,1.0,1.0,1.0,1.5,0.12042497474201522,0.7185425521232465,0.715112834093375,0.6953448413373522,0.7432954417888852,0.014046445045093192,0.6767587855660918,0.7768906358532847,0.026996257727150957,0.7688264738292683,0.759887004183842,0.7348447552759163,0.7984487548113883,0.019919544239497183,0.715575919737906,0.8232438202003173,0.030128683862853625,0.7670775663990053,0.7643460088839087,0.7483657780911839,0.7922806995154379,0.01237840085377844,0.7377432562962588,0.818357190099659,0.023527142128154314,-0.06313268847525265,-0.09694525749331774,-0.1134142015436754,-0.016148706195031837,0.026804531969506298,-0.15779072883751194,-0.017045787953020253,0.04179469263944704,0.6766829049493038,0.674215287995045,0.6523405075896589,0.700846091182853,0.01625165963829255,0.6415412507418432,0.712158961423333,0.026124472841453576,0.7534316451306762,0.7568482446225281,0.7294818949258003,0.7753962677135718,0.015151291218224823,0.7273241693208701,0.8053448182899413,0.021617785024206786,0.7647326308594199,0.7655869515966431,0.7463307737665927,0.7841856726142135,0.012944855059399048,0.7436462716329654,0.7994994694428607,0.016757429544748795,0.11084927051807816,0.0544161743135737,0.05369974333087236,0.18751924202624443,0.036579781194046576,0.0665561080171449,0.2343293079727573,0.05291838058108511,0.04185964717394264,0.04089754609832996,0.0072549010096021604,0.08153761267146548,0.025403765367200497,-0.007045563128611335,0.12554489905663038,0.0426026026485311,0.0153948286985921,0.0030387595613139418,-0.0250507770546982,0.06119129363690949,0.03109663779651797,-0.05344926861501419,0.09172497181401731,0.04562135417932989,0.002344935539585369,-0.0012409427127344497,-0.03227795593552755,0.043405067751631575,0.021806446777090444,-0.046426697095375266,0.06807919053233781,0.03363261337378228
143,0.5,1.5,0.5,1.5,0.11438367082092694,0.4,1.5,0.4,1.5,0.17295176244757204,0.7011171662925266,0.7101774311659412,0.6736832240790304,0.7294256774214928,0.017079221163456785,0.6670072968075069,0.8075720944099986,0.03705574968798787,0.7545678019699706,0.7603303961254,0.7270783236804488,0.7850636502260561,0.01810268614809609,0.7230792904058965,0.8324586280364601,0.03320015784527957,0.7448733993843396,0.7468995538685307,0.7208001051104913,0.7727454968466254,0.015633550824028026,0.7152400420439655,0.8394395814441029,0.03131575127768552,0.0016342917115352827,-0.0568152261016774,-0.0982815688623889,0.19002390030404026,0.07620978510629005,-0.1285049420118019,0.195221589731022,0.09146700455236938,0.6909823996912586,0.6904668223961837,0.6710247416373356,0.7116405031411165,0.0117348443357202,0.6631192227727563,0.7505708848096856,0.024142919064789402,0.7452042434337938,0.7447375035961589,0.7235537759875791,0.7726959858091894,0.014944903780540404,0.7150337351221474,0.788904573957191,0.02195688815850855,0.7178262366795077,0.7210725714749469,0.7040643547894986,0.7321497225506739,0.008154707469471155,0.6938389261555389,0.7424973693899456,0.013800633699008817,0.0917747606682865,0.07462302205392574,-0.006663928743385408,0.23013217205579406,0.07465594586851082,-0.04512228799602881,0.26615318840094343,0.099895729318718,0.010134766601267997,0.0197106087697575,-0.031051845841490802,0.05311217619292967,0.02703573583179624,-0.07919064873165141,0.13859407982163974,0.056185159035310024,0.009363558536176875,0.01559289252924112,-0.038234123270248194,0.0583930442022067,0.0313549655448619,-0.056520238649878624,0.09232989654513121,0.050805896749153104,0.027047162704831873,0.02582698239358383,-0.0085477951306605,0.06471039014041957,0.022651096177711733,-0.02709072911033379,0.129536707214083,0.040957579049688206
144,0.4,1.0,0.4,1.0,0.16838110572814613,0.5,1.5,0.5,1.5,-0.0546461410203177,0.7197365471960819,0.7177228860016638,0.7041612219474334,0.7371835395148604,0.009510910426592772,0.6808678611650063,0.7841967083466317,0.027840640250099333,0.7733430864464924,0.7678645790155944,0.7584669333224088,0.7933344290662406,0.010288388039983583,0.7429572078977326,0.8186247489977414,0.022947189297102592,0.7497725396336324,0.7497727707777553,0.7357295831172211,0.7623075961461337,0.008118397042452348,0.7268865816030861,0.7720993582310881,0.013069515757363809,0.07407956453028015,0.0721279987492293,-0.031264879063469586,0.20851478449804495,0.06862394743250312,-0.11036921933410936,0.3632835981325508,0.11414184585404959,0.7088098906687286,0.7035740970346629,0.6906112457983133,0.730848957982078,0.011710197058413653,0.6763451143719558,0.7426666401900677,0.01859899503360551,0.7570891926555403,0.7586017253380767,0.7432687647889332,0.7788917585248739,0.011077004211537369,0.7287777248869386,0.7956748972443306,0.01886115105541852,0.7458465592887226,0.7482685710753343,0.7261251598941124,0.7680151992098306,0.011769129427970395,0.715983624673456,0.7843797078445471,0.01733025086456911,-0.12468708819385445,-0.10989567425724711,-0.2015483901496241,-0.04401099228877224,0.040610370046321974,-0.22065017311732843,0.05865384894707719,0.07227718360318681,0.010926656527353362,0.014148788967000892,-0.0043920273485735135,0.02342650161602233,0.007754134293145313,-0.054093405079071843,0.05759038054350116,0.03226394586327534,0.0162538937909521,0.009262853677517668,0.00041969211155112873,0.025652657680169867,0.008360316608518062,-0.03886086539143144,0.05663509159124602,0.030177933636400915,0.003925980344909874,0.001504199702420994,-0.014555035438212037,0.013241883483360284,0.008127876243390262,-0.028971351727987017,0.026897059945160492,0.018945870284017056
145,0.4,1.25,0.4,1.25,0.011517849634115318,0.4,1.0,0.4,0.8,-0.05973037097815638,0.6484428643901013,0.6685698683448764,0.6276924239600705,0.6696113071973292,0.011924396279333683,0.6072660024587211,0.6830108344225445,0.02282185550615935,0.7309339008369924,0.7585804439948556,0.7089042498003162,0.7601142897577354,0.015728792726221654,0.7001959013417937,0.7803761406386961,0.025183409564359174,0.7354027460283128,0.7519555122381709,0.7215802017779775,0.7558504154861211,0.009622674264926715,0.7112046776784309,0.7722284785391835,0.01794072441145609,-0.04088434279029989,-0.06055655271125695,-0.07956915193431108,0.044064689479627224,0.034898457087737436,-0.1590957452264722,0.24939439048942286,0.10893930350588124,0.6055095806024053,0.6118588178678702,0.585341790361868,0.6305641533273888,0.01373033198201853,0.5725803314244935,0.6376883889758378,0.019698243168890732,0.6655728495614247,0.6736441217063271,0.6396284153582298,0.6872578228964004,0.012599391733690813,0.6326123301700053,0.6951760226997331,0.017830979589650745,0.6720662755766548,0.6911755984706046,0.6519883488132999,0.6920434462538699,0.011846001933224114,0.643735418108529,0.6903132006683254,0.01390978121815314,-0.2082557551009451,-0.1847724978673697,-0.2898701445471599,-0.12615482078765242,0.043219607964537776,-0.3530344270253395,-0.08712800293772335,0.07083572801599534,0.04293328378769601,0.0567110504770062,0.012771134142665355,0.07486816543880326,0.01888289199891332,-0.010695434710434368,0.08765811346126737,0.02988096800470419,0.06536105127556768,0.08493632228852843,0.03690260108858273,0.10048772691737373,0.019762151914651922,0.022564576033039546,0.11754133746435781,0.02668201007660549,0.06333647045165802,0.06077991376756631,0.044323924668028175,0.08396142095710835,0.011738609330604484,0.03736556998793755,0.10629929168473681,0.020578464574929373
146,0.5,1.5,0.6,1.25,0.18041036312065278,0.6,1.5,1.5,1.5,0.18998863310712105,0.6784039080646745,0.6752367862752681,0.6603212672392244,0.6948725287031866,0.010025503373189101,0.5967444071344649,0.7098009411561441,0.026980522244054516,0.729797166247982,0.7288007370615177,0.7120238261724232,0.7447702954724857,0.008893576539833747,0.6884574427319037,0.7656213686312656,0.022942864195641125,0.7414558723696396,0.738725866883482,0.7277584878131699,0.7522847205069024,0.007202519744408908,0.6990980923803323,0.7663232031284191,0.01821658939519824,0.09882642983367708,0.03657124494963952,0.03574143924168262,0.2012753014866781,0.043624193296602644,-0.015741055699867668,0.28201108688906196,0.07247818821347686,0.6512354373979382,0.6493902576610711,0.6230680877523913,0.6824295903488661,0.015027131418588226,0.6011362656915882,0.7019205236159697,0.030908707833493934,0.7032270314558986,0.7045896592005592,0.689166674835603,0.714261756337049,0.006560147115231668,0.6777105450622968,0.7435634964734639,0.017801602979468516,0.7224069280326904,0.7241695211581604,0.707171683270342,0.7330159634061171,0.00689937141494488,0.6958774330466442,0.7491512231064362,0.013415934419511605,0.07483364806550552,0.03213098256119804,0.023592683394462,0.17821830342247721,0.04268395555634053,0.020677621833127012,0.23425688261951388,0.058901369040443845,0.027168470666736333,0.025846528614197006,-0.004339006065625824,0.05538085502852283,0.01808826009200806,-0.05444793527645525,0.08196923812716447,0.036783039959546855,0.026570134792083366,0.024211077860958552,0.010865708983544844,0.039254014363730834,0.007502242078109295,-0.024269625307670864,0.07817160083871905,0.026359460656526407,0.01904894433694926,0.014556345725321607,0.0076783667141521635,0.03066182794843173,0.006185935014563042,-0.025797292084238588,0.048555088844364123,0.018608545941159717
147,0.4,1.5,1.0,1.5,0.04397703651425436,0.8,1.5,1.5,1.5,-0.3337974925784766,0.6935492027624384,0.7066333413820916,0.6597613528057277,0.8096057940065495,0.04253797619109348,0.6687134611704386,0.8797922094711046,0.05861845997578286,0.7285626672372124,0.7251253396871971,0.6973844702990756,0.7656408078919076,0.018907964525736818,0.6541928059565741,0.818966033927886,0.04286114195265263,0.7364031889380658,0.7367371901648825,0.7198718505333697,0.7671187825556731,0.014228544962803949,0.7008119436762421,0.8236848864615836,0.03116799665981862,-0.013995828658150807,-0.07183550776776594,-0.10366128652894874,0.03643539435020617,0.04053243977998468,-0.1244246035547511,0.050134974223802704,0.05068573250249365,0.6921543397357149,0.6878422381732835,0.682048013117805,0.7035627286985533,0.006410968982563138,0.6647114292235186,0.714391094037712,0.013830072524728754,0.7501512282990227,0.7513266249298965,0.7383052383101067,0.7611846728807682,0.00715549428062285,0.7309793150615378,0.7674734147041874,0.0115841742727738,0.7557116722929693,0.7582670462794078,0.7443490151597401,0.7647087841085435,0.0065432877159009705,0.7393426718071092,0.7690885043365997,0.010245428471975607,-0.3121972874353152,-0.3469892510561176,-0.49578304185583355,-0.12560126865635346,0.1344549828437455,-0.5336470630592932,-0.07687710775490342,0.14162600209521167,0.0013948630267234252,0.018791103208808058,-0.022787275574815503,0.11187997418165185,0.039028458254265284,-0.01754650626104115,0.18724468851603104,0.057021038029986114,-0.021588561061810285,-0.02620128524269949,-0.057659465605334956,0.013603696147064269,0.018633052362096766,-0.08851291000558992,0.07308958241415857,0.04178276832859459,-0.01930848335490354,-0.021529856114525292,-0.04252541894603379,0.012064984332580915,0.014892320281367744,-0.055088609121829224,0.05627592979954993,0.03120024475118695
148,0.6,1.5,1.0,1.5,-0.13802297580834252,0.4,1.5,1.0,1.5,0.0425860089022203,0.681702580398746,0.6755307546337197,0.6646380319160478,0.6970878384312741,0.008951804939100073,0.6441502890844358,0.7238013173430119,0.023622769413648464,0.722437347443343,0.7194487029571188,0.7133811318560019,0.7312704800122183,0.0047879194900987115,0.702389806026306,0.7344811994722751,0.00929679585333346,0.7327148941020307,0.7328170510601469,0.7262320729084747,0.740148696005208,0.004117389899908081,0.7218989139020907,0.74306070738865,0.005678355808089419,-0.11221332609052341,-0.12863446768179096,-0.19899547411453758,-0.04546230777356379,0.04500920956199644,-0.24736963752365104,0.10590164710286319,0.09388937255481329,0.6860283984236455,0.6960653512808416,0.659495771212931,0.7174997094384551,0.01644965667463983,0.6593080355684394,0.7444503587328798,0.023856506347445575,0.7319373213778029,0.7320001010723078,0.7179964248933763,0.747870752814668,0.009091182833795787,0.6924637847584015,0.7609940124870929,0.020596603398880843,0.7401853225259543,0.7428730751342203,0.7298137108374512,0.7527256180495833,0.006916336439595765,0.7238786731607175,0.776560190811164,0.015727520903496453,0.027994093022183048,-0.02435862326695162,-0.03764213152635157,0.09860368453304812,0.034755080173305225,-0.06328221817645195,0.11113308481100224,0.041146960006081194,-0.004325818024899508,-0.020534596647121872,-0.024158356867814635,0.013137390850756867,0.01026894163149283,-0.053048548251437885,0.031447332296000885,0.021502310330205738,-0.009499973934459893,-0.012551398115189016,-0.017076869145369256,0.0005053789664236849,0.00544632166999943,-0.039706158439247234,0.02722591539731544,0.0173836836055847,-0.007470428423923536,-0.010056024074073355,-0.0140739101695158,0.0017201089895369365,0.0045868009879750414,-0.04300543004778838,0.0092868307274367,0.013741819014060618
149,0.8,1.5,1.5,1.5,0.1614798511880449,0.4,1.5,0.4,1.5,0.04988680829298124,0.6725214775486057,0.6639281316121708,0.6617654129855683,0.6853665352209917,0.007143045986264098,0.6500670692761488,0.6950708666568949,0.01363910729177826,0.7366159050952629,0.7372727329896389,0.7283720527935085,0.7442758644699118,0.004670564139140108,0.7265475151046241,0.7461924813082135,0.005636131760549105,0.7456940085836529,0.7463381181603312,0.7374321163903358,0.754109304523249,0.005162544429550168,0.735840179433048,0.7557352252999253,0.006126715327496327,0.03630739375285805,0.01429466063487064,-0.0020843120672205395,0.13056987846027207,0.041889894692079044,-0.032057440550913474,0.1470043894668586,0.05162115025867116,0.6780201982243137,0.6727238069383091,0.6690959546343533,0.6860950958901494,0.004546998028799725,0.6633920029126801,0.6971722225021777,0.008764470057280267,0.7360127059756578,0.7415238636345133,0.7297670770986131,0.7567520315491406,0.007927488256198262,0.7264638209377899,0.7624171056270223,0.009192968691361185,0.7268807195845527,0.7336021593334067,0.7117002246645627,0.7387989791221221,0.007164290473306911,0.7034472135529258,0.7470001516738642,0.012047410740309857,-0.019245464378768323,-0.11876313550484957,-0.15788809964245643,0.19415689105976938,0.12742398817973075,-0.19331043591429709,0.30424067752979445,0.1532262663428453,-0.005498720675708002,-0.008795675326138341,-0.020967886282928953,0.01025080598724306,0.008259933880033708,-0.030441303640301818,0.0217912795339403,0.013813624384765794,0.0006031991196050468,-0.004251130644874368,-0.023351459048707075,0.00743951420889275,0.010407870887385488,-0.029112438836537576,0.005486945431344582,0.0103045984482929,0.018813288999100175,0.012735958826924576,0.005428602327275489,0.02836021965515103,0.006376684633405961,-0.0029962899365763226,0.03397781204335999,0.010189566218543274
