N,N_emb,D,M,M_emb,lnw_local_ne,sigma_local_ne,neff_ne,se_lnw_local_ne,lnw_chin_full_ne,lnw_chin_M100_ne,lnw_kappa_full_ne,lnw_kappa_M100_ne,lnw_eq3_full_ne,lnw_eq3_M100_ne,lnw_local_emb,sigma_local_emb,neff_emb,se_lnw_local_emb,lnw_chin_full_emb,lnw_chin_M100_emb,lnw_kappa_full_emb,lnw_kappa_M100_emb,lnw_eq3_full_emb,lnw_eq3_M100_emb
99620352.0,208672256.0,2151145215.3915725,21.593431183535394,10.308726500716858,-0.06486169698342549,0.6147077576778243,14.321414522585941,0.10959378207424182,-0.14506176555489644,-0.2960697235895923,-0.16111704990121334,-0.1801811043420231,-0.3385985101845219,-0.27803651155041575,0.34148013746896194,0.560285631395149,22.498153489573497,0.040408848865252596,0.1517026865658186,0.0300927317597882,0.12015478163950807,0.08657485779149536,-0.10073118580350719,-0.02912099301800314
99620352.0,208672256.0,3026409494.6311784,30.379429844126413,14.503171397309178,0.017664975315931256,0.6365922126813758,16.80699839712572,0.08930949958642484,-0.038666209132924824,-0.21983643326511387,-0.015926326170476297,-0.06073554973600711,-0.18570307731047433,-0.15379692498337824,0.45771883177298717,0.571872999100513,25.62531318483073,0.03121053363495138,0.2585012867967435,0.10908654470167488,0.2641129151026966,0.21036509123437502,0.06194085262651872,0.10105426385286276
99620352.0,208672256.0,4257803872.867086,42.74030142823713,20.404264344882943,0.10525247810718204,0.6513738912183997,19.052580405258386,0.06988938761044672,0.06772934728904775,-0.14360314294063456,0.1292643975602608,0.05871000487000794,-0.026796358362484427,-0.028188079602125955,0.5789998820520549,0.5796372260726359,28.71198141140205,0.024448573893146714,0.36529988702766847,0.18808035764356162,0.4080710485658852,0.3341553246772558,0.23007094278396142,0.23261503309140547
99620352.0,208672256.0,5990231610.085299,60.130600723889216,28.706411311742844,0.21236934809651037,0.6550260318809965,20.600905695966638,0.057738547566929484,0.17412490371101932,-0.06736985261615526,0.27445512129099775,0.17815555947602396,0.1360617816306035,0.09827286623642507,0.7110119220073773,0.5835846875441321,31.38052117407071,0.021039984360409634,0.4720984872585934,0.2670741705854485,0.5520291820290737,0.4579455581201363,0.401403584234058,0.3650082280699767
99620352.0,208672256.0,8427554630.012259,84.59671604063654,40.386560204784764,0.3491007854622185,0.6461527966086106,21.39138300526446,0.05287585449857422,0.28052046013299187,0.008863437708325013,0.4196458450217366,0.2976011140820409,0.3012572594585159,0.22517313950182252,0.8572125966150039,0.5842077161399309,33.343469014352166,0.019931879430719394,0.5788970874895192,0.34606798352733614,0.695987315492264,0.5817357915630189,0.5742452587891185,0.49779784300316754
99620352.0,208672256.0,11856582794.271896,119.01767616994464,56.819162362781455,0.516678656707363,0.629983172394917,21.69398324574324,0.04893251563118718,0.3869160165549643,0.08509672803280348,0.5648365687524738,0.41704666868805607,0.46757012818606053,0.3521889496877646,1.0183763573751259,0.5825723268472335,34.54107803271384,0.01930912216718284,0.6856956877204441,0.42506179646922293,0.8399454489554508,0.7055260250058994,0.7473731788285374,0.6306465435638631
99620352.0,208672256.0,16680824002.824652,167.44393758842222,79.9379099194895,0.7065080437660277,0.6155812859183754,21.781597524741073,0.045147413029450925,0.49331157297693684,0.16133001835728375,0.7100272924832125,0.536492223294073,0.6341078647741644,0.47907088198559483,1.1929979838752782,0.5798524030110631,35.09616156287933,0.01897452822786897,0.7924942879513698,0.5040556094111106,0.983903582418641,0.8293162584487802,0.9199373803043609,0.7632985091335144
99620352.0,208672256.0,23467966634.33563,235.57401839270383,112.46328133978496,0.9053339380382937,0.6087339187923948,21.78949774054054,0.0451560243951595,0.5997071293989094,0.23756330868176304,0.8552180162139496,0.6559377779000881,0.8002385638539666,0.6056307216479336,1.3785476057715316,0.57661948401267,35.143463993666664,0.01971852105720109,0.8992928881822948,0.5830494223529974,1.1278617158818296,0.9531064918916607,1.091371950797084,0.8955641950620258
99620352.0,208672256.0,33016681781.249523,331.42506644876664,158.22267135143028,1.1029050374033722,0.6085898372805911,21.732737773539693,0.046409771994062925,0.7061026858208811,0.3137965990062415,1.0004087399446866,0.7753833325061031,0.9655314542364876,0.7317299660746492,1.5729551958200414,0.5724387574607152,34.69360225559262,0.02102348976766987,1.0060914884132197,0.6620432352948842,1.2718198493450181,1.0768967253345414,1.261321314067763,1.0273072376875803
99620352.0,208672256.0,46450606174.34935,466.2762702780788,222.60077628311714,1.2964755980959517,0.6093975699666008,21.51143858841194,0.04343417586811095,0.8124982422428544,0.39002988933072164,1.1455994636754254,0.89482888711212,1.1297073773134652,0.8572700489769327,1.7757654600667814,0.5659132653326872,33.616678633771535,0.021031599111857317,1.1128900886441455,0.7410370482367717,1.4157779828082084,1.2006869587774238,1.4295821551143901,1.1584334609808409
99620352.0,208672256.0,65350565155.51646,655.9961277341848,313.1732335108145,1.4905620039643075,0.6046127533687425,20.875593789976815,0.03557284361431781,0.9188937986648261,0.4662631796552011,1.2907901874061625,1.014274441718137,1.2925992685559087,0.9821841676675799,1.9890842589004023,0.5548613788731894,31.75600567954318,0.01832627799469451,1.2196886888750704,0.8200308611786585,1.5597361162713952,1.3244771922203027,1.5960591840678338,1.2888818042775145
99620352.0,208672256.0,91940594921.74596,922.9097576541985,440.598077981895,1.6947156943621522,0.5896446962244816,19.48907792661894,0.02715554935921538,1.0252893550867976,0.5424964699796795,1.4359809111368995,1.1337199963241522,1.4541214996820373,1.1064305415286388,2.2189426047856697,0.5362819387692364,29.11304432169106,0.013176909842818801,1.3264872891059953,0.8990246741205454,1.7036942497345837,1.4482674256631833,1.760732197491638,1.4186169321861795
99620352.0,208672256.0,129349654045.81538,1298.425988755946,619.8699171863814,1.9224471068323274,0.5614935078382406,17.244038073025113,0.025837653575837304,1.131684911508771,0.6187297603041597,1.5811716348676383,1.2531655509301691,1.6142465559494816,1.2299869089381388,2.477912140610531,0.5059186910063662,25.9432226107279,0.011346181985808392,1.4332858893369211,0.9780184870624331,1.847652383197774,1.5720576591060658,1.9236319420780486,1.547623273666214
99620352.0,208672256.0,181979820948.65472,1826.7333661765692,872.0844085217285,2.1927715339688456,0.5170068702579669,14.51444636174781,0.0344622687519257,1.2380804679307427,0.6949630506286391,1.7263623585983754,1.3726111055361843,1.7729875448827537,1.3528460703611482,2.791104707744103,0.4571303738562412,22.648247222464185,0.024321095968193228,1.540084489567847,1.0570123000043203,1.9916105166609626,1.6958478925489464,2.0848226400480945,1.675900252103004
99620352.0,208672256.0,256024304639.9999,2569.999999999999,1226.9206723868454,2.5372670597643734,0.4508142982323709,11.87698474641213,0.057131723308505564,1.3444760243527152,0.7711963409531184,1.8715530823291124,1.4920566601421994,1.930385220466324,1.475012303878895,3.214857181582554,0.378074798029469,19.5770362716433,0.0591800326116905,1.646883089798771,1.1360061129462071,2.135568650124151,1.819638125991827,2.244389465257484,1.8034584937853821
118460160.0,227512064.0,1818176373.4457867,15.348420713308059,7.991560278077327,-0.35911844154407035,0.6466359681418626,18.032074857287217,0.03853453046791536,-0.24606469356825975,-0.37096915830900157,-0.3004580373147748,-0.29713278843045643,-0.44802385803184563,-0.37867795816494215,0.07592783350995802,0.5868848398808609,25.150771996151953,0.03285530388270343,0.06035082720783173,-0.040343075940346015,-0.0003079777633203156,-0.01783932827440359,-0.205798052951189,-0.12139266809927945
118460160.0,227512064.0,2557961312.950592,21.593431183535394,11.243189780699243,-0.23505211419799685,0.6701052094919498,21.5123460427467,0.02794300250417482,-0.13966913714628723,-0.2947358679845222,-0.15526731358403764,-0.17768723382444132,-0.30133858754693776,-0.25588014987524305,0.2041051038365943,0.5966665491165261,28.893542944968182,0.021922515612629728,0.16714942743875572,0.038650737001540786,0.1436501556998663,0.10595090516847695,-0.04980118190844003,0.007664007277638228
118460160.0,227512064.0,3598752120.04399,30.379429844126413,15.817851839469885,-0.1206088808397367,0.6890529527458381,24.778593447367726,0.017646337668532054,-0.033273580724315625,-0.21850257766004375,-0.010076589853300578,-0.05824167921842527,-0.14739733921546816,-0.13135735712444463,0.3313089263811725,0.6033705873982547,32.704043711985754,0.012914250184635469,0.2739480276696807,0.11764454994342748,0.2876082891630549,0.22974113861135778,0.11323114127186015,0.13847696375540372
118460160.0,227512064.0,5063022945.637199,42.74030142823713,22.25386582417537,-0.001968446980695623,0.6974088700163417,27.175753753118673,0.008917960587936756,0.07312197569765778,-0.14226928733556354,0.13511413387743818,0.06120387538759173,0.01149929698794823,-0.0057072640542638825,0.46353204296261247,0.6063843452635658,36.14962195755583,0.006274085939643721,0.3807466279006065,0.19663836288531517,0.4315664226262453,0.3535313720542392,0.2807213304218133,0.27040529705245
118460160.0,227512064.0,7123080582.648032,60.130600723889216,31.308584069845335,0.13175675132579065,0.6911001640598736,28.496200398820353,0.008314880242092227,0.17951753211962948,-0.06603599701108424,0.2803048576081752,0.1806494299936067,0.1735064109448224,0.1205889316669785,0.6052786594202589,0.6056289187596183,38.83222844934531,0.004241210276932621,0.48754522813153134,0.275632175827202,0.5755245560894338,0.47732160549711994,0.4506762297878563,0.4029394239436724
118460160.0,227512064.0,10021340517.64837,84.59671604063654,44.04751265255266,0.28616782414604014,0.6728705774118656,29.043428552451047,0.0111414790484974,0.28591308854160097,0.010197293313394196,0.42549558133891235,0.30009498459962275,0.33720178128599587,0.24715062972065902,0.7590184169828779,0.6018885705522549,40.58981486250007,0.005880129223938433,0.5943438283624563,0.35462598876908885,0.7194826895526224,0.6011118389400005,0.6216176461146422,0.5356818014649534
118460160.0,227512064.0,14098852961.919828,119.01767616994464,61.9696938880561,0.46047561007643556,0.6516360980570738,29.217802928825645,0.012244717753163664,0.39230864496357437,0.08643058363787456,0.5706863050696493,0.4195405392056397,0.5015256720996377,0.37368212991055894,0.9251103044631424,0.5965639156268806,41.522510470544894,0.007630512584748576,0.7011424285933822,0.4336198017109765,0.8634408230158108,0.7249020723828812,0.7924896891956813,0.6683282821542003
118460160.0,227512064.0,19835435637.75451,167.44393758842222,87.18410482951141,0.648567819489787,0.6358995907722145,29.255147438826828,0.013770341502601159,0.498704201385546,0.1626638739623538,0.7158770288003864,0.5389860938116549,0.6657134211290544,0.49995810611859703,1.1023980419670512,0.5908871163880036,41.823851629299234,0.009546723411605165,0.807941028824307,0.5126136146528633,1.0073989564789994,0.8486923058257618,0.962566546962803,0.8006511697191903
118460160.0,227512064.0,27906135910.64264,235.57401839270383,122.65782930369195,0.8423119935864529,0.6285843325255658,29.22679834250722,0.016237766080097284,0.6050997578075186,0.2388971642868331,0.8610677525311234,0.65843164841767,0.8292319291221784,0.6258107245191907,1.2892443166908287,0.5851962879603618,41.58967749703976,0.011551459145678325,0.9147396290552319,0.59160742759475,1.1513570899421879,0.9724825392686425,1.1313717749274566,0.9324844351765362
118460160.0,227512064.0,39260666399.531525,331.42506644876664,172.56520691373765,1.0357496596335356,0.6265085701936692,29.075117191596977,0.016953555563324983,0.711495314229491,0.31513045461131256,1.0062584762618623,0.7778772030236868,0.9917249696018346,0.7511185533526468,1.4845778978681643,0.5787236008280247,40.73760865126835,0.012656965120983837,1.0215382292861577,0.6706012405366377,1.2953152234053782,1.096272772711525,1.2986125500060135,1.0637111783423987
118460160.0,227512064.0,55235161581.34446,466.2762702780788,242.77904481295752,1.228151231621644,0.6232495888956925,28.57920941493154,0.014504362916384213,0.8178908706514627,0.39136374493579185,1.1514491999925993,0.897322757629702,1.1529685756334669,0.875797216477175,1.6888330036676502,0.5697771657771116,39.07048940993549,0.01188418757999217,1.1283368295170826,0.7495950534785245,1.4392733568685667,1.2200630061544055,1.464128433943072,1.1942532085181898
118460160.0,227512064.0,77709406250.77197,655.9961277341848,341.56169516695155,1.4246286243765278,0.6130232211751593,27.3397759011484,0.009977257368028477,0.9242864270734353,0.46759703526027124,1.2966399237233364,1.016768312235719,1.3128359030749017,0.9997916402025869,1.9050538018427208,0.5559262732139504,36.4644543179091,0.00908109669099014,1.2351354297480075,0.8285888664204114,1.5832314903317553,1.3438532395972862,1.6278525851070365,1.3240625158421795
118460160.0,227512064.0,109328037557.27759,922.9097576541985,480.53732024196125,1.6344740307823664,0.5926539431563641,25.023227814445654,0.007812557206624911,1.0306819834954077,0.5438303255847505,1.4418306474540752,1.1362138668417359,1.4712702088835161,1.1230696985485076,2.1405577056874794,0.5339260288357416,33.05889199176327,0.007399593482271773,1.3419340299789333,0.907582679362299,1.7271896237949438,1.4676434730401668,1.7897829706201196,1.4531143706039842
118460160.0,227512064.0,153811750376.18756,1298.425988755946,676.059755566138,1.8688783841189822,0.560966716110672,21.809157239197194,0.018003924590047796,1.1370775399173803,0.6200636159092299,1.5870213711848122,1.255659421447751,1.6282644169328824,1.2456170530626482,2.4099069085801985,0.4992162015321474,29.255602612334247,0.015919761074416332,1.4487326302098582,0.9865764923041858,1.8711477572581323,1.5914337064830475,1.949961304054564,1.5814017887285967
118460160.0,227512064.0,216395126834.615,1826.7333661765692,951.1369332688001,2.141110349246708,0.5168410929403916,18.3731136524581,0.0477620107915896,1.243473096339351,0.6962969062337093,1.7322120949155493,1.3751049760537661,1.783845858427195,1.3674329932542753,2.742092754868341,0.4445816967713204,25.514673291593716,0.038176414703760146,1.555531230440784,1.065570305246072,2.015105890721321,1.7152239399259281,2.108457804605181,1.7089311257360338
140718592.0,258159104.0,1535172613.2935927,10.909522270472921,5.946614275875364,-0.568047108569568,0.817847162400029,19.47296563099287,0.04992310438909099,-0.3470995279704759,-0.4458764850084216,-0.43983363567266526,-0.41409922792134957,-0.5542819105290185,-0.47951119660086183,-0.16452743543385062,0.7206585801650347,28.45676681416304,0.04284637572787955,-0.04922018058551552,-0.12557936241706052,-0.14409363520358018,-0.14269138644013873,-0.31826339457222197,-0.22788610117049282
140718592.0,258159104.0,2159808152.2003455,15.348420713308059,8.3661901468342,-0.4182861973535937,0.8035519755085088,23.88133206859123,0.0386675679384828,-0.24070397154850423,-0.3696431946839422,-0.2946429119419282,-0.2946536733153344,-0.41462307594179687,-0.35841280591891134,-0.029370587133408104,0.7103389324920478,33.240848290787774,0.03470328532600204,0.05757841964540854,-0.046585549475173724,-0.00013550174039172517,-0.018901152997257985,-0.1713764414242065,-0.10032946979427973
140718592.0,258159104.0,3038597232.595994,21.593431183535394,11.770250150062475,-0.28205285315925965,0.7995636249501442,28.12911859425035,0.031391989276663125,-0.13430841512653258,-0.2934099043594638,-0.14945218821119127,-0.1752081187093184,-0.2663011400467184,-0.23516299562045276,0.1024111958812985,0.7017390808082886,38.199241422236305,0.028187748185287007,0.1643770198763334,0.032408263466713064,0.14382263172279514,0.10488908044562262,-0.015591146073323443,0.029462923225822987
140718592.0,258159104.0,4274950593.4282484,30.379429844126413,16.55936407893734,-0.15173136315998256,0.7958877612282742,31.355166758750556,0.02474523352934558,-0.027912858704559156,-0.21717661403498353,-0.004261464480452372,-0.05576256410330154,-0.11185451972075962,-0.11045107620906916,0.23502633449283977,0.6926022729706067,42.78956909882096,0.02275961660418196,0.2711756201072593,0.11140207640860088,0.28778076518598533,0.22867931388850327,0.14620129972361876,0.16073626043110106
140718592.0,258159104.0,6014355038.637118,42.74030142823713,23.297086740110153,-0.018596204745198363,0.7835609650950714,33.20700828911411,0.019325647823785153,0.07848269771741245,-0.14094332371050422,0.14092925925028457,0.06368299050271356,0.04662641719284609,0.015162665684621258,0.3724534068779042,0.6814805793432511,46.471630809084445,0.01833209136525426,0.3779742203381842,0.1903958893504875,0.431738898649174,0.35246954733138386,0.31168264506313764,0.29288478935859025
140718592.0,258159104.0,8461493469.979872,60.130600723889216,32.77627377409813,0.12463779690598766,0.7590264836224384,34.01060960602807,0.015569769805282753,0.18487825413938505,-0.06471003338602573,0.2861199829810217,0.18312854510872975,0.2074945635622352,0.14123117882126413,0.5178120320854659,0.6681156305504778,48.97835204019853,0.014802652306534894,0.48477282056910903,0.2693897022923744,0.5756970321123625,0.47625978077426456,0.47907854637851377,0.4254319602012902
140718592.0,258159104.0,11904330769.06219,84.59671604063654,46.11238025160712,0.28241160112138763,0.7268005565897583,34.28081018527233,0.01280556089566016,0.2912738105613574,0.011523256938454539,0.43131070671176047,0.3025740997147457,0.36949867173381584,0.26740411366836275,0.672950003398623,0.6534428914592258,50.401275024604686,0.012034685863056019,0.5915714208000349,0.34838351523426203,0.7196551655755529,0.600050014217147,0.6470831173902898,0.5580101325254535
140718592.0,258159104.0,16747999813.746561,119.01767616994464,64.87472087657447,0.4552581473901146,0.695988783175196,34.35063761672214,0.010872663805044844,0.39766936698332916,0.08775654726293386,0.5765014304424976,0.42201965432076266,0.5317187811538584,0.39341198773346175,0.8383964547028436,0.6389323395360952,51.01482307056467,0.010100376347777405,0.6983700210309598,0.4273773281761488,0.8636132990387395,0.7238402476600275,0.8147696449260791,0.6903415304329805
140718592.0,258159104.0,23562475136.37865,167.44393758842222,91.27113772589887,0.6394736947371883,0.6737541595027898,34.35040498494378,0.010206456226519169,0.5040649234053016,0.16398983758741315,0.7216921541732347,0.5414652089267777,0.6935001598353907,0.5190518307809305,1.013702240338845,0.6256305266649058,51.03062332973711,0.009166969901510636,0.8051686212618847,0.5063711411180355,1.007571432501928,0.8476304811029082,0.981505576720042,0.822221287352077
140718592.0,258159104.0,33149644180.003387,235.57401839270383,128.40780614114382,0.8289073851192101,0.661219185646601,34.27905922089531,0.01001289383395898,0.6104604798272741,0.24022312791189243,0.8668828779039734,0.6609107635327947,0.8543937697192011,0.6441746422704079,1.1980304279807592,0.6135406034006567,50.45626537122689,0.00893263939705696,0.9119672214928104,0.5853649540599233,1.1515295659651184,0.9714207145457889,1.1468796910389745,0.9535028765574338
140718592.0,258159104.0,46637668704.17688,331.42506644876664,180.6547512040361,1.0188420946293686,0.6536544241347956,34.003103737223654,0.00923754505199839,0.7168560362492467,0.3164564182363719,1.0120736016347105,0.7803563181388098,1.0141063032071735,0.7686747124709699,1.390891956152258,0.6015671713660583,49.096111846981316,0.008653292305489476,1.0187658217237354,0.6643587670018101,1.2954876994283069,1.0952109479886696,1.3106434139988234,1.0840858999398544
140718592.0,258159104.0,65613740236.5427,466.2762702780788,254.16008662837123,1.2093836100655388,0.6441450719174233,33.189431645897216,0.008665115076257352,0.8232515926712183,0.39268970856085117,1.1572643253654475,0.8998018727448249,1.172460080015192,0.8924807017654584,1.5930616090825764,0.5877777826122453,46.694051727892216,0.008015668456884043,1.1255644219546603,0.7433525799436969,1.4394458328914954,1.2190011814315502,1.4726653334728208,1.2139060373808699
140718592.0,258159104.0,92310851452.20663,655.9961277341848,357.5734886816412,1.4056655960089341,0.6278587516140118,31.35182389819518,0.010029045056819876,0.9296471490931917,0.46892299888533046,1.3024550490961864,1.0192474273508418,1.3293617945819025,1.0155482920220047,1.8077308825576834,0.5696447272479765,43.17722946257221,0.008424606326662582,1.2323630221855861,0.8223463928855844,1.583403966354684,1.3427914148744327,1.63289683893488,1.3429268859271715
140718592.0,258159104.0,129870561640.16003,922.9097576541985,503.06403929942377,1.614996810177521,0.6035148344165888,28.24602905163568,0.016496568395665667,1.0360427055151633,0.5451562892098099,1.4476457728269234,1.138692981956857,1.4847786527210989,1.1378541987422337,2.0420000859063006,0.544047379253525,38.82127578875156,0.013588734854935954,1.339161622416511,0.9013402058274713,1.7273620998178725,1.4665816483173133,1.7913466244628542,1.4711334011458275
140718592.0,258159104.0,182712676953.94455,1298.425988755946,707.7522121937042,1.8444788879513208,0.5714781697877152,24.291143954753807,0.035423010341266915,1.142438261937135,0.6213895795342892,1.5928364965576605,1.2581385365628739,1.6387204155380934,1.2593913334261513,2.3094071423507354,0.5068335696327115,34.153084624689704,0.026850337548647577,1.4459602226474368,0.9803340187693577,1.871320233281061,1.5903718817601922,1.948062015840925,1.5985266698878835
140718592.0,258159104.0,257055347247.78723,1826.7333661765692,995.7245096720944,2.104206158392152,0.5301114668216613,20.29937161151635,0.07710090996895201,1.2488338183591075,0.6976228698587685,1.7380272202883975,1.3775840911688908,1.7912260379172065,1.3801649209651403,2.636308659272947,0.4515237436893524,29.68313422942041,0.0550182365201062,1.5527588228783626,1.0593278317112462,2.0152783667442513,1.7141621152030746,2.103115435948121,1.7251197712341177
167299200.0,293128320.0,1297303636.7074697,7.754392350396594,4.425719209619424,-0.6153195743258193,1.1548718643502076,19.221936728818317,0.04066223829996928,-0.4481083242927872,-0.5207773712420446,-0.5791809888242994,-0.5310536258631338,-0.6564307990610712,-0.5801596645200261,-0.2555268463615039,0.8973552882459551,29.06492363913147,0.03460517022588526,-0.15882606014401907,-0.21086338674186095,-0.287905830914493,-0.2675726001978091,-0.42346743073332177,-0.33482184810947085
167299200.0,293128320.0,1825154348.2323034,10.909522270472921,6.226468831917378,-0.4837395613511188,1.0554616384239905,23.845359693304616,0.03698828929334668,-0.3417127678708156,-0.44454408091756514,-0.4339902650935623,-0.41160807125711774,-0.5247086504340454,-0.46107539384016816,-0.1318382253369634,0.8584924703331978,34.21767540616213,0.0309120781484956,-0.052027459913094154,-0.1318695737999742,-0.14394769745130448,-0.14378236675492853,-0.28684280705144904,-0.20915386361443802
167299200.0,293128320.0,2567778506.599868,15.348420713308059,8.759912746062433,-0.3520393282762734,0.9861596934569735,28.558652769509784,0.03450411766802455,-0.23531721144884218,-0.36831079059308497,-0.2887995413628235,-0.29216251665110077,-0.38277538743678546,-0.3393346769797644,-0.007850968997963934,0.8266951661221259,39.72441009290876,0.02766752112665615,0.0547711403178318,-0.05287576085808657,1.0436011885740364e-05,-0.019992133312046977,-0.13933248227416126,-0.08066178695855508
167299200.0,293128320.0,3612563762.2605247,21.593431183535394,12.324171756111879,-0.22238120902450764,0.938347597641921,32.367354741904535,0.03115350989421937,-0.12892165502687053,-0.29207750026860646,-0.14360881763208647,-0.17271696204508566,-0.23338662187548614,-0.2157296427080633,0.11757294668402712,0.7992131036769283,45.00186930922737,0.024520797444438403,0.1615697405487567,0.026118052083800275,0.14396856947507436,0.1037981001308336,0.015911936115426847,0.049767361701816844
167299200.0,293128320.0,5082454309.378473,30.379429844126413,17.33866693391643,-0.09268179819467831,0.9006130772090484,34.68675755451766,0.026833583473462964,-0.022526098604898057,-0.21584420994412715,0.0015819060986506119,-0.05327140743906964,-0.07888233545217509,-0.09091102112978797,0.24645710355961792,0.7737225009633101,49.39433155791592,0.021424976845952536,0.2683683407796816,0.10511186502568694,0.28792670293826106,0.2275883335737143,0.17625846297855258,0.18141408321971347
167299200.0,293128320.0,7150418236.7029295,42.74030142823713,24.393474628118256,0.04104521862736701,0.8631704989065835,35.7454916953407,0.022633059682115767,0.08386945781707442,-0.13961091961964683,0.14677262982938938,0.0661741471669463,0.07884769735167894,0.034597075403955645,0.3810798768260953,0.7487695995893113,52.5015021402403,0.018452495969857884,0.37516694101060727,0.18410567796757474,0.43188483640145137,0.3513785670165967,0.3396233493738336,0.31370707541935505
167299200.0,293128320.0,10059801396.626087,60.130600723889216,34.31876318407613,0.18322244729454493,0.8212713904190532,36.11727940114419,0.018998364347325925,0.19026501423904602,-0.06337762929516841,0.2919633535601265,0.18561970177296144,0.23833762447803536,0.16038024434472004,0.5234410205826513,0.7240475991637974,54.35099065122128,0.015616768538594073,0.4819655412415323,0.26309949090946155,0.5758429698646399,0.4751688004594774,0.5044261970054349,0.44620174782571215
167299200.0,293128320.0,14152962916.22566,84.59671604063654,48.28248228020295,0.33745262683445326,0.7770846998357255,36.22020698774063,0.015350390617373704,0.29666057066101853,0.01285566102931098,0.4371540772908636,0.30506525637897847,0.39848888538342514,0.2861168124405051,0.6748904936333072,0.7002375693109386,55.252972535834026,0.012892439998493942,0.5887641414724571,0.3420933038513483,0.7198011033278285,0.5989590339023563,0.6695120518721382,0.5785591213424436
167299200.0,293128320.0,19911562009.0908,119.01767616994464,67.92780038820814,0.5047747909298432,0.7375506029385096,36.2390496284553,0.011445530825851834,0.40305612708299116,0.08908895135379115,0.5823448010216024,0.42451081098499527,0.5585041941083607,0.41156198927884896,0.8359838807735465,0.6783525092716773,55.52195814204458,0.010355624542743046,0.695562741703383,0.42108711679323596,0.8637592367910187,0.7227492673452388,0.8340665711253137,0.7105265231968315
167299200.0,293128320.0,28013236803.392967,167.44393758842222,95.56646319056776,0.6825064167323185,0.7085992399767207,36.21925782829185,0.008259855723490682,0.5094516835049636,0.16532224167827045,0.7275355247523394,0.5439563655910103,0.7178241277404994,0.5365337557907848,1.0065803978905252,0.6589456302620978,55.28954644938165,0.008231788207939026,0.8023613419343077,0.5000809297351227,1.0077173702542055,0.8465395007881195,0.9975380040054267,0.8419207063925178
167299200.0,293128320.0,39411344817.884636,235.57401839270383,134.4508262384359,0.8656874032945376,0.6903951431060155,36.115138304875344,0.006502002201008609,0.6158472399269352,0.24155553200274896,0.8727262484830764,0.6634019201970256,0.8760718794901134,0.6609006948462854,1.186177374187224,0.6416373286460404,54.4503303107425,0.006727616688789521,0.9091599421652318,0.5790747426770095,1.151675503717394,0.9703297342309999,1.1595715040201835,0.9726135419460591
167299200.0,293128320.0,55447148476.8255,331.42506644876664,189.15657305587362,1.050655257258243,0.6775909839538932,35.746757643813936,0.0056408506771999005,0.7222427963489088,0.3177888223272292,1.0179169722138153,0.7828474748030425,1.0330078325851972,0.7845717339612205,1.3744931436135168,0.6251084552745217,52.71681343698687,0.005852241776773096,1.0159585423961586,0.6580685556188972,1.2956336371805843,1.0941199676738806,1.3199566768312656,1.1025201557481958
167299200.0,293128320.0,78007646996.50636,466.2762702780788,266.1211547096724,1.237482528938781,0.6637565672248612,34.71959799507449,0.006507931086716672,0.8286383527708803,0.39402211265170856,1.1631076959445523,0.9022930294090575,1.1884935747842549,0.9074876446747498,1.5722667701535542,0.6073860251452586,49.796668462496214,0.0059702597609885034,1.1227571426270826,0.7370623685607839,1.4395917706437729,1.2179102011167613,1.4785871024856487,1.2315892509053281
167299200.0,293128320.0,109747627373.02693,655.9961277341848,374.40131125176487,1.4292566627290864,0.6454268444214185,32.51240054546806,0.011582474878573801,0.9350339091928519,0.4702554029761869,1.3082984196752894,1.0217385840150746,1.342464098473138,1.029614086147938,1.7821816216653992,0.586129617651242,45.65088215336163,0.008942577986645052,1.2295557428580075,0.8160561815026709,1.5835499041069614,1.341700434559642,1.6354298092196804,1.3597953086198022
167299200.0,293128320.0,154402064127.7413,922.9097576541985,526.7388157095886,1.6299702659410888,0.6220684693061969,28.933401362200662,0.024463497399113777,1.0414294656148253,0.5464886933006672,1.4534891434060264,1.1411841386210897,1.49490669997229,1.1509359677060669,2.0099833632303863,0.558658514303255,40.63184302525773,0.017147317875618608,1.3363543430889342,0.8950499944445585,1.72750803757015,1.4654906680025244,1.7905026213843018,1.487132361491995
167299200.0,293128320.0,217225629178.07877,1298.425988755946,741.0598511193963,1.8451670326548193,0.5927342344840493,24.50945987955197,0.047481173994951255,1.1478250220367978,0.6227219836251465,1.5986798671367635,1.2606296932271066,1.645845169036779,1.2714529158254773,2.266453462162466,0.5215202384061198,35.335537580299544,0.03344651757579252,1.4431529433198582,0.9740438073864448,1.8714661710333385,1.589280901445405,1.9438575523156445,1.6136090594896904
167299200.0,293128320.0,305611030774.6471,1826.7333661765692,1042.5844584878291,2.0887048296074116,0.5522821019986071,20.120555766837754,0.08059401132273611,1.2542205784587686,0.698955273949625,1.7438705908675005,1.3800752478331217,1.7953280603037816,1.3911756520568936,2.572357998582867,0.4693399492295227,30.307644814500517,0.0640818706817971,1.549951543550784,1.0530376203283316,2.015424304496527,1.7130711348882857,2.0955687472246916,1.7392447850579436
201228288.0,335446016.0,1560403097.1506026,7.754392350396594,4.651726426080441,-0.4566633458845461,1.0199160644668475,23.335960661277973,0.02209839387468853,-0.4423593433153338,-0.5193553725580675,-0.5729446935963787,-0.5283949568283965,-0.6295347425396552,-0.5627756255015038,-0.1658711495803434,0.8460749242678351,33.26688139073322,0.019090515538731388,-0.1614967323983692,-0.2173118235646139,-0.287333950653613,-0.2683721579255706,-0.39377710610900857,-0.3174031422272179
201228288.0,335446016.0,2195304489.385139,10.909522270472921,6.544434527984196,-0.35023011321433606,0.975776124187533,27.89532034783922,0.01922324581944604,-0.3359637868933602,-0.44312208223358734,-0.42775396986563985,-0.40894940222237963,-0.49472167495614566,-0.44279180695008497,-0.05768683588313227,0.8259290593994829,38.578964051824606,0.0163257360181714,-0.05469813216744334,-0.13831801062272617,-0.14337581719042275,-0.14458192448268828,-0.2555428011101492,-0.1905145552428825
201228288.0,335446016.0,3088536423.6427193,15.348420713308059,9.207253257831862,-0.23779798478315783,0.932763908437251,31.900019030541152,0.016674913925909165,-0.22956823047138863,-0.366888791909108,-0.28256324613490286,-0.2895038476163645,-0.351037367124549,-0.3204814956215625,0.05493219205097405,0.8058926156614006,43.850752041864396,0.014159435974680218,0.05210046806348147,-0.059324197680839415,0.0005823162727659404,-0.020791691039808477,-0.10777732513762638,-0.06114255125696301
201228288.0,335446016.0,4345209189.108641,21.593431183535394,12.953527488335531,-0.12087893977888556,0.894363578142779,34.57786842154137,0.01490905798504527,-0.12317267404941702,-0.2906555015846295,-0.1373725224041658,-0.17005829301034844,-0.20105171215410417,-0.19659567342076217,0.1722816665513725,0.7859672337106182,48.431233521722,0.01257890218721829,0.15889906829440564,0.019669615261047314,0.14454044973595442,0.10299854240307207,0.046623650095293255,0.0698621846598788
201228288.0,335446016.0,6113200657.949665,30.379429844126413,18.224096773740385,0.001109662659933426,0.8607094476373555,35.90868398701323,0.014092403459197314,-0.01677711762744362,-0.21442221126014932,0.007818201326572979,-0.050612738404332405,-0.046897014729245755,-0.07174511633035756,0.29534567261976363,0.7659137848893007,51.825984431737105,0.011533620143544678,0.26569766852533233,0.09866342820293511,0.28849858319914284,0.2267887758459546,0.20528235218434845,0.20181748882821
201228288.0,335446016.0,8600557685.008112,42.74030142823713,25.639170760066836,0.12985056421626026,0.8292568801498923,36.40882106090995,0.013714084779894954,0.08961843879452812,-0.13818892093566998,0.15300892505731017,0.0688328162016835,0.10973569825945324,0.05358298977155132,0.42539592001119986,0.7455198906189109,53.94688423712591,0.010741146338745733,0.37249626875625724,0.1776572411448218,0.43245671666233143,0.3505790092888352,0.36633856963409983,0.3341878360294939
201228288.0,335446016.0,12099977840.079788,60.130600723889216,36.07131181453587,0.26759471702287063,0.7968554382551195,36.555510077172144,0.012761354084577738,0.19601399521649965,-0.06195563061119056,0.2981996487880472,0.18827837080769871,0.2675543330628728,0.1790072236306077,0.5636383404893598,0.724887633900321,55.056976235906596,0.00985130211884227,0.47929486898718116,0.25665105408670863,0.57641485012552,0.47436924273171405,0.5283937637463131,0.46656141506712695
201228288.0,335446016.0,17023252339.279428,84.59671604063654,50.74811304147201,0.41644050238462177,0.7631347989044793,36.58911360828601,0.010716758839209507,0.302409551638473,0.014277659713288753,0.44339037251878605,0.3077239254137157,0.42560357111839947,0.30423465619116097,0.7109473113929791,0.7045445484678159,55.50935969508938,0.008694847265797775,0.5860934692181079,0.33564486702859625,0.7203729835887103,0.5981594761745965,0.6904331586713839,0.5986283767088872
201228288.0,335446016.0,23949723217.416355,119.01767616994464,71.39665423069552,0.5770051589745014,0.7318077593310965,36.58995470410297,0.008230491192966939,0.4088051080604447,0.0905109500377681,0.588581096249523,0.4271694800197308,0.5831995143522384,0.42904510286163994,0.8677213247232397,0.6852049725183083,55.53218257512352,0.00739948378522171,0.6928920694490319,0.4146386799704831,0.8643311170518987,0.7219497096174773,0.8517462150813668,0.7301613868913968
201228288.0,335446016.0,33694456896.897053,167.44393758842222,100.44673446620112,0.7475248238256006,0.7072666788966876,36.56144038212274,0.006821460991874141,0.5152006644824182,0.1667442403622484,0.7337718199802618,0.5466150346257477,0.739869903009005,0.5532773302202132,1.033898504390023,0.667279368110198,55.14226607276506,0.006333614243401712,0.7996906696799586,0.4936324929123708,1.0082892505150873,0.8457399430603595,1.0118556150217992,0.8609989085186931
201228288.0,335446016.0,47404156418.444305,235.57401839270383,141.31679661517967,0.9247447492245741,0.6901898220769881,36.43672851116134,0.007017917209311272,0.6215962209043897,0.24297753068672673,0.8789625437109989,0.6660605892317646,0.895303465146536,0.6768173072282155,1.2091810188343317,0.6504733201114096,54.14119466490149,0.005802806089027786,0.9064892699108825,0.5726263058542576,1.1522473839782759,0.9695301765032386,1.1704583743923145,0.9910312145706633
201228288.0,335446016.0,66692098721.77155,331.42506644876664,198.81618961237433,1.1059294334473384,0.6772590934158891,36.00853764020503,0.00737888596144838,0.7279917773263613,0.3192108210112061,1.024153267441736,0.7855061438377797,1.0493089885758755,0.7995883988350848,1.3934827497316387,0.6337302945573777,52.18392938356766,0.005627506029627066,1.0132878701418075,0.6516201187961443,1.2962055174414644,1.0933204099461191,1.327379197024287,1.1201889130917018
201228288.0,335446016.0,93827975603.08308,466.2762702780788,279.71110440340743,1.2900839677472904,0.6643085986197055,34.84063381737921,0.006414996707974148,0.8343873337483346,0.3954441113356863,1.1693439911724748,0.9049516984437966,1.201783265893787,0.9215433012805105,1.587546626234412,0.615447188585923,48.96490743073323,0.005636226944328203,1.1200864703727342,0.730613931738032,1.4401636509046547,1.2171106433890015,1.4825346171350045,1.2484336680825712
201228288.0,335446016.0,132004977718.57933,655.9961277341848,393.5207795658522,1.4781580970253632,0.6484680028831087,32.378904910693166,0.009710648642277844,0.9407828901703064,0.47167740166016475,1.3145347149032118,1.0243972530498118,1.3526865201375735,1.0426574856972763,1.7937087259656754,0.5936704327671892,44.47995141861018,0.008069406308798736,1.2268850706036583,0.8096077446799187,1.5841217843678432,1.3409008768318822,1.6359059952688113,1.3757507772721418
201228288.0,335446016.0,185715550511.24927,922.9097576541985,553.6376694104165,1.6740546879173972,0.6271831494874016,28.45732771062941,0.025225149167643852,1.0471784465922789,0.5479106919846441,1.4597254386339489,1.143842807655827,1.5020238513884714,1.1629239139569623,2.0170060949127424,0.5660101660486577,39.14382600595088,0.017059178100946957,1.333683670834584,0.888601557621806,1.7280799178310318,1.4646911102747628,1.7875194773140854,1.5021432862935378
201228288.0,335446016.0,261280038812.06628,1298.425988755946,778.9033893670279,1.8882307380059435,0.5958417723639645,23.691788408455892,0.048266417546148147,1.1535740030142514,0.6241439823091244,1.604916162364686,1.2632883622618438,1.6498313875094672,1.2823488104012812,2.2672817535738345,0.529132458260944,33.60440738031817,0.03516407492815531,1.4404822710655099,0.9675953705636927,1.8720380512942203,1.5884813437176435,1.9374312856090607,1.627627352728634
201228288.0,335446016.0,367590427908.1881,1826.7333661765692,1095.8258866553006,2.144597624699809,0.5460504234094624,19.04239603707494,0.07092583641325251,1.259969559436224,0.7003772726336027,1.750106886095423,1.382733916867859,1.7961660419307595,1.4009482980627863,2.5640876550588816,0.47765873179701696,28.426689770841378,0.06698003617170561,1.5472808712964339,1.0465891835055796,2.015996184757409,1.7122715771605241,2.0857170222192893,1.7522286171479564
239005312.0,381611648.0,1317338434.301356,5.511753790231056,3.452039373550139,-0.5113383364361079,0.7317706881205428,21.461355805919933,0.04172853582542478,-0.5433985251997195,-0.5942637745983084,-0.7123250079521823,-0.6453634068523336,-0.732156271217433,-0.6656514666958036,-0.24849431704777422,0.6836067587873704,30.680037729540576,0.033547297078805154,-0.2722631229055193,-0.3035175129576672,-0.43265141804878476,-0.39456603267890694,-0.49685931171543585,-0.42866860799205586
239005312.0,381611648.0,1853340963.0769513,7.754392350396594,4.856615286221429,-0.4094008265388245,0.7405826279037894,26.205935175835343,0.036848247959041396,-0.43700296877774614,-0.5180304842738289,-0.5671342842214436,-0.5259178522463167,-0.6056435107261645,-0.5478452581488815,-0.14620045346478414,0.689859854933676,35.92752771253816,0.028341136707255486,-0.16546452267459347,-0.22452370001577954,-0.2886932845855945,-0.27077579923602535,-0.36922474997430643,-0.3039635998410547
239005312.0,381611648.0,2607433774.025329,10.909522270472921,6.832689168925286,-0.30479100852306845,0.7436925854395838,30.657005129910367,0.031107989402005227,-0.33060741235577445,-0.44179719394934974,-0.4219435604907065,-0.40647229764030174,-0.4686053650427631,-0.4271367463112602,-0.03979296259356981,0.6937870264399242,41.305995635848596,0.023390692678918988,-0.05866592244366856,-0.1455298870738928,-0.14473515112240773,-0.14698556579314467,-0.23006324285590615,-0.17606608676784502
239005312.0,381611648.0,3668354081.2914553,15.348420713308059,9.61279379315868,-0.19647500406169804,0.7423574955497768,33.90567200793031,0.02461256836691242,-0.22421185593380202,-0.3655639036248703,-0.2767528367599694,-0.2870267430342857,-0.3238302533266914,-0.30439280217255726,0.0712758156916241,0.6955593092359024,46.18836512393982,0.018657025315303524,0.048132677787256405,-0.066536074132006,-0.000777017659219259,-0.023195332350264965,-0.08248938869077262,-0.045984085894444776
239005312.0,381611648.0,5160944757.171406,21.593431183535394,13.524075547011096,-0.08255409012887052,0.7387345960415166,35.680393831204206,0.01857328713451908,-0.11781629951182944,-0.28933061330039095,-0.1315621130292306,-0.1675811884282697,-0.17371002084506007,-0.1803267761381105,0.18787034092560786,0.695309855220132,49.999421211870235,0.014499167965506227,0.1549312780181821,0.012457738809881562,0.14318111580397117,0.10059490109261741,0.07082680771436438,0.08546390568733638
239005312.0,381611648.0,7260845108.277545,30.379429844126413,19.02679110119182,0.03872279825646442,0.7343188587980922,36.40984963040752,0.013855760098074307,-0.0114207430898578,-0.2130973229759116,0.013628610701506557,-0.04813563382225358,-0.020192451717936027,-0.0555135439335141,0.3109476518581604,0.6929911064350494,52.51651998265424,0.01125159214265926,0.26172987824910704,0.09145155175176851,0.28713924926715956,0.2243851345354981,0.22772192295010601,0.21762841964478008
239005312.0,381611648.0,10215159077.82986,42.74030142823713,26.768467711525044,0.16851155055358633,0.7287283117569627,36.64197743611666,0.010786396724286941,0.0949748133321147,-0.13686403265143227,0.15881933443224344,0.07130992078376246,0.13520074167303353,0.06959247934476931,0.44139284558663566,0.6884177084877862,53.91914948579893,0.009049877904550644,0.36852847848003195,0.17044536469365523,0.43109738273034814,0.3481753679783787,0.3865194702978677,0.3500050338949587
239005312.0,381611648.0,14371532986.760569,60.130600723889216,37.66010042429462,0.3075058375651998,0.7201153531059252,36.70061593335571,0.008988703404713548,0.20137036975408723,-0.060630742326953,0.3040100581629824,0.1907554753897794,0.2913216280745248,0.1946388782299465,0.5799178558816651,0.6815127806426545,54.569839434455915,0.007761140563684433,0.47532707871095786,0.24943917763554282,0.5750555161935367,0.4719656014212595,0.5459680589270024,0.48221029975873547
239005312.0,381611648.0,20219064511.46774,84.59671604063654,52.98335262415192,0.45618167775195,0.7074018905406774,36.71144194300415,0.00788125869496673,0.3077659261760597,0.01560254799752638,0.44920078189371937,0.3102010299957945,0.4473316434642134,0.3193578330675761,0.727007447816516,0.6725521106713626,54.77260963242737,0.007116457723632038,0.5821256789418827,0.32843299057742975,0.7190136496567251,0.5957558348641401,0.7051652178378397,0.6139594989858284
239005312.0,381611648.0,28445856826.51258,119.01767616994464,74.54137465560952,0.6146186435504745,0.6921903158755377,36.70589304505566,0.007633269569391448,0.41416148259803126,0.09183583832200573,0.5943915056244565,0.42964658460180954,0.6026381724412496,0.44355054503041896,0.88290487286779,0.6621171736156863,54.65551287030263,0.006969139820373688,0.6889242791728076,0.4074268035193165,0.8629717831199137,0.7195460683070207,0.8634830349303378,0.7450471237597142
239005312.0,381611648.0,40019990545.82938,167.44393758842222,104.87098796792853,0.7820192350918382,0.6776759374063716,36.667684999434655,0.00872796682646845,0.5205570390200038,0.16806912864648502,0.7395822293551936,0.5490921392078265,0.7568384964671193,0.567073777548408,1.047669926780905,0.6507197390777806,54.143670770114916,0.007296615048563297,0.7957228794037334,0.4864206164612041,1.006929916583104,0.8433363017499031,1.020503171849979,0.8753303279200064
239005312.0,381611648.0,56303441765.041916,235.57401839270383,147.54120336767582,0.9566765648697634,0.6657040390121006,36.50754247334018,0.010628021101505602,0.6269525954419763,0.24430241897096439,0.8847729530859305,0.6685376938138416,0.9096732692376557,0.6898285111868421,1.2213687530235826,0.6383878350774521,52.97183433967039,0.007908648537691224,0.9025214796346583,0.565414429403091,1.1508880500462926,0.9671265351927838,1.1759635859197717,1.0047152344662609
239005312.0,381611648.0,79212351411.2082,331.42506644876664,207.57320125408805,1.1367356240798272,0.6554822651222832,35.97057720614341,0.01181692120035803,0.7333481518639479,0.3205357092954437,1.0299636768166676,0.7879832484198586,1.0609894130671915,0.8117505510719154,1.4044351489511644,0.6244907010965648,50.76666471346754,0.008340102209617364,1.0093200798655833,0.6444082423449777,1.294846183509481,1.0909167686356627,1.3297165778453233,1.1331458027253254
239005312.0,381611648.0,111442505456.00856,466.2762702780788,292.03119464531795,1.3215055056624982,0.6444074794971888,34.55377891639667,0.01089619877970074,0.8397437082859214,0.39676899961992396,1.1751544005474064,0.9074288030258736,1.2107113106805019,0.932802854868209,1.5982387298724532,0.6077799913678203,47.25768368185786,0.008353746461531242,1.116118680096509,0.7234020552868653,1.4388043169726696,1.214707002078545,1.4816966317970717,1.260594895069416
239005312.0,381611648.0,156786559179.9007,655.9961277341848,410.853704287089,1.5133828326990846,0.6288430655029558,31.70236212038918,0.011491485395585244,0.9461392647078939,0.47300228994440247,1.3203451242781434,1.0268743576318906,1.3588188514196011,1.0529693299725864,1.8059767483495752,0.5864112626464947,42.53732775278845,0.009803189731912992,1.222917280327434,0.8023958682287521,1.5827624504358582,1.3384972355214257,1.631896216059065,1.3870571790498678
239005312.0,381611648.0,220580334575.9861,922.9097576541985,578.0230654175056,1.7207545860774869,0.6038604937546171,27.412264160819156,0.023115489755197026,1.0525348211298664,0.5492355802688826,1.4655358480088823,1.1463199122379075,1.5053309249233733,1.172249859612737,2.034204007933735,0.5577219863082814,37.11532314542134,0.01760074249884411,1.3297158805583598,0.8813896811706404,1.7267205838990485,1.4622874689643082,1.7803478167973061,1.5125435326630978
239005312.0,381611648.0,310330708551.5234,1298.425988755946,813.2107868770383,1.9623059471321498,0.5625141273470797,22.49711858471067,0.043069124804585225,1.1589303775518371,0.625468870593362,1.6107265717396193,1.2657654668439227,1.6502931383980712,1.2906563396576909,2.2958269800156437,0.5175999192218916,31.663239835914382,0.034962628713989745,1.4365144807892838,0.9603834941125271,1.870678717362237,1.586077702407187,1.9271107375670247,1.6370766627829174
239005312.0,381611648.0,436598978123.8412,1826.7333661765692,1144.0923787626136,2.2753313285326566,0.4947093495256059,17.93647249620631,0.0690918642846171,1.2653259339738097,0.7017021609178405,1.7559172954703564,1.3852110214499378,1.7937687553608892,1.408209538654774,2.6172040988384864,0.45912778372457336,26.69886247230299,0.06670748510038532,1.5433130810202096,1.039377307054414,2.0146368508254255,1.7098679358500677,2.072261484264457,1.7606876933709958
284207616.0,435202560.0,1113441897.3521285,3.9177060524378367,2.558445192399899,-0.7007130272231054,0.5862110142855849,19.059650389830896,0.04684444098152955,-0.6444011725371487,-0.6691631398930995,-0.8516656908982214,-0.7623149611396043,-0.8295641723150708,-0.7680566088850737,-0.4239871198554297,0.5586055738561763,27.649717856547984,0.03667920407395749,-0.383767510352551,-0.39035085163184696,-0.5788873817783154,-0.5215733377498148,-0.5925194790837065,-0.5405324202853461
284207616.0,435202560.0,1566482404.7005327,5.511753790231056,3.5994328817839047,-0.5826957376880348,0.6017339308970006,23.94166362912838,0.03709091364020515,-0.5380056161151772,-0.59292984956862,-0.7064749671674844,-0.6428694065335893,-0.7124827091322471,-0.6528887711035833,-0.3147975215057079,0.5732909773685643,32.77833680028433,0.031407153851858716,-0.2769689101216271,-0.31135703868996023,-0.434929248315127,-0.3977831043069342,-0.4767230142999928,-0.4186780770573479
284207616.0,435202560.0,2203857363.4348526,7.754392350396594,5.063980697712009,-0.46891107397064496,0.6157474922358674,28.908785357499788,0.031861733824904336,-0.43161005969320465,-0.5166965592441407,-0.5612842434367473,-0.5234238519275731,-0.5831038977425965,-0.5341382722080597,-0.20401727934056657,0.5870843969622266,38.24906111994172,0.02707173557712985,-0.1701703098907021,-0.23236322574807342,-0.29097111485194027,-0.2739928708640544,-0.3473676953065635,-0.2927547065203682
284207616.0,435202560.0,3100569316.1900163,10.909522270472921,7.12442802769822,-0.35577317649795825,0.628876980190025,32.91942678878805,0.02727578332188489,-0.32521450327123214,-0.44046326891966153,-0.41609351970600844,-0.4039782973215562,-0.4443830491374296,-0.4128000847625766,-0.09015289867431302,0.6001215227674355,43.480113978442986,0.022866921071872593,-0.0633717096597764,-0.15336941280618574,-0.14701298138875,-0.15020263742117207,-0.20768759264420797,-0.1639514601706163
284207616.0,435202560.0,4362138060.294303,15.348420713308059,10.02323621509557,-0.23919999737520667,0.6415209220892475,35.36151786373517,0.022633763140394725,-0.21881894684925957,-0.3642299785951821,-0.2709027959752714,-0.28453274271554113,-0.298957331301309,-0.28970406111363844,0.028166178560460952,0.612313154116538,47.821012579674516,0.018754662662873768,0.04342689057114849,-0.07437559986429898,-0.0030548479255613774,-0.02641240397829224,-0.06059823070031452,-0.033248539694133675
284207616.0,435202560.0,6137017597.932652,21.593431183535394,14.101519986308565,-0.11594636715309802,0.6534081214128106,36.47549902397052,0.018031074982586673,-0.11242339042728801,-0.2879966882707028,-0.12571207224453435,-0.16508718810952502,-0.14904134277564526,-0.16552662221961387,0.15200156726730568,0.6232263895278252,50.881672336242296,0.01493563745432648,0.1502254908020735,0.004618213077587864,0.14090328553762715,0.09737782946458846,0.09144212019383201,0.09856658252116705
284207616.0,435202560.0,8634065331.43842,30.379429844126413,19.839187828854726,0.015537508466752429,0.6636230999058301,36.86568843440252,0.013638305185953978,-0.0060278340053154435,-0.21176339794622348,0.01947865148620259,-0.04564163350350818,0.0035910964709530077,-0.04080792361115768,0.2820476447351652,0.6321260950001966,52.70439976725709,0.011634902770069015,0.2570240910329993,0.0836120260194754,0.2848614190008157,0.22116806290747074,0.2464647348065918,0.23087560585256175
284207616.0,435202560.0,12147119176.04067,42.74030142823713,27.911414804271075,0.15509744698503708,0.6709429264520165,36.973719374067414,0.009877447696958171,0.100367722416657,-0.13553010762174406,0.1646693752169397,0.07380392110250697,0.15757286337330223,0.08402898685377405,0.4186998536382631,0.6382260535223204,53.62193345035368,0.009030797496848495,0.3638226912639242,0.16260583896136227,0.4288195524640041,0.34495829635035147,0.40295689933223083,0.36320354603741495
284207616.0,435202560.0,17089574680.384428,60.130600723889216,39.26809318489401,0.3017436472693805,0.6740714743739965,36.99753847094398,0.00732099528132458,0.20676327883862863,-0.059296817297264805,0.30986009894767674,0.19324947570852216,0.31188494375926507,0.20865924757581097,0.5621935207975799,0.6410319852564199,53.99360805734092,0.007219269283363954,0.47062129149484916,0.24159965190324906,0.5727776859271927,0.46874852979323034,0.5597969176295852,0.4951936709311843
284207616.0,435202560.0,24043030987.33827,84.59671604063654,55.24561019893419,0.45482393566299517,0.6721871612200362,36.999631333566725,0.006169201780963148,0.3131588352606021,0.016936473027215477,0.4550508226784156,0.3126950303145391,0.465791711013515,0.3328387576698473,0.7127344042529328,0.6405374587736029,54.039753071920124,0.006206282038949364,0.5774198917257749,0.3205934648451368,0.7167358193903831,0.5925387632361128,0.7161806342528749,0.6265848613729929
284207616.0,435202560.0,33825730006.119976,119.01767616994464,77.7241062325552,0.614452262214919,0.6659469602075552,36.986727450944926,0.006178602058999662,0.4195543916825737,0.09316976335169384,0.6002415464091526,0.4321405849205541,0.6187802247899045,0.45638883503677563,0.8705785632082116,0.637117651611785,53.79267065734246,0.005924177078640091,0.6842184919566998,0.39958727778702346,0.8606939528535716,0.7163289966789935,0.8715521833315097,0.7571920670975943
284207616.0,435202560.0,47588842315.658264,167.44393758842222,109.34871871079588,0.7808519570992037,0.6574521117598036,36.92106461834354,0.007006029620321848,0.5259499481045471,0.16940305367617423,0.7454322701398916,0.5515861395265711,0.7705080154398244,0.5791831200702162,1.036096631002706,0.6311885623236638,53.09340700774845,0.006189654178272461,0.7910170921876255,0.4785810907289112,1.00465208631676,0.8401192301218757,1.0255445322538603,0.8868899459249344
284207616.0,435202560.0,66951930158.93051,235.57401839270383,153.84084633815232,0.9537116873022701,0.6485592388124151,36.663628176578236,0.00818853248644041,0.6323455045265188,0.2456363440006535,0.8906229938706286,0.671031694132588,0.9207604618523838,0.7011366394305463,1.2099135250985544,0.622840608565459,51.62035589234824,0.006656116094542622,0.8978156924185505,0.557574903670798,1.1486102197799486,0.9639094635647547,1.1779311974916316,1.015599463311941
284207616.0,435202560.0,94193528018.04555,331.42506644876664,216.43606144698586,1.1326981042812745,0.6392592561127696,35.86415776621825,0.008939298017967431,0.7387410609484903,0.3218696343251319,1.0358137176013655,0.7904772487386031,1.0694171688432519,0.8221968208604941,1.393225742812931,0.6116050233825857,49.01356803748737,0.00697394550184724,1.0046142926494754,0.6365687166126848,1.2925683532431371,1.0876996970076354,1.3285884127404237,1.1432770895490316
284207616.0,435202560.0,132519267173.10443,466.2762702780788,304.500201407603,1.3191750862887983,0.6273336203657675,33.94993267544411,0.009173930949024842,0.8451366173704636,0.39810292464961217,1.1810044413321044,0.9099228033446201,1.2164260514897574,0.9423361999387178,1.5884103610225124,0.5963451352160458,45.12296380671881,0.007441232262622793,1.1114128928804012,0.7155625295545724,1.4365264867063274,1.2114899304505178,1.4774661934917068,1.2699061940184913
284207616.0,435202560.0,186439095568.56415,655.9961277341848,428.3961371196074,1.5185875801160356,0.6087891967801036,30.51988725726858,0.013011752959124323,0.9515321737924364,0.47433621497409145,1.3261951650628414,1.0293683579506352,1.3617836853023715,1.0615465554289647,1.800100875562423,0.5751300077257411,40.21441266089511,0.010431657638312811,1.218211493111327,0.7945563424964588,1.580484620169516,1.3352801638933984,1.6245665768586657,1.3954902519174581
284207616.0,435202560.0,262297982006.0375,922.9097576541985,602.7032148111388,1.7432686324515014,0.5782055673466984,25.940246737099347,0.02569721027137107,1.057927730214407,0.55056950529857,1.4713858887935785,1.1488139125566503,1.5055205862273664,1.1798342283019851,2.037118041116685,0.5449027320784601,34.88890236696395,0.01952174066149134,1.325010093342251,0.8735501554383457,1.7244427536327045,1.459070397336279,1.7699274589490832,1.5200475214893716
284207616.0,435202560.0,369022554816.7702,1298.425988755946,847.9328678966644,2.016829350848643,0.5283597478591895,21.189107817904492,0.04921033617549796,1.1643232866363795,0.6268027956230502,1.6165766125243173,1.2682594671626672,1.64769028687717,1.2972164085575737,2.3164253428229995,0.5006986713611127,29.765857797669437,0.038030074127874694,1.4318086935731769,0.9525439683802343,1.868400887095893,1.5828606307791597,1.913610706581794,1.643606898551301
336994944.0,496378496.0,1320247131.74975,3.9177060524378367,2.6597589186251733,-0.7759764570261918,0.6306614474797111,21.920441296621885,0.031395564587743924,-0.6390971905486739,-0.6678512107987031,-0.8459121151439413,-0.7598620859728813,-0.81485993649918,-0.7579352388681406,-0.5136599313213729,0.5560548800394907,30.163304364186335,0.026120562835632046,-0.3894202424575068,-0.3988947357965746,-0.5824379545250266,-0.525885986164802,-0.5780204396106139,-0.5347471492928393
336994944.0,496378496.0,1857433159.8807025,5.511753790231056,3.741969434309867,-0.6629230932730227,0.6315742303849404,26.612044247767454,0.02563669354719735,-0.5327016341267005,-0.591617920474223,-0.7007213914132024,-0.6404165313668645,-0.6943555164764196,-0.6416135563333464,-0.40149259310040375,0.5657982234946632,35.156323826338344,0.022909043444656198,-0.28262164222658104,-0.3199009228546869,-0.43847982106183636,-0.4020957527219205,-0.4597932423417647,-0.41150708250264806
336994944.0,496378496.0,2613191015.8759284,7.754392350396594,5.26451294110035,-0.5471819154240324,0.635077633708006,30.991235891398198,0.021980642128083334,-0.42630607770472867,-0.5153846301497443,-0.5555306676824654,-0.5209709767608482,-0.5627273330476719,-0.522037321163665,-0.2852148294532403,0.5759409850293714,40.25206115403997,0.01992353343695075,-0.17582304199565618,-0.24090710991280023,-0.29452168759864783,-0.27830551927903985,-0.32921925596484714,-0.2845054562615658
336994944.0,496378496.0,3676453846.604775,10.909522270472921,7.406553418874888,-0.4264095992253316,0.6411449168933016,34.16911582251529,0.019005333146564846,-0.31991052128275715,-0.43915133982526516,-0.4103399439517284,-0.40152542215483317,-0.4228241082281113,-0.40016779835211835,-0.16388027575433461,0.5864317564600681,44.854745848452744,0.017049285462192004,-0.06902444176473126,-0.1619132969709134,-0.15056355413546113,-0.15451528583616006,-0.18938441650818114,-0.15491266590855488
336994944.0,496378496.0,5172340178.76969,15.348420713308059,10.420153613523357,-0.29846626817283445,0.6486955159654622,35.89411216348895,0.01636508640059365,-0.21351496486078364,-0.3629180495007848,-0.2651492202209896,-0.28207986754881637,-0.27712795184444244,-0.276798920270544,-0.03692392616292305,0.5969305639555736,48.427281842598234,0.014437939030666296,0.037774158466194654,-0.08291948402902577,-0.006605420672270798,-0.030725052393278496,-0.04301528904136622,-0.02368328785987643
336994944.0,496378496.0,7276877132.463364,21.593431183535394,14.659936300833152,-0.16241314389702047,0.6561141536759011,36.59822392979822,0.014158519097601366,-0.10711940843881207,-0.2866847591763064,-0.11995849649025246,-0.1626343129428003,-0.1276856104765965,-0.1525719256909446,0.09581763960872261,0.6068492959357863,50.77259437065105,0.012271033316479224,0.1445727586971194,-0.003925671087138958,0.13735271279091782,0.09306518104960221,0.10762131777988819,0.10842359466999724
336994944.0,496378496.0,10237714259.073309,30.379429844126413,20.624814212486168,-0.018911662184415198,0.6622517546053543,36.820657433121326,0.012449801066595595,-0.000723852016840454,-0.21045146885182714,0.025232227240484555,-0.04318875833678604,0.023887081170385464,-0.02799430193327703,0.23421506762895286,0.6154951671428225,52.07217935470285,0.010601336256094648,0.25137135892804446,0.07506814185474782,0.28131084625410635,0.21685541449248277,0.26072816025485773,0.24081808518610995
336994944.0,496378496.0,14403265486.351892,42.74030142823713,29.0166991568303,0.1302952754778102,0.6667229333900728,36.87650959518473,0.011074390956283804,0.10567170440513286,-0.13421817852734688,0.17042295097122348,0.07625679626923079,0.17635981480629323,0.09654015552683123,0.3780409191982678,0.6222461514875126,52.67499986325843,0.009315204492835665,0.35816995915897026,0.15406195479663562,0.42526897971729666,0.34064564793536517,0.41493453957977156,0.37305196274918423
336994944.0,496378496.0,20263708423.633408,60.130600723889216,40.823098879032436,0.28356544712191045,0.669153252660975,36.88713163336549,0.009809255911272836,0.21206726082710453,-0.057984888202868415,0.3156136747019605,0.19570235087524773,0.32882573682174027,0.22073211447986346,0.5271678323495516,0.6266578495774213,52.87271949094856,0.008249930684243229,0.4649685593898951,0.23305576773852227,0.5692271131804834,0.46443588137824593,0.5692301686426396,0.5047927547181242
336994944.0,496378496.0,28508665584.69821,84.59671604063654,57.433321174127194,0.44034444097783765,0.6687890844159932,36.88378010828666,0.008676371809882203,0.31846281724907716,0.01824840212161099,0.46080439843269744,0.3151479054812629,0.48063772597832405,0.3443593448106531,0.6816903442133093,0.6284722632958377,52.79479388562165,0.007344302277614165,0.57176715962082,0.3120495806804091,0.7131852466436719,0.5882261148211265,0.7228948691217715,0.6358007649634891
336994944.0,496378496.0,40108355115.90063,119.01767616994464,80.80195947066294,0.601092904449263,0.6652405202730259,36.85540915494447,0.00791241693565173,0.42485837367104967,0.09448169244609109,0.6059951221634363,0.4345934600872799,0.6313507676438259,0.4672616488964974,0.8419554329215017,0.6275669896592875,52.38566010334301,0.006647940254136254,0.6785657598517458,0.3910433936222968,0.8571433801068622,0.7120163482640072,0.8754341099245981,0.7659095245220304
336994944.0,496378496.0,56427760370.74984,167.44393758842222,113.678897908482,0.7664737846642914,0.6589807136924933,36.72884831971925,0.007627542267548059,0.5312539300930212,0.1707149827705706,0.7511858458941734,0.554039014693295,0.7806734291686442,0.5893281352163475,1.0085838200635808,0.6238561050193748,51.410712930947305,0.0061599817553488105,0.7853643600826706,0.4700372065641835,1.0011015135700507,0.8358065817068879,1.0265244505204931,0.895009608939441
336994944.0,496378496.0,79387253136.1042,235.57401839270383,159.9329015576537,0.9370668513776625,0.6506081202051924,36.28121496128582,0.0075115103280747764,0.6376494865149938,0.24694827309504902,0.8963765696249104,0.6734845692993101,0.9284287825524958,0.7104866818468447,1.182612789605584,0.6171204881414322,49.517410628593794,0.005664870828316,0.8921629603135958,0.5490310195060704,1.1450596470332393,0.9595968151497685,1.1759695797738487,1.023035506200626
336994944.0,496378496.0,111688571708.09839,331.42506644876664,225.00686997548416,1.114246623763362,0.6396898502804379,35.04337491644897,0.006778405461590683,0.7440450429369664,0.3231815634195292,1.0415672933556492,0.792930123905327,1.074523850636909,0.8306953389181394,1.3658736919169374,0.606783615043298,46.41813593592731,0.004837635278650272,0.9989615605445216,0.628024832447958,1.2890177804964278,1.083387048592651,1.323666011075788,1.1499551121601095
336994944.0,496378496.0,157132745590.89005,466.2762702780788,316.55832566705317,1.301857412037122,0.6241687443765888,32.449214795910244,0.005436305365128748,0.8504405993589378,0.3994148537440085,1.1867580170863863,0.9123756785113439,1.2189262002675592,0.9499353910033935,1.5617038210296368,0.5916695348679918,42.144306152587625,0.0042350246226206135,1.1057601607754455,0.7070186453898448,1.4329759139596163,1.2071772820355298,1.4695768913779927,1.275761419665372
336994944.0,496378496.0,221067378329.99847,655.9961277341848,445.36050637052267,1.5082162191388833,0.6003732273736575,28.414481273512525,0.009673926145003165,0.9568361557809104,0.47564814406848693,1.3319487408171233,1.031821233117359,1.3616462696893008,1.0682058065873201,1.7761674676361299,0.5697139121304869,37.13394605236482,0.007646239254672883,1.2125587610063713,0.7860124583317313,1.5769340474228049,1.3309675154784104,1.6137123132041846,1.400465998827895
336994944.0,496378496.0,311015922097.7302,922.9097576541985,626.570096416365,1.748912031810068,0.5629288037344824,23.67388504940779,0.024085697248326134,1.063231712202883,0.5518814343929672,1.4771394645478604,1.151266787723376,1.502724170957975,1.1855188274465567,2.0202899031766925,0.5374838710487237,32.015522189495556,0.01753131174916312,1.319357361237297,0.8650062712736196,1.7208921808859952,1.4547577489212928,1.756114684087906,1.5240939173608945
336994944.0,496378496.0,437562993368.95465,1298.425988755946,881.5107763430482,2.053101858690883,0.5036858081299298,19.194869139526304,0.051575825488942975,1.1696272686248554,0.6281147247174466,1.6223301882785974,1.2707123423293911,1.6422199202085415,1.3018964847445103,2.314980366779544,0.48918049344524256,27.299769818191013,0.03679727151387961,1.426155961468221,0.9440000842155065,1.8648503143491837,1.5785479823641735,1.8968479534727138,1.6466798062746129
397772800.0,565544960.0,1558356906.055145,3.9177060524378367,2.755496054734791,-0.8000679925735398,0.7379313167204101,24.590588604291355,0.02188894233483557,-0.6339348610997829,-0.6665743191701928,-0.8403121991530308,-0.7574747193236089,-0.801471960270508,-0.749282338598107,-0.5689190389191447,0.6158730542792278,32.460315811579605,0.021049838984039334,-0.39601408041644953,-0.40809901642000973,-0.5872903720570388,-0.5313077920838323,-0.5665976102545718,-0.5318503502966724
397772800.0,565544960.0,2192425738.05082,5.511753790231056,3.876660377365612,-0.6957041896739571,0.7210907940736387,28.94556563360356,0.019090543117591015,-0.5275393046778105,-0.5903410288457134,-0.6951214754222939,-0.6380291647175919,-0.6781907208570458,-0.6319401286467068,-0.4591004689486722,0.6149716552882073,37.192825562151214,0.018116713076034078,-0.28921548018552373,-0.32910520347812217,-0.44333223859385024,-0.4075175586409507,-0.4464936213815513,-0.4073912339902251
397772800.0,565544960.0,3084486357.5158343,7.754392350396594,5.454007330408946,-0.5828924895322628,0.7060948869426996,32.693032952080095,0.016450420668106765,-0.42114374825583806,-0.5141077385212341,-0.5499307516915569,-0.5185836101115759,-0.5448510732870675,-0.5116488469904271,-0.34261634852000505,0.614304308019595,41.826178088664875,0.01540663500433058,-0.18241687995459888,-0.2501113905362353,-0.2993741051306618,-0.28372732519807004,-0.3151196927435521,-0.2794485092569334
397772800.0,565544960.0,4339511220.188372,10.909522270472921,7.673149841505743,-0.46064221065873273,0.6928780656466876,35.14158554289824,0.014047002892152766,-0.31474819183386643,-0.43787444819675464,-0.40474002796081976,-0.39913805550556075,-0.40418289950989217,-0.3893368623271436,-0.21918170651090643,0.6140554722299114,45.78860053454941,0.013117901523794353,-0.07561827972367394,-0.1711175775943485,-0.15541597166747323,-0.15993709175519027,-0.17541419969779706,-0.14917631329244335
397772800.0,565544960.0,6105184282.710544,15.348420713308059,10.79522357110307,-0.3286694517772364,0.6816638399308104,36.32900519428386,0.01238293650915549,-0.20835263541189297,-0.3616411578722745,-0.2595493042300809,-0.27969250089954395,-0.25851717700928706,-0.2657638825666937,-0.08890079272050244,0.6144991205688991,48.67383212752838,0.011521975779849794,0.03118032050725173,-0.09212376465246087,-0.011457838204282875,-0.036146858312307927,-0.029929835134302297,-0.017506705415942687
397772800.0,565544960.0,8589279583.482187,21.593431183535394,15.187615823651203,-0.18779468588428644,0.6733004565106577,36.764410587154885,0.01209861237316953,-0.10195707898992139,-0.28540786754779596,-0.11435858049934393,-0.16024694629352787,-0.10974619078408014,-0.1415381296054038,0.04782440190299723,0.6159122227583221,50.44393174463023,0.010717401023245358,0.1379789207381768,-0.013129951710574125,0.13250029525890558,0.08764337513057269,0.11923636004907422,0.11482629883084304
397772800.0,565544960.0,12084110871.501726,30.379429844126413,21.367197528383468,-0.03981181251423853,0.6686491449109947,36.889594825785785,0.012715355728266655,0.004438477432050261,-0.20917457722331673,0.030832143231393192,-0.04080139168751275,0.04065494707076899,-0.017136751493289196,0.19043934023163156,0.6183793550077944,51.358099560563765,0.010454992429041732,0.2447775209691017,0.06586386123131266,0.2764584287220942,0.21143360857345347,0.27043606733982556,0.24725795188784225
397772800.0,565544960.0,17000929371.953882,42.74030142823713,30.06114557532947,0.11325173362211849,0.6676469415711074,36.91880579038997,0.013028045635310953,0.11083403385402286,-0.13294128689883739,0.1760228669621302,0.07864416291850244,0.19157529704752646,0.10707342099011682,0.33840020051208203,0.6216003370637727,51.74028817361331,0.010321545785352352,0.3515761212000265,0.14485767417319945,0.42041656218528084,0.3352238420163341,0.42242040794700736,0.379363780559525
397772800.0,565544960.0,23918317415.62344,60.130600723889216,42.29251272193008,0.269948543551286,0.6689268791078453,36.922734159072526,0.012510060025298574,0.21722959027599523,-0.05670799657435799,0.321213590692869,0.1980897175245193,0.3422045102590435,0.23081646112574175,0.49130465125422873,0.6248422322729543,51.80509047943887,0.010046051518154818,0.45837472143095237,0.22385148711508718,0.5643746956484712,0.4590140754592147,0.5742739584176467,0.5108328854875676
397772800.0,565544960.0,33650272610.28891,84.59671604063654,59.50061443441899,0.4296236377338359,0.6703729018719905,36.911339649023276,0.011468408071855047,0.323625146697967,0.019525293750121454,0.46640431442360614,0.31753527213053445,0.49197087815046153,0.3538901106430385,0.6489580234895095,0.6270965364122635,51.59529567440659,0.00958340738943614,0.5651733216618773,0.30284530005697397,0.7083328291116596,0.5828043089020953,0.7253477421340805,0.6414446676419239
397772800.0,565544960.0,47341994299.61215,119.01767616994464,83.71039908058265,0.5920204173600367,0.6700491719188001,36.85091177284042,0.010491540627941763,0.43002070311993945,0.09575858407460064,0.6115950381543431,0.43698082673655136,0.6404868552379605,0.47615100330288446,0.8114169522462424,0.6273554242980555,50.97260936529825,0.00901600251298885,0.6719719218928022,0.3818391129988607,0.8522909625748482,0.706594542344976,0.8751991121682334,0.771049267388028
397772800.0,565544960.0,66604643897.57195,167.44393758842222,117.77073196368323,0.7571296290254007,0.6666146567951965,36.61190322679652,0.00999761787086822,0.536416259541912,0.17199187439908012,0.7567857618850818,0.5564263813425683,0.7875039568398702,0.5975023052454957,0.9791195105879046,0.6248096609090049,49.64081848028387,0.008429992436765324,0.7787705221237281,0.46083292594074843,0.9962490960380385,0.8303847757878583,1.0235414622448291,0.8995515334247314
397772800.0,565544960.0,93704936903.3173,235.57401839270383,165.68963306350977,0.9258779547996547,0.6591401956849005,35.86040020679759,0.009948111520914685,0.6428118159638845,0.24822516472355935,0.901976485615819,0.6758719359485834,0.9328768323441434,0.7178835591588647,1.1531957502316936,0.6188047673340311,47.25711157360476,0.007851547985140457,0.885569122354653,0.5398267388826352,1.1402072295012253,0.9541750092307373,1.1702039630221106,1.0268981212058859
397772800.0,565544960.0,131831876671.51196,331.42506644876664,233.10591729349326,1.1013936795025425,0.6465494096539576,34.0368823301616,0.00953315573498834,0.749207372385857,0.32445845504803955,1.0471672093465578,0.7953174905546002,1.0765353803842241,0.837262450502653,1.3360027071645175,0.6085561129348513,43.66319288877146,0.007244413466705484,0.9923677225855796,0.6188205518245229,1.2841653629644156,1.0779652426736197,1.3151002470981605,1.153067247319894
397772800.0,565544960.0,185472017602.06818,466.2762702780788,327.9527371299855,1.290392347844599,0.6268485458602567,30.72808998733923,0.007427737689440824,0.8556029288078286,0.400691745372519,1.1923579330772949,0.9147630451606155,1.2184634939299737,0.9556281988315323,1.5319432907287065,0.5927439270724424,39.08794466895191,0.006640072840479354,1.0991663228165036,0.6978143647664102,1.4281234964276042,1.2017554761165004,1.4582045365219574,1.2780606349435215
397772800.0,565544960.0,260937416517.98434,655.9961277341848,461.3911094141558,1.5048771829432948,0.5964119827241231,26.26189841967451,0.009295814158699105,0.9619984852298012,0.4769250356969974,1.337548656808032,1.0342085997666306,1.358683070190659,1.0729862950322182,1.7487881315874436,0.569056162077114,34.08586690573156,0.007371492582982373,1.2059649230474276,0.7768081777082969,1.5720816298907927,1.325545709559381,1.599533701700734,1.4018972317733784
397772800.0,565544960.0,367108398449.432,922.9097576541985,649.1232782791169,1.765661825616362,0.5491810205535723,21.587975785019974,0.030390969469550583,1.0683940416517737,0.5531583260214776,1.4827393805387707,1.1536541543726475,1.4972421022945128,1.189354338280668,2.0002239363105025,0.5335529549623115,29.24370491175528,0.014763007989493537,1.3127635232783552,0.8558019906501837,1.7160397633539812,1.4493359430022617,1.7391339233614063,1.5246083429794433
476931840.0,653092608.0,1328098244.3131335,2.7846709590895284,2.0335527121953483,-0.8759236565854566,0.8271629681209429,22.047007785803082,0.020405064665713114,-0.7346799302356968,-0.7414099730237713,-0.9793734701971673,-0.8743071542067486,-0.902105977952683,-0.8559193466843558,-0.6842356583991513,0.7004305609430517,29.37822769991028,0.019028575626052393,-0.5105420738801546,-0.49758410115491936,-0.7372146209938535,-0.6616065703758549,-0.6655137649569748,-0.6523783491960982
476931840.0,653092608.0,1868478756.168314,3.9177060524378367,2.860970608579165,-0.7874488911098103,0.811992610932489,26.76422463132298,0.014477331432421355,-0.6282843738137243,-0.6651766826992911,-0.8341827464664284,-0.7548615996007317,-0.7882456388821258,-0.7412708545292475,-0.587860740037154,0.6921635666718546,34.184250739077385,0.015004023405448149,-0.40374347364922875,-0.4185902882130317,-0.5932564875306632,-0.5378163369329734,-0.5570111708907233,-0.5313024451900956
476931840.0,653092608.0,2628730876.801872,5.511753790231056,4.025050727265117,-0.6905785282563278,0.7922383645978017,31.146450504468824,0.012456810431351956,-0.5218888173917516,-0.5889433923748117,-0.6889920227356915,-0.6354160449947158,-0.6624860790944443,-0.6229167065008732,-0.48429283331583756,0.6822121597435136,39.082364282859196,0.012903401148008588,-0.2969448734183037,-0.33959647527114495,-0.44929835406747465,-0.4140261034900928,-0.43526916943891736,-0.4056408676768915
476931840.0,653092608.0,3698316611.7565722,7.754392350396594,5.662775181428133,-0.5843054047422624,0.7678257403554012,34.305953089595064,0.012080279238249829,-0.41549326096978006,-0.5127101020503333,-0.5438012990049543,-0.5159704903887006,-0.5277424241640306,-0.5019322932719517,-0.3729030737309351,0.6711563824852776,43.49817515507772,0.011821322393797372,-0.1901462731873789,-0.2606026623292581,-0.30534022060428606,-0.2902358700472121,-0.3033290552700665,-0.2767779024974567
476931840.0,653092608.0,5203098529.977628,10.909522270472921,7.966861768519094,-0.467765035119822,0.7408072701584728,36.01092108803602,0.011862365295334586,-0.30909770454780666,-0.4364768117258531,-0.39861057527421545,-0.3965249357826837,-0.38660561955881945,-0.3792102953778662,-0.25329990521231294,0.6601135433291715,46.91880654483699,0.011086477663931872,-0.08334767295645301,-0.1816088493873704,-0.16138208714109764,-0.16644563660433048,-0.16396992825383364,-0.1458519252239765
476931840.0,653092608.0,7320150531.892125,15.348420713308059,11.208441869077356,-0.3403913065082554,0.7153370603893655,36.70778080282785,0.011119825775675593,-0.20270214812583515,-0.3602435214013737,-0.25341985154347846,-0.2770793811766686,-0.24124571874842662,-0.25547404166177823,-0.12536718882403408,0.6504933477853013,49.1616166819547,0.010374986072653863,0.023450927274471747,-0.10261503644548363,-0.017423953677909013,-0.04265540316144989,-0.01956731546824597,-0.013772787781922738
476931840.0,653092608.0,10298594866.276913,21.593431183535394,15.768965595575862,-0.20234580452759582,0.6955707958816069,36.9360820267919,0.010051701347573322,-0.09630659170386349,-0.2840102310768943,-0.10822912781274137,-0.15763382657065245,-0.09339785367983695,-0.1312971189139409,0.010698678942659821,0.6435069679582068,50.40570187396629,0.009677102654120832,0.1302495275053967,-0.023621223503596907,0.1265341797852794,0.0811348302814308,0.1279498541895538,0.11875036668436845
476931840.0,653092608.0,14488917373.710123,30.379429844126413,22.185088601875773,-0.05470758244819837,0.6834652015921816,37.004617716527434,0.009440879385341635,0.010088964718110023,-0.20777694075241504,0.03696159591799743,-0.03818827196463555,0.05560221508785484,-0.007125137847504573,0.15437928577486582,0.6396860084489229,50.98606413051666,0.009156170002718489,0.2370481277363225,0.05537258943829086,0.27049231324846984,0.20492506372431143,0.2770783881410229,0.25117782449872206
476931840.0,653092608.0,20384210602.323765,42.74030142823713,31.211822569462868,0.10076483264707085,0.67829294214583,37.02670748917987,0.009625428143319337,0.11648452114008147,-0.13154365042793575,0.18215231964873452,0.0812572826413796,0.20475969331627483,0.1167029177425695,0.304867399618855,0.6386620700078012,51.179493263872885,0.008945439546324013,0.3438467279672475,0.1343664023801777,0.41445044671165837,0.32871529716719206,0.42668703738308894,0.3831088077371614
476931840.0,653092608.0,28678198043.549816,60.130600723889216,43.911380548882,0.2619613382062578,0.677704545110076,37.02687203101638,0.010078807002385694,0.2228800775620532,-0.05531036010345636,0.32734304337947145,0.20070283724739468,0.35335701243977247,0.23993517920745322,0.46115894422110254,0.6392880391112525,51.10725119459419,0.008980600079302242,0.4506453281981724,0.21336021532206445,0.5584085801748468,0.4525055306100727,0.575951530312889,0.5142539904425047
476931840.0,653092608.0,40346867439.2183,84.59671604063654,61.778171954471574,0.426564127658553,0.6790885620739262,36.99239381924135,0.010214432469432492,0.3292756339840266,0.02092293022102294,0.4725337671102104,0.32014839185341154,0.5008943568120487,0.3623898482232888,0.6222421541563046,0.6400152408221916,50.715434841968275,0.009015029580469468,0.5574439284290982,0.292354028263952,0.7023667136380354,0.5762957640529551,0.7242911608192738,0.6444119156157416
476931840.0,653092608.0,56763319288.255844,119.01767616994464,86.91465588943834,0.5924164507599958,0.6800198511296998,36.85496252889326,0.009711985313051263,0.43567119040599817,0.09715622054550227,0.6177244908409474,0.4395939464594285,0.6470386297527345,0.4839407616923989,0.7874168148716533,0.6393257236213776,49.781036507096765,0.00880899860295617,0.6642425286600231,0.37134784120583886,0.8463248471012238,0.7000859974958359,0.8713130182704536,0.773449414703112
476931840.0,653092608.0,79859345250.89137,167.44393758842222,122.27874618800061,0.7585939142009669,0.6780255628170411,36.40057858600725,0.008837190938357869,0.5420667468279716,0.17338951086998255,0.7629152145716845,0.5590395010654436,0.7915818426129191,0.6045054321791209,0.9567253535232271,0.6359788020398305,47.96920764962591,0.008373600451650335,0.7710411288909489,0.4503416541477266,0.9902829805644142,0.8238762309387163,1.016765843929563,0.9012857205853765
476931840.0,653092608.0,112352750048.22609,235.57401839270383,172.0318813472562,0.9268201801531156,0.670661129906036,35.16940798071267,0.008909467710502937,0.6484623032499433,0.24962280119446106,0.9081059383024215,0.6784850556714606,0.9344082993576288,0.7240352972170511,1.131454659834418,0.6289415048652709,45.00643688608823,0.008128175336764297,0.8778397291218739,0.5293354670896133,1.1342411140276027,0.9476664643815971,1.1605033119322208,1.027879790095243
476931840.0,653092608.0,158067166763.53253,331.42506644876664,242.0287181745786,1.1025736220966462,0.65567820421491,32.602490000089475,0.009774521256123265,0.7548578596719158,0.32585609151894035,1.0532966620331585,0.7979306102774757,1.0754692990579213,0.8425078655143055,1.314713143921711,0.6170713426083766,40.922537449528335,0.008497089350547018,0.9846383293527987,0.6083292800315001,1.2781992474907913,1.0714566978244777,1.3024555639442763,1.1532203103052225
476931840.0,653092608.0,222381999532.06143,466.2762702780788,340.5060734236046,1.2957722847881648,0.6306095475006784,28.616309194692132,0.00944604800895053,0.8612534160938884,0.40208938184342063,1.1984873857638974,0.9173761648834926,1.2147639448999237,0.9599204480341834,1.5121828794827696,0.5987099703724778,36.13476969750442,0.00899610895825213,1.0914369295837245,0.6873230929733882,1.4221573809539798,1.1952469312673601,1.4426075411972616,1.2773178949616262
476931840.0,653092608.0,312865440233.1398,655.9961277341848,479.05218402523974,1.5218185905647987,0.591949025594822,23.93626985313017,0.019944630682445383,0.9676489725158608,0.4783226721678999,1.3436781094946344,1.0368217194895077,1.3523247566901635,1.0762851921983472,1.7333589485043277,0.5712429358399091,31.242514470101142,0.009858878663800499,1.1982355298146485,0.7663169059152751,1.5661155144171683,1.3190371647102408,1.5809827055924994,1.4001990361466732
476931840.0,653092608.0,440165048871.971,922.9097576541985,673.9703427664136,1.8051425710503375,0.5341663979981905,19.51705345213108,0.05836588064693851,1.0740445289378315,0.5545559624923784,1.4888688332253714,1.1562672740955229,1.4882069840404621,1.191625170254874,1.994192248280793,0.5304616560750753,26.733655966191275,0.020270164010832138,1.3050341300455743,0.8453107188571618,1.7100736478803569,1.4428273981531197,1.7176309332445034,1.5219014458314144
568468736.0,761406720.0,1125181307.345663,1.9793195933041832,1.4777664522657,-0.9577435314401035,0.7887670786289185,19.160240150989356,0.020333258543468898,-0.835609305214057,-0.8162912145504406,-1.1186346698286869,-0.9912248230188504,-0.9969549507428714,-0.9621706025319117,-0.7835914354738117,0.7288459247181023,25.73640549195514,0.018694629421777312,-0.6311887436399585,-0.591910647978613,-0.8950919785374154,-0.7988354207700104,-0.7615650586895947,-0.7782724168979783
568468736.0,761406720.0,1582998380.289532,2.7846709590895284,2.0790444038759364,-0.866811810994066,0.7979160471815999,24.030322796708823,0.015299622825636051,-0.7292137487920853,-0.7400579242259613,-0.9734439460979497,-0.8717792684128343,-0.8940229750090134,-0.8509322833988415,-0.6905298619350889,0.734027731990075,30.50988020000447,0.016144278724697887,-0.5243901434090334,-0.5129168350367261,-0.7511338450742269,-0.6750451873271298,-0.6664978667131606,-0.6620873653728713
568468736.0,761406720.0,2227093407.6488867,3.9177060524378367,2.9249720932971104,-0.7725707263322255,0.8037626985701034,28.94901824306272,0.015469572111406182,-0.6228181923701118,-0.6638246339014818,-0.828253222367211,-0.7523337138068174,-0.7772153072196812,-0.7350748524891801,-0.5931840168068371,0.7363241278193566,35.57913729375214,0.015539083949425398,-0.4175915431781077,-0.4339230220948385,-0.6071757116110366,-0.5512549538842483,-0.5561697043984002,-0.539860697242295
568468736.0,761406720.0,3133259710.275858,5.511753790231056,4.115093323941057,-0.6736775565778707,0.8039062503534111,32.882645654848474,0.0164845477624289,-0.5164226359481403,-0.5875913435770026,-0.683062498636474,-0.6328881592008021,-0.6495501669036662,-0.615835445293247,-0.4903609942239833,0.7351550253953363,40.39719664623051,0.015701431302149023,-0.3107929429471828,-0.35492920915295173,-0.4632175781478498,-0.42746472044136746,-0.4335929848250003,-0.4132480395437174
568468736.0,761406720.0,4408129617.87802,7.754392350396594,5.78945457413092,-0.5684396547878287,0.7966011321102132,35.26032263981931,0.017284621398250394,-0.4100270795261686,-0.5113580532525233,-0.5378717749057369,-0.5134426045947863,-0.5138480258923599,-0.4942589886670437,-0.3808182745140507,0.7302799166593076,44.37248349305409,0.016061340838662154,-0.20399434271625777,-0.27593539621106494,-0.31925944468466133,-0.3036744869984877,-0.30170365614711353,-0.28364467006755345
568468736.0,761406720.0,6201722335.459592,10.909522270472921,8.14508484435177,-0.4546633844974009,0.7820138445580721,36.358849557397036,0.017976547563632112,-0.3036315231041953,-0.4351247629280431,-0.392681051174998,-0.3939970499887692,-0.372562935927392,-0.3712043091815626,-0.26342882604204604,0.7220055827023952,47.17128797274814,0.01620043994279325,-0.09719574248533198,-0.19694158326917724,-0.17530131122147094,-0.1798842535556054,-0.16313746476931315,-0.15218753251015785
568468736.0,761406720.0,8725097322.49045,15.348420713308059,11.459180873121857,-0.3302780494693605,0.7624341344172116,36.78895618270212,0.017880544003053805,-0.19723596668222365,-0.35889147260356463,-0.24749032744426103,-0.27455149538275325,-0.2277169784028591,-0.24736081632624152,-0.1373814159260885,0.7112857075121604,48.85457412770176,0.015739080870400123,0.00960285774559281,-0.11794777032729041,-0.03134317775828244,-0.05609402011272464,-0.02011942951846655,-0.019777072106748034
568468736.0,761406720.0,12275190530.80735,21.593431183535394,16.121726021550415,-0.19418987981612532,0.7413501485820803,36.9748348268013,0.016279369600465405,-0.09084041026025197,-0.28265818227908523,-0.10229960371352402,-0.15510594077673812,-0.08090599490604108,-0.12327016638591691,-0.002346269308533682,0.6995987424153364,49.72969017446366,0.014504240478955332,0.11640145797651784,-0.03895395738540359,0.11261495570490616,0.06769621333015594,0.12555989875740378,0.11289147786895214
568468736.0,761406720.0,17269756083.89122,30.379429844126413,22.681381225386637,-0.046714626522283684,0.7221929905871539,37.08015727092627,0.01350006415835287,0.015555146161721439,-0.20642489195460506,0.04289112001721312,-0.03566038617072125,0.06665499853998814,0.0006508768356707767,0.14139259880014596,0.6885205987886018,50.11217954405502,0.012668472740958819,0.22320005820744365,0.04003985555648406,0.25657308916809457,0.1914864467730366,0.2725144548292848,0.24529433963813863
568468736.0,761406720.0,24296525129.168957,42.74030142823713,31.91004819233662,0.11036022070735657,0.7071976907484139,37.129544833023715,0.0108116306600962,0.1219507025836931,-0.13019160163012655,0.18808184374795006,0.08378516843529392,0.2140703497237306,0.12408866031391956,0.29286022395661926,0.679119951396094,50.189830174223786,0.010743677562505223,0.32999865843836856,0.11903366849837083,0.40053122263128316,0.3152766802159172,0.419706678686204,0.3770470614798041
568468736.0,761406720.0,34182366588.42999,60.130600723889216,44.89370226260938,0.27394852577861545,0.697005828470386,37.10995109223325,0.00945311683750684,0.2283462590056656,-0.05395831130564717,0.3332725674786872,0.20323072304130899,0.36070087804371864,0.24681311340831302,0.450535208017452,0.6715617140049511,49.99041776815924,0.009327759301768131,0.4367972586692935,0.1980274814402577,0.5444893560944717,0.4390669136587979,0.5663842176160393,0.5078760380469268
568468736.0,761406720.0,48090588237.371574,84.59671604063654,63.16018361037262,0.4404178327229052,0.6909517199322034,36.99625769378791,0.009195202561689226,0.3347418154276381,0.0222749790188331,0.478463291209426,0.322676277647326,0.5061070674179649,0.36866092578426685,0.6128459001206686,0.6651767635505096,49.38288246503372,0.00857893366893172,0.5435958589002192,0.27702129438214523,0.688447489557662,0.5628571471016804,0.7120198424030856,0.6375943815168613
568468736.0,761406720.0,67657827933.98575,119.01767616994464,88.85898450434709,0.6070378976791185,0.6871385546672416,36.695179440844406,0.008599874908266431,0.4411373718496096,0.09850826934331146,0.623654014940163,0.4421218322533411,0.6500012456197728,0.48952145244634965,0.7788410742226799,0.6588080410401734,48.098344643592895,0.008071369136527255,0.6503944591311441,0.35601510732403213,0.8324056230208505,0.686647380544561,0.8562593620419172,0.7660820948615054
568468736.0,761406720.0,95186643551.75327,167.44393758842222,125.01418893670031,0.7734841668575283,0.6824804843918357,35.91977963022122,0.007269378395845257,0.5475329282715823,0.17474155966779079,0.7688447386709001,0.561567386859358,0.7922090667799515,0.6093251343845218,0.9487356616388266,0.6510816634575124,45.82855827071467,0.007468702584277578,0.7571930593620689,0.4350089202659188,0.9763637564840392,0.8104376139874415,0.9988788715447706,0.8932701252490864
568468736.0,761406720.0,133916464470.1411,235.57401839270383,175.88032907056703,0.9426622782822442,0.673287997926595,34.14614299970259,0.006839270425536389,0.6539284846935547,0.25097484999227104,0.9140354624016389,0.6810129414653749,0.9326393821374276,0.7280341251653244,1.124269183164869,0.6404875034982536,42.434120151738256,0.007053992847161666,0.8639916595929948,0.5140027332078065,1.1203218899472276,0.9342278474303223,1.1397508807436565,1.01912773606542
568468736.0,761406720.0,188404788602.84637,331.42506644876664,247.44303360344176,1.1209187551212223,0.656226184586863,30.9665650403396,0.007653611569003193,0.7603240411155272,0.3272081403167504,1.059226186132376,0.8004584960713901,1.0712611436568429,0.8456347847915305,1.3090335089144818,0.625341591581549,38.12883179170128,0.007264503025346891,0.9707902598239188,0.5929965461496938,1.2642800234104161,1.058018080873203,1.2788181144117572,1.143652621481196
568468736.0,761406720.0,265063481991.77383,466.2762702780788,348.1233814061607,1.3180125491487813,0.6287707072090065,26.673953908191763,0.010579248531666478,0.866719597537498,0.4034414306412289,1.204416909863113,0.9199040506774051,1.208085952391647,0.962131720860186,1.508970597944785,0.6036672014643877,33.42468467860851,0.007972287879317268,1.0775888600548447,0.6719903590915806,1.4082381568736047,1.1818083143160836,1.4160735858558486,1.266863236130993
568468736.0,761406720.0,372913289553.9466,655.9961277341848,489.7688446379178,1.5474450731803853,0.5886910515299645,22.16445210067664,0.026968464851489744,0.9731151539594723,0.47967472096570907,1.3496076335938518,1.0393496052834221,1.3431550140658959,1.0775430900164313,1.7333400649013275,0.5729353121727733,28.864527741970807,0.011401372331637528,1.1843874602857705,0.7509841720334673,1.552196290336795,1.305598547758966,1.5515456265783656,1.3887928864995458
676012032.0,877338624.0,1338043860.2469745,1.9793195933041832,1.525116783467833,-0.9850733514533112,0.6948706139229587,22.104228128596155,0.017881639171074503,-0.8302149851263594,-0.8149569405120087,-1.112783098436692,-0.9887301701687425,-0.9939018685601493,-0.9601779828340634,-0.8169945721142932,0.6527819005701048,28.07164084096713,0.016581271414031082,-0.6405045255423546,-0.6035021950393724,-0.9032646280262924,-0.8072202707236444,-0.7649484011168697,-0.7870214227862069
676012032.0,877338624.0,1882471073.505501,2.7846709590895284,2.145660776819397,-0.8820962186070606,0.7104935958490856,26.7843784818149,0.015525734760604808,-0.7238194287043869,-0.7387236501875285,-0.9675923747059532,-0.8692846155627256,-0.8875597794930369,-0.847512838878295,-0.7134127520768277,0.6677200118894807,32.69422749091657,0.015674272576028176,-0.5337059253114287,-0.5245083820974846,-0.7593064945631021,-0.6834300372807629,-0.6670585593458177,-0.669564607438831
676012032.0,877338624.0,2648416429.2872005,3.9177060524378367,3.0186935315949346,-0.7771146280873287,0.7259647267704955,31.121071811691834,0.016874495674673876,-0.6174238722824144,-0.6624903598630499,-0.8224016509752161,-0.7498390609567096,-0.7683321507698876,-0.7305565409379227,-0.6066956195819753,0.6815552496659529,37.4145883987907,0.01627015320611687,-0.4269073250805037,-0.44551456915559784,-0.6153483610999153,-0.5596398038378823,-0.554873654853474,-0.5462513475479649
676012032.0,877338624.0,3726011879.6177983,5.511753790231056,4.246948416142908,-0.669081611667842,0.7401619436693866,34.256061550419645,0.018399668504307135,-0.5110283158604427,-0.5862570695385707,-0.677210927244479,-0.6303935063506946,-0.6391982201266574,-0.6105232874200816,-0.4958166839474839,0.6933462671942261,41.6984963704865,0.016997186418486132,-0.32010872484957886,-0.3665207562137111,-0.47139022763672683,-0.43584957039500155,-0.43136966706434493,-0.4187582529097334
676012032.0,877338624.0,5242062529.716857,7.754392350396594,5.974959253266452,-0.5560930552577507,0.751290745551587,36.001006317653115,0.019136060509083473,-0.4046327594384711,-0.5100237792140913,-0.5320202035137419,-0.5109479517446784,-0.5028749892138702,-0.48842810772199935,-0.379687616779376,0.7017986067558719,45.07178341693705,0.01732212231069831,-0.2133101246186539,-0.2875269432718244,-0.3274320941735383,-0.3120593369521218,-0.29937919542728975,-0.28848555562114864
676012032.0,877338624.0,7374968318.211653,10.909522270472921,8.406068211823822,-0.43601588574578715,0.7565484951537348,36.83425006396908,0.019069193682244866,-0.29823720301649764,-0.4337904888896111,-0.38682947978300325,-0.39150239713866236,-0.3616835814829261,-0.36509735240145974,-0.2573447200225048,0.7055567102498103,47.358684347258745,0.01707372706581381,-0.10651152438772815,-0.20853313032993667,-0.18347396071034794,-0.1882691035092394,-0.16140308903211945,-0.15656427135133147
676012032.0,877338624.0,10375717074.39427,15.348420713308059,11.826353919184424,-0.30733248738246144,0.7532060509999133,37.27820399959054,0.017992952219678955,-0.1918416465945261,-0.35755719856513263,-0.2416387560522662,-0.27205684253264734,-0.21750947093084325,-0.24118833242395507,-0.1280567612150183,0.7039146384308342,48.701942391696015,0.016211265533035438,0.00028707584319673723,-0.1295393173880499,-0.03951582724715937,-0.0644788700663588,-0.01952704080302445,-0.023882345286731305
676012032.0,877338624.0,14597419292.233927,21.593431183535394,16.638295514314354,-0.16940799994864114,0.7411210963644026,37.557602004765464,0.01590432406383432,-0.08544609017255268,-0.28132390824065245,-0.09644803232152732,-0.15261128792663042,-0.0718235236986715,-0.11721275880166071,0.008588850671911057,0.6975095883491748,49.38522147321666,0.014823803585874025,0.10708567607412248,-0.050545504446162265,0.10444230621602921,0.059311363376521965,0.12458563863334929,0.10888083679458131
676012032.0,877338624.0,20536860099.92934,30.379429844126413,23.40813402959145,-0.02242124402624762,0.7238429883394198,37.704399598836304,0.013420553972864763,0.020949466249418992,-0.20509061791617306,0.04874269140920982,-0.03316573332061342,0.07426564386752668,0.006439490430742717,0.15250232594896343,0.6882485640428924,49.65980792526149,0.01318136443792183,0.2138842763050474,0.02844830849572456,0.24840043967921763,0.18310159681940258,0.2696564488617173,0.24121848449225863
676012032.0,877338624.0,28892958016.795086,42.74030142823713,32.93250431066749,0.13235072251968624,0.7065191126156758,37.742865809069066,0.011562776891194138,0.1273450226713906,-0.12885732759169471,0.1939334151399468,0.08627982128540171,0.21994869853998184,0.12947826840641555,0.30294348768795,0.6783384935304555,49.65683749830821,0.01169874308587525,0.3206828765359724,0.10744212143761131,0.39235857314240613,0.3068918302622832,0.4147340801124232,0.37276288248176975
676012032.0,877338624.0,40649009580.73702,60.130600723889216,46.33217832746073,0.292503335386717,0.6928978302930799,37.6847939156693,0.01084337002492629,0.23374057909336393,-0.05262403726721447,0.3391241388706838,0.20572537589141854,0.3646541461074793,0.2516936730284933,0.4587467137096754,0.6692179458798301,49.3445077426025,0.010696099544596696,0.42748147676689824,0.18643593437949896,0.5363167066055965,0.43068206370516554,0.5591327379923607,0.5032561156609824
676012032.0,877338624.0,57188397911.1577,84.59671604063654,65.18395103867866,0.4553585387868918,0.6838607083863071,37.46845418537127,0.010555009557856682,0.3401361355153356,0.023609253057264943,0.4843148626014209,0.3251709304974338,0.5079942338901738,0.3729394675307563,0.6189221409210175,0.6611430770632354,48.51720425036907,0.010130284076307781,0.534280076997823,0.26542974732138586,0.680274840068785,0.5544722971480462,0.7023750665690996,0.6325255496063471
676012032.0,877338624.0,80457381111.56226,119.01767616994464,91.70618836400648,0.6194445141942211,0.6777101702886843,36.945537199868184,0.009911008590190942,0.4465316919373073,0.09984254338174423,0.6295055863321579,0.4446164851034489,0.6497201160401903,0.49311932206280384,0.7832344804555338,0.6533913693775423,46.854196786074816,0.00972230846816844,0.641078677228748,0.34442356026327264,0.8242329735319734,0.6782625305909251,0.8441433505964188,0.7604638699962107
676012032.0,877338624.0,113194116495.23048,167.44393758842222,129.01987145983725,0.7855062248010306,0.6713215945664902,35.76504251759604,0.009155984123396058,0.5529272483592806,0.17607583370622354,0.7746963100628967,0.5640620397094658,0.7896861060320548,0.6121755999074826,0.9525127667038585,0.6446524252005505,44.08114903915406,0.00934174768370968,0.7478772774596737,0.42341737320516026,0.9681911069951621,0.8020527640338075,0.9842397840256037,0.8870131562697997
676012032.0,877338624.0,159250870860.0571,235.57401839270383,181.51585545612215,0.9564848150479974,0.6612997310326354,33.36954664225126,0.009082523701528048,0.6593228047812523,0.2523091240307029,0.9198870337936338,0.6835075943154809,0.9278219056317261,0.7300803381344769,1.1287924486034757,0.6333422438962358,40.188248828185316,0.009140251335492417,0.8546758776905987,0.5024111861470466,1.1121492404583506,0.9258429974766882,1.122555141084355,1.0121523572050775
676012032.0,877338624.0,224047332625.76575,331.42506644876664,255.37155950604284,1.137173396013312,0.6450074209723179,29.504690129440586,0.010416220282782072,0.7657183612032249,0.32854241435518233,1.0650777575243708,0.8029531489214978,1.0641114181095175,0.8468280666970308,1.3154850954013313,0.6177728537682493,35.52958102731477,0.009449602615323818,0.9614744779215227,0.5814049990889334,1.2561073739215391,1.0496332309195688,1.2590446083775826,1.1358875484451438
676012032.0,877338624.0,315208368944.06525,466.2762702780788,359.27788919967264,1.3339530365022367,0.6209172066927713,24.72643387624739,0.015621440428870027,0.8721139176251973,0.4047757046796616,1.2102684812551097,0.9223987035275147,1.198576795273286,0.9624301358004216,1.5177239769910404,0.596149027807583,30.668396034327927,0.011132304428344977,1.0682730781524503,0.660398812030822,1.4000655073847295,1.1734234643624495,1.3937094301745743,1.2582444178296877
676012032.0,877338624.0,443461275293.71783,655.9961277341848,505.46193130295586,1.554837794906501,0.5880029478535562,20.00660915965615,0.02843068610610129,0.9785094740471699,0.48100899500414096,1.3554592049858467,1.0418442581335299,1.3312665447267733,1.0769102637476935,1.7430842877080401,0.5663698881918159,26.103393937186965,0.016704852606719767,1.1750716783833743,0.7393926249727089,1.544023640847918,1.2972136978053301,1.5265831270368984,1.379262509015501
798470400.0,1008185600.0,1580428107.3934286,1.9793195933041832,1.5675963903803314,-1.0301928913578364,0.6640673057256918,24.982614684605313,0.01929918055027354,-0.8250316729275649,-0.8136748588432332,-1.1071604210862294,-0.9863330998541322,-0.992219330044306,-0.9596743060506859,-0.873848381796456,0.6022151038305429,30.89122388785064,0.018246019126652115,-0.6507256442416169,-0.6156734563322392,-0.9127414809771732,-0.8167006521604119,-0.7719021603727166,-0.7988416904425031
798470400.0,1008185600.0,2223477334.5725994,2.7846709590895284,2.205424610877798,-0.9176952168427627,0.678193630965354,29.371336232821843,0.016280398142978256,-0.7186361165055932,-0.7374415685187539,-0.9619696973554923,-0.8668875452481171,-0.883062540277402,-0.8457297127107684,-0.7600815687868734,0.618383189398362,35.39589677730946,0.016008586563390395,-0.5439270440106929,-0.5366796433903525,-0.7687833475139847,-0.6929104187175313,-0.6716923735011456,-0.6803879469248325
798470400.0,1008185600.0,3128172318.7724605,3.9177060524378367,3.1027742498727027,-0.8031876240693087,0.6912912094074047,33.131477384555005,0.015819391246650744,-0.6122405600836199,-0.6612082781942737,-0.8167789736247535,-0.7474419906421002,-0.7619148977661747,-0.7277960880220526,-0.643345977308081,0.633534802182621,39.86104610935116,0.015037355273513107,-0.4371284437797663,-0.4576858304484648,-0.6248252140507962,-0.5691201852746497,-0.5580380363463265,-0.5562080532432182
798470400.0,1008185600.0,4400972253.587308,5.511753790231056,4.365240143865681,-0.6850403875132259,0.7033330975022669,35.638140050375064,0.015428622234435573,-0.5058450036616482,-0.5849749878697952,-0.6715882498940164,-0.6279964360360841,-0.6317011033339378,-0.607065220572709,-0.522891567201257,0.6472459900593128,43.76951393526554,0.01429013550523923,-0.33032984354884215,-0.37869201750657794,-0.4808670805876076,-0.445329951831769,-0.43387144369754016,-0.4280052843392428
798470400.0,1008185600.0,6191652761.778109,7.754392350396594,6.141381866372728,-0.5615368074967472,0.7138619775820135,37.0218283379169,0.014428964757371746,-0.3994494472396756,-0.5087416975453158,-0.5263975261632794,-0.508550881430069,-0.4950346618268222,-0.4845239287666422,-0.39811921736114175,0.6587672598405097,46.71632454958065,0.01337019644052829,-0.2235312433179173,-0.29969820456469115,-0.33690894712441916,-0.32153971838888834,-0.30192911708355913,-0.29719136118556044
798470400.0,1008185600.0,8710930611.113422,10.909522270472921,8.640205346231312,-0.4318494175558668,0.7212919556192008,37.78393733130963,0.013055767029653706,-0.2930538908177031,-0.4325084072208356,-0.3812068024325406,-0.38910532682405125,-0.35411394520334444,-0.36096844471942924,-0.26863196295895164,0.6670454467698904,48.57496655817871,0.01222690791180644,-0.11673264308699145,-0.22070439162280348,-0.19295081366122876,-0.19774948494600775,-0.16459305985648048,-0.16489799174420597
798470400.0,1008185600.0,12255259626.323372,15.348420713308059,12.155757458074557,-0.2962404562921597,0.723309232737467,38.15737917637859,0.011524238589027527,-0.1866583343957315,-0.3562751168963571,-0.2360160787018035,-0.2696597722180361,-0.2107029997993126,-0.23702662290721344,-0.1341805929247261,0.671152167013439,49.493557698905505,0.010928596937946513,-0.009934042856066558,-0.14171057868091677,-0.04899268019804029,-0.07395925150312713,-0.023829112389171292,-0.03200684333695311
798470400.0,1008185600.0,17241715634.48998,21.593431183535394,17.101727731967188,-0.15525607537532474,0.7185262569284543,38.1500423360335,0.009918868734467068,-0.08026277797375901,-0.2800418265718778,-0.09082535497106645,-0.15021421761202094,-0.06616406766957904,-0.11318288566203073,0.00534845286943442,0.6709838628940401,49.80060071728464,0.00960572075888903,0.09686455737485834,-0.06271676573902998,0.09496545326514644,0.04983098193975351,0.11880751465608255,0.10081297968963658
798470400.0,1008185600.0,24257075499.411556,30.379429844126413,24.060128908220427,-0.009078003719103897,0.7083947488830785,38.02059091389324,0.00842189445870505,0.026132778448213503,-0.20380853624739764,0.05436536875967244,-0.030768663006004005,0.07848539210647426,0.010197273816997832,0.14985803787424518,0.6675755565545896,49.862093636003195,0.008456163924165127,0.20366315760578418,0.016277047202857713,0.23892358672833677,0.17362121538263606,0.26212912270201627,0.23306686373279495
798470400.0,1008185600.0,34126865577.525074,42.74030142823713,33.84978477923616,0.1422444248533051,0.6966418894306303,38.13644530938644,0.007418583284199897,0.1325283348701861,-0.1275752459229191,0.19955609249040943,0.08867689160001112,0.22250929063221936,0.1328449601418461,0.2990520299619318,0.6625332047721174,49.868938253510656,0.00769360238619123,0.31046175783670904,0.09527086014474459,0.3828817201915254,0.2974114488255166,0.405257023268409,0.36439977451973726
798470400.0,1008185600.0,48012504812.24411,60.130600723889216,47.622684565465036,0.29818361827006706,0.6866276203997829,38.40706568733719,0.007095505732513726,0.23892389129215771,-0.051341955598439765,0.3447468162211464,0.20812244620602627,0.36539318990462183,0.25456846781596554,0.4526449275174714,0.6570692704028844,49.66701268429047,0.007393610831835445,0.41726035806763395,0.17426467308663135,0.5268398536547139,0.4212016822683973,0.5475614669094729,0.49456613061449406
798470400.0,1008185600.0,67547973695.65347,84.59671604063654,66.99954224267186,0.4576475391703314,0.6793155227741516,38.378442897909714,0.00707582444622362,0.34531944771413015,0.024891334726040538,0.48993753995188344,0.32756800081204324,0.5067927701423385,0.3752369466049796,0.6106496015879948,0.6514710714920809,48.79808829491764,0.007431519275200402,0.5240589582985598,0.25325848602851897,0.6707979871179042,0.5449919157112779,0.6886071797779272,0.6234048105733284
798470400.0,1008185600.0,95032091498.48616,119.01767616994464,94.26051264616967,0.6201589489295353,0.6731717981315029,37.67679347572995,0.00722819579099765,0.4517150041361026,0.10112462505051979,0.6351282636826205,0.4470135554180601,0.6464916552729782,0.49476696225046723,0.7736178909401384,0.6451744338493601,46.76935485192028,0.007671008239598733,0.6308575585294847,0.33225229897040576,0.814756120581091,0.6687821491541586,0.8281073393339795,0.7508189689970518
798470400.0,1008185600.0,133699027823.80252,167.44393758842222,132.61350670333172,0.7868153411656632,0.6656856978348442,35.92524625581792,0.007888447367230185,0.5581105605580752,0.1773579153749992,0.7803189874133594,0.5664591100240771,0.7843680648224574,0.6131116196644595,0.942828287188079,0.6370985337953292,43.37264574156253,0.008154234260354012,0.7376561587604112,0.41124611191229343,0.9587142540442812,0.792572382597041,0.9658863615110369,0.8767600435580604
798470400.0,1008185600.0,188098880695.62958,235.57401839270383,186.5716795554604,0.9600638557039598,0.6546375906343977,32.68739891635852,0.009366807312729607,0.6645061169800467,0.2535912056994784,0.9255097111440964,0.6859046646300921,0.9203690552843907,0.7302518674134209,1.1204604775098244,0.6259248041673067,38.83301237769824,0.009148179629471537,0.8444547589913353,0.4902399248541798,1.1026723875074698,0.9163626160399216,1.101850681679139,1.0012152561561236
798470400.0,1008185600.0,264633105377.3733,331.42506644876664,262.4845121546799,1.143115972507772,0.6385824272309949,28.010442219188022,0.013000114755488505,0.7709016734020192,0.3298244960239578,1.0707004348748335,0.8053502192361073,1.0544909480832703,0.8461896102149071,1.3098120300782652,0.6102064963964142,33.70365417527607,0.011313567535843911,0.9512533592222611,0.5692337377960666,1.2466305209706583,1.0401528494828005,1.235966272967587,1.1241979459605755
798470400.0,1008185600.0,372307800039.4457,466.2762702780788,369.28498089979234,1.3395356599115023,0.6167628883634458,22.726231708744983,0.02150380288944481,0.8772972298239919,0.4060577863484372,1.2158911586055723,0.9247957738421242,1.1867646366002842,0.9609422944328505,1.515652849895768,0.5883184921350652,28.600006103561043,0.01613605505932422,1.058051959453187,0.6482275507379551,1.3905886544338486,1.163943082925683,1.3682415957839154,1.2457401531347285
798470400.0,1008185600.0,523793490510.36566,655.9961277341848,519.5407378466481,1.553438923648083,0.5886007042363438,17.84541665889655,0.03715213178636014,0.9836927862459645,0.4822910766729165,1.3610818823363093,1.0442413284481393,1.3172446591836353,1.0745386770633492,1.7449125786463116,0.5582762104653985,23.9687521092743,0.026156396724210936,1.164850559684111,0.727221363679842,1.5345467878970354,1.2877333163685636,1.4987148065800222,1.3658869679269035
956354688.0,1182847104.0,1345479090.5277796,1.4068829351812406,1.1374919767549092,-1.1531495080002792,0.8378847860681338,22.279733026228136,0.025286337948444978,-0.9258097945667072,-0.88851868816587,-1.2462575463398249,-1.1031808201708477,-1.089765122558927,-1.0709882502019488,-1.0233887231820558,0.7487548806925858,27.709945327541636,0.027347068322486522,-0.7726865337158273,-0.7111818166610537,-1.0721947075915423,-0.9553451510182862,-0.8733282529311328,-0.9301140390510679
956354688.0,1182847104.0,1892931572.106709,1.9793195933041832,1.6003180510020583,-1.0383912849139463,0.8325471365094146,27.036637885944813,0.025864708955581406,-0.8194142381447346,-0.8122853978413906,-1.1010668226090878,-0.9837352655648326,-0.992133308377801,-0.9608070930545435,-0.9061562166303598,0.7492127624509624,32.32944698557887,0.027823383444881295,-0.6658879334849034,-0.6321880037191671,-0.9282365741283538,-0.8315549175754056,-0.7866959975508026,-0.8186958525200937
956354688.0,1182847104.0,2663133126.262727,2.7846709590895284,2.251460156817298,-0.9226871943616567,0.8235936629521154,31.42878447625961,0.027368834130498468,-0.7130186817227622,-0.7360521075169104,-0.9558760988783508,-0.8642897109588157,-0.8803871572757777,-0.8455668071449712,-0.7871245574088731,0.7466640794258587,37.07589108629612,0.028216310119126585,-0.5590893332539766,-0.5531941907772794,-0.7842784406651635,-0.707764684132524,-0.6845401958876456,-0.6995540861328812
956354688.0,1182847104.0,3746716549.454899,3.9177060524378367,3.1675408738667366,-0.8045504070228172,0.8108945899716776,34.62063900792342,0.02799341161089465,-0.6066231253007895,-0.6598188171924321,-0.8106853751476139,-0.7448441563527997,-0.757550509107398,-0.7266502371859799,-0.6653719180141188,0.7415047842214664,41.43092649187941,0.02768464826997155,-0.4522907330230516,-0.47420037783539243,-0.6403203072019749,-0.5839744506896434,-0.5697432015987186,-0.5747274176042074
956354688.0,1182847104.0,5271191576.389239,5.511753790231056,4.456359201932187,-0.6820351133298289,0.7950841765366501,36.48881111285405,0.026869481473559158,-0.500227568878818,-0.5835855268679527,-0.6654946514168768,-0.6253986017467844,-0.626477036772394,-0.6052250093941336,-0.5401697184281258,0.7344374697486915,44.89545177030263,0.026078951642599536,-0.3454921327921277,-0.39520656489350575,-0.49636217373878816,-0.4601842172467636,-0.44518840942537774,-0.4459652555850865
956354688.0,1182847104.0,7415949476.893121,7.754392350396594,6.269575714236285,-0.5538672046347566,0.7781154773263186,37.51796941017742,0.024072215288167498,-0.3938320124568446,-0.5073522365434724,-0.5203039276861378,-0.5059530471407675,-0.4896681559998146,-0.482248289372566,-0.4111510289789264,0.7262423908131308,47.18342937416229,0.02363590154911075,-0.23869353256120093,-0.316212751951618,-0.3524040402755979,-0.33639398380388125,-0.31351902953369554,-0.31470840093669156
956354688.0,1182847104.0,10433372767.207182,10.909522270472921,8.820559083185769,-0.42020024603883,0.7626211978069697,38.02101140641251,0.02047357754345946,-0.287436456034873,-0.4311189462189939,-0.37511320395540076,-0.38650749253475164,-0.3491969574238369,-0.3584850665487973,-0.27830456899200307,0.7174726011612722,48.29869774136991,0.020746581562837308,-0.13189493233027688,-0.2372189390097313,-0.20844590681240932,-0.21260375036100052,-0.17700588649629917,-0.1821042070447962
956354688.0,1182847104.0,14678534102.568466,15.348420713308059,12.40949405289195,-0.2823563507449913,0.7494955112621215,37.91707914045238,0.01712576816081138,-0.18104089961290132,-0.3548856558945146,-0.22992248022466383,-0.26706193792873645,-0.20670728256273585,-0.23453288721237966,-0.14178533323919779,0.7084242013696714,48.547857467754014,0.017789447205652797,-0.02509633209935208,-0.1582251260678444,-0.06448777334922083,-0.08881351691811984,-0.03750460683933743,-0.04904023000076691
956354688.0,1182847104.0,20650979142.379463,21.593431183535394,17.45870541724678,-0.1413239050668137,0.7374027023247275,37.44155458499099,0.014466166574599778,-0.07464534319092798,-0.2786523655700344,-0.08473175649392489,-0.14761638332271954,-0.06345580568335882,-0.11084824468143872,-0.0016744538356722424,0.6994160268507562,48.46585876515013,0.015038300339382934,0.08170226813157465,-0.07923131312595673,0.07947036011396949,0.034976716524760754,0.10352814787044867,0.0838151300588451
956354688.0,1182847104.0,29053510150.197403,30.379429844126413,24.562354721880777,0.0032751721437549435,0.7252771404765329,37.358533244261665,0.012223368754050182,0.03175021323104373,-0.20241907524555502,0.060458967236812204,-0.028170828716704354,0.07962755824171894,0.012228236709587609,0.1421253472859871,0.6908710273037942,48.52163374549532,0.012644403934388355,0.18850086836249877,-0.0002375001840699378,0.2234284935771562,0.15876694996764137,0.24498713866951238,0.21597209380798243
956354688.0,1182847104.0,40874887637.42767,42.74030142823713,34.55635770608242,0.15232496018868583,0.7134630731038025,37.98257150596762,0.010076566507715719,0.13814576965301534,-0.1261857849210766,0.20564969096754915,0.0912747258893108,0.22187650774269638,0.13444928744327114,0.2898592543588404,0.683024957733281,48.73991116150031,0.010669054594601544,0.29529946859342365,0.07875631275781672,0.36738662704034475,0.28255718341052205,0.3860595798366133,0.3470828047582178
956354688.0,1182847104.0,57506181894.547646,60.130600723889216,48.616749958706116,0.30605954243921135,0.7030119538593216,38.657688793619386,0.008229180786962697,0.24454132607498874,-0.04995249459659636,0.35084041469828803,0.21072028049532762,0.3628306793084152,0.25564169678319904,0.44190525340295855,0.6756688047584006,48.57614652160066,0.009133573000269865,0.40209806882434945,0.15775012569970454,0.5113447605035351,0.40634741685340453,0.5261666630614361,0.4769099767153796
956354688.0,1182847104.0,80904465974.86755,84.59671604063654,68.39807588087696,0.4640781110215777,0.6940563776973304,38.44971263061581,0.007217023225854684,0.3509368824969603,0.026280795727882993,0.4960311384290251,0.3301658351013445,0.5021867682514127,0.3756902463815901,0.5988555838330141,0.6681433886633248,47.262672028688364,0.008054642299358627,0.5088966690552743,0.23674393864159132,0.6553028939667236,0.5301376502962833,0.6649114971414443,0.6053011027085328
956354688.0,1182847104.0,113823112559.99243,119.01767616994464,96.22808575603734,0.6264966034751505,0.6851149074377848,36.918731884807265,0.007163608952641917,0.4573324389189328,0.10251408605236151,0.6412218621597621,0.4496113897073597,0.6397589848773033,0.4945246064093329,0.7616927579698906,0.6594728428293718,44.42971440965294,0.007464198931799784,0.6156952692861992,0.31573775158347805,0.799261027429912,0.653927883739164,0.8020355822911607,0.7321677794395179
956354688.0,1182847104.0,160135794689.867,167.44393758842222,135.38165173532607,0.7947445570598153,0.6742255680538712,34.09229073213555,0.00781023074053978,0.5637279953409062,0.17874737637684165,0.7864125858905009,0.5690569443133766,0.775448028779972,0.6121088059668093,0.9320250961592776,0.6484968342943959,40.36090731910105,0.007521441332205598,0.7224938695171259,0.3947315645253662,0.9432191608931006,0.7777181171820464,0.9373838497734158,0.8574694332934998
956354688.0,1182847104.0,225292316860.86053,235.57401839270383,190.46613556307994,0.9711151832963758,0.6598980045479449,30.17572953007255,0.009850914870036651,0.670123551762877,0.25498066670132097,0.9316033096212378,0.6885024989193917,0.9092172537345685,0.7284328679723587,1.1123245708548561,0.6339292212363261,35.67383753629215,0.00889557058728235,0.8292924697480499,0.47372537746725296,1.0871772943562892,0.9015083506249272,1.0708773257622475,0.9812006799012181
956354688.0,1182847104.0,316959916018.9895,331.42506644876664,267.96355585361397,1.1575912525422805,0.6414303848418795,25.537114138601442,0.015710946950288587,0.7765191081848494,0.33121395702579953,1.076794033351975,0.8079480535254068,1.0410746279513707,0.8435062198417687,1.3061537928112235,0.6143414882002345,30.93162436150229,0.013099507477246428,0.9360910699789758,0.5527191904091397,1.2311354278194777,1.0252985840678077,1.2024921541877736,1.1033816040076179
956354688.0,1182847104.0,445925496983.59576,466.2762702780788,376.99335398093496,1.354522121280051,0.6190856697480795,20.817042523706256,0.02849469586669525,0.8829146646068221,0.4074472473502797,1.2219847570827138,0.9273936081314238,1.1710592321597093,0.9573525395200705,1.518458262227999,0.5881049621423163,26.50488549050804,0.022217246968495075,1.0428896702099015,0.6317130033510265,1.375093561282668,1.1490888175106884,1.3322437139730463,1.2240503442549444
1125938688.0,1360819712.0,1125938688.0,1.0,0.827397397371034,-1.1668651869357047,1.2019653605774128,19.079110233765,0.018845560304606025,-1.0271230208040802,-0.9634948745162037,-1.3859351345077169,-1.22027600452184,-1.1783245466789922,-1.180205378903381,-1.0586176711657866,1.0658697322539732,24.12975613000957,0.01832043822174334,-0.8912356856086792,-0.8035162320142226,-1.2276557512398423,-1.0903689783562953,-0.9626694360864844,-1.0502137086958434
1125938688.0,1360819712.0,1584063926.207555,1.4068829351812406,1.1640512789746795,-1.0698651704256024,1.1196462082708163,23.933348857449353,0.015298345001777423,-0.9207274643821078,-0.8872615841917244,-1.240744410776978,-1.100830449915823,-1.0942714257271473,-1.0750020600829986,-0.9547739489058149,1.0060309496296584,28.63685502408437,0.01678479393912988,-0.7844370853777534,-0.7245224190723349,-1.0836976177766537,-0.9665787449134138,-0.8911134909030233,-0.9484908157870512
1125938688.0,1360819712.0,2228592506.017606,1.9793195933041832,1.6376838800653748,-0.9686153533628173,1.0449492650560819,28.840592525779318,0.018857085240366236,-0.8143319079601352,-0.8110282938672451,-1.095553687046241,-0.981384895309807,-0.9939024360781766,-0.9634389028014823,-0.8482134350407423,0.951282710636376,33.45185266397846,0.01917432643007963,-0.6776384851468285,-0.6455286061304482,-0.9397394843134652,-0.8427885114705331,-0.8020534855615145,-0.8366668716744912
1125938688.0,1360819712.0,3135368766.1889653,2.7846709590895284,2.304029504085377,-0.8633458331662993,0.9787659245571338,32.78615773516461,0.02206584986398484,-0.7079363515381636,-0.7347950035427657,-0.950362963315504,-0.8619393407037919,-0.8801821362063922,-0.847098595615811,-0.7384622775089309,0.9013661228156582,38.0840789389358,0.021444728972160664,-0.5708398849159035,-0.5665347931885615,-0.7957813508502767,-0.7189982780276525,-0.6981308523137386,-0.7170721795854342
1125938688.0,1360819712.0,4411096812.651517,3.9177060524378367,3.2414997914518136,-0.753592735645709,0.9201593267421001,35.24523149641169,0.023365580025835078,-0.6015407951161901,-0.6585617132182865,-0.8051722395847669,-0.7424937860977749,-0.7561208055464772,-0.7273516858271304,-0.6249097535834108,0.8564037822036844,41.993169104093774,0.022433191443347364,-0.46404128468497774,-0.4875409802466737,-0.6518232173870863,-0.5952080445847701,-0.5822471623728055,-0.5918047040700142
1125938688.0,1360819712.0,6205896831.151783,5.511753790231056,4.560410740987108,-0.6383936685324211,0.8684273290126748,36.55031240815177,0.02283360981970231,-0.4951452386942185,-0.5823284228938072,-0.6599815158540299,-0.6230482314917599,-0.6245022047089848,-0.6053444730890032,-0.507016912858006,0.8168974145763195,44.83373565690915,0.02214838216881752,-0.35724268445405283,-0.40854716730478685,-0.507865083923898,-0.47141781114189124,-0.45724420568179946,-0.4626567992938369
1125938688.0,1360819712.0,8730970349.242777,7.754392350396594,6.415964048911996,-0.5169056403782977,0.824710674800557,37.27936355954658,0.020988622440765235,-0.388749682272247,-0.5060951325693277,-0.5147907921232928,-0.5036026768857447,-0.4877294415031636,-0.48200838675496943,-0.3845087889861198,0.7834284425749035,46.56667876088716,0.020932234280468684,-0.25044408422312786,-0.3295533543629002,-0.3639069504607093,-0.3476275776990105,-0.3256874191285773,-0.33109752615863214
1125938688.0,1360819712.0,12283453191.923061,10.909522270472921,9.026510333150627,-0.38921141861486164,0.7909336431276605,37.637913931676096,0.01864130631561884,-0.2823541258502735,-0.4298618422448475,-0.369600068392554,-0.3841571222797278,-0.34777048423253054,-0.3580815432773892,-0.2573923892204195,0.7562199083618018,47.39903270491685,0.019192064891233845,-0.14364548399220212,-0.25055954142101244,-0.21994881699752078,-0.2238373442561281,-0.18975548219757465,-0.19829068720844703
1125938688.0,1360819712.0,17281380680.8141,15.348420713308059,12.699243351946755,-0.25633310160341727,0.7668352228323667,37.61214479744289,0.016550984726581647,-0.17595856942830196,-0.353628551920369,-0.224409344661817,-0.2647115676737108,-0.20617069804693985,-0.23413556463675167,-0.1257562023927872,0.7348736547271395,47.692356133631684,0.017295396919037486,-0.03684688376127717,-0.17156572847912563,-0.07599068353433225,-0.1000471108132475,-0.051212748564437395,-0.06513153523502545
1125938688.0,1360819712.0,24312879576.20813,21.593431183535394,17.86634876156771,-0.11888457960320009,0.7493688077401898,37.504572993715385,0.014909786939387298,-0.06956301300633026,-0.2773952615958896,-0.07921862093107984,-0.14526601306769574,-0.06410153178919265,-0.11060313984934948,0.010421179073847093,0.7184364520337184,47.82849969925889,0.015504961231009601,0.06995171646964762,-0.0925719155372389,0.06796744992885626,0.023743122629633098,0.08856591753984311,0.0677098891771713
1125938688.0,1360819712.0,34205375380.88374,30.379429844126413,25.13586118664611,0.023398131770386698,0.7352548376230438,37.75161206755711,0.013409687973508453,0.03683254341564311,-0.2011619712714095,0.06597210279965895,-0.025820458461678835,0.07757711121564632,0.01219625742158759,0.1512606303468454,0.7056507693959347,47.95967356416043,0.013943665366233753,0.17675031670057353,-0.013578102595351242,0.21192558339204653,0.14753335607251392,0.22854403643022148,0.19974608610270933
1125938688.0,1360819712.0,48122958914.83384,42.74030142823713,35.36321416457689,0.1707517256677383,0.7227612879920732,38.24251636192459,0.011932542004772851,0.14322809983761473,-0.124928680946931,0.21116282653039606,0.09362509614433641,0.21825439780846503,0.13403372925330698,0.2969355558532411,0.6951787963796205,47.792574785993665,0.012619807884495854,0.2835489169314984,0.06541571034653565,0.35588371685523507,0.27132358951539454,0.36796413959275437,0.33063382195862123
1125938688.0,1360819712.0,67703369687.70767,60.130600723889216,49.75190254130275,0.3230784034737065,0.711361852729937,38.267712156717124,0.010743194352741974,0.24962365625958727,-0.04869539062245164,0.35635355026113297,0.21307065075035153,0.3575127740577104,0.254751771405621,0.44778892310182733,0.6857195590305022,46.69738197299981,0.011482413118427516,0.39034751716242333,0.1444095232884223,0.4998418503184219,0.3951138229582751,0.5062905405200718,0.46014167783657967
1125938688.0,1360819712.0,95250715467.90286,84.59671604063654,69.99510267815907,0.4803684170788532,0.7003861204383912,37.09285063846213,0.009966948035552526,0.35601921268155984,0.02753789970202867,0.5015442739918718,0.33251620535636844,0.49508132537711524,0.3742484455871411,0.6045550241071032,0.6760253683884935,44.219425453319445,0.010465676420274605,0.4971461173933491,0.2234033362303101,0.6437999837816122,0.5189040564011576,0.6431591756969661,0.5881235262883893
1125938688.0,1360819712.0,134006606155.59633,119.01767616994464,98.47491550416072,0.6435303294504111,0.6884284607341065,34.54132634541434,0.009473246544310976,0.46241476910353235,0.1037711900265071,0.6467349977226089,0.45196175996238347,0.6307983811937621,0.49246456462939814,0.7685766377531171,0.6648493978265871,40.51137129283522,0.009618774207593639,0.603944717624274,0.30239714917219684,0.7877581172448006,0.6426942898440382,0.7783360703511403,0.7144973920895632
1125938688.0,1360819712.0,188531607401.862,167.44393758842222,138.5426781662184,0.8147928610504537,0.6739033722907575,31.01038706856468,0.01005953248671732,0.5688103255255048,0.18000448035098732,0.7919257214533477,0.5714073145684004,0.764582354282163,0.6093734596276135,0.9420169311994053,0.6508695616942137,36.16501862647371,0.009587779924625377,0.7107433178551998,0.3813909621140841,0.931716250707991,0.7664845232869189,0.9116841855091592,0.8392289007066919
1125938688.0,1360819712.0,265241901195.9688,235.57401839270383,194.91332970635924,0.9969729879534218,0.6556028555824057,26.92705840284387,0.0140155559186808,0.6752058819474772,0.25623777067546666,0.9371164451840848,0.6908528691744173,0.8964094355861218,0.7249728944654211,1.1281020449828596,0.6326142875665323,31.753945189840262,0.012200060211115008,0.8175419180861256,0.4603847750559708,1.0756743841711796,0.8902747567297994,1.0431376041654956,0.9623184858915848
1125938688.0,1360819712.0,373164304487.63715,331.42506644876664,274.2202374032315,1.1918490652889415,0.6331409513955293,22.64897272539125,0.022107713713162374,0.781601438369448,0.332471060999946,1.0823071689148218,0.8102984237804325,1.0262967671024712,0.839278728056996,1.3314445019887824,0.6083835708350033,27.623649566393073,0.01934620049018385,0.9243405183170496,0.5393785879978575,1.2196325176343663,1.0140649901726801,1.1726817786958235,1.0837915989106834
1338278400.0,1589936640.0,1338278400.0,1.0,0.8417180699729016,-1.0234942326805092,1.1797659313458875,21.70105214033858,0.0213463833225127,-1.0217441934006977,-0.962164432561544,-1.3801003690424842,-1.2177885164058324,-1.1881035425860151,-1.1878099826259116,-0.9252565959259175,1.05130932994283,26.339841721716166,0.02429459249213661,-0.906928835426652,-0.8202852717555973,-1.2439952668490957,-1.1059094813204489,-0.991429038218156,-1.0747200119702396
1338278400.0,1589936640.0,1882801043.4816544,1.4068829351812406,1.1841987888785646,-0.9578037216364639,1.082705182002528,26.4358535024608,0.01886975469239898,-0.915348636978726,-0.8859311422370646,-1.2349096453117472,-1.0983429617998164,-1.100845191743006,-1.0809407434321185,-0.8502232165191856,0.981660202508026,30.75310058553955,0.02230339577982073,-0.8001302351957271,-0.7412914588137105,-1.1000371333859071,-0.9821192478775682,-0.9172371555725396,-0.973436183965654
1338278400.0,1589936640.0,2648880658.415773,1.9793195933041832,1.6660290679355454,-0.8811035381437204,0.9987226650188888,30.80471005740612,0.019030145806032905,-0.8089530805567543,-0.8096978519125853,-1.0897189215810101,-0.9788974071938011,-0.9979710440217361,-0.9679940265779452,-0.7672592996981143,0.9205630110552494,35.26238003127508,0.020788062934524256,-0.6933316349648022,-0.6622976458718236,-0.9560789999227186,-0.8583290144346886,-0.8260431727835534,-0.8617801529971034
1338278400.0,1589936640.0,3726664995.6568,2.7846709590895284,2.343907865194427,-0.7943946458809157,0.9300432666547105,33.94653681656353,0.018334274614042807,-0.702557524134781,-0.7334645615881059,-0.9445281978502713,-0.8594518525877842,-0.8824965478725594,-0.8505545655491179,-0.676597899917056,0.8683179734758755,39.36115163148897,0.019009747946933584,-0.5865330347338763,-0.5833038329299362,-0.8121208664595301,-0.734538780991806,-0.7205801997550915,-0.7421715984610506
1338278400.0,1589936640.0,5242981387.526824,3.9177060524378367,3.297603977179131,-0.6986521298404146,0.8757821409859565,35.702140443357,0.01635360633480673,-0.5961619677128093,-0.6572312712636265,-0.7993374741195343,-0.7400062979817692,-0.7574057305843035,-0.729980165767307,-0.5784167745254641,0.8248761994758514,42.60389174212337,0.0169323957200167,-0.4797344345029515,-0.5043100199880494,-0.6681627329963415,-0.6107485475489253,-0.6037696746857345,-0.6167880001346474
1338278400.0,1589936640.0,7376261043.584353,5.511753790231056,4.639342762479109,-0.5942740528416798,0.8333619033434704,36.58145631943144,0.013882368458342188,-0.4897664112908369,-0.5809979809391472,-0.6541467503887973,-0.6205607433757532,-0.6254067685746512,-0.6073955109572,-0.4728679835785923,0.7899651149315098,44.83078053159891,0.014821879737627754,-0.37293583427202753,-0.4253162070461624,-0.524204599533153,-0.4869583141060446,-0.47841900311615804,-0.48748626965161407
1338278400.0,1589936640.0,10377535787.660994,7.754392350396594,6.527012162988453,-0.4813388849302372,0.8007310626627131,37.10922632125862,0.011853516053370627,-0.3833708548688644,-0.504764690614668,-0.5089560266580584,-0.5011151887697373,-0.4888042789772737,-0.4837061658861794,-0.36012230607800894,0.7629985027974687,46.18412805164659,0.012985247004298598,-0.2661372340411008,-0.3463223941042748,-0.3802464660699627,-0.36316808066316414,-0.3470269265776597,-0.3557841419025709
1338278400.0,1589936640.0,14599978008.892868,10.909522270472921,9.182742029828853,-0.3602389532083171,0.7767766456666874,37.48432858736765,0.010760371100602354,-0.2769752984468928,-0.4285314002901885,-0.36376530292732134,-0.3816696341637202,-0.3494642877056897,-0.35962336926632327,-0.24037205347723484,0.7428619264848307,46.94052720279793,0.01161416357592051,-0.1593386338101767,-0.26732858116238806,-0.23628833260677412,-0.23937784722028346,-0.21169226559611745,-0.22287974831917795
1338278400.0,1589936640.0,20540459914.73277,15.348420713308059,12.919043059937765,-0.23171922938011036,0.7594353410120392,37.723348764000214,0.010338860810630717,-0.17057974202492018,-0.35229810996570926,-0.21857457919658432,-0.26222407955770516,-0.2088383813591568,-0.23569288996163656,-0.11386286172655927,0.7279289421889134,47.34473535491514,0.010715324909973104,-0.05254003357925184,-0.18833476822050127,-0.09233019914358563,-0.11558761377740275,-0.07409969116243402,-0.0896909247256798
1338278400.0,1589936640.0,28898022534.81185,21.593431183535394,18.175581219898078,-0.09644181491492629,0.7459425178132597,37.881820933882,0.010001047950505439,-0.06418418560294767,-0.27606481964122986,-0.07338385546584544,-0.14277852495168822,-0.06801774723937,-0.11232371729631609,0.0190195221435151,0.7164482133253287,47.50693457307688,0.010151764348974924,0.05425856665167488,-0.10934095527861355,0.05162793431960297,0.008202619665479562,0.0644478666970066,0.04309868961949721
1338278400.0,1589936640.0,40656134764.70975,30.379429844126413,25.57091505527525,0.0448588305664368,0.7345366982842821,38.01489842203935,0.009521889603764874,0.042211370819024825,-0.19983152931675055,0.0718068682648916,-0.023332970345673054,0.07220318489117156,0.010185717042623036,0.1577876114516488,0.7068984784240241,47.324853834374586,0.009746657538800128,0.16105716688259877,-0.03034714233672674,0.1955860677827914,0.13199285310835862,0.20297489316186648,0.17499451826337425
1338278400.0,1589936640.0,57198422210.8989,42.74030142823713,35.975284028235805,0.19143299173931286,0.7241398878216313,37.99445509166591,0.0090309117014499,0.14860692724099642,-0.12359823899227118,0.21699759199562857,0.096112584260342,0.21126523059094635,0.13162479217468825,0.3021354066381292,0.6980073254842233,46.46797860643068,0.009345784109526467,0.26785576711352377,0.04864667060516012,0.33954420124598,0.2557830865512392,0.34077342845238784,0.3056507795848872
1338278400.0,1589936640.0,80471484127.8053,60.130600723889216,50.61301318762319,0.3429577519308969,0.7135930422999716,37.39388140972532,0.008568900940518565,0.2550024836629698,-0.047364948667791874,0.36218831572636745,0.2155581388663589,0.34879059729556794,0.25185163907386354,0.4522762717390499,0.688646371603853,44.53526892199085,0.00883925340841008,0.37465436734444957,0.12764048354704766,0.4835023347091703,0.3795733199941215,0.47734679756215126,0.4348365168526754
1338278400.0,1589936640.0,113213957788.1174,84.59671604063654,71.20658455177019,0.49983034221831246,0.701589756533269,35.622546024812344,0.008066195870668908,0.3613980400849415,0.028868341656687575,0.5073790394571045,0.3350036934723742,0.4845384174131269,0.3707775543394251,0.6091342971470538,0.6777933451304726,41.36378364962306,0.008296404087256798,0.4814529675753744,0.20663429648893442,0.6274604681723588,0.5033635534370022,0.6123610058386743,0.5624079696305732
1338278400.0,1589936640.0,159278785236.43164,119.01767616994464,100.1793286784256,0.6637089159012005,0.6868658257883493,32.424550036172114,0.00840343659587583,0.467793596506914,0.10510163198116675,0.6525697631878415,0.45444924807839104,0.6183693881580888,0.4883544729941793,0.7744548931856476,0.6644745253399906,37.20934125548866,0.00846432082831246,0.5882515678063003,0.2856281094308218,0.7714186016355457,0.6271537868798829,0.7456048667373482,0.6882866562272236
1338278400.0,1589936640.0,224086604885.53354,167.44393758842222,140.94058797558972,0.8376962530707608,0.6684787878415323,28.116387735518398,0.012101626125863825,0.5741891529288865,0.18133492230564704,0.7977604869185786,0.573894802684408,0.7502183563457526,0.6045650298299321,0.9509863603145943,0.647621468086214,32.599201540467035,0.011115119267694202,0.695050168037226,0.36462192237270846,0.9153767350987358,0.7509440203227634,0.876958378796934,0.8124422910192837
1338278400.0,1589936640.0,315263620416.15826,235.57401839270383,198.28690809726749,1.0254544161681485,0.645840299466375,23.344979895612592,0.019447441582528154,0.680584709350859,0.25756821263012547,0.9429512106493156,0.693340357290423,0.8800734349927847,0.7194147492842939,1.1427950554415984,0.6258889758415846,28.047038543782296,0.01744886786694828,0.80184876826815,0.4436157353145953,1.0593348685619244,0.8747342537656441,1.0063682132272336,0.9348796396210722
1338278400.0,1589936640.0,443539007646.9491,331.42506644876664,278.96646727189653,1.2296158622007325,0.6187646870938246,18.816509756395615,0.027329240468803067,0.7869802657728296,0.3338015029546049,1.0881419343800527,0.8127859118964383,1.0079602987408114,0.8329259558108315,1.3557982599501095,0.5974630414627982,23.892639642826506,0.027426886709165297,0.9086473684990759,0.522609548256482,1.203293002025113,0.9985244872085247,1.1338290202929342,1.055628501801587
1608122368.0,1876557824.0,1608122368.0,1.0,0.8569532723335894,-0.9448691577525112,0.9362244193209737,23.48098489957245,0.01934979696307828,-1.0160255034786299,-0.9607499263081487,-1.373896932501152,-1.2151438557477618,-1.200442466743182,-1.1978390759870534,-0.8517621588456004,0.879417505775916,27.524834325495867,0.0200111392042738,-0.9237507128612226,-0.8382254626636496,-1.2615426048341547,-1.1225856775392655,-1.027698910190774,-1.1020080008638884
1608122368.0,1876557824.0,2262439917.2224474,1.4068829351812406,1.2056329350938495,-0.8983693901275726,0.9006511799914579,27.84085363297747,0.017391280543681283,-0.9096299470566582,-0.8845166359836704,-1.228706208770415,-1.0956983011417467,-1.1102222034486078,-1.089293843336702,-0.7948580295400232,0.8564632294303341,31.65762831279251,0.019102442030608995,-0.8169521126302977,-0.7592316497217628,-1.1175844713709662,-0.9987954440963849,-0.9508908789378857,-1.0018664695348618
1608122368.0,1876557824.0,3182988111.41312,1.9793195933041832,1.696184402476009,-0.8359847304988518,0.8700612534045833,31.565234772254676,0.0188350295018839,-0.8032343906346857,-0.8082833456591909,-1.083515485039678,-0.9762527465357307,-1.0050808108360467,-0.9749548590232707,-0.7258960138495724,0.8357176371568102,35.74299733159197,0.019395281556112285,-0.7101535123993727,-0.680237836779876,-0.9736263379077776,-0.8750052106535042,-0.8575289819220582,-0.8909591300919585
1608122368.0,1876557824.0,4478091656.831883,2.7846709590895284,2.3863328907640864,-0.7587858712165766,0.8452992093249866,34.02370480648375,0.019571097672134257,-0.6968388342127132,-0.7320500553347107,-0.9383247613089392,-0.8568071919297138,-0.8880683937945584,-0.8564091378443828,-0.645542401204188,0.81704256242487,39.29146045548356,0.019226624187042685,-0.6033549121684469,-0.6012440238379884,-0.8296682044445873,-0.7512149772106236,-0.7504448785821004,-0.7718017210607235
1608122368.0,1876557824.0,6300150734.174266,3.9177060524378367,3.357291021677713,-0.668716994624557,0.8251158586810756,35.2867518089758,0.018414695740523877,-0.5904432777907407,-0.6558167650102313,-0.7931340375782021,-0.7373616373236986,-0.7621334174373359,-0.7350018705984012,-0.554626093229541,0.8000696695938434,41.942709613723444,0.018094324434565382,-0.496556311937522,-0.5222502108961016,-0.6857100709814006,-0.627424743767743,-0.6325893591860139,-0.6466646698200612
1608122368.0,1876557824.0,8863574556.979342,5.511753790231056,4.723315446835568,-0.5674811248943663,0.8073755626441982,35.888622200193694,0.015772072333457968,-0.48404772136876906,-0.5795834746857528,-0.647943313847465,-0.6179160827176826,-0.6299057194790243,-0.611836253524086,-0.4538955893953623,0.7844685056858837,43.65590982336531,0.016126527435359105,-0.3897577117065971,-0.44325639795421473,-0.5417519375182119,-0.5036345103248623,-0.5067461822167142,-0.5174857151427434
1608122368.0,1876557824.0,12470011788.920856,7.754392350396594,6.645151899630915,-0.45614160033632206,0.79105442345009,36.29597914648535,0.012561654555483184,-0.3776521649467965,-0.5033501843612728,-0.5027525901167261,-0.4984705281116657,-0.4935933673854795,-0.4877921455634182,-0.3439858265085087,0.7700321425559108,44.65265238382021,0.013701667924237677,-0.2829591114756713,-0.36426258501232706,-0.39779380405502174,-0.3798442768819798,-0.3753579350729435,-0.3858476612937816
1608122368.0,1876557824.0,17543846787.341652,10.909522270472921,9.348950809277941,-0.3357498155267118,0.7758067490493107,36.65701365315852,0.009766494003251323,-0.2712566085248241,-0.4271168940367933,-0.3575618663859892,-0.3790249735056505,-0.35496497457592135,-0.36355408681948426,-0.2255799190765546,0.7566367750912736,45.19305644957052,0.011266015391416721,-0.17616051124474638,-0.28526877207044027,-0.2538356705918332,-0.2560540434390992,-0.24045282353494432,-0.2529979356771894
1608122368.0,1876557824.0,24682138662.545204,15.348420713308059,13.152879355421986,-0.20744575930462683,0.7611451838322776,36.91925177986388,0.007870288315480568,-0.16486105210285237,-0.3508836037123148,-0.21237114265525212,-0.2595794188996355,-0.21538379743641034,-0.23964216935980573,-0.09955874071312087,0.7442619033130637,45.40649078081532,0.009216625287988214,-0.06936191101382151,-0.20627495912855354,-0.10987753712864469,-0.13226380999621856,-0.1036432091774552,-0.11988980767329782
1608122368.0,1876557824.0,34724879688.11198,21.593431183535394,18.504561513640827,-0.07219092065318375,0.7474316669068075,37.02585931055614,0.006769856624736794,-0.05846549568087898,-0.2746503133878346,-0.06718041892451328,-0.14013386429361854,-0.07586607501488932,-0.11644183817671246,0.03308219089752532,0.7329257118491118,45.24496396245738,0.007799378196315406,0.03743668921710433,-0.12728114618666592,0.03408059633454376,-0.008473576553337966,0.033834518835457864,0.012768891654614062
1608122368.0,1876557824.0,48853840659.42644,30.379429844126413,26.033751816552837,0.06907043165072614,0.7355205314606312,36.92333930468369,0.006295490337424872,0.04793006074109262,-0.1984170230633553,0.07801030480622377,-0.02068830968760334,0.06285459016224534,0.005769395784288509,0.1715431083487727,0.7223986214260378,44.50191291710915,0.00704067565469537,0.14423528944802916,-0.04828733324477904,0.1780387297977323,0.11531665688954267,0.1710622047811524,0.14446801912236604
1608122368.0,1876557824.0,68731634741.81047,42.74030142823713,36.626441169451795,0.21555949357837131,0.7251534162239184,36.40499316086211,0.006304019020686649,0.1543256171630643,-0.12218373273887595,0.2232010285369608,0.09875724491841355,0.20026686499575005,0.12679910642135114,0.3155310814940222,0.7120123658002656,42.88119438613635,0.006777472815448309,0.25103388967895407,0.03070647969710764,0.3219968632609209,0.23910689033242347,0.3073792476797425,0.2748525744003242
1608122368.0,1876557824.0,96697364025.36324,60.130600723889216,51.52911505772136,0.36690700535370757,0.7148812403465155,35.00158919083145,0.006563665631222513,0.2607211735850376,-0.04595044241439659,0.3683917522676996,0.21820279952443047,0.3360297547326002,0.24652101618264452,0.46540313520977655,0.7008080647962829,40.15748144985836,0.006856144467121204,0.35783248990987987,0.10970029263899539,0.4659549967241112,0.36289712377530586,0.44232693311405397,0.4036868981993094
1608122368.0,1876557824.0,136041871324.292,84.59671604063654,72.49543263969893,0.5234374935517551,0.7028793003527035,32.204999283412796,0.007230566398574016,0.36711673000700934,0.030282847910082816,0.5135824759984366,0.3376483541304455,0.4699302040209021,0.3648596470773922,0.6222148972603859,0.6877839773143172,36.38116502293175,0.00744200970073601,0.4646310901408049,0.1886941055808821,0.6099131301872998,0.4866873572181847,0.5756010630519638,0.530825642254122
1608122368.0,1876557824.0,191394987236.26852,119.01767616994464,101.99258705937352,0.6869262115579018,0.6874576991600977,28.00526651798889,0.00945744792967286,0.4735122864289809,0.10651613823456199,0.6587731997291737,0.4570939087364607,0.6018496387241171,0.4817780766321103,0.7878584766685265,0.6719528163245676,31.939261992113742,0.009187085018399222,0.5714296903717289,0.2676879185227685,0.7538712636504883,0.6104775906610654,0.7070134872685847,0.6561908178841667
1608122368.0,1876557824.0,269270341421.93774,167.44393758842222,143.49163024881975,0.8610738478158809,0.6673629655449865,23.10593781684073,0.013972099155730023,0.5799078428509552,0.1827494285590414,0.8039639234599106,0.5765394633424777,0.7317381660693038,0.5972682862070251,0.9653777391907762,0.6522082810496678,27.376399010037368,0.012787615681727314,0.6782282906026547,0.3466817314646571,0.8978293971136768,0.7342678241039478,0.8364618125634418,0.7797539699679077
1608122368.0,1876557824.0,378831848296.95044,235.57401839270383,201.87592593840074,1.0509696966780115,0.6417577410540696,18.435334733130553,0.019225124330000367,0.6863033992729259,0.2589827188835208,0.9491546471906479,0.6959850179484928,0.8595950017652499,0.7113436216374637,1.1594704197111207,0.6271129588095383,23.144434487235394,0.018371804349623676,0.7850268908335806,0.42567554440654387,1.0417875305768654,0.8580580575468284,0.9639060517281939,0.901522509809203
1911894528.0,2197107200.0,1911894528.0,1.0,0.8701871843121719,-0.968151858592446,0.7436087924530365,24.009399158961138,0.015981329676604927,-1.010638567440655,-0.9594174786993102,-1.3680533710702676,-1.2126526177192414,-1.2142587958277047,-1.20925581474954,-0.8769495161106565,0.7081695902151088,27.54240932110221,0.01625733813382737,-0.9403015877755472,-0.8556984299460731,-1.2789734550661578,-1.1390846904510514,-1.0686697412126136,-1.1287178961147701
1911894528.0,2197107200.0,2689811785.3095927,1.4068829351812406,1.2242515000222076,-0.9119179304483761,0.7449573290193101,28.475856259186624,0.015509484734245647,-0.9042430110186834,-0.8831841883748309,-1.2228626473395305,-1.0932070631132254,-1.1216341597019055,-1.099212718984899,-0.8110626607541527,0.7140129976094955,31.959411746711798,0.016468411432845553,-0.8335029875446223,-0.7767046170041865,-1.135015321602971,-1.0152944570081708,-0.9895537992274074,-1.030493003369044
1911894528.0,2197107200.0,3784250299.6014533,1.9793195933041832,1.7223785437512804,-0.8414450514948434,0.7488277254490001,32.22368591121928,0.0166084182522549,-0.79784745459671,-0.8069508980503515,-1.0776719236087917,-0.9737615085072093,-1.0146868592928644,-0.9836263645653296,-0.7345324081134182,0.7207009731388578,36.22461718091216,0.017079805154516507,-0.7267043873136965,-0.6977108040622988,-0.9910571881397807,-0.8915042235652892,-0.8942083415585504,-0.9210069027684283
1911894528.0,2197107200.0,5323997168.963781,2.7846709590895284,2.423184981125992,-0.7573790199475215,0.7531860175773651,34.59125445260432,0.017135434031815305,-0.6914518981747384,-0.7307176077258721,-0.9324811998780547,-0.8543159539011934,-0.896487314552098,-0.8640868059568381,-0.6479255684827419,0.7265780121889656,39.70984046958517,0.017144170603419457,-0.6199057870827714,-0.6187169911204121,-0.8470990546765922,-0.7677139901224086,-0.7855664202187965,-0.8028636101336744
1911894528.0,2197107200.0,7490240763.968381,3.9177060524378367,3.4091375987336354,-0.6616350030611831,0.7550777004606275,35.48052699138357,0.016347658356150117,-0.5850563417527667,-0.6544843174013927,-0.7872904761473176,-0.7348703992951782,-0.769947956970946,-0.741928803157007,-0.5519846775337378,0.729839291859742,42.00444598534441,0.01643894416980658,-0.5131071868518466,-0.5397231781785253,-0.7031409212134037,-0.643923756679528,-0.6666205405033732,-0.678429380268328
1911894528.0,2197107200.0,10537891911.226017,5.511753790231056,4.7962575113431045,-0.5560434031091408,0.7524276784469803,35.644231157216325,0.014533191984404637,-0.47866078533079337,-0.5782510270769134,-0.6420997524165789,-0.6154248446891611,-0.6376296259643038,-0.6182370941209677,-0.4474294859590326,0.7293007447450629,43.21603447985795,0.015138783389632818,-0.4063085866209208,-0.4607293652366375,-0.5591827877502134,-0.5201335232366473,-0.5401488003977238,-0.5497321330382513
1911894528.0,2197107200.0,14825580302.688307,7.754392350396594,6.747772845443457,-0.44203066506395616,0.7454855437357921,35.85515720006991,0.012369003410033679,-0.3722652289088217,-0.5020177367524341,-0.4969090286858418,-0.49597929008314606,-0.5016584311316724,-0.4938692262800693,-0.33497281831890713,0.7249957765865325,43.77481488460711,0.013565721272715428,-0.299509986389996,-0.3817355522947507,-0.4152246542870266,-0.3963432897937666,-0.40855744801048266,-0.41843212697936666
1911894528.0,2197107200.0,20857855932.011314,10.909522270472921,9.493326466733764,-0.32079133292043793,0.7357323706812794,36.206326573033664,0.010383712877034627,-0.26586967248685006,-0.4257844464279548,-0.3517183049551047,-0.37653373547712926,-0.3637217347624607,-0.3694864536117958,-0.2153712656350382,0.7180976177813148,43.98843695938537,0.012035661575429324,-0.192711386159071,-0.302741739352864,-0.27126652082383806,-0.272553056350886,-0.2738229107530985,-0.2858391360078201
1911894528.0,2197107200.0,29344561575.215534,15.348420713308059,13.355999004152157,-0.19290477629230224,0.7246591797584506,36.44340841808224,0.008824813061532584,-0.15947411606487666,-0.34955115610347537,-0.20652758122436582,-0.25708818087111224,-0.22510982924920114,-0.24558640245845906,-0.08935290022568021,0.7102161165400569,43.84394222107774,0.010784222407861432,-0.08591278592814519,-0.22374792641097635,-0.1273083873606477,-0.14876282290800363,-0.1375014994677529,-0.15295419093636584
1911894528.0,2197107200.0,41284362920.54588,21.593431183535394,18.790327081239315,-0.05848753413495094,0.714066190761162,36.34640241113309,0.007874455026353231,-0.053078559642905115,-0.27331786577899614,-0.06133685749362883,-0.1376426262650972,-0.08677737642979903,-0.12253386270995711,0.042541006474084805,0.7025965949809891,43.098570944068605,0.009946097871574792,0.020885814302779714,-0.14475411346908956,0.016649746102540733,-0.02497258946512291,-0.0007761476465185269,-0.02052024520867132
1911894528.0,2197107200.0,58082265682.745186,30.379429844126413,26.43579051706953,0.08219641632266457,0.7054581281215421,35.67742244786092,0.00762416807350088,0.05331699677906824,-0.19708457545451583,0.08385386623711008,-0.018197071659080234,0.0505918658280925,-0.000587944435572476,0.18009204515854188,0.6956397429260714,41.46716706895543,0.009548481146216465,0.12768441453370546,-0.06576030052720185,0.16060787956573117,0.09881764397775762,0.13548237784835734,0.1109276770009306
1911894528.0,2197107200.0,81714948425.71716,42.74030142823713,37.19206255649117,0.22870336407386097,0.6988537611900196,34.079102707369266,0.007943046746329634,0.15971255320103994,-0.1208512851300365,0.22904458996784707,0.10124848294693481,0.1865257497797277,0.12007497264668938,0.3234907896791897,0.688866620196077,38.803352794819496,0.009533888144691574,0.2344830147646304,0.013233512414684859,0.3045660130289178,0.22260787742063837,0.27065358414224494,0.24101762236556995
1911894528.0,2197107200.0,114963366489.35663,60.130600723889216,52.3248781349206,0.38070669882642105,0.6927388497261422,31.266578664537423,0.008640106375340049,0.2661081096230115,-0.04461799480555804,0.3742353136985841,0.22069403755295006,0.32071343858499113,0.23934240147489877,0.4734169876269662,0.6812155396245052,35.220860023510284,0.009850228787820822,0.3412816149955553,0.09222732535657173,0.44852414649210637,0.34639811086351907,0.4043116728279698,0.3695029151133584
1911894528.0,2197107200.0,161739998484.86282,84.59671604063654,73.61497813345785,0.5384822741751681,0.6848722671363527,27.34888941047105,0.009841380687514598,0.3725036660449849,0.03161529551892216,0.5194260374293211,0.34013959215896694,0.45296471624493573,0.35715059829504003,0.6311787449311062,0.6713838834690212,31.077837946204763,0.01057380383312678,0.448080215226482,0.1712211382984589,0.5924822799552967,0.4701883443064015,0.5361788993469753,0.4962315217666342
1911894528.0,2197107200.0,227549243804.59314,119.01767616994464,103.567656509702,0.7037507467715994,0.6730091121528307,22.86114078760653,0.012305580421949014,0.4788992224669575,0.10784858584340155,0.6646167611600582,0.45958514676498213,0.5831780829909833,0.4734725599583272,0.7989766326161023,0.657985999448212,26.824324563842012,0.012006091524092875,0.554878815457406,0.2502149512403457,0.7364404134184852,0.5939785777492821,0.6660880694896146,0.6211218602772607
1911894528.0,2197107200.0,320135148022.07794,167.44393758842222,145.70756858021218,0.8804176945343549,0.6552329043782816,18.481509789077343,0.01708963003704648,0.5852947788889282,0.18408187616788,0.8098074848907952,0.5790307013709991,0.7113162679306617,0.5883086187991484,0.9803489068018256,0.6394926042352181,22.834098439497406,0.014778966283247178,0.6616774156883318,0.32920876418223255,0.8803985468816737,0.7177688111921628,0.7939532276219403,0.7441440437617244
2273495040.0,2575484928.0,2273495040.0,1.0,0.8827444553385482,-1.0661845690462368,0.600481992469592,25.024139199289255,0.012231465882046119,-1.00524552052882,-0.9580835195783233,-1.3622031807753032,-1.2101585536609996,-1.2305702759365382,-1.2227341318293148,-0.982845987779968,0.5599581399113954,28.614767315975552,0.011455566655054684,-0.9573261250177723,-0.8735613422486348,-1.297005841372222,-1.1561123988231792,-1.1171286543063803,-1.1551207445165215
2273495040.0,2575484928.0,3198541374.995192,1.4068829351812406,1.2419181103416623,-0.9846896607507079,0.6178550642583196,29.717304293824743,0.011337059967356865,-0.8988499641068476,-0.8818502292538438,-1.2170124570445662,-1.0907129990549835,-1.1358786182800105,-1.1112615176242084,-0.8937055895347626,0.5775507365437229,33.34703906032057,0.010823804994118363,-0.8505275247868473,-0.794567529306748,-1.1530477079090335,-1.0323221653802985,-1.0357495872438822,-1.0597821360319881
2273495040.0,2575484928.0,4499973277.951878,1.9793195933041832,1.747233396332218,-0.8943462664372334,0.6355619514641196,33.70677623178299,0.010902232270124289,-0.792454407684876,-0.8056169389293646,-1.0718217333138291,-0.9712674444489684,-1.0274022427097316,-0.994478953996505,-0.7988701999565029,0.5948403470316419,37.79503494667716,0.010627911999941963,-0.7437289245559224,-0.7155737163648612,-1.0090895744458468,-0.9085319319374188,-0.9383619002492777,-0.9525637849138784
2273495040.0,2575484928.0,6330935613.522086,2.7846709590895284,2.4581528490785587,-0.7956374014780603,0.6513756189009746,35.82785753180721,0.0107273424824155,-0.6860588512629034,-0.7293836486048844,-0.9266310095830903,-0.8518218898429515,-0.9082251354074167,-0.8739811656921522,-0.6984303939385501,0.6104845060216616,41.10238062819629,0.010479580544561485,-0.6369303243249966,-0.6365799034229734,-0.8651314409826566,-0.7847416984945363,-0.8280177166179389,-0.8361470341055518
2273495040.0,2575484928.0,8906885278.395401,3.9177060524378367,3.4583332954357715,-0.6898582566475497,0.6630143239084978,36.1005279418684,0.010511589745962904,-0.5796632948409308,-0.6531503582804059,-0.7814402858523533,-0.7323763352369355,-0.7812250126101984,-0.751094423532578,-0.5925577992373828,0.623134991171244,42.884262369144004,0.010181850032836007,-0.5301317240940716,-0.5575860904810869,-0.721173307519468,-0.6609514650516557,-0.7077714763815124,-0.7129971390541708
2273495040.0,2575484928.0,12530944903.791508,5.511753790231056,4.865470097517693,-0.5780877462966115,0.6696179978611414,35.933725627466565,0.010095046574526081,-0.4732677384189583,-0.5769170679559256,-0.6362495621216145,-0.6129307806309185,-0.6489005190627822,-0.6268870654760341,-0.48138039777833463,0.6321376295202132,43.53652973787267,0.00966144510244168,-0.4233331238631459,-0.47859227753919903,-0.5772151740562775,-0.5371612316087752,-0.5804153736193021,-0.5852440961628613
2273495040.0,2575484928.0,17629572546.8406,7.754392350396594,6.845146851832246,-0.46089163692966345,0.6722189421610689,36.12117407446347,0.009336672973800962,-0.3668721819969858,-0.5006837776314462,-0.49105883839087744,-0.49348522602490347,-0.5133053376489871,-0.5021963450505416,-0.3649670049182681,0.637871234942996,43.65663987440397,0.00890606933818192,-0.316534523632221,-0.3995984645973123,-0.43325704059308917,-0.41337099816589445,-0.44833665909853887,-0.45464163757459414
2273495040.0,2575484928.0,24802744770.689724,10.909522270472921,9.63032029465238,-0.3383640261127209,0.6720953812775693,36.43689392071479,0.008164869691949496,-0.26047662557501416,-0.4244504873069678,-0.3458681146601403,-0.37403967141888833,-0.37605569455605486,-0.3776620984090722,-0.24334222040433726,0.641376346966918,43.43963474085057,0.007955133679467364,-0.2097359234012961,-0.32060465165542545,-0.2892989071299024,-0.28958076472301375,-0.31347399857353053,-0.32257881337611916
2273495040.0,2575484928.0,34894558363.53913,15.348420713308059,13.548733282876013,-0.2100426049011242,0.6700942456638883,36.42972515369777,0.006770279374819589,-0.15408106915304076,-0.34821719698248765,-0.20067739092940326,-0.2545941168128713,-0.23837829242117084,-0.2537611436089489,-0.11645303118511392,0.6436900109498209,42.65606338050234,0.006914507319481732,-0.10293732317037027,-0.2416108387135379,-0.1453407736667121,-0.16579053128013127,-0.1773382211758004,-0.19012035710493916
2273495040.0,2575484928.0,49092558692.349045,21.593431183535394,19.06148164900037,-0.07521171744717127,0.6674906216312871,35.71763561602812,0.005556268393606143,-0.04768551273106911,-0.2719839066580083,-0.05548666719866622,-0.13514856220685623,-0.1011742184424301,-0.13083903808004416,0.01591918958862181,0.6454251814967191,40.96537214622817,0.005944121578210141,0.0038612770605545256,-0.16261702577165107,-0.0013826402035235174,-0.042000297837250684,-0.04106627642252845,-0.058058383151312336
2273495040.0,2575484928.0,69067483068.64937,30.379429844126413,26.817273251249006,0.06659383524699458,0.6655207538390143,33.916345520991506,0.004840043639780733,0.058710043690902575,-0.19575061633352897,0.08970405653207086,-0.015703007600839286,0.034916148543247594,-0.009137681367738284,0.1542432763722552,0.6466224833071105,38.230280351070824,0.005208246712356286,0.1106598772914787,-0.08362321282976423,0.14257549325966504,0.08178993560563003,0.09451352590595995,0.07303535262154154
2273495040.0,2575484928.0,97169863305.20204,42.74030142823713,37.728764105274564,0.2154702755099643,0.6641681786211472,30.84903703611886,0.00467865044684353,0.16510560011287587,-0.11951732600904957,0.2348947802628096,0.10374254700517575,0.16945482435998777,0.11118161827960811,0.2993061137201885,0.6467222157997292,34.65346768813834,0.004854795996138088,0.2174584775224053,-0.004629399887876563,0.2865336267228553,0.20558016904851067,0.22881782024887262,0.20276221520173054
2273495040.0,2575484928.0,136706622497.98254,60.130600723889216,53.079954385189296,0.37144163233374117,0.6619719881969999,26.875156935644657,0.0051932279395020655,0.27150115653484747,-0.04328403568457024,0.3800855039935467,0.2231881016111927,0.3021573455038221,0.23001937926493637,0.45234397534622156,0.644656740145712,30.67461698859949,0.005107450907006422,0.32425707775332935,0.07436441305401015,0.43049176018604207,0.32937040249139127,0.36145216678870296,0.3308566732125777
2273495040.0,2575484928.0,192330214318.6756,84.59671604063654,74.67728202472152,0.5351540475133467,0.656735140813675,22.696498971358377,0.007552293361575215,0.37789671295681915,0.03294925463990906,0.5252762277242836,0.3426336562172079,0.4328535526183627,0.34732296963214343,0.6153248870260912,0.6390134221778176,26.73925816449597,0.006451212429504842,0.4310556779842551,0.1533582259958974,0.5744498936492306,0.45316063593427186,0.49216470938758883,0.45715377027208853
2697992704.0,3016759808.0,2697992704.0,1.0,0.8943346092205694,-1.1882301710086178,0.5582279365304564,25.87234021636469,0.018427873046664385,-0.9999157965793204,-0.9567652232625292,-1.356421681034261,-1.207693773888062,-1.2494623813428456,-1.2381994078332765,-1.1176441540433912,0.5188158926933288,29.113189635718555,0.018782858443836165,-0.974650485451286,-0.891621116763313,-1.3154655967756579,-1.1735004146748729,-1.173635006665052,-1.1795114614961055
2697992704.0,3016759808.0,3795759894.501092,1.4068829351812406,1.2582241000544025,-1.0835442893434712,0.5813901099979231,30.20398662298095,0.014963746566131563,-0.8935202401573479,-0.880531932938049,-1.2112309573035223,-1.088248219282045,-1.1530288296502884,-1.1253748241670192,-1.008002545924428,0.5410282652324473,33.416764510838725,0.01584690020116917,-0.8678518852203592,-0.8126273038214253,-1.1715074633124694,-1.0497101812319904,-1.089976015801437,-1.0881729009295869
2697992704.0,3016759808.0,5340189821.618934,1.9793195933041832,1.7701740150003131,-0.9746536211087414,0.6033080400211578,33.52065127901273,0.01282816995340958,-0.7871246837353754,-0.8042986426135696,-1.0660402335727852,-0.9688026646760299,-1.0432767968501555,-1.00745254979325,-0.8965997742237656,0.5621543159701945,37.31876169899326,0.014021160628843633,-0.7610532849894353,-0.7336334908795386,-1.0275493298492808,-0.9259199477891107,-0.990409983106817,-0.9842248410513866
2697992704.0,3016759808.0,7513021930.66423,2.7846709590895284,2.4904276140052017,-0.8621881615805038,0.6225402805876513,35.19029334427208,0.01182924152298178,-0.6807291273134036,-0.7280653522890903,-0.9208495098420482,-0.8493571100700139,-0.9233014744225836,-0.886034263394328,-0.7832274471744064,0.5813450487704502,40.24225624011854,0.012989819113121998,-0.6542546847585101,-0.6546396779376519,-0.8835911963860923,-0.80212971434623,-0.878134376296469,-0.8704012103225048
2697992704.0,3016759808.0,10569942345.893925,3.9177060524378367,3.503740111448052,-0.74666741170279,0.6379770839030351,35.76118141651547,0.011552992569697655,-0.5743335708914311,-0.651832061964611,-0.7756587861113093,-0.7299115554639979,-0.7959507236913981,-0.7624402839162276,-0.6675047191712795,0.5978056614700923,42.01354543668642,0.012404756584920934,-0.5474560845275844,-0.5756458649957641,-0.739633062922902,-0.6783394809033476,-0.7562923478434095,-0.7492601945273718
2697992704.0,3016759808.0,14870671512.287737,5.511753790231056,4.9293521721062845,-0.6280175978019389,0.6492766553261918,36.12574668637003,0.011489003634437027,-0.4679380144694588,-0.5755987716401316,-0.6304680623805724,-0.610466000857981,-0.6636702107651152,-0.6377251140009047,-0.5488552688719287,0.611124794895319,42.85179950915631,0.01194863483930408,-0.44065748429665946,-0.49665205205387736,-0.5956749294597136,-0.554549247460467,-0.6277141441243722,-0.6230407353735941
2697992704.0,3016759808.0,20921293985.32342,7.754392350396594,6.935021452434911,-0.5058280091789088,0.6567351718392609,36.49538793242362,0.011130052733772914,-0.36154245804748714,-0.4993654813156523,-0.4852773386498352,-0.49102044625196584,-0.528452125917785,-0.5127081412817163,-0.4266378377517835,0.6214342103578021,42.96474776574849,0.011423380287997133,-0.33385888406573466,-0.41765823911199057,-0.4517167959965267,-0.4307590140175881,-0.494787546452949,-0.49360421916718505
2697992704.0,3016759808.0,29433811489.861458,10.909522270472921,9.7567633365465,-0.3795665035943124,0.6605764579469264,36.5757744869389,0.010372753459982955,-0.2551469016255137,-0.423132190991173,-0.3400866149190964,-0.37157489164594887,-0.3918523419360838,-0.38800997615230326,-0.30026991343377935,0.629244889283384,42.29165985436554,0.010812906224893285,-0.22706028383480886,-0.33866442617010284,-0.30775866253333634,-0.3069687805747056,-0.3594282397429504,-0.36243612794200547
2697992704.0,3016759808.0,41409927102.42762,15.348420713308059,13.726623840789257,-0.2481674017883437,0.661315178845851,35.937474697130725,0.00949253091123893,-0.1487513452035421,-0.3468989006666936,-0.19489589118835934,-0.2521293370399338,-0.25504355325064726,-0.2640885371286796,-0.16916340885798195,0.6351093636044078,40.61033756435854,0.010251537413521698,-0.12026168360388387,-0.25967061322821605,-0.1638005290701478,-0.18317854713182508,-0.22311204304489735,-0.23068221042155948
2697992704.0,3016759808.0,58258919787.50458,21.593431183535394,19.311752839258386,-0.11002370459200055,0.6602620031794755,34.1264632264216,0.008821876417800117,-0.04235578878157039,-0.27066561034221426,-0.04970516745762231,-0.13268378243391865,-0.11888123149567653,-0.14127176605898342,-0.03250374501437071,0.639348614680125,37.81697781634446,0.009879792059240725,-0.013463083372958939,-0.18067680028632926,-0.019842395606959363,-0.05938831368894438,-0.08693685327638274,-0.09919965645944301
2697992704.0,3016759808.0,81963480071.13292,30.379429844126413,27.1693755179905,0.036452733725196196,0.6585870957356263,30.924285971318707,0.008505856568639522,0.06403976764040288,-0.19443232001773486,0.09548555627311464,-0.013238227827901756,0.016031316356435715,-0.019785691389461117,0.11092232648650736,0.6418805128415729,34.113448078542,0.009684626003802932,0.09333551685796691,-0.10168298734444162,0.12411573785623099,0.0644019197539362,0.048307260151213144,0.03138920942795149
2697992704.0,3016759808.0,115313021420.14456,42.74030142823713,38.2241307757918,0.19247711155205383,0.6561545922298421,26.684119013623906,0.008534038944344543,0.17043532406237458,-0.11819902969325552,0.24067628000385172,0.10620732677811347,0.1492854431832451,0.10022235950590232,0.2627877297466633,0.6421044857675742,29.95346618862035,0.00954150836600172,0.20013411708889167,-0.02268917440255479,0.2680738713194178,0.18819215319681698,0.18207181484022683,0.16064745878169218
2697992704.0,3016759808.0,162231922040.19022,60.130600723889216,53.77687730059755,0.35915139242980715,0.6513560136877307,22.182237394707315,0.009821825962812206,0.2768308804843472,-0.04196573936877625,0.38586700373458876,0.22565288138413034,0.280619465950156,0.2186650349863907,0.4253629451586101,0.6388661642993727,25.825085636589034,0.009714698258556176,0.3069327173198167,0.05630463853933145,0.41203200478260626,0.3119823866396976,0.3139928545565849,0.28828118420778953
2697992704.0,3016759808.0,228241322659.99713,84.59671604063654,75.65777098154615,0.5383344913691351,0.6416782816372154,18.107650530858088,0.016331714459517244,0.3832264369063197,0.03426755095570312,0.5310577274653278,0.3450984359901473,0.40988067077662993,0.3355001214035992,0.6019529917633275,0.6304686559709852,22.072355957275807,0.012165700310813354,0.4137313175507424,0.1352984514812201,0.5559901382457965,0.43577262008258,0.44384444532148415,0.41410482089694983
3184435200.0,3519979520.0,3184435200.0,1.0,0.9046743544689715,-1.2751134066974759,0.6058973013960057,26.93498265066272,0.025800792499306363,-0.9947549046306347,-0.9554886871967518,-1.3508233243937333,-1.205307072023957,-1.2707010765978477,-1.255332144687339,-1.212568860186801,0.5839696093460377,30.042123448884585,0.028494664198367516,-0.9919351922987358,-0.909523069335926,-1.3339917390713136,-1.190908422816534,-1.2380434902616582,-1.1997862714711884
3184435200.0,3519979520.0,4480127541.070461,1.4068829351812406,1.2727709111985008,-1.156009305942824,0.6268858429557955,30.9342349777268,0.020682683207843174,-0.888359348208663,-0.8792553968722725,-1.2056326006629963,-1.085861517417941,-1.1728351483149444,-1.1412486808903028,-1.0900328886787916,0.6056079290707548,34.118910077314645,0.023624590486956934,-0.8851365920678109,-0.8305292563940392,-1.190033605608125,-1.0671181893736525,-1.1520277726074137,-1.113601794317023
3184435200.0,3519979520.0,6303014984.9675255,1.9793195933041832,1.7906396753602492,-1.0346822484960516,0.646888452352267,33.869432063447555,0.017261618340176584,-0.7819637917866897,-0.8030221065477932,-1.0604418769322574,-0.9664159628119239,-1.0620361264474394,-1.0222545766823836,-0.9673075919922742,0.6257053967438442,37.80065742855844,0.020248916705331823,-0.7783379918368851,-0.7515354434521515,-1.0460754721449348,-0.9433279559307719,-1.0500746939952108,-1.014007113183844
3184435200.0,3519979520.0,8867604222.542454,2.7846709590895284,2.5192204023228104,-0.9121112158051988,0.6649783405765242,35.560961158305915,0.015261780276382583,-0.6755682353647182,-0.7267888162233138,-0.9152511532015203,-0.8469704082059089,-0.9414117202436276,-0.8999611692319813,-0.8443188395057036,0.6432799434845988,40.64651885451896,0.01797889988739563,-0.6715393916059603,-0.6725416305102647,-0.9021173386817462,-0.8195377224878913,-0.9355614486759062,-0.9037463358288209
3184435200.0,3519979520.0,12475681056.636093,3.9177060524378367,3.5442481939883823,-0.7884762926512903,0.6794320841877002,36.46313916812571,0.014372431779534837,-0.5691726789427464,-0.6505555258988344,-0.7700604294707833,-0.7275248535998937,-0.813787645087638,-0.7756858176029748,-0.7206182816857107,0.6571524571118489,42.44534042696106,0.016381139344583562,-0.5647407913750353,-0.5935478175683779,-0.7581592052185595,-0.6957474890450106,-0.8117524991426334,-0.7854500546098014
3184435200.0,3519979520.0,17551822783.345192,5.511753790231056,4.986342302169188,-0.6635741711922092,0.6887241872742037,37.000180243427074,0.014000469588631742,-0.462777122520773,-0.574322235574355,-0.6248697057400445,-0.6080792989938768,-0.6815676713709794,-0.6504721866500344,-0.595525914409969,0.66651686270572,43.172493683537226,0.015008078594592654,-0.45794219114410945,-0.5145540046264901,-0.6142010717553691,-0.5719572556021282,-0.6815434736522237,-0.6614628506990545
3184435200.0,3519979520.0,24693359955.213646,7.754392350396594,7.015199893894168,-0.5371269167994872,0.6924532122425394,37.18774438958967,0.013375554457104866,-0.3563815660988015,-0.4980889452498757,-0.4796789820093074,-0.4886337443878617,-0.5466944671542695,-0.5251246130033564,-0.4682592160861119,0.6714490296190169,42.80031559680612,0.013495038303566074,-0.35114359091318464,-0.4355601916846034,-0.4702429382921807,-0.4481670221592493,-0.547343636336227,-0.5337617430512857
3184435200.0,3519979520.0,34740666733.27789,10.909522270472921,9.869565017604959,-0.40818735963631486,0.6910603764788521,36.66712828894599,0.012109501355125701,-0.24998600967682888,-0.42185565492539645,-0.33448825827857037,-0.36918818978184476,-0.41067479209381025,-0.40024700554275494,-0.33792187383112227,0.6728404442142378,41.24141777996755,0.011706120503686109,-0.24434499068225962,-0.3565663787427166,-0.3262848048289922,-0.3243767887163687,-0.4110606196265612,-0.4039426559602991
3184435200.0,3519979520.0,48876051183.867294,15.348420713308059,13.88532260093016,-0.2746237022427356,0.6858696793611411,34.932741680333024,0.010311443850718088,-0.14359045325485642,-0.3456223646009171,-0.18929753454783166,-0.24974263517582784,-0.274637024363678,-0.2762805723961582,-0.20333369964943343,0.6718496329783212,38.50138590435755,0.009863361479271679,-0.13754639045133388,-0.27757256580082895,-0.18232667136580183,-0.20058655527348618,-0.27414515742155887,-0.2732485856725266
3184435200.0,3519979520.0,68762882349.62776,21.593431183535394,19.53502341673504,-0.13343521624668597,0.6788471041215177,31.75615206381979,0.0086234064454161,-0.03719489683288395,-0.2693890742764378,-0.04410681081709459,-0.13029708056981276,-0.13939890997149246,-0.1535374908338022,-0.06284737708050524,0.669327547377641,34.837188386914065,0.00866490702460771,-0.030747790220408952,-0.19857875285894228,-0.038368537902615116,-0.07679632183060563,-0.13766218760439625,-0.14261787909273352
3184435200.0,3519979520.0,96741325751.56667,30.379429844126413,27.48349108337047,0.018608211131412415,0.6713738873706058,27.501752851254704,0.008548651553150051,0.06920065958908864,-0.19315578395195748,0.10108391291364431,-0.010851525963795804,-0.005532847259290235,-0.03222945338077872,0.08571113708541472,0.6654684601169047,30.711882706493224,0.009192345068142116,0.07605081001051685,-0.11958493991705459,0.10558959556057516,0.04699391161227503,-0.0023668668452558367,-0.012738099244527108
3184435200.0,3519979520.0,136103720326.6886,42.74030142823713,38.66605460439968,0.18453817185603177,0.6631186610126075,22.92569894783616,0.012262709144972015,0.1755962160110602,-0.11692249362747822,0.24627463664438132,0.10859402864221943,0.12657718822618563,0.08750893950164049,0.24503641867800233,0.6596845795116794,26.593850165699177,0.012260326816939568,0.1828494102414427,-0.04059112697516773,0.24954772902376368,0.1707841450551557,0.1312257819983552,0.11590279663691924
3816352512.0,4177062656.0,3816352512.0,1.0,0.9136450243374085,-1.3179974457614583,0.6556244038970498,27.920776058236235,0.018793681536024832,-0.9891191252431435,-0.9540946886944734,-1.3447098263255217,-1.202700754103807,-1.2975827360006484,-1.2766119792920412,-1.25137824564694,0.6487657560656759,30.85368867221182,0.02255419758165487,-1.0120141161107394,-0.930051732125071,-1.3557620732150717,-1.2112677799049836,-1.3226089641648238,-1.2160041045866106
3816352512.0,4177062656.0,5369161223.768861,1.4068829351812406,1.2853915935535491,-1.1924436823094091,0.6657175879986035,31.846145525599706,0.015912108911300883,-0.882723568821171,-0.8778613983699942,-1.1995191025947847,-1.083255199497791,-1.1984046029552018,-1.1612024102959577,-1.1236152223541254,0.6595908710956689,34.98314218676178,0.019442798347401084,-0.9052155158798145,-0.8510579191831842,-1.2118039397518832,-1.087477546462103,-1.2337351489829036,-1.1372189605638956
3816352512.0,4177062656.0,7553781301.957238,1.9793195933041832,1.8083954979959098,-1.0638657174512551,0.678177715932141,34.588479905608246,0.013984565817456537,-0.7763280123991985,-0.8016281080455148,-1.0543283788640458,-0.963809644891774,-1.0866355877211944,-1.0410642309662805,-0.9954499081990469,0.6701133807281744,38.60172938769787,0.01743514716137751,-0.7984169156488887,-0.7720641062412965,-1.0678458062886946,-0.9636873130192223,-1.128699958206406,-1.0440756858837732
3816352512.0,4177062656.0,10627286009.814772,2.7846709590895284,2.544200766189027,-0.934450659738772,0.6902401028828077,36.161478943088525,0.012983678630840325,-0.669932455977226,-0.7253948177210354,-0.9091376551333088,-0.844364090285759,-0.9654028946050539,-0.9178234657425858,-0.8676106615756702,0.6790773688945508,41.2502578031943,0.016163384387443566,-0.6916183154179639,-0.6930702932994097,-0.9238876728255061,-0.8398970795763416,-1.011143754855224,-0.9392542147702262
3816352512.0,4177062656.0,14951347334.498741,3.9177060524378367,3.5793926416263795,-0.8054947647703634,0.6993153771578464,37.0042048577128,0.012716771887453224,-0.5635368995552542,-0.649161527396556,-0.7639469314025717,-0.7249185356797438,-0.8375182994065365,-0.7927979853851392,-0.7403180430818185,0.6853733220461256,42.63516042164636,0.015229806318008049,-0.584819715187039,-0.614076480357523,-0.7799295393623176,-0.716106846133461,-0.8845213795789904,-0.8254218797433668
3816352512.0,4177062656.0,21034795422.873814,5.511753790231056,5.035786425817457,-0.6776221396565569,0.7044562663367427,37.31950009795874,0.012684699659258026,-0.45714134313328086,-0.5729282370720767,-0.6187562076718347,-0.6054729810737269,-0.7053518100732092,-0.6670228732858036,-0.6133320847617154,0.6884844607652401,42.58465774702322,0.014243695644876363,-0.4780211149561131,-0.5350826674156353,-0.6359714058991273,-0.5923166126905786,-0.7518440628643822,-0.70502472340874
3816352512.0,4177062656.0,29593494725.469624,7.754392350396594,7.08476198769991,-0.5504899453833645,0.7052807447089564,36.74936103532279,0.012252600511141406,-0.35074578671130935,-0.49669494674759745,-0.47356548394109765,-0.4860274264677101,-0.5708037829158845,-0.5412887706038657,-0.4859669206366856,0.6885644261543002,41.029975641242785,0.012866490081960183,-0.37122251472518814,-0.4560888544737485,-0.49201327243593884,-0.46852637924769797,-0.6155750066782983,-0.5801723575904228
3816352512.0,4177062656.0,41634582721.639275,10.909522270472921,9.96743074031573,-0.42229221650755033,0.701762836283369,34.756929151200715,0.010918312898877968,-0.2443502302893376,-0.42046165642311806,-0.3283747602103606,-0.36658187186169483,-0.43533776003761976,-0.41618360028961854,-0.3570350821372212,0.6862123603449619,38.13365577231175,0.010874682423459804,-0.2644239144942633,-0.37709504153186163,-0.34805513897275026,-0.3447361458048173,-0.47763210671509654,-0.45259956231620846
3816352512.0,4177062656.0,58574983944.46604,15.348420713308059,14.023008216151124,-0.28986766671071995,0.6947013684670148,31.38202896080872,0.008456385618982303,-0.13795467386736424,-0.3442283660986387,-0.18318403647962178,-0.24713631725567803,-0.3000423257805843,-0.29213213509008973,-0.2247732416374976,0.6821506201023223,34.341820780536366,0.008254882777901458,-0.1576253142633375,-0.29810122858997395,-0.20409700550956172,-0.22094591236193664,-0.33944926157503297,-0.3236791744625065
3816352512.0,4177062656.0,82408145339.98444,21.593431183535394,19.72873095920935,-0.1491120023757077,0.6854499395652299,27.216999669168725,0.005393748827285095,-0.03155911744539267,-0.2679950757741594,-0.03799331274888472,-0.12769076264966286,-0.16570078453483483,-0.16943077001984097,-0.08684385314131182,0.6769309565508578,30.202934123718723,0.005605434316799573,-0.05082671403241256,-0.21910741564808722,-0.060138872046373096,-0.09715567891905595,-0.2020601331693835,-0.19446283487794036
3816352512.0,4177062656.0,115938613398.75961,30.379429844126413,27.75601491929347,0.004604151749286314,0.6751519527583959,22.841749835794552,0.006612420385356933,0.07483643897657889,-0.19176178544968,0.10719741098185233,-0.008245208043647664,-0.032856889198422674,-0.04827665732162002,0.059554747422500026,0.6707115797815392,26.151418031905436,0.005908171301409923,0.055971886198512365,-0.14011360270620044,0.08381926141681548,0.026634554523824717,-0.06618270622695273,-0.06573252774152866
3816352512.0,4177062656.0,163112056719.28998,42.74030142823713,39.04946373858989,0.175760243364978,0.6638175564651767,18.69181876481865,0.01585016522067996,0.18123199539855145,-0.11552849512519982,0.2523881347125912,0.11120034656236928,0.0981285857550728,0.07120864591127983,0.21754692857228392,0.6631117166187849,22.440609702286,0.011282671396324297,0.1627704864294381,-0.06111978976431324,0.22777739488000576,0.15042478796670705,0.0677058499727487,0.06194757104173622
4504118400.0,4881605760.0,4504118400.0,1.0,0.9226714776737727,-1.3606572669115553,0.6055560021435958,27.865844964420052,0.017492446888417394,-0.9839604075581284,-0.9528186904283674,-1.3391138282508326,-1.2003150577478978,-1.3259296942470185,-1.2985786357703526,-1.2979021543328055,0.5675716711750086,30.869745543572883,0.021471336538108978,-1.0300351449613672,-0.9485511840905487,-1.3752314178599576,-1.22950211691838,-1.4133115680837725,-1.2216139773230583
4504118400.0,4881605760.0,6336767314.995833,1.4068829351812406,1.2980907567176898,-1.2304305919112764,0.6167362198355736,31.293075535208125,0.016340301625562995,-0.8775648511361558,-0.8765854001038891,-1.1939231045200955,-1.0808695031418818,-1.2257516338178647,-1.1819931557416308,-1.1663166512364633,0.5823295538600117,34.81462048870131,0.019684788154049362,-0.9232365447304423,-0.8695573711486619,-1.2312732843967709,-1.1057118834754993,-1.321219963672631,-1.1510295337834935
4504118400.0,4881605760.0,8915089799.681889,1.9793195933041832,1.8262617339426215,-1.096599059589442,0.6303497129875169,33.62142118804217,0.01648211236662149,-0.7711692947141833,-0.800352109779409,-1.0487323807893567,-0.9614239485358649,-1.1132198354219787,-1.0608238013064089,-1.0343507967654102,0.5973000195217769,38.085273085583054,0.018590603604604756,-0.8164379444995165,-0.7905635582067743,-1.0873151509335806,-0.9819216500326169,-1.2125914798755253,-1.065278993061737
4504118400.0,4881605760.0,12542487704.780792,2.7846709590895284,2.569336468658377,-0.9624088629762272,0.6445867793197165,34.983558132392936,0.01661160863765972,-0.6647737382922108,-0.7241188194549295,-0.9035416570586197,-0.8419783939298497,-0.9914881070385022,-0.9367146617845523,-0.9031245607175309,0.612019272843858,40.20430217295962,0.017588490430492546,-0.7096393442685915,-0.7115697452648875,-0.943357017470392,-0.8581314165897362,-1.0913915318560319,-0.9668877875537724
4504118400.0,4881605760.0,17645811916.576626,3.9177060524378367,3.6147556324943015,-0.8296526029975075,0.6585958087769537,35.60382324629269,0.016011109129452573,-0.5583781818702391,-0.6478855291304509,-0.7583509333278826,-0.7225328393238346,-0.8633671520566295,-0.8109880844998908,-0.7731777464719377,0.6259133820264436,40.7916641260237,0.016261727474417814,-0.6028407440376665,-0.6325759323230008,-0.7993988840072035,-0.7343411831468574,-0.9613147197667945,-0.8584872599183416
4504118400.0,4881605760.0,24825591662.84944,5.511753790231056,5.085538014206506,-0.6991898260609057,0.671182113197794,35.28367298291637,0.014564844563790189,-0.45198262544826584,-0.5716522388059707,-0.6131602095971438,-0.6030872847178178,-0.7312083228921006,-0.6846746481463644,-0.6444862861650146,0.638309371468968,39.65577837614822,0.014343967710781757,-0.49604214380674083,-0.553582119381113,-0.6554407505440131,-0.610550949703975,-0.825522260384989,-0.7425754603483323
4504118400.0,4881605760.0,34926701266.24055,7.754392350396594,7.154756648402625,-0.5706348625153985,0.6804697051959536,33.49267965898275,0.01226609263269585,-0.3455870690262941,-0.49541894848149143,-0.4679694858664067,-0.4836417301118025,-0.5968845219580545,-0.558555183573887,-0.5164431658497056,0.6485886995614166,36.969671809522886,0.011751091973433922,-0.3892435435758159,-0.47458830643922634,-0.5114826170808263,-0.4867607162610943,-0.686552544332175,-0.6213670389534057
4504118400.0,4881605760.0,49137779993.64686,10.909522270472921,10.06590503401218,-0.4419976143487683,0.6851148886182388,30.197248729449147,0.009324503168842185,-0.23919151260432248,-0.4191856581570121,-0.3227787621356697,-0.36419617550578565,-0.4618292793511363,-0.43320514924109776,-0.3878397933275581,0.6563603750058759,33.31045824164236,0.008904884978188731,-0.28244494334489106,-0.3955944934973395,-0.3675244836176379,-0.36297048281821365,-0.5463452274131931,-0.49672507226762996
4504118400.0,4881605760.0,69131104145.75195,15.348420713308059,14.161550019506686,-0.31014144411517786,0.6848805087086628,26.187210562049362,0.008003616750118183,-0.13279595618234913,-0.3429523678325328,-0.17758803840493087,-0.2447506208997687,-0.3271023736686887,-0.30903596859900534,-0.256942848792356,0.6614808201210459,29.373095631446034,0.007844534074754411,-0.17564634311396515,-0.3166006805554517,-0.2235663501544476,-0.23918024937533303,-0.40632236979987657,-0.3701530718623892
4504118400.0,4881605760.0,97259370712.89554,21.593431183535394,19.923643058159524,-0.17124860182333726,0.6804886291885824,22.254343525236642,0.01152821438263916,-0.026400399760377474,-0.26671907750805346,-0.03239731467419379,-0.12530506629375354,-0.1934614007217798,-0.1863308934174381,-0.12166643045797812,0.6639533599695772,25.643094626467548,0.011189657236436076,-0.06884774288304031,-0.23760686761356492,-0.07960821669125902,-0.11539001593245234,-0.2674873702880649,-0.24282342748921565
5354047488.0,5756700672.0,5354047488.0,1.0,0.9300548687621603,-1.4522409312183522,0.5308035844719728,25.13055316530741,0.04449674784388333,-0.9785786628986566,-0.9514875268963818,-1.3332758982473472,-1.1978262205200298,-1.3597238391768554,-1.3241736097447452,-1.4046616739559932,0.491917674598985,28.625501176568385,0.04605717322420456,-1.0498597737538589,-0.9686840158545134,-1.396852726367662,-1.2496733538727307,-1.5279855187971354,-1.2156196010729021
5354047488.0,5756700672.0,7532518045.017188,1.4068829351812406,1.3084783236437116,-1.3108516714991525,0.550916846852255,27.67494034667057,0.040042445739326124,-0.8721831064766848,-0.8752542365719035,-1.18808517451661,-1.0783806659140138,-1.2586786356072286,-1.2063940937530742,-1.2605442638633637,0.5184355782080297,31.66151639752604,0.04145284316107927,-0.943061173522934,-0.8896902029126266,-1.2528945929044735,-1.12588312042985,-1.4316933213307153,-1.1553297403965577
5354047488.0,5756700672.0,10597371096.479443,1.9793195933041832,1.8408758245888943,-1.1654949807697923,0.5742883693304455,29.37140351933464,0.03742379672164994,-0.7657875500547133,-0.799020946247424,-1.042894450785873,-0.9589351113079978,-1.1454446024244331,-1.0841574904156097,-1.1160951631061173,0.5460749384317505,33.89461581678117,0.037776481364746435,-0.8362625732920091,-0.8106963899707398,-1.108936459441285,-1.0020928869869694,-1.318201355396477,-1.079176904610686
5354047488.0,5756700672.0,14909260553.41984,2.7846709590895284,2.5898967834018105,-1.0191013664004336,0.6010111816694294,30.148769822702334,0.03581140633119057,-0.6593919936327398,-0.7227876559229438,-0.897703727055136,-0.839489556701981,-1.023215789235653,-0.9591323899511717,-0.9727016040851005,0.5741704477656024,34.88589706402763,0.034607527591124544,-0.7294639730610832,-0.7317025770288521,-0.9649783259780947,-0.8783026535440888,-1.191953043565696,-0.9893970056086846
5354047488.0,5756700672.0,20975584248.777195,3.9177060524378367,3.643681588448793,-0.8740834011125167,0.629576396952442,29.9764207906107,0.03412185193674748,-0.5529964372107683,-0.6465543655984644,-0.752513003324399,-0.7200440020959658,-0.8948161569241333,-0.8326505600457292,-0.8312906115152381,0.6013514172123676,34.44864267601996,0.03130309546223925,-0.6226653728301583,-0.6527087640869652,-0.8210201925149079,-0.7545124201012081,-1.0569992706547906,-0.888479050779409
5354047488.0,5756700672.0,29510191535.061066,5.511753790231056,5.126233448022685,-0.7325866212983617,0.6561314103971105,28.89799018954887,0.03051248238767641,-0.44660088078879673,-0.570321075273986,-0.6073222795936618,-0.6005984474899506,-0.7625915152013901,-0.7057417300342582,-0.6923055250443927,0.6257451953341349,32.70797833359348,0.027039796998221764,-0.5158667725992334,-0.5737149511450785,-0.6770620590517193,-0.6307221866583275,-0.9167272956353985,-0.778904337165126
5354047488.0,5756700672.0,41517384884.6073,7.754392350396594,7.212010359778404,-0.595420281500494,0.676279699168301,26.86913206390228,0.023176218070521316,-0.34020532436682327,-0.49408778494950584,-0.46213155586292315,-0.48115289288393376,-0.6283982683777698,-0.5791795326834643,-0.5556388134442116,0.645608597997472,29.994151927251874,0.021293518475143408,-0.4090681723683076,-0.4947211382031908,-0.533103925588529,-0.506931953215445,-0.7737928836209259,-0.6629594253116434
5354047488.0,5756700672.0,58410100307.5056,10.909522270472921,10.146454303522559,-0.4620010210393861,0.687110025870294,23.801468438349072,0.013454895632005295,-0.23380976794485167,-0.4178544946250265,-0.31694083213218605,-0.36170733827791857,-0.49364850329467014,-0.4535287704825408,-0.42066394409059316,0.6599246828558677,26.72197779165354,0.014914281148923188,-0.30226957213738276,-0.41572732526130407,-0.38914579212534056,-0.3831417197725661,-0.6301755830596246,-0.5426302483603679
5354047488.0,5756700672.0,82176173364.85419,15.348420713308059,14.274873412222151,-0.33040951094473603,0.6886105516952921,20.106815598339573,0.012785903033573024,-0.12741421152287918,-0.34162120430054804,-0.17175010840144894,-0.24226178367190343,-0.3593795559197607,-0.32918872225580403,-0.28637846625152885,0.6686066943232492,23.31067489746659,0.01279053770000002,-0.19547097190645776,-0.3367335123194173,-0.24518765866215195,-0.25935148632968547,-0.48728860433284504,-0.4195638008380477
5354047488.0,5756700672.0,115612255985.50854,21.593431183535394,20.083075805527752,-0.1970742631005825,0.6837321404714223,16.573183658423606,0.023541311467446792,-0.021018655100906652,-0.2653879139760677,-0.026559384670710184,-0.12281622906588653,-0.2263278306643979,-0.20643026030698303,-0.15153061040306834,0.6723525174814081,20.101512117968582,0.019441587880852443,-0.08867237167553198,-0.25773969937752966,-0.10122952519896342,-0.13556125288680304,-0.34609954713552926,-0.2950760528679818
6369572352.0,6805779968.0,6369572352.0,1.0,0.9359063005194117,-1.5709503119364085,0.48823536749159074,19.64446676624569,0.07863151994241004,-0.9731714236488571,-0.9501500573296324,-1.327410312596255,-1.195325593084795,-1.3984855736696615,-1.3527950016144015,-1.5065033341040643,0.4925257256069527,21.584110921677357,0.08362883600220977,-1.0705565302895712,-0.9895454236566059,-1.419571730520925,-1.270812610989796,-1.6697825023827957,-1.193538367077506
6369572352.0,6805779968.0,8961242646.431038,1.4068829351812406,1.316710603129366,-1.401216773659798,0.5260881575649933,21.362973207486828,0.07229941186591055,-0.8667758672268855,-0.873916767005154,-1.182219588865518,-1.0758800384787799,-1.296722198517432,-1.2338445596199787,-1.3300851560330034,0.5415800900764066,23.538341708405692,0.07828139472203047,-0.9637579300586462,-0.9105516107147191,-1.2756135970577365,-1.1470223775469153,-1.567784670985468,-1.1451126303105164
6369572352.0,6805779968.0,12607419357.28221,1.9793195933041832,1.8524576781149045,-1.2258740710542084,0.5715245862688367,22.223049873348753,0.07078851872358635,-0.7603803108049139,-0.7976834766806746,-1.037028865134781,-0.9564344838727648,-1.1828444951222692,-1.1105371365101642,-1.1563925649578142,0.5921839366557878,24.479586677193545,0.0764550281946572,-0.8569593298277214,-0.8315577977728315,-1.131655463594548,-1.0232321441040346,-1.4475559674443177,-1.0804469249769229
6369572352.0,6805779968.0,17737163150.433983,2.7846709590895284,2.6061910954853222,-1.0494357721576302,0.622764866673724,22.062534142131767,0.07274571186138964,-0.6539847543829413,-0.7214501863561953,-0.8918381414040439,-0.8369889292667478,-1.060103653423991,-0.9845728386208311,-0.9882209716406586,0.640160828918844,24.30961218950208,0.07651653421402839,-0.7501607295967974,-0.7525639848309447,-0.9876973301313594,-0.899441910661154,-1.314249225892239,-1.001342267497805
6369572352.0,6805779968.0,24954112154.871105,3.9177060524378367,3.666605778059604,-0.8788981363401607,0.6720315752476573,21.165164306110963,0.07490426176064258,-0.5475891979609688,-0.6452168960317158,-0.7466474176733051,-0.7175433746607309,-0.9313545291793442,-0.8572985592700841,-0.8278381538364321,0.6801928922450642,23.30446833443119,0.07583345131823206,-0.6433621293658708,-0.6735701718890578,-0.8437391966681709,-0.7756516772182733,-1.1724367735310963,-0.9100038661616342
6369572352.0,6805779968.0,35107514553.28694,5.511753790231056,5.158485099188993,-0.72017069395419,0.7092446020153342,20.088959364511883,0.07118046361609048,-0.44119364153899726,-0.5689836057072366,-0.6014566939425681,-0.5980978200547158,-0.7989534073697684,-0.729747647551877,-0.676553180946698,0.7079899453095134,21.82089023889036,0.0716938094323033,-0.5365635291349466,-0.5945763589471702,-0.6997810632049823,-0.6518614437753927,-1.0258300094304582,-0.8087815056176779
6369572352.0,6805779968.0,49392163121.64644,7.754392350396594,7.2573846574357015,-0.5762838929860976,0.7278599760114393,18.758714990616568,0.0573109928930731,-0.3347980851170247,-0.4927503153827572,-0.45626597021183096,-0.4786522654487007,-0.6647534950880729,-0.6026899442192625,-0.5346378966509873,0.7221814742666135,20.0280519125396,0.062440703859063675,-0.4297649289040218,-0.5155825460052834,-0.5558229297417938,-0.5280712103325119,-0.8772483853447729,-0.6999553647082535
6369572352.0,6805779968.0,69488991427.5326,10.909522270472921,10.210290628592446,-0.4482914554326326,0.7272523185313905,16.53762310395925,0.03514958782490087,-0.22840252869505212,-0.41651702505827787,-0.31107524648109214,-0.35920671084268374,-0.530155799013468,-0.4766821348425912,-0.40160936838209715,0.7243997812357279,17.947526572031524,0.04831238117462002,-0.32296632867309505,-0.43658873306339663,-0.4118647962786035,-0.40428097688962955,-0.7287239206296645,-0.5855913204751096
6369572352.0,6805779968.0,97762876222.35114,15.348420713308059,14.364683648607656,-0.3338664552530861,0.7126483595182326,13.528442880727306,0.02522474551918567,-0.12200697227307972,-0.34028373473379864,-0.16588452275035515,-0.23976115623666858,-0.39618289933159145,-0.3521132118890815,-0.2765062480663342,0.717926139029899,15.654284570911306,0.03349723524114981,-0.216167728442171,-0.357594920121509,-0.2679066628154149,-0.280490743446749,-0.5816544500877807,-0.46746520192085084
