uid,model,hf,family,gen,dev,date,year,moe,N,N_total,N_nonemb,N_emb,emb_share,N_head,D,M,Cmp,drop_step,clean,fam_class,fam_class_all,serve,deploy,Mstar_ref,M_over_Mstar,s_ref,w_lab,w_lab_lo,w_lab_hi,s_lab,lab_tech,w_lab_altmin,w_lab_altmax,lab_vintage,w_primary,s_primary,band_lo,band_hi,pt_min,pt_max,n_tech,w_besi,w_chin,w_chin245,w_chin_cl,w_chin_ne,w_chin_nls,w_chin_q,w_chin_q_pairs,w_deepseek,w_farseer,w_farseer_emb,w_farseer_q,w_gadre_c4,w_gadre_c4_q,w_gadre_rp,w_gadre_rp_q,w_gadre_rw,w_gadre_rw_q,w_hoff,w_marin_comma_a2,w_marin_comma_a3,w_marin_comma_mf,w_marin_comma_mfbc,w_marin_comma_mfraw,w_marin_dclm_a2,w_marin_dclm_a3,w_marin_dclm_mf,w_marin_dclm_mfbc,w_marin_dclm_mfraw,w_marin_nemotron_a2,w_marin_nemotron_a3,w_marin_nemotron_mf,w_marin_nemotron_mfbc,w_marin_nemotron_mfraw,w_meta_a2,w_meta_a3,w_meta_mf,w_meta_mf8,w_meta_mfbc,w_meta_mfraw,w_minicpm,w_muen,w_muen_q,w_olmo,w_olmo_q,wlo_besi,wlo_chin,wlo_chin245,wlo_chin_cl,wlo_chin_ne,wlo_chin_nls,wlo_chin_q,wlo_chin_q_pairs,wlo_deepseek,wlo_farseer,wlo_farseer_emb,wlo_farseer_q,wlo_gadre_c4,wlo_gadre_c4_q,wlo_gadre_rp,wlo_gadre_rp_q,wlo_gadre_rw,wlo_gadre_rw_q,wlo_hoff,wlo_marin_comma_a2,wlo_marin_comma_a3,wlo_marin_comma_mf,wlo_marin_comma_mfbc,wlo_marin_comma_mfraw,wlo_marin_dclm_a2,wlo_marin_dclm_a3,wlo_marin_dclm_mf,wlo_marin_dclm_mfbc,wlo_marin_dclm_mfraw,wlo_marin_nemotron_a2,wlo_marin_nemotron_a3,wlo_marin_nemotron_mf,wlo_marin_nemotron_mfbc,wlo_marin_nemotron_mfraw,wlo_meta_a2,wlo_meta_a3,wlo_meta_mf,wlo_meta_mf8,wlo_meta_mfbc,wlo_meta_mfraw,wlo_minicpm,wlo_muen,wlo_muen_q,wlo_olmo,wlo_olmo_q,whi_besi,whi_chin,whi_chin245,whi_chin_cl,whi_chin_ne,whi_chin_nls,whi_chin_q,whi_chin_q_pairs,whi_deepseek,whi_farseer,whi_farseer_emb,whi_farseer_q,whi_gadre_c4,whi_gadre_c4_q,whi_gadre_rp,whi_gadre_rp_q,whi_gadre_rw,whi_gadre_rw_q,whi_hoff,whi_marin_comma_a2,whi_marin_comma_a3,whi_marin_comma_mf,whi_marin_comma_mfbc,whi_marin_comma_mfraw,whi_marin_dclm_a2,whi_marin_dclm_a3,whi_marin_dclm_mf,whi_marin_dclm_mfbc,whi_marin_dclm_mfraw,whi_marin_nemotron_a2,whi_marin_nemotron_a3,whi_marin_nemotron_mf,whi_marin_nemotron_mfbc,whi_marin_nemotron_mfraw,whi_meta_a2,whi_meta_a3,whi_meta_mf,whi_meta_mf8,whi_meta_mfbc,whi_meta_mfraw,whi_minicpm,whi_muen,whi_muen_q,whi_olmo,whi_olmo_q,wtotalN_chin,wtotalN_chin_q
B:meta-llama/Llama-2-7b-hf,Llama-2-7b-hf,meta-llama/Llama-2-7b-hf,Llama-2,Llama-2,Meta,2023-07-18 00:00:00,2023,False,6738417664.0,6738417664.0,6476273664.0,262144000.0,0.03890290170057353,131072000.0,2000000000000.0,296.80558548411165,8.0861011968e+22,,True,common-D,common-D,0,server/unspecified,21.96151566074668,13.51480426346951,0.6714182690657119,3.5128190754293476,2.7803275593141055,4.511666529782036,0.7153283506701019,meta_mf,1.9496058987400355,4.695316988090609,ex post,3.5128190754293476,0.7153283506701019,0.427089581484175,16.5323697437948,0.9931759995109919,3.882844181660316,32,2.650273132254894,2.6733050016617095,4.104752600266958,2.6733050016617095,2.8375815337077253,3.484294753574848,3.0433828355478063,3.0433828355478063,3.352759301988427,2.2570366558014765,2.0804294837014465,3.038449160356215,2.6938666973743213,2.6709987423639876,2.9523104898420156,3.882844181660316,3.6554396046419817,3.186650945661192,1.745456331687252,1.2497689661036342,1.700179106702386,2.4708972779661145,2.7625443097941007,3.1199337755012713,1.495752530858103,2.497716272012526,2.8483650600664934,3.766194974978444,4.628590176320285,1.4715747302118802,2.637971157804931,2.877274328951472,3.430496262323962,4.038354393292317,1.9496058987400355,2.682193421347535,3.5128190754293476,4.695316988090609,3.183173554648918,3.6485338101644493,0.9931759995109919,1.9971905189031873,3.708921248315927,1.1599234229526143,2.533884260953114,,2.154175488191941,2.486218718992641,1.5087701543278946,2.2960422042312296,2.57971898788549,2.525706951421174,2.5478669181767013,2.993069386145039,1.931398793392595,1.7896811955510608,2.9178119929692845,0.9902690407121771,1.3021341850539923,2.1573075637684966,2.5378003784225203,1.8811497103411854,2.348750639748516,,1.0742153789004583,1.228152570531604,1.9587696735343285,2.348060908537221,2.600715519982897,1.1792341668701138,1.9046224850669944,1.9799167499329486,2.7237757347261837,3.182989713009194,1.2589801339588311,1.9477589204386911,2.0424444766135506,2.5646178910910393,2.9050355986670997,1.6975426890146474,1.9471196002256987,2.7803275593141055,,2.9442111626193497,3.3437452815931814,,0.4765423864815123,0.8260500698672951,0.427089581484175,2.0309222022548497,,3.6682057296010764,7.906969793615162,4.801027063401003,3.5642000859846306,4.432602530378835,3.660944637890018,4.333466180551713,3.7790161542424285,2.5636767232068456,2.4129908984144537,3.121597021287915,5.950636037425734,6.929417414613586,5.5054426235424865,8.118153343128787,5.882928762150234,8.752679159816347,,1.4205969849037594,2.8906139244685667,3.765266116862054,4.115427674955246,4.875019144077479,2.0356559722920196,4.390963932695665,4.534540897673653,6.228037742554874,8.276815205489333,1.8416623272480257,4.814596821069186,4.203063902111434,4.906853586098476,6.056501633318267,2.251273425740544,3.235963077844247,4.511666529782036,,3.45405664497646,3.9973048088214163,,6.766114811396665,16.5323697437948,2.2661200544632605,3.248564462828138,,
B:meta-llama/Llama-2-13b-hf,Llama-2-13b-hf,meta-llama/Llama-2-13b-hf,Llama-2,Llama-2,Meta,2023-07-18 00:00:00,2023,False,13015866880.0,13015866880.0,12688186880.0,327680000.0,0.02517542650221083,163840000.0,2000000000000.0,153.6586090222828,1.5619040256e+23,,True,common-D,common-D,0,server/unspecified,21.85745151955319,7.030033162138012,0.5655156916805294,2.4388476138099864,2.05821056722284,2.925786190976817,0.5899702817275277,meta_mf,1.6059777865610376,3.343827438095003,ex post,2.4388476138099864,0.5899702817275277,0.3135824282348436,7.2548648552128014,0.8171930182226855,3.157174377232009,32,2.1078967633270964,2.126900483529219,3.2614680626039996,2.126900483529219,2.3319329898124073,2.7533873160790505,2.3015790923908654,2.3015790923908654,2.580982201465229,1.868969290803647,1.5488391668124613,2.3350383613381904,2.2811894028413375,1.6891702566726985,2.515709487041179,2.596771612076795,3.157174377232009,1.9920507781914392,1.3961322577668787,1.1504814896787139,1.0968244797875293,1.7660338560417852,1.8943656026603128,2.044953264594885,1.3296044874194386,1.590221657507298,2.0972506825290407,2.555533252958895,2.9569228534046905,1.3099056719438205,1.7318022624708325,2.0927578395096544,2.3663961554557105,2.652119104108545,1.6059777865610376,2.2255031441806934,2.4388476138099864,3.343827438095003,2.2741441940697267,2.5053369201457087,0.8171930182226855,1.6009165748109817,1.8400805415115946,0.970964267996825,1.3436148349315675,,1.6932259134439944,1.9779328234568596,1.1642539823215483,1.8626381367686375,2.0510474590098733,1.9008894093268744,1.9470120679213265,2.3613335810195446,1.5673858823564366,1.2819195026592198,2.2383856597857563,0.805958617352352,0.6845715670136637,1.817576222285422,1.6932422970424281,1.5743292165358225,1.3353987841602104,,0.9424369942634073,0.7800423800455746,1.4692709039084855,1.6258918109649607,1.7233154001454318,1.0156995363379824,1.2084426274797957,1.5401473893298792,1.8857212297774881,2.0811860828975277,1.1142447145636953,1.315356865936287,1.551268454819617,1.7737187416954296,1.913468826953758,1.4431959901904876,1.5757412346070143,2.05821056722284,,2.1313898601953976,2.3301999180669997,,0.3135824282348436,0.42004816664397876,0.3214542688921835,1.061196597301543,,2.90298300601002,6.304146431804057,3.9354318617897985,2.968129550336219,3.5288812907973792,2.778642805008258,3.2181709350497263,2.8347944917209427,2.159888762622118,1.858454288144012,2.4081394625264414,5.042298027500732,4.371795023903283,4.764030862370869,5.1346003483917775,5.136488565830431,5.135381388185033,,1.257711774291387,1.9330889729631957,2.545029304179937,2.7436804231238345,3.096088569213639,1.8178299544300762,2.8279635792546354,3.1358631279920135,4.110951852581563,5.1215688689303684,1.569288383916712,3.258787995322062,2.9308180498840932,3.3319078338467016,3.9071901470399215,1.8990024064508748,2.691584785377117,2.925786190976817,,2.4395954440924807,2.7099427295773193,,5.888031907952784,7.2548648552128014,2.19062345809578,1.724174170669033,,
B:meta-llama/Llama-2-70b-hf,Llama-2-70b-hf,meta-llama/Llama-2-70b-hf,Llama-2,Llama-2,Meta,2023-07-18 00:00:00,2023,False,68976653312.0,68976653312.0,68452365312.0,524288000.0,0.007600948651835915,262144000.0,2000000000000.0,28.99531803831451,8.27719839744e+23,,True,common-D,common-D,0,server/unspecified,21.596056020424697,1.3426209864843786,0.11832766029990965,0.9677742461186838,0.9074662978605876,1.0397534986023,-0.03329883390734927,meta_mf,0.9668182952130466,1.4152177737123237,ex post,0.9677742461186838,-0.03329883390734927,0.06800675329761562,4.124030631074715,0.2716721990965118,2.1781836598043975,32,1.18021867833114,1.1918314124898022,1.821505949545367,1.1918314124898022,1.4259661820104013,1.5166035984392487,1.1342082029477754,1.1342082029477754,1.326494177245297,1.1648104542371922,0.7335135630985895,1.2069609234298646,1.4970623244087393,0.5291778689191617,1.677303486503957,0.937290037758904,2.1781836598043975,0.6060072924548552,0.7929906703043148,0.932861758886307,0.3613745504436966,0.7542991504784103,0.728517336106367,0.7014074761436564,0.9867126664475641,0.5067213543381829,0.9658221187626835,0.9569009975955536,0.950368554498773,0.9754731915324693,0.5963946234462151,0.9343245058956968,0.923822396802154,0.9141860165651094,0.9827447170950885,1.387064952084518,0.9677742461186838,1.4152177737123237,0.9702637205296509,0.9668182952130466,0.501242478318151,0.9142607162249243,0.3117152559226671,0.620312507890284,0.2716721990965118,,0.9320669533498651,1.0813241658755564,0.6039024726273844,1.100348715793868,1.110340467637225,0.931356812570889,0.9284169968690509,1.2917989318362586,0.9055308252945523,0.5517513796680229,1.1408583752837274,0.4762354765925363,0.09704279722952135,1.2238719960526947,0.4235225759788616,1.002945477901319,0.23514899800457145,,0.6723612041572019,0.2308557021512125,0.6753298592446491,0.6247071976730544,0.590491577348864,0.6087650705830709,0.3544182160707753,0.8005319712619663,0.7283067590858502,0.6932755488803368,0.7928095071372746,0.44021770113944686,0.7658338748696453,0.704402699288807,0.672484248316119,0.9066960237717054,0.9224321988669308,0.9074662978605876,,0.9160640094107837,0.906648785256331,,0.11899591629832129,0.06800675329761562,0.14422480751511146,0.17300339734903128,,1.668174640132153,3.5515516272205723,2.3656631584094936,1.878442567072845,1.962385385958296,1.373895173503921,1.512619607374946,1.3640936729686748,1.4360545109077496,0.9563440070004728,1.260504892079169,3.5786347410782615,1.6243586292924375,3.662404324053605,1.9373304532728648,3.7746683380052937,1.697329737367353,,1.0065706016696274,0.692842422086033,1.0198868330774757,1.0242416632416982,1.02718313057733,1.1724132083081285,0.926651875705156,1.3555560636929136,1.4659286475771038,1.5557555935827942,1.0828575917259768,1.212006274840111,1.2451765970550963,1.2870056886729975,1.3307056644058515,1.2077200103349344,1.7246847048801681,1.0397534986023,,1.0378161622075963,1.0423656547244404,,4.124030631074715,1.2944653725038504,1.9823213545520342,0.39982062958231074,,
B:huggyllama/llama-7b,llama-7b,huggyllama/llama-7b,Llama,Llama,Meta,2023-02-24 00:00:00,2023,False,6738417664.0,6738417664.0,6476273664.0,262144000.0,0.03890290170057353,131072000.0,1000000000000.0,148.40279274205582,4.0430505984e+22,,True,size-specific-D,size-specific-D,0,server/unspecified,22.07161660136387,6.723693847277393,0.5571620025816658,2.521572533496897,2.1211786594439537,3.034111066850342,0.6034220762179671,meta_mf,1.6346976205407564,3.2813033761142356,ex post,2.521572533496897,0.6034220762179671,0.4055924785806592,7.0219061020683675,0.8468165108495869,2.9902622556974303,32,2.056713796883969,2.0726147995349407,2.9985103922084,2.0726147995349407,2.2023894106988546,2.590527776055702,2.2581621401727494,2.2581621401727494,2.45739931002173,1.8185184943156285,1.6748530199841105,2.262669048701037,2.2461421622458957,1.7617694240373218,2.443313549099569,2.5647961482838944,2.9902622556974303,2.029828361150289,1.4326679393101784,1.1778050949244376,1.3340157540146906,1.9424818756303586,2.108253475095031,2.3051795528669037,1.365511360673002,1.8866030763869162,2.2476936355677326,2.789952763836952,3.2725160014832637,1.345460341721475,1.9986917362646248,2.2518327349363725,2.5775022827198266,2.9215671078992074,1.6346976205407564,2.15510330907421,2.521572533496897,3.2813033761142356,2.3451390955531757,2.59292532488374,0.8468165108495869,1.527475596838641,2.0558429842183052,1.040280386126466,1.5365421409234692,,1.7008293197222655,1.9363480487764744,1.2589966643592356,1.8104825384883831,2.0049048447874718,1.9094012425156535,1.9453834405698882,2.2586398769641742,1.5707171739813022,1.4457750656993562,2.1847731778026382,0.8711851675190756,0.8043128586445821,1.8190398555166511,1.7495182998312584,1.598076162443005,1.4300607626366704,,1.0203040264235683,0.9984231476867739,1.6132630585579184,1.8334703467925826,1.9714900035339624,1.1083437545988013,1.4839855669751267,1.6693424253100975,2.1189244626656443,2.381345951828088,1.1732202468660826,1.555632495456852,1.6909144980962905,2.002710972013555,2.1955003177948296,1.4687744568807564,1.6042774326465257,2.1211786594439537,,2.2034642739207015,2.418456645491638,,0.4110662303481083,0.56909953189537,0.4055924785806592,1.258691501505926,,2.723058516345972,5.283683660391862,3.5263196902524725,2.7117869839458164,3.2027973554962275,2.656833921758579,3.0242625751023158,2.685989088447643,2.049439299420803,1.932889311662023,2.3193633250879846,4.452843255180459,4.142224507632842,4.391176496969366,4.784119901242346,4.5372334918948285,4.774752909495611,,1.2952985276909947,2.1620272174987867,2.7609453990170283,2.9714208570063017,3.3852457529932845,1.7598681368355287,3.1336412845657544,3.2930672577430875,4.307368057350425,5.4053558062476545,1.6137980236797749,3.4529455625821965,3.0821203812021856,3.5077715220679426,4.141513193252352,1.8770287288425085,2.5435973155641065,3.034111066850342,,2.502708849598955,2.788430295073811,,4.667858365781999,7.0219061020683675,1.958876369971073,1.8951789569152564,,
B:huggyllama/llama-13b,llama-13b,huggyllama/llama-13b,Llama,Llama,Meta,2023-02-27 00:00:00,2023,False,13015866880.0,13015866880.0,12688186880.0,327680000.0,0.02517542650221083,163840000.0,1000000000000.0,76.8293045111414,7.809520128e+22,,True,size-specific-D,size-specific-D,0,server/unspecified,21.96703074937379,3.497482449389823,0.4144343921410437,1.7506541112186569,1.5687120360138458,1.9682366546845689,0.4287849361037488,meta_mf,1.3465737193497793,2.3368203445251203,ex post,1.7506541112186569,0.4287849361037488,0.2625446978560752,4.225582354207143,0.6967672806458294,2.582665943352813,32,1.6358088918379992,1.6489870839880008,2.3824933758341156,1.6489870839880008,1.8099302036658809,2.0471076143096507,1.7077505689864003,1.7077505689864003,1.8917265779554946,1.5058484814140043,1.2468954013236766,1.7388538523745138,1.902052429982762,1.1141632015765635,2.0819853116516076,1.7152864027058652,2.582665943352813,1.2688936552432808,1.1459432633332314,1.0842347641135794,0.8606041149767286,1.38835749575738,1.4456973054693787,1.5109245231832424,1.2138304935586206,1.2011440630016137,1.6549764204734916,1.8931088564289518,2.09061009601227,1.1976463694389978,1.3121215751748516,1.6378489050850737,1.777991003661532,1.9186884523222112,1.3465737193497793,1.7881593296762561,1.7506541112186569,2.3368203445251203,1.6754299967870894,1.780482759818318,0.6967672806458294,1.2244004652802054,1.0199506590712606,0.870811868817656,0.8147652388297011,,1.3405021097207062,1.548421542511762,0.9715143661910159,1.4727082921294032,1.57235907146383,1.4484877999237569,1.4703432631365951,1.7819173232647907,1.2661675352885942,1.0376941736093077,1.6703330180483942,0.7087321079694636,0.38427959301841047,1.5351193166963344,1.1151095690820398,1.342050202770745,0.763714545974368,,0.8975023322797838,0.6295483342912122,1.2081788883190783,1.2679248448266986,1.304477130551683,0.9115558411436199,0.9386063997064898,1.2948545328563688,1.4612100801246362,1.5499707006520953,1.0429533378715568,1.023350963147516,1.28327421228578,1.399297089056938,1.462915354728227,1.2486162489894,1.2985634058812323,1.5687120360138458,,1.591537232856684,1.6811222468009448,,0.2625446978560752,0.2952410403091029,0.30492638969004865,0.630408577793428,,2.1914852202159083,4.212627133258773,2.8844198731833326,2.2586622048198906,2.5390443809985603,2.0182176505819984,2.239441067730365,2.01487021012228,1.7362159170160778,1.5016723095522675,1.7923543086799933,3.7709563240443797,2.704728120722415,3.842387087236555,3.3016623913448697,4.225582354207143,2.8810994289997285,,1.1590595856073438,1.4456959042502406,1.875763892127493,1.9711949637433948,2.138042475765364,1.5123958649730327,2.0176858899349233,2.317886317728259,2.8349325098004328,3.3335552092319163,1.3700270013024813,2.3367330302829226,2.1602634373830316,2.3841115409507587,2.67461205582049,1.5833181488724914,2.1478327933842736,1.9682366546845689,,1.7745259573766232,1.898605415479414,,4.110705263613275,3.1862767458341814,1.883736529733298,1.043759415917584,,
B:huggyllama/llama-30b,llama-30b,huggyllama/llama-30b,Llama,Llama,Meta,2023-02-27 00:00:00,2023,False,32528947456.0,32528947456.0,32102963456.0,425984000.0,0.013095535924616208,212992000.0,1400000000000.0,43.03858899503889,2.732431586304e+23,,True,size-specific-D,size-specific-D,0,server/unspecified,21.769432873742957,1.97701930246192,0.2527391274763298,1.237689184456354,1.1626231099159225,1.3376417467295203,0.19204270946324642,meta_mf,1.1199827020960993,1.73403635356986,ex post,1.237689184456354,0.19204270946324642,0.12636815585154235,4.022449274415276,0.43117987160551724,2.3220293173575697,32,1.345341173485921,1.3574142257492832,2.0150197841415407,1.3574142257492832,1.5611346368044052,1.7036087299885652,1.3382207429418487,1.3382207429418487,1.52476307191752,1.2889286986889192,0.918869525727046,1.3949745687410924,1.6484217780335317,0.7207856753488245,1.826724916463058,1.198604871506241,2.3220293173575697,0.8215489140613735,0.9244049883915801,0.9945081848426105,0.5261247084887534,0.9779051138448006,0.97521397839553,0.9722879337623697,1.077000310596778,0.7344033280822057,1.2127012959275303,1.2767422821184762,1.3261755407180338,1.0638911474787762,0.8359637467387431,1.18462070281962,1.2184931962429055,1.2507792634187245,1.1199827020960993,1.5337343959844665,1.237689184456354,1.73403635356986,1.2171612638924771,1.245677770778369,0.5751551130637645,1.0252094338057258,0.5122045790977984,0.7175430550118069,0.43117987160551724,,1.0816565172905748,1.2473604693844285,0.7395840728956246,1.2350747131723705,1.2774571968537336,1.1185585635052242,1.1248292725169646,1.4656051764622902,1.0360916024648479,0.7251499010517417,1.3283657404707936,0.5656406157136614,0.1718615940068248,1.3517561236697881,0.6037804912165781,1.1307647396259801,0.3725860245395166,,0.7681924696550546,0.36158178269088154,0.873274896951045,0.851941618764839,0.8357532872177422,0.7377943436867477,0.5471856464066631,0.9883634738896688,0.9834350337901461,0.9808841472315903,0.898399234603331,0.6311667454053523,0.9563139470327872,0.9426826681790218,0.9353478129947376,1.0373098304495048,1.0629296514625393,1.1626231099159225,,1.1575982249507049,1.1777351460692667,,0.165582134495362,0.12636815585154235,0.20429475863055552,0.30030906110871347,,1.850770138350878,3.738142403766772,2.5359972138192406,2.0063670784424072,2.148487526331661,1.597694731203672,1.7689827351910083,1.5897395827763636,1.5380778193788742,1.1579934322836785,1.4468069457789878,3.5950505321345316,1.9637798048185844,3.65831205074354,2.3880726674024397,3.9281668610830334,2.036597349652625,,1.0733967859411058,0.9471964931406434,1.292406093149227,1.3351750859094333,1.3821920456498311,1.2832064473294313,1.2878768010913146,1.6798245877648652,1.9236076585204083,2.129576184393137,1.1860260918458987,1.5951008866209586,1.5557913397046481,1.6553214495396815,1.7694917937774164,1.3482983968185758,1.875872600676092,1.3376417467295203,,1.2898339761256903,1.3291051364502002,,4.022449274415276,1.7612599200069796,1.9212225947481,0.5966332983716562,,
B:huggyllama/llama-65b,llama-65b,huggyllama/llama-65b,Llama,Llama,Meta,2023-02-24 00:00:00,2023,False,65285665792.0,65285665792.0,64761377792.0,524288000.0,0.00803067554936765,262144000.0,1400000000000.0,21.444217241505925,5.483995926528e+23,,True,size-specific-D,size-specific-D,0,server/unspecified,21.660293163841573,0.9900243306634301,-0.004294635295671469,0.8412434131361805,0.7788734729274539,0.9068929866628691,-0.1887165883082166,meta_mf,0.8368671913221754,1.2588460810305449,ex post,0.8412434131361805,-0.1887165883082166,0.05928198325362658,3.4766665808782844,0.22137134338070588,1.9884947112845917,32,1.055859908216432,1.0656985131255488,1.5797758021863384,1.0656985131255488,1.2720465309502411,1.3279269630362807,0.9957237297255829,0.9957237297255829,1.1543424655530556,1.058596951809261,0.6724383045399586,1.0598323055069685,1.3824601152099483,0.44384299483619594,1.542156576609991,0.7830617249387776,1.9884947112845917,0.49972373931653763,0.729857470559373,0.9111018363752097,0.3308700178679392,0.6854189904447844,0.6542187985940269,0.6218137223925753,0.9508318609416421,0.45545161095195835,0.8771515948784402,0.8470018179683418,0.8254128558187626,0.9406210196350865,0.5355293185773444,0.845811992611678,0.8225683892903622,0.8015786542863866,0.9122321941301604,1.2588460810305449,0.8412434131361805,1.21076861562491,0.8527270225382961,0.8368671913221754,0.4692468953671542,0.8112864060194434,0.24396305936841456,0.5952380121373968,0.22137134338070588,,0.8422260642391607,0.9686263485278651,0.555408877779532,0.991091085096582,0.9911632443558805,0.8237192254350053,0.8191451371558137,1.1389045877999329,0.8260373863172629,0.5081287895582096,1.0048395820012643,0.45619096773161155,0.07732525768029858,1.1366438332092923,0.3463448802936355,0.9370782879563802,0.18868710362461852,,0.647578810352296,0.20897721361236052,0.6168352522167552,0.5630900705241726,0.5256729064843803,0.5855404273257137,0.31997648493033876,0.7453559377332677,0.6566513583051101,0.6150814391569697,0.7607962309706342,0.39887566042737616,0.7096443353708358,0.6379802684002402,0.6011405765695016,0.8466863044701581,0.8499057617321841,0.7788734729274539,,0.8060010976490474,0.7857746946544938,,0.11128274347340496,0.05928198325362658,0.14299416552861577,0.13838775521257296,,1.4552664647959532,2.9413637518076867,2.050261104629888,1.6562597617165056,1.6988622770282005,1.1942727784051297,1.2919738303373638,1.1708499504775831,1.3011644800866056,0.8714688644976275,1.106804381023746,3.162354972408378,1.335668876828171,3.3496764993545063,1.7531297697163983,3.3346929303230226,1.507865545878308,,0.979662936792132,0.6177869391072193,0.9173405664766073,0.9029025693367607,0.8919283265816288,1.115515539689943,0.8080696628149145,1.1991887155370835,1.2617906607816483,1.3082466020655623,1.0382985551782435,1.0552186108061614,1.1012998380412709,1.1206066358389142,1.1376211866878478,1.1098246097035251,1.5502516522223377,0.9068929866628691,,0.9099998905215686,0.8999423516470192,,3.4766665808782844,0.9744042506128039,1.8491936885745572,0.3240112824191387,,
B:meta-llama/Meta-Llama-3-70B,Meta-Llama-3-70B,meta-llama/Meta-Llama-3-70B,Llama-3,Llama-3 herd,Meta,2024-04-18 00:00:00,2024,False,70553706496.0,70553706496.0,68452360192.0,2101346304.0,0.029783641545736983,1050673152.0,15000000000000.0,212.60399694026583,6.34983358464e+24,,True,common-D,common-D,1,server/unspecified,21.280916584349427,9.990359019433432,0.6261166096800928,2.5054120348052806,2.088500184036015,3.0248301473502117,0.6008640550504423,meta_mf,1.6291222457773489,3.9639411486254583,contemporaneous,2.5054120348052806,0.6008640550504423,0.16989335129199745,11.68473174086923,0.7204679793710561,3.885780241112719,32,2.4470637996795497,2.478012002522387,4.502430637067261,2.478012002522387,2.978686983522644,3.560863779758587,2.6746307161288074,2.6746307161288074,3.272821752883402,2.182641117040486,1.363854574140681,2.8435780409639975,2.5247990283987716,1.7462849617639362,2.891489372223892,3.086009192232879,3.885780241112719,2.212378714054997,1.3971494455833866,1.105232402793218,0.7204679793710561,1.5007165571817185,1.577768537673469,1.6663038275485171,1.280690607065638,1.1279171398865933,1.902525974882154,2.2587539231747518,2.5638420309420518,1.2606399499720145,1.3170688197262337,1.8844060636604953,2.0939400605495218,2.3090836086421653,1.6291222457773489,2.603345822823296,2.5054120348052806,3.9639411486254583,2.3312846263822644,2.5758078284352153,0.7967314644462418,1.97817806261715,1.6912906727575172,0.8486346284682134,1.1503231176759925,,1.8143763971721405,2.2529023966700357,1.0130017128649678,2.1910349497758226,2.369015247649529,2.052816509463705,2.126194946412383,2.928328840644721,1.681361816741848,1.0184684413572667,2.6617278506598896,0.6818280551886928,0.5049659926874678,1.9997245083497979,1.7937576847744843,1.6085808758277118,1.294762085892141,,0.8149006242673802,0.43870619736608224,1.2341583529456934,1.3082519916875193,1.3510218769804596,0.8005510980999369,0.7588242580490687,1.3237736525414372,1.4971257766684247,1.5940753087967032,1.0184678685818278,0.8879569534445578,1.3077192906687531,1.4300063304063406,1.4993219662027926,1.4459775377083273,1.6069507865283703,2.088500184036015,,2.148133405332989,2.350671840712985,,0.19611256825522264,0.2343101411304659,0.16989335129199745,0.8213208533795888,,3.8102459045344363,11.375190809950324,5.796884040232156,4.153943711799059,4.981433889142195,3.479459435139944,4.264994801480925,3.680119915756511,2.7037083854652417,1.8061609209373881,2.9777318511981723,7.379599235069605,6.076480977502812,6.643781163039816,7.409517088011427,7.549065470329678,7.58991319146545,,1.2330074648544618,1.5794028121626125,2.354351088512256,2.539104519062233,2.8387771611471644,1.9201219552118407,2.4353629752540322,3.1662239448439613,4.186020727581426,5.229786723311378,1.5365077267563967,3.144658491232997,2.866308607640179,3.301194551748556,3.8664326248921275,2.081186606677448,3.374760914212854,3.0248301473502117,,2.5592093691671027,2.8588924368184743,,11.68473174086923,11.115407350868502,3.0210502620934343,1.6495240880865496,,
B:meta-llama/Meta-Llama-3-8B,Meta-Llama-3-8B,meta-llama/Meta-Llama-3-8B,Llama-3,Llama-3 herd,Meta,2024-04-18 00:00:00,2024,False,8030261248.0,8030261248.0,6979588096.0,1050673152.0,0.13083922422345584,525336576.0,15000000000000.0,1867.9342473118008,7.2272351232e+23,,True,common-D,common-D,1,server/unspecified,21.617201487550606,86.40962376131564,0.8513276172532214,8.355713625033404,5.6745223137985015,12.755942206163727,0.8803214130024708,meta_mf,3.0897070134167275,12.155027890601524,contemporaneous,8.355713625033404,0.8803214130024708,0.46776132430910017,168.05636119572483,1.4525226100275184,17.102570497218945,32,5.210693281718812,5.270983254526004,9.618893229995704,5.270983254526004,5.799340179735931,7.745847843151281,6.726198783692177,6.726198783692177,8.057891004647969,4.141398944159429,3.612211366907171,6.951798032199174,4.371230695204963,7.925085424073475,4.903908343171348,11.644631465389761,6.303094197886581,10.431931151194417,2.919957194659215,1.4525226100275184,3.0617828676168095,4.54736856478481,5.481356705760545,6.71973370769141,1.8890590610288571,5.00661711286298,5.226075629667308,8.124903072573254,11.253404466278374,1.8510936772185924,5.283574892717178,5.389775451545469,7.133553754818054,9.251875907285187,3.0897070134167275,4.82072818897105,8.355713625033404,12.155027890601524,7.074128035526678,8.908407136358857,1.544770518196687,4.105099979901072,17.102570497218945,1.538433645735586,9.605915723962978,,3.965813096813232,4.8548801808988635,2.382915882273204,4.4555612120397825,5.055107301216196,5.155307937044321,5.153862510787646,6.625412297830434,3.487902123035167,3.0121139410002806,6.5440350772002525,1.3609147976934175,3.5836526490175395,3.3991138181270464,5.5475408393523455,2.878771593120445,6.517801346633886,,1.2231868975987363,1.9653015899514363,3.172552318172092,4.370008226771715,5.213922044013145,1.4001539354810142,3.4942521975583003,3.021142914104018,5.204183488006117,6.72568894459018,1.4985325448126894,3.555314131471934,3.2334339482816543,4.719675749788774,5.795562690743119,2.4761854156696548,3.3084761875794366,5.6745223137985015,,6.241763030920725,7.745114867201259,,0.6687851660767975,2.1585778354396026,0.46776132430910017,6.9882906754045875,,8.120361343871785,24.02802790511866,11.25955837832859,7.78114385650081,10.723532958365684,8.835483364699316,11.772975851691662,9.905375977443127,4.821584049784942,4.294251652834781,7.234720410147257,11.83800966100004,29.08266928299883,11.027423681804908,30.977062324383112,12.013186342082193,46.09623596364468,,1.819604766157196,6.0829668455307155,8.621390180709305,9.759594012846316,12.820126314743023,3.095806934117629,10.412191848070783,10.226998951676846,16.466431554051315,25.454584983620148,2.6767683593998215,11.433143231310817,9.391950926997625,11.846760756318465,16.431471622323578,3.6497224889389273,6.183133669643633,12.755942206163727,,8.016493326987014,10.244995071189035,,18.903275159444462,168.05636119572483,3.443489969466519,15.512717796148793,,
B:meta-llama/Llama-3.1-405B,Llama-3.1-405B,meta-llama/Llama-3.1-405B,Llama-3.1,Llama-3 herd,Meta,2024-07-23 00:00:00,2024,False,405853388800.0,405853388800.0,401650696192.0,4202692608.0,0.010355199005301463,2101346304.0,15600000000000.0,38.437525546170825,3.798787719168e+25,,True,common-D,common-D,1,server/unspecified,21.0080320751268,1.8296585519630983,0.22758306181722765,0.9679943091076826,0.8822822659921593,1.076417133965247,-0.03306392464416545,meta_mf,0.9670447744101337,1.6411407320336044,contemporaneous,0.9679943091076826,-0.03306392464416545,0.03593301496874272,8.238528419995513,0.22106684730966408,2.6624492359207097,32,1.3508293451261097,1.369159122056123,2.4873608797450175,1.369159122056123,1.8030275593876048,1.9368927672298968,1.294637585696465,1.294637585696465,1.6447481042370724,1.3449705466878101,0.6302803281271875,1.4462019878230066,1.6397408640305073,0.5290262754866438,1.9101356462318133,1.0845790952969283,2.6624492359207097,0.6511798275138041,0.7804673941986565,0.8899587059114855,0.22786616967331694,0.6231389571982086,0.5878263855814523,0.5515974209757483,0.9414132102197573,0.34518756044487964,0.8547413231292136,0.8196813342855351,0.7947268628917609,0.9299752466865449,0.4372131568219917,0.8198815102739258,0.7932298513015837,0.7692824623289484,0.9828634552047036,1.605011518049965,0.9679943091076826,1.6411407320336044,0.9704670439800774,0.9670447744101337,0.4812560569814138,1.1158074936722158,0.2714656428198616,0.5335466764297486,0.22106684730966408,,0.985897655787886,1.2096168544356032,0.5140381277711966,1.280330090207535,1.257862323134591,0.9911630702065958,0.9855535080392399,1.5697413542981185,0.9526519791420469,0.42173746645921684,1.3346751913512644,0.3892643263107641,0.06677068019989209,1.290526591848159,0.4235940212652779,0.9968135286569307,0.21308657021838617,,0.5634609410687663,0.11894160634471461,0.5405333371493052,0.47904059806223015,0.4386363580323963,0.4699111779017228,0.20894902582980351,0.6679227467623323,0.5641284971104238,0.516083918780746,0.6888197013965627,0.2853275124606868,0.6307988598334304,0.5410444173621217,0.49880384485103335,0.8750984609943671,0.926437567351393,0.8822822659921593,,0.8925238457312086,0.8806447911916468,,0.07451966544916229,0.03593301496874272,0.0732295171182894,0.12463029893492548,,2.2160387727484405,6.373819990891518,3.4587454527277712,2.6083513152333397,2.756751005271949,1.6866005419412522,1.9769372698868408,1.7277361277682568,1.7683904433742235,0.9018418060729064,1.5313086586395093,5.214766660784517,2.0607746601767674,5.154418364226632,2.7150799503837573,5.7320066393285645,2.209087391512525,,0.9933595003441751,0.5490485020846217,0.9468151931293414,0.9374698602820504,0.9302504306824221,1.1857549974872734,0.7699599153597139,1.3483490446708581,1.462885863768893,1.5520248541554365,1.075056274430767,1.1350772314510256,1.211260375664382,1.24712966620043,1.2841159936226745,1.3084384018653057,2.141054844568622,1.076417133965247,,1.0707276678024453,1.0793852032289983,,8.238528419995513,1.971689027938653,2.7763403367164488,0.39005913142075577,,
B:meta-llama/Llama-3.1-70B,Llama-3.1-70B,meta-llama/Llama-3.1-70B,Llama-3.1,Llama-3 herd,Meta,2024-07-23 00:00:00,2024,False,70553706496.0,70553706496.0,68452360192.0,2101346304.0,0.029783641545736983,1050673152.0,15000000000000.0,212.60399694026583,6.34983358464e+24,a_dedupe,False,,common-D,1,server/unspecified,21.280916584349427,9.990359019433432,0.6261166096800928,2.5054120348052806,2.088500184036015,3.0248301473502117,0.6008640550504423,meta_mf,1.6291222457773489,3.9639411486254583,contemporaneous,2.5054120348052806,0.6008640550504423,0.16989335129199745,11.68473174086923,0.7204679793710561,3.885780241112719,32,2.4470637996795497,2.478012002522387,4.502430637067261,2.478012002522387,2.978686983522644,3.560863779758587,2.6746307161288074,2.6746307161288074,3.272821752883402,2.182641117040486,1.363854574140681,2.8435780409639975,2.5247990283987716,1.7462849617639362,2.891489372223892,3.086009192232879,3.885780241112719,2.212378714054997,1.3971494455833866,1.105232402793218,0.7204679793710561,1.5007165571817185,1.577768537673469,1.6663038275485171,1.280690607065638,1.1279171398865933,1.902525974882154,2.2587539231747518,2.5638420309420518,1.2606399499720145,1.3170688197262337,1.8844060636604953,2.0939400605495218,2.3090836086421653,1.6291222457773489,2.603345822823296,2.5054120348052806,3.9639411486254583,2.3312846263822644,2.5758078284352153,0.7967314644462418,1.97817806261715,1.6912906727575172,0.8486346284682134,1.1503231176759925,,1.8143763971721405,2.2529023966700357,1.0130017128649678,2.1910349497758226,2.369015247649529,2.052816509463705,2.126194946412383,2.928328840644721,1.681361816741848,1.0184684413572667,2.6617278506598896,0.6818280551886928,0.5049659926874678,1.9997245083497979,1.7937576847744843,1.6085808758277118,1.294762085892141,,0.8149006242673802,0.43870619736608224,1.2341583529456934,1.3082519916875193,1.3510218769804596,0.8005510980999369,0.7588242580490687,1.3237736525414372,1.4971257766684247,1.5940753087967032,1.0184678685818278,0.8879569534445578,1.3077192906687531,1.4300063304063406,1.4993219662027926,1.4459775377083273,1.6069507865283703,2.088500184036015,,2.148133405332989,2.350671840712985,,0.19611256825522264,0.2343101411304659,0.16989335129199745,0.8213208533795888,,3.8102459045344363,11.375190809950324,5.796884040232156,4.153943711799059,4.981433889142195,3.479459435139944,4.264994801480925,3.680119915756511,2.7037083854652417,1.8061609209373881,2.9777318511981723,7.379599235069605,6.076480977502812,6.643781163039816,7.409517088011427,7.549065470329678,7.58991319146545,,1.2330074648544618,1.5794028121626125,2.354351088512256,2.539104519062233,2.8387771611471644,1.9201219552118407,2.4353629752540322,3.1662239448439613,4.186020727581426,5.229786723311378,1.5365077267563967,3.144658491232997,2.866308607640179,3.301194551748556,3.8664326248921275,2.081186606677448,3.374760914212854,3.0248301473502117,,2.5592093691671027,2.8588924368184743,,11.68473174086923,11.115407350868502,3.0210502620934343,1.6495240880865496,,
B:meta-llama/Llama-3.1-8B,Llama-3.1-8B,meta-llama/Llama-3.1-8B,Llama-3.1,Llama-3 herd,Meta,2024-07-23 00:00:00,2024,False,8030261248.0,8030261248.0,6979588096.0,1050673152.0,0.13083922422345584,525336576.0,15000000000000.0,1867.9342473118008,7.2272351232e+23,a_dedupe,False,,common-D,1,server/unspecified,21.617201487550606,86.40962376131564,0.8513276172532214,8.355713625033404,5.6745223137985015,12.755942206163727,0.8803214130024708,meta_mf,3.0897070134167275,12.155027890601524,contemporaneous,8.355713625033404,0.8803214130024708,0.46776132430910017,168.05636119572483,1.4525226100275184,17.102570497218945,32,5.210693281718812,5.270983254526004,9.618893229995704,5.270983254526004,5.799340179735931,7.745847843151281,6.726198783692177,6.726198783692177,8.057891004647969,4.141398944159429,3.612211366907171,6.951798032199174,4.371230695204963,7.925085424073475,4.903908343171348,11.644631465389761,6.303094197886581,10.431931151194417,2.919957194659215,1.4525226100275184,3.0617828676168095,4.54736856478481,5.481356705760545,6.71973370769141,1.8890590610288571,5.00661711286298,5.226075629667308,8.124903072573254,11.253404466278374,1.8510936772185924,5.283574892717178,5.389775451545469,7.133553754818054,9.251875907285187,3.0897070134167275,4.82072818897105,8.355713625033404,12.155027890601524,7.074128035526678,8.908407136358857,1.544770518196687,4.105099979901072,17.102570497218945,1.538433645735586,9.605915723962978,,3.965813096813232,4.8548801808988635,2.382915882273204,4.4555612120397825,5.055107301216196,5.155307937044321,5.153862510787646,6.625412297830434,3.487902123035167,3.0121139410002806,6.5440350772002525,1.3609147976934175,3.5836526490175395,3.3991138181270464,5.5475408393523455,2.878771593120445,6.517801346633886,,1.2231868975987363,1.9653015899514363,3.172552318172092,4.370008226771715,5.213922044013145,1.4001539354810142,3.4942521975583003,3.021142914104018,5.204183488006117,6.72568894459018,1.4985325448126894,3.555314131471934,3.2334339482816543,4.719675749788774,5.795562690743119,2.4761854156696548,3.3084761875794366,5.6745223137985015,,6.241763030920725,7.745114867201259,,0.6687851660767975,2.1585778354396026,0.46776132430910017,6.9882906754045875,,8.120361343871785,24.02802790511866,11.25955837832859,7.78114385650081,10.723532958365684,8.835483364699316,11.772975851691662,9.905375977443127,4.821584049784942,4.294251652834781,7.234720410147257,11.83800966100004,29.08266928299883,11.027423681804908,30.977062324383112,12.013186342082193,46.09623596364468,,1.819604766157196,6.0829668455307155,8.621390180709305,9.759594012846316,12.820126314743023,3.095806934117629,10.412191848070783,10.226998951676846,16.466431554051315,25.454584983620148,2.6767683593998215,11.433143231310817,9.391950926997625,11.846760756318465,16.431471622323578,3.6497224889389273,6.183133669643633,12.755942206163727,,8.016493326987014,10.244995071189035,,18.903275159444462,168.05636119572483,3.443489969466519,15.512717796148793,,
B:Qwen/Qwen1.5-72B,Qwen1.5-72B,Qwen/Qwen1.5-72B,Qwen1.5,Qwen1.5,Alibaba,2024-02-04 00:00:00,2024,False,72287920128.0,72287920128.0,69796503552.0,2491416576.0,0.03446518549141342,1245708288.0,3000000000000.0,41.50070986532617,1.301182562304e+24,a_dedupe,False,,size-specific-D,1,server/unspecified,21.5256902681784,1.92796186084109,0.24467005810665807,,,,,,,,,1.3239247440573556,0.24467005810665807,0.08484490719282202,5.038848957906493,0.35263739848366304,2.4243107762037805,32,1.346772383893204,1.3608121809858011,2.153254402008872,1.3608121809858011,1.6444564369736219,1.7737401688612113,1.3239247440573556,1.3239247440573556,1.5792304182263959,1.3145218350345655,0.8154002077006002,1.4232457480608236,1.6454050839823602,0.6533493870947678,1.8524028630815308,1.160861267964946,2.4243107762037805,0.7630019616610408,0.8760504979855979,0.9601151135439089,0.40366034526313305,0.8477789905390584,0.8306863165405506,0.8124405475169412,1.0320299070743784,0.5782139038163248,1.0854175201882197,1.1094192769051514,1.1274766220836525,1.0194767088086418,0.6807982035085172,1.0541848299997207,1.0634820676882921,1.0721796479742745,1.0744801295879667,1.55563487171192,1.1447555779261216,1.7035487832909686,1.1326818988930127,1.1494342917085523,0.5471416149108292,1.052798264209525,0.4187726116507066,0.6552394925898662,0.35263739848366304,,1.0505875692871969,1.2323308693221953,0.6590626333892563,1.2584355922771713,1.2709316007667724,1.0753215680141248,1.0784774523487295,1.5129697215957316,1.019268514380431,0.6107610159371482,1.3421525715948868,0.5025123597841625,0.12637971099134365,1.3360560978654934,0.5395022543874693,1.0880964170548175,0.3120547423438449,,0.7001775036225243,0.2563578243272002,0.7496401279569532,0.7094179293768921,0.6808497707330547,0.6395955251295533,0.40405599260062447,0.8751099520794945,0.8269562262606378,0.8028826075599084,0.8342202328389354,0.4954652160780905,0.8356096835040081,0.7948249490359554,0.7710343549704964,0.987486279312702,1.0175180063157288,1.0711221147033338,,1.064834745923337,1.072746741582567,,0.12956555832216612,0.08484490719282202,0.14985129783423753,0.23008929797358393,,1.9588203929881423,4.424073013312159,2.796849388311945,2.1919508774709886,2.324154661157685,1.6245825436357568,1.8317113959199645,1.6522550105529854,1.6241070057970712,1.0697133047188274,1.4854947593834968,4.0437794789567825,1.9867606033609793,4.049894813450922,2.485839543381015,4.408893301760557,2.0893084014446295,,1.0464576039725153,0.7969043506782717,1.166074951554641,1.1895146850041978,1.2144888216896135,1.2459837667545328,1.0941091622361399,1.5688967782208232,1.764091910785596,1.9268693960713803,1.1427763695541266,1.4319339494671834,1.4230236892432777,1.5154105792266308,1.6011098769648553,1.3353554177032771,1.9556397074646612,1.241949776876583,,1.2150681635200253,1.243283440627347,,5.038848957906493,1.8482498674142263,2.1500148442244527,0.526547238991277,,
B:Qwen/Qwen1.5-32B,Qwen1.5-32B,Qwen/Qwen1.5-32B,Qwen1.5,Qwen1.5,Alibaba,2024-04-01 06:19:21,2024,False,32512218112.0,32512218112.0,30955082752.0,1557135360.0,0.04789385192470996,778567680.0,4000000000000.0,123.03067069187853,7.80293234688e+23,h_D_undocumented,False,,size-specific-D,1,server/unspecified,21.605251454022824,5.694479925572477,0.5245700531844615,,,,,,,,,2.10335929972032,0.5245700531844615,0.22126213432677538,6.942161299292116,0.7400058444588774,3.1479958464849154,32,1.975559187173868,1.996161315532224,3.242776428708335,1.996161315532224,2.3160082688640173,2.669412306095845,2.10335929972032,2.10335929972032,2.4913861366268257,1.8061907169143185,1.2764119964171112,2.211413472256672,2.1711181258046053,1.3541984036695445,2.433320776808183,2.2468951719783377,3.1479958464849154,1.6272719824546247,1.2469041651271722,1.0880435160352597,0.7599290780413497,1.4082511809597371,1.4689881050931726,1.5382066470282145,1.2364569753187453,1.1237187488864038,1.7363789003128332,2.011836757922809,2.242837159725748,1.2186272403408818,1.2731307833628414,1.717537834368349,1.8792966307080787,2.042937252862054,1.4627031549276297,2.1366395795169697,2.045550509387575,2.9844825595293756,1.9338979126299374,2.09019806579983,0.7400058444588774,1.5390489955723718,1.252570883909436,0.8502878037810907,0.9358746523190659,,1.5409832847312308,1.8435019356089408,0.9730481960816293,1.7888451476356968,1.901041017209265,1.695531671728867,1.738119485492096,2.2869292247761743,1.4507872832125013,1.004480935034827,2.0956281538860595,0.6903102973035257,0.4152056289550415,1.7446853126639235,1.3761437974691673,1.4517277823470693,0.9609368809238505,,0.8473088757429045,0.5042746389103488,1.196002008218377,1.2554096131682626,1.2900680552234707,0.8416814235743028,0.8106899085287528,1.2879102634924053,1.4329562996867207,1.5153930190410279,1.0207964277093813,0.9203901813836756,1.2678601748748464,1.3775854888007035,1.437239279735519,1.3263891283937825,1.4250606224742086,1.7738716769502687,,1.8108661261417243,1.9421205480265906,,0.22126213432677538,0.2440091744117378,0.22281379059570022,0.6952009404587021,,2.862361291912547,6.884842320303841,4.060544285436137,3.0614648920817134,3.5202369445187607,2.61148028525938,3.0421166360179246,2.7268401798196957,2.161393310361931,1.6190079701969253,2.299038394655354,5.350013445626396,4.0130254177013835,5.043412938587417,4.6004178675089396,5.636756655894395,4.528509994742636,,1.1895170277427252,1.4658291929938803,2.0487992957054475,2.174433828508092,2.3863561174132917,1.6767948230315763,2.14829756835042,2.6532908706003533,3.3603375039912735,4.057224901137083,1.4359310719095444,2.6405611648087364,2.428516325651898,2.7379699759034812,3.1283593657228312,1.7977069979620446,2.6724881689869364,2.373349047128147,,2.0840393911506316,2.2724086294860557,,6.942161299292116,5.675221597497793,2.4150751957353966,1.2656610223983549,,
B:Qwen/Qwen1.5-14B,Qwen1.5-14B,Qwen/Qwen1.5-14B,Qwen1.5,Qwen1.5,Alibaba,2024-02-04 00:00:00,2024,False,14167290880.0,14167290880.0,12610155520.0,1557135360.0,0.10991059428293459,778567680.0,4000000000000.0,282.34050065611416,3.4001498112e+23,h_D_undocumented,False,,size-specific-D,1,server/unspecified,21.73512241674705,12.990057991970131,0.665808913451144,,,,,,,,,2.9923000350693325,0.665808913451144,0.333161996407949,15.49851995404716,0.9601486872306921,3.7873430460730675,32,2.6373167930610224,2.6637367172565907,4.3344605429198895,2.6637367172565907,3.0099003632801433,3.592764924147102,2.9923000350693325,2.9923000350693325,3.529178172109532,2.3236709996883267,1.8521782518815821,3.1432138840243,2.677947248927786,2.41421126525206,2.9777927725257554,3.7328010939256457,3.7873430460730675,2.9437753959739066,1.652733370481013,1.2078335792334718,1.3211766729608776,2.1513780581323196,2.3645794010193155,2.621210527619705,1.4345067464853154,1.9864277096582084,2.5550016084909553,3.281723528803591,3.947749770770224,1.4113793038660014,2.165156548470468,2.566621440619013,3.002483926431485,3.4727138938768034,1.8681279392759775,2.7040386144931894,3.241638958431714,4.5801618735868415,2.9560084450804016,3.3587258753519116,0.9601486872306921,2.034448306600841,3.0331880931662663,1.0708618224906503,2.1309611778865927,,2.0755984903919336,2.454891290118972,1.349432980393485,2.3677019301393,2.5652469185386964,2.4150082151302783,2.4720648375811276,3.13544244502192,1.9412880568733983,1.5279158080876705,2.9948063526241295,0.9007270436040097,1.0561679758468994,2.093127628040395,2.3233877681775668,1.8072453791526268,2.0229522680430274,,0.9843786104310758,0.9100746975677104,1.7220366781456395,1.991193490934296,2.162345446464652,1.0932994498381028,1.4790564816391905,1.7782927857201682,2.3113047798057487,2.6328894247882806,1.1853820590385775,1.603711166460015,1.7953608084948705,2.158828101671195,2.3902726616468293,1.633481044211672,1.8607353311609114,2.599160250324416,,2.7332468032928148,3.0770740683788635,,0.35779867296376866,0.5780075823933634,0.333161996407949,1.666032221874585,,3.785523003511691,9.162878270007411,5.219491614004068,3.907798770720524,4.742719049173533,3.6900597751274673,4.438335564828565,3.998095613857739,2.7024898554854655,2.2263900195811446,3.242255204675329,6.582342528178703,6.979173216610705,5.8626999710379435,8.077009235694044,6.498613114362903,8.799089747974945,,1.3526979165057773,2.4405808589291427,3.3268578069910144,3.646065368091186,4.256859904341913,2.0378818404417265,3.7443862797830505,4.073710272759093,5.670556144653171,7.4268617893368285,1.74233934638579,4.32183662574051,3.7997797072802255,4.430797138958049,5.395544408809926,2.228267428812157,3.3297364424064817,4.091651590923111,,3.216936822875231,3.6918204070531635,,8.283160400317572,15.49851995404716,2.5305367559917875,2.88067681129755,,
B:Qwen/Qwen1.5-7B,Qwen1.5-7B,Qwen/Qwen1.5-7B,Qwen1.5,Qwen1.5,Alibaba,2024-02-04 00:00:00,2024,False,7721324544.0,7721324544.0,6476664832.0,1244659712.0,0.16119769411417706,622329856.0,4000000000000.0,518.0458323187923,1.85311789056e+23,h_D_undocumented,False,,size-specific-D,1,server/unspecified,21.830508071682278,23.73036076933006,0.7416931376701594,,,,,,,,,3.8713644344572886,0.7416931376701594,0.4361220295333745,32.696647323619004,1.1648111205148257,5.788234011387576,32,3.2571716224405636,3.2888238200267734,5.3581169397736526,3.2888238200267734,3.6559052664549085,4.463693362067555,3.8713644344572886,3.8713644344572886,4.574249718537291,2.801251770250839,2.431227489932265,4.080117233118153,3.121614564212955,3.683328346514689,3.4512015829397487,5.408934387676633,4.335183695535369,4.539527979773336,2.0305524936115034,1.3036191456497692,1.979055813066034,2.9321492728241556,3.3481788215954347,3.869383749237072,1.5989975638372438,3.0119701031861257,3.388114001145605,4.692187194599071,5.9671380449393805,1.5712323914011224,3.1914852308540045,3.4421561554623077,4.228249186315597,5.117109635336521,2.2337790336125747,3.2117861234287273,4.538001148452318,6.263157876651237,4.030390202308543,4.749877359112645,1.1648111205148257,2.4945900245750057,5.788234011387576,1.2687541750193077,3.902188892252175,,2.577704117464338,3.046033013138864,1.7137142134385357,2.9103232478130696,3.167707227356231,3.1197513174702385,3.157964945194254,3.966233573652347,2.3817771719818914,2.071633746409006,3.898390242532958,1.0760359773511783,1.7453589937571357,2.4702308888785938,3.380795284118891,2.1365478939617306,3.213537815554746,,1.1084642132789173,1.3761052483071237,2.2354255641079406,2.784291228443569,3.1474475197045004,1.2263713545756267,2.229495249355051,2.2286153457143034,3.2599758650178923,3.9175362441135158,1.3275077469136094,2.266733136797295,2.3225898935998206,3.0327001300367065,3.5123136156859407,1.8971698662526055,2.262136548258045,3.433056698787232,,3.674111128899464,4.283028401879093,,0.5027016763237316,1.0273611983191944,0.4361220295333745,3.093567488101038,,4.68625046310144,11.291075332587834,6.284149609464827,4.6953037994445515,5.85157692090651,4.797232639069278,5.849675167213225,5.316712754656419,3.2075359845922855,2.8407677958511792,4.206130194229247,7.392319917248499,10.45710772584208,6.735115659058823,12.002036805262263,7.40709129490942,14.610497123486484,,1.5180387599861902,3.559432442418614,4.744217903601764,5.270191236685055,6.430543004910167,2.3599093455353444,5.617582199747737,5.7740969491532805,8.292881110938637,11.522667742136182,2.048826292302364,6.192124170840244,5.304792094894835,6.3376236861332504,8.091907445772467,2.6067583511245207,3.9598090004218074,6.129920145937044,,4.435767328124677,5.286994262269328,,9.521651106004928,32.696647323619004,2.6174222739594524,5.104671383762833,,
B:Qwen/Qwen1.5-4B,Qwen1.5-4B,Qwen/Qwen1.5-4B,Qwen1.5,Qwen1.5,Alibaba,2024-01-22 17:01:16,2024,False,3950369280.0,3950369280.0,3172456960.0,777912320.0,0.19692141793893259,388956160.0,2400000000000.0,607.5381388142022,5.6885317632e+22,h_D_undocumented,False,,size-specific-D,1,server/unspecified,22.017310738178026,27.59365782855264,0.757821086689351,,,,,,,,,4.1291786569265625,0.757821086689351,0.5828845021273751,42.253984053645894,1.273847514925312,7.648480214318884,32,3.411277029971586,3.4408838487012816,5.37245420071245,3.4408838487012816,3.735417076157816,4.559451438166846,4.1291786569265625,4.1291786569265625,4.705315979825595,2.9185162578340105,2.7981490634748525,4.34187579703677,3.2338269223064446,4.321451380380398,3.5330936575452947,6.001265434613197,4.340169144762467,5.252411674182443,2.2036116883361547,1.3575801297846188,2.5858878023218774,3.4566235130360257,4.027997951184239,4.759201157062844,1.6855691620632185,3.878394211169631,3.885882212122564,5.582037336144542,7.293063383112962,1.6558262918094184,3.9923393285077187,3.9731186292892535,4.998372064716902,6.184568259308166,2.389880710660665,3.3055028207193122,5.153147048587667,6.794830232137852,4.531323855141338,5.414470224626464,1.273847514925312,2.564249281183601,7.648480214318884,1.4079968194251509,5.210218100396058,,2.7577986939816888,3.215472334910478,1.9351004068637987,3.046689241069595,3.3091874002585233,3.3813963275187513,3.3765885924911982,4.06908084154754,2.5616683473158885,2.44488515129219,4.158566705778029,1.2243435578529682,2.2092009340903496,2.5734901791256974,3.672950227661562,2.2540521402383185,3.8161305487204014,,1.1860644770272661,1.8207123339478373,2.5748916281468,3.3654014529083325,3.891677229646391,1.3574788243924927,2.9185942841932797,2.519368831543459,3.9685611849802656,4.917148158669317,1.3954478219628037,2.9477574887965567,2.6673199992683516,3.654225162054922,4.337843588296459,2.011587319018241,2.4609351466056264,3.8091819707110317,,4.1230976344418115,4.8721740033986745,,0.6498338330113188,1.5540319212373934,0.5828845021273751,4.191235431158862,,4.7716451035139364,10.564876645597911,6.151910148303309,4.688217349867319,5.806749393556267,5.050498968004215,6.1746762906878105,5.484358625846013,3.3011588513553,3.209079310772049,4.4695455058723566,7.103751880571485,11.28678362118612,6.568511729556224,13.560547918952846,7.067453182112737,15.794682339426874,,1.633697914195477,4.40296779134558,5.706154175069226,6.324268892482739,7.88700225178409,2.4493034567299974,6.81929037016053,6.569869976730791,9.74400537938936,13.882710166582925,2.2360896889084767,7.24753013956189,6.133646193669891,7.426637627282178,9.683451385410018,2.7110839959008954,4.015368817564128,7.164826347786228,,4.991535219086157,6.03275148625655,,8.312666982975484,42.253984053645894,2.429614205834065,7.272543219185592,,
B:Qwen/Qwen1.5-1.8B,Qwen1.5-1.8B,Qwen/Qwen1.5-1.8B,Qwen1.5,Qwen1.5,Alibaba,2024-01-22 16:53:32,2024,False,1836828672.0,1836828672.0,1214498816.0,622329856.0,0.33880669737280755,311164928.0,2400000000000.0,1306.5998133548298,2.64503328768e+22,h_D_undocumented,False,,size-specific-D,1,server/unspecified,22.139288009849018,59.017246298687105,0.8250122484506451,,,,,,,,,5.7146856916894135,0.8250122484506451,0.88971432457474,113.2160550302484,1.4947951805490391,17.284538934664337,32,4.452300862264723,4.489259741153901,7.020101283086182,4.489259741153901,4.943407524674149,5.995760864597609,5.7146856916894135,5.7146856916894135,6.80823454170637,3.8207086421633236,3.943916468330803,6.323358962716211,3.9238743006319408,7.36379217531962,4.255959876560599,9.582264541382976,5.146740258505436,9.071641354454666,2.857212144983061,1.4947951805490391,4.305549497372941,5.108666745696354,6.246978111253179,7.7791517814613,1.9329833630705104,6.557426042450237,5.547893711714297,8.763870317753458,12.282132432954102,1.895851224981698,6.513624999446179,5.75379803649016,7.6986228034221424,10.085982121512073,2.9944974469509,4.107017849572259,7.877746323949828,10.084512988853817,6.700353362061257,8.383911763796364,1.6828563687757871,3.3165306333290854,17.284538934664337,1.7660400420127653,11.692410250869692,,3.6278201631204166,4.230268201434117,2.5730899236410623,4.091239830439239,4.428854124729437,4.6625580518248535,4.574419592910989,5.687106427729173,3.403590979747992,3.4421221372087096,6.029942273242914,1.5678423215777009,3.9784952149311117,3.1193159629959166,4.947531468675439,2.7644744024946886,5.821912362260256,,1.3356261113872627,3.0080260334450246,3.5403848903518194,5.132394260283627,6.242573636525202,1.5081960283754927,4.904570122797183,3.3569511363106614,6.063295644530511,8.024361789783482,1.5565654448706452,4.7010720994044926,3.6436187386995695,5.586461917853678,7.014724430312721,2.4300304159733077,3.227803453636968,5.414504024160736,,5.970127920091737,7.36931443055615,,1.0764329032862037,3.4825595368065807,0.88971432457474,8.881572109219345,,6.223483947944356,13.749974010852018,7.808241819800613,6.115633469988023,7.610215918421662,7.110723957599659,8.941608784265442,8.230835866349048,4.361569789302109,4.453625023376018,6.537349716977583,8.18645885919427,22.10938302043927,7.773427833841191,24.06918822370897,8.336038160350396,32.31304382883275,,1.8834992262735013,7.358653396697816,9.088458021297294,10.241623040981652,13.531191593012743,2.984371045028912,11.168129218104452,9.996964400922696,16.389675886725755,25.31753317551065,2.794269230769315,11.825544578084616,9.391707032638031,11.798566720574595,16.35580075002271,3.3044919216797637,4.936128601331242,11.99384870567862,,7.552736052131116,9.584773630967554,,9.891428633976652,113.2160550302484,2.6086398301964024,18.249483717493714,,
B:Qwen/Qwen1.5-0.5B,Qwen1.5-0.5B,Qwen/Qwen1.5-0.5B,Qwen1.5,Qwen1.5,Alibaba,2024-01-22 16:30:10,2024,False,619570176.0,619570176.0,463987712.0,155582464.0,0.251113546175599,155582464.0,2400000000000.0,3873.6532082525546,8.9218105344e+21,h_D_undocumented,False,,size-specific-D,1,server/unspecified,22.313557682362923,173.60087814747564,0.8896634333329241,,,,,,,,,9.063178511049294,0.8896634333329241,1.5110524181667222,468.5719308906251,1.7136683652705758,54.975325108409336,32,6.4973835268397675,6.547834574633344,10.261513729620763,6.547834574633344,6.545970170435361,8.843634992653746,9.063178511049294,9.063178511049294,9.770044834983754,5.0046758345810485,6.419001589530156,9.216531625502112,5.163266282621937,15.689306850796582,5.542785714606868,18.61586336072925,6.555238866494808,19.701430902126777,4.130831446918325,1.7136683652705758,8.876949365818346,8.89366340265046,11.64501286070719,15.623721229408034,2.347705561912358,13.817324614754947,9.19579548611135,16.623386700682254,25.735146661882478,2.297405218057646,13.047747738314035,9.731793209025868,14.211199657543336,20.191394669432917,4.124109842976384,5.5890826528664315,14.38799325840081,17.660871890517143,11.672904818680204,15.593278200196115,2.224514953607857,4.777944459761504,54.975325108409336,2.427538508084317,36.37676120542578,,5.351844783825667,6.252555327541826,3.952960268533094,5.480887434711333,6.486447262679337,7.240627440640042,7.061123592068733,7.889307671060419,4.418960463123383,5.5833712391620525,8.75512544968665,2.2701459777375765,8.639831877594602,4.011888275727286,7.367107659897584,3.675994633314983,9.53111003606222,,1.5714210581317978,6.135902450582239,5.621398024644077,9.19692471465222,11.995422783942193,1.7363451874647944,10.002958983636885,4.9781891672978285,11.068764330189603,16.085847487142352,1.802550932687594,9.275505167585033,5.668275703755018,10.072870181065385,13.674373070012832,3.1782275725671796,4.495920293691015,8.831918875633958,,10.102823383960862,13.268086294093553,,1.9530000819146085,9.259774218618272,1.5110524181667222,24.718095969264667,,8.916026272474975,20.878054531795698,10.952182415399099,7.967940740116166,11.136817069112858,11.553443881989438,14.642894762213524,12.241195919673928,5.779802095462623,7.369117835832037,9.586577681273198,10.737415573994557,79.99601442184269,9.393921203980357,54.581422652289966,10.813202849290292,105.08371814947732,,2.3879829147144336,14.744086160023215,17.595810939739053,20.74883530996463,29.83128145540571,3.979177760800643,23.703297584710196,18.325320771990715,33.41410085553792,57.66103771704481,3.8336806141886757,24.3057196448082,17.38405887709577,22.906637726231274,34.668449069075656,4.586481993704543,6.6722890055543385,24.676368377482994,,13.62703263911138,18.538790398993086,,13.761080380958688,468.5719308906251,3.144194101385432,72.4081234415319,,
B:Qwen/Qwen-72B,Qwen-72B,Qwen/Qwen-72B,Qwen,Qwen,Alibaba,2023-11-30 00:00:00,2023,False,72287920128.0,72287920128.0,69796503552.0,2491416576.0,0.03446518549141342,1245708288.0,3000000000000.0,41.50070986532617,1.301182562304e+24,,True,size-specific-D,size-specific-D,1,server/unspecified,21.5256902681784,1.92796186084109,0.24467005810665807,,,,,,,,,1.3239247440573556,0.24467005810665807,0.08484490719282202,5.038848957906493,0.35263739848366304,2.4243107762037805,32,1.346772383893204,1.3608121809858011,2.153254402008872,1.3608121809858011,1.6444564369736219,1.7737401688612113,1.3239247440573556,1.3239247440573556,1.5792304182263959,1.3145218350345655,0.8154002077006002,1.4232457480608236,1.6454050839823602,0.6533493870947678,1.8524028630815308,1.160861267964946,2.4243107762037805,0.7630019616610408,0.8760504979855979,0.9601151135439089,0.40366034526313305,0.8477789905390584,0.8306863165405506,0.8124405475169412,1.0320299070743784,0.5782139038163248,1.0854175201882197,1.1094192769051514,1.1274766220836525,1.0194767088086418,0.6807982035085172,1.0541848299997207,1.0634820676882921,1.0721796479742745,1.0744801295879667,1.55563487171192,1.1447555779261216,1.7035487832909686,1.1326818988930127,1.1494342917085523,0.5471416149108292,1.052798264209525,0.4187726116507066,0.6552394925898662,0.35263739848366304,,1.0505875692871969,1.2323308693221953,0.6590626333892563,1.2584355922771713,1.2709316007667724,1.0753215680141248,1.0784774523487295,1.5129697215957316,1.019268514380431,0.6107610159371482,1.3421525715948868,0.5025123597841625,0.12637971099134365,1.3360560978654934,0.5395022543874693,1.0880964170548175,0.3120547423438449,,0.7001775036225243,0.2563578243272002,0.7496401279569532,0.7094179293768921,0.6808497707330547,0.6395955251295533,0.40405599260062447,0.8751099520794945,0.8269562262606378,0.8028826075599084,0.8342202328389354,0.4954652160780905,0.8356096835040081,0.7948249490359554,0.7710343549704964,0.987486279312702,1.0175180063157288,1.0711221147033338,,1.064834745923337,1.072746741582567,,0.12956555832216612,0.08484490719282202,0.14985129783423753,0.23008929797358393,,1.9588203929881423,4.424073013312159,2.796849388311945,2.1919508774709886,2.324154661157685,1.6245825436357568,1.8317113959199645,1.6522550105529854,1.6241070057970712,1.0697133047188274,1.4854947593834968,4.0437794789567825,1.9867606033609793,4.049894813450922,2.485839543381015,4.408893301760557,2.0893084014446295,,1.0464576039725153,0.7969043506782717,1.166074951554641,1.1895146850041978,1.2144888216896135,1.2459837667545328,1.0941091622361399,1.5688967782208232,1.764091910785596,1.9268693960713803,1.1427763695541266,1.4319339494671834,1.4230236892432777,1.5154105792266308,1.6011098769648553,1.3353554177032771,1.9556397074646612,1.241949776876583,,1.2150681635200253,1.243283440627347,,5.038848957906493,1.8482498674142263,2.1500148442244527,0.526547238991277,,
B:Qwen/Qwen-14B,Qwen-14B,Qwen/Qwen-14B,Qwen,Qwen,Alibaba,2023-09-28 00:00:00,2023,False,14167290880.0,14167290880.0,12610155520.0,1557135360.0,0.10991059428293459,778567680.0,3000000000000.0,211.7553754920856,2.5501123584e+23,,True,size-specific-D,size-specific-D,1,server/unspecified,21.780281233363997,9.722343491493092,0.6217453024050509,,,,,,,,,2.6437212977347913,0.6217453024050509,0.3264237476504326,10.867607887610255,0.8986748400527196,3.484422298742003,32,2.373885186053367,2.396719653463148,3.8047983703536072,2.396719653463148,2.7094147032556273,3.176891787152591,2.6437212977347913,2.6437212977347913,3.1022298153339203,2.1243958786720687,1.6927627152929834,2.7812260841580776,2.483358563073405,2.03127058633414,2.7528688196653963,3.142590509450804,3.484422298742003,2.4412324085252832,1.5226768675427607,1.1784665663009295,1.194657612428934,1.946911741854541,2.113655151760605,2.311793927311525,1.3812804770059626,1.768052800916491,2.3157998911374307,2.897477922418791,3.4186818507982575,1.3598595205217356,1.9295997290279718,2.3183718346620843,2.6665547810446224,3.0361238217052047,1.7364102698224992,2.4693076179606437,2.824917390352007,3.947237888474764,2.6039559575358058,2.9148266131671083,0.8986748400527196,1.820193371346596,2.374339404000881,1.0235543677546155,1.7314575064570363,,1.8830166151138994,2.2177087497301295,1.2517857207764795,2.1449965460871354,2.3165704563904876,2.1463969463522563,2.2064105516389585,2.789666478642119,1.7788981089900064,1.395616702133679,2.657142135240083,0.8529643201866675,0.8556956118897194,1.9599481888124455,2.003314368094589,1.6920963873097852,1.6082403157320824,,0.9566607830605155,0.8341361126441306,1.5880602953422784,1.7929676834092116,1.9227890449360079,1.049962669413412,1.331517183930414,1.652793579199247,2.0828915466878386,2.33461608746521,1.1436944642553197,1.4401255350756643,1.6642734285397303,1.9482970157401738,2.128076477725223,1.5382344036390976,1.7171665944702055,2.324034758372247,,2.421766512985858,2.6878137916792535,,0.3303424783743905,0.5143803202035584,0.3264237476504326,1.3601793194421972,,3.348823277225014,7.751217869184981,4.598371897669272,3.4886864740776495,4.144272326197626,3.2290753283432494,3.822528306466608,3.469873934230346,2.4625620133067803,2.0379031848689855,2.86914965425262,5.850268600780757,5.642944384502552,5.337480203284305,6.648965735690781,5.834497144454211,6.8425931031364655,,1.304429929613221,2.1696209676314355,2.914510096582179,3.1650243480543576,3.6331649932774956,1.9337564404471563,3.2551668680873154,3.581854428381433,4.849346465793008,6.198672221329059,1.643407565659502,3.7645877065279696,3.34876499364168,3.8530168676222787,4.606000550508642,2.0663175357451316,3.013113773223456,3.4784844216653483,,2.8155230719056386,3.180797528055767,,7.13650699936434,10.867607887610255,2.3820329715639317,2.282411764974484,,
B:Qwen/Qwen-7B,Qwen-7B,Qwen/Qwen-7B,Qwen,Qwen,Alibaba,2023-09-28 00:00:00,2023,False,7721324544.0,7721324544.0,6476664832.0,1244659712.0,0.16119769411417706,622329856.0,2400000000000.0,310.8274993912754,1.111870734336e+23,,True,size-specific-D,size-specific-D,1,server/unspecified,21.911111578278366,14.185838919254786,0.6781542602752874,,,,,,,,,3.1070785676869286,0.6781542602752874,0.41983492230791863,17.508533082816342,1.0356912229779869,3.984614763463117,32,2.7020188211316905,2.7263641600494406,4.251123945567373,2.7263641600494406,3.03311408622638,3.5877919617231626,3.1070785676869286,3.1070785676869286,3.6381749190625086,2.388962738258441,2.0721486409596874,3.2833580530133792,2.730260295423911,2.710519973912904,3.0019566158215993,3.984614763463117,3.738709743780985,3.255797832891854,1.7555350814322828,1.2478696369508673,1.6551246904196768,2.4556974255173314,2.7434616046895575,3.095812083060157,1.495168639746465,2.449300883777246,2.8454752614382066,3.7613550365335,4.621717786741718,1.4708353042010585,2.601181347659358,2.873321090140044,3.4249992394620064,4.031027757397364,1.961803093784319,2.7334974511780934,3.554292078091868,4.809587776996013,3.2177912660601207,3.692916553137589,1.0356912229779869,2.0473074378671137,3.747080254770364,1.1709397671537518,2.6990329650171567,,2.1808231873269404,2.530227212707567,1.4997331969739276,2.44460578208304,2.6311209925247976,2.5664415324154484,2.5891799326655778,3.223069389216975,2.04275403875701,1.7638399063302939,3.14697186042111,0.9787619745413614,1.2990781427646816,2.1774401823478913,2.5761661397043394,1.8941458507093616,2.3742795488350783,,1.0667279951932842,1.1869546014383217,1.943522580850209,2.3200714215180853,2.5660275386728464,1.1717501259583152,1.854961019233647,1.967386075252896,2.693639813437984,3.142332380903882,1.2513458048271666,1.9205862998779544,2.025143099291139,2.5409342530133907,2.8746766521488105,1.7052043763323415,1.9610741358399242,2.8059976342772135,,2.971642821133791,3.3785897959167213,,0.45768439653976256,0.7973389686172672,0.41983492230791863,2.1320025655401897,,3.7869235781745214,8.38904120035335,4.995078960863438,3.831141577116494,4.605849396370459,3.7610175707883666,4.479869741641347,4.133995401317037,2.718467225520067,2.4166244676864874,3.375164679888793,6.205146191765709,7.22224987122196,5.670652756658267,8.544127268370316,6.1166857015058635,9.179957469109262,,1.4182743724538733,2.865840408176025,3.7856219121592125,4.124871808398308,4.887547520273682,2.0443109027828563,4.381029446940669,4.561514144359345,6.301525354574488,8.389765785687896,1.8421618901903254,4.847150641328616,4.226929104977436,4.9482736935668115,6.114424165055826,2.2798797516555034,3.3160468179119884,4.571222137698311,,3.4960020849060776,4.051606395017306,,7.223323851301633,17.508533082816342,2.3462509543650394,3.47258675994156,,
B:Qwen/Qwen2-72B,Qwen2-72B,Qwen/Qwen2-72B,Qwen2,Qwen2,Alibaba,2024-06-07 00:00:00,2024,False,72706203648.0,72706203648.0,70214787072.0,2491416576.0,0.034266905036906437,1245708288.0,7000000000000.0,96.27789168981808,3.053660553216e+24,,True,size-specific-D,size-specific-D,1,server/unspecified,21.393614963343683,4.500309641674997,0.47425374816780014,,,,,,,,,1.9020582581712169,0.47425374816780014,0.15707523851128952,7.812580490081959,0.5408874998689414,3.0949970941362617,32,1.8324351522088653,1.8536974404043092,3.1545083483514422,1.8536974404043092,2.2376625837190143,2.5430117846034204,1.9020582581712169,1.9020582581712169,2.303555604718028,1.7089359679230114,1.0601520179091255,2.0359538875549172,2.051796175668888,1.0822257534447746,2.3312347129503936,1.9204299203984994,3.0949970941362617,1.3187845453040592,1.1130528352020754,1.0315554010412922,0.5408874998689414,1.1343356916836733,1.1521085695218432,1.1718061070405754,1.1524109529803959,0.8115848440712197,1.4459896921293163,1.595528922582008,1.7157496084507617,1.1363166876494848,0.9522357970091361,1.4184785658774395,1.503441325184213,1.5867976895668556,1.3304081981559641,2.0293241389165186,1.7113123221068585,2.632021919669151,1.640700832635688,1.7392775417139925,0.663715382204912,1.4582941266720069,0.8561657900336396,0.7473293317878723,0.6463275744291609,,1.3948998044735605,1.6921583785563683,0.820419412322567,1.6756504068642621,1.7443531334929792,1.505731065881298,1.5365254578842598,2.1301183678847955,1.3170649435993476,0.7916570752588123,1.9133670724236234,0.5803070770188867,0.2591883122531784,1.6397093518985055,1.0775886150023595,1.3265462916769164,0.6740058488416604,,0.754252048782694,0.334722794280528,0.973182139042994,0.9670361793703368,0.9631631094918145,0.7203278839474967,0.5559864039990855,1.0737368459525796,1.1130385437681005,1.1317277863607615,0.9319197554066442,0.6608981899230808,1.0574101210517801,1.0718013424953072,1.0816818169695488,1.1907732342931692,1.2865774704409574,1.5229074839726155,,1.5320429972849507,1.6110300850522012,,0.16314149973270825,0.15884098489652934,0.15707523851128952,0.4473277793987135,,2.782292569049385,7.227170459428759,4.081751029384395,3.055106354407733,3.4286100456325688,2.4021479457653414,2.8265238368658134,2.5017830243010977,2.1040408867921174,1.4037162155117668,2.132322868763045,5.47291288438431,3.521382149495246,5.2365428843369894,4.301973936739708,6.051680568090852,3.850481714767553,,1.143857591438054,1.1296698639289344,1.6532729054675144,1.752914625812718,1.8747580545373406,1.466384807966999,1.6466999876931954,2.2396498501353577,2.7402666783657184,3.2052678480279266,1.3218358610077967,2.1429287158063692,2.0343747392023666,2.2455855030426393,2.4993292096511173,1.68956915395345,2.606809012342091,1.9503170808772583,,1.776223957341904,1.9006363453642998,,7.812580490081959,4.237986220039288,2.560038124719692,0.9535431922428906,,
B:Qwen/Qwen2-7B,Qwen2-7B,Qwen/Qwen2-7B,Qwen2,Qwen2,Alibaba,2024-06-07 00:00:00,2024,False,7615616512.0,7615616512.0,6525621760.0,1089994752.0,0.14312626565196462,544997376.0,7000000000000.0,919.1639296661056,3.19855893504e+23,,True,size-specific-D,size-specific-D,1,server/unspecified,21.74470873423077,42.27069402953865,0.7981814711651006,,,,,,,,,4.954946435161385,0.7981814711651006,0.45556740418151587,65.908878599373,1.3219219738751915,9.458254361057424,32,4.016300034054401,4.058417656689632,6.937638252376825,4.058417656689632,4.476034082673379,5.698537134621476,4.954946435161385,4.954946435161385,5.943740290341014,3.3279855047307927,2.9143556072810184,5.161293278335196,3.627630560301707,5.203747116078801,4.034375520347849,7.6238152123397285,5.114061135995948,6.598173482351724,2.3926901608531,1.3699287063225936,2.4293249378046093,3.585971831785655,4.19770479804143,4.984281003760587,1.7252859871636768,3.8136673233275507,4.1284314970807126,6.0270532727749995,7.968965385959888,1.693222570584843,4.028336112610998,4.223423523023933,5.367559409746538,6.704297318211794,2.58567333232321,3.8473388703840414,5.976256851667455,8.424023648050305,5.19438770196555,6.307457743709176,1.3219219738751915,3.111881092572055,9.458254361057424,1.3867980874220152,5.866221693058485,,3.1268936295739658,3.750987851477413,1.9941255097711887,3.511328591475273,3.9011301643292877,3.901126504824169,3.938570978242166,5.028619983207936,2.8240803431899733,2.45488201969737,4.89842672588884,1.199260111741447,2.435061560678187,2.8485867940976037,4.262011829175955,2.446763036263557,4.577722249300241,,1.1603465992276438,1.6323881014726853,2.628209569439286,3.4303331677089184,3.9758491072892617,1.3148462514433774,2.7526741823228513,2.5648152079973436,4.0463439259801595,5.028676825704732,1.4052175660371082,2.751678345336133,2.7039870122362717,3.727729300455756,4.436776400809032,2.139622508029635,2.6849952607810574,4.298825381658103,,4.668117621856633,5.597508810118146,,0.5909086091257398,1.43648319764907,0.45556740418151587,4.594480868443379,,5.978458001431055,15.708749627485753,8.119763857029245,5.854788107031265,7.64212764860062,6.286976346603787,7.9205009893487555,7.089817909565603,3.8354017970394723,3.422499281078927,5.342905459931483,8.943203226089237,15.830387185579173,8.362395287129505,19.25947471162687,9.162415192709735,23.56227842584884,,1.6476290274507435,4.552496938931602,6.2277205460757585,6.9805369402294914,8.808949751711513,2.6648146179032945,7.444518398406047,7.480242772875257,11.305922012212323,16.48474921309472,2.314915365529001,8.163897450900539,6.863656377208327,8.433309526576513,11.182573172836264,3.0296663145415526,4.828328274037183,8.526145900793988,,5.790916958294189,7.122476022652386,,12.82879222358271,65.908878599373,2.942195835443341,8.407841750059278,,
B:Qwen/Qwen2-1.5B,Qwen2-1.5B,Qwen/Qwen2-1.5B,Qwen2,Qwen2,Alibaba,2024-06-07 00:00:00,2024,False,1543714304.0,1543714304.0,1310340608.0,233373696.0,0.15117674001937598,233373696.0,7000000000000.0,4534.517806735306,6.4836000768e+22,,True,size-specific-D,size-specific-D,1,server/unspecified,21.99653947991893,206.1468719147826,0.8974769275928524,,,,,,,,,9.753901990263435,0.8974769275928524,1.0270945096428628,555.9132008584872,1.6743684768840392,51.735379524412764,32,6.9968021506202955,7.064653912364053,12.115287950378518,7.064653912364053,7.150875779690015,10.084167236476736,9.753901990263435,9.753901990263435,10.876842558601883,5.221310024448767,5.9594453020321465,9.677272386431865,5.428649045348784,15.803319599394511,5.946582476196881,20.217767107683454,7.295407551676976,20.6091122375271,4.11148698924074,1.6743684768840392,7.030162914248457,8.094717507463557,10.47656665086543,13.879235968705903,2.2952611894261703,11.394849990282474,8.671247665739568,15.431393871351,23.61499211120393,2.245136142190837,11.174172862496642,9.137996864734145,13.205021594040547,18.580365536055034,4.137286857344695,6.0489090284047515,14.47462933844433,19.182683158398703,11.737664361857039,15.690013367273863,2.1057400342030594,5.319574742837008,51.735379524412764,2.176076027711998,29.26838071655373,,5.537013406331969,6.6431333236895345,3.635677682628124,5.751479950268036,7.011838821637647,7.589806537619111,7.376656733547788,8.69507347982123,4.583589357832809,5.06987462341047,9.131632897599712,2.041660158990947,7.885150371616912,4.211356812584677,7.719822865186695,3.723434372268031,10.123368738860979,,1.4835352155485335,4.626381015311396,5.138021871592138,8.242696719141582,10.610760060922962,1.6931773252653,8.11370975046147,4.635241360613307,9.843354593154796,14.046395482433715,1.7612808935710507,7.616068427370969,5.205506803479891,8.967545376606937,11.98801974658499,3.172274841947665,4.582595500734729,8.939382999777811,,10.125456231964959,13.301317219405272,,1.4690967113800941,7.685904524946398,1.0270945096428628,20.168032790354008,,10.315951643349095,27.356015167766405,13.339064224971182,9.133911275291203,13.303138224980668,12.732581770909269,17.045756115902105,13.773386822334382,6.111810256804098,6.871723409417196,10.088914325351722,13.257402190801658,79.61465393554131,11.439613943423758,65.68702551737597,12.948543756915836,106.13987492452772,,2.2578973735940457,13.025450360468811,16.537677976968556,19.38676620320103,27.647320131488197,3.951129217645141,20.91180126138685,17.896626873985408,32.937829777078484,56.712425252029604,3.6833357781464966,22.480639316328812,16.81266487142361,22.15594782024661,33.38476708422241,4.62582183099171,7.485109599369079,24.951520964515865,,13.686178536937126,18.628760053514153,,18.466088823775298,555.9132008584872,3.2672537779682798,55.18944855748353,,
B:Qwen/Qwen2-0.5B,Qwen2-0.5B,Qwen/Qwen2-0.5B,Qwen2,Qwen2,Alibaba,2024-06-07 00:00:00,2024,False,494032768.0,494032768.0,357898112.0,136134656.0,0.2755579484152759,136134656.0,12000000000000.0,24289.886779332013,3.5570359296e+22,,True,size-specific-D,size-specific-D,1,server/unspecified,22.09202014417864,1099.4869016418365,0.9498737812253717,,,,,,,,,19.949639618661116,0.9498737812253717,1.7860498236801765,4859.070139374408,2.0234635460153987,275.34400717363184,32,12.665506325336628,12.790658585451999,23.026551191873416,12.790658585451999,12.71784621865776,19.084939464435784,19.949639618661116,19.949639618661116,21.978502573021483,8.888952117337306,11.754699732094407,20.22976376484154,8.337804157096796,48.269793131712,9.087707785629908,55.994559520572814,10.990542648823284,65.99017116426621,7.055522407585852,2.0234635460153987,18.12636368614273,17.45343773065075,24.834427419140056,36.48196212430496,3.0206264424574445,30.961336549641036,17.706930240670815,38.12463055301811,67.15278426829292,2.944219102471597,28.723991304179837,19.182418548996864,31.360416752617226,49.47756914107527,6.636528249353197,9.90499768542043,35.22284218620201,45.60890841819115,26.63838325189623,39.21864061125875,3.4729224150169533,9.608448003427887,275.34400717363184,3.3502576208664356,148.85062048446798,,9.979210068358974,12.150325813867129,6.481710177336258,10.213094732344397,12.672619771293922,14.8275348459511,14.390792792869481,16.44793582788745,7.550146880127622,9.826905209569857,18.857283749186333,3.269007494476473,22.158601999748566,6.368885261421746,13.853381102801203,5.657270434851215,21.05675083251109,,1.8224032215003623,11.45559430301277,9.58946442971643,18.31230681800416,25.93737585144544,2.055858203003271,20.566866902763017,8.006966177253027,22.38059444073378,36.287775868704976,2.153954017277071,18.596283505097784,9.528405536482229,20.033037506588432,29.78625739473504,4.704155210564475,7.473999637709609,18.417387114954973,,21.994626861363937,31.65904777804115,,3.438669296913029,25.289404908461155,1.7860498236801765,86.27873207226214,,19.08106412668898,57.43949249044912,24.235484097488328,16.250021619820977,25.529606758693937,27.658589493982376,37.46817775497391,29.83717274934389,10.670667175436405,13.976171002833059,21.361295785930224,22.470595400769877,566.3002234092681,16.68683316891543,244.87606741698553,20.625298937247173,776.8264032537511,,3.1324646160862266,34.17536635760315,42.39382419926717,52.61196634543002,84.5556891118442,6.011825048126946,60.40162960876067,43.42670082350081,94.05992707057781,190.65369404399593,5.7488377701030995,62.79335484495892,40.60714734763106,58.00232964294566,99.26915750519525,7.634722915515268,12.30193444778035,72.35738821827151,,32.64649462690639,49.23002518710414,,34.88582707470415,4859.070139374408,4.628066096290937,395.92555602959754,,
B:deepseek-ai/DeepSeek-V2,DeepSeek-V2,deepseek-ai/DeepSeek-V2,DeepSeek-V2,DeepSeek-V2,DeepSeek,2024-05-07 00:00:00,2024,True,21000000000.0,235741434880.0,,1048576000.0,,524288000.0,8100000000000.0,385.7142857142857,1.0206e+24,c_moe,False,,size-specific-D,1,server/unspecified,21.56344325777156,17.887416267588552,0.7085208907619839,,,,,,,,,3.4307776039737368,0.7085208907619839,0.2898691161243275,22.731696026230868,1.0679440356496297,4.476171519805036,27,2.977160562008023,3.0104781116759045,5.200579943526658,3.0104781116759045,,4.220213548438617,3.4307776039737368,3.4307776039737368,,,1.9361333238580547,,2.9173094761803444,2.8039343212446446,3.2809464053522626,4.476171519805036,4.256777372587846,3.5181137963835534,1.7681658069820747,1.2210472800777117,1.3013029237015428,2.248476792163368,2.484792937375689,2.770873234464624,1.4669118420488458,2.0178596854292743,2.7077755749072234,3.532268751323966,4.298030335988074,1.4422354118730836,2.233082066239529,2.723049074252336,3.2169908953886743,3.7549500861148775,1.9904186754305553,3.021868472642667,3.652485753166593,5.384602394444822,3.2996284592337544,3.7980614689692076,,2.3418305439700053,3.6371371604245435,1.0679440356496297,2.364767852163578,,2.287476379698717,2.755579624301649,1.3895316880792183,,2.8945786609415682,2.7030190330341455,2.7749192829190297,,,1.5568056224532463,,0.9077873509945047,1.1407228217921916,2.2705718510158373,2.664941702753738,1.9210542737184912,2.3972047021205496,,0.9634919719761382,0.8597511571922153,1.7698693558873273,2.057423456960108,2.2430379944008876,1.0735721634039606,1.4534011996239544,1.8217789737565386,2.3968551716813375,2.7458164747343003,1.1857937989776344,1.592516888282253,1.8391940662868187,2.223368283210858,2.4713475147240405,1.7177547697919202,1.9967348638416977,2.861285461190294,,3.024841573719834,3.4462722647812862,,0.3333702966674899,0.5731908367208689,0.2898691161243275,1.8010737968587842,,4.474014463205765,12.062150496595228,6.338634014793079,,5.760918836138508,4.336327559184722,5.364139284501944,,,2.3784059854455823,,7.778716024556787,8.946369470894199,6.845517012126016,10.895347570713357,7.77668257652904,11.851698031704917,,1.3809612880953088,2.5771921125300086,3.615544918385763,3.9944328597452654,4.714817086445269,2.1910203134304904,4.057676833064638,4.502578195786508,6.437421104204366,8.599176350117297,1.8095185421645845,4.80078843264179,4.200329306360038,4.953042036592947,6.12109642077703,2.421906917930502,3.8021782412164584,4.7085797996488585,,3.629789642187948,4.2253140922315975,,10.995255523334952,22.731696026230868,2.8734496434062287,3.361896448192321,1.2998229876789693,1.229486215484902
B:01-ai/Yi-6B,Yi-6B,01-ai/Yi-6B,Yi,Yi,01.AI,2023-11-02 00:00:00,2023,False,6061035520.0,6061035520.0,5536747520.0,524288000.0,0.08650139044227212,262144000.0,3000000000000.0,494.9649263893441,1.0909863936e+23,,True,common-D,common-D,0,server/unspecified,21.914109280250315,22.586586571210635,0.7361809258844253,,,,,,,,,3.7904764973965337,0.7361809258844253,0.4656128425461216,30.873454061829836,1.1409527059443978,5.863220873349484,32,3.189388881658418,3.2187296754256485,5.118436002155672,3.2187296754256485,3.4450067450507453,4.303971661002759,3.7904764973965337,3.7904764973965337,4.244240663869119,2.6761861344427307,2.4766503409228164,3.838816804324608,3.077326556765425,3.667879509573411,3.383923099090954,5.279786304626783,4.2092775788233565,4.474540637360024,2.030880416573783,1.3112379347181045,2.10254048977206,3.0022984361190193,3.4382927692764325,3.986180453185989,1.6078027040061285,3.1650699958925164,3.4368323714435163,4.777824596053552,6.09315596258956,1.5800746217356898,3.3203576378943334,3.4954061268243812,4.304642282455061,5.221921419762334,2.229734108778965,3.141371783942581,4.5225490202887295,6.115328051964686,4.017741165504423,4.733216676778206,1.1409527059443978,2.420987909294306,5.863220873349484,1.2800740298424838,3.8451417041241607,,2.5512802680244193,2.9918701288330776,1.7487049084719615,2.7697042851464495,3.0995091444443865,3.0873441563367576,3.1173112994159404,3.706030237073666,2.2972167097816767,2.1272070949552173,3.6779238963246565,1.1061181838983103,1.80728327763779,2.444808854189445,3.341832080881112,2.1287175029164653,3.233672545741247,,1.1262469332426082,1.477706947264899,2.2919529465879713,2.8754361308577163,3.2630401419972777,1.2591991540581593,2.3676401969757426,2.273390278552822,3.3742641456221163,4.076660491613106,1.340379899037469,2.3668522558728364,2.374423477013623,3.139238971888745,3.6523515594099085,1.8964405757423801,2.2603938230912424,3.4206958213474525,,3.6685617173606384,4.275797585273362,,0.5395207046800974,1.1104839691625985,0.4656128425461216,3.0957146052005435,,4.514356097601929,10.381350582034408,5.9535118318136755,4.3770223226359555,5.560047638822541,4.6470825945851635,5.619666533566463,4.89673095729286,3.04306078025607,2.863749859093224,3.9526163200164968,7.038967208609778,9.975500404907322,6.431560024080666,11.546024795830995,7.006450871353974,13.766531441801765,,1.5298750207249445,3.6704801117442183,4.82813977796729,5.353108926019214,6.543936237997584,2.3401384741910856,5.741346087141606,5.7814633332767995,8.298489898051837,11.531673179237616,2.06927513173252,6.226376240317995,5.335797535712484,6.375955554688182,8.1473487678192,2.573405158948224,3.8397415592107063,6.108719461979057,,4.410838208584328,5.253790800556729,,8.54020163162132,30.873454061829836,2.487756807098613,4.975189005372758,,
B:01-ai/Yi-34B,Yi-34B,01-ai/Yi-34B,Yi,Yi,01.AI,2023-11-02 00:00:00,2023,False,34388917248.0,34388917248.0,33471413248.0,917504000.0,0.026680223555260674,458752000.0,3000000000000.0,87.23740786501426,6.19000510464e+23,,True,common-D,common-D,0,server/unspecified,21.64137659177439,4.031047077576945,0.4489151922676671,,,,,,,,,1.8146027362193395,0.4489151922676671,0.19794327155622196,5.906514853462886,0.6619561410263796,2.8602593818094015,32,1.7438571570256336,1.76139580421776,2.791259285609736,1.76139580421776,2.037786081925129,2.31352138418516,1.8146027362193395,1.8146027362193395,2.106929857353901,1.6154835898430702,1.1375768299052922,1.8977662852477286,1.9850212265111922,1.0957505065235282,2.2190443304897998,1.827858809159236,2.8602593818094015,1.296499593668059,1.1271223986149337,1.0541246840768599,0.6619561410263796,1.2384448316325212,1.2715458968536655,1.3086493160025732,1.1786890744467955,0.9624217559376075,1.5332813884698588,1.718519105075788,1.869467967785653,1.1625532925916888,1.0946396309217872,1.5098780460402204,1.6170306952179976,1.723214703215125,1.3372849378373233,1.920364732960814,1.727996925681406,2.498705619650616,1.6554368159794886,1.7567489612655456,0.6771050252499621,1.3512502259316612,0.9236283826253453,0.7983162894731977,0.7134101377838278,,1.3707753388065096,1.6291221836185306,0.8829067372937485,1.5822982135817663,1.6663672049975564,1.48031554793831,1.5070193364691893,1.9646715022617713,1.2882860540650307,0.8926753413430863,1.800698460413429,0.6393656957293842,0.30643163281809355,1.615488659635823,1.0939503480972077,1.3326137365856723,0.7114370562586864,,0.8169529454974748,0.4404685790378909,1.0720906793004925,1.085478024734707,1.0961898949234996,0.795311170900065,0.6936287201346437,1.1661402940189485,1.2483476569372882,1.2921548589995047,0.9788250127236734,0.7992205525311976,1.1550223268400204,1.205880716781953,1.2361293435614011,1.2141843523717215,1.2916194789570514,1.540727836115436,,1.5563621798990301,1.6396432705146116,,0.19794327155622196,0.20799987606231038,0.21307435936972438,0.5199374213854792,,2.5073625708972274,5.712755298316905,3.5086750568689062,2.6758991532633054,3.007893663528816,2.2237965382551335,2.552132382532743,2.2681289502689337,1.933968620023374,1.4485155136839645,1.9741511295235843,4.642558124909137,3.0670891045813184,4.5759293920806785,3.8331310668948437,5.153298727253381,3.396920773060762,,1.1504062679327482,1.2567061488769133,1.7427686449281954,1.8395500457267222,1.978811512207675,1.4785220934454475,1.7985978434853018,2.2689472902449497,2.779488597982944,3.258337570799714,1.3464411643655776,2.224794796735486,2.0862157610644236,2.2986077163283745,2.5662561230614402,1.642772748202328,2.3961209215032215,1.958486988309896,,1.773787547376657,1.8977222955303399,,5.906514853462886,3.735901702030067,2.261557555259678,0.990311333502131,,
B:01-ai/Yi-1.5-34B,Yi-1.5-34B,01-ai/Yi-1.5-34B,Yi-1.5,Yi-1.5,01.AI,2024-05-13 00:00:00,2024,False,34388917248.0,34388917248.0,33471413248.0,917504000.0,0.026680223555260674,458752000.0,3600000000000.0,104.68488943801712,7.428006125568e+23,a_dedupe,False,,common-D,1,server/unspecified,21.61292843124709,4.843623564063996,0.4905180595401655,,,,,,,,,1.9627781096567365,0.4905180595401655,0.20815288280640767,6.4935657529877755,0.705562689522168,3.0154351837079423,32,1.8641266183064629,1.883346061858821,3.031609007699545,1.883346061858821,2.178244584779971,2.5011114921413276,1.9627781096567365,1.9627781096567365,2.286337961349016,1.7099392171736056,1.204348967679913,2.0507809218673,2.0822304427027065,1.222498885418559,2.3322918207390355,2.0385172105206495,3.0154351837079423,1.4598031493585861,1.1872162088954192,1.0706974743513054,0.705562689522168,1.3193595336354145,1.3652390755809223,1.417087564990967,1.207274601112497,1.0361424795860361,1.6318385834327844,1.8596418560956391,2.047963992385145,1.1902766468171238,1.1775332677920773,1.6104253761874698,1.7433157800003118,1.8763723321349146,1.4007110590864307,2.0341256525266997,1.8854533641829736,2.745668629139489,1.7939696640576175,1.9218751393661502,0.7061024584533493,1.4499895674541678,1.0787029191935975,0.8215064367100203,0.8137321506572192,,1.4576405464622155,1.739737897233629,0.9259609048675905,1.6839250639580754,1.7870332872961723,1.5894497512564423,1.6193499432647902,2.115685493071739,1.3654503598197838,0.9446469518760546,1.9437499106630916,0.6628214904937713,0.3564473346694424,1.6848824126712418,1.214527575709338,1.3910570553332258,0.8298558461933869,,0.8301769931994566,0.4674861527775376,1.13306731815953,1.163511013659442,1.1847996770387446,0.8140071958961972,0.745321141898619,1.2246617475022972,1.3318607680069494,1.3925495927090799,0.998484731103867,0.8536491649844321,1.208653669667512,1.2880217400616258,1.331895304391159,1.2700741775580306,1.3590492474882998,1.6603364208447016,,1.6827115783502198,1.7891350022078019,,0.20815288280640767,0.22332304573617334,0.21485409497216218,0.5974939336749937,,2.696686482592249,6.351786848883454,3.807460552633735,2.875229305624029,3.2804833807208396,2.423567029722496,2.8068941688869735,2.4812415099262997,2.0477922159152198,1.5339256269178552,2.133679427604623,5.046349965742868,3.5556696814504276,4.838268198004108,4.224714043875733,5.420076530480862,3.9459351659443382,,1.1702874377559969,1.3556195981447179,1.8897180115674796,2.0000529649697047,2.17312117798796,1.5772817084687265,1.965625844925358,2.4612879926375473,3.052634156219485,3.63108010982257,1.3915179436162066,2.4282002175430755,2.259175764739843,2.515876131484108,2.8425965719345143,1.7235248726705918,2.545779278068197,2.1632942523371352,,1.930431720111779,2.086010698058244,,6.4935657529877755,4.6644220477165215,2.3528028018921545,1.1204436262236228,,
B:01-ai/Yi-1.5-9B,Yi-1.5-9B,01-ai/Yi-1.5-9B,Yi-1.5,Yi-1.5,01.AI,2024-05-13 00:00:00,2024,False,8829407232.0,8829407232.0,8305119232.0,524288000.0,0.05937975066999379,262144000.0,3600000000000.0,407.7283905257752,1.907151962112e+23,d_distilled_pruned,False,,common-D,1,server/unspecified,21.82598176186697,18.680872868597987,0.7138786093891107,,,,,,,,,3.4950200607683675,0.7138786093891107,0.3992604189015359,24.419851410532402,1.057822731245545,4.678939448656606,32,2.9912090804699467,3.020038272286708,4.874587789968069,3.020038272286708,3.271536177030267,4.067242772423054,3.4950200607683675,3.4950200607683675,3.9055257316188507,2.528104906697791,2.215172541703648,3.5393842136396563,2.9354215578267646,3.1494462682957938,3.245795141211925,4.678939448656606,4.081171133072344,3.851910271385611,1.8828815165915673,1.2703190313923147,1.7445039057838343,2.6399269082750947,2.9757120396202863,3.39072035133125,1.539633793206282,2.6326030193610706,3.070738183492407,4.142492265838874,5.166999819871694,1.5136675814621576,2.80829634365969,3.108043716856979,3.753515890244973,4.471545311915628,2.0905370368614906,2.990825046375386,4.005886380508247,5.534900260220839,3.592769257020653,4.177170660840893,1.057822731245545,2.289464943255346,4.587614351412174,1.1867784686805307,3.022992687092361,,2.379777550249396,2.794453493854215,1.5814666870236052,2.600778417489257,2.9122252161076534,2.84114688174156,2.868837286772328,3.436978049051429,2.1321289745050613,1.8679320850830263,3.3797990653428873,1.0089461431363649,1.4911614558501134,2.3176806872483775,2.9056800232452358,2.0114447852021122,2.7297824821329644,,1.075297858686176,1.2252892457010511,2.0547187329656116,2.492997563743633,2.781119903694602,1.1862174382825161,1.9604489291428464,2.066673319797269,2.8994061888464224,3.421310868232615,1.2789396767777368,2.038332606153153,2.1357530124498387,2.722131647689491,3.1078757599271953,1.7955224226403956,2.103669356471631,3.0945735613498364,,3.294510664705942,3.7914770038494123,,0.45721882766903393,0.8652891994428826,0.3992604189015359,2.3543053607674618,,4.29344292048599,10.141057719640692,5.748865294174558,4.199496586488167,5.3172251578420004,4.300846798639329,5.208827059732253,4.469021659396956,2.9079717956201723,2.6042516594899117,3.6479426432668984,6.967113489940157,8.860525627685593,6.284739895468081,10.448986684029496,6.917446122849775,11.811712092611426,,1.459204064362719,3.127494941042277,4.192272049717166,4.613280896042107,5.539990819617434,2.1539299916843366,4.879282141696102,5.092355187088578,7.188378576525321,9.76847358193211,1.9282945869342198,5.437521402711851,4.6983234329985635,5.565831203226491,6.985398118166656,2.4493189058530622,3.6741113135586874,5.272685875679897,,3.9353839660514875,4.624891758547454,,8.663485552422607,24.419851410532402,2.5310093205899653,3.9612002077719675,,
B:01-ai/Yi-1.5-6B,Yi-1.5-6B,01-ai/Yi-1.5-6B,Yi-1.5,Yi-1.5,01.AI,2024-05-11 08:25:23,2024,False,6061035520.0,6061035520.0,5536747520.0,524288000.0,0.08650139044227212,262144000.0,3600000000000.0,593.9579116672129,1.30918367232e+23,a_dedupe,False,,common-D,1,server/unspecified,21.885302605408086,27.139579578874077,0.7560973339769428,,,,,,,,,4.09999618415596,0.7560973339769428,0.47219251075458984,38.58333567087197,1.189814697282644,6.847638715888643,32,3.409353046192616,3.4415784594724617,5.559174229877808,3.4415784594724617,3.6824607614593416,4.652955903831429,4.09999618415596,4.09999618415596,4.605643853323198,2.8326599245643775,2.622021830070875,4.14833603381506,3.2280274654273766,4.092152899412586,3.5566194228655585,5.888274956424871,4.4376407922653,5.038141582343992,2.1391591115991955,1.3318530209789965,2.2410459407365986,3.19845580791094,3.6916415313978566,4.316486229691206,1.6467950795739814,3.407511783035836,3.657747175884783,5.170173886145181,6.674927961537032,1.6177545876522146,3.571797940748463,3.728175756632726,4.640821501071617,5.6860406624568505,2.335488224401771,3.32746421560719,4.934647242860862,6.71974491798034,4.353960054153909,5.178116885738847,1.189814697282644,2.5978957442830857,6.847638715888643,1.3172586715910182,4.385857815531658,,2.71262401904106,3.1966952070502668,1.8339632979670588,2.9466131604860166,3.312051794161073,3.3135114795980747,3.3407038981680137,3.9908933378610536,2.430241855582603,2.2437553704658733,3.9653607473899157,1.1441689706691256,2.008121351158883,2.556982932230625,3.597784288247049,2.222164305445591,3.5914077193507765,,1.1423450590680704,1.5555281204442275,2.4067226622831743,3.0654647994324686,3.505439838486216,1.2865292118923617,2.528268367654414,2.375917848443566,3.6120357565777654,4.410377326587895,1.3636278481594968,2.5418878365421778,2.49050106958509,3.3461929685143446,3.9261639593548487,1.9700400387765626,2.3868716415838773,3.671553229154239,,3.9575984176658405,4.654084484899403,,0.5604503049366972,1.2342066778522425,0.47219251075458984,3.5294130059709814,,4.879307926966269,11.542613442596087,6.4618842657277735,4.706597554351259,6.055886963534387,5.069545034886983,6.181089626048708,5.356825992074022,3.2276547270201945,3.0402980666447657,4.277148912568949,7.458533647436817,11.384263744318991,6.877431660572157,13.879467652777683,7.501860935444052,15.997832985357483,,1.5744686566752053,3.9655860077908383,5.261007561976951,5.853666510699329,7.232841354868947,2.43226771283182,6.274094456530046,6.272929038937698,9.15375453977969,12.91565197015959,2.1503554704417533,6.79507788152944,5.791073968069934,6.972853036372214,9.016227111637084,2.6994585318177595,4.090756312331814,6.789618826286445,,4.800095698865679,5.774704086303241,,9.387717649370533,38.58333567087197,2.5884819280012685,5.860751533793323,,
B:google/gemma-7b,gemma-7b,google/gemma-7b,Gemma,Gemma,Google,2024-02-21 00:00:00,2024,False,8537680896.0,8537680896.0,7751248896.0,786432000.0,0.09211307023297766,786432000.0,6000000000000.0,702.7669542921273,3.07356512256e+23,,True,size-specific-D,size-specific-D,1,local,21.750963258881995,32.30969341117124,0.7736156415553738,,,,,,,,,4.417266311464716,0.7736156415553738,0.4329025685200811,47.50487694989,1.2137538556382514,7.34472497021701,32,3.6481611305587474,3.685844575806417,6.216463112245405,3.685844575806417,4.023508232322832,5.12136091856225,4.417266311464716,4.417266311464716,5.238937459845231,3.022362856764925,2.638470205823901,4.5187479018938115,3.384785651507813,4.381047572377632,3.7621319180974626,6.483199841185822,4.7678048395535315,5.501007947867015,2.2028107215224195,1.3326896471260075,2.1331143329776068,3.2066151600063755,3.702222226516026,4.330341378170012,1.6564748217833096,3.3128447018050844,3.713905334462069,5.2709398029671695,6.825475786080283,1.6266207376941342,3.520406913642251,3.7843362509471503,4.7224646227900475,5.799440664088697,2.404031564207791,3.5477738766869487,5.210719078045557,7.333628573949818,4.577957907639375,5.476797324315303,1.2137538556382514,2.8213180673401035,7.34472497021701,1.3207812825969636,4.8082467585116895,,2.850180494852333,3.4047714846065342,1.831174385964339,3.1606145707275886,3.546794601072591,3.5079515325267763,3.551140764801932,4.485122419108242,2.5412969806238075,2.2303991025504684,4.302351475319916,1.121761638324714,2.0585378635005216,2.655100512227173,3.8140607159078628,2.287441161785336,3.8347447164136628,,1.125958763964043,1.4513372627120307,2.3995936018423047,3.0472377458846047,3.4821095840551557,1.2630673464311737,2.410421463301761,2.370041401073596,3.575631999658895,4.35905646590877,1.361398634846643,2.4493908445992223,2.48035609852672,3.311662123496042,3.8803178191154353,2.0142730026790687,2.462462927532311,3.841923387728595,,4.140679027673832,4.8954036091959665,,0.5306673675318204,1.1503350202835936,0.4329025685200811,3.798781067955583,,5.377218116332371,13.807887218611663,7.308379782351483,5.244563373000689,6.834248987740492,5.550646950019518,6.906279636557261,6.1715697104352385,3.4913562466722396,3.098892709126045,4.667475446289222,8.293042546418762,13.119563120688559,7.662159113209667,16.27936467013141,8.437679938366252,18.969775011378992,,1.5715394006424686,3.967690371372682,5.380160891600904,6.014589363758176,7.455848527893083,2.516065855721528,6.398545137012914,6.56460767815585,9.66981949157915,13.760652303838576,2.167392974737616,7.085958245178756,6.007393319276878,7.276066575195343,9.461443385869302,2.8249175668523097,4.429678920426889,7.2309186034823565,,5.076426590542413,6.1475557669474705,,11.509812059829958,47.50487694989,2.832371001712361,6.562226082640221,,
B:google/gemma-2b,gemma-2b,google/gemma-2b,Gemma,Gemma,Google,2024-02-21 00:00:00,2024,False,2506172416.0,2506172416.0,1981884416.0,524288000.0,0.20919869545001013,524288000.0,3000000000000.0,1197.044537258206,4.5111103488e+22,,True,size-specific-D,size-specific-D,1,local,22.054179781224025,54.27744532477775,0.8186367544863087,,,,,,,,,5.513796343727807,0.8186367544863087,0.7816600107995173,96.8544324466074,1.4652311258694979,15.013527561636453,32,4.3361196368202775,4.374118485517124,6.968050786756752,4.374118485517124,4.649346963880134,5.902386193670451,5.513796343727807,5.513796343727807,6.538871367310837,3.570125125929334,3.6792966493277666,5.739737104478948,3.8463145714088354,6.782041762040415,4.194228696510741,9.057040966379036,5.12362959236401,8.403232931352749,2.7401839831663612,1.4652311258694979,3.7852637454991056,4.710959602974724,5.7033557025665305,7.025201995570056,1.8829116935920853,5.799875697213317,5.181977155929678,8.03814702985174,11.114674870220531,1.847041597943142,5.839300208213874,5.357561526460085,7.08384750350722,9.178911703933,2.892087812243165,4.035137833970439,7.3783895151284815,9.642178129567077,6.307944431045127,7.83697082893088,1.5369466682954425,3.257153838829598,15.013527561636453,1.7055086718443004,10.70293658836825,,3.4992144285374565,4.10441201479753,2.430420330674616,3.797606197035428,4.279836325348569,4.483143491362473,4.400828134078867,5.482822809968308,3.159060546030022,3.2016049743453086,5.4789648419065395,1.4761775551629577,3.5470357427152033,3.0332126046304673,4.7789918680272585,2.669832434462104,5.518211932173576,,1.2985128959297194,2.6209383698278645,3.288315968497457,4.681902006426158,5.632344340509689,1.4726808740593569,4.3039716792543405,3.141536355532721,5.521089521247501,7.20113050576074,1.52104802410826,4.178244539896872,3.3978269518322235,5.091983000180261,6.315884372195572,2.3579043695373607,3.0906167801294413,5.120468233810648,,5.63872953569222,6.913563460348843,,0.9201726662027809,2.8767973759552663,0.7816600107995173,8.15957291045036,,6.157022913820815,14.067893127450322,7.836486858121075,5.835777194540298,7.568266810079719,6.881642943368497,8.725429380846128,7.8736819957373125,4.061098007571697,4.176198915484293,5.931841560806161,8.285168258867948,19.39970810157388,7.920833383726537,21.67153032557481,8.475835098396164,30.08473738459494,,1.8345565316655468,6.526814122300144,8.327137716719326,9.404206608613462,12.298551950157945,2.886486676039912,10.17883375928878,9.296325592551058,15.071017728870213,22.978915210567024,2.675647136039934,10.768872032684088,8.71762872622535,10.881936285171397,14.924529835134848,3.2332827526273076,4.8920472758965134,11.063662178787167,,7.091627164196168,8.933044102731408,,10.303880266627676,96.8544324466074,2.690958155815098,16.415259884182845,,
B:google/gemma-2-27b,gemma-2-27b,google/gemma-2-27b,Gemma-2,Gemma-2,Google,2024-06-24 00:00:00,2024,False,27227128320.0,27227128320.0,26047480320.0,1179648000.0,0.04332619974224294,1179648000.0,13000000000000.0,477.464969761453,2.12371600896e+24,,True,singleton,size-specific-D,1,local,21.4497436009513,22.25970522744511,0.7345318547777187,,,,,,,,,3.766930300291516,0.7345318547777187,0.268879357316628,29.53756893430381,1.0202545387901012,5.068825934304643,32,3.2339488538445664,3.272680047891173,5.8848870774742466,3.272680047891173,3.747633693906201,4.708254263395075,3.766930300291516,3.766930300291516,4.567216973792544,2.73735338561897,1.9983121260928145,3.9059880629700987,3.0929559623810454,3.1089780362509725,3.5048924222660043,5.068825934304643,4.6080082597350405,3.9766244316198707,1.8526877430615718,1.2306390353001695,1.2917599389627938,2.3210019672690554,2.5750033552375142,2.883756047492606,1.4901697841609172,2.0451076219353324,2.82080870925713,3.720096082760246,4.563188794482484,1.4643904850774647,2.2859576994095296,2.8390106036355887,3.37734313443101,3.9675753854943725,2.079442542484503,3.25952239251754,3.9659718573352234,6.014702055733149,3.559765717479828,4.13430020874138,1.0202545387901012,2.577169918342542,4.126499086775209,1.0786496174474565,2.6448000153382796,,2.445349135964501,2.9818096401564786,1.4194947119179773,2.823776738468263,3.1443992790722524,2.9206325104433435,3.003733173712147,3.9607072531947423,2.201496782825305,1.5782094240657993,3.679446937007462,0.9093901792150463,1.2414631485435357,2.415998296328414,2.929109201682076,2.0033987292097684,2.656505735773744,,0.9556018470355974,0.8279687590310492,1.8059374987213501,2.1059619572771804,2.302374192825757,1.0604050310805997,1.4393943150545014,1.8551848869702097,2.461737800812789,2.8318820984512745,1.1871793844124878,1.5896529718272279,1.872540059745863,2.277917936526848,2.5401160224800674,1.7785264513620387,2.0962772867160995,3.060600824998032,,3.2443595459845858,3.727017481244523,,0.3151913976599199,0.5753677376666736,0.268879357316628,1.9820868165537164,,5.0124948643895255,14.524685817117074,7.2294473266737365,5.122899141986594,6.572919915396409,4.840665941069479,6.102395364688814,5.307730530258171,3.28216563463091,2.4901183321655562,4.06221564521632,8.677713644633556,10.596942971559733,7.677499772849862,13.084294011919976,8.739785009506758,14.520101678640954,,1.4012669956576451,2.6797486730874467,3.8325145108992125,4.262289726249215,5.070228164605755,2.3014747626048955,4.29435001003041,4.835297685901428,7.0457412651316265,9.544848736771188,1.88219861281433,5.164078597540937,4.48786536087329,5.346377816319161,6.674347296105482,2.5638667056146853,4.160930067362395,5.192868561822824,,3.9420960962539193,4.633710342833314,,13.306517806517608,29.53756893430381,3.133466119778321,3.8756293274787215,,
B:google/gemma-2-9b,gemma-2-9b,google/gemma-2-9b,Gemma-2,Gemma-2,Google,2024-06-24 00:00:00,2024,False,9241705984.0,9241705984.0,8324201984.0,917504000.0,0.09927863985160945,917504000.0,8000000000000.0,865.6410422329228,4.43601887232e+23,d_distilled_pruned,False,,size-specific-D,1,local,21.693460184261966,39.903318091270776,0.7931478263752184,,,,,,,,,4.834370277461742,0.7931478263752184,0.42898702803262245,61.32802369308703,1.270237597090188,8.623702257608475,32,3.9428297825922676,3.985284677926876,6.888523312373544,3.985284677926876,4.37767670800773,5.6299615757916275,4.834370277461742,4.834370277461742,5.670447976691669,3.2403910917886574,2.7862198985160607,4.966260384945125,3.577685184047033,4.927585322462159,3.991883843619863,7.336821251328925,5.091697683017086,6.268745598437909,2.327553110374107,1.3523589165870635,2.237795980652693,3.4030034537365514,3.95787535607068,4.666526852147817,1.6960973337006717,3.525154254354638,3.9492981663612996,5.6976928713405774,7.4679449539015,1.664764569504002,3.755059863677178,4.032064270776783,5.084974636867586,6.306041996850471,2.5267332692969706,3.798718958402517,5.722466461196761,8.168891103622014,4.990757219666615,6.031700403294247,1.270237597090188,3.0705818766231077,8.623702257608475,1.3557382281673063,5.5286527596546975,,3.0521461732618564,3.6742130059720446,1.9133819274484438,3.4094578703570164,3.8326477270759267,3.7946930299908845,3.8462285783072265,4.818634386481199,2.711669635948145,2.3388764947014518,4.718309516034466,1.1523196243581073,2.270043910819999,2.788372182350395,4.138679158746947,2.389196248294971,4.319011553483058,,1.1371110320874422,1.4995894257320617,2.5124014358982087,3.228944010556938,3.715422566824352,1.2772535225756274,2.5340060187257327,2.4684322459545887,3.8004476279757418,4.677265823847643,1.3840104097193318,2.576807727688617,2.590475578375113,3.5094166174520445,4.14371261223684,2.0976122651185864,2.609087973843835,4.147618843421698,,4.489830693617151,5.359077491377103,,0.5476545720007204,1.255530115577796,0.42898702803262245,4.3350805427955015,,5.911862363581833,15.88356229223522,8.114782300628317,5.763633089828181,7.609117933341825,6.1458959742694805,7.741806185336915,6.732406339512251,3.7616902304311495,3.286036849716512,5.138936140983148,9.047231053249874,15.329140329850103,8.379546935514373,18.93511166628051,9.238927369747572,22.69030059813181,,1.6079348184594149,4.264049370025213,5.858109628765572,6.571665745861717,8.233269884581397,2.628563305825158,6.980553451096178,7.15640076437631,10.728549148594235,15.51592505318714,2.25043209862951,7.760806402492058,6.532722547797953,7.99197943858688,10.522255317179013,2.984566309048043,4.78564897511545,8.082672737002433,,5.562334152186019,6.808942186698044,,13.136396272656592,61.32802369308703,2.9984285557433132,7.806788681867343,,
B:google/gemma-2-2b,gemma-2-2b,google/gemma-2-2b,Gemma-2,Gemma-2,Google,2024-06-24 00:00:00,2024,False,2614341888.0,2614341888.0,2024517888.0,589824000.0,0.2256108899556446,589824000.0,2000000000000.0,765.0108844524623,3.1372102656e+22,d_distilled_pruned,False,,size-specific-D,1,local,22.112047183066473,34.59701754970529,0.7801386585737801,,,,,,,,,4.5483211987750725,0.7801386585737801,0.7497600159113038,56.640320951335745,1.3914809098996805,10.163494203413666,32,3.6838712579876995,3.7141636952178314,5.713771820898109,3.7141636952178314,3.98397865651896,4.888376167577224,4.5483211987750725,4.5483211987750725,5.242429312241322,3.1275818721330375,3.180168417007488,4.790486384384214,3.4216330313616017,5.162624355841314,3.716355802031186,6.925037581677537,4.513011678081662,6.262833423335771,2.406503605918939,1.4077716279526904,3.1934622885664905,4.0051649252276205,4.752776547748207,5.727900896585509,1.771756377929699,4.781321329741594,4.4237851682854,6.578422316875164,8.817181924600492,1.739686136004847,4.832006009375344,4.548062239343869,5.851812823994747,7.393179679803889,2.576626736072061,3.508093172471978,5.936967888810436,7.650361181919972,5.1629090236505215,6.264744602062042,1.3914809098996805,2.7450937229075585,10.163494203413666,1.59120850998364,7.827278128477258,,3.006657469951125,3.488817706995088,2.1509367566049717,3.2875326593473337,3.6111450003032974,3.7472592840284595,3.7043025986673137,4.487831330819693,2.7855455999078376,2.7922477909575414,4.592134929581331,1.357613945491724,2.7243290964236784,2.723550901188034,4.070016621378838,2.4036288392185723,4.454653472621022,,1.246050283603322,2.2613747403725237,2.898269251797008,3.95924979317152,4.668341436893376,1.4143788278085336,3.6192932792328527,2.807732911217585,4.653773347411052,5.910726651726683,1.4576829955462256,3.5471568116623144,2.9976218606097778,4.300008987264214,5.215557452259419,2.1439249369831743,2.6974936985860767,4.279530368986984,,4.670140214699201,5.600219956479074,,0.8021875720987603,2.185211855116528,0.7497600159113038,6.17293537968616,,5.1040964686465085,10.952241419534033,6.4449191201685085,4.944520432355535,6.1637218146299695,5.578631483914181,6.905634831190547,6.176090261498275,3.5236107861456234,3.6155666027565743,4.93361886116074,7.243232205816819,13.562880995721901,6.796810507439006,15.047223431558772,7.215077545692488,19.037240886882064,,1.726150404265626,5.330225174082174,6.736905148440618,7.539938484976874,9.603098953363297,2.611683254449384,8.149194442163003,7.54476225898153,11.702132490737997,17.15407552150756,2.426426221201829,8.547455989931509,7.109057622156526,8.688432192672762,11.566394754598107,2.87549867722164,4.221455012608698,8.51702381283401,,5.736542450160839,7.0477591971430416,,8.219450675935386,56.640320951335745,2.4712119054445365,11.742796009755034,,
B:tiiuae/falcon-180B,falcon-180B,tiiuae/falcon-180B,Falcon,Falcon,TII,2023-09-06 00:00:00,2023,False,179522565120.0,179522565120.0,178557088768.0,965476352.0,0.0053780222634108865,965476352.0,3500000000000.0,19.49615636151623,3.76997386752e+24,,True,size-specific-D,size-specific-D,0,server/unspecified,21.361114377342382,0.9126937863408333,-0.03982141245750628,,,,,,,,,0.9617036041185258,-0.03982141245750628,0.034909208551415424,4.5609408806190945,0.16367725070040579,2.0703981237303837,32,1.0384457060608008,1.0499606903014174,1.6804605530806855,1.0499606903014174,1.3226738065116743,1.3684873986536281,0.9617036041185258,0.9617036041185258,1.1648507433270456,1.0597205108963748,0.5691840367208486,1.0520297397590817,1.361595223718164,0.3805183527109463,1.5487486823595704,0.7301709118967732,2.0703981237303837,0.440727167653612,0.6723574114732809,0.867717819582451,0.23249928233157469,0.5623298933705183,0.5237875467612282,0.48476447289765984,0.8950225287028238,0.32980377744862827,0.7495131339765086,0.6940081296663856,0.6556901544709692,0.8855148624261167,0.40484017036169856,0.7170513440949922,0.6784431159364831,0.6444903980857803,0.8547970306715295,1.2619304393586124,0.7443408444932667,1.1541680529424254,0.7617784973276236,0.7377397267315977,0.4317117956785025,0.8232407478167216,0.18128382597360695,0.5247314449526552,0.16367725070040579,,0.7958999085243452,0.940748723547271,0.4686252275496924,0.9862731378201315,0.9666200931647173,0.7683278187038368,0.7606674049819668,1.1482957819134632,0.7847111255437312,0.40291272795672467,0.9852553485396983,0.3894626094592294,0.051026605389254034,1.096518045857819,0.2903846115025951,0.879807335263201,0.14728624921031677,,0.5676562434582181,0.1314864910563786,0.4929733622097561,0.4394017809224766,0.39820172922676794,0.48479868617259886,0.21601785537350127,0.6306812916221244,0.5159812003767259,0.46553454933374505,0.674100053783196,0.2848901312292571,0.5877983118086814,0.5036063071561523,0.45990362092417375,0.7770964495844643,0.7932301878692608,0.6692344233488984,,0.7096855722653493,0.6815775789601551,,0.08046404968024967,0.034909208551415424,0.09527015607025859,0.09397548662094969,,1.530563793083407,3.5384974601553245,2.27041095665959,1.8055086882390796,1.8350867771872956,1.1932716949476003,1.3162492188738946,1.1825681760275366,1.3552730497477428,0.7757322740828714,1.108134610444436,3.556660618782364,1.3354668499175364,3.816885309640447,1.7996745005180697,3.778282229882555,1.5054419150153289,,0.9493869695197691,0.4865533687693808,0.8015872820614205,0.7696810953520623,0.7459320825148069,1.0901396516105273,0.6417269669944905,1.0819674627332279,1.1021724724037705,1.1189710646137754,1.0072293746538807,0.8983904224629956,0.9794377528114415,0.9752467547632081,0.972017227859964,1.0813168246005276,1.6149570003052969,0.8253229763364089,,0.826367510601694,0.8080026103805467,,4.5609408806190945,0.963891356862065,2.109057575558563,0.26128405933418686,,
B:tiiuae/falcon-40b,falcon-40b,tiiuae/falcon-40b,Falcon,Falcon,TII,2023-03-15 00:00:00,2023,False,41835970560.0,41835970560.0,41303293952.0,532676608.0,0.012732502697315184,532676608.0,1000000000000.0,23.902875602367764,2.5101582336e+23,,True,size-specific-D,size-specific-D,0,server/unspecified,21.78276283469994,1.097329837530549,0.03892306243955293,,,,,,,,,1.040499424050642,0.03892306243955293,0.07758333602339428,3.240564053870855,0.26766385507710905,1.9915878443363315,32,1.089861398618611,1.0992694913926098,1.5845401716962586,1.0992694913926098,1.282569029398576,1.3483491840420287,1.040499424050642,1.040499424050642,1.1855223130139474,1.0813949259993938,0.7388548272733064,1.0953855020313183,1.4162765037303415,0.4943306545716465,1.5675275084909996,0.8403760481296619,1.9915878443363315,0.5515264525265461,0.7711922953799033,0.9361922594744903,0.395548915310137,0.7652848689978484,0.7404468865028107,0.7142807724081608,0.985065207759967,0.5393036073708289,0.9616353767257191,0.9516490733573049,0.9443440230556158,0.9742955982909962,0.622048771301816,0.9312422307640634,0.9202686105617417,0.9102049231719864,0.954743412290405,1.2842252706414057,0.9165335965936857,1.2798847996866416,0.9228201500179333,0.9141267021526019,0.49480953883297024,0.8271329486417612,0.29423887569588425,0.6374046467315269,0.26766385507710905,,0.8826527707780415,1.0052336158056727,0.6109469032045103,1.016348650565041,1.0274718611626739,0.8729913093508495,0.870319177883736,1.1667467471988413,0.8627288843591882,0.5746363826383495,1.0436613211059784,0.4945774498082153,0.09811687004097848,1.1619488846753407,0.39179472886723526,0.9761092732041047,0.22043955888263408,,0.69503220625843,0.26562146799192915,0.6909929563744691,0.6439841457134365,0.6109316073525033,0.6430834936343819,0.39264805623542737,0.8174986434607763,0.748404741305965,0.7154285724114411,0.8104389663643209,0.47637204553512885,0.783849714198446,0.7268472709297303,0.6967981393319518,0.8925572042482078,0.8925536769537231,0.8622383996222438,,0.8774231758922646,0.8640059820955533,,0.13111862168846955,0.07758333602339428,0.1727480457276684,0.17493341417658237,,1.465291107632709,2.8188193417593115,2.0197392180308382,1.6391950921381615,1.6928815646435684,1.2322226573172894,1.326383614855308,1.205650373932247,1.306066332546011,0.9372266209671831,1.1394811506909441,3.0808093297266743,1.3954255928337793,3.2097656643398844,1.7705031583789168,3.240564053870855,1.5491739960469373,,0.9996994076180468,0.7056838632868702,0.9989714347203238,0.9987647843797047,0.9986169994548386,1.1465017863338294,0.9238128051009632,1.2920480772754226,1.3837153262995532,1.4553847421513766,1.0659020356960751,1.169106755022402,1.1950908843868036,1.2281419708202879,1.262000283996683,1.143755031763453,1.5608106277152252,0.9770254367256481,,0.9781638219978945,0.9756222125897615,,3.1982624112957425,1.0458186755741044,1.7648263077447295,0.3753785860545649,,
B:tiiuae/falcon-7b,falcon-7b,tiiuae/falcon-7b,Falcon,Falcon,TII,2023-04-24 00:00:00,2023,False,7217189760.0,7217189760.0,6921720704.0,295469056.0,0.04093962689433295,295469056.0,1500000000000.0,207.83712911547445,6.495470784e+22,,True,size-specific-D,size-specific-D,0,server/unspecified,21.996249190308767,9.448753163200411,0.6171019914283655,,,,,,,,,2.611661532872441,0.6171019914283655,0.40979856239414264,10.615414407492953,0.9118271760874892,3.312076705514733,32,2.3292712007370575,2.3486648933830963,3.517794722999912,2.3486648933830963,2.505194476978082,3.006269634486099,2.611661532872441,2.611661532872441,2.862220674407773,2.025326970702997,1.8437644025082616,2.6194087008228295,2.455185050328717,2.1424857865699667,2.6841493582297438,3.1346321228424396,3.312076705514733,2.5163200003135575,1.5710945522887698,1.2089035681927547,1.4686898760973,2.1591208962392554,2.374141312426798,2.633082131961652,1.4226803417970304,2.120905084100172,2.500600457503861,3.193456034798202,3.825316973644275,1.4007575186773615,2.250047838175899,2.5141257052393864,2.93097710942799,3.3792117179984222,1.7758770982595837,2.402153163194033,2.946960499174294,3.9057722862953175,2.7074569589760187,3.0446366673868974,0.9118271760874892,1.746127208971995,2.6986867409645496,1.094993189638093,1.9695839489061273,,1.9014146713898572,2.1852729555326253,1.3622737326731942,2.037474861960693,2.269311345900888,2.186268486360134,2.219361096914997,2.5933544965111306,1.7348317438975127,1.5809256782108236,2.520044467303868,0.917747487435967,1.0124051232685614,1.9760891594168462,2.08463207297062,1.726148665632332,1.7553507308421683,,1.0406268013644016,1.0788570897433782,1.7531708631742662,2.0374558266996456,2.218676829021711,1.136770041082181,1.6393519375459245,1.794910214989994,2.3610476627108503,2.6984727533424433,1.2078758700422851,1.7100043054203609,1.8333805774195282,2.228988216446422,2.4784221133593034,1.5717342178687936,1.7573798697793104,2.4088546221008733,,2.525334066813462,2.8166240743869406,,0.4379250417427441,0.6546405757500844,0.40979856239414264,1.6004120338020105,,3.1590805066875873,6.532664858475364,4.137257411916209,3.124944766248083,3.7823920931390305,3.113453255678419,3.618482740887051,3.1760204419365086,2.300009582473741,2.1448484401273986,2.6865946109732914,5.1881324024208215,5.244141500637689,4.937206909661643,6.246802414823542,5.204148968884647,6.435710893622171,,1.3492379041034959,2.453752352675518,3.1915649676281443,3.4432453462910098,3.9926102088861146,1.881760438563422,3.646106859449525,3.817308031491536,5.11787368897934,6.596968736840631,1.7137118452440665,4.027212880233495,3.562004131909254,4.098906153115682,4.940223011485408,2.0509388847881582,2.8714252307592516,3.6520855832384727,,2.9153007764877263,3.3070638337725993,,5.741986646094271,10.615414407492953,2.128126174648822,2.4710268427945916,,
B:tiiuae/falcon-rw-1b,falcon-rw-1b,tiiuae/falcon-rw-1b,Falcon-RW,Falcon-RW,TII,2023-04-26 00:00:00,2023,False,1000000000.0,1000000000.0,896977408.0,103022592.0,0.10302259199999997,103022592.0,350000000000.0,350.0,2.1e+21,b1_research_suite,False,,singleton,0,server/unspecified,22.54765198861107,15.522680595602004,0.6903081702172681,,,,,,,,,3.229016408671686,0.6903081702172681,0.9630779287000372,21.553561767394687,1.1800560523942925,6.412473415967536,32,2.719984309378664,2.73451188775349,3.628873872002519,2.73451188775349,2.67144723046391,3.2713511420366697,3.229016408671686,3.229016408671686,3.1395450241146827,2.2828049077163772,2.835946346584953,3.139500235991593,2.761536565876485,3.5392748415924657,2.9168686670402577,4.391322753846767,3.3730198971139447,4.000050916950522,2.029071620171739,1.368497346071136,3.2905261619400905,3.570794781505854,4.177752635547142,4.957761307943249,1.673260581505169,4.564043172350922,3.812541348410861,5.448908257152744,7.0924572928056895,1.6459021196977797,4.444880233551629,3.9083151302623627,4.903409698110391,6.051688551517266,2.195755356256425,2.6574235552608787,4.393721671020198,5.099932930609726,3.9121505691353233,4.594380773472145,1.1800560523942925,1.9317749967551026,6.412473415967536,1.5042890649941474,4.835525288298508,,2.3595853106225997,2.6193208118154816,1.9825873050482585,2.3343198351276593,2.6931626700497904,2.816835077284554,2.7947746868548298,2.8200572438563367,2.106747228895873,2.5693931785782054,3.048630461039269,1.3526540851022322,2.1383171423628933,2.2133452487133782,3.0412796982935424,2.0607667816048703,3.158469448896527,,1.2793222967116837,2.536942655742581,2.7039911159497145,3.6041511295838387,4.20210308610586,1.3832315080624145,3.6931289009062573,2.6218836723741754,4.222275307937832,5.282159127660476,1.4134913117155652,3.548710366657748,2.810671426407717,3.9542160562530904,4.743222700639315,1.8887316669793837,2.253001131484155,3.342467820085279,,3.5967200688779006,4.182305747620146,,0.9630779287000372,2.1625043613890456,0.9704841544207922,4.075647135606796,,3.341390791836486,5.5731554337379015,3.969591489437739,3.1046272985157395,3.83636061395553,3.722935208662706,4.270278102021695,3.51576749503828,2.509066901841361,3.1033892716408165,3.200494310725642,4.721998965059369,7.012624311555792,4.42494821734372,8.014803177364126,4.636249251533539,9.14897794116383,,1.6576527174834352,4.750950007584856,5.429491964501284,5.967313947748899,7.390259184071744,2.2988572792086432,6.65560730700369,5.851561986886919,8.483665245533007,11.829517910235385,2.222531414992883,6.723682623036616,5.588433448265642,6.636636333591384,8.525543440808793,2.337157465876028,3.0271821524563918,5.932727612327353,,4.2721558914142195,5.069484453905075,,4.213852301081549,21.553561767394687,1.907132488673621,6.392451588650079,,
B:microsoft/phi-2,phi-2,microsoft/phi-2,Phi-2,Phi-2,Microsoft,2023-12-12 00:00:00,2023,False,2779683840.0,2779683840.0,2517539840.0,262144000.0,0.0943071281084974,131072000.0,1400000000000.0,503.65440121420426,2.3349344256e+22,,True,singleton,singleton,1,server/unspecified,22.15921500526405,22.7288918445242,0.7368882318215538,,,,,,,,,3.8006661842726315,0.7368882318215538,0.6446952211974913,33.527227476541306,1.203372074386714,7.027871845064032,32,3.1650337298834614,3.1895938351575652,4.7581859576468855,3.1895938351575652,3.2814378177903456,4.105830113272374,3.8006661842726315,3.8006661842726315,4.0570174290976535,2.6325535558508735,2.767277104749253,3.779527277403238,3.068222138603915,3.9933520384292294,3.3216520300299033,5.388577889955815,4.014688920421469,4.75305628066644,2.1292224061887346,1.3549708389817563,2.7060017141125874,3.4297480378985994,3.992834164374557,4.712704197182133,1.672175169024971,3.9680336890136716,3.8061151245192817,5.437275652194484,7.074964566798295,1.6433879957468625,4.027946840892921,3.8920054602403127,4.879550751085825,6.018356252152771,2.3112020179376547,3.0805227976220118,4.838521062860996,6.164140568427394,4.275737392310826,5.074235438594811,1.203372074386714,2.3425585464593417,7.027871845064032,1.400261570497278,4.683300979223912,,2.608371665310941,2.998058562088978,1.9144964871782686,2.7238646504194,3.0812667441587935,3.176383570094914,3.1533455138596063,3.5575725992983935,2.339148340419843,2.449540266716129,3.6375919077226415,1.2453978579255867,2.1362912071594358,2.464897459292351,3.4387023407250425,2.176431258071863,3.535514287121576,,1.1983285317234356,1.9548895353550206,2.564692028338736,3.371290261517713,3.899303014415375,1.3609350196450432,3.050480722556219,2.5209951572501623,3.955993069502125,4.899159087052236,1.396127978877186,3.027274746083255,2.6604273620491443,3.6728783837831336,4.362925148226738,1.9601517253593914,2.372846351040858,3.6159095352483868,,3.9062359102896416,4.586616821601763,,0.7130295990735048,1.6551530610877478,0.6446952211974913,3.803701540653824,,4.290968341966812,8.71466188668709,5.38597327687702,4.038379598905027,5.1186550488638405,4.577893112718187,5.507675776485512,4.659881031799444,2.9522811937271394,3.1349686247550648,3.876998554883306,6.404116497890838,9.652852814554794,5.952689063421695,11.495015010145982,6.229514699848454,13.18214213785539,,1.628309500056141,4.4121513970735515,5.517068601033302,6.091445709736777,7.562609710977275,2.376418360118529,6.597748867742462,6.223244925039954,9.212686654547381,13.011780307942896,2.2108650490435595,6.942888629056147,5.85109697921804,7.03214604571714,9.103090581769045,2.5775067168057766,3.67876518771396,6.657178623274917,,4.698454534755664,5.638187854757609,,6.654983404464073,33.527227476541306,2.253435597317498,6.376556955690112,,
B:microsoft/phi-1_5,phi-1_5,microsoft/phi-1_5,Phi-1.5,Phi-1.5,Microsoft,2023-09-11 00:00:00,2023,False,1418270720.0,1418270720.0,1208555520.0,209715200.0,0.14786683320938898,104857600.0,150000000000.0,105.76260081009076,1.276443648e+21,,True,singleton,singleton,1,server/unspecified,22.628786428811935,4.6738079014007265,0.4826863286820712,,,,,,,,,1.9330631596345798,0.4826863286820712,0.6314874221947187,4.7125141771741506,0.8906709683290917,2.548630620146279,32,1.7667644940268983,1.77444009633962,2.1880075985403904,1.77444009633962,1.7965163404319597,2.0095616973743247,1.9330631596345798,1.9330631596345798,1.9677875733236947,1.612345211659233,1.860199131391965,1.9483108553230528,2.0245388300373532,1.668675075838998,2.1260179147764817,2.136532413219447,2.4412349012520607,1.7961028368935128,1.4157419184104272,1.2180858941416501,1.938507634937404,2.2264341430230776,2.4574457117026456,2.7367488932796435,1.4062336514122489,2.548630620146279,2.4261399981704375,3.073471678984644,3.6597352502251694,1.3867939761163246,2.5323275919479733,2.446157716174543,2.8387639432878746,3.259079869216943,1.5972157095563098,1.8419603471518395,2.4138668179563574,2.7484563377066924,2.2526686952062933,2.4789049563815997,0.8906709683290917,1.2377490108520715,2.148828912142428,1.1892489877511858,1.8237608974653974,,1.5740146346380532,1.6942245654556036,1.3815750594699319,1.5972007620703075,1.7142171583706076,1.7530665603569757,1.7476304363329236,1.8467217470472,1.5027885024495062,1.7169312053045194,1.9147896544527852,1.030891706631616,0.996425566456482,1.6530676211692568,1.629365158579902,1.5413206797727106,1.3893113388308247,,1.133742555084568,1.5702856363654223,1.8476137472611045,2.201989453454673,2.4202435874536707,1.2295241865147537,2.1602422368840744,1.8807964242958026,2.543313379914002,2.94059124851355,1.243987087338604,2.1440165354636322,1.9432032055504287,2.422351279625582,2.7232397141180043,1.451510380399335,1.5586690455723649,2.0426263767923536,,2.1364130840246083,2.3363397077670247,,0.6314874221947187,0.9300837734761777,0.753022233117656,1.6285868383967095,,2.0657705295244164,2.996778484971358,2.429143738473615,2.031816237947304,2.2847959955156534,2.134922132151875,2.2963497343073063,2.1040717027125493,1.7358079435571772,1.999289504656003,1.9739753360218648,3.0540804054726225,3.0544089784532207,3.101677369089061,3.302193419799034,3.105536636223935,3.258320236734473,,1.3648750475338554,2.6029441956638215,2.9603515169124868,3.1596478087790896,3.6262549876277967,1.7443949123967484,3.4731896293813547,3.285783972055082,4.235618733015359,5.301452327316234,1.6792408430001289,3.527182392900765,3.142244220019401,3.5509592527882345,4.199298337938978,1.7072806246559529,2.0534508329178855,2.8948278692102134,,2.3809193297932896,2.637187576508144,,2.4579206299265572,4.7125141771741506,1.5490141180297385,2.0312413764394175,,
B:bigscience/bloom-560m,bloom-560m,bigscience/bloom-560m,BLOOM,BLOOM,BigScience,2022-07-05 00:00:00,2022,False,559214592.0,559214592.0,302313472.0,256901120.0,0.45939630988742153,256901120.0,341000000000.0,609.7838019219641,1.144153055232e+21,b1_research_suite,False,,common-D,0,server/unspecified,22.646656202302992,26.925997218960465,0.7552722370142971,,,,,,,,,4.086173092091806,0.7552722370142971,1.3058326448003454,44.566934746223595,1.4689758791087928,13.385831372241414,32,3.2977676948536554,3.314319624462771,4.3935979433263475,3.314319624462771,3.6344827289341857,3.9825289850806427,4.086173092091806,4.086173092091806,4.562693505160369,3.0721689316472904,3.6500048348821776,4.753145203561404,3.1764289747434966,5.2216813028269,3.3357072922142157,6.167025312982159,3.810011555408401,5.954376991692767,2.4529883620880026,1.4689758791087928,4.801363518070612,4.759999093243881,5.770091058765644,7.117310367205949,1.8502201104523075,6.7279798030933735,4.951310663572707,7.587586559054491,10.397984069264282,1.8178711068120421,6.3780987382245335,5.129257696025141,6.733012813546042,8.665868792915457,2.588518522531382,3.107816726168879,5.988638485799754,6.789959375571215,5.204304613024009,6.320920241533287,1.6079570890011958,2.324764889691141,11.645148583149815,2.0035131373974924,13.385831372241414,,2.8969881998494436,3.19359337110638,2.455039206225291,3.2343054342423794,3.2651203571233793,3.5347131328765586,3.4759308143865773,3.9571522964258916,2.776788308045821,3.2980442551220683,4.570629906690917,1.637037842374908,3.304097083652518,2.499041372094789,3.793567031832936,2.3518279552416548,4.274319890405167,,1.3783055456179998,3.6865671023453914,3.4261463251909534,4.880376160667699,5.900365970315487,1.4850522350583453,5.35318347054828,3.224851959795922,5.77665183561118,7.587656147979921,1.520833867509655,5.025897316301476,3.5299405585674415,5.366837601047341,6.703276448515178,2.169245254623333,2.6877688112696716,4.309047577956459,,4.705626885781645,5.647809858228262,,1.3058326448003454,3.6067363683376947,1.3984187890156825,10.164848492708357,,4.006940712779695,6.900083800040802,4.701622614214424,4.145964800448986,4.653251578919546,4.770491054252611,5.496276972713672,5.301953877206337,3.424758505076509,4.040048285397316,4.887971562323986,5.309105378591559,12.665294581769562,4.897177782880251,12.284081652541387,5.257565358162204,15.346857920305549,,1.8685299342689201,6.861111695200769,7.692419316254445,8.560872269824792,11.070430880065727,2.6659547583490064,9.813407633313425,7.988516556772241,12.2550674274277,18.094044445209676,2.6176926218976977,9.75713318064757,7.669760747303657,9.328278840897193,12.535511055901727,2.7798240072717393,3.5238738378388783,8.632860069422119,,5.791993186887842,7.123955721572571,,5.0093958332122295,44.566934746223595,2.457036996912531,22.356620025897776,,
B:bigscience/bloom-1b1,bloom-1b1,bigscience/bloom-1b1,BLOOM,BLOOM,BigScience,2022-07-05 00:00:00,2022,False,1065314304.0,1065314304.0,679962624.0,385351680.0,0.36172581045152286,385351680.0,341000000000.0,320.0933271238607,2.179633065984e+21,b1_research_suite,False,,common-D,0,server/unspecified,22.541598204446206,14.200116789444152,0.6782926240585988,,,,,,,,,3.1084148974630574,0.6782926240585988,0.9276319982709887,19.087360599836057,1.2711197542568284,6.1799229122802215,32,2.6355490036630336,2.649612937851915,3.5079055402588146,2.649612937851915,2.8688970942476453,3.1627345696094977,3.1084148974630574,3.1084148974630574,3.4777579515302075,2.447314681771117,2.7342806062154636,3.4605827503510485,2.6992546331570746,3.3342429838223966,2.8519950435076367,4.159448076115208,3.3008387843486844,3.759198820330489,1.971304247692133,1.3546309254687274,3.1261681909436247,3.426258584912323,3.988271061713206,4.706674005348981,1.6487776683043616,4.324391962307821,3.6692065344234943,5.190702378117915,6.705561543509822,1.6221247210940484,4.224401397404163,3.755790738214125,4.680941299452235,5.741733229405131,2.1409956109766815,2.588803772736381,4.189781286643075,4.87021333476024,3.7444949419733207,4.3748487776175615,1.2711197542568284,1.872187051675847,5.863262361725718,1.6132659930734936,6.1799229122802215,,2.2881077135457897,2.5348508433938712,1.9201183466189085,2.519113425471404,2.6029422795479675,2.7165695479668384,2.6954624362017316,3.094015880839544,2.2604711376840543,2.4781943189124527,3.3563467994397227,1.3187998232049742,2.0121895002602197,2.1680956405704594,2.9180338057054342,2.0191129274607698,2.975564681625251,,1.2658934424506645,2.4151371486171147,2.6131835629059617,3.449982978266396,4.001359216035831,1.3691228403411717,3.5086909944678277,2.5476928185574037,4.032509436479336,5.0088156974665425,1.3984142084799582,3.3798335548069316,2.721604675756733,3.7818479732788624,4.509782850186352,1.8493547785206745,2.185996273779914,3.2149166955423016,,3.4497193857030526,3.9916943101229774,,0.9276319982709887,1.9967382285766275,1.0843538756877442,5.094432875010574,,3.2336450669965395,5.353066003324664,3.846829159888392,3.311554193380496,3.706416632939646,3.578333868172748,4.091470707015365,3.934126872257523,2.702430447395506,2.9882706327446735,3.5331993380775475,4.5826536218796265,6.588828192616961,4.327976086327753,7.611286331297602,4.520083136641443,8.475786784634591,,1.630225527784893,4.511789635850115,5.148690687310293,5.651216968471581,6.953329592106795,2.2478056088798732,6.261432229209642,5.586714943286444,8.022402014294254,11.089522255171884,2.1700350756099764,6.363191098993037,5.32705334550437,6.298491937774411,8.035354975351288,2.2802279229237623,2.9469263048953698,5.605365323299548,,4.078233053307433,4.8129491795141846,,4.117542344469257,19.087360599836057,1.9889245627453875,8.623326322615885,,
B:bigscience/bloom-3b,bloom-3b,bigscience/bloom-3b,BLOOM,BLOOM,BigScience,2022-07-05 00:00:00,2022,False,3002557440.0,3002557440.0,2360304640.0,642252800.0,0.21390191955828164,642252800.0,341000000000.0,113.56985064039274,6.14323252224e+21,b1_research_suite,False,,common-D,0,server/unspecified,22.373709859244553,5.076040198736511,0.500623230421913,,,,,,,,,2.0024960328949204,0.500623230421913,0.49387402509862927,5.07759008456482,0.8860258497172007,2.6209399843807026,32,1.838046005329188,1.848791772440039,2.442599977102644,1.848791772440039,1.9952292808010612,2.1833889314148673,2.0024960328949204,2.0024960328949204,2.2114364815022487,1.7261025416668097,1.7184931009311193,2.125837596190971,2.0776964695728415,1.6209984999641616,2.2169579253783747,2.2082219995573578,2.6209399843807026,1.79455886280683,1.3871041022298554,1.1891527774981983,1.5681977749160236,2.019537619022639,2.202427479114757,2.4207826762051337,1.3698564290445623,2.1247027034434853,2.2663350356369114,2.819298263656392,3.312321750072325,1.3506214869780224,2.178177518844092,2.2755412695168786,2.6091830204959807,2.962261969119389,1.5778963604482,1.929801004468278,2.359213199390815,2.854407395266929,2.2056229721103056,2.4211053267464244,0.8860258497172007,1.3218158914958513,1.9454262442919534,1.1567815870466795,1.8863675114643295,,1.5834178729753148,1.7458102066005117,1.2840328206248832,1.7193504578790022,1.7879751717720844,1.7654568668091646,1.7791337492964627,2.0527787151009655,1.5633484710816958,1.5551799987711232,2.0753147443492304,0.9292343713754911,0.8479063044005384,1.7136430253287114,1.6037227802830467,1.5354018602396355,1.331684166797269,,1.0675977822837153,1.2329652100212112,1.691521019284124,1.9538168158961209,2.116947837559815,1.1721333461548193,1.7415373718779743,1.7368431367077013,2.252819069043637,2.5560597122083815,1.2042678945815743,1.7637028766418974,1.781204164139712,2.1502748586648885,2.37955199351271,1.431980294837168,1.5403217445618946,2.0074705565636366,,2.093118937710143,2.283478343730194,,0.49387402509862927,0.7075419868720807,0.6132881564121371,1.6288169122338787,,2.2746079168694537,3.7324860818712517,2.787313806421886,2.343012911590559,2.571274834762905,2.2668735490614442,2.493435370746244,2.3920596748230203,1.8872414898755463,1.9071257190201392,2.1624430751680928,3.4782788591358287,3.302864085082992,3.5280481739003116,3.669948775930652,3.624530214381076,3.6529074485721442,,1.310330962015055,2.273018168003859,2.730117525293938,2.920907573554859,3.3208734679246814,1.715269768172989,3.1810533589305408,3.1705465282341128,4.043824914401033,5.025059684332095,1.6051323995970237,3.3281916267614764,2.9959480563966023,3.361408829031836,3.946385773194022,1.7444548556746267,2.2049691480545572,2.815156666832189,,2.333335470500414,2.578340936580552,,3.2087651978023666,5.07759008456482,1.6813244632628483,2.221588108483633,,
B:bigscience/bloom-7b1,bloom-7b1,bigscience/bloom-7b1,BLOOM,BLOOM,BigScience,2022-07-05 00:00:00,2022,False,7069016064.0,7069016064.0,6041411584.0,1027604480.0,0.14536739918207664,1027604480.0,341000000000.0,48.23867945874285,1.4463206866944e+22,b1_research_suite,False,,common-D,0,server/unspecified,22.235919697340382,2.1694033849435352,0.28181930672513833,,,,,,,,,1.3924072442550062,0.28181930672513833,0.2855125384309898,3.1267124150238947,0.6746476113805292,2.166128004973928,32,1.3646485267832955,1.3732021124703415,1.8111490202267395,1.3732021124703415,1.5166373166511906,1.6074801689407519,1.3924072442550062,1.3924072442550062,1.5602688351435208,1.3260546118509735,1.17078559020803,1.4713508410285316,1.673624330915502,0.8932200086822791,1.8003717781167898,1.3085880163519745,2.166128004973928,0.9740616013252126,1.0374604539364236,1.0677759938294888,0.8867834406159445,1.304814631557366,1.3483435726206792,1.3974653617707025,1.1753434027902814,1.1810412829744434,1.5219924072763071,1.7025057049000147,1.8493540314234813,1.1609064238828763,1.2600166183945385,1.5040341467970937,1.6097329689903628,1.7144112213220244,1.2261866640262737,1.5138457974791955,1.4677636328183752,1.8355948965234203,1.4242472201834524,1.4848554805195135,0.6746476113805292,0.9913914403423261,0.781792189367962,0.8998287994686787,0.7698944530193765,,1.160897567106386,1.302177365413659,0.9329046815071711,1.2851180358733958,1.3117561655669931,1.2241573704647053,1.2337593757284906,1.4964984786912334,1.1578831184642069,1.011741030999079,1.4290816819987295,0.7024088562901399,0.3179572771234922,1.378756476402008,0.7720643588692604,1.2288984752895498,0.5425736787445155,,0.9197337447685293,0.6928696223819464,1.1657105849804232,1.2100308955743824,1.2379677618070122,0.9420527033436495,0.9665716712401676,1.2514967198560474,1.3913899394091729,1.46471599381947,1.03739979553353,1.0397136590417897,1.2447117763193065,1.3388398486974815,1.3915522050244804,1.1529349366189314,1.1699969530701715,1.3576069768321133,,1.3702934480882945,1.422119085512472,,0.2967255712839235,0.2855125384309898,0.39634356510634694,0.6185762081215795,,1.6932697164017245,2.779956822803154,2.1455296838171933,1.8047264826420992,1.9002136817679545,1.5834322238097318,1.6936159341843047,1.6304670794873184,1.4819687780561048,1.3631367033953614,1.504669193578446,2.911962199606881,1.9687483189655766,3.012821170100845,2.2900272464802276,3.1267124150238947,1.9964161569088,,1.123085187081269,1.3458351153477481,1.649518049078321,1.7231155670526936,1.839108484052665,1.380370082498274,1.797430669769461,1.9888150616591453,2.337845821179083,2.6678553534917775,1.289114160471017,2.0028479118013878,1.8704938780836955,2.0331187556598156,2.233284484613054,1.3904952006414284,1.7588792818434522,1.59758718183559,,1.485298354065382,1.5561826422666185,,2.6715771113107247,1.8092882388685678,1.5806030352836329,0.9193693180480865,,
B:bigscience/bloom,bloom,bigscience/bloom,BLOOM,BLOOM,BigScience,2022-07-11 00:00:00,2022,False,176247271424.0,176247271424.0,172650655744.0,3596615680.0,0.020406646020338037,3596615680.0,366000000000.0,2.07662789354344,3.87039008047104e+23,b1_research_suite,False,,common-D,0,server/unspecified,21.71481915153427,0.09563182999830393,-1.7273082315615436,,,,,,,,,0.36666189337442123,-1.7273082315615436,0.004761801305326407,1.7831832891598949,0.02704762739336013,1.080653070579267,32,0.45757924531626065,0.46121758551566266,0.6080893806115453,0.46121758551566266,0.5850875518168032,0.5245432687076491,0.36666189337442123,0.36666189337442123,0.43038012093912503,0.5292656940032643,0.28318041111015674,0.40803264611808926,0.7567095399253375,0.09936693350793313,0.8398838607689316,0.19127388417233918,1.080653070579267,0.1027601782073131,0.35558500063448706,0.7169425885633881,0.10681382142258687,0.2592242191221481,0.21946159092638529,0.1830215023490403,0.6673988851430507,0.13389980406659174,0.34949591331717594,0.26400450236500245,0.21462429493299034,0.6635258680233991,0.16588041270510415,0.32559569673183336,0.2701388924059627,0.2271773958645164,0.48416504658490117,0.6219768222867236,0.2553782346914999,0.36263880465478404,0.28423535848467724,0.24507468148496708,0.2593555136738055,0.3458597597681632,0.02704762739336013,0.37139274593562066,0.03313327965158139,,0.3684348234083545,0.4085454561805675,0.2652159065150836,0.46007577850964426,0.41087551246128734,0.30160261334337907,0.295502837570055,0.3959409090204018,0.3859680078132058,0.20168152750021526,0.38591790434514994,0.2563790959723574,0.0069894311476773035,0.6199168666915582,0.039672811375100425,0.5232869994992768,0.021935182896261684,,0.40133169513802236,0.0561496462379401,0.20490148336376088,0.17947791656800285,0.14611569179674133,0.33948132135621284,0.08778632556940373,0.29799109832829035,0.21553824776367744,0.1697834810267518,0.4391008927205059,0.12252443270240664,0.2754786439595496,0.22360092325522943,0.18339392510073557,0.4523331053573493,0.4365151556188281,0.1915759076612772,,0.2572773038638299,0.21924112236240734,,0.043500955129806534,0.004761801305326407,0.07957748611516115,0.014556833143136374,,0.6115685065322499,0.9589258035831968,0.8229610573595199,0.7460095679141662,0.6478492390459332,0.4425608429773985,0.47313248395130614,0.4657993214786476,0.6764112744368675,0.39112102776100727,0.43132565309749155,1.6941518304654937,0.3743123054943767,1.686713473214453,0.6663320754705875,1.7831832891598949,0.5283839807180136,,0.779540258079974,0.1880902206308183,0.37144309770778805,0.2967590268270537,0.25658842090919065,0.8109532262673149,0.21724417903164442,0.47205098362993403,0.35926516392889474,0.30639912933758806,0.7956480017376927,0.2924704695326597,0.4369023798941018,0.35506822196877813,0.3096003654651975,0.5798939896703497,0.7652958206532728,0.3361616806201005,,0.31535483102330375,0.2752561469810316,,1.5438011508563736,0.18030216116399705,1.3242345938504756,0.06176155401434445,,
B:EleutherAI/gpt-neox-20b,gpt-neox-20b,EleutherAI/gpt-neox-20b,GPT-Neo/J,GPT-Neo/J,EleutherAI,2022-02-09 00:00:00,2022,False,20554568208.0,20554568208.0,19934859792.0,619708416.0,0.030149425165681865,309854208.0,472000000000.0,22.96326515953246,5.8210537165056e+22,b1_research_suite,False,,size-specific-D,0,server/unspecified,22.013652917441984,1.0431374222920575,0.017890198711886393,,,,,,,,,1.0182160881486184,0.017890198711886393,0.10621657295160115,2.8380353019031346,0.30729990817964314,1.876792784956526,32,1.0603390707657585,1.0680192861353355,1.445424321142999,1.0680192861353355,1.2055884079160977,1.2610958763234776,1.0182160881486184,1.0182160881486184,1.1330466557848808,1.0498219316410038,0.8033142214460115,1.0586748150925713,1.3918772902015233,0.5165178063190486,1.5178383462642056,0.8279551277046536,1.876792784956526,0.5618984767674984,0.7924282526646967,0.9600082511044614,0.4881994087592229,0.8473962242044913,0.8302650207344172,0.8119791872557075,1.0134751379635534,0.6479037409219782,1.035410914407664,1.0450703259828293,1.0522584282832081,1.002545038805594,0.7254028441563669,1.0069775326259154,1.0081433278943972,1.0092259475481968,0.9725608905140659,1.239436124593334,0.948987357251175,1.252428773602159,0.9528924327915341,0.9474894155390412,0.5142715018593768,0.785478346386231,0.33093602596905664,0.6854434664177744,0.30729990817964314,,0.8840201854552951,0.9868865067088881,0.6660511032287549,0.9884493929864645,1.0066315878913008,0.8780623328530089,0.8764785909709039,1.1198479419623522,0.8676544709952425,0.6546151759838255,1.0183588972033428,0.5356926727624113,0.12023616367887142,1.1585569275006016,0.4121987867408605,0.9909652625878762,0.24364733905158345,,0.7542585736982067,0.3517185157532706,0.775002882488781,0.7367562414733507,0.7102954887914855,0.7218205600202678,0.5003969998835243,0.8959758761024658,0.8505210183357517,0.8293768808603484,0.8602061554871795,0.5806213336485256,0.8641757059039586,0.8275335086830844,0.807059563445823,0.9189592844056823,0.9093518899177861,0.9051947182466151,,0.9154932606510936,0.906017358894314,,0.16588190919780738,0.10621657295160115,0.22800170121775076,0.2110924200016508,,1.3582995159872469,2.326173514940003,1.7920174461840614,1.4860741791279752,1.5271656880602225,1.1744358613496424,1.2465260186912095,1.1471345322230184,1.2373442068342908,0.9824512192387329,1.093440243356093,2.7225683053305594,1.3254561790945218,2.767452076523373,1.679520869460382,2.8380353019031346,1.5053588895252732,,1.014868727578167,0.798544442580233,1.0563475820573536,1.064855256149582,1.072896840916138,1.15543583121483,1.031035475752803,1.3385662861732666,1.4398150112074006,1.5237772193019636,1.0800929430365425,1.2423522750506422,1.2431806671973473,1.2867288672435646,1.3303815706051718,1.1304614438761362,1.4672361493348054,0.9977930618436944,,0.9980755235305838,0.9978489834813633,,2.5227362606187786,0.9493915337662872,1.5646905528534383,0.4095320142823719,,
B:EleutherAI/gpt-neo-2.7B,gpt-neo-2.7B,EleutherAI/gpt-neo-2.7B,GPT-Neo/J,GPT-Neo/J,EleutherAI,2021-03-21 00:00:00,2021,False,2651307520.0,2651307520.0,2522649600.0,128657920.0,0.04852621547273395,128657920.0,420000000000.0,158.41240475944488,6.6812949504e+21,b1_research_suite,False,,size-specific-D,0,server/unspecified,22.360161095397068,7.084582444804243,0.5669488266562057,,,,,,,,,2.3091959139113376,0.5669488266562057,0.5570451922287182,7.772271099770712,0.9117640193596063,2.8622443346057533,32,2.0713403935900923,2.0839190598379878,2.8036565228283927,2.0839190598379878,2.1117708199312224,2.495462076937306,2.3091959139113376,2.3091959139113376,2.3635301036858514,1.807867200792055,1.9394364033670957,2.2631188953378234,2.264432590597395,2.0031707213697025,2.418784658695534,2.698984134441258,2.8622443346057533,2.2459436743093733,1.5353890763256919,1.2296292185133508,1.8324793289592605,2.313284659296865,2.565387452458389,2.87170054596989,1.439569224352187,2.5176057503374913,2.5785094220760767,3.3200217479557907,4.001032220015603,1.4183467367170877,2.5636841570030415,2.6014309887932145,3.0500342736995503,3.5350544198188265,1.7258050585388331,2.1349936862348047,2.792535541818411,3.3896645970396984,2.5764355975533464,2.8804120511618545,0.9117640193596063,1.4939215163960977,2.6520199524516443,1.1742028371038462,2.057724815646958,,1.780742184011524,1.9686971052868227,1.4204862122608495,1.8086181465778453,2.0123259874941946,2.0187988080294232,2.031046186911437,2.180314174721229,1.6303702732160694,1.752332054178865,2.2050703993035543,1.0068142469010606,1.0966726366479582,1.8594019534476014,1.958097210198297,1.6657548549141183,1.6893908762523508,,1.1040187933895431,1.4177061197363903,1.887178311416246,2.252804082100142,2.48286744637101,1.2173287633543561,2.048166195982927,1.9146895909452777,2.615685415811859,3.037491101640879,1.2535342331983836,2.064917336437022,1.9813705512226372,2.471133575285083,2.7854212766957147,1.5422596994756799,1.6994396278808606,2.302929331252604,,2.424454587721189,2.6911489546215472,,0.5570451922287182,0.8816822187030222,0.6015276424149795,1.7668048286661477,,2.6001507916065654,4.397648523196816,3.177624874323194,2.4986396970526963,2.960441368162343,2.638301453656085,2.9387579019423784,2.5734536088026685,1.9817062384833484,2.1561784493145475,2.3057788423774905,3.917686163180889,4.082486861421276,3.8870129936492006,4.73995685905404,3.9996048552166403,4.757450431918131,,1.3889438060842334,2.7053635730287295,3.248894852798156,3.496217194113613,4.061450667750496,1.8458869239507154,3.810110180721312,3.7238790908675448,4.899155856814688,6.272299333176482,1.7390465520254497,3.9593702116298273,3.5219733259339905,4.017765512588487,4.829631919760616,1.9026616632810445,2.456185729122209,3.443583798895936,,2.747168800103178,3.094599598894023,,3.6356381007587064,7.772271099770712,1.7277082421380818,2.4275262102035637,,
B:EleutherAI/gpt-neo-1.3B,gpt-neo-1.3B,EleutherAI/gpt-neo-1.3B,GPT-Neo/J,GPT-Neo/J,EleutherAI,2021-03-21 00:00:00,2021,False,1315575808.0,1315575808.0,1212649472.0,102926336.0,0.07823671990173897,102926336.0,380000000000.0,288.84690467035404,2.99951284224e+21,b1_research_suite,False,,size-specific-D,0,server/unspecified,22.48973117964897,12.843501879281355,0.6641841847282904,,,,,,,,,2.9778228258573733,0.6641841847282904,0.8460235239850178,16.804593070460854,1.1018960298165201,5.135795911313039,32,2.548018900572647,2.5622611208133192,3.4225048105009916,2.5622611208133192,2.5210960066470745,3.0718657680190886,2.9778228258573733,2.9778228258573733,2.981752769665762,2.1521042138600164,2.5732618555878557,2.8891987857675665,2.632878865961125,3.072205372906712,2.7906938380870403,3.900981636644823,3.24978506242928,3.4697792661151112,1.8926426886275098,1.3314428715946882,2.821351873195504,3.194461469368164,3.6864630589659084,4.309706884904912,1.6104722515186145,3.9094565545853492,3.4516874611963853,4.804001674009402,6.131746722708512,1.5847620735388093,3.854912988757251,3.5238456977258856,4.34552165097753,5.278109626354685,2.0681381449228153,2.523267024949702,3.925494889343419,4.6196627076905425,3.5262705010593747,4.090838951631245,1.1018960298165201,1.8186794018147914,5.135795911313039,1.4058556598464806,3.8490392097495456,,2.2021953548300197,2.439961310374949,1.8035866221511074,2.1859591033927734,2.5017821019397712,2.5983797476863777,2.5764488429301373,2.691309349274728,1.980515142210183,2.3291929283449804,2.8109798506738968,1.2557494360214676,1.8207947232706057,2.1249843460125657,2.7719100099515206,1.9590125557960818,2.729340172531583,,1.232084437345991,2.171372935126118,2.460978302697744,3.1954918585887437,3.672348764198646,1.342741634360872,3.172121971081441,2.425660391308747,3.727943209431732,4.574312808482383,1.3716952911049918,3.0918741614629823,2.5710924463493128,3.49666639239949,4.126669704922325,1.7956044264272755,2.095231193714492,3.0552034192935227,,3.258584305065035,3.7452887970323645,,0.8460235239850178,1.7109370472021217,0.8487376676467517,3.272675797164286,,3.157896060450257,5.280401562225116,3.7809538848112747,2.954141265688026,3.6184915164255416,3.4368554827055586,3.933074136713833,3.322076188728995,2.360140804517942,2.815144191536588,2.9478540878738033,4.521176663967221,5.810454421835727,4.30443660348176,7.017971274471616,4.478242354215994,7.807871140935334,,1.57136560556503,4.121761705038852,4.761254512929953,5.194189350161312,6.326794782272948,2.17674346993879,5.702616498145982,5.210775003813231,7.4130216787019805,10.1220627905698,2.0879196796138575,5.874107746408454,4.9677324961391545,5.851996602653608,7.39344259305437,2.2214019965641785,2.8834254778597286,5.190270795757696,,3.8255573498734585,4.480852187842411,,4.092568837817628,16.804593070460854,1.847587047459942,4.973586631021544,,
B:EleutherAI/gpt-neo-125m,gpt-neo-125m,EleutherAI/gpt-neo-125m,GPT-Neo/J,GPT-Neo/J,EleutherAI,2021-03-21 00:00:00,2021,False,125198592.0,125198592.0,86601216.0,38597376.0,0.30828921782123553,38597376.0,300000000000.0,2396.1930817880125,2.253574656e+20,b1_research_suite,False,,size-specific-D,0,server/unspecified,22.913680387772153,104.57477983618628,0.8629716862200449,,,,,,,,,7.297761845087252,0.8629716862200449,1.477631601280823,264.6589912342108,1.7538039419970974,51.382104374140596,32,5.295807327896077,5.317554954200689,6.9929726273391335,5.317554954200689,4.995061338657063,6.4388956930240155,7.297761845087252,7.297761845087252,6.831332345653332,4.191956743846717,6.858170175624578,7.343420462492414,4.482480057858639,13.702622716426633,4.63446504552069,14.255400402416566,5.122503995074556,15.939447222406157,3.9293300048346635,1.7538039419970974,12.434923741331756,9.76950453857037,12.940858111211675,17.583033113214736,2.377734380386001,17.82912084080574,9.504719255100877,17.333997844160173,27.010494104127936,2.329545166504348,15.773113056667695,10.108763981425634,14.855334370555205,21.230768621311363,3.8935204692347147,4.562204237939263,12.911459568238879,13.748138583856003,10.564335684639623,13.947417036142909,2.2435179793836646,3.657748792879437,51.382104374140596,2.7426107199596634,40.19668956616198,,4.7118803109500895,5.20680516552102,4.1481512508217,4.493337951757406,5.236248952237538,6.080231470487139,5.900173676551767,5.704587979106026,3.6188418119802077,5.75975725039829,6.995183683363053,2.615978988942388,8.568272466417872,3.4062337805929586,6.1605382242072295,3.181369391168668,7.895857930109967,,1.6492007046051231,9.37492716730406,6.077823385601251,10.470314683582343,13.869962131654281,1.7697256519978353,13.729577696813358,5.513973883389703,12.551938644834552,18.601461526013157,1.8036971719750854,11.681173465986332,6.101641133391915,11.407178938966615,15.74279879614966,3.1169874478039525,4.045438254196424,8.066328460835864,,9.16188597890496,11.894524596649946,,2.062711029120912,9.531534475363939,1.477631601280823,27.145349982285865,,6.375863034886537,10.338693312304706,7.255676418378025,5.585172463163397,7.46378865965811,8.926002831432772,10.098371114887435,8.26152761866724,4.9785291662957345,8.107300057689983,7.647613824070498,7.043734503822196,68.41153206074416,6.16065689615001,35.721064729292706,6.79974939148202,70.57451341631706,,2.5470378422708655,20.320678833961832,18.091851603718812,21.367546112295443,30.829085955606544,3.851158861397959,25.894588644955746,17.371077448809025,31.460514566908685,53.783655588731136,3.938560023395578,23.97456875729957,17.089325383456544,22.298369052915362,33.6278714496338,4.1177052882385645,5.08655914874118,21.83065488982621,,12.294997514914648,16.52510418136562,,8.619508936940933,264.6589912342108,3.8453062375664673,84.48333654068303,,
B:EleutherAI/gpt-j-6b,gpt-j-6b,EleutherAI/gpt-j-6b,GPT-Neo/J,GPT-Neo/J,EleutherAI,2021-05-01 00:00:00,2021,False,6050000000.0,6050000000.0,5637123200.0,412876800.0,0.06824409917355367,206438400.0,402000000000.0,66.44628099173553,1.45926e+22,b1_research_suite,False,,size-specific-D,0,server/unspecified,22.234490904754285,2.988432758652804,0.3737105969807855,,,,,,,,,1.5967059240970745,0.3737105969807855,0.33772567617225513,3.473742966281801,0.7148895230424328,2.3520273230606743,32,1.529951553877697,1.5397716856006656,2.06038881770676,1.5397716856006656,1.6435743229604096,1.8234104975808139,1.5967059240970745,1.5967059240970745,1.7276682940560812,1.4232310104051125,1.3217121179997775,1.6214054043424944,1.8175018291596978,1.0988025084761612,1.9557247733761585,1.5880833001771057,2.3520273230606743,1.2115321897029498,1.1462120509861982,1.1043216373504998,1.0419230461171012,1.495705518924433,1.5718516421827762,1.6593083255427397,1.2349504434408505,1.4046296454047547,1.7308840498226854,2.003774726561756,2.232455198031869,1.2189510096139717,1.486645073331458,1.71878642465082,1.8808902468360804,2.0448990018168893,1.3385427445562585,1.6665137625483855,1.7310568691242578,2.1656164816707646,1.6581381700239677,1.7599537599537016,0.7148895230424328,1.113276096003035,1.061475072434969,0.9316439217047346,0.8949488419050343,,1.297317541568505,1.4557664656000855,1.033044244762602,1.3904134291718628,1.4768242230763857,1.398796220697953,1.4191107612792133,1.6412898879737756,1.2452026407052792,1.1515410011552936,1.5745033311227021,0.7626984847279192,0.44495029839734856,1.4916063437533247,1.0680250714723538,1.3260803827461733,0.7659487210767829,,0.9546848348320812,0.8114278543149557,1.3081091188022442,1.4022104866033587,1.4601267127881776,0.9950589252484163,1.1413031767548794,1.3852412792139452,1.6159321744379855,1.7411268277839933,1.0782427785706143,1.2193400473683131,1.392141889022913,1.5414177545419492,1.632259309019476,1.2469336001234264,1.2877842793238194,1.5557365946797033,,1.5864885059570342,1.6751620097910707,,0.33772567617225513,0.3823860196967453,0.4079951974802965,0.7263462503899464,,1.919258722135419,3.2275062445962033,2.422167152777593,1.9656697451278342,2.1685882557020992,1.8266970366890316,1.9787498166062079,1.8236922624875072,1.5877236219459931,1.5221589538236437,1.6579940461310747,3.1455707289981434,2.373715888949261,3.302841470935025,2.865413702318193,3.473742966281801,2.451966889531207,,1.174765648979885,1.5818270713266995,1.9392912180453283,2.049924139159846,2.23388524591064,1.5132458737990164,2.1612018768705203,2.319464398605039,2.821310817413262,3.315054050745436,1.3750004157061637,2.377058355958949,2.191609891703008,2.4053776417512593,2.7016425104189654,1.5197094787589935,1.9397878484226883,1.9404825903305902,,1.7366095457148853,1.8533146748429357,,3.000386530155568,2.6542096488762983,1.6369482566116633,1.064005291460963,,
B:facebook/opt-6.7b,opt-6.7b,facebook/opt-6.7b,OPT,OPT,Meta,2022-06-21 00:00:00,2022,False,6700000000.0,6700000000.0,6494085888.0,205914112.0,0.03073344955223878,205914112.0,300000000000.0,44.776119402985074,1.206e+22,b1_research_suite,False,,common-D,0,server/unspecified,22.265090242891997,2.011045942977015,0.25816993915969655,1.4221714442882911,1.3233684971059263,1.5392751452702975,0.29684989526671435,meta_mf,1.205798005651505,1.7661300318323434,ex post,1.4221714442882911,0.29684989526671435,0.27085229576761305,2.9926063912536907,0.6414772862632597,2.1122528353855032,32,1.3266869179774057,1.3347328474988829,1.7413380774599219,1.3347328474988829,1.4170513686850907,1.5512525975519396,1.3480176293573978,1.3480176293573978,1.4311877513460478,1.2485887981464125,1.1521489825419589,1.3544677297074121,1.6404021370986013,0.858548655630578,1.7613029820510715,1.252413525494931,2.1122528353855032,0.9311140297626954,1.018637506944935,1.0632804504310602,0.8787253169085952,1.2826695047110765,1.3226642274228155,1.367698166551304,1.1668563250606778,1.1633554365706849,1.493585154095559,1.6623505415162911,1.7990461702306917,1.1527152901098627,1.238758717224873,1.4751811743803889,1.5737714759207517,1.671107234068389,1.205798005651505,1.4761216795898053,1.4221714442882911,1.7661300318323434,1.3834262811490832,1.4373633231926288,0.6414772862632597,0.9606100652170175,0.7422034025308535,0.8650386247660722,0.6551820565113919,,1.134359802326457,1.2659540588238458,0.9210040401893735,1.2011918066648757,1.2749440899419735,1.1908516823356026,1.2003110471077267,1.3838576681076784,1.0871967566841554,0.9995037415268778,1.3157106331698583,0.6982708832208386,0.30356760861876236,1.3545690448795424,0.7377355977094353,1.2084598897684133,0.5153769895494759,,0.9195334354478896,0.6912696787116329,1.1505638007716508,1.1910802121075823,1.216278727627882,0.9417272115400269,0.9572409473682688,1.2377033906704946,1.3677865293029188,1.4360432784447792,1.0331842706501584,1.0285672234292427,1.2296687548822642,1.3171485031989565,1.3660507479254254,1.1356121430359711,1.148507965805263,1.3233684971059263,,1.3335650057946078,1.3795775254966904,,0.2976876851426957,0.27085229576761305,0.3786790629029315,0.5196211130828576,,1.6353140132193416,2.6284214626706848,2.059225816375692,1.6830225462258774,1.8243189311159256,1.5256205380674295,1.623575284583829,1.4828566773283716,1.4009173114838431,1.3376859680903355,1.3865351714580305,2.819468300428358,1.8813238040713232,2.897699693516438,2.150640848490132,2.9926063912536907,1.8954451500830845,,1.1162922193984202,1.318274978185515,1.608042242957063,1.6746682135465072,1.7813072650449662,1.3616571337356178,1.7503853254797344,1.9343754493880476,2.2604460289722317,2.566061456354193,1.2746273457323631,1.9442988650172441,1.8202958790336314,1.973116776012207,2.1587999215971423,1.3617909744182126,1.7084730940255635,1.5392751452702975,,1.4400587690894033,1.503294452520794,,2.529881530661352,1.6617060630977194,1.530887882449396,0.7882771892641532,,
B:facebook/opt-1.3b,opt-1.3b,facebook/opt-1.3b,OPT,OPT,Meta,2022-06-21 00:00:00,2022,False,1300000000.0,1300000000.0,1197042944.0,102957056.0,0.07919773538461539,102957056.0,300000000000.0,230.76923076923077,2.34e+21,b1_research_suite,False,,common-D,0,server/unspecified,22.530055319226463,10.242728102504895,0.6300823773238674,3.5290464032371,2.7985569546760747,4.565653749757619,0.716637333223296,meta_mf,1.9543863444026077,4.113444251180541,ex post,3.5290464032371,0.716637333223296,0.8075241414771221,12.654932951605254,1.0475136464466073,4.253256398085085,32,2.34664700242402,2.358984447114903,3.0877333989758933,2.358984447114903,2.3211246179897915,2.7883768817329457,2.7033045702597205,2.7033045702597205,2.6925969521074418,2.0065272507922693,2.4026178801196125,2.626133254337697,2.48208276230077,2.6879217199656016,2.6238691693858778,3.411261046035765,3.042686529740719,3.0004913977433403,1.776538612314352,1.3067396313674375,2.618052488851138,2.960729752840579,3.384861701100814,3.9168835856177617,1.564535587430348,3.5818233505606716,3.2015334026065987,4.367279031292874,5.492322234435256,1.540310249092832,3.533604303459831,3.2599915917384608,3.968414607305842,4.762512862581884,1.9543863444026077,2.349761062287103,3.5290464032371,4.113444251180541,3.196722378590542,3.6658977727031297,1.0475136464466073,1.6664093644748523,4.253256398085085,1.3593159678012292,3.2857061351581645,,2.0443683652463256,2.2486611074113116,1.7116815973250679,2.027942732236727,2.2977556355854287,2.3834446396459033,2.3628530375438994,2.45368577519987,1.853755734086727,2.18523842584625,2.5611708284385437,1.2067138569345268,1.596967508845317,2.00792071572922,2.48403360616315,1.8587200273435227,2.4178278162367763,,1.2140652629719761,2.040691666754545,2.317306208660579,2.9571930404345674,3.3671009893060564,1.3197485428448426,2.9358859807997333,2.2999711094163495,3.445322612227713,4.1760208134344845,1.3434161935679192,2.8698756285822133,2.426134978542072,3.236105641732712,3.7802237937005723,1.714126643218095,1.9606830643707673,2.7985569546760747,,2.9706640546627536,3.377345883138747,,0.8075241414771221,1.5078096087477677,0.826748439970317,2.8114445720750925,,2.862947344052924,4.621046886898865,3.4048779984779998,2.6966644487268043,3.254854068316476,3.0848611834627024,3.489686197927828,2.9697973959428356,2.191355233780204,2.6188498279313444,2.6749368272252476,4.085119730505607,5.0253935493519535,3.9668101144793875,5.8535925599431256,4.106716982943765,6.397267413886305,,1.5250208536843524,3.740030938980049,4.300484441901094,4.673681530986336,5.62127224448363,2.0733739238414666,5.128494662554683,4.706564729676858,6.559585850254575,8.788015974076133,1.9933198834539663,5.26371115149341,4.497017518555782,5.252442571903228,6.5417161257799235,2.0942898040409377,2.6685017056940046,4.565653749757619,,3.4490583162583484,3.990839251084007,,3.6203908874395245,12.654932951605254,1.7658275214845522,4.088841828176528,,
B:facebook/opt-350m,opt-350m,facebook/opt-350m,OPT,OPT,Meta,2022-06-21 00:00:00,2022,False,350000000.0,350000000.0,298521472.0,51478528.0,0.14708150857142854,51478528.0,300000000000.0,857.1428571428571,6.3e+20,b1_research_suite,False,,common-D,0,server/unspecified,22.74436018452161,37.68595160246253,0.7880305405464887,7.303247295784727,5.062727484781875,10.97768570566856,0.8630746078422981,meta_mf,2.876399587055856,8.091698604491267,ex post,7.303247295784727,0.8630746078422981,1.3663070438406033,69.83977731085739,1.5411447942919805,17.197353429990255,32,3.7038244757340464,3.720906481265463,4.883200868182449,3.720906481265463,3.480994114530067,4.45807614486101,4.717660754422586,4.717660754422586,4.3213595100078255,2.9624019569594866,4.3261524135771845,4.5234121399094755,3.457418718994033,6.699716174100233,3.6096909595857145,7.605936459281452,4.074779687574391,7.653593969024366,2.7725306479016645,1.5411447942919805,6.2717941998740105,5.7824617041191795,7.1797858363092795,9.090968675493984,1.978382797649185,8.80915487035176,5.893042757357974,9.460232993903098,13.416609542989107,1.9424381712093348,8.175449411337754,6.148874857775172,8.318658707767208,11.010582802690692,2.876399587055856,3.408734514348182,7.303247295784727,8.091698604491267,6.248718356600219,7.75476308230861,1.5669985508665634,2.589563165094404,17.197353429990255,1.970242881795605,12.351623519789147,,3.2862850401260477,3.6099695686949236,2.830828624019301,3.1108930198830396,3.6719157507139952,4.058617797777257,4.009131839479737,3.7670012053475284,2.682320345647124,3.8758490629644298,4.354305111320953,1.869286475347888,4.33021941455226,2.6765278098604033,4.280342878737816,2.5431744916085,4.8727175718049365,,1.4488107861384527,4.827183994624974,4.01126392304131,6.010482809726217,7.450148688957093,1.5582826077060161,6.96998297998806,3.739153462340387,7.128016714210072,9.673754054916921,1.5882842444632752,6.384677062672025,4.086587719600829,6.610862093964844,8.488061348123528,2.387038508311377,2.969221633074728,5.062727484781875,,5.588080634993553,6.84418245162185,,1.4933183382126882,4.678138729628041,1.3663070438406033,9.471726330243243,,4.431181745765649,7.367390140314387,5.135592805583063,3.950162688856555,5.172378722751736,5.545446323578519,6.3160226639142545,4.994595093686351,3.299557922133341,4.861905488801945,4.648202758793386,5.6666777742514345,19.57304436417143,5.064366847400248,15.882022492546758,5.46948552481716,22.372473109454813,,2.0198919974177243,9.182751233976532,9.68475810647371,10.91958388778507,14.538051067766329,2.933516410289077,12.977969917693049,9.794932384837608,15.721792774392728,24.129242494854886,2.920203898552557,12.329948602028164,9.495924247354125,11.686646091430047,16.180228882204414,3.104961045010145,3.8349307712291543,10.97768570566856,,7.042035714331736,8.8632431330667,,5.610734843767415,69.83977731085739,2.420333747666817,20.318328270202915,,
B:facebook/opt-13b,opt-13b,facebook/opt-13b,OPT,OPT,Meta,2022-05-02 00:00:00,2022,False,13000000000.0,13000000000.0,12742607360.0,257392640.0,0.01979943384615379,257392640.0,300000000000.0,23.076923076923077,2.34e+22,b1_research_suite,False,,common-D,0,server/unspecified,22.158868546775842,1.0414305689033392,0.017202496544016465,0.9849136569818758,0.9476766784840667,1.0268842513937648,-0.015317426975633649,meta_mf,0.9844620519608416,1.2548575609278183,ex post,0.9849136569818758,-0.015317426975633649,0.1322438044735722,2.6240158440180044,0.3445329724947294,1.8225105948193983,32,1.053532081894286,1.0602653752289553,1.3814236925852874,1.0602653752289553,1.1640161086496188,1.2238730874134356,1.0175036022003763,1.0175036022003763,1.1011022417025937,1.0334659705363123,0.8560250285287444,1.0402793652902107,1.3875294124277118,0.5412589383091149,1.4991935067610958,0.8352911442171711,1.8225105948193983,0.5801961138060495,0.8135320200479889,0.9782550908823785,0.5651907855829376,0.9146661671607047,0.9046586903995034,0.8938710266527506,1.0364079597210587,0.7383925822950735,1.0974289132751611,1.1249952506205518,1.1457872977868488,1.0252610273172384,0.8108981015665727,1.0706276556063383,1.0828551693432007,1.0943224533479068,0.9919549734730672,1.2232253188182758,0.9849136569818758,1.2548575609278183,0.9860885999114599,0.9844620519608416,0.5275779111632485,0.7688473422563168,0.36646493173157213,0.7224286499203151,0.3445329724947294,,0.8954855436066061,0.9862238518023133,0.7098310355708172,0.9740038125322342,1.001536096784548,0.8920225280724003,0.8942050227788492,1.0911990690020865,0.8729379081010267,0.7165073143354896,1.0064868880527416,0.5644224606720382,0.14115392505110472,1.1558088281848535,0.4351853966848783,1.0118378241208434,0.2659228740911243,,0.8024282019362544,0.42801214269344084,0.8395673701568046,0.8139629272592274,0.7941484419339453,0.7814627886364244,0.5926375555692444,0.9535557728894569,0.9345092831573212,0.924718887155642,0.8950904752416982,0.6634910244500678,0.92926010119338,0.9075566234318723,0.8959811457561448,0.9433788513443091,0.928304395393145,0.9476766784840667,,0.9525493358184454,0.9471080700816323,,0.1875369905235488,0.1322438044735722,0.2739045459957482,0.24539645604749455,,1.313253710098561,2.092372761049964,1.6820720230908341,1.4027126660314027,1.4492570804905072,1.1541630772131497,1.2152312377688426,1.1116434714743493,1.1916405756477255,1.022892858182647,1.0697621804426785,2.5404048030919966,1.3238497474170567,2.5518139530491375,1.639484314056315,2.6240158440180044,1.4931690552065213,,1.0299922855935097,0.8758816104940367,1.1101472780829649,1.128704001219375,1.1451839621239392,1.1672767977947451,1.123387538842696,1.3755370305471386,1.5049929668473336,1.603758371233394,1.10099415200799,1.3095281644301329,1.2931387367318883,1.3456716492404344,1.399595390940293,1.1316913201743959,1.4248174041529402,1.0268842513937648,,1.0249855927455889,1.0279707637362165,,2.19927926043962,0.9209976963952801,1.4717158737126255,0.44309047590745165,,
B:facebook/opt-2.7b,opt-2.7b,facebook/opt-2.7b,OPT,OPT,Meta,2022-06-21 00:00:00,2022,False,2700000000.0,2700000000.0,2571303680.0,128696320.0,0.0476653037037037,128696320.0,300000000000.0,111.11111111111111,4.86e+21,b1_research_suite,False,,common-D,0,server/unspecified,22.411564378600787,4.957757933988902,0.49556497094679686,2.353554082183315,2.00476667397829,2.808687653406541,0.575110677264602,meta_mf,1.575884008711367,2.8218901355271595,ex post,2.353554082183315,0.575110677264602,0.5113385546033522,4.951745344553327,0.8392030116285009,2.585851061279051,32,1.8199059543994545,1.8301287186162705,2.391997670565744,1.8301287186162705,1.8569596270125377,2.1470252140671966,1.9824158561647574,1.9824158561647574,2.0201975337714675,1.619182959783215,1.7314798195195555,1.9467462835148674,2.063688272405921,1.6161748657123132,2.1967579134164863,2.182461630667378,2.585851061279051,1.7810479132266193,1.386454582220882,1.1920036618216363,1.6093301496123875,2.039253142667549,2.2265948674145277,2.4505458938813605,1.3728190960176534,2.1697610068689275,2.2790999620407213,2.8394301717862884,3.339667031147724,1.3536195143784726,2.214656620544455,2.289385589846213,2.627708069232727,2.9860883182174116,1.575884008711367,1.9099831830652676,2.353554082183315,2.8218901355271595,2.200746763631993,2.4151227472875427,0.8392030116285009,1.3036078973550382,1.9532934691031125,1.1080906480341226,1.5849709405579038,,1.5757712071397427,1.730932644943574,1.291625175211893,1.6035232906659795,1.7697248967686592,1.7544284715342633,1.7664687942251551,1.8912382337797715,1.463718312871714,1.5711671404464382,1.901816451321249,0.9397684529128281,0.8635374902454055,1.7022146262952789,1.5988294920095383,1.5299651683640767,1.3284413024708013,,1.074716808327574,1.271285783189613,1.7067555384357884,1.9788613867781988,2.1473555318040654,1.181416722672402,1.792991775246222,1.7520429830142548,2.2779862422957367,2.5890830051490727,1.2097150496509588,1.8209296994153605,1.7986405384262667,2.175916208003739,2.4117077789180983,1.431172999290344,1.5378243047841387,2.00476667397829,,2.090429852287126,2.28019924029297,,0.5113385546033522,0.7338458201180206,0.5834709320109233,1.3676824118267454,,2.231361146381025,3.5934829878022407,2.7196864236621567,2.172915362070607,2.514796793114541,2.2347567088520113,2.4477167097333203,2.165735770116409,1.7664776799056623,1.9155035847089859,1.9794523583078127,3.3977703330795617,3.234173760733127,3.4478827320158114,3.5817901118888966,3.5456341770965745,3.5654289298014845,,1.3148340029241226,2.309194464940547,2.7465556617118594,2.9371078532867645,3.3415041062554667,1.7104715968319295,3.2026348338724286,3.1685976266469904,4.040739086866816,5.020629108546694,1.6114108636138857,3.3332826262619464,3.0010218198610485,3.3689188778027526,3.95637106529962,1.7337666424694682,2.1739550981071205,2.808687653406541,,2.3268229663777587,2.5702978989032403,,3.0648787217256905,4.951745344553327,1.6190279733706119,1.801143993961373,,
B:facebook/opt-30b,opt-30b,facebook/opt-30b,OPT,OPT,Meta,2022-06-21 00:00:00,2022,False,30000000000.0,30000000000.0,29639650304.0,360349696.0,0.01201165653333336,360349696.0,300000000000.0,10.0,5.4e+22,b1_research_suite,False,,common-D,0,server/unspecified,22.02558083014425,0.4540175388389296,-0.4014637360023085,0.6195886627428533,0.5547999877006667,0.6885903369873747,-0.613974012327963,meta_mf,0.610704561396096,0.9650265563453702,ex post,0.6195886627428533,-0.613974012327963,0.04430685948001791,2.238915116698274,0.15043914361306324,1.5129735210645259,32,0.787652200608745,0.7930107610216768,1.0314879900178737,0.7930107610216768,0.9098599485176024,0.9075247693146246,0.7135396901902803,0.7135396901902803,0.7916586184381861,0.8155464579199158,0.5884516235672294,0.7474922557879441,1.1233442856337288,0.3024329264484076,1.2234177566184894,0.5010812886509768,1.5129735210645259,0.31945131717753306,0.6126108814180247,0.8806173471774429,0.3238898206341901,0.5970248899092782,0.560226208224732,0.5226801656076032,0.892431030519918,0.4161154149756995,0.7438842124262676,0.6874118626456902,0.6484944080527679,0.8843702552102645,0.47512098981574286,0.7145187104052547,0.675648923727999,0.6414855920854323,0.7754063667515398,0.9650265563453702,0.6195886627428533,0.8153345452604551,0.6432927641837068,0.610704561396096,0.41301737254818444,0.5805418854435807,0.15043914361306324,0.5765142190053628,0.1540491848055473,,0.6628757332695169,0.7293293306493016,0.499929805485421,0.7442905159807021,0.7358663505084779,0.6101676814938198,0.609311430711926,0.7735717978421519,0.6631750981820929,0.46890174403598184,0.7196811776220381,0.43654833790294256,0.05052351337066748,0.936887008850593,0.2067015287708136,0.803363038696797,0.11711622337999329,,0.6448506347790209,0.22241414425094588,0.5396608918774776,0.49690970887203617,0.45699773467752774,0.5919074405461316,0.31345419018963416,0.6775393911946253,0.578231402929814,0.5310205857972093,0.7248796157661552,0.3812201143739475,0.6423587675762071,0.5688344627932055,0.5279119516351246,0.7349663517409708,0.7100169270148132,0.5547999877006667,,0.6117087570918135,0.5772855698007487,,0.11314954776910863,0.04430685948001791,0.18249216339205193,0.09481553183305225,,0.998355119484065,1.5912135628694497,1.3028547190145898,1.1161242110917269,1.088872750897764,0.8282369215746139,0.8702741406796185,0.8091995544907495,0.973392333586432,0.7268480774290254,0.7746798468773157,2.1597680995618904,0.8719364589114759,2.173822211686521,1.1799757502362085,2.238915116698274,1.0277926432367501,,0.9317514188420393,0.5244033882709961,0.7498236869606916,0.7120184581805286,0.6836450016755704,0.9975043428421173,0.642004912002138,0.9307587727039416,0.9069260105915911,0.8932536385487929,0.9598907187278817,0.7895337428158666,0.8666703150014997,0.8453411562492427,0.8267527659731924,0.8958605897168311,1.1337613171196923,0.6885903369873747,,0.6794040685960118,0.6491510902551322,,1.8403511342991845,0.46160454369716863,1.391630329706866,0.22448645846033252,,
B:facebook/opt-125m,opt-125m,facebook/opt-125m,OPT,OPT,Meta,2022-05-02 00:00:00,2022,False,125000000.0,125000000.0,86391104.0,38608896.0,0.30887116800000003,38608896.0,300000000000.0,2400.0,2.25e+20,b1_research_suite,False,,common-D,0,server/unspecified,22.913942822438283,104.73972194998323,0.8630639655547094,12.92282500967834,8.072132435005095,21.853810410877035,0.9226175391796247,meta_mf,3.8953412744463316,13.960064968706412,ex post,12.92282500967834,0.9226175391796247,1.4778257026317076,265.20297711678535,1.754154043737119,51.46902217991641,32,5.298732077067815,5.320487579671661,6.996851484981694,5.320487579671661,4.998603429305129,6.442552124850915,7.3026797077253285,7.3026797077253285,6.834936589553418,4.194814352103715,6.86305152498332,7.350408127981942,4.4842776913745,13.71777112677471,4.636253787184041,14.269235844908081,5.124314359894426,15.957514461182393,3.931446407287083,1.754154043737119,12.44807334035109,9.777419366554616,12.95263592814153,17.60095281900728,2.3784095802417373,17.84854228318555,9.511737723828222,17.35021476907822,27.03969520909309,2.330198984452499,15.789127675825977,10.116527137086829,14.868641944653488,21.252305540240535,3.8953412744463316,4.564258041533026,12.92282500967834,13.759396317179963,10.572905407522814,13.960064968706412,2.245098989956219,3.659699986740001,51.46902217991641,2.744391903848666,40.28990192614884,,4.714399732626981,5.2097153531764295,4.1504823195273595,4.496319500429989,5.239123659140762,6.084041756260098,5.903983901555088,5.707315347194536,3.620981715930361,5.763260173209398,7.00162162733688,2.617022770184435,8.577234657486052,3.407590259535801,6.163992446576387,3.1824713270041984,7.9020584440500246,,1.6494981720785618,9.384363255256948,6.081667813994777,10.478815918380512,13.882572575071137,1.7700393843029232,13.74377194233409,5.517338154831185,12.562750134754259,18.619976209528183,1.8040587691105558,11.691920380233194,6.105341982615944,11.415882053884609,15.756399957333267,3.1182719435779416,4.047313560833342,8.072132435005095,,9.168834885536835,11.904609657022778,,2.0628460419087298,9.542021873477685,1.4778257026317076,27.20110060949778,,6.379465000365316,10.344342390490057,7.259732651559383,5.589149604756581,7.467938196436152,8.93250387521133,10.105875498120845,8.266317769744909,4.982562833601334,8.113809604254508,7.655124617959803,7.045796569307415,68.54391857222957,6.16294982903812,35.77348537098301,6.802449825349239,70.68242147989665,,2.5479503087735274,20.343979933291692,18.109904882684656,21.39028295279557,30.86582056878668,3.852791295359859,25.926028585415153,17.386593837958472,31.494772495253127,53.851333626072,3.940379909463142,24.001842091145477,17.104629932576074,22.320708008016585,33.66602136454731,4.119419820364178,5.088775130809477,21.853810410877035,,12.305728144855449,16.541227102221757,,8.623987001638255,265.20297711678535,3.8488899986056553,84.72206528023091,,
B:facebook/opt-66b,opt-66b,facebook/opt-66b,OPT,OPT,Meta,2022-06-21 00:00:00,2022,False,66000000000.0,66000000000.0,65536693248.0,463306752.0,0.007019799272727223,463306752.0,300000000000.0,4.545454545454546,1.188e+23,b1_research_suite,False,,common-D,0,server/unspecified,21.90064476553918,0.20754889155623632,-0.9583576953447432,0.4002326717829719,0.3300743982296763,0.4833162715142406,-1.4985466467421602,meta_mf,0.3893267033566774,0.7717142699767604,ex post,0.4002326717829719,-1.4985466467421602,0.014408863490266018,2.0005029224137107,0.0649811124796127,1.2694407597652024,32,0.5987422186835223,0.6030482877064229,0.783161839297206,0.6030482877064229,0.7217903160908967,0.6845465245540558,0.510631945521047,0.510631945521047,0.5779300093225551,0.6527905899869657,0.41327346537969384,0.5478712729872249,0.9205042404881191,0.17470242608723324,1.0100366640734935,0.309500627895087,1.2694407597652024,0.18198929458596444,0.46885109355646,0.7975025018508537,0.19160992664131624,0.39931005672892195,0.35656276765759876,0.31514839191932953,0.7750518452467507,0.24231180027437202,0.5155669651852657,0.43202555023900074,0.379171381511577,0.7693124905380365,0.28701854575489105,0.4880064059342922,0.4330905604120146,0.38769006592826777,0.614723140485867,0.7717142699767604,0.4002326717829719,0.5429738068375054,0.4300341382787102,0.3893267033566774,0.328118712899845,0.44545059423367767,0.0649811124796127,0.4663434727290168,0.07228837134037579,,0.4965152637788731,0.5442117187018229,0.3702002610663881,0.5812071397149432,0.5494539334261898,0.4298575901761165,0.4303143924302632,0.5474170597664514,0.5064522648239675,0.31331572410100206,0.5230520880989693,0.34262265625808547,0.019114809485844497,0.7665326643845343,0.09062247724995347,0.6506742433845558,0.052213532115016094,,0.5169881233378699,0.1165731008975677,0.3406122088050299,0.30442121781886405,0.26401798813964544,0.45572309745193157,0.1707945242231839,0.4600771654591361,0.36227177659766285,0.30936394106271276,0.5695264837838053,0.22415792462428258,0.4351579729659728,0.36254314565911167,0.31699085120588283,0.5789329590004465,0.5575078972008589,0.3300743982296763,,0.40036517178755016,0.3594255547214169,,0.0721451604898025,0.014408863490266018,0.12461404464270769,0.03794566505553946,,0.7729338536920983,1.2091448796876734,1.0236886666076084,0.8996839327099727,0.830450369292555,0.6008110285645745,0.6480804406728692,0.6084328287044948,0.7991885610793417,0.5348919498470159,0.5726674108485613,1.8877494609928835,0.5863331902968205,1.8788898299072783,0.8811703713142153,2.0005029224137107,0.7188506459846262,,0.8539899123351298,0.32020814255542335,0.5294850445931114,0.46209621554290214,0.4213007347596982,0.8884085181129434,0.37942194984713196,0.6558531317189578,0.5680512641713975,0.5202328332243088,0.8753906921139083,0.4841989738029328,0.6172945099186515,0.5493368765485271,0.5074693553616277,0.7231669944024444,0.9234393874336588,0.4833162715142406,,0.4641751517152367,0.424036284794933,,1.6576969705792741,0.2821727946603191,1.3387073646145884,0.11847076802873384,,
B:mosaicml/mpt-30b,mpt-30b,mosaicml/mpt-30b,MPT,MPT,MosaicML,2023-06-22 00:00:00,2023,False,30000000000.0,30000000000.0,29638503424.0,361496576.0,0.012049885866666665,361496576.0,1000000000000.0,33.333333333333336,1.8e+23,,True,common-D,common-D,1,server/unspecified,21.835089111149756,1.5265947926135175,0.1654188358923379,,,,,,,,,1.198205810299115,0.1654188358923379,0.10869116124649494,3.4404282436318345,0.3672973761789306,2.1446055029420195,32,1.2234987661980294,1.2338595928052831,1.779729603112762,1.2338595928052831,1.412992571219147,1.5186308606519998,1.198205810299115,1.198205810299115,1.3580229933254833,1.1869080583872609,0.857613792726474,1.247379526469426,1.540376791668895,0.623076698930187,1.6995092052252407,1.0297473170763873,2.1446055029420195,0.6992510536123353,0.8632823488312351,0.9761691002919259,0.49358089420584766,0.9067788333321554,0.8959001475889291,0.8841864383058494,1.0454342254957636,0.6774619173683925,1.1224501858840596,1.1575878850664614,1.1842294255250985,1.0332892841983643,0.7693972875935133,1.0937174881070968,1.1101433858176772,1.1256008227858139,1.0529883288247355,1.411202080666634,1.102044845148464,1.5192872024697877,1.0936783210109526,1.1052803054649887,0.5447977489059915,0.9249002381174509,0.4192485876726237,0.6965244267894871,0.3672973761789306,,0.9941917441059882,1.1325032218390811,0.6993325442307249,1.127192016340091,1.1596375402217787,1.0107538613100475,1.012526532721545,1.319592123324615,0.959924995462903,0.6809661182059285,1.190604390833848,0.5480474632905106,0.1430182299235706,1.2687159452399577,0.5107556420037824,1.0669771782905018,0.30723285698853214,,0.7568775033520615,0.34251826924983897,0.8147573797687904,0.7849853710189978,0.7625595689335565,0.7181008824411751,0.5085881602019797,0.9346585155651798,0.9082437730594384,0.8947535116498071,0.8747278749100715,0.5918164838524478,0.903016073996947,0.8754758520726327,0.860202983337781,0.9855143369592713,0.9931285841469792,1.0467823533203588,,1.0430254039863502,1.0482160179321043,,0.15977007268077015,0.10869116124649494,0.20413739111078938,0.2529227901581622,,1.6434880832350365,3.1605692634768223,2.2355061105259355,1.793811564959487,1.893680345851278,1.4146340424353372,1.539783918382646,1.3997652212439373,1.4183697704858744,1.0734418009917657,1.2935382534002011,3.27095274655088,1.698001034520747,3.348272959567709,1.948099214271436,3.4404282436318345,1.7444570882114214,,1.0476713805772435,0.865398128401643,1.17848834507279,1.2045887963265647,1.2317350945841465,1.2239987817117794,1.1540290529793433,1.514983019096389,1.6941733645975618,1.838899648907823,1.1377843359620754,1.424022869596788,1.4025778040198311,1.4817655351381398,1.5609173825617901,1.2551412113869715,1.7096612827286788,1.1752871588897154,,1.1549142732257103,1.1746831390665373,,3.4362791395745953,1.3783603687796635,1.79325140102604,0.5001778416986646,,
B:mosaicml/mpt-7b,mpt-7b,mosaicml/mpt-7b,MPT,MPT,MosaicML,2023-05-05 00:00:00,2023,False,7000000000.0,7000000000.0,6793430528.0,206569472.0,0.029509924571428536,206569472.0,1000000000000.0,142.85714285714286,4.2e+22,,True,common-D,common-D,1,server/unspecified,22.06555279181908,6.4742154526991005,0.5499468303402214,,,,,,,,,2.2219596870208873,0.5499468303402214,0.40092661871168844,6.687307787210287,0.8351563213720311,2.965020239324573,32,2.0296502650419295,2.0453801633095128,2.9588836175073157,2.0453801633095128,2.1718750519892045,2.5554845459019324,2.2219596870208873,2.2219596870208873,2.4166191895257603,1.7942904839142362,1.6465065044777984,2.2207065869415348,2.224639459917483,1.7156826457516607,2.420798035679588,2.5057951732403074,2.965020239324573,1.9754043254175015,1.414279139437574,1.1721784296011806,1.300615205936472,1.9051065282899484,2.062739620946078,2.249528673453288,1.3562415348178238,1.8379642074963927,2.2082399704292723,2.7280587997672057,3.1887738295432797,1.3364325451098942,1.9506193230412905,2.210740119197912,2.5227235562814996,2.8513586485652382,1.616464091713102,2.131958203933354,2.46890258725332,3.217496755706487,2.2999590248060677,2.537148647431624,0.8351563213720311,1.5080570408638114,1.9741487015471435,1.0325868170713268,1.4963842025825014,,1.6771368171553513,1.9114658726446443,1.2402582551314172,1.7846061912218507,1.9792464073074305,1.8793763065317914,1.9148922538326447,2.224647527432103,1.5481722223263314,1.4191158769174037,2.1442067975145824,0.8602076994240473,0.7701491413443876,1.8025454066434166,1.7048900464319823,1.5816238046838789,1.3896641710338913,,1.0120153552950228,0.9715266069249777,1.5858194055614183,1.7971001643090943,1.9277520144924662,1.1014820903451712,1.4462606803472666,1.646242770486867,2.0767054337293454,2.32660610251676,1.1621744708499018,1.5241764902398618,1.6668541646536013,1.9595439245395967,2.1419922232547837,1.4550468338992717,1.5847761469858932,2.0837991283806048,,2.1628917400714562,2.368732098465369,,0.4030075189652306,0.5380596226254277,0.40092661871168844,1.2245706031511603,,2.686877531909686,5.214892173330414,3.4855677601106914,2.676726210153488,3.1608243557549387,2.6145101625891503,2.9726500737459918,2.637046452560473,2.0251699894392536,1.9048936167321162,2.276942859075334,4.410121044900309,4.022669041501255,4.354586362501546,4.653327109009802,4.501391498215112,4.63647789503288,,1.2873229114093003,2.112075847565256,2.6984639397722234,2.8978207708192296,3.2914967013676275,1.7503281052331199,3.054885973873447,3.221639813787438,4.207372095727692,5.2606218444479955,1.6003575629442448,3.375821995991392,3.0251222485356304,3.4308780203657685,4.038863272292811,1.8586416596629753,2.516086995780106,2.960454232346907,,2.452392687026724,2.7258381907966105,,4.660465722883974,6.687307787210287,1.9561194152734827,1.8485629187599864,,
B:facebook/xglm-564M,xglm-564M,facebook/xglm-564M,XGLM,XGLM,Meta,2021-12-20 00:00:00,2021,False,564000000.0,564000000.0,301847808.0,262152192.0,0.46480885106382974,262152192.0,500000000000.0,886.5248226950355,1.692e+21,b1_research_suite,False,,common-D,0,server/unspecified,22.582821220647233,39.25660191138985,0.7916980409298875,7.157788413144022,4.988166928836738,10.681570884947519,0.8602920424186226,meta_mf,2.845814125593871,8.239196529659795,ex post,7.157788413144022,0.8602920424186226,1.416216239773541,71.77773437609503,1.5162501970303623,17.66995393019782,32,3.7821144196961236,3.803110321451766,5.20992551491669,3.803110321451766,4.18220311396714,4.676412156011477,4.80072297190162,4.80072297190162,5.418577295754635,3.4628741093004676,4.098593770142218,5.59675507867262,3.504217588680739,6.53165053214963,3.695439900413303,7.713582657318556,4.248810563167708,7.591878224324395,2.727690385619174,1.5162501970303623,5.458351078982723,5.412752054560147,6.666189763440101,8.36598579156609,1.9427068725226802,7.809692405992942,5.620739457316122,8.909904211533568,12.518918716314952,1.907190630895737,7.393904475086171,5.848430694946817,7.846512917866644,10.305651033203631,2.845814125593871,3.498430206149386,7.157788413144022,8.239196529659795,6.133933309694999,7.595699615961531,1.7567024063207841,2.6880157880292477,15.98451035584381,2.128513820269049,17.66995393019782,,3.2789543115155646,3.6588254041389625,2.718082524173602,3.6774958775868023,3.758374044649912,4.084874317101443,4.013273885253555,4.624266509668875,3.1089197583370276,3.6744249944934677,5.363512787090413,1.7522148201176373,4.0732453544209655,2.7501007967164615,4.318497593690799,2.5869065509785085,5.049606075521591,,1.416216239773541,4.105008000062855,3.7899595295307837,5.5594014161076055,6.8269566320085815,1.5348140116346114,6.097885955467363,3.524711785922995,6.6012949375571575,8.852614820836948,1.575802764361426,5.701667377766866,3.8977173413133346,6.110111863485295,7.763766567028432,2.3440089363516483,2.986860999391965,4.988166928836738,,5.503616871638563,6.728645454746847,,1.4510406923577392,4.37952053745007,1.48929521389613,13.001013342294433,,4.712676406198658,8.612714366945946,5.569866037111483,4.831687945520976,5.544371997515711,5.702579205274481,6.701810886768606,6.404514152856211,3.890140286094919,4.569874703656222,5.773708912344535,6.219720508041961,18.538861421105032,5.612393024538935,16.8096086641424,6.107453990753608,21.69549966684238,,1.9679285887418116,8.019193341269972,9.114126060955268,10.257422814362599,13.554567577164464,2.8926773603813944,11.75716109469685,9.463990424253968,15.045063215533503,22.933195121899832,2.830618210138033,11.778719128016288,9.062367957189585,11.215817705390482,15.444089586192678,3.077738648758828,4.006727784845659,10.681570884947519,,6.892921258819283,8.653711785252916,,6.129024931443275,71.77773437609503,2.599529287514734,31.170483349545275,,
B:facebook/xglm-1.7B,xglm-1.7B,facebook/xglm-1.7B,XGLM,XGLM,Meta,2021-12-20 00:00:00,2021,False,1700000000.0,1700000000.0,1175695616.0,524304384.0,0.30841434352941177,524304384.0,500000000000.0,294.11764705882354,5.1e+21,b1_research_suite,False,,common-D,0,server/unspecified,22.40377182992417,13.128041532094956,0.6673148696317317,3.8832430368391853,3.0246935936849138,5.126195333344542,0.742483282526153,meta_mf,2.0562796327770436,4.664655179213018,ex post,3.8832430368391853,0.742483282526153,0.7606633214519709,17.12137679284108,1.1842712962271191,4.937787950000888,32,2.576792221732206,2.592496719595884,3.5436540577331312,2.592496719595884,2.8124521783961476,3.1517693230796766,3.005845193300472,3.005845193300472,3.4039279526964434,2.3647223020096675,2.4996074237923356,3.286479685648937,2.651949188316141,3.0305065011432344,2.8260991591626334,3.930487738992711,3.3236120436892245,3.4546593703220814,1.8761202491984397,1.3198407127905905,2.618413399890753,3.0830196042778475,3.5423090794556544,4.121451910329311,1.5947973285856045,3.6644702473393953,3.3650249403028902,4.651715463666218,5.907706651593988,1.569240312093833,3.6522773326996596,3.4302309025082933,4.211167892498726,5.093708101236115,2.0562796327770436,2.5587055400937313,3.8832430368391853,4.664655179213018,3.4912776321043917,4.045486374188563,1.1842712962271191,1.8554905620214293,4.937787950000888,1.4799669375990938,4.8325944434125665,,2.2016965345360933,2.459344168740196,1.758237889298085,2.425325028969041,2.5168672157444467,2.601468804216945,2.580094507848663,3.034434151580476,2.1706332472289684,2.25244684957333,3.1864692816031366,1.2127838089435532,1.745709339526151,2.155720262241719,2.7718013947245135,1.9511884136963245,2.7134538832868715,,1.2047302166247384,1.9904367192126797,2.3759144570014836,3.064058177607639,3.503638798698494,1.3278458125113548,2.9436157695935528,2.3520460397735237,3.5745753963204114,4.357568108991497,1.3578676468985473,2.884934568102816,2.478954191561222,3.34369918185966,3.9228508865147793,1.7848828628026796,2.0767553471164413,3.0246935936849138,,3.2264521643404978,3.7040293607257486,,0.7606633214519709,1.5271553930729649,0.8876352136976792,4.05259107869886,,3.263958306261369,5.67118262667665,3.9439447202133215,3.324303211405628,3.7581442792167428,3.488964114276065,4.026065224045799,3.8424433237260445,2.6007514272348673,2.7413850765141587,3.359582647341938,4.737960127347283,5.974464911590754,4.509558670656628,7.092365586662775,4.700139473224086,8.019822159106901,,1.5508169673111607,3.873668088051321,4.621570571833829,5.046660505106963,6.125927445204459,2.1600097804702347,5.517261583384623,5.113808253394444,7.28570226828596,9.921453670786828,2.053245163539285,5.702799933182466,4.854013434518141,5.733141858950482,7.223638827497706,2.234145766325448,2.9575209341850517,5.126195333344542,,3.7825785133368415,4.424616444907921,,4.405893500687836,17.12137679284108,1.961012906702926,6.477186134072613,,
B:facebook/xglm-4.5B,xglm-4.5B,facebook/xglm-4.5B,XGLM,XGLM,Meta,2021-12-20 00:00:00,2021,False,5076815872.0,5076815872.0,4552511488.0,524304384.0,0.10327425638807963,524304384.0,500000000000.0,98.48692814676104,1.5230447616e+22,b1_research_suite,False,,common-D,0,server/unspecified,22.227629102460835,4.4308337021809265,0.47074570194292775,2.1175928927022207,1.839097137517695,2.461829030034109,0.5277656987581222,meta_mf,1.4898547811529064,2.6535713094370386,ex post,2.1175928927022207,0.5277656987581222,0.3936395103244966,4.201338052041054,0.7997309784820901,2.6052518383651426,32,1.7612655579919476,1.7729489878235072,2.418120389008193,1.7729489878235072,1.8945650267220737,2.131259342541752,1.889450881496979,1.889450881496979,2.0707443467404794,1.6174808668945624,1.5307835149289661,1.9343021036716226,2.0116690319639488,1.4151763600465634,2.166145518523462,2.014177595145637,2.6052518383651426,1.5824689675643324,1.2944710372069115,1.1502137500616065,1.2638522043500378,1.7643669898930514,1.8923571976121247,2.042525788164416,1.3113663299971023,1.7304158281965458,2.023278902535842,2.4418871338772052,2.805512657639007,1.2932924233993015,1.8147973450946877,2.020946835978802,2.271956535291181,2.532590022307967,1.4898547811529064,1.8763299948351122,2.1175928927022207,2.6535713094370386,1.9965805497765792,2.166073714594373,0.7997309784820901,1.2848091783112878,1.5404704937298328,1.0306454307529112,1.3290992860009871,,1.488049602046134,1.6688580964543795,1.1676991935793517,1.6006223317509902,1.709116107396677,1.647655098395714,1.6636055310091586,1.934069634154309,1.4246452666616525,1.3458022176691102,1.8801921406309896,0.8419417005394958,0.6372224243076334,1.6446233743585938,1.40752873285132,1.462252411847378,1.1077915921537427,,1.0140371261186734,0.9811457234854862,1.5016471701622112,1.675713424572925,1.7825521865526508,1.0980432157245914,1.4002014966311664,1.5669142476158664,1.9268869695113562,2.1337716699167224,1.1379496438725787,1.4465798274836377,1.5794713624180272,1.833942590005941,1.9871991267022748,1.3627249402654351,1.4479252184952207,1.839097137517695,,1.8951362828269345,2.0434223872799544,,0.3936395103244966,0.4995184801035623,0.46671651575824746,1.109079404195098,,2.238663582824427,3.8920326578445232,2.8178505630203916,2.2734776722684917,2.5529597335848657,2.172565881504338,2.3987295205182657,2.22535788007594,1.7970806832782245,1.7408307779023364,1.9753658203490874,3.607020838809279,3.0166423800260698,3.674269909629262,3.483239277010707,3.8218927611421263,3.3518995321429896,,1.2479357758691612,1.9278985520171534,2.381644121145445,2.535846418447485,2.834698726153446,1.6286411652571853,2.7022222164294183,2.813484336525411,3.5490117706732045,4.321579458283604,1.5102977804043443,2.928707702123808,2.653154496173325,2.961941012631018,3.4196634286042755,1.6838279368429514,2.177550954353558,2.461829030034109,,2.106605050038529,2.299930950155623,,3.4580563851299657,4.201338052041054,1.7299743944318167,1.564086727167805,,
B:facebook/xglm-7.5B,xglm-7.5B,facebook/xglm-7.5B,XGLM,XGLM,Meta,2021-12-20 00:00:00,2021,False,7500000000.0,7500000000.0,6451391232.0,1048608768.0,0.13981450240000004,1048608768.0,500000000000.0,66.66666666666667,2.25e+22,b1_research_suite,False,,common-D,0,server/unspecified,22.165139613230338,3.007725998119743,0.3754309576885397,1.705737687516071,1.5365860606755595,1.9093544366848767,0.41374338661871285,meta_mf,1.3281035558227143,2.1699524258856315,ex post,1.705737687516071,0.41374338661871285,0.3123243656422735,3.632243864297237,0.7228317887578976,2.388514597762449,32,1.53774112186034,1.548237497548935,2.1099876565539337,1.548237497548935,1.7113062431733095,1.853665318054449,1.6011040129352418,1.6011040129352418,1.8035663043544536,1.466782873121555,1.2851614427326439,1.6875034711018333,1.8228580142513264,1.078592991889194,1.9701175387778969,1.5868600236426071,2.388514597762449,1.1978392480708335,1.1339872313866097,1.0951407354032823,0.974689073770141,1.4458932360471717,1.5131687818612942,1.590100376694183,1.2229636487781361,1.3241134641523493,1.687545083213221,1.9404284506215137,2.1511081143084336,1.2070879408932036,1.4141460233343728,1.6734124415287575,1.8231026165419313,1.9739040958218796,1.3281035558227143,1.6798155478430477,1.705737687516071,2.1699524258856315,1.6357747616060507,1.733441160202533,0.7228317887578976,1.126955223685356,1.0167652012587325,0.9389534485870769,0.9532209296281213,,1.2928737448938161,1.461736107653508,1.0072006439691912,1.4361474364106428,1.4820603483377923,1.3923003434219505,1.4106077228884504,1.7064970118046008,1.2750862096448676,1.101678630499688,1.6353543482088007,0.7393673533027337,0.41430019172574445,1.4903025725547976,1.0437796756293534,1.3203225441236583,0.7430649002409347,,0.9357523164208132,0.7488417708813154,1.2648357592438697,1.34433493781624,1.392814094335054,0.9645853653598525,1.0661252157013075,1.3443076760142945,1.5507639736974552,1.660249119903709,1.0657440614205347,1.1482497887397096,1.3456508903551057,1.480527113366296,1.5594402460205423,1.2377234844526535,1.2773916024199583,1.5365860606755595,,1.5638396864674082,1.6484517038777982,,0.3123243656422735,0.35048423706035675,0.39174143212300117,0.7721905733618498,,1.959891592273285,3.4029978664531386,2.5014661912856924,2.065526381588196,2.229872786550855,1.8457003396013312,2.0108758873349917,1.9119231927974205,1.6469436434818667,1.4990560931751469,1.7282130321458242,3.258100506687671,2.390469558989306,3.4147167111216943,2.922497821892248,3.632243864297237,2.489984277431475,,1.1611069904815063,1.521960991261304,1.883103442474468,1.986113704108154,2.1561695156432554,1.4944041625851268,2.0816807245835482,2.276803189735529,2.763246024243788,3.236346126134107,1.3719152290849654,2.3235974173220404,2.142541816011702,2.354851972488932,2.6374736101321186,1.5221807073471183,1.9718480837395413,1.9093544366848767,,1.7178842622092507,1.8309903202059403,,3.220294687668203,2.6619985211031336,1.6984912113713164,1.1461845518782534,,
B:openlm-research/open_llama_3b_v2,open_llama_3b_v2,openlm-research/open_llama_3b_v2,OpenLlamaV2,OpenLlamaV2,OpenLM Research,2023-07-16 00:39:43,2023,False,3000000000.0,3000000000.0,2795200000.0,204800000.0,0.0682666666666667,102400000.0,1000000000000.0,333.3333333333333,1.8e+22,a_dedupe,False,,common-D,0,server/unspecified,22.20085220217719,15.014438648469719,0.6858698978463451,,,,,,,,,3.1833943743183704,0.6858698978463451,0.6030407663523067,19.87160411373906,1.0804729171122602,4.8658727848286025,32,2.7252323507849168,2.7452142240546804,3.9780196084468935,2.7452142240546804,2.8143735661130123,3.4599299774436374,3.1833943743183704,3.1833943743183704,3.3684510985216116,2.301906073193346,2.407077087667928,3.144110077174447,2.7555038817951734,3.094233228722117,2.9744591252346058,4.205404228599397,3.5804248787130555,3.616185495389478,1.885180162838152,1.3039531939641371,2.2863442247951693,2.9351988380924667,3.3520908269229817,3.8744463614563633,1.5781614129498016,3.286258520099858,3.27452805316128,4.493805013435206,5.676594265835528,1.5523715739914368,3.352758578739332,3.3302986302433637,4.068419630997362,4.898636942201112,2.0746365164792047,2.710856004331636,3.9487394345763924,4.980249076453562,3.545508957378646,4.115795628634259,1.0804729171122602,2.004640366552923,4.8658727848286025,1.2966711059306761,3.372024343819617,,2.266472471937652,2.581457263290168,1.7036041285483325,2.3508692499762374,2.644487203342562,2.695017705764417,2.6921762373469216,3.00576089781824,2.0500691475269726,2.143763148552804,3.0366214596013545,1.1407163952004418,1.666203912973063,2.232151321783237,2.8710714662524874,1.971426360068176,2.793350198148089,,1.156517599975122,1.6842117579213098,2.266859671867323,2.866838049845103,3.2521168356996397,1.309562915338219,2.5665130069987665,2.257037142992219,3.360002766840894,4.056757906229449,1.3365368175592645,2.5782594229651234,2.368032966485313,3.12974029725845,3.6398403344818893,1.793104153585605,2.0888096892447114,3.060771046302674,,3.272815053680989,3.7635772136856445,,0.6287509142526958,1.2369475596113158,0.6030407663523067,2.8383846295936177,,3.619348667418236,6.980180122632115,4.515091733747081,3.429012393399855,4.250001735049899,3.7668974963288324,4.386284510674263,3.7984571358799926,2.569101287832389,2.715529083538762,3.222319958474099,5.458721979943703,7.000281160694649,5.2455873718924595,8.162032831607874,5.402010848621994,9.31142453768496,,1.5301865585041947,3.626482581287179,4.49751046737896,4.928730926726336,5.965864780314676,2.1633628808625844,5.342167645210657,5.141011143029445,7.2592651236615735,9.879866326558714,2.014269361169383,5.5970415866344965,4.842371440167574,5.708039657342628,7.187835383102242,2.313713090832935,3.2047503311244805,5.2115842406056,,3.8511745861106648,4.514406595278807,,5.549514254664806,19.87160411373906,2.0816786322482748,4.238548992548153,,
B:openlm-research/open_llama_7b_v2,open_llama_7b_v2,openlm-research/open_llama_7b_v2,OpenLlamaV2,OpenLlamaV2,OpenLM Research,2023-07-06 08:23:04,2023,False,7000000000.0,7000000000.0,6737856000.0,262144000.0,0.03744914285714285,131072000.0,1000000000000.0,142.85714285714286,4.2e+22,a_dedupe,False,,common-D,0,server/unspecified,22.06555279181908,6.4742154526991005,0.5499468303402214,,,,,,,,,2.2219596870208873,0.5499468303402214,0.3991252142208347,6.687307787210287,0.837148151413635,2.965020239324573,32,2.0296502650419295,2.0453801633095128,2.9588836175073157,2.0453801633095128,2.1770874221733236,2.5554845459019324,2.2219596870208873,2.2219596870208873,2.4235962299254723,1.7984299663118863,1.6465065044777984,2.2278603048062027,2.224639459917483,1.7156826457516607,2.420798035679588,2.5057951732403074,2.965020239324573,1.9754043254175015,1.414279139437574,1.1721784296011806,1.300615205936472,1.9051065282899484,2.062739620946078,2.249528673453288,1.3562415348178238,1.8379642074963927,2.2082399704292723,2.7280587997672057,3.1887738295432797,1.3364325451098942,1.9506193230412905,2.210740119197912,2.5227235562814996,2.8513586485652382,1.616464091713102,2.131958203933354,2.46890258725332,3.217496755706487,2.2999590248060677,2.537148647431624,0.837148151413635,1.5080570408638114,1.9741487015471435,1.0295411963607377,1.4806977824467606,,1.6771368171553513,1.9114658726446443,1.2402582551314172,1.7890254961654775,1.9792464073074305,1.8793763065317914,1.9148922538326447,2.230467044383864,1.5520224746218507,1.4191158769174037,2.15112244776112,0.8602076994240473,0.7701491413443876,1.8025454066434166,1.7048900464319823,1.5816238046838789,1.3896641710338913,,1.0120153552950228,0.9715266069249777,1.5858194055614183,1.7971001643090943,1.9277520144924662,1.1014820903451712,1.4462606803472666,1.646242770486867,2.0767054337293454,2.32660610251676,1.1621744708499018,1.5241764902398618,1.6668541646536013,1.9595439245395967,2.1419922232547837,1.4550468338992717,1.5847761469858932,2.0837991283806048,,2.1628917400714562,2.368732098465369,,0.4030075189652306,0.5380596226254277,0.3991252142208347,1.2112516944082043,,2.686877531909686,5.214892173330414,3.4855677601106914,2.682717519631474,3.1608243557549387,2.6145101625891503,2.9726500737459918,2.645414257003745,2.0292629456383606,1.9048936167321162,2.284175440493659,4.410121044900309,4.022669041501255,4.354586362501546,4.653327109009802,4.501391498215112,4.63647789503288,,1.2873229114093003,2.112075847565256,2.6984639397722234,2.8978207708192296,3.2914967013676275,1.7503281052331199,3.054885973873447,3.221639813787438,4.207372095727692,5.2606218444479955,1.6003575629442448,3.375821995991392,3.0251222485356304,3.4308780203657685,4.038863272292811,1.8586416596629753,2.516086995780106,2.960454232346907,,2.452392687026724,2.7258381907966105,,4.660465722883974,6.687307787210287,1.9550234312839572,1.8303336990340926,,
B:openlm-research/open_llama_7b,open_llama_7b,openlm-research/open_llama_7b,OpenLlama,OpenLlama,OpenLM Research,2023-06-07 08:54:38,2023,False,7000000000.0,7000000000.0,6737856000.0,262144000.0,0.03744914285714285,131072000.0,1000000000000.0,142.85714285714286,4.2e+22,b2_replication,False,,common-D,0,server/unspecified,22.06555279181908,6.4742154526991005,0.5499468303402214,,,,,,,,,2.2219596870208873,0.5499468303402214,0.3991252142208347,6.687307787210287,0.837148151413635,2.965020239324573,32,2.0296502650419295,2.0453801633095128,2.9588836175073157,2.0453801633095128,2.1770874221733236,2.5554845459019324,2.2219596870208873,2.2219596870208873,2.4235962299254723,1.7984299663118863,1.6465065044777984,2.2278603048062027,2.224639459917483,1.7156826457516607,2.420798035679588,2.5057951732403074,2.965020239324573,1.9754043254175015,1.414279139437574,1.1721784296011806,1.300615205936472,1.9051065282899484,2.062739620946078,2.249528673453288,1.3562415348178238,1.8379642074963927,2.2082399704292723,2.7280587997672057,3.1887738295432797,1.3364325451098942,1.9506193230412905,2.210740119197912,2.5227235562814996,2.8513586485652382,1.616464091713102,2.131958203933354,2.46890258725332,3.217496755706487,2.2999590248060677,2.537148647431624,0.837148151413635,1.5080570408638114,1.9741487015471435,1.0295411963607377,1.4806977824467606,,1.6771368171553513,1.9114658726446443,1.2402582551314172,1.7890254961654775,1.9792464073074305,1.8793763065317914,1.9148922538326447,2.230467044383864,1.5520224746218507,1.4191158769174037,2.15112244776112,0.8602076994240473,0.7701491413443876,1.8025454066434166,1.7048900464319823,1.5816238046838789,1.3896641710338913,,1.0120153552950228,0.9715266069249777,1.5858194055614183,1.7971001643090943,1.9277520144924662,1.1014820903451712,1.4462606803472666,1.646242770486867,2.0767054337293454,2.32660610251676,1.1621744708499018,1.5241764902398618,1.6668541646536013,1.9595439245395967,2.1419922232547837,1.4550468338992717,1.5847761469858932,2.0837991283806048,,2.1628917400714562,2.368732098465369,,0.4030075189652306,0.5380596226254277,0.3991252142208347,1.2112516944082043,,2.686877531909686,5.214892173330414,3.4855677601106914,2.682717519631474,3.1608243557549387,2.6145101625891503,2.9726500737459918,2.645414257003745,2.0292629456383606,1.9048936167321162,2.284175440493659,4.410121044900309,4.022669041501255,4.354586362501546,4.653327109009802,4.501391498215112,4.63647789503288,,1.2873229114093003,2.112075847565256,2.6984639397722234,2.8978207708192296,3.2914967013676275,1.7503281052331199,3.054885973873447,3.221639813787438,4.207372095727692,5.2606218444479955,1.6003575629442448,3.375821995991392,3.0251222485356304,3.4308780203657685,4.038863272292811,1.8586416596629753,2.516086995780106,2.960454232346907,,2.452392687026724,2.7258381907966105,,4.660465722883974,6.687307787210287,1.9550234312839572,1.8303336990340926,,
B:openlm-research/open_llama_3b,open_llama_3b,openlm-research/open_llama_3b,OpenLlama,OpenLlama,OpenLM Research,2023-06-07 09:06:48,2023,False,3000000000.0,3000000000.0,2795200000.0,204800000.0,0.0682666666666667,102400000.0,1000000000000.0,333.3333333333333,1.8e+22,b2_replication,False,,common-D,0,server/unspecified,22.20085220217719,15.014438648469719,0.6858698978463451,,,,,,,,,3.1833943743183704,0.6858698978463451,0.6030407663523067,19.87160411373906,1.0804729171122602,4.8658727848286025,32,2.7252323507849168,2.7452142240546804,3.9780196084468935,2.7452142240546804,2.8143735661130123,3.4599299774436374,3.1833943743183704,3.1833943743183704,3.3684510985216116,2.301906073193346,2.407077087667928,3.144110077174447,2.7555038817951734,3.094233228722117,2.9744591252346058,4.205404228599397,3.5804248787130555,3.616185495389478,1.885180162838152,1.3039531939641371,2.2863442247951693,2.9351988380924667,3.3520908269229817,3.8744463614563633,1.5781614129498016,3.286258520099858,3.27452805316128,4.493805013435206,5.676594265835528,1.5523715739914368,3.352758578739332,3.3302986302433637,4.068419630997362,4.898636942201112,2.0746365164792047,2.710856004331636,3.9487394345763924,4.980249076453562,3.545508957378646,4.115795628634259,1.0804729171122602,2.004640366552923,4.8658727848286025,1.2966711059306761,3.372024343819617,,2.266472471937652,2.581457263290168,1.7036041285483325,2.3508692499762374,2.644487203342562,2.695017705764417,2.6921762373469216,3.00576089781824,2.0500691475269726,2.143763148552804,3.0366214596013545,1.1407163952004418,1.666203912973063,2.232151321783237,2.8710714662524874,1.971426360068176,2.793350198148089,,1.156517599975122,1.6842117579213098,2.266859671867323,2.866838049845103,3.2521168356996397,1.309562915338219,2.5665130069987665,2.257037142992219,3.360002766840894,4.056757906229449,1.3365368175592645,2.5782594229651234,2.368032966485313,3.12974029725845,3.6398403344818893,1.793104153585605,2.0888096892447114,3.060771046302674,,3.272815053680989,3.7635772136856445,,0.6287509142526958,1.2369475596113158,0.6030407663523067,2.8383846295936177,,3.619348667418236,6.980180122632115,4.515091733747081,3.429012393399855,4.250001735049899,3.7668974963288324,4.386284510674263,3.7984571358799926,2.569101287832389,2.715529083538762,3.222319958474099,5.458721979943703,7.000281160694649,5.2455873718924595,8.162032831607874,5.402010848621994,9.31142453768496,,1.5301865585041947,3.626482581287179,4.49751046737896,4.928730926726336,5.965864780314676,2.1633628808625844,5.342167645210657,5.141011143029445,7.2592651236615735,9.879866326558714,2.014269361169383,5.5970415866344965,4.842371440167574,5.708039657342628,7.187835383102242,2.313713090832935,3.2047503311244805,5.2115842406056,,3.8511745861106648,4.514406595278807,,5.549514254664806,19.87160411373906,2.0816786322482748,4.238548992548153,,
B:openlm-research/open_llama_13b,open_llama_13b,openlm-research/open_llama_13b,OpenLlama,OpenLlama,OpenLM Research,2023-05-01 00:00:00,2023,False,13000000000.0,13000000000.0,12672320000.0,327680000.0,0.025206153846153878,163840000.0,1000000000000.0,76.92307692307692,7.8e+22,b2_replication,False,,common-D,0,server/unspecified,21.967224067885578,3.501720412436301,0.4147374181396245,,,,,,,,,1.7086347752171303,0.4147374181396245,0.2627362627726598,4.2263024413094135,0.6970201686372148,2.583367254219858,32,1.636503016625215,1.6496858156881675,2.383508740700682,1.6496858156881675,1.8105912249551726,2.048000785114808,1.7086347752171303,1.7086347752171303,1.8925769237811902,1.5063771759660187,1.2475772722571998,1.7397059827691292,1.9026385160769024,1.1151095104243958,2.0826027343241567,1.7165654240472326,2.583367254219858,1.2699986572764568,1.1464174966837006,1.0844010681636371,0.8613033061635029,1.3892216789695497,1.4467082088408845,1.5121075781441355,1.2140953369106848,1.202149299375107,1.655915352313437,1.8944695947833645,2.0923465439067694,1.197904640948414,1.313145100371185,1.638815293617177,1.7792147102254294,1.9201838187463895,1.3470575617822853,1.7887778358947741,1.7518380884959444,2.338290514393777,1.6764742032932716,1.781723252602718,0.6970201686372148,1.224902298626556,1.0212761211614934,0.871099432165845,0.8157255287027438,,1.3410877481354924,1.549063074927,0.9719810716920091,1.473286407746499,1.5730585754199162,1.4492279359486924,1.4710993952055234,1.7826431568728627,1.2666840332308238,1.0383018991444408,1.6711638132208615,0.708996432180536,0.3848349327574134,1.5354957158546676,1.116047421050489,1.342484634531242,0.7646726858289149,,0.8976771107957838,0.6301144087489917,1.208875874035253,1.2687805127024478,1.3054629047098139,0.9118044857832425,0.9394710866791189,1.2954889223547703,1.4622642488653999,1.5512628440895895,1.0431825919709878,1.0241804688501523,1.2839742754331105,1.4001999074309108,1.4639841729589673,1.2490672889529453,1.2990721672887309,1.569611028123344,,1.5925189498945018,1.682281464539311,,0.2627362627726598,0.2955297749602482,0.30508834029235476,0.6312347120576849,,2.1923217206791055,4.2143956687811945,2.885493903538247,2.2594294701004825,2.5401707932687665,2.0192820800204063,2.2407481745061015,2.0158655300777193,1.7367001957591441,1.5023758400545875,1.7932027693642734,3.772120195778133,2.7062892211254805,3.8431647942553266,3.3034737542042243,4.2263024413094135,2.883802869170677,,1.159220742603008,1.4468215827076318,1.877224294563052,1.9727158439467392,2.1398896740273288,1.5131777798690265,2.0193332377106707,2.319350541283379,2.8368092558706297,3.3361053150407423,1.3703833146941546,2.3384242052641095,2.161721397575185,2.385819839015693,2.6767822276517546,1.5838174277803363,2.148499115570129,1.9697626882304504,,1.7756683550923882,1.899971779984347,,4.1117814966690895,3.19097423989646,1.8838496629490515,1.0447766098563989,,
B:deepseek-ai/deepseek-llm-67b-base,deepseek-llm-67b-base,deepseek-ai/deepseek-llm-67b-base,DeepSeek-LLM,DeepSeek-LLM,DeepSeek,2024-01-05 00:00:00,2024,False,67000000000.0,67000000000.0,65322278400.0,1677721600.0,0.025040620895522392,838860800.0,2000000000000.0,29.850746268656717,8.04e+23,,True,common-D,common-D,1,server/unspecified,21.600586702961714,1.3819414573847573,0.1291392834682256,1.342332580993408,1.3057684109722927,1.3820028042883064,0.25502813970294974,deepseek,1.342332580993408,1.342332580993408,contemporaneous,1.342332580993408,0.25502813970294974,0.07004126332625285,4.149889011429481,0.28166063045524464,2.192326200203018,32,1.1922141284203687,1.2039277565253241,1.8401002252981806,1.2039277565253241,1.445576337291843,1.5324552485680514,1.148289251101515,1.148289251101515,1.342332580993408,1.1802056469308038,0.7431349546015279,1.2292834570958378,1.5080967826479066,0.5399958606724374,1.6892003174672652,0.954092022442024,2.192326200203018,0.618712549581111,0.8008501540542504,0.9362784132455326,0.36843817327363587,0.7655706390133622,0.7407574915673443,0.7146162829634479,0.9918572181825611,0.5169270192487682,0.9789682735041126,0.9734311898650305,0.9693639536659139,0.9804998160066927,0.6075831933159797,0.9475541379120799,0.9390979284314707,0.9313212778641387,0.9911963534203924,1.398546337055952,0.983496609418404,1.4365940379338882,0.9847810588833751,0.9830029526973663,0.508092445620188,0.9232346593509324,0.32151572929706435,0.626622394400941,0.28166063045524464,,0.9418072664244628,1.0926532111840859,0.6108511652913656,1.1166393694600585,1.122174852920469,0.9432863652417277,0.9407991813843444,1.3057684109722927,0.9194188674504143,0.560002301025419,1.1622620712336715,0.4805290946910082,0.1002420489979744,1.2322068431073863,0.43345560803099015,1.010938023437766,0.2420742251937093,,0.6776602215440656,0.23587499976110637,0.6848891319610522,0.6357693150298156,0.6022120443009628,0.6146659843800714,0.36251952813280225,0.8101112083254397,0.740737238117745,0.7069660063691114,0.7988183537151275,0.4491159673831345,0.775556983568002,0.7161489664538011,0.6851962306497976,0.9147385535331444,0.9310827872520939,0.9226764060475778,,0.9299720912895112,0.9220497358761136,,0.12098602135280048,0.07004126332625285,0.1471297965642944,0.18040096580432263,,1.6849973843460628,3.5872629192325687,2.386749536817935,1.902780834775813,1.9817112565243118,1.39082011541049,1.5333183543094009,1.3820028042883064,1.4529525586876004,0.9677578427551854,1.2832144347640944,3.595153765851216,1.648936470194685,3.6740636722043227,1.9523050741371328,3.7981078707362768,1.7189417771172302,,1.010611231164036,0.7053120702644076,1.0326104246393755,1.0403065684842914,1.0452399407026225,1.1788759173642767,0.9448549901980661,1.3728397936093715,1.4924278318585025,1.5882967729558042,1.0863541260455472,1.2330887101039059,1.2621424998431192,1.3063905156294864,1.3534236526350658,1.2175726335999548,1.7384748409617248,1.0568401082064556,,1.0529608212292683,1.0593837615516006,,4.149889011429481,1.3383369663803868,1.987879937616195,0.41346331235982453,,
B:deepseek-ai/deepseek-llm-7b-base,deepseek-llm-7b-base,deepseek-ai/deepseek-llm-7b-base,DeepSeek-LLM,DeepSeek-LLM,DeepSeek,2024-01-05 00:00:00,2024,False,7000000000.0,7000000000.0,6161139200.0,838860800.0,0.11983725714285709,419430400.0,2000000000000.0,285.7142857142857,8.4e+22,,True,common-D,common-D,1,server/unspecified,21.95548209960401,13.01334602529356,0.666064677463582,3.424351338515145,3.050928098502826,3.867785987005,0.7079738901926995,deepseek,3.424351338515145,3.424351338515145,contemporaneous,3.424351338515145,0.7079738901926995,0.4278324642703772,15.784261273097885,1.0076479501611182,3.7935226218109843,32,2.615399173897854,2.6381771577149187,4.050506296196399,2.6381771577149187,2.879189989982986,3.4371611369807025,2.994591864090517,2.994591864090517,3.424351338515145,2.28884362956114,2.0452186765942706,3.098377290916215,2.668077851645988,2.6011270978904935,2.9251044906453565,3.7935226218109843,3.624582556510314,3.101210024520301,1.723052782135343,1.2437985116252477,1.6576107083726832,2.4233546752962756,2.7029053525807996,3.0446133701545595,1.4855985578610107,2.4333221788401533,2.7983678364708635,3.682643475654709,4.510146693015864,1.461700728763352,2.5745228344500553,2.824768329487404,3.3575891624694263,3.94130831160861,1.9278598614848506,2.65338754068102,3.439444231196852,4.604014150646809,3.121848404822171,3.570049832415569,1.0076479501611182,1.9718005513226986,3.561537589548714,1.161182973352962,2.5437142926883616,,2.123860666164207,2.452600529206542,1.4863142151003639,2.3320393045202596,2.5463740701431576,2.4887904294778864,2.5097363918898736,3.050928098502826,1.9641805573723323,1.7515067028886553,2.975621161526287,0.977750001742505,1.263635846930294,2.1377458157361455,2.491858248685387,1.8622474865464556,2.25240421422455,,1.0682613968067989,1.198661740989868,1.926778982946443,2.2965016125482784,2.53685577180177,1.1722191548543714,1.8562044485867044,1.952073938067397,2.66333121303301,3.1015133578305845,1.2513948783716606,1.9081897533723493,2.0094709755038136,2.514375897923694,2.8406772696965796,1.6816769269702436,1.92339320492909,2.732684412689246,,2.8907474520387724,3.275944246953667,,0.4671420328727928,0.7945457904466584,0.4278324642703772,2.0374810998828825,,3.6231871546813488,7.80402415091323,4.744536402185657,3.6135629770352606,4.374587986880463,3.6025973065402015,4.259510621612278,3.867785987005,2.596135315885755,2.372886900655151,3.1823068693798398,5.894209761605658,6.7558164990160705,5.45956770003638,7.84452389324882,5.834824476955215,8.475308243496567,,1.4103432849584494,2.821938289085488,3.690739138772413,4.018198309584671,4.746238219914061,2.0160830594947714,4.2806093332520705,4.436428760958659,6.081341907854163,8.051964698725401,1.821266274045693,4.7071834132581785,4.115349339303425,4.797022118152585,5.9032259445175965,2.2292203161716446,3.200964464448961,4.397441021601302,,3.384029333739842,3.9068225464268713,,6.709647007595555,15.784261273097885,2.2665867334022187,3.25916026680371,,
B:deepseek-ai/deepseek-moe-16b-base,deepseek-moe-16b-base,deepseek-ai/deepseek-moe-16b-base,DeepSeek-MoE,DeepSeek-MoE,DeepSeek,2024-01-11 00:00:00,2024,True,2800000000.0,16375728128.0,,419430400.0,,209715200.0,2000000000000.0,714.2857142857143,3.36e+22,c_moe,False,,singleton,1,server/unspecified,22.101104925958087,32.31900471395775,0.7736435228416247,,,,,,,,,4.417810404870049,0.7736435228416247,0.6661015342143282,52.141579807848146,1.3956798042139047,9.447566093106923,27,3.597008940217321,3.6267089040317453,5.578467254533692,3.6267089040317453,,4.769899669126969,4.417810404870049,4.417810404870049,,,3.083867870481398,,3.3628525203127304,4.921895740420367,3.654890972669488,6.640712766434986,4.444616851289301,5.963595265899993,2.3511472656737133,1.3956798042139047,3.0508745248075932,3.867413117974222,4.569543493488353,5.481212577266812,1.7501485502269416,4.561561905414371,4.284889217605006,6.317864648610621,8.414907235683632,1.7187147873008055,4.624667864044939,4.399647455747894,5.629687515573303,7.0762155268290865,2.52508580188837,3.440515659911501,5.715446799215447,7.384463850427343,4.9851150142745855,6.024078320070768,,2.68254847720906,9.447566093106923,1.4897806775552238,6.188143064176851,,2.933695326245431,3.4041217328964453,2.0967200790399008,,3.517628225547148,3.6373430100010222,3.605253197140535,,,2.7094053903209203,,1.3273463343974599,2.582625939161507,2.6728109096189514,3.9566847207784277,2.3579986849745413,4.298763906391392,,1.2288897727419907,2.1619109081506607,2.819465749748242,3.8126559093730705,4.475232252979008,1.4021340749549125,3.4535749390809545,2.7408852422363585,4.481637569819084,5.6588381943762345,1.443059945843993,3.4042755514104357,2.9135077331073,4.1460808410595265,5.004653702129721,2.107942972965521,2.63272706401615,4.145779083501061,,4.5146311558939125,5.392178510044211,,0.7645684188945836,2.036782527939101,0.6661015342143282,4.852374948671128,,4.982550240663221,10.696711581512268,6.308713197177687,,6.023293673212488,5.410110253989793,6.691115255050372,,,3.5125938237409526,,7.147716497240738,12.922718063988347,6.680329602721866,14.495838971612528,7.109147431200976,17.96693565498307,,1.705169397226951,5.108609365131348,6.464995350661512,7.215164814019449,9.141143233761184,2.564679478119185,7.796870098786205,7.273331587660619,11.163193672028838,16.244521000837867,2.3784631523595294,8.203586928670845,6.839595983067291,8.337238759643947,11.038433990396461,2.8249558028600688,4.146878249945707,8.132822773650522,,5.527540638261617,6.761349426787978,,8.053960833371463,52.141579807848146,2.4419672854728507,8.8555317700054,1.9638610416269608,2.0878804618465376
B:stabilityai/stablelm-base-alpha-3b,stablelm-base-alpha-3b,stabilityai/stablelm-base-alpha-3b,StableLM-alpha,StableLM-alpha,Stability AI,2023-04-17 22:14:52,2023,False,3000000000.0,3000000000.0,2584763904.0,415236096.0,0.13841203199999996,207618048.0,1500000000000.0,500.0,2.7e+22,,True,common-D,common-D,0,server/unspecified,22.1360029523921,22.587637030739018,0.7361861703180292,,,,,,,,,3.7905518494064783,0.7361861703180292,0.6334489451311731,33.17862009299942,1.2133121795359647,6.8716633969857055,32,3.160950670248225,3.185899681978087,4.7801875988361004,3.185899681978087,3.339479587973642,4.114978431011372,3.7905518494064783,3.7905518494064783,4.220725611508731,2.6699625810972725,2.732622264404312,3.85212323419165,3.064624723715573,3.947027647360872,3.3226291955827887,5.359913769760098,4.026809090859846,4.70793365738987,2.1160272727479117,1.3499835500893926,2.6348621036206326,3.3788177881089974,3.926290560608683,4.62484822372485,1.6645434169817046,3.87245835322434,3.76111922634237,5.35597225141133,6.952866233484663,1.6359024521031729,3.943705127315125,3.8437009905694706,4.808985328841413,5.919898904351862,2.299837481539526,3.080993311871172,4.793844065260739,6.141607660708845,4.239340129675021,5.0259751072147685,1.2133121795359647,2.3450524220289557,6.8716633969857055,1.3956596880730998,4.680434113728057,,2.5977883351306628,2.991326959681121,1.894932410835367,2.765953677608351,3.071999123328913,3.1606337545367817,3.1417951519438616,3.687418391646518,2.3688361895952705,2.4170274743512428,3.70566575207475,1.2298061474856765,2.096564119888781,2.4529538668255304,3.4215758450572182,2.165318290539621,3.490031126359154,,1.1914143050637893,1.897847250602274,2.531835202774376,3.313228255209272,3.824184963062743,1.3560510367572474,2.968810435742073,2.4883058794832613,3.889592838741529,4.804266730616282,1.388641149537637,2.9609135255040226,2.6297536150059155,3.614111762989926,4.283963644148515,1.9515493195296223,2.3576694147456507,3.587935791725416,,3.8741540124916485,4.544528293776841,,0.6931712099795639,1.5854112282544164,0.6334489451311731,3.8114796974220564,,4.3021571145298685,8.83645211751581,5.425321603317794,4.1200307936076035,5.145444503419165,4.571747047321321,5.497191896056499,4.866925092980119,2.9978735051096566,3.1019344595646827,3.9531792453136445,6.463098714890998,9.644888064282902,5.987049367286942,11.542572332997716,6.288407272084428,13.139465985201875,,1.6192925949319827,4.324289661745097,5.433805804900797,6.001584116657056,7.437799028947078,2.364397513473769,6.493499990449193,6.163065109698992,9.081849762406565,12.798493326370306,2.1940117409126167,6.843173432026215,5.7907669482827195,6.946349380847199,8.977431160181935,2.573336488917014,3.688539978839878,6.58012186090191,,4.655488199583524,5.580583072454608,,6.798044936215344,33.17862009299942,2.2820493927616523,6.370592391294151,,
B:stabilityai/stablelm-base-alpha-7b-v2,stablelm-base-alpha-7b-v2,stabilityai/stablelm-base-alpha-7b-v2,StableLM-alpha-v2,StableLM-alpha-v2,Stability AI,2023-08-05 00:00:00,2023,False,6889414656.0,6889414656.0,6476275712.0,413138944.0,0.05996720543452794,206569472.0,1100000000000.0,159.66523353939925,4.54701367296e+22,,True,singleton,singleton,0,server/unspecified,22.0529184648083,7.240095400261445,0.5709494921606031,,,,,,,,,2.330727925333961,0.5709494921606031,0.4065015087133174,7.696376935196427,0.8655847470152953,3.0588733085462074,32,2.1133330253155016,2.129973465720233,3.106680266608912,2.129973465720233,2.2804834028846113,2.6769902465248143,2.330727925333961,2.330727925333961,2.5646527646030366,1.8733476792963886,1.7084907633781488,2.3562734377313435,2.2901331762434234,1.8369640093116018,2.4942506243352685,2.6787710127257194,3.0588733085462074,2.125811263006216,1.4610790792443062,1.1841449555371792,1.359054747657883,1.9852537535499024,2.1604715484573367,2.369205102649615,1.3772544906298152,1.9312411022022642,2.298292808628805,2.8697563595695215,3.3809161417487967,1.3568130671968288,2.0472265737126816,2.3041914608586302,2.647540402668837,3.0116207023176544,1.6638845131941638,2.207014927421033,2.6069662256297326,3.4078622709999453,2.418233025527411,2.683430367231004,0.8655847470152953,1.5730867476519297,2.177605888477343,1.0527678638929128,1.62821246882334,,1.7431100021785038,1.9876264096466112,1.27950701150523,1.8699347722784938,2.0587008140340064,1.9658328393674729,2.001569323641498,2.34779122723301,1.6154613687126764,1.472120443529146,2.2736475544614754,0.8801456082643557,0.8489858538405622,1.8523589730255154,1.8245229362224673,1.624391637233347,1.4914307599474506,,1.0239114004951697,1.0125329491525432,1.6411071027944943,1.8720942599363117,2.0180521129661244,1.1128068296462652,1.5129513286225216,1.6943057521855016,2.1665960954080137,2.443359510787342,1.1804937760062821,1.585484760178351,1.7187441553512683,2.046667590560465,2.250144190899886,1.4901375382000674,1.6358446723931677,2.1797097460785135,,2.268574187726271,2.4984785404931125,,0.4186322561141197,0.6003960082458054,0.4065015087133174,1.331336491121523,,2.8138487094218454,5.542404666186516,3.6554272184226817,2.8156630877435873,3.323558188324003,2.7506869635331817,3.1459350609574193,2.8150911291382847,2.1135939623033164,1.9735305145786015,2.415410182662354,4.608684393508224,4.354048036581356,4.507863409612885,5.077307008584285,4.679796768421315,5.088010424378044,,1.3059768896809418,2.2190967952143836,2.846401059628863,3.0669412986130453,3.507330455741923,1.7850594474249177,3.2341690435948474,3.397686111396643,4.468850651007116,5.640186192962595,1.6345829474105729,3.5673303395219675,3.1767008967249586,3.6266927801085864,4.30085387295767,1.9135514192110958,2.6126245791092186,3.1569489456242756,,2.585402172866303,2.8916201331942575,,4.907732767563697,7.696376935196427,1.997365136690841,2.016676606400205,,
B:stabilityai/stablelm-2-1_6b,stablelm-2-1_6b,stabilityai/stablelm-2-1_6b,StableLM-2,StableLM-2,Stability AI,2024-01-18 00:00:00,2024,False,1644515328.0,1644515328.0,1233473536.0,411041792.0,0.2499470725517008,205520896.0,2000000000000.0,1216.1637936402378,1.9734183936e+22,,True,singleton,singleton,0,server/unspecified,22.186124375100913,54.81641466885115,0.819401131910501,,,,,,,,,5.537133264337139,0.819401131910501,0.9060415204839455,103.70038677728998,1.4922656096516302,16.64910935170273,32,4.328377093009439,4.36297915083375,6.718125635954985,4.36297915083375,4.603770168966306,5.769806931839964,5.537133264337139,5.537133264337139,6.2443025061229545,3.593991486226568,3.9145639047666827,5.816144354970082,3.8466508206409538,7.128442805426324,4.159643754958877,9.192780590896469,5.003555186245006,8.718454984958706,2.8162796180623837,1.4922656096516302,4.34810724872796,5.073682511318375,6.1989426397356615,7.712204088959508,1.924916216356578,6.570820949842339,5.4879001834874,8.643984611040224,12.088201654389847,1.8882512579552746,6.498669524687394,5.690920011015468,7.600581394297836,9.940662958988572,2.9535564624062416,4.000829774827831,7.676276922907712,9.715990468608332,6.542274863301458,8.163114423098497,1.6065079141095102,3.207675539857032,16.64910935170273,1.7432237510058457,10.83878902080892,,3.5495419858096926,4.119033829002598,2.5572731387795233,3.827278114557049,4.311605889828916,4.537548047970423,4.455640005488459,5.2585163526181145,3.211206439830257,3.427603236510688,5.558531262492884,1.575598325667509,3.908455414060767,3.0552206499836707,4.828421359515989,2.718509558176245,5.651227098025674,,1.3399891568599858,3.064638562775819,3.530942914324777,5.107725846776375,6.20898661961163,1.5057027106089147,4.962336306347192,3.340066249451531,6.033501273113122,7.978817365056757,1.5551782688923106,4.74233306233362,3.6346031661001525,5.568868794267472,6.989715115442822,2.403999908656857,3.1784095601423497,5.302403882681242,,5.834012715978229,7.1817533441804455,,1.0749058800801252,3.514989677127746,0.9060415204839455,8.30915058995676,,5.969526618410145,12.84632836336934,7.445580592676195,5.667193759834729,7.257600374970828,6.842816079877924,8.542316893296105,7.484772580907786,4.085156647542249,4.405872624833674,6.004358927624925,7.89531771171063,20.98052363777005,7.505288794862759,22.59757078142364,7.973398109604941,30.010614641511932,,1.8796524327877973,7.303807960706224,8.934042398365948,10.082903355440763,13.296604122459394,2.952666936898281,10.985202238421525,9.788408683003334,15.94062586943342,24.517739712503296,2.776856116289792,11.595277528662356,9.222396616760799,11.530093253125317,15.935015171826581,3.241537709272338,4.780755630948874,11.634272285922435,,7.355895528129699,9.305969065767364,,9.224719899481133,103.70038677728998,2.514040578876739,16.65152136489887,,
B:stabilityai/stablelm-base-alpha-7b,stablelm-base-alpha-7b,stabilityai/stablelm-base-alpha-7b,StableLM-alpha,StableLM-alpha,Stability AI,2023-04-11 05:55:14,2023,False,7000000000.0,7000000000.0,6380291584.0,619708416.0,0.08852977371428572,309854208.0,1500000000000.0,214.28571428571428,6.3e+22,,True,common-D,common-D,0,server/unspecified,22.001098755027524,9.739773302765041,0.6220347892976531,,,,,,,,,2.645746147222831,0.6220347892976531,0.41581037093683226,11.103559738482476,0.9336215329370933,3.3346797820785934,32,2.3541568350331517,2.373722223465453,3.555542749154499,2.373722223465453,2.565452919611082,3.0392995973111847,2.645746147222831,2.645746147222831,3.0070456213439476,2.07213757563535,1.869188301310961,2.704290365331189,2.474206309509805,2.188537946661425,2.7041602830309706,3.1937110734589806,3.3346797820785934,2.5717907785548846,1.5874627207104135,1.2135570548514125,1.4988739142382508,2.1930397840481404,2.416078656838913,2.685216859145756,1.4304765660177625,2.165818606392076,2.536381937892097,3.2514555455983687,3.9057076915092357,1.4083440551506903,2.2944292722115436,2.551550154957644,2.9819295134770303,3.445806484277023,1.7919306231019008,2.4230534403198667,2.9972942534459452,3.967794064072062,2.7500448335286203,3.0982213637090457,0.9336215329370933,1.7641432723998463,2.7879243811973615,1.1049974024171092,2.0345386993525407,,1.923072983455275,2.2092724849872867,1.3787619971369116,2.08975439557095,2.2936558915929113,2.216437687087676,2.247313070348441,2.7119887980242425,1.7780986507694365,1.6047363107526913,2.6017382315173005,0.9271320021695271,1.0362923436659037,1.9916558630629102,2.132439891670803,1.7401914966195882,1.8182436755840647,,1.0464828200371685,1.1019654371850738,1.7763490078578394,2.071777791335892,2.26056826748118,1.1448642342460595,1.6735718588168669,1.815099442181787,2.3994808718552063,2.7492924544329185,1.213740021593103,1.738260978178605,1.8575934472247624,2.268340848447991,2.528026653337058,1.58362003283614,1.7747513652503293,2.4432463405086167,,2.5633086080723335,2.864011807906102,,0.44498126524356724,0.6746753763759161,0.41581037093683226,1.6549731367596234,,3.193148398707961,6.601712875321289,4.174837886490915,3.1949971072972585,3.8226363512071897,3.1549625596183932,3.668801730636922,3.353056532703037,2.345721787255465,2.171119839142749,2.775126815947354,5.228416622390673,5.358087615802159,4.970463210020876,6.351286715465315,5.2385433861181845,6.596673374989652,,1.3573709994068865,2.500203535631472,3.2516542655568124,3.5022844250172627,4.069343449521565,1.8964034762550595,3.721330182214744,3.8848913413155093,5.213362682339871,6.739398193808682,1.725249316140545,4.10077686364215,3.622896269023237,4.165969013914714,5.03184590827717,2.067201167500923,2.896586646497291,3.7283441273974467,,2.9622148045170564,3.366609753794904,,5.7786640154115005,11.103559738482476,2.1318015969858917,2.546679781686364,,
B:RWKV/rwkv-4-169m-pile,rwkv-4-169m-pile,RWKV/rwkv-4-169m-pile,RWKV,RWKV,RWKV,2023-05-04 13:36:31,2023,False,169000000.0,169000000.0,91774528.0,77225472.0,0.4569554556213018,38612736.0,330000000000.0,1952.6627218934912,3.3462e+20,b1_research_suite,False,,common-D,0,server/unspecified,22.848423278162915,85.46159610758451,0.8506248928946679,,,,,,,,,6.694555869304571,0.8506248928946679,1.453354115543091,202.71107290421742,1.702710063242706,40.488602658919895,32,4.940372680503958,4.962038236852174,6.575120786163469,4.962038236852174,5.085344931515525,6.024473044974108,6.694555869304571,6.694555869304571,7.038981293813271,4.248626779141043,6.176796729522152,7.475445544851229,4.260548911806043,11.77531505695768,4.42210680634011,12.563997733055915,4.925797048701931,13.69088446431229,3.6468495086564285,1.702710063242706,10.52891948622271,8.665170282355286,11.30946874894476,15.120510800051466,2.281923580289807,15.084581437451531,8.540858379556308,15.138025042578343,23.097008294410216,2.236609804327658,13.527065052283348,9.043375906314619,13.045672889624901,18.326682629511183,3.651663672973017,4.318191506572997,11.443550143192134,12.372698482487486,9.452321253375866,12.31679921099237,2.254978485799389,3.4312834466132816,40.488602658919895,2.495562273259008,29.148232265020763,,4.375633363486314,4.853081116859776,3.815831582472663,4.567044900639446,4.889461047741154,5.617126342074933,5.444252435051433,5.861500363079255,3.6693890396288964,5.285313982853972,7.121383006286272,2.4257742333259382,7.592275150164929,3.2345306841207013,5.729914830386057,3.0529026444051386,7.17104538752028,,1.6045161901149372,7.972487416154744,5.533708585070252,9.203529373420613,12.005068926611525,1.7216554185031188,11.68294258132651,5.027660603211605,11.00233446742645,15.974348596737629,1.7557709292906638,10.16256397710322,5.577385406124363,10.11856725173504,13.74463958037065,2.939708247641884,3.8048905114070033,7.3108109060133115,,8.24826632377584,10.576663075706223,,2.053622853618128,8.138861255008228,1.453354115543091,20.434863983021756,,5.946655889206312,9.856139157017395,6.810096209808498,5.701704607842298,7.028459809318281,8.137929684548883,9.22836972042312,8.537903444321739,5.019564304648037,7.188537892133765,7.784093526856922,6.864842682595998,56.42607222805381,5.945852212730518,30.62414737763165,6.617049771381336,58.21306975787508,,2.4111701047557754,16.686615967433507,15.777455377238864,18.383059065537118,26.049612643221096,3.546222112744494,22.210657779456,15.317741948133683,27.014533622079917,45.10177052705718,3.6825547401415224,20.526863003617414,15.035057654674683,19.329447085343027,28.604457854741675,3.909453260474226,4.842615530435072,18.875713375468663,,10.91937667566085,14.472419439584561,,7.80311118739074,202.71107290421742,3.318445039341917,57.01054861886218,,
B:RWKV/rwkv-4-430m-pile,rwkv-4-430m-pile,RWKV/rwkv-4-430m-pile,RWKV,RWKV,RWKV,2023-05-04 13:38:41,2023,False,430000000.0,430000000.0,327032704.0,102967296.0,0.2394588279069767,51483648.0,330000000000.0,767.4418604651163,8.514e+20,b1_research_suite,False,,common-D,0,server/unspecified,22.69499515579851,33.815467031242655,0.7779808143437823,,,,,,,,,4.504115250420002,0.7779808143437823,1.3403710095808072,60.25676686551836,1.5140635073400004,14.980085846214765,32,3.570247950211612,3.5875445797788856,4.744918962936026,3.5875445797788856,3.5097454841658484,4.313967925839856,4.504115250420002,4.504115250420002,4.409365329808065,2.9746180578868975,4.06426747519701,4.545272055899582,3.365318134092106,6.147279484006709,3.5240218876184457,7.1004543254586086,4.001282623601863,7.030743301652101,2.6567122122467866,1.5140635073400004,5.653979865995189,5.381151106353586,6.622486478461134,8.304596244437976,1.9309049289720812,7.950207611234547,5.5323984791164165,8.732872733878754,12.231950021106869,1.8962431056985498,7.446201468753151,5.757052136661493,7.7037015700720035,10.093516683740566,2.7735720893327986,3.3136945977934045,6.819669943418302,7.644374280915497,5.8664015024993486,7.226337445410027,1.5599130283191311,2.5072914566869913,14.980085846214765,1.876993965491521,10.55066774258763,,3.1577896145997477,3.4712155573943173,2.687572406685939,3.1214537548343793,3.542367124850447,3.884460243145677,3.822467649431709,3.8364550406504203,2.6979477175669113,3.667724957869877,4.376698604257481,1.7762452892742324,3.960865803776274,2.6217025480081997,4.073210584765125,2.466094081073262,4.7579070377813455,,1.4203772311189142,4.339303948427027,3.7812125795314744,5.555635401208829,6.821778474799326,1.5300303759224811,6.293601148929375,3.536921462176956,6.592238785515694,8.838583285092703,1.5643909173977897,5.859745419783393,3.884150447456785,6.130791648911807,7.793527198964713,2.3069612469708587,2.8735986092697328,4.788502335169429,,5.270107345127485,6.410325728800859,,1.4797008903511986,4.261608877284587,1.3403710095808072,8.14204063122779,,4.311660716704453,7.328613334292571,5.027720327912152,4.004471286712226,5.027849797514392,5.27709417887768,6.072635041429149,5.10648596505717,3.31553157680751,4.538133440159166,4.66902808918494,5.599399818294507,16.813717787475685,5.075001669924361,14.733523565586642,5.468231781483667,18.857523530168994,,1.9577088375088598,8.19226361338052,8.894688879613192,9.973663778910135,13.135404438801077,2.8373932724437596,11.677668726633842,9.12637060887257,14.432722834600112,21.858126013500986,2.8062293905964877,11.28166195442221,8.796351723217715,10.793476714381134,14.787226605789048,2.9893729647617375,3.7446472758073437,10.097711947237295,,6.581027601063145,8.217185023143154,,5.414202538164854,60.25676686551836,2.271985707979841,16.630173407940944,,
B:RWKV/rwkv-4-1b5-pile,rwkv-4-1b5-pile,RWKV/rwkv-4-1b5-pile,RWKV,RWKV,RWKV,2023-05-04 13:42:33,2023,False,1500000000.0,1500000000.0,1294065408.0,205934592.0,0.13728972800000006,102967296.0,330000000000.0,220.0,2.97e+21,b1_research_suite,False,,common-D,0,server/unspecified,22.49133561537601,9.781544491719686,0.6227255555716793,,,,,,,,,2.650590345485201,0.6227255555716793,0.746565560783784,11.885158347748595,1.0468019497142769,3.9608618503594735,32,2.311927268772828,2.324549025500221,3.0667873074281307,2.324549025500221,2.3493856860486435,2.7594771990833076,2.650590345485201,2.650590345485201,2.743625071776144,2.022323889393819,2.321558839166877,2.6525849720566503,2.454560160046388,2.576387765006643,2.6009704188362246,3.309038201499671,3.0298307199773578,2.882544861908619,1.7389490480165808,1.2939466120734693,2.4608495880974672,2.8448782048385652,3.2364413036463238,3.7250836141893533,1.54422382595225,3.3747267545184005,3.094594950976626,4.183305736061791,5.225867548924126,1.520451403010521,3.3501347072903123,3.1462968849496837,3.807455775699179,4.544376285572226,1.9196719794862775,2.3252494992879322,3.412005088864159,4.013835377900468,3.0988890905971336,3.540713004392227,1.0468019497142769,1.647840827507718,3.9608618503594735,1.3240015619026568,3.0375448066473028,,2.0101651379042917,2.211595226443236,1.6514667048710614,2.0451086449064797,2.2554328691950607,2.328783340909113,2.3115315405387378,2.4957870322165365,1.8632939903325374,2.108768483705978,2.5867334362336063,1.1708601113969104,1.5103506443134944,1.9902477551783944,2.4073750275073875,1.8308516751701833,2.3070256766961497,,1.1933409257718586,1.910944067999187,2.236697213943026,2.8290238745635996,3.20412305945947,1.301555123535801,2.758686036137371,2.231772476961159,3.2958213889349204,3.9673522534876975,1.3292852013863823,2.7118293058035405,2.338119195124835,3.0969239267304847,3.5966548395438047,1.6878726032657239,1.917578563841241,2.7195696696888967,,2.884324782011134,3.267809098504756,,0.746565560783784,1.3620636016093302,0.7896394370587915,2.6274381830964972,,2.8442792853042684,4.64973701459938,3.394508707289648,2.741691200279653,3.2348811691285597,3.0255798997576577,3.4130295044571506,3.0317042050638245,2.209351362091359,2.5301453817216397,2.703091453100571,4.089608559409856,4.8945154848053365,3.998156706486922,5.6372622354027,4.1279670553102275,6.20009205129961,,1.5007251709246017,3.5202960802507235,4.116131535532291,4.469771237842291,5.347382532047085,2.0384375762457814,4.896418151336867,4.541756628235731,6.292701362553449,8.3761924257592,1.950821745146836,5.028854558588317,4.326074529022241,5.048227331728296,6.254464404175484,2.069330378937284,2.655662345768021,4.388401595052349,,3.335584755142088,3.8443560522134694,,3.646158723089345,11.885158347748595,1.7746872315938655,3.7316955626849118,,
B:RWKV/rwkv-4-7b-pile,rwkv-4-7b-pile,RWKV/rwkv-4-7b-pile,RWKV,RWKV,RWKV,2023-05-05 11:18:03,2023,False,7000000000.0,7000000000.0,6588130816.0,411869184.0,0.0588384548571429,205934592.0,330000000000.0,47.142857142857146,1.386e+22,b1_research_suite,False,,common-D,0,server/unspecified,22.242755007897728,2.1194702331666266,0.27463524053817867,,,,,,,,,1.3786167399998066,0.27463524053817867,0.27871885462803375,3.0921232932067015,0.6529663290067751,2.1503346438775863,32,1.3529869540878257,1.361399639897746,1.7905685889419238,1.361399639897746,1.4611549699505573,1.5906692689685618,1.3786167399998066,1.3786167399998066,1.4861691827638892,1.2810569537740433,1.1639438558283475,1.4025828911851776,1.6634123505221698,0.8818095365626184,1.7885877204588094,1.2908835665724687,2.1503346438775863,0.9601986287547448,1.0312400163097355,1.0660988828378428,0.8824122792791986,1.29651973745262,1.338718520857462,1.386300091419444,1.1723444654846393,1.1733362797617926,1.5119169745646837,1.688240456798618,1.831460644467089,1.1580030470920972,1.251407040306602,1.4937665299615122,1.5969224400544488,1.6989702504672535,1.2195291307633414,1.502431230953141,1.4528022397473936,1.8138951437425677,1.4108626601833418,1.4692656242972653,0.6529663290067751,0.9821279346179579,0.7682550776946256,0.86755078780805,0.6722543174764505,,1.1524001981693544,1.2908944859917857,0.9285318361423621,1.2359975158143115,1.3003591936601837,1.2135427586366423,1.2230977284040452,1.4319482291220407,1.1143393255258212,1.0067021985408824,1.3615898781021134,0.7004343778103617,0.31230047690193996,1.3714328357355232,0.7607461305337908,1.2221323629932253,0.533318757236153,,0.9190907167363204,0.6905787239169489,1.1596107963679039,1.2026188013921766,1.229479750714079,0.9411457262125894,0.9615992239326223,1.246136055567234,1.382253789167286,1.4536086288957988,1.0355888054378293,1.0341579519718767,1.2386750892838694,1.3302979745789927,1.3815033638805345,1.1471461592654055,1.1629963182531684,1.3463632888538954,,1.3581207141776577,1.4080046680868794,,0.2962576223099242,0.27871885462803375,0.3736309100629379,0.5326632894529247,,1.6755387479450314,2.7366690180847772,2.1205662525410602,1.7395144790426817,1.8778972302256565,1.5658762698876199,1.6724831432758454,1.545576165748023,1.437243471308735,1.3545398236589783,1.4357156751622633,2.8862484275251132,1.942975144782606,2.9807120990750957,2.2473876216425563,3.0921232932067015,1.9655233788739799,,1.1208824559818389,1.3353882094330016,1.6351108333791855,1.7063555420230303,1.819090255883408,1.374191192136308,1.7806022538109876,1.9709104035668277,2.3122901302583343,2.6341864425563304,1.2842806688581527,1.9830881727782024,1.853540039043453,2.013061412239303,2.208353124559984,1.3815826326993668,1.743967003578404,1.5788371780928074,,1.4706569971610728,1.5390448230241374,,2.6321216278023125,1.7624799537628884,1.5602832961936977,0.8113394805100982,,
B:RWKV/rwkv-4-14b-pile,rwkv-4-14b-pile,RWKV/rwkv-4-14b-pile,RWKV,RWKV,RWKV,2023-05-22 00:00:00,2023,False,14000000000.0,14000000000.0,13485163520.0,514836480.0,0.03677403428571424,257418240.0,330000000000.0,23.571428571428573,2.772e+22,b1_research_suite,False,,common-D,0,server/unspecified,22.131800369072764,1.0650479481266044,0.026577798505058595,,,,,,,,,1.0273034644825663,0.026577798505058595,0.12916660323700319,2.683758066944436,0.3434137144265673,1.8428952175575932,32,1.063152039188859,1.0701255998980237,1.4055208817706712,1.0701255998980237,1.185533266403821,1.241443680973337,1.0273034644825663,1.0273034644825663,1.1259327012217002,1.047843349626568,0.8531215595223806,1.0595554568319014,1.3962640406843712,0.54432018789255,1.511243770294581,0.8451514520892855,1.8428952175575932,0.5855187234250238,0.815174118539146,0.9771177349401834,0.5562253860004627,0.9103593324967446,0.8998749772379281,0.8885801306642324,1.0356538071393753,0.72940890235506,1.095354059497074,1.1223013840370932,1.1426176289040835,1.0244611631257845,0.8034607727039327,1.0683442925886062,1.0801619095722095,1.091240987853516,0.9943362851529458,1.234375828478242,0.9893679859285961,1.2688133678839668,0.9901977477262194,0.989048977727703,0.5304855103124112,0.7781074463389892,0.3672840523857996,0.7186656018953083,0.3434137144265673,,0.8996499268857417,0.9942583267414354,0.7067826685578641,0.9885893597321413,1.0103566727592888,0.898309121627105,0.898405062206905,1.113474530206443,0.8821174020313012,0.7109240440498439,1.0240838118006625,0.5632761106259576,0.139981784508659,1.1625629867681528,0.43792468721020583,1.0137085829883363,0.2668650601034548,,0.7971722220263462,0.4179574708918499,0.8343788231312453,0.8076660119588461,0.787272455874002,0.7742153052311973,0.5819016587795859,0.9489741145691546,0.9281207045277479,0.9174181882669544,0.8919303368028583,0.6542434546029027,0.9241006432009591,0.9010653909508267,0.8887280743819997,0.944412330513929,0.9309110436708529,0.9513130136519533,,0.9556741016140632,0.9505817820194832,,0.18276031737396217,0.12916660323700319,0.2662859824983315,0.24337018827172777,,1.3326824071702705,2.155943908058991,1.716230035984098,1.4340851173185354,1.476330301598619,1.1695001942724121,1.235269190737721,1.139222077127883,1.2107541166544964,1.023498186884515,1.0903486561269127,2.5885035843217956,1.3358678656521954,2.6047131172927425,1.6575581762570972,2.683758066944436,1.5062484605005722,,1.0303137671528544,0.8708139885921655,1.1101581117680235,1.1288372119042271,1.145335300484277,1.1696846451588714,1.1198424731206322,1.3800629277390255,1.5120653009729679,1.6124698337554666,1.1019452981564255,1.3126176395321834,1.297161038474847,1.3490901377269588,1.4036220617209796,1.1384862760232517,1.4423954107515047,1.0327525777319364,,1.030409727357593,1.0340536411095893,,2.2744990570063655,0.9466693825632514,1.4956686649996376,0.4435362918020389,,
B:RWKV/rwkv-4-3b-pile,rwkv-4-3b-pile,RWKV/rwkv-4-3b-pile,RWKV,RWKV,RWKV,2023-05-04 13:49:10,2023,False,3000000000.0,3000000000.0,2742581760.0,257418240.0,0.08580608,128709120.0,330000000000.0,110.0,5.94e+21,b1_research_suite,False,,common-D,0,server/unspecified,22.37914096956846,4.915291438111047,0.49370669656508576,,,,,,,,,1.975139693169087,0.49370669656508576,0.49053668588155047,4.8766442153923775,0.8419097709703246,2.5966472519768478,32,1.816669542027684,1.8272073441951473,2.4072987916573396,1.8272073441951473,1.8869596657647725,2.1536441285581094,1.975139693169087,1.975139693169087,2.064691738071093,1.6380983247264789,1.701604323503634,1.9767356206745137,2.060351473339364,1.5903432818373622,2.1976558919785174,2.166452895857947,2.5966472519768478,1.7577446345126906,1.3746036179570027,1.1859483234399586,1.5511876298306801,1.9975487829285807,2.1755077703602743,2.3876758756052467,1.3641735270713695,2.0979115537629585,2.2419730706624104,2.7809603771345266,3.260331258418029,1.3451116702290566,2.1509402887187252,2.250236735396603,2.5753716011096555,2.9188325491173805,1.5651938577308169,1.9103914495183107,2.323598154236462,2.807663938863536,2.1749197030729235,2.3834618597956,0.8419097709703246,1.3055297309753462,1.8935916384773877,1.0921133900274165,1.528259042651363,,1.5661757998977859,1.7256678665993623,1.2734316141361608,1.623926789684421,1.7673148584699265,1.7425612728997066,1.7574681743264076,1.9289461042512932,1.4775919738937675,1.5412026297091341,1.9300412371586864,0.9243695645329351,0.8256481216897653,1.700018604524167,1.5752120061880823,1.5239227416025656,1.2997765874864196,,1.0652651626239171,1.222001172098007,1.6768462409367801,1.9319335462801421,2.0904165711208376,1.1670017451079278,1.7217002998724666,1.7229013405642493,2.227011244812509,2.522255309560055,1.200646429280894,1.7423997946159944,1.7659809563861522,2.126114235335433,2.349299515525272,1.4225069093655678,1.5266842140420938,1.9831098851836502,,2.0656126930858556,2.2499604286759913,,0.49053668588155047,0.6877371410355243,0.556257090263049,1.311643159823333,,2.2430139973699017,3.6630561183893118,2.7472850717435526,2.216297086689192,2.533061687939285,2.2339858213896733,2.4523065659656624,2.218210911240775,1.789955608750068,1.887918927641891,2.0110794871650106,3.4410309350335977,3.2143761359175236,3.493321930931158,3.5779360590757343,3.5878293408540016,3.5596030493945423,,1.3048518565659024,2.2428297460502122,2.690994533586344,2.8777239935824386,3.265947383007704,1.7037152345935707,3.1329591602421165,3.12521480040633,3.9752869216466604,4.926778522031756,1.5944707553538244,3.2778920616509164,2.954120022289565,3.310284545904983,3.8784901353648427,1.729897045799278,2.18053029489054,2.763754441740798,,2.299208140360652,2.536222732723245,,3.1552601458153657,4.8766442153923775,1.6366966753682262,1.7436257843228946,,
B:togethercomputer/RedPajama-INCITE-Base-7B-v0.1,RedPajama-INCITE-Base-7B-v0.1,togethercomputer/RedPajama-INCITE-Base-7B-v0.1,RedPajama-INCITE-Base,RedPajama-INCITE-Base,Together,2023-06-06 00:00:00,2023,False,7000000000.0,7000000000.0,6586861056.0,413138944.0,0.059019849142857184,206569472.0,1000000000000.0,142.85714285714286,4.2e+22,b2_replication,False,,size-specific-D,1,server/unspecified,22.06555279181908,6.4742154526991005,0.5499468303402214,,,,,,,,,2.2219596870208873,0.5499468303402214,0.40092661871168844,6.687307787210287,0.842668688928755,2.965020239324573,32,2.0296502650419295,2.0453801633095128,2.9588836175073157,2.0453801633095128,2.191534384208348,2.5554845459019324,2.2219596870208873,2.2219596870208873,2.442910593369821,1.8099012389900861,1.6465065044777984,2.247718615106001,2.224639459917483,1.7156826457516607,2.420798035679588,2.5057951732403074,2.965020239324573,1.9754043254175015,1.414279139437574,1.1721784296011806,1.300615205936472,1.9051065282899484,2.062739620946078,2.249528673453288,1.3562415348178238,1.8379642074963927,2.2082399704292723,2.7280587997672057,3.1887738295432797,1.3364325451098942,1.9506193230412905,2.210740119197912,2.5227235562814996,2.8513586485652382,1.616464091713102,2.131958203933354,2.46890258725332,3.217496755706487,2.2999590248060677,2.537148647431624,0.842668688928755,1.5080570408638114,1.9741487015471435,1.0325868170713268,1.4963842025825014,,1.6771368171553513,1.9114658726446443,1.2402582551314172,1.8012761005091624,1.9792464073074305,1.8793763065317914,1.9148922538326447,2.246568884496855,1.5626958402085878,1.4191158769174037,2.1703200364893793,0.8602076994240473,0.7701491413443876,1.8025454066434166,1.7048900464319823,1.5816238046838789,1.3896641710338913,,1.0120153552950228,0.9715266069249777,1.5858194055614183,1.7971001643090943,1.9277520144924662,1.1014820903451712,1.4462606803472666,1.646242770486867,2.0767054337293454,2.32660610251676,1.1621744708499018,1.5241764902398618,1.6668541646536013,1.9595439245395967,2.1419922232547837,1.4550468338992717,1.5847761469858932,2.0837991283806048,,2.1628917400714562,2.368732098465369,,0.4030075189652306,0.5380596226254277,0.40092661871168844,1.2245706031511603,,2.686877531909686,5.214892173330414,3.4855677601106914,2.69931840687935,3.1608243557549387,2.6145101625891503,2.9726500737459918,2.668591049647884,2.0405991995623736,1.9048936167321162,2.3042509800001802,4.410121044900309,4.022669041501255,4.354586362501546,4.653327109009802,4.501391498215112,4.63647789503288,,1.2873229114093003,2.112075847565256,2.6984639397722234,2.8978207708192296,3.2914967013676275,1.7503281052331199,3.054885973873447,3.221639813787438,4.207372095727692,5.2606218444479955,1.6003575629442448,3.375821995991392,3.0251222485356304,3.4308780203657685,4.038863272292811,1.8586416596629753,2.516086995780106,2.960454232346907,,2.452392687026724,2.7258381907966105,,4.660465722883974,6.687307787210287,1.9561194152734827,1.8485629187599864,,
B:togethercomputer/RedPajama-INCITE-Base-3B-v1,RedPajama-INCITE-Base-3B-v1,togethercomputer/RedPajama-INCITE-Base-3B-v1,RedPajama-INCITE-Base,RedPajama-INCITE-Base,Together,2023-05-04 05:51:02,2023,False,3000000000.0,3000000000.0,2741788160.0,258211840.0,0.08607061333333332,129105920.0,800000000000.0,266.6666666666667,1.44e+22,b2_replication,False,,size-specific-D,1,server/unspecified,22.236622331434262,11.992228976686798,0.6541944905408559,,,,,,,,,2.89179892351642,0.6541944905408559,0.595104342875098,14.986952520598182,1.0321777423855272,4.024057770389272,32,2.511619539055074,2.529260462611614,3.595521633256514,2.529260462611614,2.6085389387898177,3.1450430142542944,2.89179892351642,2.89179892351642,3.070928150405206,2.158910309510557,2.2447707893809197,2.8811221575502945,2.5988929434857466,2.70627991653709,2.7986658248768044,3.6798441661253882,3.356237387429625,3.127468734774896,1.7690625891907943,1.2792938834462688,2.114617073122528,2.716419105270288,3.0727398200684455,3.5147563595125693,1.5325495300340424,3.0024151423999417,3.034140332581268,4.080046177749359,5.077104736586485,1.5082349563221946,3.0662117809036227,3.0776235513565244,3.710699857862386,4.41383247151674,1.9602501353734685,2.5264819397708425,3.5489990244699876,4.437650407108351,3.213374900367018,3.6872512659071557,1.0321777423855272,1.838863468565828,4.024057770389272,1.2551169235629585,2.8959337519350514,,2.107789528289782,2.380366218493218,1.6066793376025141,2.1903115798075987,2.43830472894705,2.4713152560386695,2.47352156017108,2.7641469025704404,1.929411281516288,2.0050924149557914,2.7885272536650336,1.0923583751649497,1.4633839274586589,2.119232254100691,2.564589757949967,1.8729070636612604,2.3808256897815006,,1.1367335016189688,1.5788635431928815,2.1332086678624806,2.6483612935222487,2.9759014042450738,1.2845856366529085,2.371647757086402,2.139272126017141,3.0975853624591303,3.6929333830703746,1.3087005271571812,2.389195491869309,2.234523283915456,2.8990005782270036,3.337496418613229,1.7114622168853362,1.9555528626035985,2.802803298164687,,2.9850136504694555,3.3955875910369504,,0.597887417950687,1.099284458960471,0.595104342875098,2.4474391085953324,,3.2909685687839567,6.130637323495854,4.085123187524493,3.15465419124121,3.8261590784980966,3.3864821543532897,3.8825381312456217,3.431418434126993,2.3973214030552867,2.5238072488874135,2.9496200971300985,4.974211603707696,5.841806053790534,4.834550655993616,7.023081595072084,4.966276329225421,7.689197876048471,,1.4832573576171435,3.291725273271437,4.04668634655291,4.42006449222079,5.280840995124378,2.0602376542169734,4.798107631085746,4.652821295293151,6.417334833532517,8.568180453715371,1.9217113972628828,5.011756868270564,4.385413216121169,5.116907211029658,6.350901840136782,2.1821817658981497,2.9657527708270397,4.583952042718251,,3.4694498275305494,4.017223487315431,,4.944116113605148,14.986952520598182,1.9816868796924512,3.516261409658861,,
B:LLM360/Amber,Amber,LLM360/Amber,Amber,Amber,LLM360,2023-12-11 00:00:00,2023,False,6738415616.0,6738415616.0,6476271616.0,262144000.0,0.03890291352429398,131072000.0,1259000000000.0,186.83917284807623,5.0901991563264e+22,b2_replication,False,,singleton,0,server/unspecified,22.034971400865864,8.479211043620161,0.5989661146714041,,,,,,,,,2.4935548754954415,0.5989661146714041,0.41261275400775027,9.319248569895509,0.8928844814004812,3.1966423879458317,32,2.237501418922018,2.255512983984697,3.328297902428902,2.255512983984697,2.395867431271338,2.85865249923182,2.4935548754954415,2.4935548754954415,2.724639030145347,1.9538553347882475,1.7999875402142331,2.495531120751321,2.3859807896977285,2.0230192956361432,2.6018772502203604,2.9437118214504494,3.1966423879458317,2.358003680032764,1.5298290993064187,1.2012453150406706,1.4459762265606118,2.104162925187036,2.3063640564514274,2.5490579332311927,1.4074784100385873,2.070965731526966,2.431727097462732,3.0824409470934238,3.672078835177389,1.386118450666454,2.1917624597841594,2.4428995037856183,2.834354085870666,3.2533476701065505,1.733244701800224,2.317618121292328,2.8152333595412085,3.6961970160227855,2.595728396752136,2.9045334306759822,0.8928844814004812,1.6698080141688734,2.501145410432817,1.0785994652557556,1.8143852300996224,,1.839935434024185,2.1015270101286854,1.337030171675711,1.9586618910403795,2.178926058366877,2.098438511801665,2.1307555629858164,2.480131063596525,1.6810324788592381,1.5503542385011286,2.405144411760275,0.9090616355724124,0.9719983348070472,1.9251033479905733,1.97070287193203,1.6867824996929266,1.6575305180646387,,1.039213788161752,1.0719472440559332,1.7200293532049056,1.987829731625575,2.1582556256203187,1.1337595555725217,1.612285064142276,1.764543480970797,2.300145580622136,2.61820656758542,1.2007375661712874,1.6762171140286333,1.7999012917918706,2.176329030983335,2.41222589550042,1.5411468223553169,1.710795566723287,2.3209417788274336,,2.42670353753864,2.693939618901792,,0.4407007928234735,0.6445440975718014,0.41261275400775027,1.4764551204622927,,3.003596708552672,6.041014798221957,3.90871961757663,2.9696513360761254,3.568024602793887,2.9550707765753192,3.408212863860281,3.0086571062263263,2.2105788193053444,2.085335628726115,2.5580841042645437,4.904856346673489,4.823445082371063,4.733849212854773,5.743166625443449,4.946214718691699,5.8361997493725735,,1.3353320016345946,2.379461576095259,3.0696003355823294,3.3024472784982484,3.810254272085539,1.8447845305571449,3.505352163027123,3.6624973299323327,4.866127375305255,6.2234643074896425,1.6841737281086755,3.856438539985569,3.4232829505445923,3.9200874655930473,4.696893114807084,1.9939155408055822,2.755432762377882,3.458338172395881,,2.785747849069005,3.1432189081052844,,5.2805189502938825,9.319248569895509,2.0560432081938447,2.25696093043233,,
B:Salesforce/codegen-6B-nl,codegen-6B-nl,Salesforce/codegen-6B-nl,Codegen-NL,Codegen-NL,Salesforce,2022-03-25 00:00:00,2022,False,6000000000.0,6000000000.0,5580569600.0,419430400.0,0.06990506666666663,209715200.0,360000000000.0,60.0,1.296e+22,b1_research_suite,False,,common-D,0,server/unspecified,22.253531749821512,2.696201244572392,0.3455477097430651,,,,,,,,,1.5279952639594319,0.3455477097430651,0.33104843113025145,3.3150478104134673,0.6990148862915576,2.282220739805689,32,1.4736717492064388,1.4829000237377734,1.965605775325736,1.4829000237377734,1.5832399275104814,1.7445372245287674,1.5279952639594319,1.5279952639594319,1.6331213584723712,1.3790108923265445,1.2816206592363375,1.5531872286366604,1.769368165231789,1.0343250658093381,1.901518054378675,1.4941853354742904,2.282220739805689,1.134289392593076,1.113868876396234,1.0950863992324724,1.0080132254620424,1.445602200807064,1.512826642985467,1.5896978029791882,1.2189770905096875,1.3509312568766794,1.6732810529587985,1.9196737085360018,2.124544633926395,1.203451860177945,1.429960203006166,1.6596590291680826,1.8056375876981094,1.952505574959602,1.3047086345615553,1.6132562902923513,1.649631168806622,2.054308311015542,1.5861247055903944,1.6747326142148913,0.6990148862915576,1.0697338650674235,0.9748801120886234,0.9178809092545334,0.8336933269839946,,1.253723325569677,1.404071658522071,1.006653057135006,1.3430958987378885,1.4212030538780713,1.344259405025729,1.3611061132243367,1.5596824035319745,1.2072522961427083,1.116412352651705,1.5090449143972557,0.7493153147275042,0.4103914610724785,1.4553889472988464,0.96577895014941,1.2948443394963967,0.6764588120473649,,0.9485015879351862,0.7895286395078823,1.2722745783302596,1.3529148875271506,1.4027715343442242,0.984685664308679,1.1026958638710884,1.3509425959633452,1.559033079086055,1.670482785555914,1.0689393146235868,1.1768404689415728,1.3560599839727834,1.4907156744177228,1.5715975759918304,1.2210230101290347,1.2520577862895508,1.495797825206111,,1.5207891204424617,1.5978071807706005,,0.33104843113025145,0.36220358065660074,0.4063691552183009,0.67432675138384,,1.8356938750892453,3.035539274755812,2.3111217392887244,1.8860827637237905,2.0651705233822937,1.740256056065042,1.8756443997709684,1.714319210123126,1.5377846251711713,1.4760659767141333,1.587627690785319,3.0387855683585716,2.2277329780955544,3.173606200941756,2.6776830875032274,3.3150478104134673,2.276771909232317,,1.1599385366871056,1.5194939117970259,1.8568455670103259,1.9538169167918034,2.1169479599680443,1.4618959843858443,2.0595134641701462,2.2198571435027654,2.6706772044988556,3.1114001943225595,1.3502133132660292,2.2655922136932243,2.096585393570104,2.2913968614869393,2.557142159011111,1.4777720309267046,1.8740305993856294,1.8327208535326558,,1.6575514715426003,1.7592576675954565,,2.8454668307548165,2.335422414632555,1.6030280987416359,0.9913632070153064,,
B:Salesforce/codegen-16B-nl,codegen-16B-nl,Salesforce/codegen-16B-nl,Codegen-NL,Codegen-NL,Salesforce,2022-03-25 00:00:00,2022,False,16000000000.0,16000000000.0,15370854400.0,629145600.0,0.03932159999999996,314572800.0,360000000000.0,22.5,3.456e+22,b1_research_suite,False,,common-D,0,server/unspecified,22.096613470372656,1.0182555815699184,0.00770302592322594,,,,,,,,,1.007762823151197,0.00770302592322594,0.11825246577541317,2.698764377235197,0.3223517078761088,1.8346046145964803,32,1.0477286817072045,1.0547959639673186,1.3954042725076703,1.0547959639673186,1.177989844904166,1.2284214602806935,1.007762823151197,1.007762823151197,1.1153229038754642,1.037833756878387,0.8257357022199951,1.0445755557555334,1.381114092585091,0.5226102196898492,1.4981457402733587,0.8205494175523664,1.8346046145964803,0.5633069362642763,0.7986297333090685,0.9680290214090727,0.5246423829959475,0.8764895658419787,0.862353150633601,0.8471981625820892,1.02284312634437,0.6894403878745617,1.0604770005649407,1.0772243662659233,1.0897562973992339,1.0118791092285906,0.7638757863203662,1.0328321682334813,1.0383991974172968,1.0435900994281737,0.977367472750832,1.2216136797748767,0.9578329235928326,1.2388861013657335,0.9610748092244553,0.9565887469588116,0.5210516499790013,0.769440666134291,0.3431049048750017,0.7032553815157683,0.3223517078761088,,0.8827949838614706,0.9782742744683179,0.6853335447173039,0.9774898427095275,0.9947005890725847,0.8773142041717846,0.8783512646622609,1.103962155093148,0.8687353878166598,0.6828802679844604,1.0082484337023574,0.5506602346417783,0.12850098936245416,1.1504661975842407,0.41795998476451657,0.9968092490466007,0.25144964617494364,,0.7774139365722128,0.38726455899414786,0.8041547920853114,0.7702890446094735,0.7465918456290448,0.7510615355621542,0.5436598425924172,0.9207741346477772,0.8876305074943456,0.8713305792988528,0.8749783063360863,0.6196354162137557,0.8932453167443455,0.8639297850087052,0.8473682781081335,0.9270267790516997,0.913760700203104,0.9176284422202293,,0.9260647170726798,0.9177201915168242,,0.17326296429729357,0.11825246577541317,0.25175790404308696,0.22570158277780783,,1.3205652771325114,2.166004997611144,1.7132247747722713,1.4329744651484844,1.4685163392280058,1.15078895394088,1.2166286600037661,1.1274305850560673,1.2084702627498676,0.996890635604845,1.0761063766942727,2.600250196571944,1.3085541458171994,2.6203442754441464,1.6452779296021647,2.698764377235197,1.4870827731934482,,1.0206982583173552,0.8319187932641293,1.0752559017336665,1.0877578275887247,1.0987681644775846,1.1573819333814255,1.0684690735728373,1.3484588047519233,1.458022292477262,1.5460641639210957,1.0869581709601837,1.264139296069537,1.259243243424551,1.3038756647113352,1.3504738477255784,1.123845162594968,1.4325488323020323,1.0027461335726515,,1.0028614553924375,1.0031991938093476,,2.312488163780011,0.9119005220640892,1.498765998439483,0.4218881838648547,,
B:HuggingFaceTB/SmolLM-135M,SmolLM-135M,HuggingFaceTB/SmolLM-135M,SmolLM,SmolLM,Hugging Face,2024-07-14 21:45:18,2024,False,134515008.0,134515008.0,106203456.0,28311552.0,0.21047132525167744,28311552.0,600000000000.0,4460.468827389134,4.842540288e+20,,True,size-specific-D,size-specific-D,0,ondevice,22.78757578581973,195.74126134842297,0.8951818067267258,,,,,,,,,9.54032853240347,0.8951818067267258,1.6371687394517513,583.0499935752572,1.844242244201801,85.87797897805878,32,6.655912002316441,6.689840819346846,9.335868386632033,6.689840819346846,6.063673324503422,8.440937749084393,9.54032853240347,9.54032853240347,7.843352077650367,4.913357476151451,8.249234245849479,9.104024259685394,5.279395116908724,19.762083636814662,5.503071792043704,20.655155314175413,6.162746581291567,23.774098052831995,4.67206252705636,1.844242244201801,15.108575336708258,11.980326363495113,16.27371099661699,22.726515613052303,2.571299307747832,22.470601248147933,11.649405067033552,22.430704567244323,36.38167361864408,2.5157778454719715,19.88453043575405,12.475829916817794,18.98708336848658,28.03144314936349,4.546438696980009,5.563641304847387,17.285529130236952,18.95789720231146,13.823306854542354,18.837528506907105,2.4800943449506208,4.668607420204004,85.87797897805878,2.895736791817251,54.567931758534776,,5.791720040248354,6.52390368749513,4.911154497147139,5.368795597675094,6.5916634371120715,7.762422909330284,7.4453661995358225,6.465358341724615,4.221231725778891,6.903977227559642,8.643343679042509,2.9240232188376494,11.236803816335165,4.0271296522869395,7.656808402628801,3.7264385490067684,10.409304417809714,,1.727759367693711,10.987007884049145,7.174153017373948,12.87316261353486,17.480073719696403,1.8674230232277744,16.80531309350895,6.335057678020979,15.488347308019893,23.715729910879336,1.908891253224451,14.396349056593397,7.1627875027592225,14.14057709833916,20.077812109753463,3.520591546554877,4.826184990192981,10.26232845636887,,11.814069797680748,15.804225573545459,,2.6603323071452105,13.028926868360454,1.6371687394517513,35.772879291478986,,8.262186966903093,15.094295220227837,9.61862974953646,6.934869120472005,10.082772551771376,11.997725879339455,14.036850714065586,9.615943352370524,5.842683188795947,9.857883594559706,9.51050585579422,8.949556237702089,127.71213053898812,7.763950103275959,58.85626103627136,9.013278318050869,132.5504754501139,,2.752007631427661,25.595212087253966,23.873021601343957,28.487666976600007,42.54190250579987,4.335564834474539,34.96122307667055,22.83483447605659,43.81215767078609,78.85745955756363,4.464018026318317,31.866021369330074,22.39290781281431,29.85262909782888,46.79260299687727,4.910776398659141,6.347737012047625,31.020700221968756,,16.345748274430562,22.719294176739876,,11.742505864854271,583.0499935752572,3.9088107364707256,121.02320205411628,,
B:HuggingFaceTB/SmolLM-360M,SmolLM-360M,HuggingFaceTB/SmolLM-360M,SmolLM,SmolLM,Hugging Face,2024-07-14 21:48:37,2024,False,361821120.0,361821120.0,314635200.0,47185920.0,0.13041228770725155,47185920.0,600000000000.0,1658.277991069178,1.302556032e+21,,True,size-specific-D,size-specific-D,0,ondevice,22.625480553266296,73.29249812684235,0.8404879211415716,,,,,,,,,6.269117719213783,0.8404879211415716,1.5096342909176164,161.75589682553826,1.6284929637720558,29.947475630148475,32,4.717912177402377,4.74425927232782,6.607647633649186,4.74425927232782,4.416668855458176,5.925366356562231,6.269117719213783,6.269117719213783,5.604077646267275,3.6229290212108287,5.294347775835672,5.9505570930751475,4.111944459593765,9.925227001714607,4.326593993973244,11.283257118289198,4.944512205404126,11.73399891438241,3.34000061283145,1.6284929637720558,7.8184563004066385,7.231881868807489,9.230624500853143,12.044650187155295,2.154242656379241,11.39995943702794,7.3534367587150795,12.523048878906643,18.551999952844753,2.112070978893037,10.563652373249512,7.731517865676801,10.866115954340867,14.89996330028239,3.39711252564621,4.20266907746116,9.988600712513586,11.382039556439565,8.339002166847921,10.70680756647507,1.8100238236752078,3.348308571510277,29.947475630148475,2.166189518057855,19.372961913523614,,4.110391427603937,4.578193650408442,3.3762001419593473,3.8582525881048473,4.685495511864466,5.248600954447963,5.163642555545515,4.767496659490778,3.244145346602564,4.68145897691157,5.696575365578593,2.1017308499971263,6.053301924051327,3.179485211600852,5.398345613577024,2.965469144502883,6.561527246906605,,1.5189392102600057,5.794896768578423,4.788007775884463,7.545143849547994,9.610522721511584,1.6487310603120595,8.721269921992574,4.362733136891932,9.000900127840103,12.66676989823517,1.6913833685560593,8.021167049727705,4.870883465910693,8.324165702802695,11.018836838801594,2.723241086375009,3.5759776128047838,6.554642363313293,,7.3375241403280205,9.279992336225513,,1.8999480816285923,6.563223083977159,1.5096342909176164,14.07664926693602,,5.91021129227171,10.93859888944054,6.941861576677756,5.132968474591542,7.060060778645458,7.588871875888504,8.953570116335046,6.645861077875177,4.082270313156255,6.05624886781866,6.14516695914442,7.182545053147742,38.2825238533071,6.450951933683787,26.87015231667664,7.2963401256707545,47.37440468286321,,2.2032079860849425,11.90128952580969,13.034342833422635,14.96429692938141,20.689068012668628,3.3859953758513193,17.761954157063556,13.189278444007163,22.476761411674214,36.46800498788005,3.3471458697134704,16.97864837093858,12.700342559470203,16.09387883240236,23.245905331048043,3.7130656842181504,4.815540180257638,15.965265519030558,,9.544986875701452,12.451853543637712,,7.9644794947118305,161.75589682553826,2.695757374944113,34.727491027901294,,
B:HuggingFaceTB/SmolLM-1.7B,SmolLM-1.7B,HuggingFaceTB/SmolLM-1.7B,SmolLM,SmolLM,Hugging Face,2024-07-16 00:00:00,2024,False,1711376384.0,1711376384.0,1610713088.0,100663296.0,0.058820080106936845,100663296.0,1000000000000.0,584.3249967389991,1.0268258304e+22,,True,size-specific-D,size-specific-D,0,ondevice,22.290941323212518,26.21356309123277,0.752451026900879,,,,,,,,,4.039604719344119,0.752451026900879,0.8020985901672206,40.19942685602278,1.2677638051556164,8.845168540976413,32,3.3127505226244915,3.336123407238904,4.839727640411686,3.336123407238904,3.305530726988775,4.229073033956823,4.039604719344119,4.039604719344119,4.206433418639133,2.6868638992378098,3.095635711779059,3.90148237895476,3.1752099778739957,4.5732375300209,3.4093069231487316,5.926161759468462,4.056915004321827,5.397757095345301,2.280560434167286,1.3993089665632286,3.322334948088386,3.9083759734124053,4.623948175334424,5.55433661344509,1.7448249197342705,4.829333734024246,4.251086571993901,6.254791126407403,8.317911341680382,1.71430791898602,4.799945531773771,4.368856291697585,5.583758456505657,7.010880675406473,2.447588858039647,3.178491606208838,5.389809490240697,6.651882225512226,4.7227672081151315,5.670811301035841,1.2677638051556164,2.420643713984386,8.845168540976413,1.517011804431701,5.902764088941868,,2.7706040660628184,3.1563752148129494,2.1024335804052057,2.786829111527718,3.265023027502056,3.40686536742175,3.361018345160924,3.6761015645405224,2.4288346203655373,2.750057512559756,3.7662992276161558,1.372618377837686,2.5529073234069983,2.5625953603820517,3.6986521304618933,2.2916218084412936,3.979452557484914,,1.2656964156363864,2.4323935554998113,2.866934943471979,3.905457393232752,4.597379159222553,1.4097304363077379,3.761741155252213,2.78447582733605,4.575285942395356,5.795692051067779,1.4481844018010035,3.643777599927537,2.972679533867528,4.26967742872185,5.173918615283246,2.05957198481288,2.5483100390169473,3.9617564841587254,,4.292308643114923,5.0962238749662045,,0.8778599817263509,2.270831458077254,0.8020985901672206,4.817603130607479,,4.392122919265567,8.46740194513912,5.384348768099257,4.006564620392446,5.181483264428931,4.843299639595011,5.814446042939855,4.848817432137709,2.994275614690511,3.4404871427107477,4.003772465024987,6.22367820321567,10.529630060652167,5.810510580205982,11.980670273181353,6.095938624392918,14.732071308410786,,1.6986660432014797,5.257009285321608,6.339937813637911,7.001629302114323,8.838758977639133,2.509925848829981,7.669340641345383,6.991697554518238,10.624024384648806,15.341386527658818,2.3716867913424466,8.012770998594338,6.597781662692544,8.024467707537697,10.570703040506261,2.6749774176223937,3.728620748228033,7.6029314235847885,,5.212272735051895,6.331739391832873,,6.33228383576078,40.19942685602278,2.177868618852703,8.401379134763017,,
B:cerebras/Cerebras-GPT-111M,Cerebras-GPT-111M,cerebras/Cerebras-GPT-111M,Cerebras-GPT,Cerebras-GPT,Cerebras,2023-03-28 00:00:00,2023,False,111000000.0,111000000.0,,,,,2220000000.0,20.0,1.47852e+18,b1_research_suite,False,,size-specific-D,0,server/unspecified,23.75991122417826,0.8417539868435137,-0.07641331603951004,,,,,,,,,0.9290111754463791,-0.07641331603951004,0.28317691208877055,3.217324919072638,0.5708819620740334,2.6570957866393887,25,0.917653856630516,0.9151847566263237,0.7899136120001076,0.9151847566263237,,0.8247945583939068,0.9290111754463791,0.9290111754463791,,,1.5596754576173366,,1.2763575111903602,0.7833810965706918,1.2502471628322815,0.8149864325260204,1.2696367321765203,0.7133840762969847,1.011567339411578,1.1701574690861924,2.420296623249975,1.8918154000033731,2.046580757547007,2.2298060149280214,1.2748701589325957,2.6570957866393887,1.8801285547143731,2.225120151632375,2.519780645249028,1.262080714829701,2.389095680133628,1.8903034004567014,2.1015855824146596,2.31863272110434,1.1592724054109143,1.0032419426160946,1.3206622415667764,1.157950391972011,1.2921654778223464,1.3317910244797668,,0.5708819620740334,0.8966272036756671,,,,0.8176378096445547,0.6297867205343023,0.7983072904307491,,0.7729463217571022,0.8761205029298523,0.8060517291006798,,,1.4071341505033077,,0.9157406545588825,0.5171803303895859,0.9683664517936585,0.5723957868032502,0.9324839056568006,0.46792600809639395,,1.118210728553171,2.127585867829137,1.5781530725922839,1.7650066157757132,1.8892448686012189,1.1315277629439955,2.281931199000911,1.6242447693275712,1.9641257119568691,2.181491691613368,1.1464964197274232,2.0176749829539506,1.633100503938883,1.8464283921628504,2.0025256262080915,1.083734962332646,0.9662095923852053,1.225151598978635,,1.2298054432150933,1.2601519381962267,,0.28317691208877055,0.502783160674681,,,,0.9763016618720233,0.925800069939731,1.2503648361854367,,0.9147667367151376,0.9844896264006462,0.9846080789583722,,,1.795645350614156,,1.4983361510520288,1.1034689408457847,1.3789255387881978,1.201891608143506,1.4235195189626482,1.1037391923777715,,1.4815762608394785,3.217324919072638,2.086423698874867,2.2131145111912187,2.4339394363289735,1.6506429795951203,3.174291376353352,2.043126040905805,2.4163663756277143,2.7716600935573505,1.472188434226174,2.753615467375186,2.0547356822449787,2.298071673336714,2.565578475752504,1.2066448647308434,1.0969641226923268,1.429218456087561,,1.3515108059513976,1.4003466421958952,,1.194206623147243,1.2733502419215526,,,,
B:cerebras/Cerebras-GPT-256M,Cerebras-GPT-256M,cerebras/Cerebras-GPT-256M,Cerebras-GPT,Cerebras-GPT,Cerebras,2023-03-28 00:00:00,2023,False,256000000.0,256000000.0,,,,,5120000000.0,20.0,7.86432e+18,b1_research_suite,False,,size-specific-D,0,server/unspecified,23.475138109451944,0.8519651687138434,-0.07087970895121903,,,,,,,,,0.9338116985887835,-0.07087970895121903,0.3457112808071887,2.3721252134090296,0.5956784912078558,2.101010414878191,25,0.9315612177285587,0.9305013582351802,0.8614444961072679,0.9305013582351802,,0.8744842339706661,0.9338116985887835,0.9338116985887835,,,1.39287753892562,,1.2866972131729142,0.723198317535159,1.2819016327890433,0.8063105558290525,1.3429576803692727,0.6768360473165066,0.9666926274229455,1.131523638567401,1.8588022598899354,1.6509064683660435,1.7562093425108505,1.87870410903059,1.2253348682173046,2.101010414878191,1.6960647440124244,1.9528472767801315,2.1670238314037054,1.2129528596220454,1.9567726155890208,1.6957483851870288,1.851517191387453,2.008776139988718,1.1208261750147368,1.0305509601986058,1.2394439375543518,1.1592500683981781,1.218751483171742,1.2474971718273513,,0.5956784912078558,0.7501676245068372,,,,0.8751405150571987,0.7825960940252271,0.8684774744664735,,0.8444728657360246,0.8998769060656896,0.8545238808662619,,,1.3015941608890678,,0.8894844382756083,0.42930489505148667,1.038027365589933,0.5522995524782222,0.977424852166449,0.4559806473438881,,1.095993214960798,1.7331773784057034,1.4437811732701957,1.598381099440899,1.6906983767209014,1.118515207219696,1.9170462999252538,1.5162458680496236,1.8021238081075222,1.9749497223929802,1.1254837975213834,1.770514735850572,1.5260311127935218,1.7071208972252478,1.832320383097939,1.0814666826013195,1.013072134868309,1.1698036979080149,,1.17445277698812,1.1969199889323883,,0.3457112808071887,0.5252126544498579,,,,0.9587725793006943,0.9346624682143362,1.1238605702120426,,0.9242462437545806,0.9676578468297645,0.963668525777963,,,1.5294387661812878,,1.547375926158259,1.117667907650497,1.4668480052948383,1.236074442121925,1.4762610676036716,1.1111144022479726,,1.3252426746076176,2.23354167503179,1.8096375224292436,1.873786102401794,2.020094320045876,1.4493928120888553,2.3721252134090296,1.8545026038914887,2.1071777122017736,2.3660983107474185,1.356753966028103,2.171262519939272,1.8326026759360325,1.9679841636944604,2.1524422379895296,1.1519668671615741,1.0777956299201645,1.3152237571709509,,1.2595306193449154,1.294248067326954,,0.9671451187562118,0.9589281476034439,,,,
B:cerebras/Cerebras-GPT-590M,Cerebras-GPT-590M,cerebras/Cerebras-GPT-590M,Cerebras-GPT,Cerebras-GPT,Cerebras,2023-03-28 00:00:00,2023,False,590000000.0,590000000.0,,,,,11800000000.0,20.0,4.1772e+19,b1_research_suite,False,,size-specific-D,0,server/unspecified,23.194013118142507,0.8622914843639486,-0.06537916273343941,,,,,,,,,0.9386329627794706,-0.06537916273343941,0.34247361615008226,1.823712476119667,0.6215298640832825,1.6616321532658402,25,0.945667397592002,0.9460611057234509,0.9393844567609316,0.9460611057234509,,0.9271218864046048,0.9386329627794706,0.9386329627794706,,,1.2440358792942243,,1.2971118828704047,0.6676838881806,1.3143299355746196,0.7977342113128112,1.42044586978875,0.6421888209717685,0.9238438504878048,1.09419620635153,1.4278878918075748,1.4408404348504047,1.5072299538704366,1.5831140731586169,1.1777634972933015,1.6616321532658402,1.5301531645517565,1.7140785633850821,1.8638874087084012,1.165776250247578,1.6029501798849217,1.5213563212575991,1.631378172237108,1.740537841438836,1.0836856891148408,1.058579461624518,1.1632824474453365,1.1605501096844577,1.1495649803105945,1.168602782027437,,0.6215298640832825,0.6277255460348211,,,,0.9069161229019018,0.8998224465552747,0.877304497855179,,0.8937498136075699,0.9122531759935905,0.8949578635662393,,,1.202036264397332,,0.828621266945682,0.34247361615008226,1.0780273038285628,0.5399542802675749,1.0078459213460707,0.4073861573234374,,1.0633912254195907,1.3218383699730945,1.3095497543496797,1.4181949598295855,1.4787768763732634,1.0973879659543961,1.5511989962577304,1.3910043370541851,1.6133789414662474,1.7379484189538297,1.099051505276189,1.4975031576445994,1.395786808438818,1.5538422042340834,1.647165018331665,1.0610384271359632,1.0137676474068338,1.1158874320332088,,1.1221850552281765,1.1375334554327523,,0.40460644757596337,0.44996685058134234,,,,0.9750995861118253,0.9809618251520364,1.0319350870212765,,0.9592470900047041,0.9662805226060383,0.9675317477359425,,,1.305287506736739,,1.6814598960598364,1.1093769060164347,1.6186651695196905,1.2528588696776326,1.5945496939399093,1.158921084712471,,1.1760569895175688,1.5744712387864706,1.5802741312361144,1.6251575168633587,1.7224439488410583,1.275955572537335,1.823712476119667,1.6881100667712288,1.8966022491695016,2.095068429470096,1.2681865061088038,1.7749330331247277,1.6533577718213035,1.7389783721547272,1.8710869386562055,1.1096588794134794,1.105177129973433,1.2133159632453456,,1.175418575512781,1.198020305246392,,0.9090419366054535,0.8575896144858045,,,,
B:cerebras/Cerebras-GPT-1.3B,Cerebras-GPT-1.3B,cerebras/Cerebras-GPT-1.3B,Cerebras-GPT,Cerebras-GPT,Cerebras,2023-03-28 00:00:00,2023,False,1300000000.0,1300000000.0,,,,,26000000000.0,20.0,2.028e+20,b1_research_suite,False,,size-specific-D,0,server/unspecified,22.931122379189553,0.8721771080054239,-0.06020074590851974,,,,,,,,,0.9432175971005078,-0.06020074590851974,0.2620932309094089,1.7929716450648778,0.5303314592027325,1.4978748753313915,25,0.9592108020587506,0.9610226998778745,1.019610810831678,0.9610226998778745,,0.9798399118447985,0.9432175971005078,0.9432175971005078,,,1.117879599713212,,1.3070434949193153,0.6190870005794108,1.3457674517094558,0.7897035666824298,1.4978748753313915,0.6110412424202308,0.885051846516588,1.0600126518200481,1.1125539476533877,1.266750911392282,1.3042388290761167,1.3463821801198481,1.1344546722040956,1.3308430835769376,1.3881428135720233,1.5151030390696183,1.6162135642515798,1.1228298969183836,1.3272806724497657,1.37289611635843,1.4472412900531437,1.5197999823118788,1.0496784044700074,1.08580060391966,1.0955346844237794,1.161781507379032,1.0877229138375628,1.0985546422266368,,0.6470217041322459,0.5303314592027325,,,,0.8973901436186787,0.9246507308530635,0.8677033388000045,,0.9115852659451528,0.8968342974252873,0.8919179490483817,,,1.0692311975636435,,0.7575345870506067,0.2620932309094089,1.0841491548784077,0.5006152411280416,1.016365309824336,0.3633579533732767,,1.000764760790963,0.999667890053957,1.1811518558406844,1.234503595025132,1.2660368857530482,1.066884100362561,1.2237210792072966,1.2574196428678253,1.3984820657168242,1.4733461420599843,1.0549684943628326,1.2313840602216266,1.2629368913766106,1.3563416328216884,1.4121681353515734,1.0288388369512649,0.9850838604214317,1.066830957142333,,1.0687215935716685,1.0771248470506263,,0.3971634150870946,0.3314696905361163,,,,1.0287654615324584,1.1422311478803808,1.1357690505331688,,1.0365981955283268,0.9874881919230716,0.9975180109221186,,,1.1835337548160874,,1.7929716450648778,1.155627865696714,1.7630260394812711,1.304428868715451,1.7708420187469174,1.1997666775341365,,1.098939670557264,1.3052746510263051,1.4032100661805507,1.4348781081845332,1.4982690873646203,1.206627626334572,1.5800595519147098,1.5694081807337343,1.7279933463621615,1.881382015293945,1.1801299875537639,1.5710827644865626,1.5158443957881589,1.5829128310990335,1.6821027471371726,1.0856153914812954,1.1614188892173998,1.1265496031460513,,1.1063571395908331,1.119613321117195,,1.0485416987987726,0.7498889588937143,,,,
B:cerebras/Cerebras-GPT-2.7B,Cerebras-GPT-2.7B,cerebras/Cerebras-GPT-2.7B,Cerebras-GPT,Cerebras-GPT,Cerebras,2023-03-28 00:00:00,2023,False,2700000000.0,2700000000.0,,,,,54000000000.0,20.0,8.748e+20,b1_research_suite,False,,size-specific-D,0,server/unspecified,22.690556148570153,0.8814239663870161,-0.05543220942527681,,,,,,,,,0.9474791379964974,-0.05543220942527681,0.21046169349221885,1.9920592780360673,0.45373643690895155,1.5732642116519786,25,0.9719135307143296,0.9750754667865437,1.0999235063316972,0.9750754667865437,,1.0312793238599482,0.9474791379964974,0.9474791379964974,,,1.0125856076304895,,1.3162997084010104,0.577282093696455,1.3755220049745227,0.7823458085665232,1.5732642116519786,0.5835712515808176,0.8506145048892692,1.0293385952298295,0.8831953648670691,1.124478050101363,1.1408676324299816,1.1590116427604196,1.0958059080761524,1.0837579596946527,1.2685232712415897,1.3516468638569676,1.416481460044874,1.0845071767648988,1.1146480414662452,1.2484782659670963,1.2954451627181585,1.3405907542736275,1.0191667778869762,1.1116079802856018,1.0363749076720963,1.1629219324579383,1.0334748417019282,1.0374926734568843,,0.6715363618267197,0.45373643690895155,,,,0.8844692464476578,0.9280596101707647,0.8151895448065889,,0.9260466795087752,0.8785726305879644,0.8806972434264317,,,0.9288073028728367,,0.6882383931503717,0.21046169349221885,1.1026926908836194,0.4543334429651767,1.0143588488134565,0.3203614669599903,,0.9419920535581479,0.7661976227835253,1.0534140603229252,1.0679404886193171,1.076378147231659,0.9783145539737397,0.9629566798080788,1.1454752655177165,1.2140114849449346,1.2511760506866594,1.0041651938654548,0.9979521914143008,1.1362490452976428,1.1828708013716445,1.2094547071626887,0.9917605342306518,0.9531584207476443,1.015557972568901,,1.0148987325502445,1.016668985190205,,0.31287539177066487,0.23686007238533713,,,,1.0902857521097582,1.3489282958808626,1.2595644407560982,,1.1312472797220086,1.0174114369417877,1.0404987988831942,,,1.115382589786718,,1.9920592780360673,1.1703145673883366,1.978387282419467,1.369414634517437,1.9817961053919122,1.2191870746275149,,1.0520971991643826,1.1252082942812902,1.2676001141041682,1.300243339855051,1.3417646134809649,1.1854222020575698,1.3932526917173431,1.464369502210635,1.6043704893279032,1.726740442155819,1.1382026195171502,1.4492912813963021,1.4051511418477438,1.4636132073532535,1.5392824783226018,1.0861273739453223,1.2167649893588428,1.0618512849445587,,1.0533059254884893,1.0597718942406318,,1.3005570934161317,0.7222289350775424,,,,
B:cerebras/Cerebras-GPT-6.7B,Cerebras-GPT-6.7B,cerebras/Cerebras-GPT-6.7B,Cerebras-GPT,Cerebras-GPT,Cerebras,2023-03-28 00:00:00,2023,False,6700000000.0,6700000000.0,,,,,134000000000.00002,20.000000000000004,5.3868e+21,b1_research_suite,False,,size-specific-D,0,server/unspecified,22.394930312861824,0.8930592647798342,-0.04953245932235842,,,,,,,,,0.952805214472033,-0.04953245932235842,0.1580959278621619,2.2379034829637865,0.3737357035354697,1.6723247578831082,25,0.9879442251665108,0.9928370020111039,1.208671792417975,0.9928370020111039,,1.099026760251491,0.952805214472033,0.952805214472033,,,0.895379360715984,,1.3279012619211348,0.5292136910984997,1.4134409643010843,0.7732920166790287,1.6723247578831082,0.5511286928690136,0.8096549488260996,0.9924307458018973,0.6627939255780807,0.969643728575881,0.9659640092670159,0.9619674605654597,1.049577848648698,0.8394971470589647,1.1340529599152493,1.1727678128457348,1.2021915582313654,1.038672414335483,0.8971181652971795,1.1093752020750536,1.12870286138636,1.1469324771714446,0.9824598815845196,1.1445566079269622,0.9672464425018815,1.1643416082244533,0.9697760505881199,0.9662751091630871,,0.7033198035641611,0.3737357035354697,,,,0.869401880238063,0.932727417011707,0.7398327306480659,,0.9402522792558682,0.8551672729985761,0.8584269038411099,,,0.7784341686829275,,0.6013228569283342,0.1580959278621619,1.1134801927714382,0.4247451824252087,0.9999139894390514,0.27176172264516846,,0.8572269135492812,0.5352941897627935,0.9015085645771229,0.88354272937301,0.8705417544285032,0.8532439441092781,0.7107804304564168,1.0098979044556957,1.0144719641767708,1.0167409179315885,0.9291828691256372,0.7684680856986102,0.9877171585010607,0.9842072279126564,0.9821360345973246,0.9446052262921488,0.9173130221165122,0.9394047815093203,,0.9453877607011405,0.9391518246781763,,0.23782446473258168,0.1615643335105331,,,,1.1717362224861134,1.6608471322121037,1.4348204101901312,,1.2547524685086222,1.055702961958385,1.0898165438929432,,,1.032927866778473,,2.2014959125464255,1.2071433963637181,2.1631154240329735,1.4693911845394785,2.2379034829637865,1.3225343389723787,,1.030823199053706,0.940570302636301,1.1330520188669158,1.1496639600949647,1.1690223692037995,1.156133759635357,1.182091936081258,1.3631337850618457,1.4785646616717796,1.5712613975015972,1.099837039608565,1.3119624283868465,1.289431948706131,1.3404218846883649,1.3934142785953232,1.0867643589477993,1.2933010441357673,0.9976810906043211,,0.9979355282430635,0.9976925276848642,,1.6658516300701376,0.7646264210229278,,,,
B:cerebras/btlm-3b-8k-base,btlm-3b-8k-base,cerebras/btlm-3b-8k-base,BTLM,BTLM,Cerebras,2023-09-20 00:00:00,2023,False,3000000000.0,3000000000.0,2871342080.0,128657920.0,0.04288597333333333,128657920.0,627000000000.0,209.0,1.1286e+22,,True,singleton,singleton,0,server/unspecified,22.27574792936051,9.382401015793858,0.6159468762286558,,,,,,,,,2.6038064478688514,0.6159468762286558,0.565913289310939,11.010445276380887,0.9629428790174663,3.270248690979157,32,2.297439069011461,2.3128020846936947,3.219727531074156,2.3128020846936947,2.3542805831394653,2.8338361064648154,2.6038064478688514,2.6038064478688514,2.7118025430939348,1.975278518474639,2.080011704121807,2.55095999367999,2.4380277935362513,2.337985250991191,2.6185504230343053,3.1806733484572205,3.127434294740597,2.6689232350843577,1.6504196416999848,1.252899082733284,1.9417946176602763,2.4961013670448664,2.794218750633783,3.160016180281021,1.4842472582594668,2.7203941920700037,2.791755204209483,3.6716225991780247,4.494554349417256,1.4614713069703473,2.781209585596974,2.8235556426827664,3.355907935540524,3.9390737081823373,1.8425352049465928,2.3394441501586023,3.1585693503677637,3.9124409359394288,2.8861285779908505,3.2700936257768642,0.9629428790174663,1.6734585816101433,3.270248690979157,1.2079415042615766,2.428599112405465,,1.9504517890110733,2.178713075778655,1.5071280910453588,1.985531029742323,2.2314818614022514,2.2441753173310537,2.254990339099891,2.469540247515133,1.7665090339629175,1.86255458075894,2.4762651067071793,1.0414934509256386,1.2637237329432838,1.9954361613578366,2.2461324827853573,1.7693437861134618,2.0528330296427284,,1.1146057901714537,1.4713386970309217,1.997429103772636,2.4282383574158835,2.7003536395796024,1.238171714830929,2.1757204108156816,2.016302674878224,2.830202644304824,3.3271294748896887,1.278965996960624,2.198543123059248,2.09440525566912,2.664691053355242,3.0337210804972745,1.6265517579577757,1.826768704597876,2.5492043921081002,,2.697491210407067,3.0321118918156325,,0.565913289310939,0.9765699111612061,0.582868347297108,2.0502345896719705,,2.9663215888097594,5.320608695601233,3.6622396479910497,2.8257518359690033,3.4157024474778486,3.018089283239311,3.4215001286743996,2.9930839260239637,2.1807799243039097,2.3298799599601714,2.606091032284916,4.492577137888377,4.939488526598428,4.4135689797563336,5.780509902722874,4.530154751953752,6.159689621950088,,1.432946893585939,2.96137420998757,3.626155941716428,3.924483885962969,4.622465384522922,1.9566139940072735,4.267096545893729,4.171947647942295,5.614813245928571,7.34256681350877,1.8254921723005781,4.459223730464126,3.932582736862751,4.53687400102669,5.5420426657344395,2.0470794294826646,2.7250857894183005,3.9902486839776765,,3.098731215848366,3.540511364489994,,4.378229574912641,11.010445276380887,1.8770384441680923,2.8925302212633803,,
B:h2oai/h2o-danube-1.8b-base,h2o-danube-1.8b-base,h2oai/h2o-danube-1.8b-base,H2O-Danube1,H2O-Danube1,H2O.ai,2024-01-23 11:25:25,2024,False,1831201280.0,1831201280.0,1667361280.0,163840000.0,0.08947132234420452,81920000.0,1000000000000.0,546.0896139172642,1.098720768e+22,,True,singleton,singleton,0,server/unspecified,22.28006047727429,24.510239300035867,0.7452388072139551,,,,,,,,,3.9252446146294586,0.7452388072139551,0.7617596026170431,37.16964519577362,1.2551192959362079,8.230274394821556,32,3.2356884477829992,3.258625571721774,4.726660662489679,3.258625571721774,3.272356265697561,4.127952408551069,3.9252446146294586,3.9252446146294586,4.079689337225945,2.6609360846232892,3.003150215969512,3.8490369567165206,3.1213980911512507,4.36282304053756,3.3536807191959537,5.686088451621088,3.996261973761166,5.143274755562823,2.2288062212973134,1.3874525492465501,3.175964789157438,3.7757493251379133,4.448058831620562,5.318305563483906,1.7238331071272752,4.610315912355202,4.119399233789765,6.01035338352249,7.9434570413750265,1.6939217860083795,4.596723203677322,4.228196243155408,5.374635078510561,6.714305551600122,2.3992881465079616,3.118087811665596,5.191387326488499,6.423776994216906,4.562303479474522,5.455866569055782,1.2551192959362079,2.36623222479928,8.230274394821556,1.4839170737861982,5.456073132241858,,2.7042732776376974,3.0807789733397497,2.047118718394273,2.7574744214545106,3.18160444670925,3.316436109124055,3.2687036244853096,3.575583806211127,2.403519914572379,2.668736258276762,3.71575549631264,1.3440494573045807,2.421878711038058,2.52164022305796,3.592762654418328,2.249787917314079,3.8471575901929502,,1.2528410455877217,2.3268302131708483,2.7819531964263176,3.7647357382003226,4.412297587120431,1.397437845627738,3.5918834462785796,2.714938774317658,4.407535016757686,5.550862036409176,1.434218895212823,3.4882352140248383,2.89001569724963,4.11406187773256,4.960911895806646,2.025432813344255,2.4879472292631246,3.8395940410785636,,4.153549648444067,4.912416429197108,,0.843324437572892,2.1186116553896204,0.7617596026170431,4.429314759377162,,4.294278053379655,8.27250140550746,5.272087647331985,3.9686186438801876,5.063340723768307,4.698950827736795,5.636811834342149,4.68850597410179,2.963696758963001,3.3345772950386916,3.948727652056672,6.16340633116689,10.016699680133339,5.731617470704867,11.547514974333668,6.007815063907406,13.91475252221853,,1.6781512893334223,5.006610776306505,6.081705257143793,6.711278724588093,8.42937230228778,2.4653621301767883,7.342172990226152,6.722359156207057,10.16205877681453,14.573209060360945,2.3254368928165148,7.672761321137647,6.34791954825776,7.699125800023881,10.086728308617685,2.628592807117961,3.6641151704777037,7.264544549411238,,5.024328580979434,6.077073084471947,,6.261699157470834,37.16964519577362,2.147200667318758,7.621294732884822,,
B:h2oai/h2o-danube2-1.8b-base,h2o-danube2-1.8b-base,h2oai/h2o-danube2-1.8b-base,H2O-Danube2,H2O-Danube2,H2O.ai,2024-04-05 12:20:26,2024,False,1831201280.0,1831201280.0,1667361280.0,163840000.0,0.08947132234420452,81920000.0,3000000000000.0,1638.2688417517925,3.296162304e+22,a_dedupe,False,,singleton,0,server/unspecified,22.104163771451166,74.11584797737129,0.8412477784560584,,,,,,,,,6.299124448618858,0.8412477784560584,0.8350510496692968,151.05845399979071,1.5241963624348944,20.968777524819505,32,4.836126511663674,4.8777578146338385,7.775241266399324,4.8777578146338385,4.889814922086822,6.603308217900702,6.299124448618858,6.299124448618858,6.675453340732886,3.747460256912958,4.2348980404148024,6.141526308827496,4.163554899700174,8.437413547423187,4.526665590093458,10.971367861126277,5.494279625307907,10.512222348404032,3.0479241623696245,1.5241963624348944,4.664720958883574,5.528764790123351,6.82690106018185,8.592147721866505,1.9916056657415013,7.192473676929444,5.995988663028484,9.670079633937839,13.761080061746114,1.9523896457045946,7.136326831416373,6.235434128346693,8.455408323591268,11.215759809351427,3.172100496592985,4.410569268971504,8.779972911356897,11.335482049237338,7.40449692738306,9.374727179109584,1.6159313067282741,3.619250673060765,20.968777524819505,1.7633760115288464,12.055940037508872,,3.9153137946220076,4.592682332459743,2.7314313992500017,4.004669993092082,4.825517013409396,5.093614811099423,4.982145910988163,5.58650252289675,3.326388120276803,3.6758478836905533,5.861833155107935,1.6373022914164241,4.528614608768854,3.2732324241230923,5.362712254776589,2.9169480083797206,6.502150904641261,,1.3583763977972858,3.2196230458024027,3.7678068036345747,5.567818119282782,6.838530863531978,1.5385702531736787,5.323287735232162,3.5431821466443805,6.585698408380914,8.828451536106385,1.5907756743919241,5.0854891926816626,3.8677505283592137,6.0577914490970945,7.688530966675371,2.547912691401218,3.4446182659816182,5.920796103603902,,6.5604425432222815,8.18845858768393,,1.125577917408686,3.969537547204713,0.8350510496692968,9.10261504949075,,6.842576830611309,15.67189163585272,8.640715918675797,6.120122834774383,8.453966756633074,7.911885114500945,10.075254841862776,8.05460046670939,4.2700143385536355,4.802224834642638,6.356923292428175,8.865671672941755,27.935297426314797,8.365491061959093,28.716212850190093,9.06903871742772,39.58366101183422,,1.9425595108649532,8.114267807760472,10.091839234314433,11.45103611916727,15.332602293289474,3.1364892000121465,12.459092139364198,11.080366451185506,18.55290189561878,29.216929382420695,2.931469716689134,13.236559138672664,10.403329601473727,13.182535941639657,18.544543742209513,3.5064505184721373,5.327497167994797,13.66421905107106,,8.399237419217217,10.79329668454744,,11.152580614064192,151.05845399979071,2.7087070782619582,18.943756080596543,,
B:h2oai/h2o-danube3-500m-base,h2o-danube3-500m-base,h2oai/h2o-danube3-500m-base,H2O-Danube3,H2O-Danube3,H2O.ai,2024-07-04 13:16:04,2024,False,513590784.0,513590784.0,415286784.0,98304000.0,0.1914053037213378,49152000.0,4000000000000.0,7788.301746473706,1.2326178816e+22,,True,size-specific-D,size-specific-D,0,ondevice,22.26158365986415,349.8538947395458,0.9182225201262866,,,,,,,,,12.228305415430633,0.9182225201262866,1.5509785548227655,1145.241506568609,1.8329579157906546,103.69662246199367,32,8.360402436093056,8.43045414007529,13.809549749280196,8.43045414007529,8.149550263207445,11.766139268728272,12.228305415430633,12.228305415430633,12.66947427376183,6.053809119590661,8.191970078640892,11.961281244990035,6.1898166635489,24.2939383195346,6.669586280558597,28.339684520120883,7.925180860931365,31.40449419196918,5.091877191597882,1.8329579157906546,12.026371529226386,11.685690415495461,15.824809764771446,22.025730078860725,2.5964091530036333,19.32449827069022,11.947473745971703,23.16024669641228,37.752373639157135,2.536975769125235,18.048440744101725,12.765504073657784,19.502288138937498,28.894254313973107,4.962612952540657,6.925761892130275,20.383043458856026,25.334140785580125,16.09102927842488,22.323899339609163,2.583607096840007,6.200510928825033,103.69662246199367,2.629639827613243,52.54383248799646,,6.798278005470043,8.050605142034387,4.863441691403266,6.737095214657173,8.345983598713595,9.522675396550465,9.281334636386305,9.984213505970637,5.285800841998852,7.028198134407877,11.28964160239726,2.656456190285885,12.919277741076138,4.768958416706489,9.360657895818358,4.344468750227959,13.12118627517513,,1.6712135688171383,8.07060882630069,6.981464826183143,12.187225826270375,16.440527014123596,1.8596636422669661,13.572053993101239,6.042724036661065,14.740880536455673,22.398281896637606,1.9363322958097924,12.410248906688711,7.022818472054891,13.331257555122498,18.781621036434853,3.703824071796769,5.467709488680792,11.760958132724141,,13.67421839719401,18.610563210433593,,2.472587891564455,13.698457439238997,1.5509785548227655,34.275755851629974,,11.81190625979806,29.880531680223474,14.60948418620036,10.06425595922638,15.095401274501109,16.060761028393873,20.744361631342805,16.287370120750282,7.070761835348959,9.528195654853981,12.503453222743868,13.993992915298518,175.35161875851006,11.467888085213042,95.3135329296456,13.729019446322074,246.878750415111,,2.677514358546539,20.724424781270415,25.01626959908913,30.022173593796904,45.115953367346556,4.677133272061516,34.46480762328645,25.750724618718255,50.28497633205652,92.46797529414961,4.509126712258393,35.51212085876395,24.272240434032735,33.04610834863889,52.499599884863294,5.589046839460548,8.363547667718548,37.52309210841704,,19.17483709880623,27.157596297005217,,19.23502340191787,1145.241506568609,3.468751468092197,112.42660125598286,,
B:h2oai/h2o-danube3-4b-base,h2o-danube3-4b-base,h2oai/h2o-danube3-4b-base,H2O-Danube3,H2O-Danube3,H2O.ai,2024-07-04 13:24:14,2024,False,3961839360.0,3961839360.0,3716079360.0,245760000.0,0.06203179323252517,122880000.0,6000000000000.0,1514.4480769659474,1.4262621696e+23,,True,size-specific-D,size-specific-D,0,ondevice,21.87178251234278,69.24209657403586,0.8365643302052815,,,,,,,,,6.11861536258296,0.8365643302052815,0.5966076546426625,131.1621066459164,1.46776029607032,16.63369521325456,32,4.764809114341429,4.812217987605178,8.128666770935904,4.812217987605178,4.986297636098652,6.739530624714931,6.11861536258296,6.11861536258296,6.788732593976721,3.7146423113846545,3.7222092668735307,6.02602186733763,4.109133375863779,7.475808752158762,4.53407660249475,10.364511009818882,5.656380413639915,9.514656110546552,2.858123996948679,1.46776029607032,3.556435563423395,4.744038440360361,5.748361663661844,7.0873053035832685,1.9003023218807997,5.6089548001254546,5.307325556685146,8.285259339504835,11.510431786592557,1.8630747772772944,5.7510465513540785,5.485742925455221,7.2819242555143875,9.470068903861954,3.0140142483264305,4.410550377396037,7.9746484094848,10.89546774964526,6.776272072602658,8.490171103451035,1.5021861938524979,3.651484296176697,16.63369521325456,1.59364053837295,9.396336388588255,,3.751076032897054,4.4815723509590715,2.4586497321314353,3.9615430646253147,4.6719624252542085,4.843853733322117,4.790596798739391,5.6723420652204934,3.207738240942071,3.2052033015480355,5.7213456245138,1.449460125251924,3.6856444940491304,3.2098048828865444,5.171238411800184,2.797425020277086,6.062717223394821,,1.2679612702019332,2.3825772028123313,3.3018628472547773,4.659686586141948,5.602427924407871,1.4757861032685329,4.054790532506701,3.149174498925473,5.524521760130584,7.206303473803292,1.5207829567835536,4.023457613936193,3.3896881302794823,5.0422244622835555,6.246043638259283,2.434065284462484,3.2321106292212383,5.444507747185027,,6.016386999972494,7.433172919352586,,0.8221465544823086,2.672839977243747,0.5966076546426625,6.959335725143879,,7.043353170384346,17.98313589065366,9.280605389812733,6.451028294418106,8.915415304820211,7.818957110372945,10.2008748929176,8.204930210475611,4.281412042365977,4.32910371215936,6.233111173878443,9.690037306891673,23.771605495930395,9.29747510532619,25.9625946868443,9.956534996899379,37.94991880619966,,1.8515643728019913,6.540533632621606,8.64973645287585,9.855917939787822,12.961889091813855,2.976412216703962,10.579764659868818,9.885362379665004,16.132166986284457,24.858466780872394,2.710264210676397,11.338281748333118,9.200545174563183,11.564131712745471,15.988293424472019,3.4450332109862645,5.4872256851737315,12.11157007285035,,7.648361996582407,9.720528799567939,,13.123917283892654,131.1621066459164,2.952130615362835,14.7709589004033,,
B:allenai/OLMo-1B-hf,OLMo-1B-hf,allenai/OLMo-1B-hf,OLMo-1,OLMo-1,AI2,2024-02-01 00:00:00,2024,False,1176764416.0,1176764416.0,1073741824.0,103022592.0,0.08754733793717973,103022592.0,3000000000000.0,2549.3632873412785,2.1181759488e+22,,True,size-specific-D,size-specific-D,0,server/unspecified,22.17479652737023,114.96670484415102,0.8684099286030982,19.20026205220526,13.915124092508893,33.16647590326036,0.9479173775190665,olmo_q,2.0090711021625784,19.20026205220526,ex post,19.20026205220526,0.9479173775190665,1.0763253183624855,269.2445744013048,1.6113440074203322,33.57708536071939,32,5.640160276250026,5.687481780672016,9.073988249796766,5.687481780672016,5.5599049676099765,7.7346437455412405,7.599357530431011,7.599357530431011,8.116847344561869,4.239896240559925,5.163187390349529,7.2964353903597985,4.655542267790142,11.478257256559662,5.040364567027554,14.37527048247523,6.062585188606877,14.412600042178907,3.541166512123611,1.6113440074203322,6.261625000758738,6.927842494267841,8.795834971784789,11.411203297896519,2.1555186433169653,9.74062990977933,7.364765538575209,12.547495339708945,18.593853081897336,2.111131504471857,9.467619727824518,7.722113655494653,10.85070120698427,14.876031126408789,3.613334717581467,4.999690916535282,11.218550525227963,14.238405119755972,9.28091557923999,12.06739818944088,1.8359064564583762,4.198895702969728,33.57708536071939,2.0090711021625784,19.20026205220526,,4.588431275448249,5.38096319654285,3.2307378568031018,4.583210632142913,5.638007372763131,6.099447398953536,5.933552921729252,6.6693254718992385,3.77203588009205,4.46124280344409,6.931128152501205,1.9102875361082154,6.135301889124471,3.635447362785843,6.299489600586427,3.258310192778072,7.9453798297682745,,1.4541040519140886,4.303077211841826,4.564984922462366,7.0577418468381286,8.918113496274152,1.6291873227815044,7.174573849372505,4.163154330029798,8.411992078565925,11.714114271232322,1.6927092723980075,6.749540753936392,4.651090944097646,7.708644266207276,10.100850010884095,2.8419594466280778,3.93991184453331,7.2403275396126725,,8.114947752357928,10.385747535393287,,1.442865142405485,6.254455168212727,1.0763253183624855,13.915124092508893,,7.870983979460606,18.496830972149805,9.916129935218851,6.908433708303781,9.853774123047776,9.607168467666694,12.335289071752134,9.985047965213214,4.877159291805311,5.863754558025352,7.563093207718477,9.961721480317248,47.69172304143753,9.21474221271285,40.82797495127566,10.051887121509658,60.61441624284146,,2.159440122573672,10.768823345297555,13.187433889784405,15.307928748887877,21.221767534272878,3.525995368106949,16.910644282241215,14.125099398067023,24.72740442299974,40.719362215733454,3.3340475533787313,17.56305754837798,13.420453357767133,17.282563483036657,25.199352733103492,3.9937353940159017,6.0417544875806755,18.353353334763185,,10.646797569235979,14.069171391137745,,12.718993345045936,269.2445744013048,2.845018318479234,33.16647590326036,,
B:allenai/OLMo-7B-hf,OLMo-7B-hf,allenai/OLMo-7B-hf,OLMo-1,OLMo-1,AI2,2024-02-01 00:00:00,2024,False,6888095744.0,6888095744.0,6476005376.0,412090368.0,0.05982645760389704,206045184.0,2500000000000.0,362.94501309417336,1.0332143616e+23,,True,size-specific-D,size-specific-D,0,server/unspecified,21.9227129780263,16.55566140276354,0.6987202269866623,2.944878859146488,2.3365592817897713,3.7530450183713464,0.660427458027992,olmo_q,1.1976908251840295,2.944878859146488,ex post,2.944878859146488,0.660427458027992,0.4321652300940797,21.14586709563202,1.0454920545848847,4.381125472564687,32,2.8537890693799226,2.8795022371665615,4.506704873218656,2.8795022371665615,3.078811860436295,3.8031505043767813,3.3191740354760872,3.3191740354760872,3.7054873044194814,2.41962041459184,2.2089944539785242,3.3409946054082464,2.840395831664018,3.0075523480557633,3.1210423428219225,4.3782226520351974,3.880589896599922,3.627299493220549,1.846214931374436,1.2703451320059251,1.811557625779589,2.6401469812175797,2.9759907024045646,3.3910758960072815,1.5342288681693055,2.692963935340032,3.042791511654877,4.0947894437641645,5.098309431129029,1.508767632310055,2.8442706403782334,3.0805978972677655,3.714883121133016,4.41946733318607,2.0500633495290774,2.8600606023023407,3.861180055441718,5.210067145370243,3.472993280441199,4.0218101688839685,1.0454920545848847,2.1612309571373323,4.381125472564687,1.1976908251840295,2.944878859146488,,2.3005685660455706,2.67501497573754,1.585511548649731,2.479254170243566,2.776664007923512,2.72521268136642,2.753691313211087,3.2770612139450184,2.068633984752981,1.8996879052464435,3.200593766937245,1.0245681262961448,1.470071646393948,2.267123574527231,2.7797446590549253,1.9711923630748693,2.6122094675054446,,1.0881271841013491,1.2918596187192128,2.063246882380349,2.508140472060361,2.80004231431146,1.1969046232340474,2.0335188339755397,2.0735663421150776,2.9248623668963827,3.456043500174746,1.281929847748401,2.0694525641905757,2.1502080522581895,2.73775208784821,3.128077465934453,1.76891274072533,2.0578578894637984,3.0034319026355356,,3.1950664084497893,3.6637750410844196,,0.48921241347693195,0.9060008197218931,0.4321652300940797,2.3365592817897713,,3.9972051846264747,8.934863624999705,5.271358983815153,3.8940357304343576,4.883973577062923,4.0410806856947445,4.820419273892923,4.218124306064166,2.7553142173640004,2.566047137796003,3.434856651429443,6.462376541226785,8.027049630345886,5.892681255369629,9.447858916109817,6.365769726433691,10.520695448472322,,1.4573115524960254,3.133894874851371,4.093456133231149,4.515281169419359,5.408383633917435,2.1644788956920324,4.823352803429771,4.96333648289268,6.921377849461051,9.350446591771938,1.9181844081005368,5.288902880033222,4.586738963202248,5.397977750550341,6.7473351260588315,2.3734529392678128,3.4748694875108157,5.0537617154285,,3.7868584638528415,4.430213193327781,,7.618822656875577,21.14586709563202,2.3742779443396715,3.7530450183713464,,
B:allenai/OLMo-7B-0424-hf,OLMo-7B-0424-hf,allenai/OLMo-7B-0424-hf,OLMo-1.7,OLMo-1.7,AI2,2024-04-17 00:00:00,2024,False,6888095744.0,6888095744.0,6476005376.0,412090368.0,0.05982645760389704,206045184.0,2050000000000.0,297.61491073722215,8.47235776512e+22,,True,singleton,singleton,0,server/unspecified,21.954123509469127,13.556219204508738,0.6718477266191969,2.5519376252892503,2.041856129150284,3.2740371637612937,0.6081408925946399,olmo_q,1.1609367878905081,2.5519376252892503,ex post,2.5519376252892503,0.6081408925946399,0.42582218290885343,16.589988531053805,0.9988445923173721,3.8880808508444415,32,2.6539636935640263,2.6771471487772276,4.119196834034781,2.6771471487772276,2.863348184931542,3.493723558370144,3.047365754006383,3.047365754006383,3.3901215265558644,2.2744999233127627,2.0760201136671057,3.0705769186686895,2.6963628834543663,2.669752375048699,2.956448877307159,3.8880808508444415,3.663728973347646,3.1878915001330728,1.744728380603959,1.2489572951447216,1.6900309952237942,2.464393031508811,2.7543767545842957,3.109607042073975,1.4947297851541435,2.485082293438602,2.8433044667791356,3.757720174285843,4.616557428847605,1.4705569771980018,2.627025739702679,2.871833946547532,3.422931675282582,4.028272433764337,1.9492265588986266,2.686396045567359,3.5115328990084502,4.702069925506048,3.182099466513115,3.647157647543187,0.9988445923173721,2.001531490144477,3.7001390746522134,1.1609367878905081,2.5519376252892503,,2.1549337956673593,2.4889923246776515,1.5054499749245212,2.315657497347856,2.5835052768233373,2.52787747047467,2.5498584217885156,3.0232788112061426,1.9461497577651155,1.7820116993548976,2.9482182533164663,0.9875355820318068,1.2981052822245434,2.1590797513838216,2.538763029520518,1.881136232561392,2.3468007891740923,,1.07264573971207,1.2197404128006424,1.9537716351573895,2.3397008256362124,2.590349474584762,1.1775666193218675,1.8932971099263483,1.9756614346490626,2.7136191036386084,3.1692792246216355,1.2578080415636792,1.9403267005990408,2.0370184995985157,2.5571374752820337,2.8954427787293624,1.6971011490810035,1.9467909934052636,2.779335870213407,,2.9430760055905885,3.3423041928579464,,0.4730662236742363,0.8191453573268834,0.42582218290885343,2.041856129150284,,3.6798510558862683,7.960928397183644,4.821569904018661,3.5990915308426343,4.4502435119532935,3.668875016939439,4.345983109779296,3.825319927669682,2.584225745024659,2.4093392516142678,3.1548508954651697,5.97920406653518,6.952009134820045,5.523249096637954,8.148649737465018,5.909559478055648,8.78204555258121,,1.4193292533425605,2.8808211129504575,3.7614710903940227,4.106529913880824,4.863218721894635,2.035003509051164,4.379277184235775,4.528996432271359,6.224179029920378,8.270890060973933,1.8394382690214197,4.808929387739301,4.197658537808172,4.902150203520871,6.049928428707731,2.253070661019221,3.2434253468040017,4.508960864581531,,3.452780171363606,3.995653529240109,,6.8297710630037916,16.589988531053805,2.2766142391843367,3.2740371637612937,,
B:TinyLlama/TinyLlama_v1.1,TinyLlama_v1.1,TinyLlama/TinyLlama_v1.1,TinyLlama,TinyLlama,TinyLlama,2024-03-09 09:39:41,2024,False,1100000000.0,1100000000.0,968928000.0,131072000.0,0.11915636363636362,65536000.0,2000000000000.0,1818.1818181818185,1.32e+22,,True,singleton,singleton,0,server/unspecified,22.25058595312243,81.71388483936408,0.8477340696772188,,,,,,,,,6.567457328636474,0.8477340696772188,1.056504164165202,175.40381983578808,1.5696596330932688,25.54664642019187,32,4.978135398411477,5.016944113763448,7.731325462310534,5.016944113763448,4.939775898145599,6.6621906143623315,6.567457328636474,6.567457328636474,6.776529856776939,3.845808331405227,4.687692086220476,6.392684527538418,4.257882010744261,9.430826854112546,4.586798756167191,11.753537519221553,5.472080536118172,11.616343393710258,3.227865556908593,1.5696596330932688,5.682980007347902,6.2289685575472085,7.805471643778146,9.982570648419587,2.0684639414688144,8.657535476185624,6.616267167360635,10.954449418623769,15.89404102305359,2.02736748910507,8.403625833128032,6.912530833103791,9.535750509771814,12.851672994818276,3.324922485131954,4.483993872404374,9.592887836486675,11.954629457145296,8.034070737792097,10.270109234030887,1.723002807200046,3.6716479297762414,25.54664642019187,1.9039894526193246,14.847750227829271,,4.098932665107957,4.758526947380614,2.977844238760271,4.121048273681985,4.970857931896657,5.354109380904775,5.216069500225303,5.663101701523369,3.452669774317152,4.094332664689953,6.091863641897679,1.8125447000432393,5.2357270281202055,3.341985012974597,5.576600696628115,3.026211182074772,6.8548157084400145,,1.4278799048168578,3.9896874489450256,4.200825225632135,6.331724452564695,7.8974140142575635,1.5861705417243797,6.485051329054363,3.8665467134510028,7.537630870134708,10.318921106402861,1.6448649759045728,6.1203902299649275,4.291500017849634,6.935251796633295,8.96119237131027,2.6550325666464296,3.5962286825714296,6.362926710917944,,7.0908878543972405,8.93200308579693,,1.3327828131124955,5.314748791364668,1.056504164165202,11.082990626734109,,6.779621738551802,14.964708258323519,8.438655569172969,6.056626983335162,8.354387824120458,8.169861774068224,10.268941628988225,8.188724294838492,4.3858616191792335,5.283323337639771,6.60837095899559,8.546263986512956,34.17793513307899,8.12250583039913,31.057980840762394,8.769535890800826,43.6259232576339,,2.070320458025229,9.443973966868434,11.39488697534499,13.114472682586733,17.847381023210428,3.284323912048048,14.584674241986773,12.192527529351374,20.7013185586582,33.16040334462782,3.121590260457239,15.018190125042581,11.60765710262171,14.763768138049851,21.082647562029912,3.6510793407690207,5.356571903444096,15.194842198257215,,9.142829838102077,11.86687273876597,,10.348681541802707,175.40381983578808,2.6433470410008963,24.319083334534945,,
B:EleutherAI/pythia-70m,pythia-70m,EleutherAI/pythia-70m,Pythia,Pythia,EleutherAI,2023-04-03 00:00:00,2023,False,70426672.0,70426672.0,18915376.0,51511296.0,0.7314174379842909,25755648.0,299892736000.0,4258.22671274315,1.2672268412072755e+20,b1_research_suite,False,,common-D,0,server/unspecified,23.009047843849324,185.06748917389208,0.8926391687326101,,,,,,,,,9.314383916322583,0.8926391687326101,1.5314025641693416,556.7651712756503,1.885318258307461,94.77751826932116,32,6.4681110087167895,6.492840799401247,8.54813912356688,6.492840799401247,7.7855661998109875,7.908597944737712,9.314383916322583,9.314383916322583,11.598927231599225,6.422719391005647,8.874573762901882,13.320619814706363,5.18306159466708,20.446429913951434,5.32960292798812,20.256836133281244,5.821748421850888,24.025825120416133,4.775595585472634,1.885318258307461,18.23655952575256,13.100335185216203,17.992339333105242,25.430450886247346,2.6353115756686654,26.450069319307566,12.418455864374163,24.322905188716316,39.950673841817824,2.5788147962865042,22.78138397804118,13.349685847300112,20.547186390497597,30.653349416862962,4.612029141781903,5.369897096816497,17.75781485470873,18.492490287207367,14.17100440475774,19.367963891991835,3.487381398495793,4.437035745602977,94.77751826932116,3.2732504632444654,75.54590394916461,,5.720232635251955,6.373982193287263,5.097823619419606,7.006977550767492,6.409591844048755,7.60481930513708,7.45382528261234,9.216577120947159,5.212952322237223,7.272760687424444,12.443540487502789,3.1035178677974664,12.28034019583029,3.934656895265786,7.456963884933908,3.6740485089840185,10.090085211118904,,1.767061420610329,13.550277177547379,7.677672759768408,14.174614927533566,19.470492141724876,1.88736473732264,19.90692614997878,6.870554578640772,17.256660593885247,26.871294797618493,1.9282611215171617,16.30102243160769,7.547388878480971,15.388417296751786,22.095484043696494,3.61869838982819,4.784223753065137,10.462777968218493,,12.092603661821283,16.221316610985113,,2.2302601747285955,14.241658481671617,1.5314025641693416,46.980620500614556,,7.793391455853245,12.616057415231927,8.856146118241163,8.726008498688207,9.130074734458406,11.619645444770955,13.215735438108045,14.781457735087928,8.329226486855953,10.883480436052361,14.104320745071465,7.970179614290787,137.803492401226,7.011090728481679,60.758478744252486,7.8207652878756155,122.73405287012768,,2.9900810512154106,30.809699282744575,26.005224167809338,30.943002941978925,46.6682276937658,4.485693420868359,39.93688772959371,24.104129320261364,46.1281193156338,83.69361468390845,4.65602958448884,36.193380709073296,23.63467980537687,31.896619649410106,50.43657221476273,4.879790912782,6.01798018340667,32.03451000794697,,16.817002782325343,23.452721219472345,,11.596191702884333,556.7651712756503,5.194173369754125,182.22284171714676,,
B:EleutherAI/pythia-160m,pythia-160m,EleutherAI/pythia-160m,Pythia,Pythia,EleutherAI,2023-04-03 00:00:00,2023,False,162323040.0,162323040.0,85056096.0,77266944.0,0.476007250726699,38633472.0,299892736000.0,1847.505665246289,2.9207700348862464e+20,b1_research_suite,False,,common-D,0,server/unspecified,22.870849446698937,80.77993209443073,0.8469840527099411,,,,,,,,,6.535266537313185,0.8469840527099411,1.4491762197796543,189.06589231804386,1.697411147271578,38.95859325868468,32,4.837825830747493,4.858307873417265,6.385511702413789,4.858307873417265,5.020715710887032,5.866956775378052,6.535266537313185,6.535266537313185,6.856892780667735,4.212711775677607,6.103958157556734,7.394240834855061,4.197514012460303,11.434410410734534,4.35052798977275,12.160986024240957,4.834301828089156,13.240058198542638,3.5976510407682345,1.697411147271578,10.459267321314098,8.556282244799394,11.149947540483065,14.881902250452438,2.2697162247011775,14.918327539193486,8.42258225480084,14.872941489472513,22.630305804028843,2.2249199383343417,13.35857010383491,8.914661566014539,12.829353888030884,17.9829595962274,3.6065087021425883,4.2378972242324835,11.17869998047634,12.022993492370134,9.25052930100298,12.023241462053548,2.255076147966063,3.351707140916766,38.95859325868468,2.493239707633856,28.606582258117466,,4.298859616547807,4.751743653949027,3.7615514978658777,4.514939153625247,4.7863509190300455,5.5021739369108,5.322930855923192,5.723926909484152,3.6347014168447265,5.214996928629648,7.041984381797033,2.415475963394877,7.426567425951735,3.191187405772393,5.616039015322092,3.0065406369014926,6.999186766496776,,1.600720376990141,7.951527365537057,5.479242051097277,9.088588234406991,11.83731548106838,1.7142720294816567,11.589171809675042,4.988183551116339,10.878206014559447,15.766286601247108,1.748765372788793,10.048820948059678,5.520851710465458,9.972700089344139,13.520493407331651,2.913618584265928,3.750782000349976,7.169925095306666,,8.083731672978052,10.34109848270611,,1.9884124901265174,7.960786732653268,1.4491762197796543,20.083630319537463,,5.8014567689231775,9.452949394313327,6.6206937233698175,5.613921988650518,6.813355380604361,7.9222449038511575,8.941165484758717,8.295503617028688,5.00790740281547,7.108941981967891,7.702264352700063,6.713662833692568,53.73511155222729,5.796184712121525,29.217953892802345,6.398808132583698,54.94752303628864,,2.4019707580876695,16.59909873811082,15.460632348313446,18.0011357958583,25.444372798947693,3.5269962919183184,21.72589667306664,15.00598096381688,26.370058096201355,43.860814938689884,3.651615572770295,20.120750762154987,14.756701359590728,18.926042891157167,27.929422448941782,3.8462398700523113,4.736157412823826,18.351079252604375,,10.672203141763163,14.106704966847548,,7.601373236371475,189.06589231804386,3.3511645812901105,55.82221664465113,,
B:EleutherAI/pythia-410m,pythia-410m,EleutherAI/pythia-410m,Pythia,Pythia,EleutherAI,2023-04-03 00:00:00,2023,False,405334208.0,405334208.0,302311616.0,103022592.0,0.2541670304816711,51511296.0,299892736000.0,739.8653508168745,7.293407077890785e+20,b1_research_suite,False,,common-D,0,server/unspecified,22.720346151342472,32.56399994474372,0.774373029042514,,,,,,,,,4.432094247227324,0.774373029042514,1.3479788622757978,57.622342408769875,1.5129167355261564,14.70484907097653,32,3.5190302525131365,3.535512265492429,4.638389361384903,3.535512265492429,3.467748303092524,4.2294589971719745,4.432094247227324,4.432094247227324,4.3074142963459865,2.9516065758808248,4.050258440721126,4.500437879516502,3.3312779127191128,6.04777688982682,3.482828980387079,6.951948371834121,3.9433948337092355,6.890879541920563,2.6376048456559786,1.5129167355261564,5.687179794583126,5.364634209491554,6.5996566236002385,8.272546647565038,1.9270313655029194,7.964414109385057,5.5035912489254475,8.67530662356481,12.138828979699012,1.8925991810959213,7.442180908385769,5.726838722246574,7.65656503826007,10.023612984133537,2.7544544999444063,3.2694243061411115,6.731476753908383,7.500525054024619,5.796450603734974,7.130084536734987,1.5611473220950207,2.4646301930435364,14.70484907097653,1.8826436074278852,10.501054792860284,,3.120900257191193,3.4230744451730515,2.6776356687403102,3.098288025081574,3.4901630799805323,3.8342143256605055,3.7746009089168817,3.755983585098118,2.6738034600500207,3.6534044506224355,4.3325864571379515,1.7798138644009742,3.9265837972862077,2.591066304018363,4.0225681736495345,2.4483937330854157,4.682657933737018,,1.421030448063674,4.383718649432749,3.768416566290479,5.546706773994843,6.809503560608867,1.528907604118362,6.3253984834768175,3.535171327291235,6.5774109062790584,8.815615549505395,1.5593861135090024,5.861055325061265,3.869320705405125,6.117082999816894,7.773797361158644,2.2976488452331254,2.845345699268398,4.73631811733173,,5.209301541478537,6.327704864397051,,1.4513320545978345,4.223234940410394,1.3479788622757978,8.134965284208034,,4.219404971545902,7.0524649419696175,4.905395953089793,3.9360100242923637,4.91014921591774,5.181949218791298,5.92544790118705,4.976885670027417,3.285011901554532,4.522575752437684,4.623853276719904,5.459963498197641,16.372885465518554,4.956283769778339,14.257585731954203,5.307084822736081,18.19850417234929,,1.954361008416773,8.184712308592065,8.819533935532192,9.905117273653797,13.034361337224636,2.8219394084964997,11.650189975219995,9.022475578912925,14.235564796825784,21.513473627180094,2.797887859094335,11.146706121451777,8.721852706776982,10.677117605142769,14.6068457098953,2.9662703159925843,3.6833608956148756,9.945030899934421,,6.500538764287667,8.104923427702404,,5.2875734224807465,57.622342408769875,2.2752541246397215,16.59177336914019,,
B:EleutherAI/pythia-1b,pythia-1b,EleutherAI/pythia-1b,Pythia,Pythia,EleutherAI,2023-04-03 00:00:00,2023,False,1011782144.0,1011782144.0,805736960.0,206045184.0,0.20364579986104203,103022592.0,299892736000.0,296.4005025967329,1.820556692400636e+21,b1_research_suite,False,,common-D,0,server/unspecified,22.570892998139193,13.131979431259941,0.6673575161094594,,,,,,,,,3.0062305581179465,0.6673575161094594,0.9214269767366845,17.36154082164306,1.1748427405358215,5.552486607627838,32,2.560066160260437,2.5732086516899715,3.3697242008307238,2.5732086516899715,2.605012601142423,3.0493953279860193,3.0062305581179465,3.0062305581179465,3.165487906600662,2.241944527100613,2.6879756981016696,3.0659309666195433,2.6440509543067585,3.1995481196308924,2.7884384600953513,3.97504137889161,3.2169345905890365,3.587344852404486,1.9339911164618815,1.3485375331747649,3.0931340163083907,3.3641582015283213,3.9071597174467048,4.599623060408686,1.636192897155473,4.253013915550471,3.5968404230626305,5.0613533345627095,6.512858095257665,1.6100192708325394,4.147079184887471,3.679612595749694,4.5703876776873145,5.588421801709163,2.1039293332836007,2.522535741899771,4.05431710753466,4.680075677813401,3.632779872518722,4.229205293318892,1.1748427405358215,1.812554158974239,5.552486607627838,1.4631123962044135,4.271835562018214,,2.2346235999034265,2.465897566674839,1.8957500674665695,2.2885520686055987,2.528574542352964,2.640276020498417,2.6199142612513215,2.84116601978423,2.0734987077350104,2.4435708208616975,2.9810889770082327,1.3104616135496368,1.9493143379904503,2.1247218848678897,2.829033084500527,1.9787222390699175,2.8542337054076166,,1.2630866996852397,2.4051183933231575,2.5781893104666125,3.3905238569901344,3.92422089320349,1.3627527285877126,3.4658719312929525,2.5158405710176197,3.960672353978428,4.905855632200078,1.390628719513724,3.338033916485521,2.6844733991079686,3.7185125109540493,4.424356806907424,1.8234621457254359,2.142503413020334,3.1282885566436915,,3.3522214773424257,3.8657961730458306,,0.9214269767366845,1.956168092375991,0.9483240364969565,3.6470815694008483,,3.1168122802348543,5.065465253073497,3.6896519061166733,3.0040700097258193,3.5552303187682277,3.443208852418471,3.914281681887814,3.5477062112395017,2.460641857817354,2.932130166317466,3.1236355182749866,4.394830221107404,6.18437335955913,4.175236821939953,7.189956573122266,4.359460977052719,7.9007382983223335,,1.61836905661409,4.412302742521855,5.012691862665131,5.491546534653503,6.733722843714823,2.2154384726475387,6.11376657314551,5.418245363406722,7.732167673809631,10.627261836362635,2.1439858984710236,6.170698838768079,5.178635749993239,6.105345755985365,7.7569094686641735,2.234256304908348,2.8598588573204635,5.386006204732849,,3.9506872801173354,4.645000262026928,,3.883371841083399,17.36154082164306,1.8511347746392957,5.511759669826948,,
B:EleutherAI/pythia-1.4b,pythia-1.4b,EleutherAI/pythia-1.4b,Pythia,Pythia,EleutherAI,2023-04-03 00:00:00,2023,False,1414648192.0,1414648192.0,1208603008.0,206045184.0,0.14565118392347265,103022592.0,299892736000.0,211.99103614306955,2.545456300658e+21,b1_research_suite,False,,common-D,0,server/unspecified,22.51637967291398,9.414969867384302,0.6165153148284725,,,,,,,,,2.6076660650808354,0.6165153148284725,0.7595433497589674,11.351657524910058,1.0445122217456466,3.8860629997942606,32,2.278373500786969,2.2904456310260373,2.997421855205188,2.2904456310260373,2.31432129476396,2.7049470243249445,2.6076660650808354,2.6076660650808354,2.684293752676031,2.00090159703697,2.313049661708978,2.6158717800870113,2.429432163265743,2.533822603610414,2.5702616546869756,3.2388616375667483,2.9856722033399037,2.824216120702621,1.726155971659485,1.2928870569030053,2.4744937763951786,2.835438673057246,3.224380489180749,3.7095433059476264,1.5409911861224053,3.379623477596283,3.077781424958826,4.1545328683741305,5.184357369582479,1.5173984360239336,3.3472792174699135,3.1290448232999206,3.7831154620930394,4.511494366286051,1.906165557482699,2.2938665643326424,3.366967670197755,3.937311454415023,3.0611732081597607,3.4925762604461967,1.0445122217456466,1.6195369187798647,3.8860629997942606,1.3264332110567778,3.0106625977959918,,1.9862244337362027,2.1813196527474434,1.6481061437876172,2.021722157448886,2.224372569057382,2.297767406113368,2.2815675891198923,2.4468280922210646,1.8483274438949835,2.1046614973818794,2.5515322022805926,1.1730269040565173,1.495811748001559,1.9675561361636584,2.369438866689802,1.8171498842170997,2.2670870775834,,1.1969744044902053,1.9304321643416056,2.233920981252625,2.8222916278028736,3.1955865094714655,1.3030052953527806,2.7717761834227628,2.2285178144204583,3.288239066802243,3.956807728935054,1.3284093542592934,2.7252636704452815,2.3377293234118786,3.096978168007391,3.596726169883423,1.678590332842346,1.9026498236173122,2.690813265313802,,2.85194664107682,3.226830552807495,,0.7595433497589674,1.3715508919693944,0.7987735016869799,2.60558651596208,,2.7830266786251983,4.487658271668862,3.3113845372364294,2.688970734409545,3.158608860920335,2.9674406086131504,3.337767416449602,2.959734953857095,2.1851640842681284,2.518258793938315,2.6645083868648616,3.9873209485985583,4.765183518088056,3.902336677973191,5.439712993562341,4.032164777448168,5.980914572650892,,1.497404625225677,3.518324714723009,4.081613397526171,4.430561348326984,5.294885522366582,2.027342579360583,4.855899587629126,4.49397793216167,6.204095338567009,8.240060306799926,1.944746134640864,4.978995681625068,4.282647906024122,4.992084381924683,6.175759577429036,2.0488425703272477,2.6106256061711224,4.317033993422499,,3.293562726827894,3.79025753576449,,3.522621280268756,11.351657524910058,1.7478852839359598,3.6914814453845994,,
B:EleutherAI/pythia-2.8b,pythia-2.8b,EleutherAI/pythia-2.8b,Pythia,Pythia,EleutherAI,2023-04-03 00:00:00,2023,False,2775209280.0,2775209280.0,2517652800.0,257556480.0,0.09280614685750832,128778240.0,299892736000.0,108.061304839684,4.99359062371074e+21,b1_research_suite,False,,common-D,0,server/unspecified,22.407180236232108,4.822619521975832,0.48957076252146875,,,,,,,,,1.9591354228450917,0.48957076252146875,0.5030042296512616,4.778862901414018,0.8442809643007545,2.5698193714525166,32,1.802362709196748,1.8125104158848133,2.3687672902827455,1.8125104158848133,1.868176937855421,2.1257083446314042,1.9591354228450917,1.9591354228450917,2.0336258504816027,1.6286077943857087,1.710097831550368,1.9625865320837232,2.0492250797844416,1.5852228226126164,2.1819225040283476,2.1456671122923483,2.5698193714525166,1.74606207493852,1.3734538598551445,1.1878565894116284,1.5799621903805101,2.0106213771417574,2.1915074402060273,2.4073469556268985,1.3660255095031708,2.128952045739736,2.249894518138965,2.7934140478854617,3.27720769302261,1.3469989940879965,2.175788531943196,2.2588842980675827,2.5869192237187275,2.9336565756944575,1.5630417867057718,1.8949493174295762,2.317589371808962,2.7816824755552374,2.169735985071284,2.3771125615621886,0.8442809643007545,1.2914525659866631,1.8964065411091098,1.0995325784634822,1.5416417226300079,,1.559697996658039,1.7137935173960521,1.2783675962391006,1.613802385538962,1.7529652300306002,1.7346899686834159,1.7471233410101359,1.9026265717340887,1.4720656769049927,1.5520086864244411,1.9173047137609138,0.9317709749844886,0.8354713326525465,1.6909662611927845,1.56936860258708,1.5196537523179292,1.2958873014840904,,1.0703288271613105,1.2490933633235948,1.6875948154627054,1.9490713647460187,2.1111914194719716,1.1764929260304327,1.757736544863709,1.7340215053039874,2.241782227293122,2.5415956848587484,1.2044262910133305,1.7852557490295191,1.778652129997323,2.14369263212532,2.371305645606966,1.4214046980123938,1.524130620519132,1.9786610850332096,,2.0621355277824542,2.2457270351514187,,0.5030042296512616,0.7074118203156234,0.5753148237292658,1.3289223734707143,,2.209994256143278,3.5589301190358507,2.6961480326046723,2.1856193339191043,2.4901317181682328,2.207735168494066,2.4170795597096033,2.1815607968621866,1.776729128187896,1.8924205225220923,1.9954511569537081,3.3862136188212464,3.165629632021617,3.4293784458212144,3.5098812285905954,3.528468341142027,3.4919993823932325,,1.3078378839716607,2.266365811945288,2.7007333254389136,2.886540872945395,3.277153785640209,1.700176900092615,3.1459084335671648,3.121355298141136,3.9694644356683564,4.918441346500813,1.5984582252520823,3.278842679308132,2.955519389031456,3.312933881099912,3.8820051968480085,1.7213364141217915,2.1566997404336123,2.7559415289588514,,2.291760419565089,2.5270408883039392,,3.052114841421013,4.778862901414018,1.6137545914438245,1.7520534974052568,,
B:EleutherAI/pythia-6.9b,pythia-6.9b,EleutherAI/pythia-6.9b,Pythia,Pythia,EleutherAI,2023-04-03 00:00:00,2023,False,6857302528.0,6857302528.0,6444163584.0,413138944.0,0.060248026437955016,206569472.0,299892736000.0,43.73333898795722,1.233873130020982e+22,b1_research_suite,False,,common-D,0,server/unspecified,22.26142018479468,1.9645349948440667,0.25071299964740357,,,,,,,,,1.3346020944303372,0.25071299964740357,0.2627575172190493,2.9779852534437627,0.6402943235557708,2.1011523892801867,32,1.3158498343355467,1.3238444290543843,1.7269993809170947,1.3238444290543843,1.4200604463331108,1.5381967252780229,1.3346020944303372,1.3346020944303372,1.4348150400986133,1.2511553224034457,1.1400998373008864,1.3583598421105727,1.6306622994929234,0.8446113538682474,1.7512241660450043,1.2345141954057712,2.1011523892801867,0.9156080749519534,1.010547626031291,1.060149956785065,0.8651445840226925,1.26741676016312,1.3050089637338034,1.3472724157011018,1.1619685780793196,1.1448208807292766,1.4773745054231389,1.6395268500166365,1.7705356345547358,1.1479431027258535,1.2203427917969767,1.458534476626371,1.5530765606452082,1.6462460123359672,1.1974759003260698,1.4662759257202045,1.403755800826555,1.744800581219135,1.3669089043214613,1.4181931814672686,0.6428616063792145,0.9530183577543752,0.723869460602269,0.8594972082164068,0.6402943235557708,,1.1248342125194966,1.2547117947912085,0.9129993683908426,1.203990112325345,1.2640545082449297,1.1791018796386739,1.1873995889152702,1.3870356163622284,1.0898147393695548,0.9883276335731137,1.3195544033412785,0.6928507351601426,0.2953657707589963,1.3469552178425301,0.7240037345460415,1.199576674534783,0.5034283656227513,,0.916006448510508,0.680130705220601,1.1380501022515013,1.1761626478359972,1.199234599755342,0.9368211970219062,0.942052097770153,1.2269555412419315,1.3500527498951587,1.4145513032336776,1.028236524570493,1.0127021356203174,1.2168529938895938,1.3004637793429232,1.3464730662559263,1.1277381641790536,1.1398668898283937,1.3101689682182829,,1.3180947531790408,1.36169982031081,,0.2929181761125692,0.2627575172190493,0.3743722156365348,0.5063948589600679,,1.622624214969001,2.6069737178609165,2.044364503625628,1.6862114476832604,1.8091407942555453,1.5099231620994724,1.606347217509903,1.486987227080474,1.4031772510060727,1.3256726296922634,1.390410542793279,2.8090137073415247,1.8551270896251957,2.8843800380198905,2.115619481166939,2.9779852534437627,1.869212314896887,,1.1131050520183838,1.298698698182876,1.586186608517131,1.6500140518045527,1.7519694727003023,1.3535614311568143,1.7231171150314626,1.9119636737492522,2.2303065881836996,2.526568341326005,1.2680322381117322,1.917391436099553,1.796979710193988,1.945170009003285,2.124209333260421,1.3528722016969448,1.6974403547753123,1.5160930116501146,,1.4229346733121229,1.4833259066556388,,2.5155031663530094,1.617937732050802,1.5289904975251112,0.7719833476112697,,
B:EleutherAI/pythia-12b,pythia-12b,EleutherAI/pythia-12b,Pythia,Pythia,EleutherAI,2023-04-03 00:00:00,2023,False,11846072896.0,11846072896.0,11327027776.0,519045120.0,0.04381579655611123,259522560.0,299892736000.0,25.315793565753182,2.13153072698213e+22,b1_research_suite,False,,common-D,0,server/unspecified,22.173791041816205,1.1416989326728868,0.05506925417096029,,,,,,,,,1.0582786139767788,0.05506925417096029,0.14528422186427356,2.6633030185070687,0.37714008066810845,1.8604185768288768,32,1.0880059608387576,1.0949092247264296,1.4267830234780725,1.0949092247264296,1.2045543952191788,1.2650465833658477,1.0582786139767788,1.0582786139767788,1.1542499630064282,1.0680581052175688,0.892341658312156,1.0892010514364352,1.42035734536148,0.5773100225590261,1.5333043165077285,0.8839211013942959,1.8604185768288768,0.6198430729712479,0.8395055123690809,0.9897253568614267,0.6011982414421867,0.9589641328129723,0.9540208666983288,0.9486596373583756,1.0537328140517577,0.7868829952856868,1.1457613082295142,1.1881279318543527,1.220403740913806,1.0421987428926043,0.8604190565416517,1.1197087648325066,1.1409754256784024,1.161063726792515,1.0193935649345143,1.2557486832103937,1.0368089508020912,1.3162210360584594,1.0338737172173014,1.0379402968751688,0.5458611182076845,0.7931250193366726,0.4044646746681541,0.7409858361762498,0.37714008066810845,,0.9251282020825567,1.0201633700446064,0.736193440079402,1.0105548895702299,1.0359069608452625,0.93080151006215,0.9302478797195217,1.1388218832407817,0.9054661852679926,0.7506872943174646,1.054460016655893,0.5806505603866503,0.15750884644849086,1.1817901647214932,0.46846000205999544,1.0368987719397544,0.2916945579116274,,0.8233737837495214,0.45789558830555405,0.8792274816826697,0.8599072796759136,0.844508044845748,0.8056702032501964,0.6370376520568747,0.9903812397002133,0.9863285461672303,0.9842196556637908,0.9132751523882544,0.7047162372175292,0.9660361300399545,0.9578709034128011,0.9524303038516866,0.9697216513659112,0.9563366338824636,0.9999382178621655,,0.9999400784266779,0.999933017386154,,0.1984803397875355,0.14528422186427356,0.2867178847247638,0.27202432397483606,,1.3551433858442241,2.1599303290186946,1.7301981495832846,1.446945323769732,1.4951371985169608,1.2007785392952164,1.2677811192306925,1.170746843679763,1.2241164181538562,1.0623127681443765,1.1193220957710306,2.577789498368328,1.3787522551746967,2.597477883872194,1.6801496446370543,2.6633030185070687,1.537386949063384,,1.0418459835886598,0.9271194244664156,1.1675331275028957,1.1898500251976312,1.2148722007206525,1.1910921327020203,1.1952633132065265,1.4422654969612703,1.5928122368742061,1.7123744317445353,1.1232647491156575,1.3848961648120837,1.3542533912101924,1.4196725251738538,1.4870593050636636,1.161355842908725,1.4613809906366357,1.0838042529050733,,1.0737510693010375,1.0827927816961913,,2.2431754380731457,1.0087702914023386,1.4786066576174892,0.4782571153602678,,
B:meta-llama/Llama-3.2-1B,Llama-3.2-1B,meta-llama/Llama-3.2-1B,Llama-3.2,Llama-3.2,Meta,2024-09-24 00:00:00,2024,False,1235814400.0,1235814400.0,973146112.0,262668288.0,0.21254671251605417,262668288.0,9000000000000.0,7282.646973526122,6.67339776e+22,d_distilled_pruned,False,,common-D,1,ondevice,21.99196101093051,331.1504130944248,0.9162792493568642,18.465491709351493,10.918600984268188,33.44437647318223,0.9458449297890308,meta_mf,4.708799125417594,24.498927330208186,contemporaneous,18.465491709351493,0.9458449297890308,1.1734312527620876,1024.1550355911872,1.75928991913098,81.20121655229083,32,8.287563656756271,8.369907837843979,14.673373393761828,8.369907837843979,8.550000994079435,12.158023370891383,11.944470066477951,11.944470066477951,13.708834976431637,6.138223439401598,7.122843895874199,12.099353170199832,6.13359002466757,21.454475158128506,6.722793420659668,26.919650451487154,8.244828578211722,28.446116276593276,4.762835026551479,1.75928991913098,8.90184470508132,9.894083510888153,13.126376302797572,17.86552105392256,2.4686345455431398,14.694391904809553,10.478487587453817,19.613787760538195,31.155818777263512,2.412290244566865,14.245389042130158,11.121543872349308,16.60541273938897,24.084283540383822,4.708799125417594,6.974624483617616,18.465491709351493,24.498927330208186,14.690647323973726,20.163566435809802,2.432079488209044,6.3176129828320695,81.20121655229083,2.4510312106196546,46.59762643843528,,6.530523161145072,7.8817555290813495,4.23370557351106,6.855326161281649,8.302078968752888,9.18570130906515,8.870873995743876,10.723677214203112,5.359096748566952,6.01513867876338,11.365421750992699,2.303518698642404,10.642489798715804,4.745653524039476,9.160007072257825,4.177043563077091,12.511882337029773,,1.5628127451494098,5.766097929491518,6.053828899984316,10.155615405985731,13.404017970895065,1.7792962028992054,10.301116934906727,5.338644155952782,12.181762082193192,17.969041959054948,1.8579940343306767,9.576046461759848,6.103100395520755,11.042117787199777,15.17353222145152,3.5320974472099986,5.254625153065934,10.918600984268188,,12.501682338320816,16.8359411101834,,1.7870385311963968,11.156337395061756,1.1734312527620876,30.52964707987203,,12.323198446478735,34.62304774830792,16.00622760159491,10.946165163666873,16.156511539238576,15.839139377946196,21.551662818789577,17.76152972029787,7.252159930263723,8.288863312699071,12.646775467664856,15.62995286479485,127.07637073493682,13.032896395891136,94.26929062823099,15.034390697042937,172.28754388977146,,2.487306617976576,16.722293765337543,21.244205668043218,25.37672939017421,37.3751455774278,4.428085004359974,27.96357200661301,22.626713813983994,43.69121748487354,78.60598682713389,4.143475813854712,29.328351002809846,21.393224545192197,28.7313300165084,44.80742681186358,5.308732875480926,8.701033490455254,33.44437647318223,,17.33760666842213,24.26577039010236,,22.432704764198256,1024.1550355911872,3.5798183776033277,96.64048287783675,,
B:meta-llama/Llama-3.2-3B,Llama-3.2-3B,meta-llama/Llama-3.2-3B,Llama-3.2,Llama-3.2,Meta,2024-09-24 00:00:00,2024,False,3212749824.0,3212749824.0,2818747392.0,394002432.0,0.12263713441261714,394002432.0,9000000000000.0,2801.3385707059647,1.73488490496e+23,d_distilled_pruned,False,,common-D,1,ondevice,21.840894283378745,128.26116615736868,0.8744231134229374,10.873907107726703,7.038533585636029,17.607713658098106,0.9080367350858252,meta_mf,3.553918690964692,14.969517123683113,contemporaneous,10.873907107726703,0.9080367350858252,0.7233371248524004,293.8101545106064,1.5601493721373407,29.362824095496514,32,5.944515028110722,6.006387315008478,10.50973547684399,6.006387315008478,6.26876887917014,8.639329011335262,7.963248868941592,7.963248868941592,8.96985262934307,4.554814845446688,4.641788762852167,7.978472242223589,4.818543578492931,11.033828851847318,5.329522048981674,15.01478370618612,6.665380646088001,14.385539996968623,3.4444781515721337,1.5601493721373407,4.712276676923706,6.077262751584311,7.592246303402366,9.677726964616149,2.0808738534246167,7.631149958656909,6.719960512249459,11.172399012401181,16.26000030902577,2.037426484152792,7.734525749204187,7.006757997134513,9.687536896372881,13.08355569962444,3.553918690964692,5.319647061550561,10.873907107726703,14.969517123683113,9.01783946739881,11.685671468225769,1.786623797319807,4.583137729074969,29.362824095496514,1.8446030537725957,16.902764126407114,,4.6351407582254085,5.597973344289629,2.956588723245252,4.949260483046595,5.902999953741593,6.21289633624458,6.064757995793874,7.301446051693153,3.9358720297889644,3.955214659643606,7.546532136651243,1.6752623414497445,5.457385516151424,3.7507875890973943,6.4778292613218404,3.2484189260468996,8.162658516045486,,1.3592717935228407,3.0815873341803997,4.002872166600076,6.050643158536174,7.505910657582898,1.5691662929419472,5.400476991934308,3.735414472745022,7.188989539178877,9.769432935530665,1.6281711390530846,5.239109962216198,4.104772901582732,6.54346161760948,8.39013600804874,2.7896595866157776,3.9271721675557356,7.038533585636029,,7.892658864696519,10.068248099628,,1.0271152054442543,4.177578050628696,0.7233371248524004,12.10300994153688,,9.009583981080203,24.4679064227911,11.88789960974158,8.167770877118638,11.588419590041653,10.35999332567219,13.916016308750278,11.144005124628436,5.284869751176087,5.39126764781612,8.295061650995205,12.150253796639355,43.53332737774508,11.05928881933855,45.287966188700395,12.125954414105458,66.39321466978063,,2.0282145058807917,8.920082330741277,11.880111617358715,13.623970197099668,18.62555196258969,3.438576615585693,14.718802106044345,13.368628558170492,23.307322895132927,38.02952873386281,3.1377636728254283,15.791569462131545,12.415377453385751,16.011375980902415,23.111014385768915,4.044893826685126,6.642600405482037,17.607713658098106,,10.36272858969306,13.650218651843423,,17.280500879787695,293.8101545106064,3.2730406852464373,28.51894828899403,,
B:meta-llama/Llama-4-Scout-17B-16E,Llama-4-Scout-17B-16E,meta-llama/Llama-4-Scout-17B-16E,Llama-4,Llama-4,Meta,2025-04-05 00:00:00,2025,True,17000000000.0,108641793536.0,,,,,40000000000000.0,2352.9411764705883,4.08e+24,c_moe,False,,size-specific-D,1,server/unspecified,21.34893842247121,110.2134977350423,0.8660134297428466,8.814422483389757,5.9091653440710115,13.52840674972653,0.8865495723759056,meta_mf,3.1787080168527746,13.70937107176609,contemporaneous,8.814422483389757,0.8865495723759056,0.5312370867343741,209.14430230960798,1.4375206729059313,17.73723238274496,25,5.746848100456383,5.8233098431435435,11.54335378136145,5.8233098431435435,,9.010312594362937,7.463434567216343,7.463434567216343,,,3.5079173794502596,,4.677749311133561,8.472892696444676,5.341421255282249,13.241291506448032,7.087402086359044,11.56369045249654,2.993994568671025,1.4375206729059313,2.6191906991195593,4.359806132459727,5.228039237523674,6.372980103796881,1.87920546229917,4.45246725761942,5.1555013344505465,7.986154938693739,11.031646852509994,1.8403943937102671,4.844596455959554,5.30498147066229,7.0028231044142,9.06012069745358,3.1787080168527746,5.311599420631534,8.814422483389757,13.70937107176609,7.4312669095836785,9.412622360074488,,4.663107702016527,17.73723238274496,,,,4.2187839212989395,5.3016268709818615,2.29145614760944,,5.586037145184412,5.504034387433166,5.605163740397101,,,2.8268165233899927,,1.279774568557837,3.494634109863765,3.5799259326307173,5.980624692499639,2.946514239886529,7.062408431692723,,1.1622970957195946,1.6194744635985605,3.0168228168763505,4.0981149192866475,4.852061372194824,1.325823752761699,2.9956405478895887,2.9116608573529055,4.854949304498465,6.206948364295316,1.4733147054578328,3.1307402221730842,3.0895139079188394,4.4251117201547485,5.387705517609082,2.5259853605817897,3.3997696725115354,5.9091653440710115,,6.512260218924307,8.121261755508526,,0.5312370867343741,1.7011126721079102,,,,9.475125169912511,32.83771657731883,13.899342557789936,,13.101863592650192,10.087652160741959,13.671002973392676,,,4.277616616875319,,14.691792776745325,36.124332614937,13.2583527645966,39.40452088934834,14.20851396691402,56.373076804094886,,1.7711694783850143,5.744787724313012,8.477584500247218,9.720360700417656,12.76243338635702,3.238455920122997,10.16650720887976,10.600100481433815,17.243909026919315,26.848352556108864,2.64550540362894,11.699734983072876,9.522132195401829,12.207143732680281,16.998601465331223,3.88862639092538,7.032852805860264,13.52840674972653,,8.498698748759974,10.936268620628937,,26.32708439441195,209.14430230960798,,,3.057698210494134,3.3970126567051473
B:meta-llama/Llama-4-Maverick-17B-128E,Llama-4-Maverick-17B-128E,meta-llama/Llama-4-Maverick-17B-128E,Llama-4,Llama-4,Meta,2025-04-05 00:00:00,2025,True,17000000000.0,401583781376.0,,,,,22000000000000.0,1294.1176470588234,2.244e+24,c_moe,False,,size-specific-D,1,server/unspecified,21.44121955176141,60.35653167650675,0.8266826351715283,6.622285446207914,4.6657791442492345,9.625660603663398,0.8489947302750858,meta_mf,2.7306217777816615,10.064613366252782,contemporaneous,6.622285446207914,0.8489947302750858,0.4725877254167797,100.69054083303106,1.3658385758205647,10.66263440701431,25,4.618004905544743,4.675609531649943,8.804475814566311,4.675609531649943,,6.977720834873313,5.769762314293652,5.769762314293652,,,2.9095285948528558,,3.99900966476129,5.917760200318574,4.537059055613537,9.2597065573927,5.960068024527958,7.837089493403602,2.5251102128024474,1.3658385758205647,2.124795610828699,3.5427317247004555,4.140887751582392,4.908801760114946,1.7372010606081036,3.495382452365857,4.202965068610752,6.165230377742846,8.180444196586063,1.7035305984753035,3.813343142383478,4.294131213222733,5.47252068367506,6.852938649562328,2.7306217777816615,4.398141274077041,6.622285446207914,10.064613366252782,5.709745182740954,7.010967310706081,,3.70034194476375,10.66263440701431,,,,3.4502244101664026,4.266869249655016,1.960236428514715,,4.4942179056046125,4.372590919213385,4.435968203021565,,,2.347115754739403,,1.153336850264521,2.508714153349864,3.084131667627649,4.786288610637481,2.564595696960293,5.17059029042703,,1.1068379415035003,1.3589844989621946,2.5544095746820883,3.308336952358872,3.81786396889302,1.2463035766198625,2.415533119039141,2.518414545217061,3.8991858524895635,4.8179606148908976,1.3825471364406754,2.579205706161946,2.6419263003633864,3.5875136499879683,4.2482808632564275,2.22951026653577,2.843918173873812,4.6657791442492345,,5.077279044137213,6.148709751051549,,0.4725877254167797,1.1797811192902692,,,,7.383194716451313,23.193851394758493,10.579387554070335,,9.900657036175982,7.583810932951967,9.95136296843858,,,3.5535223154743614,,11.413737118627513,21.22750425690113,10.560785997929473,26.53491037806667,11.595855158960532,33.48444086641743,,1.6371454992014385,4.4577102035574026,6.427778683266392,7.301674116839421,9.263954804705108,2.8533124580512297,7.599882987875525,8.058825775289726,12.504476585742237,18.520212077413223,2.335529156504405,8.784301728615349,7.304127755788493,9.108147512598917,12.201073772762715,3.3242662817729913,5.714168419058709,9.625660603663398,,6.444707467248964,8.027148913529297,,19.330023318495545,100.69054083303106,,,1.559075926529505,1.5079054648120525
B:Qwen/Qwen2.5-0.5B,Qwen2.5-0.5B,Qwen/Qwen2.5-0.5B,Qwen2.5,Qwen2.5,Alibaba,2024-09-15 12:15:39,2024,False,494032768.0,494032768.0,357898112.0,136134656.0,0.2755579484152759,136134656.0,18000000000000.0,36434.83016899802,5.3355538944e+22,,True,common-D,common-D,1,server/unspecified,22.027488795582624,1654.0619090590405,0.957902825447965,,,,,,,,,23.754563355883434,0.957902825447965,1.8270912469569751,8130.582029075762,2.0948930636243897,388.8452122245655,32,14.690505452342485,14.843925389361603,27.669857186634676,14.843925389361603,14.749971192260542,22.69818024217235,23.754563355883434,23.754563355883434,26.358769184751367,10.086309009653947,13.34446427323556,24.03721283598541,9.273164494578895,61.5733184734563,10.151453403172024,71.3667448577054,12.36077240857294,85.91300094457853,7.919496572390691,2.0948930636243897,20.88944798211279,20.091308671374488,29.08846537532416,43.547779989182246,3.1859629938330873,36.48419185992837,20.33816009100774,45.439101769389175,82.25078354349692,3.1026432910506614,33.78679052574158,22.1396004876924,37.068886139632944,59.79259349165705,7.356920739571571,11.257415212802433,42.7611939895077,56.24458075040672,31.851327543372076,47.89156927026432,3.8123790197528846,11.240078089978436,388.8452122245655,3.5705456680646828,199.44779872014212,,11.439029834862051,14.067535127134198,7.1549862653018055,11.716832583815592,14.711740390103635,17.357955769196227,16.820279842131317,19.392537816992544,8.514430613785041,11.077636864129401,22.3221415949412,3.4514805120309706,26.763327822491455,7.064463723227622,15.967019867712835,6.204060022503841,25.156368591481513,,1.878143847692559,12.914432651353989,10.725645505836113,21.142208662599657,30.46527483870603,2.1241621304437963,23.751157234084545,8.847176958262853,25.909702237283334,42.97726329570232,2.2361365986655914,21.402664223396044,10.598996033249676,23.134941434124183,35.05996296754371,5.119949251304995,8.352285768252445,21.591160378668686,,26.014489002301627,38.19329055174937,,3.8009035761267462,31.25431905582464,1.8270912469569751,112.242496022849,,22.663921246339193,72.79768211544072,29.08318952897855,19.083061387161496,30.83678627937735,33.58328327006442,46.31601597999511,36.43281207090651,12.210463187405898,15.991949506978528,25.467396194087623,26.43754133953721,817.876408110587,19.250167099006013,337.38233716474014,23.673492042909416,1169.633648181446,,3.306402632500854,40.7015503737775,51.10798922658905,64.12389531366573,105.52779896986355,6.570485386882053,73.58975751341038,52.234521892809894,117.45888532525937,246.44960646816486,6.261832606581289,76.75079449110615,48.69547605351498,70.85419569961404,124.51945536058219,8.528106846864532,14.12895782050471,91.31869372523266,,39.43418159988562,60.804210121552515,,43.29233410544985,8130.582029075762,5.060726398297626,561.9302454937244,,
B:Qwen/Qwen2.5-1.5B,Qwen2.5-1.5B,Qwen/Qwen2.5-1.5B,Qwen2.5,Qwen2.5,Alibaba,2024-09-19 00:00:00,2024,False,1543714304.0,1543714304.0,1310340608.0,233373696.0,0.15117674001937598,233373696.0,18000000000000.0,11660.188645890788,1.66721144832e+23,,True,common-D,common-D,1,server/unspecified,21.847164877323852,533.716329389422,0.9317299007690578,,,,,,,,,14.647700988645516,0.9317299007690578,1.0708328693649285,1851.8416746407413,1.8152891547540557,115.59969092123634,32,9.884197458950526,9.99299448360288,18.58501835216926,9.99299448360288,10.099871467103164,15.10216111021476,14.647700988645516,14.647700988645516,16.609243433015713,7.008369949145595,8.008066032539443,14.461191945541,6.9542691739866305,27.861101108464208,7.695685425679732,35.57362501544754,9.5919520992074,38.10245354778188,5.38093350629259,1.8152891547540557,9.783403367078275,11.235364278633766,15.141406338782774,20.9634429741312,2.5986118822893984,16.701477657982807,11.973842777202124,23.225022526403244,37.87440566645011,2.536659752664905,16.309403963071542,12.761154635379823,19.494537867004706,28.881252405608034,5.259749396269059,8.149879472955138,22.740299161160294,31.257231498268172,17.798501613882085,24.987977519659676,2.616645451997371,7.665521062483379,115.59969092123634,2.5240321964606,57.863746737657685,,7.611194236300663,9.363701578741871,4.658635135635025,7.917196292999477,9.91499980448019,10.975758068550972,10.598354421311614,12.76069764716505,6.059310427556301,6.677227955552919,13.522300459481709,2.4325229813512252,13.157400546693562,5.307192279895705,10.805891430277232,4.6237588994962495,15.414119519479554,,1.5913164455576505,6.116470991213325,6.6672248705358665,11.51485062700499,15.42830998351853,1.8356069661813454,11.375022409653718,5.828113409960772,13.848211225266297,20.838507506378924,1.9209895225870335,10.575650592173863,6.690910971388604,12.490757348296775,17.446484461119667,3.8641401938169446,5.9452783687795,12.97148290838655,,15.000387238327,20.639383363992714,,1.905719147383327,13.199459235410684,1.0708328693649285,36.868227520576376,,15.347698281969135,47.68127335106563,20.397911400631372,13.255056467562184,20.668463598869323,19.90108434445708,28.074305711545065,21.93184398825846,8.372582793785869,9.420696730299188,15.17998031602943,19.744747961074278,195.24281164004654,15.60953246072673,138.97673723754576,18.41629834636061,275.03233235057434,,2.57694534624563,19.598145968928755,25.559839970452035,30.80920640146027,46.44233464670079,4.859735649077727,33.18755429195275,27.464376872492334,55.17716991723801,102.93948111590419,4.494788530144169,35.92033999256619,25.718344084657893,35.25873587283018,56.497238135124796,5.985975607902117,10.35198964984175,42.94005819399242,,21.24096099855158,30.448857128012968,,30.578987169075475,1851.8416746407413,4.0438879887565,125.6028091860532,,
B:Qwen/Qwen2.5-3B,Qwen2.5-3B,Qwen/Qwen2.5-3B,Qwen2.5,Qwen2.5,Alibaba,2024-09-19 00:00:00,2024,False,3085938688.0,3085938688.0,2774773760.0,311164928.0,0.10083315304027196,311164928.0,18000000000000.0,5832.9091468974775,3.33281378304e+23,,True,common-D,common-D,1,server/unspecified,21.738259283146036,268.3245733212783,0.9084019200347244,,,,,,,,,10.917259405209094,0.9084019200347244,0.7673723092609319,749.0953996748093,1.6638783813171993,55.293807564277564,32,7.768122935296507,7.856291276253686,14.590916150649612,7.856291276253686,8.11389144225808,11.788571926563868,10.917259405209094,10.917259405209094,12.448443819481913,5.678155189206678,5.870843276088899,10.780137945407729,5.838107338090537,17.203778103957582,6.503131615511303,23.297198138136196,8.221446851284043,23.24246814393038,4.254214246545028,1.6638783813171993,6.168915075857782,7.8909231587984054,10.180737704821253,13.441151317945378,2.2958223629492,10.385973865944852,8.676760399391307,15.443823304450941,23.63697205453934,2.2443215135152794,10.474617690724806,9.128929522110878,13.189739574420557,18.556018938259758,4.289117084346897,6.696739819941485,15.49043865454728,21.869767436583402,12.494754113120013,16.825511761984433,2.104991280222886,6.074123427266266,55.293807564277564,2.065412980639417,28.295095050085585,,5.939172627874531,7.3064745954769466,3.6001546955285755,6.293136241106637,7.796419407332204,8.305119859892654,8.058585211860123,9.8262392416409,4.871013781387114,4.927701520617499,10.129649770480887,1.9305742911271033,7.937137108347636,4.467532077263482,8.550203839555191,3.8648622343106203,11.270908781771329,,1.439988369521717,3.883520937372974,4.927756547570283,7.893844936407969,10.109210169411684,1.674554743889011,7.121547758806656,4.522011714736529,9.461427565967798,13.418567138571655,1.7453204261994983,6.800061603121443,5.004694281159971,8.56072380724215,11.37407350906622,3.2565191435731595,4.817265184700731,9.424347596044035,,10.73788645972826,14.20379265898902,,1.2682307266491,6.4754884306613905,0.7673723092609319,19.11889831731544,,12.275378651507038,37.126865283664856,16.440960315206752,10.781383534757582,16.278293858906622,14.711864950990437,20.44832533501493,15.975383235013958,6.716314809649658,6.847602832388745,11.273652731955815,16.449642932803652,93.12595577673315,14.060966717899607,83.83663137158601,15.784805462219559,135.54927642117116,,2.2380002204362963,12.482943812480547,16.80098605183588,19.47700379376644,27.791454546774062,4.045576848083773,21.088211267557632,18.66699903310694,35.11601116554167,61.06784117028648,3.6742545248683744,22.942662894119287,17.30606177749567,23.046492540932952,34.90822260755992,4.902133442990157,8.512657897306578,26.94739807176672,,14.62815516045207,20.06770953315752,,24.98496817293822,749.0953996748093,3.7668192328251817,53.098180819013535,,
B:Qwen/Qwen2.5-7B,Qwen2.5-7B,Qwen/Qwen2.5-7B,Qwen2.5,Qwen2.5,Alibaba,2024-09-19 00:00:00,2024,False,7615616512.0,7615616512.0,6525621760.0,1089994752.0,0.14312626565196462,544997376.0,18000000000000.0,2363.564390569986,8.22486583296e+23,,True,common-D,common-D,1,server/unspecified,21.59704426961411,109.43925293959762,0.8656090705564851,,,,,,,,,7.440978376597239,0.8656090705564851,0.48885165163257394,230.62690018984858,1.485226673642092,21.13391823629585,32,5.673720899406029,5.740655629920986,10.642432500921814,5.740655629920986,6.321934586777824,8.534192648877898,7.440978376597239,7.440978376597239,9.076258008977476,4.467030973708518,3.916195377688877,7.712757252744439,4.647108179102628,9.174156330389303,5.221029897077324,13.414277754132902,6.723932707174863,12.198807775607476,3.13144774394352,1.485226673642092,3.380727597090913,4.977282997940719,6.06679231426958,7.52834600009491,1.953306528792826,5.58970760035036,5.700816257135184,9.07101777033294,12.780856599420506,1.9130820026420008,5.879608429909572,5.897984149677979,7.924113521626098,10.421135293263282,3.287176890935831,5.183636906755481,9.388970556219993,13.726529033489713,7.87655150516981,10.045282219755881,1.6426534447045382,4.484228761175951,21.13391823629585,1.608548128864555,11.597551967133832,,4.29782273232984,5.286935107814096,2.5518107371363437,4.839110400902813,5.519057000907776,5.656159083129979,5.639944063463215,7.379891537101533,3.7553349500108797,3.2664470267053343,7.251471048295127,1.4287904352309855,4.1434421656782385,3.6005841664678977,6.055468934529038,3.047792488605562,7.303655230888277,,1.2506216973672037,2.145540185312598,3.411072060693231,4.8071283380750645,5.801296470624931,1.4493217175512565,3.864248722041275,3.2177983229482328,5.725509983676879,7.510089764925337,1.5361338242673386,3.9576783984619337,3.4664941702048795,5.173688519664562,6.430761354582228,2.6061291525405297,3.559828212316838,6.25247252756657,,6.914277024305241,8.683687798365948,,0.7135872251522491,2.5608280065552664,0.48885165163257394,8.344760488410014,,8.940856630190206,27.207661730243604,12.419340817350632,8.519750949250003,11.895856154780601,9.869883424931484,13.40119868355681,11.289364214008174,5.224699388646402,4.6658470168300035,8.038615464696925,12.96411821781647,33.98522124602756,11.978548058930924,37.47339599494603,12.931595864627976,58.43147886576783,,1.8863487703675959,6.795540183449259,9.70078884790046,11.036966729563362,14.71315460930491,3.254902357806286,11.784422868069084,11.393748582093725,18.88025391532914,29.813408927291224,2.8248999439497777,12.945304724740323,10.507154854003465,13.383694500786222,18.865294527624194,3.881322117246508,6.676836369134935,14.676605731631774,,8.975432074166095,11.624259552202275,,21.05975709201761,230.62690018984858,3.5844705143670264,19.042049071317035,,
B:Qwen/Qwen2.5-14B,Qwen2.5-14B,Qwen/Qwen2.5-14B,Qwen2.5,Qwen2.5,Alibaba,2024-09-19 00:00:00,2024,False,14770033664.0,14770033664.0,13212898304.0,1557135360.0,0.10542530879907952,778567680.0,18000000000000.0,1218.6837491015756,1.595163635712e+24,,True,common-D,common-D,1,server/unspecified,21.49407827322451,56.6985815167384,0.821988507519126,,,,,,,,,5.6176148296012,0.821988507519126,0.36094724526220406,93.47197633683338,1.3387418878742887,10.439845314077113,32,4.506237838196045,4.56087799570732,8.44406994008257,4.56087799570732,5.145696886936243,6.734184557195047,5.6176148296012,5.6176148296012,6.748712708310698,3.664969687284476,2.9102365149148866,5.851295283605234,3.931182278312583,5.785488448033779,4.44453679955988,8.949006621537277,5.802167796305677,7.603725693298824,2.5012973771353737,1.3665363420884047,2.175104016780676,3.5500804360275056,4.150537877671238,4.921612885082098,1.7350744728701808,3.548916316040999,4.189602219153662,6.1404086443092325,8.142399950430558,1.7016880344052192,3.849911835745276,4.281437490198073,5.453656297212242,6.826195742936277,2.704562732387646,4.296089781376073,6.503852343157858,9.755096150236742,5.615574224694205,6.8818351822318915,1.3387418878742887,3.5895936588739086,10.439845314077113,1.340336498325182,6.049786157692621,,3.3911136750470177,4.1714401959173415,1.966005055318365,3.896180935866686,4.383971133978955,4.285767975445915,4.348029525992109,5.642031688403458,2.9963761300377065,2.368705796395238,5.514846686701894,1.163414220388873,2.4954545244868536,3.047263241996886,4.689568271965238,2.5435209853105873,5.060875981035223,,1.118007701920492,1.4059294623962297,2.5649157435864387,3.3284951967993375,3.8439214975412512,1.2622279450586953,2.4712995657927794,2.5270151361532234,3.921175321771138,4.849370007292177,1.3877045888011168,2.606103081687449,2.6525854510878752,3.611763019234941,4.2808112768302875,2.2134325363951235,2.8152993178127934,4.601822512195192,,5.0043467877168855,6.050062784690614,,0.4919180245825541,1.221048722694348,0.36094724526220406,4.583059089390722,,7.107495503751972,21.66214132596863,10.09884738237034,6.9954260803422095,9.461226679646323,7.33851704510758,9.553140954605489,8.151792368125072,4.339323617520851,3.5265233815947212,6.0880014470245865,10.882126639063898,20.16347654549804,10.13728418467246,25.084433951624693,11.172749149811539,31.481861276759158,,1.6373944339899942,4.473933356716406,6.363910284868918,7.246314358972813,9.185343995179561,2.8192782373816723,7.5718917996655675,7.963962987578464,12.265227004904487,18.11137805388618,2.3286999910551285,8.671732618456492,7.221329670021131,8.97928169478984,12.005786946723182,3.270556936665017,5.547792666363312,9.406855904400496,,6.3244590286886,7.859909894463561,,17.974578657383972,93.47197633683338,3.4540491847969474,8.720713139798137,,
B:Qwen/Qwen2.5-32B,Qwen2.5-32B,Qwen/Qwen2.5-32B,Qwen2.5,Qwen2.5,Alibaba,2024-09-17 00:00:00,2024,False,32763876352.0,32763876352.0,31206740992.0,1557135360.0,0.04752598084765225,778567680.0,18000000000000.0,549.3855429869253,3.538498646016e+24,,True,common-D,common-D,1,server/unspecified,21.370882098126632,25.70720012699356,0.7503784263709476,,,,,,,,,4.006064001046801,0.7503784263709476,0.25049675966951,35.0923771378058,1.0434082307338615,5.499633285668202,32,3.415627588146336,3.4583921117770386,6.39270615055476,3.4583921117770386,4.004270346292561,5.0646012898464,4.006064001046801,4.006064001046801,4.874223065524283,2.879793998610471,2.0363175852950777,4.179368496762371,3.214615782724773,3.322847724230475,3.6619796118346426,5.499633285668202,4.859281516908146,4.3063063158072215,1.9089627283994233,1.2362732387166193,1.2797049018615647,2.3644168623160597,2.6291722676008935,2.951768081399109,1.5046376503853702,2.0549141051160302,2.892562357673244,3.840380911932206,4.734100229507296,1.4781339335378876,2.3134541801744457,2.9124933460217406,3.4795240126357485,4.103768877309757,2.1388957118746603,3.427460613498694,4.1820511615410725,6.468788811010996,3.7381277423897297,4.366533913791499,1.0434082307338615,2.746659785544367,4.469891025211722,1.0745849739519324,2.750085181705126,,2.554061751742352,3.141201504349729,1.4368116111674734,2.982184878667213,3.320823368732421,3.0714727052929867,3.1634772717348456,4.201226968325952,2.292701056968763,1.5876249606062722,3.924652552511058,0.9086666066076929,1.3060825174774202,2.517411763060512,3.1155575176792567,2.0587702325188637,2.8396653244854795,,0.9483459862017762,0.8035087800855005,1.826191564168766,2.135859542766585,2.3390045041000875,1.0492811784041056,1.424659391539308,1.8728180502698673,2.498369485010053,2.8806299759712597,1.1875468133588434,1.5806230243894717,1.89104034855571,2.3087716329795205,2.579108953512012,1.8186660173307576,2.1631112111618815,3.197072111305912,,3.39271717749458,3.918036212651388,,0.3022334620732438,0.5730670357533478,0.25049675966951,2.0356581802770193,,5.40669312720594,16.467875797357017,7.8987162785003235,5.541802162778384,7.180594564024182,5.207056527651107,6.6487738212413,5.701087097465245,3.480651387550034,2.563618037077991,4.3553639860726445,9.34002584258766,11.854328579205573,8.293549822400584,14.58640202752535,9.37114225684865,16.61033136589728,,1.413535790530938,2.7420651303228363,3.977026211743487,4.453623092672857,5.325755532591742,2.3706136108336424,4.4458269295098845,5.061202692316377,7.473713885127043,10.217880945411942,1.9327568107878563,5.4090138186650405,4.681749301825574,5.613305133708651,7.05290319238097,2.6618576323979974,4.418987524418652,5.534326655780597,,4.158144378609517,4.918491404184666,,15.144764805230718,35.0923771378058,3.299985429877228,4.103897989470616,,
B:Qwen/Qwen2.5-72B,Qwen2.5-72B,Qwen/Qwen2.5-72B,Qwen2.5,Qwen2.5,Alibaba,2024-09-19 00:00:00,2024,False,72706203648.0,72706203648.0,70214787072.0,2491416576.0,0.034266905036906437,1245708288.0,18000000000000.0,247.57172148810363,7.852269993984e+24,,True,common-D,common-D,1,server/unspecified,21.248334714323654,11.651347026325492,0.6499056462106391,,,,,,,,,2.8563728297133966,0.6499056462106391,0.1702738937833237,13.382676253339307,0.7527166371498021,4.069281073586771,32,2.5886327046633397,2.622065925099272,4.839059194160632,2.622065925099272,3.1604666587129158,3.8084427574084696,2.8563728297133966,2.8563728297133966,3.5175939703192185,2.2938410909377316,1.424590198193654,3.0424192669705166,2.6284150580673713,1.9079536390609964,3.016934361224025,3.3790404990242116,4.069281073586771,2.4381897821625893,1.4567146414146472,1.1183746934384717,0.7527166371498021,1.5744434192510262,1.6651012281855684,1.7699166263237927,1.3047180902509803,1.1895431841904327,1.9967199529336277,2.401351133761892,2.7517687232970305,1.2838637059350932,1.3898476847126062,1.9808963161272046,2.2195263851632427,2.466512539814452,1.6913532849721948,2.7341702555063514,2.6885492714849977,4.28874927309608,2.4878898831405896,2.769980311390234,0.8247494030878585,2.1014056355449133,1.9130525689585782,0.8668278455212245,1.27779310507538,,1.9098381475463813,2.3802805806046416,1.0499076764222774,2.313273907227132,2.5135636046159497,2.1750861948593587,2.258648471386929,3.1261146335717247,1.7655571540302308,1.0613180908276154,2.845831504080928,0.6993808012129628,0.5673213227806678,2.077375316696216,1.9429175774051897,1.6666779405753342,1.4162190319327483,,0.8230704978444795,0.4554186170200178,1.2827320784390268,1.3752683731533542,1.4287492345603798,0.8146666526021779,0.7970167677426765,1.3717288452233913,1.5761892964034128,1.691741836398624,1.0330387531851455,0.9297388957618643,1.3528254080994915,1.4991875226711402,1.5817148467719029,1.4941684898075678,1.6746001505739292,2.2155346678869248,,2.2846456964363924,2.5182728597731314,,0.19914035301107294,0.2521668058617147,0.1702738937833237,0.9150084639702042,,4.074223923219145,12.517508636263058,6.233090473036382,4.43264243725724,5.3738297321630935,3.7390229748303643,4.625790931930693,3.9836763237108936,2.840876891366655,1.888513034538555,3.1881918364835538,7.7634432406306875,6.731368272861288,7.007612875778116,8.361123372483773,8.00564666380166,8.74902737018615,,1.2500269611547636,1.6726353148309894,2.5162763830151316,2.715139312921001,3.0600480485303923,1.986223386728266,2.6085432051075848,3.3714064566771054,4.526023657736009,5.723647320170757,1.5774476648024032,3.3715289945257427,3.053077079276912,3.5435030780979297,4.189315307526189,2.1662369402669666,3.55388565547063,3.2838853912217405,,2.737449343936081,3.082363277831145,,12.763496913064452,13.382676253339307,3.1378010712122864,1.8346403843347971,,
B:Qwen/Qwen3-0.6B-Base,Qwen3-0.6B-Base,Qwen/Qwen3-0.6B-Base,Qwen3,Qwen3,Alibaba,2025-04-29 00:00:00,2025,False,596049920.0,596049920.0,440467456.0,155582464.0,0.26102253985706436,155582464.0,36000000000000.0,60397.62575590984,1.2874678272e+23,,True,common-D,common-D,1,server/unspecified,21.88794379051658,2759.4015378492704,0.9661741943229899,,,,,,,,,29.563227837013635,0.9661741943229899,1.7578407316541946,15362.111114487016,2.1710370029794226,574.4254108275021,32,17.733663476217682,17.93756707217954,35.473983196101074,17.93756707217954,17.88697147509389,28.54712865247395,29.563227837013635,29.563227837013635,32.68860675516776,11.810326025209601,15.238325248315027,29.758857035577627,10.606577029004184,81.91690354960863,11.719069574027666,96.33271304697527,14.492026129249387,117.96551147593405,9.0533040005946,2.1710370029794226,23.495324515170505,23.22288296499282,34.22849128176377,52.25088216412287,3.374610781820504,42.4673136540364,23.619010209637683,54.91758658587908,102.38010272885258,3.282701969531637,39.550772930961294,25.833920324722936,44.37950606842487,73.3103819199416,8.302221311954616,13.28453655694791,53.68427806585852,73.05720375274268,39.2804286225783,60.53925954279096,4.2100590617378595,13.79832199060232,574.4254108275021,3.766326590549432,269.8412095201057,,13.507473820314642,16.931578282217835,8.003358449324475,13.94854553928881,17.795135918892917,21.07811731608051,20.335013737158167,23.56881879229517,9.872161336534987,12.50020093665483,27.48961025076833,3.688038999272677,33.404940374517366,8.00131125954706,19.013318918415,6.950166428513579,31.071241708305454,,1.9278122891547058,14.014916535687668,11.964789492004824,24.47657456545192,35.89384497320609,2.1939272721907197,26.841719318116407,9.802821269742296,30.100505088698252,51.10626569852903,2.3264112432535957,24.28234234107197,11.734509250060665,26.760476729445266,41.34318715126337,5.649527450152415,9.55170890134052,26.01552615304056,,31.684940587704368,47.611994921730066,,3.976830296578166,38.13275561605714,1.7578407316541946,148.83536899390072,,28.51515493719224,103.2495662015622,37.46587897449621,23.63148240246141,39.858966791549264,42.95938488195599,61.35076054677288,46.154153638451746,14.446742957853733,18.39592034102479,31.66899984205535,33.06926346861758,1318.2805727508312,23.643419569228545,510.72658931566457,29.353218069245372,1963.859692011826,,3.4978459716699835,48.456566563618,62.781966738577395,79.60792687697105,134.4466281650718,7.277594923240302,90.95972162832854,64.31953434214665,151.50534595189455,330.71825671320823,6.861771205225984,95.29597927298742,59.85061901964834,88.64581601660946,160.47422694791854,9.720387019517817,17.00400099062593,120.20505077419601,,49.179019644894446,77.82919908765558,,59.19632192691772,15362.111114487016,5.267904182573624,801.5648855518504,,
B:Qwen/Qwen3-1.7B-Base,Qwen3-1.7B-Base,Qwen/Qwen3-1.7B-Base,Qwen3,Qwen3,Alibaba,2025-04-29 00:00:00,2025,False,1720574976.0,1720574976.0,1409410048.0,311164928.0,0.18084938601362055,311164928.0,36000000000000.0,20923.23816291514,3.71644194816e+23,,True,common-D,common-D,1,server/unspecified,21.721178904747088,963.2643906976172,0.9469580830536385,,,,,,,,,18.85301394765291,0.9469580830536385,1.0741239823610793,3878.1815517777686,1.9001114335201674,185.80627574697922,32,12.265195755657052,12.41266176252351,24.495677403542448,12.41266176252351,12.738935922310777,19.53978025984793,18.85301394765291,18.85301394765291,21.560405587618096,8.52232629283691,9.475253031615184,18.87303045741212,8.115073058360142,39.16842450510117,9.05689288961053,50.40103141976333,11.445953964025898,55.36202547760416,6.318914620845126,1.9001114335201674,11.600076158272461,13.52240864639819,18.64480613853504,26.465279603043523,2.791776185329529,20.526311326597998,14.42740910311873,29.411246016743046,49.75646580712329,2.7217386153173098,20.08395768416382,15.47231725448497,24.40621731358317,37.24928857271099,6.075760793596131,9.835979866268552,29.831231550889065,42.29415119193995,22.856702915805336,33.049313215732106,3.0047086182068767,9.66410869412147,185.80627574697922,2.760030456472078,89.0158198023292,,9.246425189616653,11.57697827002385,5.367254339856207,9.780079385298263,12.316055963400222,13.780265473408619,13.24646792181117,16.164142729950658,7.2893396682851455,7.792755607959496,17.53988795258727,2.6654781851812053,17.690838578195258,6.13856154923157,13.233695587828507,5.271684399143927,19.899493706951386,,1.6504093972350857,6.991884535116558,7.708367605304847,13.897637913565692,19.044982076703004,1.9211834888161667,13.542252307908932,6.629878602714879,16.756930182469493,25.97418402543759,2.017795028081142,12.554023430211588,7.690535397183754,15.024989252074656,21.50552785044171,4.3481122169265545,6.96369883428665,16.228385800929743,,18.994768380236632,26.872666874303977,,2.168935407544499,17.558623439546878,1.0741239823610793,53.938039963504714,,19.8489819267078,68.68267272042499,26.93370547173607,17.074902174853246,27.54305847304494,26.367119547768453,38.52906318435001,29.21402049512372,10.314325901203533,11.28476748259873,19.899633614984456,25.703684430971975,349.38289484379754,19.402333560068595,222.60290211985898,23.3408395103139,520.5035131258284,,2.7554964302799156,24.65284214222414,32.947917195791,40.3251556977303,62.777642442769704,5.496859997136819,42.96390678294483,35.464813196336905,75.09862479129346,146.9840143045908,5.040347410432539,47.27409487453203,33.00327675947919,46.415106682914946,77.1293873480466,6.992924239851289,12.728441824519338,59.44218431130953,,27.6538838862178,40.89361809854165,,42.805791800308306,3878.1815517777686,4.649628503931373,211.24477997298078,,
B:Qwen/Qwen3-4B-Base,Qwen3-4B-Base,Qwen/Qwen3-4B-Base,Qwen3,Qwen3,Alibaba,2025-04-29 00:00:00,2025,False,4022468096.0,4022468096.0,3633511936.0,388956160.0,0.09669589682682223,388956160.0,36000000000000.0,8949.729156534248,8.68853108736e+23,,True,common-D,common-D,1,server/unspecified,21.58850073013408,414.5600136114067,0.923944454730504,,,,,,,,,13.148285196780728,0.923944454730504,0.6991665572276746,1281.4684052497096,1.7076737231635768,75.22856670347471,32,9.128496087937384,9.242090320608758,18.207747377928204,9.242090320608758,9.662999193693963,14.42196489116328,13.148285196780728,13.148285196780728,15.27077441904358,6.533983485720616,6.475700974637847,13.025867260328091,6.548447048467479,21.68871492310559,7.367583284158715,29.995947416337888,9.474528867924281,30.200647053680502,4.737389362498889,1.7076737231635768,6.590332315020677,8.768113184857917,11.460507912035364,15.346803867241965,2.3983666868868676,11.464856602560582,9.72062704800424,17.83433037435306,27.913360766380052,2.3423343860106915,11.670276516691949,10.261304997551049,15.117129848434292,21.654923686967894,4.7312583285065895,7.731274336232177,18.631587158036112,27.296886195619514,14.812381821750607,20.350433163645747,2.283118675851925,7.265410651618711,75.22856670347471,2.1428354327499637,36.082631737158785,,6.821982915529523,8.548652219326765,3.9130178697428417,7.3302756704896135,9.162379231908599,9.7422850438918,9.448190774685346,11.825199495299547,5.515571208963974,5.369217539167613,12.158646762694184,2.0091347285351477,9.469617712320847,4.9701429128829515,9.920390714672536,4.245367410091497,13.552176312285985,,1.456318644617856,4.0063086010279,5.330398893069051,8.741067306784815,11.331673827128471,1.719194776211838,7.640871669146247,4.82190485194542,10.498115730847672,15.131495018063411,1.793679569405201,7.350532575633208,5.391738806038767,9.458415763147046,12.733716611445526,3.5254225099189247,5.380397092275443,10.95602748276529,,12.579305711338895,16.95283732014226,,1.2564936641619748,7.333227382124489,0.6991665572276746,23.521470773190824,,15.025896131343723,50.71701248683023,20.67600551553747,13.15610300476169,20.531094148758154,18.15580296041319,26.120477352309283,19.99754305141028,7.814081422564038,7.691077783526803,13.67720904388451,20.548308388146648,137.41087255945132,17.069569539888278,119.87822203037946,19.011588486398875,205.56592641498824,,2.338682068398,14.09521791854985,19.654818084504917,23.026323346480744,33.52108673537364,4.390177761618173,24.819284681625188,22.075577556469216,42.94118610813878,77.04886176407621,3.936702054671009,27.16512252332726,20.308148276007465,27.599790234899846,42.81449074235631,5.490226777751735,10.030052694842642,33.574527967928944,,17.54555497739676,24.591341964749056,,33.823117482472135,1281.4684052497096,4.321101782283731,71.25467745210234,,
B:Qwen/Qwen3-8B-Base,Qwen3-8B-Base,Qwen/Qwen3-8B-Base,Qwen3,Qwen3,Alibaba,2025-04-29 00:00:00,2025,False,8190735360.0,8190735360.0,6946075648.0,1244659712.0,0.15195945874144323,622329856.0,36000000000000.0,4395.209760506778,1.76919883776e+24,,True,common-D,common-D,1,server/unspecified,21.478026402973782,204.63750616761655,0.8971543794837444,,,,,,,,,9.723311454394326,0.8971543794837444,0.49769844437219085,487.8421285334189,1.5616133704040145,35.283733662454395,32,7.1283343249885,7.219551318689284,14.202925788588736,7.219551318689284,7.998174137371152,11.183611291726486,9.723311454394326,9.723311454394326,11.869804116342632,5.447941984807112,4.708359279974129,10.107018248012258,5.4718703757478835,13.221611105473327,6.198023280093552,19.424214925858916,8.087531219118633,18.181492430356833,3.722064094781736,1.5616133704040145,4.1048120309695655,6.100432882468004,7.624770294888175,9.724160295159749,2.111931525430116,7.039918263647284,6.983833359978262,11.731057447817225,17.20307865261605,2.0656455622955967,7.407316168806644,7.275436547701279,10.122193854839784,13.750217860504243,3.837253059318476,6.319640495633017,12.562550548896242,18.91806701998293,10.300962130750856,13.559301507207445,1.8919895810654161,5.721517518463366,35.283733662454395,1.7612295792986339,17.924013881139473,,5.288440104067515,6.626646314277745,2.971651390580613,6.007077513028512,6.980713520270272,7.2155846379363835,7.147722767385612,9.411414951541927,4.521726852181434,3.888470324157555,9.432814734346623,1.5851745163666036,5.810846686585188,4.196955830206506,7.611928421346581,3.5100033329795606,9.812400842651805,,1.3000905079687413,2.5134360742610715,4.004970968343787,5.918885937511991,7.323135224736374,1.533565932579515,4.7213519439827145,3.7012949017148435,7.065804826143447,9.576261912606467,1.621363201634193,4.8003313113549835,4.040992707372478,6.354863447348016,8.116836710277385,2.9584608052845054,4.2669933700546645,7.937068446455969,,8.902383923316119,11.518555712005304,,0.7882880845265227,3.5328744435792676,0.49769844437219085,12.17393584524811,,11.70788796198507,39.708616413269695,16.576991867383583,11.006575385693322,16.01893180458197,13.248569503904973,18.850318481908737,15.161242955101217,6.4564644563307665,5.673979188826019,10.585641072950263,17.036076072818865,58.00532276612012,15.310213668805,68.3822826971825,16.10602389662465,105.11188465292351,,2.0450055621247003,8.713744454920283,12.673622393675915,14.779540744431015,20.403260905517975,3.7105215044258255,15.697863255264766,14.905148989377883,26.338195298789582,43.79958354982932,3.2008225567766075,17.425127249930092,13.75710303978026,18.023466267002345,26.426038621599847,4.56840402143302,8.292687030666679,20.810201174799808,,11.923459303992724,15.967894410112514,,29.775867980594565,487.8421285334189,4.133272066606008,32.546394935763374,,
B:Qwen/Qwen3-14B-Base,Qwen3-14B-Base,Qwen/Qwen3-14B-Base,Qwen3,Qwen3,Alibaba,2025-04-29 00:00:00,2025,False,14768307200.0,14768307200.0,13212482560.0,1555824640.0,0.1053488811500346,777912320.0,36000000000000.0,2437.6524345322396,3.1899543552e+24,,True,common-D,common-D,1,server/unspecified,21.386876332764874,113.9788904468361,0.8679236578309063,,,,,,,,,7.571378670676145,0.8679236578309063,0.3777859213129872,218.17810509547886,1.4500530022664602,18.836741819075808,32,5.806956052945183,5.882961456867785,11.55981766247488,5.882961456867785,6.629830522280657,9.05794758987835,7.571378670676145,7.571378670676145,9.291549628111259,4.548781863014286,3.615158465019044,7.857570813140818,4.714925829634109,8.772027421810497,5.370585976232629,13.548866455044235,7.09303198585072,11.93817246117898,3.0475159956787685,1.4500530022664602,2.7723467405699,4.5160818777280705,5.439010559204736,6.661632087301702,1.9006039563782142,4.698866872440868,5.309515962628466,8.289591482800517,11.517386374219882,1.8612312675265938,5.081681753888037,5.470906598963176,7.258958128666024,9.436256217433742,3.22568096226697,5.346994551146776,9.061146006621584,13.959705706496774,7.622752423868157,9.684152507293684,1.5701376015351012,4.693616039440352,18.836741819075808,1.4945196805815146,9.977322833790312,,4.282118899336357,5.365840327141828,2.3562274773492686,4.930287305440259,5.641471690578251,5.601005348814152,5.684857385015888,7.53834889854113,3.6937280397305354,2.92670909155948,7.3538317942402776,1.312592190859967,3.6721370579388277,3.6224885630402803,6.080061513569639,2.987961497329441,7.161539241037793,,1.1814110643656204,1.7184373642845299,3.117060697894675,4.266272984189865,5.075534063351763,1.343009173408913,3.1720421369766134,2.9913986280941525,5.064867631320682,6.5180836480495605,1.4916268005675097,3.2628510622773583,3.180499212471838,4.607771106873005,5.640209351941377,2.5582583490775064,3.4628650110160484,6.048897561465201,,6.676242342989479,8.350194464109462,,0.5625888666740044,1.8666335826649505,0.3777859213129872,7.2042789256191275,,9.519202530890677,32.41844098934641,13.840895827072481,9.205231079596073,13.092417641261644,10.215211351676517,13.888511020320625,11.583985557157352,5.421268724139771,4.3854125594134565,8.21612932595697,14.584342988405123,36.62742076791953,13.197080614754105,39.67693948887822,14.141182610537646,58.25108372718365,,1.7938401809707443,6.004077938520296,8.827437979935958,10.098919450466452,13.320255952462762,3.2651578128687637,10.610819295569021,10.91133996148073,17.834491291695695,27.91365178708475,2.695970207516822,12.09060888849818,9.82563282562115,12.61288607590726,17.63976705250727,3.922763823881665,7.055644457556316,13.998241788849407,,8.717368581560304,11.251289262064173,,25.878256212543345,218.17810509547886,3.990619196758478,16.227819143716353,,
B:Qwen/Qwen3-32B,Qwen3-32B,Qwen/Qwen3-32B,Qwen3,Qwen3,Alibaba,2025-04-29 00:00:00,2025,False,32762123264.0,32762123264.0,31206298624.0,1555824640.0,0.04748851676867927,777912320.0,36000000000000.0,1098.8298807714295,7.076618625024e+24,f_instruct_only,False,,common-D,1,server/unspecified,21.264284875163543,51.674904057312126,0.8147872883201878,,,,,,,,,5.39919744671066,0.8147872883201878,0.2606708970474355,81.60973954208994,1.1981843849041292,8.326165555972588,32,4.401445892647041,4.460794523250467,8.751334572718893,4.460794523250467,5.159165104042446,6.812087306019844,5.39919744671066,5.39919744671066,6.650194538016058,3.5742427058617308,2.529485687477701,5.612340518201742,3.855438708557989,5.037919556868427,4.424909545132405,8.326165555972588,5.940288893918719,6.76077808284399,2.325780780222316,1.311818338305474,1.6310190053384215,3.0076937842845424,3.445234498382585,3.995192966515633,1.6481643264512138,2.720646868095756,3.665659063392991,5.184345546577851,6.696073563256458,1.6166995427738322,3.0535144781415617,3.721528267733705,4.631171216423206,5.672654037890863,2.5509729508757233,4.265805604676508,5.826215425688872,9.256642407056034,5.074084782253132,6.144385730059383,1.2237506700207992,3.59135131302973,8.064535289726038,1.1981843849041292,4.535264875623693,,3.2213579399184655,4.035896597511097,1.7219541363244892,3.7800722126800665,4.295665301673058,4.041454040820155,4.131949721879111,5.5673436202792255,2.8451474117384508,1.97621385073831,5.245101894496933,1.025159586125811,1.9777803008639423,2.9701678223818426,4.375964300826006,2.423505980645899,4.2778381837765895,,1.0124360033549782,1.000187270888252,2.2221392905531934,2.7410347398719517,3.0927458159258636,1.1412829641871207,1.8326414505280169,2.2191045074464633,3.2103520925208167,3.8487126506803606,1.2892283922892407,2.0484549569731194,2.2770857346103313,2.9525936445986107,3.407445961444784,2.1019591657179557,2.625706312668867,4.1988259966642705,,4.5319688624099985,5.415331772738018,,0.35973963828287153,0.8151745989637547,0.2606708970474355,3.210387479158512,,7.3285200620792095,24.644434141227176,10.765501277301164,7.2838691274587815,9.938611997304983,7.186755250896374,9.549331936931818,8.02111445859875,4.347200333510942,3.1726826363416936,5.868822415203358,11.80806792718514,19.593296208134028,10.796668569911555,24.553305618323922,11.86074959613466,30.675542626249847,,1.54433015305316,3.641124092777548,5.48542052024115,6.175421074350413,7.679444378868533,2.698862414932718,6.229865529853744,6.9393168025608665,10.824625400891774,15.676589446996507,2.1774031704874752,7.541262811142126,6.36185628731089,7.8531522409435786,10.315525701339036,3.1926268046320434,5.621919341598901,8.22884113810279,,5.7291946580306625,7.037668867992312,,21.69669437754534,81.60973954208994,3.790355984100301,6.981936680885657,,
B:Qwen/Qwen3-30B-A3B-Base,Qwen3-30B-A3B-Base,Qwen/Qwen3-30B-A3B-Base,Qwen3-MoE,Qwen3-MoE,Alibaba,2025-04-29 00:00:00,2025,True,3300000000.0,30532122624.0,,622329856.0,,311164928.0,36000000000000.0,10909.09090909091,7.128e+23,c_moe,False,,common-D,1,server/unspecified,21.619357891094374,504.59828474298365,0.9300729735941876,,,,,,,,,14.300622397363652,0.9300729735941876,0.7638143186438512,1659.8953704439552,1.7507155570461288,92.88024281393821,27,9.779183931464242,9.899915839405473,19.511455902937907,9.899915839405473,,15.480026615843547,14.300622397363652,14.300622397363652,,,7.076561320646491,,6.8842130379724065,24.892926990931187,7.73081239148695,33.85339097921678,9.901371831931243,34.7834084275508,5.0664416449237075,1.7507155570461288,7.518833604667274,9.699893689412354,12.837323089107157,17.425590909545924,2.4848104950781096,13.132101947290444,10.657928023393836,20.040263312683674,31.93990953463459,2.425759082514595,13.244731248998404,11.29223716322512,16.903059671570922,24.573694027220522,5.015323674239536,8.177631168025123,20.79238562508137,30.230454184109917,16.388599983100892,22.785883655530064,,7.76504498349465,92.88024281393821,2.257666849302587,43.46898226472895,,7.323135306521608,9.176770626940247,4.212162764819178,,9.838541321287817,10.583656968501998,10.237980779846184,,,5.856856606805649,,2.1465685803575028,10.952068243332144,5.211142214723954,10.469452056739497,4.4755961564728075,14.828549868797493,,1.5002200935999703,4.561567230314946,5.812239190009045,9.70486161736878,12.739649524443426,1.7628758859376923,8.734243784740466,5.212257823462317,11.720806494442277,17.185709878391123,1.8432361363928174,8.276389103761462,5.837378455812756,10.5498453905526,14.409844991684448,3.702050757660416,5.713860353653295,12.007331299430048,,13.86501581826984,18.901076073435323,,1.4499331319419784,8.988614041406253,0.7638143186438512,27.915547340142233,,16.106768825882813,54.29239952617455,21.990522808761657,,22.001989985734042,19.84761292584987,28.6008613380879,,,8.36032913981095,,21.64909415469049,169.60205871065645,17.58698112457964,138.5994981687405,19.956203791001887,249.273592823222,,2.4226851086206183,16.118687777055463,22.214529938680066,26.183725257997853,38.70850932155061,4.6263884978532746,28.195304414106694,24.639287498625276,49.067729242948275,89.88646702074911,4.1701599302096435,31.018815518085816,22.776822175424233,31.065648351434536,48.95129481233915,5.778483296915898,10.585102615022809,38.356871100477655,,19.488023705589157,27.653913128215898,,35.298052729489875,1659.8953704439552,4.374559419862227,89.1565820536979,4.571357058516077,5.563152677808302
B:Qwen/Qwen3-235B-A22B,Qwen3-235B-A22B,Qwen/Qwen3-235B-A22B,Qwen3-MoE,Qwen3-MoE,Alibaba,2025-04-29 00:00:00,2025,True,22000000000.0,235093634560.0,,1244659712.0,,622329856.0,36000000000000.0,1636.3636363636365,4.752e+24,c_moe,False,,common-D,1,server/unspecified,21.325467253195853,76.73283857911294,0.8435850827946101,,,,,,,,,6.39325211345981,0.8435850827946101,0.3129644706211508,134.38522870034936,1.3344097410105213,12.323005760987177,27,5.055302574861354,5.122469096689221,10.057446453993249,5.122469096689221,,7.854698252597185,6.39325211345981,6.39325211345981,,,3.0237635332126827,,4.263402399327012,6.647004573688264,4.874675413275406,10.620144627199036,6.490884353787453,8.982896220274002,2.662154153337944,1.3791764157166968,2.126208317195761,3.685202346476299,4.32841092542763,5.158381401304483,1.7698371896923062,3.5750634822437464,4.411338112001358,6.554982451696234,8.780890156420638,1.7346115080075692,3.9387475272647063,4.511862242752949,5.797521216744541,7.3155582244256685,2.868419277589013,4.775679636928304,7.2651621853038675,11.366535448153506,6.218681966397691,7.713106604684391,,4.10543113599581,12.323005760987177,1.3344097410105213,6.659530007714251,,3.7136224344766577,4.653325151513714,2.014147793590257,,4.921652219731761,4.759191834446482,4.837599042232962,,,2.402183025260251,,1.15994802421644,2.7104383080388503,3.2523316954957697,5.217533178233739,2.6809812414820136,5.806554697173183,,1.0983470819001868,1.3144103619580467,2.624133889027527,3.4214113939051063,3.9642722993705,1.2426189070900526,2.4227469198263147,2.57988794186122,4.0285787790232765,5.003174681269647,1.3907118181012126,2.6348420387654374,2.7007646973164707,3.701925723550551,4.402016431467996,2.3188185033931994,3.0069117767214717,5.030849748304297,,5.489476505819324,6.7093233375076755,,0.4498313278392765,1.195438142763478,0.3129644706211508,4.88969138949817,,8.33859464700626,28.263826152107896,12.18382965990066,,11.406707723274314,8.550900467014449,11.445878427079265,,,3.748004172295334,,13.129871553184257,25.5182057049122,11.936193608611251,31.941245969705115,12.950400427057836,41.7901283755551,,1.6637350008202147,4.6683665465841395,6.9139720814811305,7.88187497981284,10.092047158819287,2.9947372059685313,8.129543180627198,8.722828582356597,13.841112133702818,20.8261644188633,2.4178780622750256,9.547812531783759,7.896985236702513,9.972563926172585,13.520284374401808,3.538765043337608,6.298931784354922,10.770508578687753,,7.066383221407291,8.897505529114333,,23.578401406057715,134.38522870034936,3.8726736030405235,10.08340329750136,2.249883282453929,2.3395565598653376
B:google/gemma-3-270m,gemma-3-270m,google/gemma-3-270m,Gemma-3,Gemma-3,Google,2025-08-14 00:00:00,2025,False,268098176.0,268098176.0,100326016.0,167772160.0,0.6257862791278371,167772160.0,6000000000000.0,22379.861323636906,9.651534336e+21,d_distilled_pruned,False,,size-specific-D,1,ondevice,22.300904943561,1003.5405011713976,0.9478786975991979,,,,,,,,,19.186013279372897,0.9478786975991979,1.8763928862726806,4457.23526009473,2.059289690674531,303.51239893227427,32,12.157196356932895,12.26198256329497,20.824603035667305,12.26198256329497,14.306825004377078,17.65620377598855,19.186013279372897,19.186013279372897,24.282044883115613,10.232477797137847,12.445570111649907,24.786988396755934,8.112629038155829,48.72090698399596,8.725718451135657,53.73613206678503,10.300948336581431,65.01930898383802,7.125418958016055,2.059289690674531,21.36569694725147,18.74152712160088,26.90247900031387,39.9002293557335,3.076179692007344,35.56439078510262,18.56605574441573,40.48300536322342,71.97542628155298,2.9990617113889173,32.16751490389947,20.175753298690985,33.262648844789176,52.88930702517123,6.662158742312985,9.464450488331147,35.47927858298276,43.682377603232645,26.81706000458764,39.5128146938868,4.28191928145271,9.023763781343577,292.5852021318912,4.221088693672433,303.51239893227427,,9.912293619048887,11.753836390043693,7.052478392982697,11.881031099638905,12.125660699634876,14.466348379943586,14.15926402490867,18.002714343020763,8.418956088921277,10.412248376450304,22.938601248905364,3.4869011551365303,22.670667111335696,6.151954278362173,13.39498452043756,5.522242721595926,20.451510108736596,,1.8763928862726806,13.939877068978342,10.137765124021977,20.046497339623706,28.702925256911907,2.090145833848361,24.075219590399012,8.51732008402222,24.538505237724618,40.3601431604801,2.175399995736333,21.317815738199023,10.240333275508592,21.969953318005206,33.06759723881413,4.733311121294021,7.450310862472003,18.568596655816684,,22.127605575107328,31.873089384971838,,3.947480322257299,26.89366604110893,2.4567290891758033,163.6006345598117,,17.541381748271036,45.91189391163941,21.464699477646988,17.61782448298109,22.94021162631827,26.087940119259596,34.10401470817227,33.29101879790324,12.62520577656806,15.131427443738376,26.306209296331698,19.70735822086124,581.1982080133175,14.924294525070968,218.4804408400228,18.657578223379403,696.5695883603371,,3.2430449007830835,39.17273758810879,45.398197526267595,55.57394163357864,89.90366139864688,6.071648054249492,68.00722174116918,44.47651616252305,96.58629392407045,196.5829687577098,5.934322700367869,65.46925941418665,42.36071205505073,60.356322305282674,103.84320804041255,7.640178038770825,11.479705330882746,72.99085834351871,,32.92850038845694,49.705636664860506,,31.3034566794212,4457.23526009473,5.715595486336438,976.4354811944486,,
B:google/gemma-3-1b-pt,gemma-3-1b-pt,google/gemma-3-1b-pt,Gemma-3,Gemma-3,Google,2025-03-12 00:00:00,2025,False,999885952.0,999885952.0,697896064.0,301989888.0,0.30202433327116096,301989888.0,2000000000000.0,2000.2281220168595,1.1998631424e+22,d_distilled_pruned,False,,size-specific-D,1,local,22.26590975505961,89.83365800098674,0.8537767740515584,,,,,,,,,6.838858830488397,0.8537767740515584,1.270856663222128,198.70252937446287,1.5886063992723425,28.27853959063685,32,5.146124729064942,5.186000815978123,7.993376277021256,5.186000815978123,5.436149573329999,6.893462491953464,6.838858830488397,6.838858830488397,7.811829854920925,4.216613304435004,4.892528976494402,7.269049170569278,4.361750826222989,10.078456682164612,4.694438418184011,12.459281198995763,5.589551807701679,12.434929776906916,3.3340540660898044,1.5886063992723425,6.055746183693453,6.539692266345919,8.244187666194437,10.612909156838928,2.1040695448599194,9.243065934247722,6.916444629976843,11.587840745818463,16.960633072571017,2.061856206920801,8.932205643848782,7.23898417937625,10.063063771528398,13.659299646969645,3.4196922431886545,4.606961616292584,10.11391030491388,12.557529025667657,8.435365010019037,10.84520579522059,1.8950086846431031,3.791256735156857,28.27853959063685,2.115180698578526,21.609227821090897,,4.241118375891463,4.928956579956254,3.0856543465274915,4.557258542244421,5.137533613509024,5.573469456471592,5.416787610580597,6.4418072436708105,3.7741105411863587,4.274187051670681,6.911608315222919,1.871067021207217,5.5789610018304545,3.41929821600867,5.750609090642611,3.1058578803879047,7.158750338995543,,1.4508786190153666,4.247399883739011,4.375160669017216,6.6601032551876385,8.357433241533217,1.6059835309521924,6.915195348806858,4.002374862471352,7.94644663412477,10.968291804068476,1.665404100757757,6.505279061332569,4.448549893844726,7.303389846636887,9.501685136808312,2.718351501490683,3.701988144307962,6.635443861346871,,7.428543315724036,9.408766145800088,,1.4103728307501004,5.8626084606570705,1.270856663222128,15.518544073253208,,7.000670459372242,15.538897169276126,8.693127192870772,6.628611727432561,8.640462447065854,8.523292397701976,10.72721408887542,9.573482438788977,4.828004380545338,5.53332651751304,7.525944152166926,8.7642259116688,38.34614129062901,8.237033018797588,33.312833074189655,8.977036880970616,47.874101627720215,,2.1111847215894874,10.037720521005612,12.092923045148213,13.969815446738858,19.155768899763945,3.368343948794806,15.685333846779987,12.827821869118699,22.088514583938558,35.74112095094556,3.2094880403263883,16.076409205830952,12.239300544397917,15.655122473022058,22.529606208403965,3.7609337300688237,5.5051518726143716,16.183024108272818,,9.631745128543953,12.57843841095528,,10.668533707040238,198.70252937446287,2.792199869257197,38.39144348344067,,
B:google/gemma-3-4b-pt,gemma-3-4b-pt,google/gemma-3-4b-pt,Gemma-3,Gemma-3,Google,2025-03-12 00:00:00,2025,False,3883079472.0,3883079472.0,3211826992.0,671252480.0,0.1728660164800253,671252480.0,4000000000000.0,1030.1102588404608,9.3193907328e+22,d_distilled_pruned,False,,size-specific-D,1,local,21.939035781874626,46.953305928399416,0.807044045090296,,,,,,,,,5.182529870446142,0.807044045090296,0.6298347255977302,82.39436522421317,1.4212980526410919,12.032955826875165,32,4.136798269747929,4.175593243380011,6.812201901009131,4.175593243380011,4.486236837580623,5.707527460435037,5.182529870446142,5.182529870446142,5.968612932211892,3.410375798445001,3.3084131061065474,5.369508831389223,3.7134412500787297,5.9430678214763555,4.07882262920019,8.232423619225928,5.051882318967631,7.4137275719055635,2.56372057293199,1.4212980526410919,3.1275530769673883,4.163606128819667,4.964491941824654,6.014354316306519,1.8081677092754105,4.825892376997158,4.6640398711972555,7.03426883363102,9.526892792970925,1.774230884308617,4.952441764620159,4.79939082827016,6.230706042268475,7.937502202220838,2.7350076412081052,3.9028415185935295,6.64231675433747,8.927118590323166,5.725659766465422,7.032815133996473,1.4275433300818807,3.142555522710251,12.032955826875165,1.568328519727952,8.312664690536147,,3.295816006076863,3.895389358334614,2.2269815395113106,3.610120756161719,4.037109022747529,4.164654696648334,4.133270005181377,5.047685441522558,2.9718528007896574,2.872937066749462,5.117903076965437,1.3539636863609603,2.9715631455972025,2.923113465563511,4.50715198235618,2.5540087810375227,5.0531690234175,,1.2343263678672718,2.141468921859515,2.9803667825305635,4.077594362462824,4.8248648980461315,1.428718261123803,3.5497358860208883,2.867039529660646,4.822162265574297,6.158538649148813,1.4679388912594646,3.5457224920415786,3.075109731173987,4.415397596929233,5.374315049800035,2.247544809869114,2.8839737238285283,4.683541545313206,,5.137146121098696,6.229809967107813,,0.7436182999479515,2.1642809407538364,0.6298347255977302,6.281669198354275,,5.968110075137966,14.303914037669337,7.7821764030788,5.7231504767399795,7.427077564567194,6.506836820669407,8.280933015051293,7.122428278124193,3.900426450696442,3.8232660955202453,5.540536560602142,8.379924146470755,18.00952959877844,8.008637263311508,19.18985706448605,8.590195316510536,25.190472019375143,,1.7594754214119164,5.5600279827400865,7.280577195763661,8.20178887754391,10.551812450172395,2.739343300962229,8.817236351016156,8.330473468240102,13.075079628316587,19.500150063337763,2.5028104356208822,9.43919205047537,7.775471090425754,9.615211610508618,12.97300457212999,3.113582774641825,4.804320679209313,9.723071776501522,,6.395212790902976,7.958267824556715,,10.738389277556008,82.39436522421317,2.7266065420203582,12.724284449440066,,
B:google/gemma-3-12b-pt,gemma-3-12b-pt,google/gemma-3-12b-pt,Gemma-3,Gemma-3,Google,2025-03-12 00:00:00,2025,False,11770325040.0,11770325040.0,10763446320.0,1006878720.0,0.08554383303589719,1006878720.0,12000000000000.0,1019.5130516123792,8.4746340288e+23,d_distilled_pruned,False,,size-specific-D,1,local,21.59238347037259,47.2163276004836,0.8075042271321483,,,,,,,,,5.194919270702634,0.8075042271321483,0.39130632264964293,75.0331293392637,1.2942537087866952,9.413776083101602,32,4.204269845673498,4.25240865027712,7.6070035137933205,4.25240865027712,4.710336734189546,6.14105681994376,5.194919270702634,5.194919270702634,6.1428318501289905,3.4211271701058608,2.8381013762343197,5.336098299093257,3.7432510001020813,5.311837657275952,4.204545633419747,8.066269234857488,5.426369354767124,6.867592609748811,2.40679823005881,1.358161759418574,2.1953579735488904,3.46263581430396,4.035869053251753,4.769615762901417,1.7132006892662752,3.5190666107235478,4.053669655374291,5.889120150985866,7.758610573979133,1.6809193761873285,3.7842026554253807,4.140002589034564,5.2441019055541735,6.529954668555476,2.6084312625932684,4.031269809923119,6.075630323271596,8.892752739650964,5.273934476078044,6.415529676867849,1.2942537087866952,3.3116978268229103,9.413776083101602,1.3489710252436757,5.797993182295409,,3.2086579154409374,3.904573046446237,1.9338472873175612,3.6157335455445287,4.088648980680773,4.0201693888200065,4.076982336911834,5.181021281555926,2.8243194651445505,2.352440912233659,5.048981934543905,1.1588565378199418,2.367100186462478,2.922688873269569,4.391308288057719,2.459652454820912,4.649511558402459,,1.1265121472930293,1.4451467270400704,2.5301454555540177,3.2663584975781474,3.7636616806911567,1.2721958733879755,2.4899366813047936,2.4916990794520575,3.840394783275053,4.734119987698522,1.384024778494459,2.5810413836213053,2.613536621933216,3.5482227830463304,4.195634171435806,2.150806907274248,2.703120698926464,4.3580137894183135,,4.722999394432525,5.671122950909362,,0.5168809272614127,1.2279423810364396,0.39130632264964293,4.477818696998337,,6.460728190770205,18.501889261832822,9.031775070256753,6.298549338740202,8.463136185913678,6.693590624422822,8.57094461647729,7.3512197905219026,4.0140056209627195,3.393752578132965,5.536759031838661,9.858937262785979,17.497987527611226,9.1993969683447,21.706163201153515,10.208514620245046,26.55408463982203,,1.6203254745629692,4.347322808298285,6.072857908355456,6.865478008218366,8.646530868866332,2.7178743974218036,7.234258204548423,7.524826211801722,11.424511457431198,16.68470813001863,2.284271258939372,8.167662410858252,6.839601195414206,8.431458018007897,11.179793211317676,3.118306146481142,5.141746429708116,8.676025897767834,,5.907731288771157,7.28327120985312,,15.246733692737724,75.0331293392637,3.229653822996428,8.273934740284883,,
B:google/gemma-3-27b-pt,gemma-3-27b-pt,google/gemma-3-27b-pt,Gemma-3,Gemma-3,Google,2025-03-12 00:00:00,2025,False,27015406640.0,27015406640.0,25605776432.0,1409630208.0,0.05217875217591028,1409630208.0,14000000000000.0,518.2228121368007,2.26929415776e+24,d_distilled_pruned,False,,size-specific-D,1,local,21.43948570808635,24.17141993015915,0.7437184560779874,,,,,,,,,3.901958700171962,0.7437184560779874,0.272818572969924,32.63319487644418,1.0429537879071327,5.323953446607522,32,3.331850149826537,3.372083919714317,6.102442102349118,3.372083919714317,3.869823486178079,4.873434972107996,3.901958700171962,3.901958700171962,4.683825398633828,2.8147866334479206,2.0523514927424955,4.058145488130382,3.1598743255390334,3.268131863259066,3.5833185886799117,5.323953446607522,4.716220932354497,4.196391605129253,1.8972372559524635,1.2396832038499994,1.3326030778046443,2.39098819905507,2.6623861303789793,2.9935531746164714,1.5068574455431043,2.1187039345840653,2.903669733963288,3.859072629634344,4.760734563870617,1.4805273754159098,2.3665807923542794,2.925412464100699,3.4975332905265857,4.127828205775979,2.123857905607596,3.344063242242481,4.126889703160131,6.274804476845151,3.692665087835403,4.307213323588844,1.0429537879071327,2.659082243257739,4.4318927389605705,1.0962773564973665,2.8359711367311284,,2.5160387246270126,3.0690128979361218,1.4516871554279198,2.911858751833153,3.2420737119278367,3.0212702883305274,3.1030335539176988,4.052235868336886,2.266418894482987,1.622894855493229,3.8208558562465442,0.923425982715256,1.3306982591085523,2.4696929421762466,3.0699073589864017,2.0429248585230577,2.799425661217882,,0.9618763163833967,0.8523718325637395,1.8501438217823383,2.175508140829039,2.387676330884689,1.0747762255730497,1.486933774295768,1.8943918698665785,2.53961743896066,2.935654100690001,1.2002548680395406,1.643131849569254,1.9170509280255825,2.3463809444126076,2.626732904902601,1.8097456345143845,2.145521815342749,3.163242515883081,,3.3598205668240215,3.875593468099295,,0.3205085235818748,0.6049271743408996,0.272818572969924,2.123666286028356,,5.197786213882469,15.205172735523972,7.486568946240149,5.299733299149732,6.823746221179838,5.029219997312586,6.365784484405926,5.456838164103158,3.374960941618997,2.5551502376013944,4.219493391198604,8.904055293291966,11.241178662247023,7.912622962287913,13.761905483501463,8.978173437266312,15.583188672020182,,1.4163657078794867,2.7750902682330434,3.9803899978763484,4.437911484369331,5.304722190219194,2.335380203832605,4.475355212015219,5.0148284475761935,7.3599120336097545,10.038315625796624,1.9021051063705516,5.375644435185096,4.664827700804771,5.568757535278838,6.989556989662202,2.61947046490672,4.278947905210756,5.444037175284787,,4.096427362817656,4.836957911702321,,13.849772519239245,32.63319487644418,3.1838546415941806,4.1307735638772325,,
B:allenai/OLMo-2-0425-1B,OLMo-2-0425-1B,allenai/OLMo-2-0425-1B,OLMo-2,OLMo-2,AI2,2025-04-17 22:45:45,2025,False,1484916736.0,1484916736.0,1073874944.0,411041792.0,0.27681134034979316,205520896.0,4050000000000.0,2727.4256541209866,3.60834766848e+22,,True,size-specific-D,size-specific-D,0,server/unspecified,22.089737466518198,123.47026116788366,0.8723630121406716,20.174240891600228,14.512395562706729,35.22478923250651,0.9504318400194992,olmo_q,2.0096692830678986,20.174240891600228,contemporaneous,20.174240891600228,0.9504318400194992,1.0129231134487398,291.2147333362029,1.6056049236396994,33.841154609288864,32,5.805442988903175,5.857229724556282,9.584309727738288,5.857229724556282,6.204412658899946,8.091892438685878,7.834719517998362,7.834719517998362,9.285122160016623,4.655440301147356,5.109974627284759,8.289376394300993,4.749352894126827,11.69005243524761,5.169983868963966,14.923280220909678,6.279729641635977,14.841028122101466,3.5646342357033514,1.6056049236396994,5.9571672779884866,6.828276646018031,8.653957370838935,11.205302347107756,2.1508741527915,9.377184523956046,7.323581226177891,12.458671559137674,18.44184472714714,2.1062309006111177,9.201326684874052,7.673175901353212,10.770536229825373,14.751643611012051,3.641527468493993,5.145706588354044,11.38384471678595,14.748730494381032,9.406863379572652,12.250604137446862,1.967033256000734,4.361308567747147,33.841154609288864,2.0096692830678986,20.174240891600228,,4.669447177024157,5.521343128653687,3.1986914261300834,5.074987972776343,5.810184239618333,6.2248183292872366,6.072285768977723,7.533623226631128,4.1275439246896966,4.396587789981432,7.851760352746554,1.867623580804139,6.109635507439459,3.703395331844991,6.4620755898034705,3.2996573815863046,8.156540253885145,,1.433333993649413,4.036916652809188,4.490734879623996,6.931816651610724,8.740136038321666,1.6229783369195427,6.848790119329051,4.1169925111724375,8.24649251634273,11.448222830506019,1.6851049686491228,6.455423185208762,4.5739840203295685,7.557620994050553,9.877064031781405,2.8568968487813087,3.987769498119145,7.3335453485445266,,8.214778951486503,10.528673881793104,,1.3414297188909243,5.847397828770873,1.0129231134487398,14.512395562706729,,8.29646258692223,20.133007263646896,10.55614211557864,7.775944522095473,10.442993981832648,10.00267668539605,12.995323988440802,11.575179861225125,5.389133717007913,5.839486481669217,8.613660170654105,10.633513530032836,48.96400198574828,9.655924306864184,43.71305664355218,10.633485060885661,64.72067589021583,,2.1152696965850972,10.552339547705031,13.170169000908626,15.195971156584646,21.048051550727287,3.5408309713228907,16.47656120429834,14.259908115024036,25.049847845658032,41.33351979669528,3.3193424602630404,17.565527418812238,13.440277002775888,17.33427305558176,25.284744053533853,4.032458195367445,6.273210930842884,18.69737848144733,,10.812766994523896,14.314560301910436,,13.951182711032688,291.2147333362029,2.9219332314960753,35.22478923250651,,
B:allenai/OLMo-2-1124-7B,OLMo-2-1124-7B,allenai/OLMo-2-1124-7B,OLMo-2,OLMo-2,AI2,2024-12-31 00:00:00,2024,False,7298617344.0,7298617344.0,6476533760.0,822083584.0,0.11263552331261939,411041792.0,4050000000000.0,554.8996212727055,1.773564014592e+23,,True,size-specific-D,size-specific-D,0,server/unspecified,21.83742002859874,25.410493572317492,0.7491366913433287,4.052488056189682,3.222214168247811,5.315845781198448,0.7532380142434666,olmo_q,1.2815459658661288,4.052488056189682,contemporaneous,4.052488056189682,0.7532380142434666,0.4422188098318152,35.54917490409913,1.1681508098768125,6.211144706538433,32,3.33670856966605,3.3690982724296106,5.495377445604793,3.3690982724296106,3.6725682921774716,4.578734927201664,3.986234596660721,3.986234596660721,4.599822559837269,2.812134309198933,2.50306661064968,4.1017637416093224,3.1766528377014187,3.8592035986533504,3.5106449592698135,5.640024266503702,4.405684207000529,4.763980431934067,2.0770412280948167,1.3142765318607217,2.063597683831608,3.0306258403887085,3.474756306852615,4.033545653335981,1.6178195773270596,3.1463260031631295,3.492776535342124,4.87656366557452,6.238889573184473,1.5894985028374893,3.3249363849229603,3.5527310975209576,4.3870980929068075,5.335327743876348,2.278309589604401,3.276286959318096,4.709744902870058,6.489177575857458,4.170754172563004,4.935167649790153,1.1681508098768125,2.5544669064180403,6.211144706538433,1.2815459658661288,4.052488056189682,,2.6410640054322605,3.122011716679587,1.7578199066844904,2.9226449936469563,3.2438901257350143,3.211277130271705,3.249129048364058,3.986321966730593,2.390942004411841,2.135618686683694,3.9188392347660477,1.099011015491784,1.8591817404957405,2.5174352512202574,3.482218806672553,2.1749902916389376,3.3758694359552885,,1.1194653507813193,1.4315870486584734,2.302342690564014,2.8875791052075837,3.2784736663536065,1.2500429635600265,2.3263811051943235,2.282611798686838,3.383749182758836,4.089904661338564,1.342671697207146,2.346043534217099,2.3835264964818412,3.1457100031862475,3.6608777797749346,1.9286862872519708,2.314833415768767,3.536566444854493,,3.7959178064509005,4.442062251251843,,0.5208276521448714,1.0872153998353522,0.4422188098318152,3.222214168247811,,4.805596899706342,11.595424338591677,6.4308765320496395,4.718613130031056,6.001397073919106,4.935189274344411,6.040494778190159,5.349385900480216,3.220449796046939,2.9145770391404815,4.228853294426619,7.497948278466423,10.954932349387999,6.863704685377144,12.886286638456218,7.53252595608384,15.389076051654548,,1.53692123132804,3.7076739847481823,4.942146457084545,5.500158652249932,6.745548437963077,2.395199317744248,5.868359291781676,5.989652227310381,8.655809860214301,12.107312046230664,2.088308266529573,6.440380946045036,5.5035084971623,6.599585025991291,8.471667790080485,2.653602914341442,4.041379469050821,6.411508931050244,,4.59435090705022,5.49872462837356,,9.720777485035116,35.54917490409913,2.6304987483907203,5.315845781198448,,
B:allenai/OLMo-2-1124-13B,OLMo-2-1124-13B,allenai/OLMo-2-1124-13B,OLMo-2,OLMo-2,AI2,2024-12-31 00:00:00,2024,False,13716198400.0,13716198400.0,12688593920.0,1027604480.0,0.07491904462390975,513802240.0,5150000000000.0,375.46846799766325,4.2383053056e+23,,True,size-specific-D,size-specific-D,0,server/unspecified,21.700597307445275,17.30221812230226,0.704347060435072,2.5916690686886463,2.017905392820551,3.5510693637422426,0.6141482675849552,olmo_q,1.118398901770214,2.5916690686886463,contemporaneous,2.5916690686886463,0.6141482675849552,0.3407716957966248,21.923120015734177,1.0157793294241535,4.4287461555070236,32,2.9254689387527786,2.9557536195801153,4.915468024665557,2.9557536195801153,3.2952546482675182,4.049343022158037,3.3823441819031577,3.3823441819031577,3.9436392874327364,2.5097106720899616,2.033833592965961,3.4913714263794464,2.884897498305328,2.873714181713815,3.2156749563376006,4.4287461555070236,4.1045395793935535,3.5509443540408805,1.7957115641939547,1.2392648363489722,1.474751863407062,2.3877161198523287,2.6582936006948152,2.9884011314632515,1.4915580131828141,2.2497710109747384,2.8276455898552313,3.7315223076573285,4.5793877145201245,1.466607787724123,2.4457527458831887,2.8507854253072313,3.3936872211987184,3.989323678157872,2.0111233899568366,2.955558590889742,3.7243148575671,5.307145141601331,3.359383267702205,3.8750295996146806,1.0157793294241535,2.267881609314618,3.893013921994453,1.118398901770214,2.5916690686886463,,2.2923108570310746,2.71889265674478,1.4599546766034694,2.577465728906887,2.8520909997507697,2.7177250099216748,2.7647997796100867,3.467358908608809,2.0895966339260252,1.6787189531571443,3.3206559054967433,0.9521562255454369,1.2819294853275849,2.2425735301006564,2.7284825478409327,1.9345522332832508,2.473330918524423,,1.0204558529784529,1.008214519112152,1.8779507276926486,2.2152119495025517,2.436522477998513,1.1254911641466143,1.6557638062629125,1.9141538480677636,2.580891297372242,2.9908520516320314,1.2280848445223749,1.7888211532932607,1.9502107379162346,2.4089218405354447,2.7061504767613664,1.7357936253927009,2.0177632461161434,2.910313249143711,,3.0835106893512694,3.521077181508251,,0.388635210462328,0.6844845465299189,0.3407716957966248,2.017905392820551,,4.293705379624469,10.732341399434285,5.8900723247812214,4.30970990933062,5.399473622621767,4.206134977879613,5.139624360355239,4.516971830552339,2.9275798234508215,2.436328633592581,3.6107456575779944,7.237173684147374,8.564175884311412,6.414495974031007,10.374063284371177,7.194075166238102,11.24796085224829,,1.4066069804429182,2.7641932744467597,3.8085667954679625,4.174668387028276,4.953663187092263,2.1438401810798076,4.326995683882665,4.664436572081278,6.615395505395189,8.87446809504968,1.8666254061206344,4.972978874211664,4.319674356630762,5.109467374409566,6.340446814196458,2.40096250862294,3.668938027009589,4.820199805156537,,3.6812988360851913,4.292395810983809,,9.505461671704706,21.923120015734177,2.6705576462417464,3.5510693637422426,,
B:allenai/OLMo-2-0325-32B,OLMo-2-0325-32B,allenai/OLMo-2-0325-32B,OLMo-2,OLMo-2,AI2,2025-03-13 00:00:00,2025,False,32234279936.0,32234279936.0,31206675456.0,1027604480.0,0.031879244147543284,513802240.0,6150000000000.0,190.79067415839916,1.1894449296384e+24,,True,size-specific-D,size-specific-D,0,server/unspecified,21.539638750491804,8.857654316697532,0.6063816380736409,1.2770480396458865,0.9598051553430081,1.7229819812537928,0.2169441015881512,olmo_q,0.9098185562611738,1.2770480396458865,contemporaneous,1.2770480396458865,0.2169441015881512,0.22945249108935592,9.681393514544586,0.8150478820162842,3.5727123793419975,32,2.3191232742202734,2.3446822189755876,3.95235481785632,2.3446822189755876,2.7040354295894664,3.218363327909659,2.540531887552256,2.540531887552256,3.012025784670805,2.0606363299720356,1.465907519749062,2.646962257672048,2.4356427722714975,1.7637324478625132,2.7422514878441855,2.9216427343778935,3.5727123793419975,2.1660996619591955,1.4135834593272405,1.1300537629408538,0.8884320003859142,1.6422228611923824,1.745835874851916,1.8662828990528804,1.310385377260502,1.3453678140407839,2.019346523777572,2.4358762768049202,2.7975344510049105,1.290261990901998,1.5207304661500032,2.0080189339329753,2.2550135457279823,2.5112145481566843,1.6358182204138902,2.4533401167397813,2.5248265238113956,3.744262714117411,2.347927912658506,2.596372412095,0.8150478820162842,1.8229273655311193,1.8230650615007276,0.9098185562611738,1.2770480396458865,,1.7848274796642796,2.1591492037683238,1.0924153310468891,2.066594689538138,2.252438412998631,2.012745341564039,2.0808993389541404,2.7160586555263087,1.6519247767058185,1.1493328172642667,2.5050523801912123,0.7538379676812068,0.5991209394711242,1.9248796383019198,1.7900112296935873,1.6197857404637572,1.3480445466312179,,0.8812401716328053,0.5839992823651933,1.3560669170205166,1.4703224996287803,1.5397712925843434,0.8866621092227049,0.9661716605184526,1.4344698100857416,1.6958066904678126,1.840948314024573,1.0715687466390966,1.0816940621228996,1.42836749366217,1.6125413374365283,1.717798422658305,1.459142966502361,1.6112890971605607,2.1167111908836826,,2.1777919017368195,2.3869806522323676,,0.2503605654700104,0.3145042933013127,0.22945249108935592,0.9598051553430081,,3.4165536282915103,8.86798840998725,4.93696909871997,3.6190244984482,4.333277684653449,3.1981041953571188,3.826156646730179,3.3591596085162707,2.464831302613518,1.8541859357939878,2.75223110332873,6.419982553204567,5.389174748566237,5.760552664046137,6.468486609477989,6.424992848503907,6.5252835496885115,,1.24399810635101,1.7654857469690406,2.484597908735588,2.6788042970249992,3.0142313541149277,1.8960100536405615,2.664287781084885,3.194878928982351,4.2310455269525615,5.2948388828130755,1.5554034538508639,3.2624929998246115,2.9449573561117717,3.371218267618161,3.959428902329413,2.0168914238263027,3.0809605273680374,3.0489967439967587,,2.5513370261606174,2.8490637016998237,,8.697333794857116,9.681393514544586,2.6464751085687053,1.7229819812537928,,
B:allenai/OLMoE-1B-7B-0924,OLMoE-1B-7B-0924,allenai/OLMoE-1B-7B-0924,OLMoE,OLMoE,AI2,2024-09-03 00:00:00,2024,True,1300000000.0,6919161856.0,,206045184.0,,103022592.0,5130000000000.0,3946.153846153846,4.0014e+22,c_moe,False,,singleton,0,server/unspecified,22.073265621613096,178.7752620658884,0.8910399695873493,25.495258839005352,17.865269645026796,46.7114571066345,0.9607770210800882,olmo_q,2.1231349937335415,25.495258839005352,ex post,25.495258839005352,0.9607770210800882,1.0523822053545744,468.30510351780214,1.6660381878575719,47.679710710106576,27,6.629453707667088,6.690325685275804,11.175007365343136,6.690325685275804,,9.388712408410752,9.177677320874684,9.177677320874684,,,5.840146058030538,,5.225692714082936,14.779201861783603,5.695827416369919,18.645717728469123,6.927014015541547,19.03190731121463,3.988919234026673,1.6660381878575719,7.069965442309095,7.932562698099611,10.241106085956877,13.53042682377999,2.2721570994960225,11.304308960257035,8.446150548156718,14.925684590434757,22.723062276140144,2.223240483664011,11.012249331063593,8.896265582858348,12.798479611099596,17.93396370871816,4.0214913430799335,5.75740300246523,13.721647227705258,17.848731713986854,11.173780658712102,14.849851994217783,,4.997266349182955,47.679710710106576,2.1231349937335415,25.495258839005352,,5.309788282783253,6.310248814947303,3.584824118726816,,6.636559627806204,7.216197807522362,7.008051156372757,,,4.993404544819151,,2.0407678127436544,7.5604538439129465,4.056686347066848,7.360473234965814,3.6065546113487525,9.487867862904979,,1.488051661948085,4.723750677789346,5.073392160755182,8.09532745166871,10.39856841815885,1.6849678892410107,8.13782900590045,4.573991501419181,9.67120914997539,13.762937371017648,1.7534575052837866,7.63119167813088,5.146848086592099,8.821512303007802,11.767203861819896,3.101741764441764,4.4317134488875265,8.549886628229645,,9.657993594154094,12.616762845635211,,1.5126936173478769,7.675905841330038,1.0523822053545744,17.865269645026796,,9.558285270023358,24.38341184551788,12.23648062642737,,12.214420099809969,11.84074591921926,15.64766962791882,,,6.702665828342916,,12.167466003064686,70.65349640066452,10.7354192729561,58.16549394168571,12.010803742777973,92.72397893154826,,2.2728764381529434,12.737655736951263,15.900055944140696,18.65497825291195,26.481447581921888,3.862724876747813,20.40645931148629,17.0599069581683,31.07327268789291,53.01944159874833,3.6266205953209094,21.462596449623952,16.140874355696464,21.14828855185158,31.670727525110966,4.482621600348422,7.064874735458307,23.40319027409645,,12.967880569010225,17.539277204092528,,16.48372117244617,468.30510351780214,3.0876297899156837,46.7114571066345,3.7433599181104578,4.514414118131989
B:allenai/Olmo-3-1025-7B,Olmo-3-1025-7B,allenai/Olmo-3-1025-7B,Olmo-3,Olmo-3,AI2,2025-09-12 19:24:57,2025,False,7298011136.0,7298011136.0,6476533760.0,821477376.0,0.11256181453982372,410738688.0,6030000000000.0,826.2525073790187,2.6404204290048e+23,,True,common-D,common-D,0,server/unspecified,21.77481341220056,37.94533122915599,0.788651096557207,5.401176089967331,4.272762898764719,7.588548065049488,0.8148551383359826,olmo_q,1.3642330032469265,5.401176089967331,contemporaneous,5.401176089967331,0.8148551383359826,0.45562380062274765,57.84040482859321,1.2801393304593902,8.716907903361845,32,3.8597915255076134,3.8993882152433548,6.581505771076372,3.8993882152433548,4.247828717437449,5.428475494853635,4.731512601723413,4.731512601723413,5.4982037286320855,3.1835479868166288,2.835097540199271,4.858370459484223,3.5262119253516593,4.901188383283735,3.9137044342566116,7.156839486033244,4.944384086007685,6.172687757327573,2.326514797913149,1.3598202060768096,2.3721135294991336,3.479822438273367,4.058378490514942,4.799412410672682,1.7047310102826219,3.696633053034582,4.001774908781354,5.793773686746965,7.613648618247684,1.6734426832084894,3.899561384052033,4.089822168146464,5.170036805983781,6.425621933462047,2.520912787145,3.7149863488480968,5.697684149987867,7.972050415084988,4.970835470763949,6.0047925581462,1.2801393304593902,2.97974736657792,8.716907903361845,1.3642330032469265,5.401176089967331,,3.0194751790682415,3.607702430668832,1.9503954729431685,3.3456430005670295,3.7493981239138416,3.747603802257888,3.783216904535482,4.685803812853328,2.7037354201709327,2.3958032072222664,4.61999211287032,1.1832627125072004,2.31724233770033,2.7777012410759387,4.087931824800448,2.389009567667398,4.307255934579639,,1.1547087067569046,1.6064915228204322,2.568253431595194,3.3296500738369765,3.845414921255973,1.305940314403352,2.6849766755648328,2.513246295527795,3.924571106664506,4.854222935598655,1.3940594673371134,2.684769325655988,2.6453762488361896,3.621452583485863,4.293817876359352,2.095898175817563,2.6070678174347597,4.132752799009238,,4.479496020334059,5.345290220899552,,0.5810378149528027,1.3750914745205014,0.45562380062274765,4.272762898764719,,5.694847394472093,14.616131811118802,7.690770435725455,5.528973290333587,7.231976394306469,5.9676644351418275,7.4552679538812585,6.508014335748946,3.6621403022545684,3.3202614114484508,5.023932711769081,8.606106938672754,14.61773153439876,7.986245669550108,17.859293782549905,8.74427198994326,21.412302185623474,,1.6271665154598545,4.389785894155022,5.963869010334175,6.6724471453176,8.374779421987272,2.6059137395957808,7.123156288530384,7.15774018324367,10.723394197716855,15.507310943570975,2.271237642056749,7.794750375974452,6.574608133261451,8.0396996556649,10.593426437935067,2.9456789114397455,4.64065518621961,8.052796579317379,,5.527575091210129,6.761396536278501,,11.983337013228185,57.84040482859321,2.858063538046527,7.588548065049488,,
B:allenai/Olmo-3-1125-32B,Olmo-3-1125-32B,allenai/Olmo-3-1125-32B,Olmo-3,Olmo-3,AI2,2025-11-20 00:00:00,2025,False,32233522176.0,32233522176.0,31206675456.0,1026846720.0,0.03185648513349737,513423360.0,5600000000000.0,173.73217762002974,1.0830463451136e+24,,True,common-D,common-D,0,server/unspecified,21.55420619556275,8.060244763539243,0.5901849558011361,1.1935752439146199,0.895325803091167,1.6108888516940256,0.16218101447860367,olmo_q,0.8965323791540565,1.1935752439146199,contemporaneous,1.1935752439146199,0.16218101447860367,0.2276247364486205,8.638017601474834,0.7976733685922581,3.477045002850679,32,2.2410113091462214,2.2654180600883995,3.7881418680419556,2.2654180600883995,2.6129884651675335,3.09200426178318,2.4401251592773328,2.4401251592773328,2.8881653700469423,2.0013385457094532,1.4235814463539045,2.5435667586036192,2.376549295848481,1.6672976845797864,2.673018509048244,2.7624313669036096,3.477045002850679,2.038033473220782,1.3763635609428744,1.1210350147447008,0.8597934435957437,1.5896936304482636,1.6832296143812298,1.7915072442445767,1.2943548412278376,1.2953202110952287,1.9557497425404855,2.3391019015961443,2.6695116855412797,1.2747366054652165,1.464767748029624,1.9426101763799146,2.169570588089895,2.403745299029414,1.5973389050076674,2.3818670752577775,2.4142172143052254,3.5672885620021346,2.252970044184367,2.479275650857748,0.7976733685922581,1.75806167902869,1.6833613752557635,0.8965323791540565,1.1935752439146199,,1.7313386886049615,2.0874983049003304,1.066022957941761,2.001537526456273,2.172295975800049,1.9403651082466236,2.003926115499991,2.614647883127754,1.6049556426011378,1.1179233343087802,2.4077162955651104,0.7400163432378786,0.5514906985675477,1.884825802999596,1.6934506009519366,1.5844137085877459,1.2724962825597526,,0.875271276442144,0.5664152206907713,1.3185423837617944,1.4218416740912359,1.4830352812127066,0.8785348672682805,0.9312778813651816,1.4021451969875647,1.6365617516060331,1.7668362492802914,1.0606795390130337,1.0456257400124342,1.3910491158074123,1.5617021949740724,1.656602867150382,1.43088086487317,1.5697135373059978,2.038949676965192,,2.093625544240581,2.284096161482748,,0.24397675513167957,0.29809688704616466,0.2276247364486205,0.895325803091167,,3.2835229813129048,8.397805261959546,4.73397448374598,3.4878521712676673,4.144392126136924,3.064459740324482,3.6422642702555588,3.207671750316181,2.393305656519091,1.8015496304843692,2.6442315368516947,6.1746211205830575,5.066141564000646,5.597901797718458,6.006000347196069,6.25816737578172,6.08403498923168,,1.230754961954387,1.6960278603306405,2.3812124363115355,2.562403736315656,2.8679609460488766,1.8587702833121729,2.5454848460687445,3.069654314520662,4.019521544448989,4.990179603960216,1.5291732219818523,3.1191211688413625,2.825991384449953,3.2294575349027608,3.7714313540637274,1.9679466421965603,2.988422961526664,2.8886530737939813,,2.443107660116078,2.71430427860049,,8.284046059153523,8.638017601474834,2.5958059526634916,1.6108888516940256,,
B:HuggingFaceTB/SmolLM2-135M,SmolLM2-135M,HuggingFaceTB/SmolLM2-135M,SmolLM2,SmolLM2,Hugging Face,2024-10-31 00:46:04,2024,False,134515008.0,134515008.0,106203456.0,28311552.0,0.21047132525167744,28311552.0,2000000000000.0,14868.229424630446,1.614180096e+21,,True,size-specific-D,size-specific-D,0,ondevice,22.59049383294714,658.1630988051202,0.9375800546853913,,,,,,,,,16.020520283377447,0.9375800546853913,1.8964298566607558,2701.1571901006246,2.044352519301528,239.3274817579061,32,10.338954320781475,10.408842697994379,16.10810935197193,10.408842697994379,9.416645527536405,14.124869085703107,16.020520283377447,16.020520283377447,13.454409720299019,7.150592368721978,12.022495622979294,15.192132536451542,7.239327974636478,40.71413116623485,7.6445851116660934,42.44738578411244,8.735552901266773,52.03942578482787,6.5838025973479475,2.044352519301528,23.024200360070466,18.19606945445665,26.02452343293483,38.44507256487846,3.012136746015076,36.58354403159972,17.57783894926598,37.77285972431685,66.43734766876008,2.939409454167796,32.20043759437568,19.096817424045135,31.197245014749527,49.186163901550515,6.173984494985552,8.135964895326182,30.74528218336249,35.32597848654715,23.501354085148215,34.09299779049074,3.2713748722270144,7.437871793392281,239.3274817579061,3.498492289434966,130.10077725212065,,8.705632972668445,10.092747817645012,6.813993710572831,8.055032673059657,10.264466042886854,12.431847356513307,11.865887361277466,10.543165527247712,5.9936210062295965,9.84592335186028,14.258237969156328,3.5935345992576098,20.89899800940682,5.4800739414863955,11.522738267333546,4.926780196314936,17.05906054185167,,1.8964298566607558,15.702371182082757,10.020236865773128,19.785584325008738,28.284945455375,2.0774556664026087,25.707443890030397,8.478200318341194,23.869079454526457,39.09061252563996,2.134171017875097,22.02397694657629,9.906886731956902,21.753145785781587,32.69833147760295,4.492827041034912,6.746191970962699,16.396962384770045,,19.501577014769328,27.675412825715494,,3.886439267339882,24.454850575932028,2.0556669919083603,77.24283179920397,,13.748735612993382,30.402485438355335,16.39988729006473,11.205623746825157,17.801869078284557,21.23302283028582,26.280586467159075,17.399613797760324,8.669465536190245,14.676240227558742,15.987464579032322,14.871448427697386,439.2940484468568,12.050473468777783,157.21725337739406,14.673191438437303,446.6381872011404,,3.2378207006510986,41.45367988031255,41.74795199087998,51.16315202410662,81.9527719843587,5.728386351058274,64.38194525757044,39.299129587738996,84.71972477401432,168.95180883351574,5.753774362293858,57.85399639002623,38.40875575420457,53.80584123510845,91.17631231671055,6.889973608501666,9.571226031685326,61.681920852152906,,28.639518183850885,42.52628401951156,,22.253915628292635,2701.1571901006246,4.72100191436504,346.0246196667291,,
B:HuggingFaceTB/SmolLM2-360M,SmolLM2-360M,HuggingFaceTB/SmolLM2-360M,SmolLM2,SmolLM2,Hugging Face,2024-10-31 00:43:11,2024,False,361821120.0,361821120.0,314635200.0,47185920.0,0.13041228770725155,47185920.0,4000000000000.0,11055.186607127853,8.68370688e+21,,True,size-specific-D,size-specific-D,0,ondevice,22.31791281947624,495.35038050154446,0.929517901794075,,,,,,,,,14.187999867403722,0.929517901794075,1.7355280984409884,1804.8074650952465,1.9154905512204634,150.5666007779725,32,9.443558387072029,9.521053211233278,15.606954067977082,9.521053211233278,8.837094602729122,13.336306712133245,14.187999867403722,14.187999867403722,13.11576801829854,6.54401632496345,9.584506511066898,13.334412889663998,6.7623895917743635,31.001128406593036,7.262358958146187,35.10379568101349,8.567810961628844,40.322705944321996,5.734270116202085,1.9154905512204634,15.185034082995907,13.971980660855738,19.342548670741323,27.576721784330473,2.7642740777380457,24.571798959239423,14.060819401589475,28.467738995077383,47.91674378914178,2.6990300998257077,22.57796320918442,15.121729225424948,23.76239514718998,36.13859435869887,5.501910574521174,7.648867488581601,24.750545494528286,30.34887932811579,19.243618347945894,27.26651483506156,2.800162927738642,6.974804224112645,150.5666007779725,2.9180800082084297,76.1694326408966,,7.739100085564171,9.11163358332703,5.61768205340384,7.347205493285925,9.418365062465032,10.968262782501744,10.713782470172454,10.30240492132346,5.660040031812697,8.13982619096772,12.532789609475724,2.9858501617480417,15.925011522320087,5.179067846853069,10.5246924424402,4.69532534601276,15.098215410442196,,1.7501342952903607,10.156675475535941,8.053987561701042,14.739180405034816,20.34088252477154,1.9431808802422983,17.103585792259754,6.889095100675235,17.944303884064965,28.11234405651529,2.0233702917737437,15.364076802496983,8.128698212175772,16.142015457093503,23.324650315123804,4.038527943683285,6.0671316726917,13.815963543804319,,16.196416463337226,22.487400820578348,,3.0130843290393012,17.678274247121895,1.7355280984409884,47.34833147869076,,13.322770241741212,33.14746669559214,16.292867048207,10.918790423748856,17.083339768097634,18.812527160757526,24.142044793055277,16.91895267505584,7.6927424019886494,11.329653733472021,13.96392895225553,15.347610992485162,268.3406648725475,12.098093070447177,128.18525409698177,14.959633326874247,346.2990422380039,,2.8878119877816633,26.824804027037718,31.19297170132528,37.61951352453884,58.08056713131988,5.131559082455284,44.643805608264515,31.434768484053297,63.57233748804708,121.24242180909808,4.992993261251212,44.33508794548245,29.71511755003392,40.9448954519537,66.91959169758933,6.231552654530955,9.20684357577312,47.45630232871244,,23.148516161417692,33.52133237747651,,21.751868513634268,1804.8074650952465,3.851897396454289,178.72464419249818,,
B:HuggingFaceTB/SmolLM2-1.7B,SmolLM2-1.7B,HuggingFaceTB/SmolLM2-1.7B,SmolLM2,SmolLM2,Hugging Face,2024-10-30 22:50:10,2024,False,1711376384.0,1711376384.0,1610713088.0,100663296.0,0.058820080106936845,100663296.0,11000000000000.0,6427.574964128989,1.12950841344e+23,,True,size-specific-D,size-specific-D,0,ondevice,21.908623742479058,293.38104664541015,0.9118314450194397,,,,,,,,,11.341912093495042,0.9118314450194397,0.9603648770909133,864.2238734015364,1.7179708940854475,68.11017532430321,32,7.963980269308541,8.046607054368078,14.342443486701475,8.046607054368078,7.942666223476316,11.79142172239055,11.341912093495042,11.341912093495042,12.322065638457927,5.672997891928028,6.554601838903514,10.817923966323201,5.9546473092214915,19.294263556965813,6.5610291634562685,24.877523093727742,8.127618008882271,25.693905568853197,4.515796487223244,1.7179708940854475,7.688439547205218,8.984605991547951,11.778860481587841,15.824938190202586,2.3912351759242245,12.748598057060969,9.64566143096152,17.660269719598606,27.598809977124127,2.337223418540397,12.536653643204946,10.200170984680648,15.012131505320875,21.48469005044385,4.502124535083607,6.775528516833138,16.96982306642264,22.977153294684975,13.590468887222498,18.483194526755593,2.2006889663729146,6.120193182192661,68.11017532430321,2.210788059825597,33.31120185168484,,6.21387596514263,7.545263011318744,3.9395940173518893,6.292215499145075,7.987199999210668,8.691075118824426,8.42280551497212,9.735796577929056,4.924029703684268,5.5284128561464545,10.18711766533582,2.145266710544399,9.33691052485666,4.5836001035434455,8.73141112769119,4.010223416646109,11.763744420051012,,1.5112867225136564,4.941957580909462,5.57071530722887,9.168778000146228,11.954323647786202,1.7371171780094683,8.885771520862054,4.983081670913811,10.953857766055673,15.893049108834592,1.8115115634648364,8.342407624794669,5.624215671505091,9.94045435963029,13.47100144919395,3.3987195581687293,5.030569389326893,10.194480759054462,,11.633674681132456,15.534708549060934,,1.5686944138882009,8.95473269360108,0.9603648770909133,22.48931501518269,,12.074987125037666,34.26555463434462,15.829232752183229,10.312774466743958,15.859872846956325,15.06087670421764,20.645708847376998,15.797244536099308,6.6952025712190855,7.618915154364292,11.306813057811013,15.61144926936965,107.65695363946197,13.015809968398337,87.22827570675872,14.974148399511755,149.03712748265528,,2.349000644801323,14.796675440046938,19.136901277276078,22.6086242381922,32.84095295988087,4.24508470710383,24.323789566883544,20.77425654235786,39.431758401265405,69.82017698121093,3.9317959799573488,26.339532140021696,19.415802452044197,25.95887321424654,39.94367668989425,5.068171852270326,8.492677042932158,30.189254028796807,,15.98003854778003,22.151840711012255,,22.702909141935784,864.2238734015364,3.5490802426308328,64.55248014324447,,
B:HuggingFaceTB/SmolLM3-3B-Base,SmolLM3-3B-Base,HuggingFaceTB/SmolLM3-3B-Base,SmolLM3,SmolLM3,Hugging Face,2025-06-19 11:33:11,2025,False,3075098624.0,3075098624.0,2812430336.0,262668288.0,0.08541784187016699,262668288.0,11200000000000.0,3642.1596083417194,2.066466275328e+23,,True,singleton,singleton,0,ondevice,21.813351960853087,166.9692771142212,0.887811120034247,,,,,,,,,8.913539383807574,0.887811120034247,0.7314222864906127,411.1052622615693,1.5983930785744862,37.059170533642856,32,6.538421042503451,6.60831636804217,11.783208391591266,6.60831636804217,6.794991430659019,9.635950825651456,8.913539383807574,8.913539383807574,10.018449791683876,4.87915636267056,5.0689958817270835,8.763856150336547,5.159701339239383,12.971250272390824,5.7179458947862365,17.577674798264884,7.170994953183473,17.111836582054067,3.7207699242256362,1.5983930785744862,5.237518070835146,6.7046935328004285,8.478211038852512,10.950809650961043,2.1583895834689555,8.591729946086954,7.390294272324271,12.602620764106835,18.68827609084237,2.1121289525380362,8.681934413638984,7.732098424153455,10.867067668950956,14.901441032616122,3.805813072129553,5.77104319288275,12.3695459254995,17.143975739525374,10.155027180867302,13.34474827536586,1.8800095425794443,5.061630941371621,37.059170533642856,1.9102047829673918,19.834769538398845,,5.068327938145398,6.1568979882582795,3.1827260800357733,5.3344920860217435,6.521617594628746,6.899859001367783,6.719425793533986,8.070863663728618,4.20380573347996,4.2975276002155995,8.272200158792277,1.770138012945665,6.270371286622872,3.991275429137027,7.098632962388092,3.458222397487048,9.163017439909618,,1.391284500281282,3.3831233818929456,4.331624530989377,6.693340453372518,8.40414837538913,1.6080021828199893,6.018066412643699,4.019105896652388,7.973597204963815,11.011605539023211,1.6715097276485367,5.79533755790334,4.428340944954939,7.246779989602745,9.418332264909015,2.9518073535414917,4.2312413448867785,7.829356072504484,,8.834223988846334,11.42001745368136,,1.1227171034576058,4.952897706231918,0.7314222864906127,13.947893808657296,,10.04206326994109,28.20829379409329,13.29651530234157,8.908796238154721,13.03647267068579,11.745954174650329,15.93826298957871,12.583646595645224,5.702901759968043,5.872934893581343,9.12828343131454,13.478910538273864,57.55598431639751,11.987305431725153,56.80256613162436,13.286337200048191,85.71699221542026,,2.103811205455748,10.153417427338796,13.51124518424576,15.54681615810061,21.59293830169726,3.649449210169924,16.82054813863347,15.10838789373811,27.102612223087597,45.27172864142611,3.327944564611874,18.140600917466216,13.985422645391477,18.305387268975853,26.89457582634331,4.332454411269308,7.237986070691118,20.564371412984627,,11.746157071343662,15.70270410363258,,19.542757613860037,411.1052622615693,3.423895985139351,34.589784021423995,,
B:microsoft/Phi-3-mini-4k-instruct,Phi-3-mini-4k-instruct,microsoft/Phi-3-mini-4k-instruct,Phi-3,Phi-3,Microsoft,2024-04-23 00:00:00,2024,False,3821079552.0,3821079552.0,3624078336.0,197001216.0,0.051556428836161516,98500608.0,4900000000000.0,1282.360111407594,1.123397388288e+23,f_instruct_only,False,,common-D,1,ondevice,21.909481259173518,58.529916625509735,0.8243909521350236,,,,,,,,,5.694467410180866,0.8243909521350236,0.5985644615808343,107.21028468718725,1.4442800889599765,14.549306092535327,32,4.480595266792684,4.523838559363892,7.510334341366937,4.523838559363892,4.664440935544409,6.260897870446191,5.694467410180866,5.694467410180866,6.223281741069997,3.512033234641689,3.550796878080153,5.583227830082694,3.9323662347144266,6.788734353507266,4.328083798263285,9.387034360526618,5.377106071245935,8.558026558022789,2.7311888816507617,1.4491223814833276,3.393895269049583,4.504334314299466,5.423119704566599,6.639842767664522,1.8623987948914345,5.297253588806866,5.036486455152342,7.753321886304348,10.660864575699586,1.8265786301053124,5.42719176913077,5.196747540606347,6.8364591913438195,8.816783983409284,2.8934623970139492,4.18006914372413,7.384990565361463,9.997186526541089,6.313145021925156,7.844193778276866,1.4442800889599765,3.4176240878351347,14.549306092535327,1.556501942891897,8.360506773527332,,3.549393588793786,4.2178250663916685,2.3629470469150937,3.726833090723079,4.386923549995651,4.541248708925251,4.49635272732525,5.242472157932365,3.0443050626190677,3.069728538186558,5.311183274132117,1.4130963326730177,3.3778309600690632,3.082545230110639,4.861519180639351,2.6905908431258734,5.610514726985096,,1.2556873838008893,2.297988090123818,3.1705124204442017,4.422340284820105,5.283885609207633,1.45682563478485,3.86250501744586,3.0397494727519616,5.237011435396385,6.774735201533911,1.4997639286218472,3.836931585639167,3.26076818722768,4.790459849663947,5.8940825383806725,2.354169694507351,3.081672543615718,5.111451153951774,,5.630247951449574,6.901939889228982,,0.793687228500285,2.47077050619677,0.5985644615808343,6.297652799250133,,6.5438959184838135,16.185215530495004,8.568667154973893,5.997180306757208,8.216498128541625,7.220315585219564,9.317972261916866,7.457087897578715,4.0328564720085724,4.115341212337551,5.7690011972725985,8.990871339277335,21.16272840826875,8.686725505293197,22.139614826200035,9.301147237618322,32.51788184116268,,1.814437935847155,6.138390186652099,8.061987394572702,9.146665754738526,11.922046485054684,2.874592249464391,9.823353728559285,9.203975533996324,14.788346976510226,22.481640793820453,2.6244717669711988,10.511273112021632,8.578980914100441,10.705765292282948,14.651231573708083,3.297497623603677,5.17163131150288,11.045633133923548,,7.094484681927684,8.937067873610324,,11.920821597598303,107.21028468718725,2.8292021092478006,12.786641134129658,,
B:microsoft/Phi-3-small-8k-instruct,Phi-3-small-8k-instruct,microsoft/Phi-3-small-8k-instruct,Phi-3,Phi-3,Microsoft,2024-04-23 00:00:00,2024,False,7392274432.0,7392274432.0,6981232640.0,411041792.0,0.05560423869285269,411041792.0,4800000000000.0,649.3265427513825,2.128975036416e+23,f_instruct_only,False,,common-D,1,server/unspecified,21.8086625532264,29.773790170150544,0.7655662743533981,,,,,,,,,4.2655978666971075,0.7655662743533981,0.4452921014008819,43.08386513196364,1.1885536645354147,7.080890905035037,32,3.5349504945794386,3.570119191077462,5.90870086761975,3.570119191077462,3.8232736591008503,4.901372615781254,4.2655978666971075,4.2655978666971075,4.8348758572759385,2.9032893033991454,2.624667558278691,4.28146733931958,3.310701543768051,4.235858056047105,3.66593593548525,6.194998334263672,4.6148972504255195,5.2726600999369815,2.170643460139716,1.3313850601456214,2.1714852123146504,3.193898761040347,3.6857335981864003,4.308752010282358,1.650583186663895,3.3409967698239442,3.6796616233047716,5.209446736380638,6.733549216841276,1.621134007483313,3.5300876377211545,3.749519059031089,4.671825311276839,5.729073243291475,2.3699285684078717,3.444316402599041,5.072482267753783,7.038474084617788,4.46591551183775,5.327178449487758,1.1885536645354147,2.7163278490960634,7.080890905035037,1.3114601761748321,4.5224888069503955,,2.7836743685030463,3.3056288943404457,1.82835086485982,3.025668538455838,3.4356670322545773,3.413647274716877,3.4522962527756365,4.170482214775586,2.456975491654814,2.229665461832145,4.084523214458065,1.129376101957801,2.0279587410354307,2.616218888786289,3.7090920377127157,2.256243507984291,3.711443979524965,,1.1320827135076859,1.4915656367144754,2.4000873521974913,3.046711163669766,3.4814358174345132,1.2681620936110125,2.451895528148424,2.367860706995403,3.577763565659737,4.362059249253329,1.3618816562266296,2.4621526638628004,2.4791843931396254,3.319486072615434,3.8907000526575324,1.9920737366566463,2.4243319301619874,3.757522586720091,,4.048521827470502,4.773770178583355,,0.5417475281413214,1.1788335324734716,0.4452921014008819,3.5985317719473326,,5.143659673364632,12.743650050630068,6.9136997880264,4.942829755516745,6.470082011136914,5.321885906036164,6.5628164933426225,5.650532449147984,3.337122680314355,3.0635684266239687,4.417769714557406,7.909625847781275,12.285193404297774,7.298597344002924,15.095897657904379,8.005641406496212,17.537027382291722,,1.5681552372714624,3.9527985050453616,5.311994868617181,5.925367213388912,7.332114840449969,2.476097394252354,6.320150160328035,6.419091367327943,9.406970974993996,13.329365949411692,2.1565257284054526,6.934317619826029,5.893403565892262,7.127176983240418,9.242511620941949,2.7654005522675145,4.271459534281681,7.001990288055205,,4.9376153737881845,5.959951221488548,,10.596380147178142,43.08386513196364,2.722412826002269,6.082663978939415,,
B:microsoft/Phi-3-medium-4k-instruct,Phi-3-medium-4k-instruct,microsoft/Phi-3-medium-4k-instruct,Phi-3,Phi-3,Microsoft,2024-04-23 00:00:00,2024,False,13960238080.0,13960238080.0,13631902720.0,328335360.0,0.02351932381944022,164167680.0,4800000000000.0,343.8336776560189,4.02054856704e+23,f_instruct_only,False,,common-D,1,server/unspecified,21.708856806335188,15.838405528368478,0.6929621810831125,,,,,,,,,3.2569277736782367,0.6929621810831125,0.33275458927864554,19.698156894213657,0.9788986481625326,4.200623941173457,32,2.833678847183321,2.8627614895132667,4.731965434500196,2.8627614895132667,3.1450404725308743,3.9045853599517075,3.2569277736782367,3.2569277736782367,3.7236182445326462,2.406360231436125,1.9738773365517974,3.2945978641186815,2.8195552515918005,2.7212118396564384,3.140983544562484,4.200623941173457,4.005921569347992,3.349572968987777,1.7495661724264984,1.2290961397370783,1.4220808806365628,2.3092185253584137,2.560322567859854,2.8653528505463814,1.4731704387632236,2.160289303972481,2.73791270652996,3.5821468165421657,4.368234904041252,1.448802130684403,2.351141065339889,2.7571001625463656,3.2639612558199897,3.8170901224375604,1.9652344432305768,2.8762044212860705,3.56600048616226,5.071199151072614,3.2275585805174836,3.7054492579082274,0.9788986481625326,2.193935032830455,3.5984173647292494,1.0931772170255254,2.3621452748984737,,2.222631933429442,2.633617484916755,1.4234524998114955,2.4603159729843487,2.760151403235295,2.6196403187381843,2.6723716605397723,3.2915884002087377,2.0026090026394,1.6283887948805134,3.1335814708823113,0.9356307517638917,1.1944901549678517,2.1954599798710945,2.5919944057752917,1.8938241333911503,2.3364535357558904,,1.0082111996333882,0.973431150829791,1.827322649126058,2.1408585697898928,2.345135292947688,1.1159520167460493,1.5952006783798083,1.869300512431431,2.489159331517669,2.8683629729855946,1.2164135575510737,1.7263430716358477,1.8986327316684215,2.3250038652010807,2.599651023253552,1.7030461525026348,1.9672471933655462,2.809074398283552,,2.9689641441681265,3.3751855843365166,,0.37795824229421304,0.6459038338372574,0.33275458927864554,1.8389696892081902,,4.13206528712376,10.23958581209165,5.680577862552611,4.110914976795949,5.192389392862309,4.043513305476569,4.914544914113026,4.240810836025068,2.809625924054026,2.3681021855383038,3.4025351382608,6.984351880128094,8.043346613535391,6.242167795388587,9.695740638286257,6.980235183282128,10.432144528308374,,1.3899911160720984,2.6555229986210263,3.648430050412535,3.9997020314092078,4.721781716511219,2.1111878558970374,4.132294565026162,4.4695476405792185,6.303410832089812,8.392666473689209,1.825847564653218,4.758017132455278,4.147656709253651,4.887321103642588,6.029209511314968,2.346326840966579,3.5623546325385234,4.578764169399536,,3.529561467877101,4.095106953025198,,9.13150480157451,19.698156894213657,2.623184892895959,3.2179090693335684,,
B:microsoft/Phi-3.5-mini-instruct,Phi-3.5-mini-instruct,microsoft/Phi-3.5-mini-instruct,Phi-3.5,Phi-3.5,Microsoft,2024-04-23 00:00:00,2024,False,3821079552.0,3821079552.0,3624078336.0,197001216.0,0.051556428836161516,98500608.0,3400000000000.0,889.8008936297592,7.79500228608e+22,f_instruct_only,False,,size-specific-D,1,server/unspecified,21.967325648078557,40.505654073899,0.7944682726390826,,,,,,,,,4.865428869986491,0.7944682726390826,0.5870122244175141,68.4882653709096,1.3278422298614636,10.659361532947413,32,3.9199179580240058,3.9557654325785716,6.364328262721318,3.9557654325785716,4.0810679933598815,5.355079068880132,4.865428869986491,4.865428869986491,5.282990067127381,3.1339483441599114,3.1671720623431714,4.779488508920782,3.57300546376829,5.451327866791161,3.9171031847365563,7.543497420393095,4.836783759236812,6.7468185286845594,2.4611224163992422,1.4045109458492024,2.9864933369035733,3.9676605489388796,4.702811250850974,5.6605173252521475,1.7750576212419586,4.568767857304501,4.445246171477811,6.618878260861708,8.879866838420812,1.7422980180493268,4.688448292206597,4.566765765195124,5.879892002334418,7.433362328961967,2.636807899004998,3.7246322672080217,6.200613265994267,8.276150708522636,5.373836622730248,6.5515283920875165,1.3278422298614636,2.9670775759008663,10.659361532947413,1.4696773613862468,6.42232460452752,,3.1382753687992486,3.693181905155208,2.146790953004133,3.2918501343928273,3.8192967591209,3.9334252919882835,3.9082598374182775,4.519285212323192,2.73002794109059,2.759367123111897,4.5624171800265865,1.320595248342715,2.742949070449013,2.823979807498493,4.277736729930549,2.4685824458926575,4.714547890610168,,1.2224885254395645,2.0626756025228854,2.8697948325932017,3.8823664186789886,4.566953613598116,1.4116918894412842,3.3839749024471986,2.773030210752074,4.586765660678826,5.812498205448117,1.4489471412898836,3.386849097714174,2.965316525782686,4.206084322400827,5.08674598499833,2.181182823491888,2.763062268121272,4.425690353655755,,4.840400123396955,5.82893254478748,,0.7175764642128402,1.9962434416468375,0.5870122244175141,4.9576088716523685,,5.600363332557715,13.086142021565834,7.270031230852333,5.186668478626987,6.920268904310342,6.064737201246335,7.629150313463546,6.228621982639855,3.5664864072396623,3.6503130733070943,4.930801636049201,7.971816086692442,15.96850853646048,7.558983616184271,17.385688545144742,8.110763913978124,22.112459785034005,,1.726129048716388,5.238008719855036,6.827604893758296,7.665574937034269,9.782449148473757,2.6559159357627333,8.238752436671994,7.807656242459128,12.085706669358474,17.805422424002188,2.429870332691121,8.798404204244328,7.299428721591731,8.974177003711173,11.99805875619528,2.996087400066564,4.56507347027405,8.95195107128393,,5.978461605722748,7.380814399940843,,9.919603540298,68.4882653709096,2.6130279045041758,9.429184249942242,,
B:microsoft/Phi-3.5-MoE-instruct,Phi-3.5-MoE-instruct,microsoft/Phi-3.5-MoE-instruct,Phi-3.5,Phi-3.5,Microsoft,2024-04-23 00:00:00,2024,True,6600000000.0,41873153344.0,,262668288.0,,131334144.0,4900000000000.0,742.4242424242424,1.9404e+23,c_moe,False,,size-specific-D,1,server/unspecified,21.8232604022624,34.019859028363875,0.778551962348712,,,,,,,,,4.515732045341897,0.778551962348712,0.4608611402080255,50.71386146220111,1.3428045289438626,8.13073765891689,27,3.704952576941616,3.741710844908689,6.205076087441608,3.741710844908689,,5.1493672764836145,4.515732045341897,4.515732045341897,,,2.779344977493547,,3.4253386965001607,4.6407161870608595,3.7896373215098467,6.721782604791527,4.761193093028189,5.794165465533526,2.2690285009511575,1.3528835376255373,2.3586828284209793,3.408362615182892,3.964877802749699,4.675772538146339,1.6889629092478058,3.6413862629238074,3.906255312441772,5.619138492438161,7.349102856027218,1.6583635079164671,3.8268705418750213,3.9897949523864895,5.022851268717451,6.2188761700443855,2.4632674747230565,3.5800444681638095,5.454967496232989,7.542119860727448,4.775358576127715,5.7414475246434495,,2.8443688823733915,8.13073765891689,1.3428045289438626,4.936483561227327,,2.9188471847452675,3.4682146699813576,1.922130800652677,,3.5985883647904546,3.6044205092968604,3.6344516260396262,,,2.3628996131772997,,1.1774963087885681,2.2295767016270416,2.7030622543759257,3.9264585840905615,2.3363103066877544,4.078768212005569,,1.154425068346899,1.610629227495239,2.527753077476842,3.265084576255559,3.7620181005057662,1.3045963427716352,2.6669454635472953,2.480294656576696,3.8540163859597723,4.753527802117939,1.3868502040937294,2.6806256292512405,2.6088957640700157,3.556298059430782,4.206448140955628,2.057380836858215,2.539256168297249,3.987918576002853,,4.315796029068897,5.127406482696954,,0.5810998511144514,1.3551335215195042,0.4608611402080255,3.9375161729254886,,5.400330322563088,13.41044953196198,7.2282993350622435,,6.793967538155921,5.653425746747615,7.0044446576356005,,,3.241018746262703,,8.181531230637786,13.448366184471725,7.569230601925002,16.444250619423023,8.267340569611713,19.37881917012586,,1.6170737259410044,4.283117532003408,5.763862726585801,6.438482146883119,8.046662442151097,2.5488464508363906,6.886371027503802,6.881618488361382,10.230102112610524,14.68601970795564,2.238565174942445,7.48969710841673,6.340453299768651,7.710023373490201,10.102896261248267,2.8630751694589773,4.4436964012953295,7.65362301055001,,5.292898969867531,6.441323241689759,,10.945805661894765,50.71386146220111,2.7506984276078863,6.787488028264538,1.9696594779011363,2.0617024745481185
B:microsoft/phi-4,phi-4,microsoft/phi-4,Phi-4,Phi-4,Microsoft,2024-12-12 00:00:00,2024,False,14659507200.0,14659507200.0,13631902720.0,1027604480.0,0.07009815991631696,513802240.0,9800000000000.0,668.5081473952959,8.6197902336e+23,f_instruct_only,False,,size-specific-D,1,server/unspecified,21.589737941974924,30.964162195576144,0.7694618602562279,,,,,,,,,4.3376770590386196,0.7694618602562279,0.3453895150910007,44.85381645688325,1.1535442044226696,6.271804541816193,32,3.617099781005742,3.6578917699623608,6.427843150299768,3.6578917699623608,4.082764207596122,5.206428367129076,4.3376770590386196,4.3376770590386196,5.127498038003033,3.0058856426270015,2.4142611948628,4.463154600673423,3.358198916482508,4.03728234962083,3.7716671929016994,6.248809252684396,4.8730726963340825,5.1468765511840795,2.1088466934831294,1.2984923125884265,1.7670918860372529,2.8856446505427593,3.288584784936218,3.7923497865680855,1.6039761012459588,2.7889584551544155,3.4156073944928464,4.740475125413258,6.038151572872297,1.5751637602085893,3.032627607508843,3.46576774525667,4.262098591107285,5.163520568886733,2.322459281535851,3.5534508185537974,4.882967766412426,7.151774154594805,4.311920893678724,5.122260347980508,1.1535442044226696,2.8444744321212903,6.271804541816193,1.2147052217619083,3.860534007394902,,2.7713995237015037,3.353906147079179,1.6823715159914676,3.1390934276312135,3.523937108618397,3.3986551154688915,3.4474446044190947,4.3985802322206125,2.478471886430891,1.9747672233043643,4.220396246991292,1.0490634106171854,1.764977146508718,2.6173703917454,3.606861126523057,2.21122570145313,3.4995445475149,,1.0620695955140855,1.167643753978714,2.183242244434778,2.6884440498577273,3.0263794061491835,1.1802627645957982,1.995569521732946,2.1848910119780895,3.1501210027705167,3.765399866002905,1.2941139338242806,2.1485776491380966,2.254417133017546,2.924800667445025,3.371149465347156,1.9531179307214623,2.3642410996510272,3.63302047618341,,3.900613792979931,4.579238162191122,,0.4397002818609203,0.8924443489994013,0.3453895150910007,2.9023582887338697,,5.52978252785084,15.249638328559158,7.702235732612128,5.453323153582624,7.134038703742826,5.538702297908477,6.977903088224877,6.027457792072498,3.538531063672523,2.9283185749309832,4.6270925694275435,8.839990682266576,13.058501679631046,8.058839734962353,15.229779562758285,9.02509897618224,18.90162860482421,,1.5136184464147318,3.473090752793232,4.893604055939411,5.446985213346374,6.672569696481772,2.40373887609616,5.660747680173643,6.041643611334527,8.927104503306355,12.546848022590037,2.076944479777115,6.508126013505192,5.5386440726661,6.722354393682184,8.650336855270549,2.793881701285006,4.501339472125067,6.695522935598384,,4.792603267559993,5.764629132512395,,13.099246134963831,44.85381645688325,3.0467098725140143,5.403822395609793,,
B:microsoft/Phi-4-mini-instruct,Phi-4-mini-instruct,microsoft/Phi-4-mini-instruct,Phi-4,Phi-4,Microsoft,2025-03-03 00:00:00,2025,False,3836021760.0,3836021760.0,3221425152.0,614596608.0,0.16021718500366378,614596608.0,5000000000000.0,1303.433690636833,1.150806528e+23,f_instruct_only,False,,size-specific-D,1,server/unspecified,21.905671230480515,59.50211143601836,0.825623177263225,,,,,,,,,5.734707080364219,0.825623177263225,0.6431853445165564,109.35136502961672,1.4509172511669248,14.740310294735378,32,4.507707239632141,4.551347084027094,7.569064604752621,4.551347084027094,4.863328240875155,6.306412568912442,5.734707080364219,5.734707080364219,6.528064155112841,3.6529377817405235,3.567065105814453,5.897173745628973,3.9493591438457343,6.852934005205384,4.347894182843753,9.478548031772927,5.403980432149995,8.647152260983992,2.7433201203451243,1.4509172511669248,3.40910233620849,4.527012266476349,5.4538006065907725,6.68191884503682,1.8660474586963482,5.326478332575753,5.062178849142567,7.803461820016205,10.740567026110051,1.8300917768916571,5.4576350092705095,5.22413570383157,6.878502908905357,8.878207138751815,2.9050165334953606,4.202158727030063,7.440585332829246,10.081834287035617,6.356930536815082,7.905033960241731,1.5014220537023801,3.439923855488395,14.740310294735378,1.62297224921061,9.737355026775784,,3.5686396073333806,4.242975512630061,2.372064437999522,3.890755631781491,4.414061920464113,4.570187032354657,4.524348682976066,5.474610407202675,3.1709815343288468,3.082583450163001,5.60893656595526,1.4165436612682822,3.406565119874024,3.094164411424673,4.891703861743964,2.7006286652496523,5.64258137943537,,1.2568540593943227,2.3058448218914327,3.182998383818945,4.444744544865144,5.31386860698307,1.4586525499732514,3.8804896854796724,3.050176999490843,5.264149628810882,6.815316862714819,1.5017842403114676,3.8544638684537538,3.2730424020250073,4.814182222745107,5.927143453979277,2.3618491239193484,3.0960368623397905,5.143040219919827,,5.666816478109945,6.952069852215619,,0.7963477192448596,2.4894711116333976,0.6431853445165564,7.318809036683123,,6.591405360643128,16.354526972961832,8.636370977107239,6.244366113446304,8.282865238996958,7.2775553247202724,9.40122822560665,7.859382458130342,4.191687442906524,4.135651516456831,6.096165629085112,9.0495059307003,21.405807799806993,8.74515589878942,22.43991851289982,9.363945702407538,33.01760187250001,,1.818005442090497,6.176141810301406,8.117344168941376,9.214092850954128,12.020498669851737,2.884366224683256,9.894439386655604,9.268326138764632,14.914196351692162,22.70285417684243,2.6326811813097537,10.589185669034118,8.637640188754808,10.786525727397974,14.77644386925711,3.311674876175862,5.201861988226843,11.145404053052918,,7.146766466115464,9.010721332073059,,12.034858288235634,109.35136502961672,2.8617307468902653,15.478882325630188,,
B:deepseek-ai/DeepSeek-V2-Lite,DeepSeek-V2-Lite,deepseek-ai/DeepSeek-V2-Lite,DeepSeek-V2,DeepSeek-V2,DeepSeek,2024-05-15 05:31:53,2024,True,2400000000.0,15706484224.0,,419430400.0,,209715200.0,5700000000000.0,2375.0,8.208e+22,c_moe,False,,size-specific-D,1,server/unspecified,21.95914503559286,108.15539476379614,0.8649294794342096,,,,,,,,,7.403539986454097,0.8649294794342096,0.7844448513672239,240.34272060421407,1.5563966199415824,27.15145074029009,27,5.566828736805976,5.620442582419481,9.461661565392468,5.620442582419481,,7.8877196785275006,7.403539986454097,7.403539986454097,,,4.585619310243044,,4.601404972415454,10.275339004100704,5.0503708892454675,13.65350706235055,6.230709973972758,13.159594366317043,3.3386699170720826,1.5563966199415824,4.876987403655514,6.018172234782566,7.509370086958092,9.559515419282118,2.064567117570272,7.747409353884192,6.5839110355761745,10.886626851364364,15.780389842298936,2.0222363999997763,7.762183552204704,6.86477695674828,9.458956961701011,12.734541643288974,3.448228164578322,5.002403624702446,10.273321549756133,13.73950727074674,8.557816855385932,11.021342310259303,,4.236254809774563,27.15145074029009,1.8366598285453206,15.461996325418761,,4.411629029355685,5.263759000230675,2.9231522702338486,,5.550148977873075,5.876867028482526,5.726647482674702,,,3.9363540265156836,,1.6811320157641563,5.269135307823549,3.5904453055045518,6.100100491564608,3.13841873011127,7.623337001009871,,1.3709177659678355,3.2597327504204836,4.000681223827619,6.026306095101929,7.472113745676488,1.5693244245192148,5.57977556746192,3.752575657505749,7.156517531262239,9.718461914914345,1.625902004260485,5.346138298682265,4.101202082201508,6.5448465457725336,8.392146815239585,2.725202844782386,3.7871078104040756,6.728265604825174,,7.512559710827952,9.527797625284576,,1.0945484282732187,4.340810346830849,0.7844448513672239,11.271004828705918,,8.216260917486153,20.74033710673308,10.600671823604863,,10.401800694437476,9.533757292732924,12.495686724648042,,,5.246032353103031,,10.822095924663405,38.8663120084702,9.907929398594826,39.058435841530205,10.881541866729975,56.54982448345363,,2.0117699528244484,8.975225361529743,11.518512108391494,13.098350069323793,17.822814775455118,3.3607495283554405,14.25563415458699,12.758046416461896,22.098589601591822,35.75995866855095,3.1021518322272583,15.280220393765832,11.896556944794877,15.295957770593125,21.945216948165132,3.8691665920734564,6.15953654244029,16.475902560977797,,9.8059251395424,12.832981050499095,,14.515620934774846,240.34272060421407,3.037367749031158,25.593668069598596,2.9269215598538527,3.335942749644909
B:deepseek-ai/DeepSeek-V3-Base,DeepSeek-V3-Base,deepseek-ai/DeepSeek-V3-Base,DeepSeek-V3,DeepSeek-V3,DeepSeek,2024-12-24 00:00:00,2024,True,37000000000.0,684531386000.0,,1853358080.0,,926679040.0,14800000000000.0,400.0,3.2856e+24,c_moe,False,,singleton,1,server/unspecified,21.382318401284966,18.70704534901894,0.7140497851010563,,,,,,,,,3.4971122520520055,0.7140497851010563,0.2325171434267539,23.40153227453616,1.009086129624247,4.54156514200923,27,3.047947512994977,3.085463266901376,5.606924276880142,3.085463266901376,,4.459729447725321,3.4971122520520055,3.4971122520520055,,,1.8137707505906218,,2.961414653444136,2.7146882383892543,3.3703196028630398,4.54156514200923,4.468730881179226,3.4762116723545864,1.7324708206179664,1.1972950107120837,1.102061857919512,2.0762299143998355,2.2719987472749144,2.5065671687392848,1.434875629967736,1.746482217273269,2.556710059576729,3.284503728645209,3.9516144873199797,1.4105562799835842,1.9791024971067592,2.5625292158236164,2.9969009062760676,3.4654028447575853,1.9634999873378636,3.112911314497388,3.5600799419054705,5.490965906764556,3.2226198962442796,3.6991117393877753,,2.4444484933727173,3.324354953929108,1.009086129624247,2.1290690946805966,,2.2862832972767615,2.812793211408884,1.3014155268703713,,2.972509308220063,2.6842118267977564,2.7839778179965267,,,1.3976640283451414,,0.8457315975299211,1.0317060067461106,2.315607316259129,2.6148141627717485,1.920940575081297,2.251536813025394,,0.9166254261543356,0.7013918715495083,1.637243251040985,1.8603098287796243,2.0038333765127057,0.9806791004755834,1.2161434935762532,1.6956480828981126,2.169225785051761,2.4467865595796137,1.1445648084975646,1.3565840290482678,1.7086337659766169,2.0244649612931735,2.222523771586704,1.6942587646069904,1.9696693563267782,2.8076291910580182,,2.9457134098514746,3.34565249422672,,0.2742072372090212,0.4685021298696271,0.2325171434267539,1.5652974775938115,,4.728644919259126,14.09373724478463,6.990202865017771,,6.259070027126086,4.509330067716158,5.6796337123341445,,,2.3039137361946906,,8.563717694489862,9.479549397000605,7.4654688790661075,11.632836352449717,8.535799793283937,12.711271485411897,,1.3514858648014172,2.3544228552508373,3.389106722980582,3.739001308455097,4.378539452395139,2.216282904469674,3.7262895449071594,4.360764310911525,6.214051116185743,8.255341127434665,1.8114892882424123,4.581810850202236,4.0240631883578954,4.772253452215707,5.868723701026688,2.450405742520149,3.9876641247823854,4.581284042550465,,3.5638614487365885,4.139617884988204,,13.327481302080011,23.40153227453616,3.1415501763551656,3.1464892728789953,1.1199829716657812,1.013830530742877
B:moonshotai/Kimi-K2-Base,Kimi-K2-Base,moonshotai/Kimi-K2-Base,Kimi-K2,Kimi-K2,Moonshot,2025-07-11 00:00:00,2025,True,32000000000.0,1026470731056.0,,2348810240.0,,1174405120.0,15500000000000.0,484.375,2.976e+24,c_moe,False,,singleton,1,server/unspecified,21.397591482250668,22.636893521487675,0.7364316938077338,,,,,,,,,3.794082886697789,0.7364316938077338,0.2517426075101106,30.098079131431472,1.060054277649879,5.102021518565232,27,3.260457029270289,3.3005632374750697,6.023406459217264,3.3005632374750697,,4.791142708493105,3.794082886697789,3.794082886697789,,,1.9639069517437644,,3.109477312188059,3.087832981613313,3.5357146006252247,5.102021518565232,4.677722416656228,3.973381349427088,1.8440428941584774,1.2241828936294246,1.2336940724919725,2.2719951001781777,2.5140074170890045,2.807377265492386,1.4815938364204144,1.9657614808443298,2.7787985891115103,3.6500487887411692,4.464052785594967,1.4558967534432994,2.2121251510700666,2.794190890207355,3.3152344427101887,3.885057817390794,2.0734891497109764,3.2913814751790005,3.9446306516605074,6.060859015489174,3.5421089517386815,4.1113838803850165,,2.612920025763016,4.03573706246304,1.060054277649879,2.5572559370461683,,2.446904452598088,3.0035732698477564,1.394675591451896,,3.1696887220391226,2.9196027244482217,3.011279418916099,,,1.5323791834595402,,0.8918313749414057,1.1886481972272664,2.4322432538986773,2.919243708719192,2.0011673913514723,2.6327179319358964,,0.9420274400948652,0.7815370491400443,1.768581384440846,2.0530477096403414,2.237697007045213,1.033999770051605,1.3715329038872708,1.8190599618981163,2.3980847933426412,2.747444210655026,1.1756745409320184,1.5191393538672575,1.8368306088713822,2.22107666078113,2.4684634067978277,1.7730342544181408,2.090465645879357,3.0490227451775658,,3.2251107878244665,3.7023080088180653,,0.29831388125163555,0.5391987692346586,0.2517426075101106,1.9002539360897865,,5.1008290533301075,15.219299946281344,7.447113125396925,,6.745066005229505,4.9056311959727,6.2156304202478,,,2.470658687845931,,8.930631749829708,10.804636593656895,7.881548271230872,13.376976734940841,8.953267645519599,14.864493923175335,,1.3926108147991747,2.6158184378006193,3.7690523226504413,4.201475128592019,4.989294089116633,2.3087387216201,4.199458260407969,4.7997467208102,7.002287036927553,9.476860909631656,1.8988537533597227,5.105701182847745,4.439318220547619,5.294491238941153,6.601047954543389,2.5751328925265633,4.223695134743033,5.172527654848205,,3.9289530812709748,4.616444344755003,,14.083491993432657,30.098079131431472,3.208721268321453,3.7777851212345563,0.9896238853163928,0.8708406630533471
B:zai-org/GLM-4.5-Base,GLM-4.5-Base,zai-org/GLM-4.5-Base,GLM-4.5,GLM-4.5,Zhipu,2025-07-28 00:00:00,2025,True,32000000000.0,358337791296.0,,1551892480.0,,775946240.0,23000000000000.0,718.75,4.416e+24,c_moe,False,,singleton,1,server/unspecified,21.336752720810512,33.68600692920704,0.7776164986388913,,,,,,,,,4.496736465967362,0.7776164986388913,0.25862685521966344,48.66446066442376,1.123974111192651,6.460756798172753,27,3.7668227792700293,3.815223593057132,7.202662584407732,3.815223593057132,,5.6719400233632005,4.496736465967362,4.496736465967362,,,2.221987732373979,,3.44851776950365,3.913381511056498,3.937941678574678,6.460756798172753,5.2444554657433695,5.136707620492285,2.0634871969085147,1.2662255228094872,1.4163835611115427,2.605582326527672,2.9322591751435683,3.335328007638633,1.560471312634071,2.3062967061586495,3.179956545066895,4.33002496627896,5.438222473875139,1.5320939709726256,2.5907890171814905,3.2126416086573393,3.901265292148854,4.671364799305448,2.2922584949550555,3.728039304287092,4.764157041995485,7.432553223571391,4.215140133056583,4.99391452174927,,3.043869454329716,5.647122085182499,1.123974111192651,3.3585048683065883,,2.803818271118036,3.458795446768414,1.546081974364116,,3.671439282535752,3.4322075888753405,3.511592563522033,,,1.7391636830046175,,0.9552255912661143,1.5561245680544593,2.7049027085947497,3.5874568612729276,2.194634148335973,3.3569065226514496,,0.970541858680011,0.882693840712688,1.9772963271899182,2.3627009586163226,2.6188790195185474,1.0964802772499027,1.5823797964099457,2.007220170829786,2.7660423082350154,3.240130693606199,1.22958890147163,1.7607296929455594,2.0414200140877203,2.546165142756258,2.8813786752208976,1.9253541935953102,2.33419606713594,3.561841570981704,,3.803347616447358,4.451782469555151,,0.3240856147583291,0.6702222269622287,0.25862685521966344,2.433723812298437,,6.091235423032641,19.145882208381018,8.866751994961557,,8.121525477598809,5.893188190796799,7.6383813950616455,,,2.789431780765351,,10.165167265209261,14.388208178711535,9.158590664085608,17.21788879932898,10.238490130194236,20.946072291482118,,1.4642640444449941,3.0741248117503135,4.515873948931532,5.075267411505902,6.164822774848089,2.4955559928709796,5.0887529303986705,5.718541083615786,8.648118772526768,12.094882273386116,2.0007972429369048,6.169100039115822,5.3022195148961115,6.4094537717889395,8.19583507418064,2.8559804787399594,4.844207103587072,6.458968943473065,,4.714567896275427,5.6598070110425445,,17.288251791835197,48.66446066442376,3.4743288470960874,5.077693487379236,1.6487004016822324,1.6131854369378569
B:tiiuae/Falcon3-7B-Base,Falcon3-7B-Base,tiiuae/Falcon3-7B-Base,Falcon3,Falcon3,TII,2024-12-17 00:00:00,2024,False,7455550464.0,7455550464.0,6650244096.0,805306368.0,0.10801434071012139,402653184.0,14000000000000.0,1877.7956191968176,6.26266238976e+23,,True,singleton,singleton,0,server/unspecified,21.639554647086673,86.7760751004931,0.8515963066870987,,,,,,,,,6.7383767726828285,0.8515963066870987,0.4798337745414002,174.15900395551085,1.457519055672676,17.453832024583676,32,5.213765560399954,5.273400021563213,9.567877663919317,5.273400021563213,5.735220842201878,7.72305525066742,6.7383767726828285,6.7383767726828285,8.106136755737372,4.108634852953736,3.6547159537568117,6.879751134074876,4.374133140396709,8.006851063322038,4.900063254690263,11.692486379435726,6.281302287079406,10.516767735496636,2.9361561546333963,1.457519055672676,3.1402296536301826,4.611166196143179,5.567817180354146,6.838529572247123,1.8970357764177816,5.123093389518413,5.283640206013097,8.238445403476339,11.435315353796081,1.8589010364737362,5.389484750749424,5.452189662870049,7.229999734583547,9.39364138559744,3.103130877006104,4.817236696672687,8.424163912035596,12.18694369010186,7.127517321997128,8.98359613972566,1.5419140686564323,4.097956919893018,17.453832024583676,1.5473317444352284,9.6970578888568,,3.979120002816269,4.862257105923582,2.409813072606451,4.417497584945149,5.0585786142717275,5.1743138068907575,5.166058385294605,6.661350002892703,3.4669792732836635,3.0586924657983094,6.48127020334602,1.3766984654260603,3.650606025388408,3.4020053606995546,5.548598126643438,2.8915809619443054,6.553712640855154,,1.2321736228009712,2.021894871903888,3.211365214449178,4.44256049725485,5.310944959323261,1.4161239026909327,3.5840287344367723,3.05283595947846,5.289921345739974,6.853885263242454,1.5047186729739033,3.670343841600425,3.27204843404063,4.795202746161885,5.900690792837601,2.485863964893215,3.3273956997110625,5.715053563716845,,6.291647258970325,7.814340708150678,,0.68807277032878,2.248457179526953,0.4798337745414002,7.025595573162002,,8.093511770329254,23.680416979170328,11.167210420908695,7.674515132574512,10.652373884109364,8.837916887435235,11.78286016552822,9.970569699979562,4.779747479014549,4.336600105676338,7.158101709533969,11.725800933615329,29.00712455267064,10.944566305797741,30.81559510798385,11.928670744100971,46.932039150320755,,1.8299839263529303,6.190846982329665,8.74751285977504,9.896043854504937,13.020992643051093,3.100439799948281,10.580660734107024,10.310490108952482,16.674271319164696,25.8261929665127,2.6957473593997228,11.584822915527159,9.498033592024036,11.986268446705553,16.65074594429091,3.6537318619438457,6.163338740094045,12.887542747033143,,8.075401459763949,10.329187024245229,,18.552125149242762,174.15900395551085,3.4080281775054924,15.699016403939684,,
B:tiiuae/falcon-11B,falcon-11B,tiiuae/falcon-11B,Falcon2,Falcon2,TII,2024-05-09 00:00:00,2024,False,11102822400.0,11102822400.0,10570145792.0,532676608.0,0.04797668455905413,266338304.0,5500000000000.0,495.3695377492483,3.663931392e+23,,True,singleton,singleton,0,server/unspecified,21.723409024509362,22.80348987538509,0.7372564893585437,,,,,,,,,3.805993143498089,0.7372564893585437,0.3726460196193082,31.032012593987435,1.0873605135252506,5.241574377012127,32,3.2252935337765876,3.2586389082196288,5.452164593282916,3.2586389082196288,3.5602395411059717,4.491844023282084,3.805993143498089,3.805993143498089,4.286460282355841,2.6963657770899387,2.282410023252391,3.856582172708926,3.096027818891134,3.463227923570559,3.446538894271289,5.241574377012127,4.385030597319284,4.309578347191839,1.965670473431622,1.2798234013932375,1.7371206074352392,2.7209837302465574,3.0785406506987596,3.522186899487117,1.562471579676271,2.670892057338319,3.1905645566353127,4.348332094031996,5.464798788158484,1.535440486399208,2.8742789427193656,3.2318743563060264,3.928520463992359,4.708335969244665,2.1763725453698886,3.203909713329335,4.321015485790348,6.122885069092663,3.8524516593349882,4.516080043060278,1.0873605135252506,2.4975019583203126,5.156240945335402,1.1912523399076893,3.280683052418305,,2.524281486135694,3.003162190023726,1.6141368589895222,2.7896684769232563,3.1412975420550384,3.0467526051571774,3.082990892344943,3.7394222637066283,2.2510000535202592,1.898857556729296,3.668078961033881,1.0136034748247036,1.5842822791188576,2.4133573727130013,3.1678797261175506,2.0791699277367295,3.0004596855880457,,1.0665687680292375,1.1948089193774896,2.0955400459206475,2.5525140978391048,2.855569633060333,1.1849046244754278,1.9559024570141277,2.106031628432488,2.9770802207658003,3.5274368177831903,1.281880636345985,2.068079938575539,2.1721178383506734,2.7838916028430316,3.1878379016739142,1.8539405909797473,2.199915116271636,3.2916265353815337,,3.5132687065413184,4.073981729477993,,0.44624900468726814,0.8652930415816127,0.3726460196193082,2.5121259113760206,,4.756285852115064,11.991966705669645,6.4770882298474985,4.647965972104318,5.991302912742598,4.754312432225415,5.856066382197584,4.950286239152188,3.13448472752984,2.7252400551475295,3.985420636039638,7.688185095423912,10.340269252667825,6.937860911217502,12.112143052852982,7.717312077153669,14.230637407068649,,1.4780322589632102,3.2394524817223007,4.430990531404862,4.902694635170336,5.93058778779872,2.236146924000016,5.145616254972888,5.4288374268248285,7.804525793290112,10.74225918302303,1.9835119792213394,5.816891131121334,4.996865296236288,5.977216375402192,7.572834114169845,2.5799041096822366,3.987219913021547,5.776087106540139,,4.2457272346960355,5.034440460341106,,10.289294438565827,31.032012593987435,2.734846630786298,4.426385555604461,,
B:ibm-granite/granite-3.0-2b-base,granite-3.0-2b-base,ibm-granite/granite-3.0-2b-base,Granite-3.0,Granite-3.0,IBM,2024-10-21 00:00:00,2024,False,2533525504.0,2533525504.0,2432862208.0,100663296.0,0.039732497597150696,100663296.0,12000000000000.0,4736.482810634458,1.82413836288e+23,,True,common-D,common-D,1,server/unspecified,21.832990700660943,216.94154848383056,0.8996893789232041,,,,,,,,,9.969034078997668,0.8996893789232041,0.797384728394361,578.2260269587008,1.6475021302334123,48.303520453341,32,7.172906262067395,7.2495831767483425,13.008504933874672,7.2495831767483425,7.269713261156435,10.636407614726393,9.969034078997668,9.969034078997668,10.744109125091052,5.192144891582185,5.6494275938652105,9.551943186093535,5.517366126022513,15.471358814981157,6.107616760982546,20.620525552966075,7.638165120346495,20.550979561987468,4.052355266809881,1.6475021302334123,6.1041451600389225,7.580535026620095,9.731991814877638,12.779534139429122,2.2548394728774013,10.090452571536071,8.279812132252616,14.554283055774292,22.07099145424358,2.205292225896986,10.101726580424076,8.701171005268682,12.47170651167285,17.41635682773882,4.100547207363376,6.231115155009614,14.23368168793953,19.63276421447644,11.557482674420458,15.421022263478262,1.992100437797533,5.548108687080101,48.303520453341,2.0073092745099825,23.937988936950134,,5.560111511071732,6.766810099104711,3.4831454146501764,5.709692129455748,7.196951713871783,7.675191896682402,7.457007612400269,8.598863124094242,4.491461590663953,4.77690425671064,9.004189656556798,1.9112015303154823,7.384332558698593,4.2630726545370825,7.924854505723741,3.6903079666161105,10.314925855898439,,1.4384011977593971,3.92044255478364,4.80322887671608,7.608812930812735,9.701375572099186,1.665065405286427,7.0319454826934855,4.400504546891038,9.099712362249209,12.827584482358143,1.7286466752127216,6.6892714994424916,4.8737884795532995,8.273248481182815,10.942548304854064,3.1414284552459755,4.573848693613691,8.799885175069019,,9.979163964816966,13.0866773542427,,1.2849509974476674,6.288060779420596,0.797384728394361,16.551537074872634,,11.060775149104114,31.387259267010236,14.568242869359455,9.527249516712214,14.452966983717566,13.238770918183771,18.065025785512617,13.588790178948837,6.09036862121665,6.552308692933754,9.964639924220462,14.60391437570882,78.0450259227776,12.633445398542534,70.15330109761588,14.215792685178632,110.70155754501016,,2.197597548977281,11.95116729657401,15.711229250207985,18.199751449265484,25.75893233117838,3.900008064534766,19.6998060217869,17.34366630136032,32.04225461139272,54.93445473072853,3.5725297419567843,21.380062407290467,16.154849588702735,21.30645875257056,31.939075019930957,4.6380965494342785,7.817813011863739,24.375391234357647,,13.490439367999658,18.331187942871548,,21.201555793396473,578.2260269587008,3.497472453946449,43.38018791482139,,
B:ibm-granite/granite-3.0-8b-base,granite-3.0-8b-base,ibm-granite/granite-3.0-8b-base,Granite-3.0,Granite-3.0,IBM,2024-10-21 00:00:00,2024,False,8170835968.0,8170835968.0,7969509376.0,201326592.0,0.024639656552703948,201326592.0,12000000000000.0,1468.6379762115423,5.88300189696e+23,,True,common-D,common-D,1,server/unspecified,21.64932046965352,67.83760156676394,0.8351264568229678,,,,,,,,,6.065254501907896,0.8351264568229678,0.44889592608044787,118.76481786390337,1.4121152706486253,13.884827159173208,32,4.77336365502777,4.82715601237017,8.641465155606443,4.82715601237017,5.142092061001352,6.997339761307926,6.065254501907896,6.065254501907896,6.872947975537784,3.7220679289297935,3.342544285245216,6.002430653259877,4.104757314792908,6.848223239690784,4.594659160804143,10.081887624877199,5.885648253815825,8.911043906530193,2.7240202621852974,1.4219475127503023,2.7992817889559736,4.171330506337934,4.974839298274485,6.028392452863023,1.8287765314354525,4.520063329989068,4.8035040001131675,7.301791085832931,9.946773917495905,1.7929550691046825,4.778700477008689,4.939219771932177,6.442952176593425,8.244355199440518,2.9044709792721877,4.470803436436615,7.437955907476996,10.7342551636893,6.354860224654248,7.9021561365137805,1.4121152706486253,3.7437326081376057,13.884827159173208,1.461795329424783,7.721999865965412,,3.6558625463178975,4.44893501102681,2.2327398395768925,3.9654761955659756,4.633149965658954,4.681562162310704,4.703779834929999,5.736070751400766,3.1189305322883136,2.791915266534232,5.668341062143506,1.2945539538144717,3.113500421648087,3.204046082815589,5.074215831576592,2.7200789424161895,5.807363346416052,,1.196667663436914,1.8192208779764543,2.9619037023264143,3.995791208158004,4.716612404692526,1.365109470895499,3.186897801259607,2.8454955918476585,4.747266890325746,6.048148776676696,1.4636848931077189,3.2135358440620823,3.0287463163941375,4.3276671061122896,5.253560123367831,2.3533508506955703,3.076232390649289,5.152333634871697,,5.64028643079707,6.91569732821761,,0.6344739956789708,1.8467981072933244,0.44889592608044787,5.843771906851996,,7.338692367223528,20.97798130160419,10.132768202729935,6.857434372842315,9.601231571476891,7.875469205516856,10.302549607796056,8.316851263512017,4.331839095078451,3.960915451992462,6.231359372197764,10.725553742297881,24.7046711336467,10.085567438478648,26.47532209649701,11.044280906169138,35.610735688109884,,1.7581566109337812,5.473398682911656,7.672982991752294,8.674634204926226,11.235284764267137,2.9418088876451467,9.232922612505371,9.170553207535477,14.441816166417507,21.87403983094082,2.5409034486092215,10.139356964032075,8.41003400279593,10.53445643262369,14.386046132013552,3.426834749450065,5.702129523837118,11.090301078841339,,7.161437171015497,9.031400538066341,,16.745291992455577,118.76481786390337,3.276828323126586,11.825365341396756,,
B:swiss-ai/Apertus-8B-2509,Apertus-8B-2509,swiss-ai/Apertus-8B-2509,Apertus,Apertus,Swiss AI,2025-09-02 00:50:39,2025,False,8053338176.0,8053338176.0,6979596352.0,1073741824.0,0.1333287887003045,536870912.0,15000000000000.0,1862.5816614409612,7.2480043584e+23,,True,common-D,common-D,0,server/unspecified,21.616753942349476,86.16379991225091,0.8511464610367326,,,,,,,,,6.718012933819263,0.8511464610367326,0.46739995768343,167.16329198964246,1.4519986085617635,17.0503974763978,32,5.2054953158757025,5.265732542663558,9.609256113396754,5.265732542663558,5.799338177898492,7.737902969141784,6.718012933819263,6.718012933819263,8.057887645288268,4.141397569895013,3.607568469492458,6.951794812542208,4.368063607158918,7.909272514184521,4.900488760093422,11.62422977949682,6.299069435609901,10.410590351672218,2.917116359591784,1.4519986085617635,3.055938769384827,4.540716546172417,5.472350263726737,6.707371779456766,1.8880897581455776,4.996773596213907,5.219107009026087,8.111180487312152,11.231445594056538,1.8501549031614541,5.273891523822462,5.38230131599494,7.122016709796238,9.234934573161818,3.0870968280534576,4.816807697589579,8.342434294673039,12.137056483774769,7.063766568987294,8.893822644965933,1.544769988287401,4.101144463211868,17.0503974763978,1.537801871098796,9.591849751224167,,3.9617402056136846,4.849893279285222,2.3802250009812225,4.455559592847366,5.050134669493242,5.149233805388565,5.148178732796479,6.6254097947805874,3.487900882195749,3.007899573662551,6.544032008020396,1.3595049751747406,3.5756549566747466,3.3967806406211856,5.542886075495831,2.876367777154811,6.508119079083648,,1.2225520426286098,1.9616147169139884,3.1687354885260004,4.363057753325333,5.2046373627625755,1.3991148434597325,3.4874791881744756,3.0179921029316423,5.195882802337573,6.7132949964342705,1.4979172909920548,3.5472391984993195,3.229983350886866,4.71241472838067,5.785467545082096,2.4744340449149202,3.3051147790982687,5.666962166728559,,6.23290107547548,7.732823669124237,,0.6677082642335895,2.1516631563277553,0.46739995768343,6.980843174647791,,8.112172235727028,24.004313343484238,11.249675248353729,7.781141252856548,10.712901566582683,8.824154694567852,11.755131088172401,9.905371439335024,4.8215822501709535,4.2888698359193125,7.2347170085020505,11.829058513611427,29.032852919940392,11.019453442572768,30.928730061196227,12.005580260243269,45.91306865168736,,1.8185355373485517,6.071965581436778,8.605519082900488,9.74191908726944,12.79413173877283,3.0938805439178862,10.392241861394018,10.21142431126739,16.43611950398926,25.400449121561515,2.6745339952808473,11.41222745609251,9.376525684274968,11.825828987038019,16.398601021791038,3.647016368585597,6.178270350185097,12.731306542885942,,8.004098140815573,10.227289040889627,,18.890552850661788,167.16329198964246,3.4432112756468407,15.484423367058078,,
B:swiss-ai/Apertus-70B-2509,Apertus-70B-2509,swiss-ai/Apertus-70B-2509,Apertus,Apertus,Swiss AI,2025-09-02 00:00:00,2025,False,70599864480.0,70599864480.0,68452380832.0,2147483648.0,0.03041767379891147,1073741824.0,15000000000000.0,212.46499707162045,6.3539878032e+24,,True,common-D,common-D,0,server/unspecified,21.280816171066125,9.98387446062772,0.6260128293961716,,,,,,,,,2.673888514371844,0.6260128293961716,0.16986625425606122,11.68309181921895,0.7201543346439165,3.8852146120866684,32,2.4465072416517475,2.477449198791329,4.501402154308403,2.477449198791329,2.9786867214288626,3.5600310475132866,2.673888514371844,2.673888514371844,3.2728213807549547,2.182640932416897,1.3634548507736366,2.843577705257884,2.5243820009269093,1.7454902352838855,2.8910297200785084,3.084776111811499,3.8852146120866684,2.211346407611715,1.3968395356412298,1.1051415195882064,0.7201543346439165,1.5002159497360392,1.5771773245349676,1.6656046991612028,1.280540809701742,1.127411346763824,1.9019474988903415,2.2578839017280314,2.562700980863437,1.2604942133412342,1.3165182979453922,1.8838101856660707,2.093167763894045,2.308119280977476,1.6288084772760725,2.6028631464430623,2.5045040086897714,3.96260467227708,2.330505963887499,2.5748461291693236,0.7967313947785941,1.977743485947658,1.6901134060627825,0.8485592953513741,1.149958857160919,,1.8139638382018306,2.252378144063567,1.0127409927796847,2.1910347429269796,2.368433012585445,2.0522543259376382,2.1255963191408105,2.9283285389193554,1.681361641562377,1.018127687090807,2.6617275273072316,0.6816706221124755,0.5045823450465947,1.9993699441978958,1.7929598522131809,1.6082816103650615,1.2941251267054212,,0.8147942220620634,0.43849483867034467,1.2338195523364914,1.307713957870935,1.3503997463864579,0.8003848806427747,0.7584481756963168,1.3234152952235256,1.496546945010968,1.5933631855269716,1.018341968759552,0.8875721408837121,1.3073893625218393,1.4295028720636802,1.4987242623895844,1.4456847087879177,1.6066134231730567,2.0878636682868934,,2.1474326633224914,2.3498146825231303,,0.19604553104496417,0.23415345090614673,0.16986625425606122,0.8210304521973191,,3.809390318853602,11.372631156725138,5.7957270486712975,4.1539433713735185,4.98024938881614,3.4784793792703117,4.26372802651519,3.6801194559223265,2.703708203390053,1.8057073871531286,2.9777315046473407,7.3787179857918765,6.074105302142856,6.643060280673774,7.406052752814434,7.548016329804267,7.584894168914845,,1.2329155545051773,1.5787701310823123,2.3533885197100397,2.5381011717407675,2.8375211212130025,1.9197997945072738,2.434297545358149,3.1651933347290266,4.1843108618873,5.227318433106853,1.5362859072276436,3.143438902831685,2.8652730325783233,3.2998877901147807,3.8646996192172085,2.080834817424672,3.3741997046870504,3.023439235621365,,2.55835968228359,2.8578314186209393,,11.68309181921895,11.106618885026286,3.0210017677488836,1.6490481605443024,,
B:marin-community/marin-8b-base,marin-8b-base,marin-community/marin-8b-base,Marin,Marin,Marin,2025-05-19 00:00:00,2025,False,8030261248.0,8030261248.0,6979588096.0,1050673152.0,0.13083922422345584,525336576.0,12700000000000.0,1581.5176627239912,6.119059070976e+23,,True,singleton,singleton,0,server/unspecified,21.64317653050044,73.07234501808237,0.8402826776970129,5.081706446921882,3.0987357563459432,8.714315266332688,0.8032157090447983,marin_nemotron_mf,1.431983243664545,6.660263423843276,ex post,5.081706446921882,0.8032157090447983,0.4630071920194853,132.87177013759063,1.431983243664545,14.84312035837684,32,4.902896535034261,4.9584923237043075,8.920214251501417,4.9584923237043075,5.456960616886323,7.213687418232311,6.261061640533761,6.261061640533761,7.478610472263545,3.932035973367922,3.428926872203704,6.476681857580077,4.184540952686726,7.171431042129953,4.686055773391706,10.540914927406368,6.00629734346233,9.361133121249303,2.78472148349934,1.431983243664545,2.888551942641267,4.292069052118674,5.136882032374733,6.248685995969714,1.848182150632608,4.680379126948255,4.93714473301681,7.560095809968681,10.354465460709019,1.8116923155570013,4.9429464194590915,5.081706446921882,6.660263423843276,8.559919978909331,2.9617254020533976,4.573983902963424,7.716280674893817,11.152870475599538,6.573688548440736,8.206942163421349,1.486749628379442,3.8491185135458394,14.84312035837684,1.498737230558556,8.518664401030259,,3.749579217947352,4.569878446688921,2.2815738898944655,4.210694920927489,4.757954024656221,4.827413281254575,4.838290305446975,6.192296947295457,3.318849114437229,2.8642393816087472,6.104778241154584,1.3172026629012699,3.2594487233477842,3.262611090034169,5.211575124590977,2.7699687134560413,6.020979528111694,,1.2058470479164813,1.8710560091518218,3.0304727572973995,4.116966663606156,4.877060497458037,1.3750472899245507,3.2910062611796738,2.9027626971494227,4.895581527688899,6.26701194943365,1.4751915015154249,3.331120886609333,3.0987357563459432,4.454757519199222,5.428594898489458,2.391591464248527,3.1480501794100464,5.312053810051904,,5.822977773248493,7.1665700787982765,,0.6477127016926616,1.949478204503512,0.4630071920194853,6.365086451663251,,7.564211975851262,21.81107554508596,10.449209254673049,7.282157546141557,9.919016032701402,8.159920261120241,10.730945628534776,9.125679548188154,4.564754436376059,4.066009452453518,6.731868805027876,11.035475576804167,25.965045897881666,10.350665693326993,27.74776783526586,11.323712657085554,38.17933655728697,,1.7782785154345955,5.668327016038368,7.967548694125729,9.012221960965809,11.726001157507124,2.9885743936454743,9.60196209196806,9.493492525419542,15.055950376546528,22.95237187304733,2.5844731073249787,10.527575630055438,8.714315266332688,10.942734496100343,15.018984019914406,3.4938117815850553,5.841371767016552,11.592326583501455,,7.419678636981992,9.396216199021762,,17.32355218096614,132.87177013759063,3.326966338749159,13.362181063781025,,
B:apple/DCLM-7B,DCLM-7B,apple/DCLM-7B,DCLM,DCLM,Apple,2024-07-20 00:00:00,2024,False,6889674752.0,6889674752.0,6476535808.0,413138944.0,0.05996494157871102,206569472.0,2500000000000.0,362.8618316523979,1.0334512128e+23,b2_replication,False,,singleton,0,server/unspecified,21.922676724837746,16.55189447013494,0.6986909207589431,,,,,,,,,3.318851202621638,0.6986909207589431,0.4321360389573135,21.139974695040664,1.0454672222070653,4.380056440068744,32,2.853561575604176,2.87927301668159,4.506344052279411,2.87927301668159,3.078738274748004,3.8028387755758373,3.318851202621638,3.318851202621638,3.705381436978276,2.419564820242328,2.2087675313277186,3.340887466685669,2.8402313981176266,3.0070725810555685,3.1208684505896915,4.377609456754047,3.880391916225715,3.6267062281033655,1.8460713967750102,1.270308520823183,1.8112811944388794,2.6398382900529356,2.975599829449551,3.39057718397145,1.534165973041679,2.692540643468953,3.0424672315992263,4.0942366064396465,5.09751409113127,1.5087065005736573,2.8438539184745166,3.0802564584589973,3.714402870994838,4.418820392869976,2.0499249608621986,2.8598747465615904,3.8606895534588963,5.209451436559978,3.4725866916296466,4.021283848162132,1.0454672222070653,2.1610645455353605,4.380056440068744,1.1976403034705045,2.9444357060166295,,2.3003947379991314,2.674795807548277,1.5853684645722925,2.479190846330784,2.776446604283159,2.7249711944716353,2.753427035274151,3.2769763694474294,2.06857682042145,1.8994682889817383,3.200492513492343,1.0244896177044394,1.4698222583909812,2.266999290138713,2.77937082544232,1.9710725573187948,2.611781811258553,,1.088087719544906,1.291670660157958,2.0630388030638613,2.507838506023838,2.79966484694664,1.1968616442360733,2.0332037157212954,2.0733896087726653,2.9244736402818305,3.455512763664597,1.2818857788697244,2.0691969524745004,2.149997439496945,2.7374261139689287,3.1276557321244773,1.7688127745580209,2.057706051893989,3.003113830460679,,3.1947093556206116,3.6633173642342456,,0.4891538275514014,0.9058142329058345,0.4321360389573135,2.3361754175087586,,3.996908128674077,8.934158944070186,5.27098349372739,3.8939455113798074,4.883586343447131,4.040647254871976,4.8199166748748965,4.217991870505087,2.755256077836339,2.565819471798985,3.4347480234507004,6.462106393488441,8.025824006880944,5.892384511298725,9.446743184178299,6.365455173858437,10.518596282441454,,1.4572480185351182,3.1334413953908897,4.092963643728254,4.51460938672508,5.407482645232962,2.1640309969524343,4.822613976109613,4.962683116205014,6.920296225058524,9.34875818764221,1.918055847122658,5.288184745081604,4.586157419448466,5.397250442359532,6.7463057087723755,2.3733123259613214,3.4746420762441566,5.052981804264109,,3.7863930345363856,4.429604530808687,,7.618745170514158,21.139974695040664,2.374259445562262,3.752514095891621,,
B:m-a-p/neo_7b,neo_7b,m-a-p/neo_7b,MAP-Neo,MAP-Neo,M-A-P,2024-07-10 00:00:00,2024,False,7793716224.0,7793716224.0,7398927360.0,394788864.0,0.05065476502522448,197394432.0,4420000000000.0,567.1235483772215,2.0668935426048e+23,,True,singleton,singleton,0,server/unspecified,21.81331942476099,25.99895675361823,0.7515796565249915,,,,,,,,,4.025435220045099,0.7515796565249915,0.42682856859906854,36.52534901163629,1.146731660753702,6.2394184865744435,32,3.3673868089607195,3.400591530407446,5.58781151804287,3.400591530407446,3.647335899172349,4.642881732662884,4.025435220045099,4.025435220045099,4.648023897000587,2.78385775850079,2.4978991610044967,4.04089345326454,3.1968812703230154,3.8855488853381384,3.538533377022227,5.709229304533493,4.453183799573557,4.812089204858909,2.0825403789527934,1.3132616082949724,2.0367264696018452,3.0211418868096676,3.462543692564816,4.017675121175127,1.617417193101469,3.116198046602659,3.490518500253281,4.872570105423344,6.232986320361878,1.589018842449439,3.301894318705955,3.5497990493705265,4.382875251629826,5.329512920792565,2.284901551704711,3.305865330780125,4.735422443401391,6.563265672637695,4.191705259331005,4.962888249612719,1.146731660753702,2.5847062561013066,6.2394184865744435,1.2656930022345068,3.9315320067991135,,2.6568687910283333,3.1480018756209773,1.7525261157453267,2.8900409880087867,3.274276725573422,3.232515311506021,3.2715976463520597,4.024157437919438,2.3555106858342936,2.127230008339909,3.8545969918178122,1.092737543420842,1.8537946498577036,2.5254541294145723,3.506605183250812,2.1820369394867782,3.396181039107373,,1.1154646903502428,1.4080468356115976,2.2913450400212256,2.87124234693317,3.2577117212792968,1.2414609606337281,2.296561184081084,2.2756193009710253,3.3649682734821074,4.063686072583525,1.3394505185633965,2.329692555879468,2.375166231962654,3.1262792531828363,3.635282851758894,1.9326914371963257,2.3214556754971465,3.5540223506762865,,3.8124303694627257,4.463668227933597,,0.5139338502176054,1.0694144010160256,0.42682856859906854,3.1009111271973295,,4.874106257641255,11.927774135127747,6.553526103129196,4.705160138956496,6.112077244052028,4.998683807672185,6.136704333192618,5.411019146457437,3.201099386758753,2.9196349607653147,4.16680690931204,7.625692885261614,11.171963594176077,6.979486858526782,13.146963705532242,7.674017146629872,15.763585548857128,,1.5356153420803866,3.6916483403973093,4.942800882033962,5.499402225027258,6.74450967292254,2.405469962725264,5.860641469362046,6.012100091050076,8.698262274715873,12.175951397325406,2.086793535761213,6.459907986897705,5.516893789319334,6.615200792600771,8.494369532995092,2.669480393557387,4.088630303640584,6.450805830865752,,4.6227843257350205,5.536779070001376,,10.018679639360219,36.52534901163629,2.6586197957739746,5.172951730907955,,
B:LLM360/K2,K2,LLM360/K2,LLM360-K2,LLM360-K2,LLM360,2024-04-17 18:50:01,2024,False,65286184960.0,65286184960.0,64761372672.0,524812288.0,0.008038642299615817,262406144.0,1400000000000.0,21.444046713064363,5.48403953664e+23,b2_replication,False,,singleton,0,server/unspecified,21.66029192113224,0.9900165146039928,-0.004298024390091761,,,,,,,,,0.9957203695658946,-0.004298024390091761,0.05928150531329093,3.476658347666928,0.22137050902963332,1.9884911915290882,32,1.0558569879422544,1.0656955697883228,1.5797714138710377,1.0656955697883228,1.2720465602975017,1.3279231866382912,0.9957203695658946,0.9957203695658946,1.1543424998252192,1.058596975287646,0.6724359078593014,1.0598323383137753,1.3824573385079528,0.4438405382446287,1.5421535955299215,0.7830579197230234,1.9884911915290882,0.4997209034705898,0.729855501849737,0.9111009253760745,0.3308682660962675,0.6854162099012024,0.6542158172810276,0.6218105494921676,0.9508305085821883,0.4554491270322485,0.8771483514971281,0.846997850336241,0.8254083881235904,0.9406196973639567,0.5355265962374666,0.8458087400322556,0.8225646997316164,0.8015745830709196,0.9122300576160796,1.2588432428503273,0.8412397052876078,1.2107636511771473,0.8527235588482844,0.8368633914774869,0.46924690612569325,0.8112842386860075,0.2439609938293689,0.5952373832945593,0.22137050902963332,,0.8422236044614173,0.9686235873811391,0.5554069017353849,0.9910911088515884,0.9911603764050756,0.8237164937307174,0.8191421798137388,1.1389046184418288,0.8260374076482538,0.508126726714301,1.0048396135138953,0.4561898478838307,0.07732454308825305,1.136641723257188,0.34634268693853193,0.9370762536326706,0.18868581419908007,,0.6475774199493534,0.20897580351346923,0.6168325679414086,0.5630874586531924,0.525670176243114,0.5855388824588729,0.319974651381686,0.745353434193758,0.656648331867515,0.6150781635276272,0.7607946598441431,0.3988734772797509,0.7096417355946593,0.6379773204426017,0.6011374312442503,0.8466842320809769,0.8499035919580898,0.7788694301389582,,0.8059977043350732,0.785770996655747,,0.11128223866585346,0.05928150531329093,0.14299389329818313,0.13838714072812391,,1.4552624710707571,2.9413557031616486,2.0502561285087366,1.6562597973060726,1.6988577235403026,1.194269019267777,1.2919692051308849,1.1708499886787704,1.3011645058938417,0.8714660366797995,1.1068044147902,3.162349153193186,1.3356625661672727,3.349671568023323,1.7531260777793998,3.334686358217688,1.5078617657058746,,0.9796619852390749,0.6177839251310255,0.9173371754965314,0.9028986460402673,0.8919239869607744,1.1155138625219616,0.8080653634211705,1.1991840704107803,1.2617838252708464,1.3082384129215614,1.038297456170549,1.055213633792616,1.101295899020552,1.1206015725009164,1.1376153662329187,1.1098221434621123,1.5502486395180164,0.9068897442073081,,0.9099962682685266,0.8999383472931406,,3.476658347666928,0.9743997930278816,1.8491931480637107,0.32401025080189827,,
B:stabilityai/stablelm-3b-4e1t,stablelm-3b-4e1t,stabilityai/stablelm-3b-4e1t,StableLM-3B-4E1T,StableLM-3B-4E1T,Stability AI,2023-09-29 00:00:00,2023,False,2795443200.0,2795443200.0,2537886720.0,257556480.0,0.09213439929668399,128778240.0,4000000000000.0,1430.9001163035614,6.70906368e+22,,True,singleton,singleton,0,server/unspecified,21.991115301935473,65.06719175710136,0.8321616168839612,,,,,,,,,5.958112688136584,0.8321616168839612,0.6966141028811423,120.62130066512516,1.4812591392034722,17.073821082569612,32,4.6377176969016025,4.680457302882156,7.640880473246769,4.680457302882156,4.805396403545753,6.419317258611255,5.958112688136584,5.958112688136584,6.47798206030702,3.6433014699582604,3.833443781360602,5.888178142137439,4.034830948940315,7.470494580372507,4.418035493196083,10.063384273197846,5.435282372483793,9.373205180334574,2.866046380766433,1.4812591392034722,3.8925034914243293,4.923558824462323,5.993280435606076,7.426277107311904,1.9176345938898123,6.045904135695532,5.434092677186883,8.536757480470952,11.915101562827427,1.8803568493342118,6.1102215041763435,5.626069384016507,7.499652916265836,9.791323463351759,3.0129634959414378,4.283966702963464,7.969417222358754,10.575531986396435,6.772175512566862,8.484433772856587,1.528447314522589,3.509380231558789,17.073821082569612,1.648268861566558,9.925866635557439,,3.707394474374071,4.38193907835103,2.5166678195419263,3.8810091807404716,4.577772209774272,4.791760263256581,4.706561180703292,5.4365363259076345,3.190415954056813,3.3188001278551265,5.610734255511708,1.5004617869938974,3.8380190939816576,3.172604100379487,5.09329976091479,2.778051029394975,5.980626752531334,,1.3058235962651379,2.6563549902623205,3.4028490099723716,4.884979468783586,5.906598034455468,1.4889941620941114,4.435079437616624,3.2328936240915365,5.768484897048916,7.5752622364663,1.5399002776418322,4.317420029945393,3.505372312091521,5.300201289876415,6.609109815001479,2.4372932325767085,3.24003283512888,5.452656482034142,,6.03048865501021,7.45265112321389,,0.9171610115236415,3.0314287144868532,0.6966141028811423,7.562806907545267,,6.6977708478337545,16.01647575875533,8.620605811863731,6.106517117043164,8.319425708169673,7.513552266793517,9.662120906039332,7.793147076709566,4.153631768292982,4.392099236338231,6.0857017149652695,8.953208822733785,22.580297283487933,8.58581131460642,25.561338609106514,9.220882262774861,35.54918683062322,,1.8686256938322603,6.860679896979119,8.891702457704946,10.091074288401321,13.308670017599011,2.9867048154302958,10.896234298460566,9.961206783100716,16.388497758705743,25.31543033424514,2.753985983076869,11.556969340571987,9.33980036854174,11.719125886766783,16.23115768950601,3.3896262894792115,5.239964729589627,12.129124956085764,,7.648148946092114,9.720226119586888,,11.625548043641867,120.62130066512516,2.7524148953648613,15.759675246353588,,
