sample,surface,surface_kind,output,estimator,param,n_obs,n_dev,n_fam,n_fam_ge2,identified,obs,obs_se_cr1_allk,obs_se_cr1_nested,obs_se_cv3,bench,bench_se,bench_lo,bench_hi,bench_se_runlevel,bias,bias_se_table8,bias_se_nested,bias_se_cv3,p_normal_table8,p_t_nested,p_t_cv3,p_wcr_combined,p_wcr_benchfixed_allk,p_wcr_subcluster_family,B_wild,G_star,loo_bias_min,loo_bias_max,loo_argmin,loo_argmax,loo_n_unidentified,mde80,mde80_cv3,p_wcr_cv3_combined,obs_se_cv3_y,cv3_check,mde80_cv3_tG1,obs_n_at_floor,p_conservative,p_min_of_three
strict support (20),strict,ols,y_hellaswag,OLS,theta_N,20,6,9,5,True,0.6229371264112209,0.10618037934587184,0.10618037934587184,0.10499333437381908,0.5183696601245388,0.022253114741905836,0.47687610024330385,0.5597649463049426,0.02234892991310634,0.10456746628668212,0.10848720695892983,0.10848720695892983,0.10732567902719743,0.33511155861886843,0.37937980020518647,0.3746542652280349,0.36383638363836385,0.355035503550355,0.35303530353035306,9999,3.183174855061533,0.02943835013529867,0.16929544625604623,BigScience,Cerebras,0,0.3037641794850035,0.3005119012761528,0.28942894289428944,0.14374210522443995,0.10499333437379232,0.37458010161422983,0,0.3746542652280349,0.28942894289428944
strict support (20),strict,ols,y_hellaswag,OLS,theta_D,20,6,9,5,True,0.2946286818437057,0.09443535182642405,0.09443535182642405,0.6189585949524529,0.3849601866480985,0.014755808138415457,0.3570933196895501,0.4136686452615936,0.012933171762319331,-0.09033150480439278,0.09558121964276362,0.09558121964276362,0.6191344572379511,0.34462014078183545,0.38801534713420077,0.8897002128175183,0.35493549354935494,0.3501350135013501,0.3848384838483848,9999,2.0516922025458255,-0.7642606449806034,-0.03245446430601205,Cerebras,BigScience,0,0.2676274149997381,1.733576480266263,0.5728572857285729,0.761869701867954,0.618958594952564,2.1608570288783637,0,0.8897002128175183,0.35493549354935494
strict support (20),strict,ols,y_hellaswag,OLS,theta_C,20,6,9,5,True,0.4063295351013764,0.01852690049510861,0.01852690049510861,0.07579360756331033,0.43035028326263225,0.007291799216017812,0.41634034428638883,0.44454671979182836,0.00676523519308705,-0.024020748161255823,0.019910207878431948,0.019910207878431948,0.07614355706997021,0.22764251986096218,0.2816061325655139,0.7651494185205264,0.22832283228322833,0.22142214221422143,0.3426342634263426,9999,1.5147056418782985,-0.1053386885943341,-0.011640760750035145,Cerebras,BigScience,0,0.05574858205960945,0.21320195979591658,0.39463946394639465,0.04313632359326447,0.07579360756325187,0.26575057901390603,0,0.7651494185205264,0.22832283228322833
strict support (20),strict,ols,y_hellaswag,Year FE,theta_N,20,6,9,5,True,0.5433752129424213,0.15294617660747864,0.15294617660747864,0.1447231902821743,0.5213123612106048,0.02281595205989596,0.47862549447979186,0.5636528899433473,0.022829999410391072,0.022062851731816546,0.15463861292460404,0.15463861292460404,0.14651064628159247,0.8865479464523564,0.8921191158540668,0.8861867434760575,0.8857885788578858,0.8852885288528853,0.8817881788178817,9999,3.8103537564744814,-0.0642391445344328,0.11991996200444932,Meta,Cerebras,0,0.43298811618889127,0.4102298095884589,0.8647864786478647,0.18076996477225965,0.14472319028222067,0.5113405595861009,0,0.8861867434760575,0.8647864786478647
strict support (20),strict,ols,y_hellaswag,Year FE,theta_D,20,6,9,5,True,0.41048372452326765,0.10114976846424202,0.10114976846424202,0.727284069344835,0.3856341923853643,0.014956499811199887,0.3573308060818069,0.414737296193873,0.013111322249023451,0.024849532137903363,0.10224956013094721,0.10224956013094721,0.7274378422995226,0.8079835094423584,0.8176387674687893,0.9740710555162325,0.8494849484948495,0.845984598459846,0.8393839383938394,9999,2.7997307463219507,-0.7639853748778651,0.09750941540496705,Cerebras,EleutherAI,0,0.2862987683666522,2.036825958438663,0.8911891189118912,0.8779486918094173,0.727284069344577,2.53884944736796,0,0.9740710555162325,0.8494849484948495
strict support (20),strict,ols,y_hellaswag,Year FE,theta_C,20,6,9,5,True,0.46036462376258036,0.019497159444594087,0.019497159444594087,0.07981663594924272,0.4365610737744966,0.007045960527821856,0.4231272646925718,0.45025378693678453,0.006758528160444686,0.02380354998808376,0.020731251437565174,0.020731251437565174,0.08012702998373002,0.25088746086118074,0.30283669998261903,0.778356785452179,0.2709270927092709,0.24592459245924592,0.22522252225222522,9999,1.5103727980788744,-0.05992250050520505,0.044255112695523874,Cerebras,EleutherAI,0,0.05804750402518248,0.22435568395444402,0.6376637663766377,0.03468447605778294,0.07981663594924285,0.2796533998703719,0,0.778356785452179,0.2709270927092709
strict support (20),strict,ols,y_hellaswag,Developer FE,theta_N,20,6,9,5,True,0.6264145917148319,0.16908135905850244,0.14205675580200594,0.1465079113506848,0.5606964095045346,0.02352173201267136,0.5158522111370244,0.6051494550795055,0.02250773860761836,0.06571818221029735,0.17070963024371574,0.1439909502221118,0.14838409606563652,0.7002592263199565,0.6672396236308782,0.676348247014352,0.6438643864386439,0.6074607460746074,0.6993699369936993,9999,3.5600590171177773,-0.033557288322133616,0.18857664800559268,Meta,Cerebras,0,0.40317466062191304,0.41547546898378224,0.607060706070607,0.15737665071147902,0.1465079113508684,0.5178791346674525,0,0.676348247014352,0.607060706070607
strict support (20),strict,ols,y_hellaswag,Developer FE,theta_D,20,6,9,5,True,0.3017379181981148,0.1839552447215918,0.1545533193216862,0.7628673168501958,0.33197135754222695,0.017910349569042586,0.29808582345235646,0.36676196268336364,0.014236392232250943,-0.030233439344112156,0.18482508672327475,0.15558762526318218,0.7630775345532735,0.8700628481289236,0.8535754661520478,0.9699291003546091,0.7286728672867286,0.7088708870887088,0.8596859685968596,9999,2.113616604093646,-0.8600833409115186,0.06645413430495245,Cerebras,Meta,0,0.4356453507369101,2.136617096749166,0.744974497449745,0.8476246806496945,0.762867316851141,2.6632364502447543,0,0.9699291003546091,0.7286728672867286
strict support (20),strict,ols,y_hellaswag,Developer FE,theta_C,20,6,9,5,True,0.44909165532028106,0.013167172695806499,0.011189945085793908,0.04282876560124034,0.4357776791184667,0.007855111709306995,0.4212308574093412,0.4504323655348688,0.007862386810002293,0.013313976201814348,0.015332228043141155,0.013671783021565808,0.043543150355614825,0.38519433482478105,0.37486691830281904,0.7721044403056215,0.36633663366336633,0.42384238423842385,0.3309330933093309,9999,1.3306227340033272,-0.032252464541948966,0.02328856086169981,Cerebras,Meta,0,0.03828099246038426,0.1219208209957215,0.6193619361936193,0.014215345954640262,0.04282876560113498,0.15197106445212116,0,0.7721044403056215,0.36633663366336633
strict support (20),strict,ols,y_hellaswag,Family FE,theta_N,20,6,9,5,True,0.7450805296013138,0.07104897599743962,0.05169572340519132,0.03797856642454753,0.560458242115504,0.02562878458734603,0.510227000372292,0.6101093352818944,0.023658898439681494,0.18462228748580978,0.0755300707646255,0.0576999342964152,0.04581709404892844,0.014511149827964311,0.02400331111540187,0.010025649412408638,0.14361436143614362,0.1259125912591259,0.13881388138813883,9999,2.568882371690885,0.14702141317809983,0.19745168204290336,Meta,BigScience,0,0.16155981602996256,0.12828786333699962,0.11451145114511452,0.07186773015793058,0.03797856642429345,0.15990741358521726,0,0.14361436143614362,0.010025649412408638
strict support (20),strict,ols,y_hellaswag,Family FE,theta_D,20,6,9,5,True,0.10929223138084153,0.07081596335140715,0.051526181801950746,0.11393738077145886,0.3358950286773821,0.02399693482938968,0.28979612941092864,0.38262313864308395,0.019156893543810744,-0.22660279729654054,0.0747713417466466,0.0568401292424081,0.11643701996472762,0.002440600378197544,0.010461067910727826,0.10920855489158589,0.1484148414841484,0.13631363136313632,0.1425142514251425,9999,3.3123142787516846,-0.34422663168581735,-0.1888278229231028,Cerebras,Meta,0,0.15915236187874265,0.32602365590123733,0.047004700470047005,0.8012132232148448,0.11393738077292592,0.406379826015294,0,0.1484148414841484,0.047004700470047005
strict support (20),strict,ols,y_hellaswag,Family FE,theta_C,20,6,9,5,True,0.4727069097348451,0.07109247489691099,0.05298920218606344,0.1580617368136213,0.4642546858371076,0.009742535001384297,0.44760748425992464,0.4810191485072147,0.010197830009455735,0.008452223897737476,0.07175692980626414,0.053877384277345064,0.15836170507036,0.9062343277893339,0.8814782659721997,0.959501648688576,0.862086208620862,0.8443844384438444,0.8607860786078608,9999,1.3557453872669007,-0.007779569591892001,0.18064925032845078,Meta,Cerebras,0,0.15085667597656616,0.4434127741970079,0.8570857085708571,0.24310614390421212,0.15806173681314284,0.5527022434400444,0,0.959501648688576,0.8570857085708571
strict support (20),strict,ols,y_hellaswag,Lab x period FE,theta_N,20,6,9,5,True,0.6126551131491483,0.17438565930769528,0.13374769524606786,0.14747962368808135,0.5593827162255289,0.02336168699735925,0.5147725045871707,0.6035051248239032,0.022387180725812764,0.0532723969236194,0.1759435323947492,0.13577265705213856,0.1493184778335912,0.7620565983190332,0.7109565700394911,0.7358261836587343,0.6571657165716571,0.6438643864386439,0.725972597259726,9999,3.5628257684762317,-0.033803761594409454,0.18544075469187457,Meta,Cerebras,0,0.38016343974598793,0.41809173793405535,0.6579657965796579,0.16091836171956428,0.14747962368801984,0.5211402444107998,0,0.7358261836587343,0.6571657165716571
strict support (20),strict,ols,y_hellaswag,Lab x period FE,theta_D,20,6,9,5,True,0.360601586403084,0.10214326653077217,0.07834030927560767,0.3385826596658193,0.33793610000290397,0.01705874997127008,0.30553429341554417,0.3710282412060385,0.013577845037599835,0.022665486400180013,0.10355794439905935,0.0801760875073121,0.33901212128324015,0.8267531284770917,0.7887390653700956,0.9492862575756054,0.828082808280828,0.8213821382138213,0.8876887688768876,9999,1.9219156373511408,-0.34422662987329034,0.07363931500132476,Cerebras,Meta,0,0.22449304502047387,0.9492339395930723,0.7427742774277428,1.029061194969079,0.33858265966571055,1.1831948885834846,0,0.9492862575756054,0.7427742774277428
strict support (20),strict,ols,y_hellaswag,Lab x period FE,theta_C,20,6,9,5,True,0.47646792666593485,0.04621096410556636,0.03612477238623055,0.13172272994424353,0.43973276722921534,0.007830739609226636,0.4254010696902464,0.4541609415320692,0.00793113491925234,0.03673515943671951,0.04686975236112789,0.03696376148046186,0.13195528813500285,0.4331744084715322,0.3659430910543374,0.7918581411186464,0.1621162116211621,0.09050905090509051,0.25552555255525555,9999,1.2308975945223646,0.02722457961519389,0.18064925031047716,Meta,Cerebras,0,0.10349853214529321,0.3694748067780079,0.47004700470047006,0.2388909107500732,0.13172272994437673,0.46054053127042244,0,0.7918581411186464,0.1621162116211621
strict support (20),strict,tobit,y_hellaswag,OLS,theta_N,20,6,9,5,True,0.6229371264112209,0.10618037934587184,0.10618037934587184,0.10546565126436197,0.5190392380030174,0.017814102506980685,0.484326083306027,0.5546134532849863,,0.10389788840820346,0.1076643636778784,0.1076643636778784,0.10695955237726658,0.3345365428152177,0.3788576492660482,0.3759744650410189,0.3562356235623562,0.35993599359935996,0.3513351335133513,9999,3.183174855061533,0.02867265261664048,0.16927836408724695,BigScience,Cerebras,0,0.3014602182980595,0.2994867466563464,0.29752975297529755,0.14374210522443995,0.1054656512643568,0.37330227361465085,0,0.3759744650410189,0.29752975297529755
strict support (20),strict,tobit,y_hellaswag,OLS,theta_D,20,6,9,5,True,0.2946286818437057,0.09443535182642405,0.09443535182642405,0.6146493061840481,0.38373215612891176,0.012508777723896242,0.3586800665589367,0.4060275104478586,,-0.08910347428520604,0.0952601973267237,0.0952601973267237,0.614776576581019,0.3495979574219684,0.39253716783469206,0.8904223653183695,0.36263626362636264,0.3503350335033503,0.39803980398039807,9999,2.0516922025458255,-0.7582821606377494,-0.031230074250817638,Cerebras,BigScience,0,0.2667285525148263,1.7213744144268532,0.5793579357935793,0.761869701867954,0.6146493061840624,2.1456474779666697,0,0.8904223653183695,0.36263626362636264
strict support (20),strict,tobit,y_hellaswag,OLS,theta_C,20,6,9,5,True,0.4063295351013764,0.01852690049510861,0.01852690049510861,0.07473904652460538,0.4297678787710638,0.007048899329119313,0.41580562364928597,0.4429024850031235,,-0.02343834366968739,0.01982253827610668,0.01982253827610668,0.07507071371153458,0.2370435336713823,0.29020321340180577,0.7674763963400048,0.22722272227222723,0.22022202220222023,0.3394339433943394,9999,1.5147056418782985,-0.1035919911322365,-0.011085609816816154,Cerebras,BigScience,0,0.0555031071730987,0.2101979983922968,0.38593859385938595,0.04313632359326447,0.07473904652460538,0.26200622092680614,0,0.7674763963400048,0.22722272227222723
strict support (20),strict,tobit,y_hellaswag,Year FE,theta_N,20,6,9,5,True,0.5433752129424213,0.15294617660747864,0.15294617660747864,0.14539540755048447,0.522222279747006,0.018107045141776506,0.487135951129275,0.5582621031545566,,0.021152933195415335,0.15401427863225012,0.15401427863225012,0.14651856408161323,0.8907589129302339,0.8961182331926282,0.8908467477250939,0.8892889288928892,0.8883888388838884,0.8861886188618862,9999,3.8103537564744814,-0.0652092624142713,0.1199344381035998,Meta,Cerebras,0,0.4312399801703003,0.41025197942851704,0.8786878687868787,0.18076996477225965,0.1453954075505075,0.5113681937027748,0,0.8908467477250939,0.8786878687868787
strict support (20),strict,tobit,y_hellaswag,Year FE,theta_D,20,6,9,5,True,0.41048372452326765,0.10114976846424202,0.10114976846424202,0.7231238814379255,0.3844037978304734,0.012602182914982229,0.3592226583930579,0.40673727760421835,,0.026079926692794242,0.10193179422826049,0.10193179422826049,0.7232336848626961,0.7980615342956786,0.8082540901787236,0.9726297572725255,0.8336833683368337,0.8365836583658366,0.8303830383038304,9999,2.7997307463219507,-0.7581431592933281,0.09898773514569854,Cerebras,EleutherAI,0,0.28540902383912936,2.025054317615549,0.8860886088608861,0.8779486918094173,0.7231238814378187,2.5241764098045114,0,0.9726297572725255,0.8336833683368337
strict support (20),strict,tobit,y_hellaswag,Year FE,theta_C,20,6,9,5,True,0.46036462376258036,0.019497159444594087,0.019497159444594087,0.07912502464897107,0.43613404701120717,0.006766200726394928,0.4230853678768705,0.4494795957095751,,0.02423057675137319,0.02063784627033043,0.02063784627033043,0.07941379601788437,0.24036115540965308,0.29323340579086715,0.772569246602276,0.26992699269926995,0.24222422242224223,0.21252125212521253,9999,1.5103727980788744,-0.058722292201274326,0.044646496217685086,Cerebras,EleutherAI,0,0.0577859695569252,0.2223586288500762,0.6363636363636364,0.03468447605778294,0.07912502464898287,0.27716412373606036,0,0.772569246602276,0.26992699269926995
strict support (20),strict,tobit,y_hellaswag,Developer FE,theta_N,20,6,9,5,True,0.6264145917148319,0.16908135905850244,0.14205675580200594,0.14805655453927513,0.5623462191187991,0.018029151406205934,0.5273565666522275,0.5977008123720912,,0.06406837259603282,0.1700398667415913,0.14319627149272654,0.14915023849283396,0.7063338198163811,0.6732915042292701,0.6854000442241668,0.6358635863586358,0.6193619361936193,0.7161716171617162,9999,3.5600590171177773,-0.03570875760748678,0.18859196138988715,Meta,Cerebras,0,0.4009495601796343,0.41762066777993506,0.6123612361236124,0.15737665071147902,0.14805655453929595,0.5205530679780246,0,0.6854000442241668,0.6123612361236124
strict support (20),strict,tobit,y_hellaswag,Developer FE,theta_D,20,6,9,5,True,0.3017379181981148,0.1839552447215918,0.1545533193216862,0.759356546485067,0.3296352790825765,0.013724253364207387,0.30211941501200434,0.3547072732553681,,-0.027897360884461708,0.18446649341001115,0.15516147602983177,0.7594805592114473,0.879792177339888,0.8643724643552398,0.9721199762248385,0.7296729672967297,0.7118711871187119,0.8706870687068707,9999,2.113616604093646,-0.8538585046233298,0.06885384446538151,Cerebras,Meta,0,0.4344521328835289,2.1265455657920525,0.7531753175317532,0.8476246806496945,0.7593565464854328,2.6506825544645682,0,0.9721199762248385,0.7296729672967297
strict support (20),strict,tobit,y_hellaswag,Developer FE,theta_C,20,6,9,5,True,0.44909165532028106,0.013167172695806499,0.011189945085793908,0.042103219244763325,0.4352505864932883,0.0072271434526452,0.4213954855206569,0.45019206133108536,,0.013841068826992764,0.015020187724735819,0.013320903629566413,0.04271899663215092,0.35679062811296935,0.34639444829855554,0.7590505283976064,0.36803680368036806,0.41184118411841186,0.29632963296329634,9999,1.3306227340033272,-0.03092953625013893,0.023723952692552033,Cerebras,Meta,0,0.037298530162785955,0.11961319057002257,0.6296629662966297,0.014215345954640262,0.04210321924475409,0.14909466443043923,0,0.7590505283976064,0.36803680368036806
strict support (20),strict,tobit,y_hellaswag,Family FE,theta_N,20,6,9,5,True,0.7450805296013138,0.07104897599743962,0.05169572340519132,0.03746185821007928,0.5604010002570727,0.021184640458471776,0.5215857854913911,0.6033230450650846,,0.18467952934424103,0.07414004303775032,0.05586803030124442,0.04303695867399094,0.012740016532375591,0.021342587962104122,0.007780309193588142,0.1474147414741474,0.1257125712571257,0.1348134813481348,9999,2.568882371690885,0.1475959645369055,0.19744247365694614,Meta,BigScience,0,0.15643048484348435,0.12050348428717463,0.11751175117511752,0.07186773015793058,0.03746185821010752,0.1502043918975417,0,0.1474147414741474,0.007780309193588142
strict support (20),strict,tobit,y_hellaswag,Family FE,theta_D,20,6,9,5,True,0.10929223138084153,0.07081596335140715,0.051526181801950746,0.09987746592517698,0.33697270512812183,0.02018740422482391,0.29979165154307424,0.3765568195247026,,-0.2276804737472803,0.07363716422245142,0.05533966660926065,0.10189720059438005,0.0019886413450242437,0.00922563409170465,0.07574401190942995,0.14571457145714573,0.14521452145214522,0.14431443144314432,9999,3.3123142787516846,-0.3290439404627983,-0.19042520412795605,Cerebras,Meta,0,0.15495106650592982,0.28531216166426415,0.04030403040304031,0.8012132232148448,0.09987746592580381,0.35563402998061727,0,0.14571457145714573,0.04030403040304031
strict support (20),strict,tobit,y_hellaswag,Family FE,theta_C,20,6,9,5,True,0.4727069097348451,0.07109247489691099,0.05298920218606344,0.15852735253292982,0.4646836463980052,0.00810587715195617,0.44913752628884457,0.4808549961586782,,0.008023263336839892,0.07155309379314444,0.05360560411671634,0.15873445355530857,0.9107201654182818,0.8868733320700241,0.9616450104003298,0.8643864386438644,0.8443844384438444,0.8523852385238524,9999,1.3557453872669007,-0.008206114139392639,0.18073119909786106,Meta,Cerebras,0,0.15009569152680574,0.444456469954864,0.8437843784378438,0.24310614390421212,0.15852735253282682,0.5540031824756428,0,0.9616450104003298,0.8437843784378438
strict support (20),strict,tobit,y_hellaswag,Lab x period FE,theta_N,20,6,9,5,True,0.6126551131491483,0.17438565930769528,0.13374769524606786,0.149007804289675,0.5609583328910902,0.017961857178852254,0.5260180935478843,0.596083907344981,,0.05169678025805813,0.1753082613155839,0.13494841346584452,0.15008648857423365,0.768077357524493,0.7174023784914407,0.7445249543172698,0.6653665366536654,0.6474647464746475,0.7405740574057406,9999,3.5628257684762317,-0.03595377669889357,0.18538485130001076,Meta,Cerebras,0,0.37785555770436463,0.4202421680078542,0.6562656265626563,0.16091836171956428,0.14900780428965804,0.5238206983699847,0,0.7445249543172698,0.6562656265626563
strict support (20),strict,tobit,y_hellaswag,Lab x period FE,theta_D,20,6,9,5,True,0.360601586403084,0.10214326653077217,0.07834030927560767,0.32676315086042135,0.3359150312641666,0.013153603337711699,0.30982716713053954,0.35994600208326044,,0.024686555138917377,0.10298671845603308,0.07943690161482711,0.3270277878728295,0.8105580265934461,0.7685137951238518,0.9427540025898047,0.821982198219822,0.824982498249825,0.8901890189018902,9999,1.9219156373511408,-0.32904393854838965,0.07599663292877729,Cerebras,Meta,0,0.2224233245215159,0.9156778060439225,0.7268726872687269,1.029061194969079,0.32676315086038343,1.1413680595585982,0,0.9427540025898047,0.7268726872687269
strict support (20),strict,tobit,y_hellaswag,Lab x period FE,theta_C,20,6,9,5,True,0.47646792666593485,0.04621096410556636,0.03612477238623055,0.13146001125213835,0.439365056728084,0.007134435150768162,0.4260538184863704,0.45415305547386664,,0.037102869937850835,0.04675845772142682,0.036822538544721235,0.13165346453220614,0.42748614910779537,0.3598853276641064,0.7893719786341391,0.1482148214821482,0.09920992099209922,0.2603260326032603,9999,1.2308975945223646,0.027634757934849475,0.18073119908314844,Meta,Cerebras,0,0.10310310792521946,0.36862970069017714,0.48044804480448045,0.2388909107500732,0.13146001125217416,0.4594871289828253,0,0.7893719786341391,0.1482148214821482
strict support (20),strict,ols,y_core,OLS,theta_N,20,6,9,5,True,0.6810169741324394,0.12369632364604893,0.12369632364604893,0.11180063845115404,0.50772795189827,0.03960311155054307,0.431873618953395,0.5847606886369658,0.04303425567585972,0.17328902223416942,0.12988143411601538,0.12988143411601538,0.11860771139588867,0.18213526004373393,0.23967215163624891,0.20384720985278318,0.30363036303630364,0.314031403140314,0.2502250225022502,9999,3.183174855061533,0.09635094867864125,0.25404896980178693,BigScience,Cerebras,0,0.36366801552484307,0.33210159190848826,0.17651765176517653,0.19112319249978751,0.11180063845101806,0.41395581178335417,0,0.30363036303630364,0.17651765176517653
strict support (20),strict,ols,y_core,OLS,theta_D,20,6,9,5,True,0.37681395968399084,0.10862341418427988,0.10862341418427988,1.0119618093902407,0.47836168277310687,0.04287474601256813,0.3965278322313364,0.5622690707934076,0.032104448851112,-0.10154772308911603,0.1167788078149963,0.1167788078149963,1.0128696596848046,0.38453368200193405,0.4243027960932205,0.9240358573487669,0.3686368636863686,0.3491349134913491,0.37863786378637865,9999,2.0516922025458255,-1.2074799179762206,-0.044437753727505525,Cerebras,BigScience,0,0.32698066188198965,2.8360350471174525,0.5659565956595659,1.046089784615896,1.0119618093904383,3.535042344810699,0,0.9240358573487669,0.3686368636863686
strict support (20),strict,ols,y_core,OLS,theta_C,20,6,9,5,True,0.48031338785547206,0.02167195721131918,0.02167195721131918,0.1544450537555239,0.4883530106525902,0.024521410475640992,0.44305521780037893,0.5342470452014121,0.019932222441158845,-0.008039622797118118,0.03272572842709731,0.03272572842709731,0.1563795837098358,0.8059402260893229,0.8157056798345925,0.9609887395269501,0.7933793379337933,0.6356635663566357,0.798979897989799,9999,1.5147056418782985,-0.17590454388949017,0.00497904941406891,Cerebras,Meta,0,0.09163203959587246,0.4378628343875402,0.8821882188218821,0.0954992495825249,0.15444505375541895,0.5457843909059016,0,0.9609887395269501,0.7933793379337933
strict support (20),strict,ols,y_core,Year FE,theta_N,20,6,9,5,True,0.6038654139039428,0.17352682749690074,0.17352682749690074,0.13829590075914586,0.5025435261499296,0.04083282591833304,0.42422244222916233,0.581736121103382,0.0436097072746548,0.10132188775401318,0.17826631631807519,0.17826631631807519,0.14419804381218357,0.5697812372820303,0.5943562640480414,0.5136261382417735,0.5867586758675868,0.5775577557755776,0.5655565556555655,9999,3.8103537564744814,0.021065946193379703,0.18463448480930533,Meta,Cerebras,0,0.49914568569061046,0.403754522674114,0.4436443644364436,0.21380216398346838,0.13829590075926923,0.5032692864682762,0,0.5867586758675868,0.4436443644364436
strict support (20),strict,ols,y_core,Year FE,theta_D,20,6,9,5,True,0.49389698057185644,0.11574085287132206,0.11574085287132206,1.1932455568288927,0.4794956886782834,0.042847693721012665,0.3976107336075469,0.5634421096772342,0.032274561403334644,0.014401291893573032,0.12341746181392133,0.12341746181392133,1.1940146078457767,0.9071075881666935,0.9116496500690013,0.9908432147162513,0.9145914591459146,0.9111911191119112,0.9183918391839184,9999,2.7997307463219507,-1.2864363308764952,0.10541904463197482,Cerebras,EleutherAI,0,0.3455688930789797,3.3432409019681746,0.9402940294029403,1.2438014685191199,1.193245556828372,4.167260968574045,0,0.9908432147162513,0.9145914591459146
strict support (20),strict,ols,y_core,Year FE,theta_C,20,6,9,5,True,0.5351736974436476,0.02498530157825375,0.02498530157825375,0.1509273465949707,0.4881467081789796,0.02246470338081857,0.4468127959353392,0.5303852042341087,0.019056267262987776,0.04702698926466803,0.033599526677387144,0.033599526677387144,0.15259006143319614,0.1616233987646576,0.22050734859911858,0.7703625071143781,0.29142914291429145,0.21922192219221923,0.29312931293129313,9999,1.5103727980788744,-0.1146747137875558,0.07714071110281326,Cerebras,EleutherAI,0,0.094078674696684,0.4272521720129492,0.5784578457845785,0.08862630356823425,0.15092734659496598,0.5325584821362646,0,0.7703625071143781,0.29142914291429145
strict support (20),strict,ols,y_core,Developer FE,theta_N,20,6,9,5,True,0.7181294664060087,0.16699396460917426,0.14030299367706303,0.0814492799975703,0.5296554486825378,0.04237353824515598,0.4476870859580211,0.6123103977700577,0.04551085408039363,0.18847401772347094,0.1722861020491898,0.14656209188654373,0.09181231919266772,0.2739727420031357,0.2547849525898861,0.09530028989269108,0.33853385338533853,0.30223022302230224,0.33073307330733076,9999,3.5600590171177773,0.12354047228307985,0.24646763472368022,Meta,Cerebras,0,0.41037385728232245,0.2570744937394696,0.0849084908490849,0.1533416976447012,0.08144927999790555,0.3204365270674181,0,0.33853385338533853,0.0849084908490849
strict support (20),strict,ols,y_core,Developer FE,theta_D,20,6,9,5,True,0.3405400832783148,0.19600253447205196,0.1646750672641367,0.9678079300333442,0.446396763282316,0.047692907840180286,0.3553333091495576,0.540801112641613,0.03742534854333185,-0.10585668000400117,0.20172160761237218,0.1714423845981497,0.9689823542736361,0.5997457359487117,0.5639709564801108,0.9172569808355996,0.5872587258725872,0.594959495949595,0.6052605260526053,9999,2.113616604093646,-1.161907912323851,-0.013004842897854973,Cerebras,Meta,0,0.4800386768748191,2.713150591966181,0.5178517851785178,0.9503469375584235,0.967807930035105,3.3818701359833563,0,0.9172569808355996,0.5178517851785178
strict support (20),strict,ols,y_core,Developer FE,theta_C,20,6,9,5,True,0.5119081279822413,0.01828721360366918,0.015541143169058098,0.07327615924870631,0.4841835198919393,0.0213212108785944,0.4445604418826991,0.5240927281060446,0.01981515523382985,0.027724608090301972,0.028089432438476135,0.026384108177663564,0.07631506763130895,0.323636734896216,0.3414585434034398,0.7312411905106058,0.41344134413441347,0.37073707370737075,0.28032803280328034,9999,1.3306227340033272,-0.05011116629406548,0.045928993618522033,Cerebras,Meta,0,0.07387550289745798,0.21368218936766506,0.5586558655865587,0.013810937601802685,0.07327615924853388,0.26634917241742784,0,0.7312411905106058,0.41344134413441347
strict support (20),strict,ols,y_core,Family FE,theta_N,20,6,9,5,True,0.8329020525692485,0.06219653726067885,0.04525462811884296,0.030381264560533555,0.5936393433326232,0.04323212643576744,0.5116267000578572,0.678614960510982,0.05734031969122953,0.2392627092366253,0.07574579858564562,0.06258592591256404,0.05283973876217892,0.001584425522843917,0.012336003466592898,0.0062364442344206876,0.08970897089708971,0.0961096109610961,0.11051105110511052,9999,2.568882371690885,0.21541093702081465,0.25833068341085835,Meta,EleutherAI,0,0.1752405925551793,0.14795126853410098,0.05860586058605861,0.059015293438107914,0.030381264560692123,0.18441732579013695,0,0.08970897089708971,0.0062364442344206876
strict support (20),strict,ols,y_core,Family FE,theta_D,20,6,9,5,True,0.15811788510320615,0.06069970717212414,0.04416552425554054,1.5481007547615622,0.3231307056497247,0.030537079944611495,0.2653108958646471,0.3844059234630371,0.05150946229200249,-0.16501282054651853,0.06794827225415825,0.053694569411722945,1.5484019052380626,0.015161153520836194,0.027683613895977684,0.919274091188915,0.18271827182718273,0.20972097209720972,0.18691869186918691,9999,3.3123142787516846,-1.8605985719525933,-0.14105060953706322,Cerebras,Meta,0,0.15034479435282425,4.335525334666575,0.34053405340534054,1.9699387021841221,1.5481007547650971,5.404117153144332,0,0.919274091188915,0.18271827182718273
strict support (20),strict,ols,y_core,Family FE,theta_C,20,6,9,5,True,0.5438224849916329,0.0744620759581926,0.05550075452942381,0.1522878723663246,0.47775262907010974,0.018300310750748196,0.44295486630145836,0.5127657461839791,0.019672297646664,0.06606985592152315,0.07667791161460771,0.05844001306390432,0.15338349795018993,0.3888777544643477,0.3095367772748396,0.684587516587967,0.16001600160016002,0.09910991099109911,0.1621162116211621,9999,1.3557453872669007,0.05110924508560642,0.23195857483889396,Meta,Cerebras,0,0.16363203657893208,0.4294737942605318,0.4515451545154515,0.2555501321371041,0.1522878723657484,0.5353276752487969,0,0.684587516587967,0.16001600160016002
strict support (20),strict,ols,y_core,Lab x period FE,theta_N,20,6,9,5,True,0.7015637528488792,0.17055843915486518,0.13081235138423608,0.08789014796809494,0.5306781758143179,0.04195878178888402,0.4493693415509953,0.6124446604467945,0.045314917064495704,0.1708855770345613,0.17564373184418233,0.13737689268534223,0.09739208119277876,0.3305979385848342,0.2686656281369432,0.13968924728508456,0.34233423342334235,0.31393139313931395,0.37413741374137416,9999,3.5628257684762317,0.12334899876761074,0.2510611799333772,Meta,Cerebras,0,0.3846552995189582,0.2726978273397805,0.10321032103210322,0.16361361459079252,0.08789014796799004,0.3399105973545035,0,0.34233423342334235,0.10321032103210322
strict support (20),strict,ols,y_core,Lab x period FE,theta_D,20,6,9,5,True,0.407364172388641,0.10035649189443518,0.0769699156865767,1.6665500389214996,0.44261479583361973,0.04488595021848933,0.3568866782972704,0.5312838342247695,0.03546092001730272,-0.03525062344497876,0.10993713654800429,0.08910171966811543,1.6671543961961857,0.748480601597187,0.708700137843014,0.9839484859479555,0.6821682168216822,0.6191619161916192,0.7355735573557356,9999,1.9219156373511408,-1.8605985695578227,-0.0074230132940608096,Cerebras,Meta,0,0.2494848150707232,4.66803230934932,0.6883688368836883,2.1973442252326714,1.6665500389212071,5.818578263786496,0,0.9839484859479555,0.6821682168216822
strict support (20),strict,ols,y_core,Lab x period FE,theta_C,20,6,9,5,True,0.5426046077630526,0.049269273333873286,0.038515562686707916,0.15782799003741033,0.4830966001566239,0.020406132364928612,0.4451615626397364,0.5214395461036597,0.019354541838712543,0.059508007606428714,0.05332796201752796,0.04358736981246648,0.15914171256255816,0.2644702818942183,0.23039015106839836,0.7237878516393431,0.21262126212621263,0.1843184318431843,0.14331433143314332,9999,1.2308975945223646,0.04906967593619576,0.23195857481482252,Meta,Cerebras,0,0.12204463547490613,0.4455967951751628,0.5042504250425043,0.25587050636246567,0.15782799003759782,0.5554245675691413,0,0.7237878516393431,0.21262126212621263
strict support (20),strict,ols,y_arc_c,OLS,theta_N,20,6,9,5,True,0.9539858992960866,0.2980543410632624,0.2980543410632624,0.30814261566127354,0.8459376061013687,0.08926129628370527,0.6736951923742078,1.0149188770443534,0.08453712055859368,0.10804829319471787,0.31113336246841633,0.31113336246841633,0.32081061485059803,0.7283860470112586,0.7425258618501406,0.7499458525765623,0.7438743874387439,0.7592759275927593,0.7463746374637463,9999,3.183174855061533,-0.030291587845538093,0.37803682937368394,BigScience,Cerebras,0,0.8711734149115656,0.8982697215816744,0.6808680868086808,0.4597050456491962,0.3081426156610431,1.1196693447353678,4,0.7499458525765623,0.6808680868086808
strict support (20),strict,ols,y_arc_c,OLS,theta_D,20,6,9,5,True,0.21467965267262035,0.1964248291344871,0.1964248291344871,1.5732893652797695,0.38180069670187705,0.0790365111674951,0.23114768897784796,0.5323846540272693,0.05416003668900891,-0.1671210440292567,0.21172974188347285,0.21172974188347285,1.5752733721484502,0.4299290730689581,0.4656929227322626,0.9196357324303996,0.42814281428142814,0.46704670467046705,0.41594159415941595,9999,2.0516922025458255,-1.883494727834329,-0.04353926468773234,Cerebras,Meta,0,0.592843277273724,4.41076544201566,0.6002600260026003,1.411663616110884,1.5732893652799969,5.497901948144471,4,0.9196357324303996,0.42814281428142814
strict support (20),strict,ols,y_arc_c,OLS,theta_C,20,6,9,5,True,0.4662148779648963,0.028819689467426534,0.028819689467426534,0.19860423678955402,0.5397146634814516,0.04534257541119009,0.4532038035132756,0.6255388551781028,0.03500795536044994,-0.07349978551655528,0.05372637756184904,0.05372637756184904,0.20371448651404422,0.17129983572903318,0.2295753641305659,0.73299279366997,0.36263626362636264,0.22452245224522452,0.36423642364236425,9999,1.5147056418782985,-0.2872619871469114,-0.0348347812047428,Cerebras,Meta,0,0.1504338571731773,0.5704005622393238,0.39713971397139713,0.11725823754451181,0.19860423678939032,0.7109891477079242,4,0.73299279366997,0.36263626362636264
strict support (20),strict,ols,y_arc_c,Year FE,theta_N,20,6,9,5,True,0.807979280700464,0.3873741666740729,0.3873741666740729,0.3575675690280774,0.8329058049243558,0.09180204043226262,0.655379963880085,1.006386243507234,0.08607739584672586,-0.024926524223891855,0.3981034534313401,0.3981034534313401,0.3691641654442854,0.9500745318184233,0.9525004717183908,0.9487834537124314,0.9583958395839584,0.95009500950095,0.9584958495849585,9999,3.8103537564744814,-0.20347268245124817,0.2857300600098559,Meta,Cerebras,0,1.1146896696077522,1.033659663243999,0.9417941794179417,0.5163506033330499,0.35756756902796166,1.2884293102810074,4,0.9583958395839584,0.9417941794179417
strict support (20),strict,ols,y_arc_c,Year FE,theta_D,20,6,9,5,True,0.4237310793351966,0.17215631313446855,0.17215631313446855,1.678598645710448,0.378374230027977,0.07918670450997582,0.22736950151759325,0.5289579314551924,0.0544069855580637,0.045356849307219615,0.18949493482202479,0.18949493482202479,1.680465396118617,0.8108291374628777,0.8203313122715029,0.979511324311149,0.8270827082708271,0.8262826282628263,0.8313831383138314,9999,2.7997307463219507,-1.7858644419667904,0.1414483239957719,Cerebras,Meta,0,0.5305858175016693,4.705303109132127,0.8508850885088509,1.5378720644534267,1.6785986457099864,5.865035325588712,4,0.979511324311149,0.8270827082708271
strict support (20),strict,ols,y_arc_c,Year FE,theta_C,20,6,9,5,True,0.5679588703311429,0.06790791247292499,0.06790791247292499,0.1450072590788089,0.5489829270994567,0.042149362290298004,0.46807289289246695,0.6300327265005158,0.03428627644466667,0.018975943231686165,0.0799252983598387,0.0799252983598387,0.15100885380343632,0.8123302097657081,0.8217518110206871,0.9048965494489977,0.7857785778577858,0.714971497149715,0.7757775777577758,9999,1.5103727980788744,-0.13576378216012602,0.048866726403411165,Cerebras,EleutherAI,0,0.22379083540754835,0.42282479064962164,0.6108610861086109,0.19463792297762142,0.14500725907881085,0.5270398688836193,4,0.9048965494489977,0.6108610861086109
strict support (20),strict,ols,y_arc_c,Developer FE,theta_N,20,6,9,5,True,1.0100384017312325,0.4289249048171204,0.36036900105541414,0.20471043802557834,0.8067520151598194,0.08843011040042817,0.6372092872335,0.9761875727399233,0.08230542664674906,0.20328638657141307,0.43794572540191296,0.37106023951254735,0.22299382920174285,0.6425175789584072,0.6073524822511296,0.40377714683620236,0.5818581858185818,0.564056405640564,0.5827582758275828,9999,3.5600590171177773,0.06830642602662462,0.338237834630859,Meta,Cerebras,0,1.0389686706351324,0.62438272176488,0.4227422742274227,0.3891899619999336,0.2047104380256468,0.7782764754795348,4,0.5818581858185818,0.40377714683620236
strict support (20),strict,ols,y_arc_c,Developer FE,theta_D,20,6,9,5,True,0.10875482161573086,0.41879050995306016,0.3518544062803225,1.9187132020233295,0.4179220387381939,0.07484364369704563,0.2767025243646651,0.5601865498664675,0.054442949126865314,-0.30916721712246303,0.425425742320084,0.35972641579501574,1.92017236794525,0.4673948753763152,0.4293626814371919,0.8783888319523568,0.40424042404240423,0.3471347134713471,0.44354435443544354,9999,2.113616604093646,-2.4014908011590466,-0.11995509548309768,Cerebras,Meta,0,1.007233964226044,5.3764826302466995,0.2731273127312731,1.7748508997712191,1.918713202024676,6.7016427682651845,4,0.8783888319523568,0.2731273127312731
strict support (20),strict,ols,y_arc_c,Developer FE,theta_C,20,6,9,5,True,0.5178002337915665,0.0584596502087143,0.049681149528673786,0.1532432118599569,0.5943916000099884,0.0406027243294509,0.514646241290508,0.6738266804459483,0.037304810392624246,-0.07659136621842189,0.07117662485323825,0.06416227740241011,0.15853095345745266,0.2818938433922662,0.2861326774978594,0.649414514285607,0.5346534653465347,0.596059605960596,0.45604560456045606,9999,1.3306227340033272,-0.23870020977640183,-0.038700211592253744,Cerebras,Meta,0,0.1796543767267483,0.44388666968086743,0.23402340234023403,0.15048694398325727,0.15324321185981235,0.5532929415712824,4,0.649414514285607,0.23402340234023403
strict support (20),strict,ols,y_arc_c,Family FE,theta_N,20,6,9,5,True,1.3345011638371296,0.20152993127357363,0.14663456353489623,0.15625229042809635,1.0091549551979053,0.09726326659428686,0.8181370811420468,1.1974584306099287,0.08955195397761313,0.32534620863922425,0.22377322500183666,0.17595976316095915,0.18405140937416775,0.14597116199858498,0.12371073405972671,0.13735538406239076,0.30463046304630464,0.35573557355735574,0.29532953295329534,9999,2.568882371690885,0.21252268114584147,0.4371701931639904,BigScience,EleutherAI,0,0.4926873368506856,0.5153439462476697,0.32453245324532454,0.1688497215224212,0.15625229042865235,0.6423625384950731,4,0.32453245324532454,0.13735538406239076
strict support (20),strict,ols,y_arc_c,Family FE,theta_D,20,6,9,5,True,-0.44518751112365385,0.19853310621365108,0.14445405301779765,6.842099767527576,0.024276216660658045,0.08910526075555758,-0.14664577335178908,0.19848663253716128,0.0604829508763835,-0.4694637277843119,0.21761236581857377,0.16972542805244184,6.842679955711448,0.030979230263278104,0.039551440204290515,0.9479607431817574,0.16551655165516552,0.16911691169116913,0.15801580158015802,9999,3.3123142787516846,-7.962906596803656,-0.35611780330521053,Cerebras,BigScience,0,0.4752311985468371,19.159503875992055,0.3045304530453045,5.416153006409029,6.842099767530895,23.881812594677587,4,0.9479607431817574,0.16551655165516552
strict support (20),strict,ols,y_arc_c,Family FE,theta_C,20,6,9,5,True,0.5720771808809763,0.19419775740910397,0.1447464622149233,0.29193236379663856,0.5872299403783386,0.04328148416595583,0.5044934369532478,0.6690388063792567,0.04182459194564756,-0.01515275949736239,0.19896244835227847,0.15107887077729998,0.2951233503189824,0.9392926875696509,0.9240059963303051,0.961039625846507,0.9447944794479448,0.9450945094509451,0.942994299429943,9999,1.3557453872669007,-0.043788887999740914,0.30203886145039494,Meta,Cerebras,0,0.42302083817643993,0.8263453808931507,0.9098909890989099,0.6732255870355915,0.2919323637955328,1.0300175647917638,4,0.961039625846507,0.9098909890989099
strict support (20),strict,ols,y_arc_c,Lab x period FE,theta_N,20,6,9,5,True,0.9787090377144162,0.4544434711208668,0.3485422317599759,0.24080106890273775,0.8106823986297733,0.08785915955341034,0.6419753608711611,0.9788659898081205,0.08196709547884876,0.16802663908464288,0.4628586181133649,0.3594452938037392,0.2563286692941948,0.7165904226300674,0.6598348523075326,0.5410952606644642,0.658065806580658,0.6403640364036404,0.6327632763276327,9999,3.5628257684762317,0.05540346006719904,0.3774881697024375,BigScience,Cerebras,0,1.0064468226504697,0.7177202740237454,0.48334833483348333,0.4284280488246881,0.2408010689025837,0.8946192547873696,4,0.658065806580658,0.48334833483348333
strict support (20),strict,ols,y_arc_c,Lab x period FE,theta_D,20,6,9,5,True,0.23001436575142292,0.2674830814600421,0.2051501585888615,7.113593538982644,0.4009260435321096,0.0699320004168925,0.26840122832738783,0.5344109943758143,0.051416462678856065,-0.17091167778068667,0.2764736579670255,0.2167419485271443,7.11393727288468,0.5364538507192076,0.4661008048530424,0.9817620748688817,0.38843884388438843,0.35893589358935896,0.46804680468046805,9999,1.9219156373511408,-7.962906593362547,-0.10498278608984712,Cerebras,BigScience,0,0.606877455876004,19.919024364077103,0.39873987398739874,6.031546107677088,7.11359353898239,24.828534705837995,4,0.9817620748688817,0.38843884388438843
strict support (20),strict,ols,y_arc_c,Lab x period FE,theta_C,20,6,9,5,True,0.5741813874837904,0.1276059685485395,0.0997541743212671,0.29060725248341074,0.5892867059610443,0.03956739776675045,0.5112191602541577,0.6665013567843271,0.03705654766985804,-0.015105318477253826,0.13359963388888121,0.10731483709417815,0.29328851692827845,0.9099797595657391,0.8935568223025501,0.9609187573248099,0.9296929692969297,0.9181918191819182,0.9240924092409241,9999,1.2308975945223646,-0.03443910033036812,0.30203886141833375,Meta,Cerebras,0,0.3004815438636988,0.8212078473991796,0.892089208920892,0.669373142887152,0.2906072524836573,1.0236137657740012,4,0.9609187573248099,0.892089208920892
strict support (20),strict,tobit,y_arc_c,OLS,theta_N,20,6,9,5,True,0.9539858992960866,0.2980543410632624,0.2980543410632624,0.16485449663036694,0.7357957864164876,0.09121294887006365,0.5366810042783018,0.8932115359917969,,0.218190112879599,0.3116988807619116,0.3116988807619116,0.18840596354899308,0.48392550856312433,0.5151472990252053,0.29913630431671556,0.5037503750375038,0.49134913491349136,0.4963496349634963,9999,3.183174855061533,0.08045819282029022,0.31582964322569546,BigScience,Cerebras,0,0.8727568661333525,0.5275366979371806,0.23232323232323232,0.4597050456491962,0.16485449663035595,0.6575604795663557,4,0.5037503750375038,0.23232323232323232
strict support (20),strict,tobit,y_arc_c,OLS,theta_D,20,6,9,5,True,0.21467965267262035,0.1964248291344871,0.1964248291344871,1.4282806265753922,0.33781199691908026,0.04455665396529136,0.25633290223415056,0.4304878361067316,,-0.12313234424645991,0.2014150166027726,0.2014150166027726,1.4289754524354774,0.5409768549539824,0.5677005019622132,0.9346768713075865,0.5427542754275427,0.5262526252625263,0.523952395239524,9999,2.0516922025458255,-1.6830510304879835,-0.03710375853291067,Cerebras,Meta,0,0.5639620464877633,4.001131266819336,0.6088608860886089,1.411663616110884,1.4282806265754404,4.987303831004687,4,0.9346768713075865,0.5427542754275427
strict support (20),strict,tobit,y_arc_c,OLS,theta_C,20,6,9,5,True,0.4662148779648963,0.028819689467426534,0.028819689467426534,0.2471054578656487,0.4732185927741848,0.017908208034245855,0.43393825918997625,0.5027064052090671,,-0.007003714809288519,0.03393049389556131,0.03393049389556131,0.2477535291817045,0.8364678617854999,0.844609919926064,0.9785413175490589,0.7802780278027803,0.7134713471347135,0.8716871687168717,9999,1.5147056418782985,-0.27220236648666324,0.04671619204756168,Cerebras,Meta,0,0.09500538290757167,0.6937098817087726,0.9203920392039204,0.11725823754451181,0.2471054578656487,0.8646909386210317,4,0.9785413175490589,0.7802780278027803
strict support (20),strict,tobit,y_arc_c,Year FE,theta_N,20,6,9,5,True,0.807979280700464,0.3873741666740729,0.3873741666740729,0.2127688562347861,0.7160860798131352,0.09312103216110469,0.5170184701914259,0.8839928497342447,,0.09189320088732877,0.39840967814196215,0.39840967814196215,0.23225441398218588,0.8175867035265394,0.8267271043759338,0.7086757441544597,0.8284828482848284,0.866986698669867,0.8265826582658266,9999,3.8103537564744814,-0.033611261971277055,0.23856738894717341,BigScience,Cerebras,0,1.115547098797494,0.6503123591501204,0.6522652265226523,0.5163506033330499,0.21276885623489433,0.810597079639761,4,0.8284828482848284,0.6522652265226523
strict support (20),strict,tobit,y_arc_c,Year FE,theta_D,20,6,9,5,True,0.4237310793351966,0.17215631313446855,0.17215631313446855,1.5475578389388234,0.3393916158599959,0.04557830987355391,0.2542114247595722,0.4313610381838964,,0.08433946347520072,0.17808755847330518,0.17808755847330518,1.5482288742921477,0.6357964063712689,0.6557525960748518,0.9586665289776852,0.7244724472447245,0.7263726372637264,0.7254725472547254,9999,2.7997307463219507,-1.601982442168262,0.22698911239033281,Cerebras,EleutherAI,0,0.49864516372525447,4.335040848018013,0.7900790079007901,1.5378720644534267,1.5475578389384497,5.403513253407655,4,0.9586665289776852,0.7244724472447245
strict support (20),strict,tobit,y_arc_c,Year FE,theta_C,20,6,9,5,True,0.5679588703311429,0.06790791247292499,0.06790791247292499,0.20820078075711795,0.4807841070260098,0.017538628672461583,0.44028784966647877,0.5062177796023001,,0.08717476330513307,0.07013621084818407,0.07013621084818407,0.20893819326198834,0.21389172345778384,0.26899810476177205,0.6938212883292246,0.12201220122012202,0.1002100210021002,0.0887088708870887,9999,1.5103727980788744,-0.13591729869841507,0.1282049638647727,Cerebras,EleutherAI,0,0.1963813903749154,0.5850269411335673,0.5164516451645165,0.19463792297762142,0.20820078075715018,0.7292205404387542,4,0.6938212883292246,0.12201220122012202
strict support (20),strict,tobit,y_arc_c,Developer FE,theta_N,20,6,9,5,True,1.0100384017312325,0.4289249048171204,0.36036900105541414,0.16531094936705634,0.8314123185223892,0.0959744281566515,0.620406958811737,0.9876498661209652,,0.17862608320884332,0.4395311875537072,0.37293016475162394,0.19115125121388488,0.6844477024885163,0.652166642356017,0.3929559079189106,0.6525652565256526,0.6412641264126413,0.6228622862286228,9999,3.5600590171177773,0.03306959554770921,0.2850384376610365,BigScience,Cerebras,0,1.044204461304547,0.5352235033988776,0.38373837383738374,0.3891899619999336,0.16531094936717966,0.6671418783685461,4,0.6525652565256526,0.38373837383738374
strict support (20),strict,tobit,y_arc_c,Developer FE,theta_D,20,6,9,5,True,0.10875482161573086,0.41879050995306016,0.3518544062803225,1.9495151979941416,0.20211508995729427,0.06180032021552593,0.08805944923397306,0.3279529142701759,,-0.09336026834156341,0.4233258447171466,0.3572405391296175,1.9504944980155363,0.8254506483903397,0.8042557119066692,0.9636769523477194,0.7526752675267526,0.7516751675167517,0.838983898389839,9999,2.113616604093646,-2.2245658053339548,0.01432081738152216,Cerebras,Meta,0,1.000273509562929,5.461384594443501,0.6917691769176918,1.7748508997712191,1.9495151979948968,6.8074708111514495,4,0.9636769523477194,0.6917691769176918
strict support (20),strict,tobit,y_arc_c,Developer FE,theta_C,20,6,9,5,True,0.5178002337915665,0.0584596502087143,0.049681149528673786,0.2567134676792261,0.4877201424785783,0.026029320792915672,0.42866325215908174,0.527442568373315,,0.030080091312988166,0.06399262647731957,0.05608691611624725,0.25802970764784733,0.6383153071474428,0.6147347298989932,0.9117336591045359,0.5662566256625663,0.5628562856285628,0.5735573557355735,9999,1.3306227340033272,-0.24343950911798856,0.09201126663462507,Cerebras,Meta,0,0.15704336512549227,0.7224831814139725,0.6625662566256626,0.15048694398325727,0.2567134676792214,0.9005560923190419,4,0.9117336591045359,0.5662566256625663
strict support (20),strict,tobit,y_arc_c,Family FE,theta_N,20,6,9,5,True,1.3345011638371296,0.20152993127357363,0.14663456353489623,0.2816981178262761,1.0666644774393808,0.1278533665702299,0.7751584622412085,1.237371260223642,,0.2678366863977488,0.23866461099725883,0.19454608340033755,0.3093546717445982,0.26176448210757375,0.22704761846219154,0.42618771572417535,0.3209320932093209,0.38003800380038005,0.3161316131613161,9999,2.568882371690885,0.06381145085785825,0.4966280322988391,BigScience,Meta,0,0.5447290335209451,0.8661930808848749,0.33853385338533853,0.1688497215224212,0.2816981178264513,1.0796866642470866,4,0.42618771572417535,0.3209320932093209
strict support (20),strict,tobit,y_arc_c,Family FE,theta_D,20,6,9,5,True,-0.44518751112365385,0.19853310621365108,0.14445405301779765,3.253323433730724,-0.255503211000943,0.1354118241365821,-0.46169838751385933,0.05651468090150884,,-0.18968430012271087,0.2403159511535543,0.1979983220869948,3.2561403112546405,0.4299295869662756,0.38205537877589146,0.9558025200942394,0.39573957395739573,0.3185318531853185,0.4063406340634063,9999,3.3123142787516846,-3.740117363949282,0.015285615750749423,Cerebras,BigScience,0,0.5543953018435854,9.117192871512993,0.573057305730573,5.416153006409029,3.2533234337327683,11.36433870919999,4,0.9558025200942394,0.39573957395739573
strict support (20),strict,tobit,y_arc_c,Family FE,theta_C,20,6,9,5,True,0.5720771808809763,0.19419775740910397,0.1447464622149233,0.1703857131367025,0.5002438616668918,0.03486046713448376,0.4273875396387532,0.5642924650841576,,0.07183331921408442,0.19730185288425353,0.14888515873844055,0.17391533402761558,0.7157995555670498,0.6498497565076139,0.6966958380048313,0.6094609460946094,0.5882588258825883,0.6098609860986098,9999,1.3557453872669007,0.04198994762814585,0.25606137567525766,BigScience,Cerebras,0,0.4168784444676335,0.4869629352773236,0.3011301130113011,0.6732255870355915,0.17038571313687137,0.6069863622836106,4,0.6966958380048313,0.3011301130113011
strict support (20),strict,tobit,y_arc_c,Lab x period FE,theta_N,20,6,9,5,True,0.9787090377144162,0.4544434711208668,0.3485422317599759,0.20476550389856565,0.8374113232787299,0.09526397709760327,0.6268976388744464,0.9907515828810117,,0.14129771443568628,0.46432111063017023,0.3613266010864374,0.2258409549202407,0.7608914693085411,0.7118663595819438,0.5589888286526696,0.721972197219722,0.7456745674567457,0.7015701570157016,9999,3.5628257684762317,-0.015685232539536714,0.29254182470499873,BigScience,Cerebras,0,1.0117144830420246,0.6323546737766739,0.5760576057605761,0.4284280488246881,0.2047655038983432,0.7882133018812868,4,0.721972197219722,0.5589888286526696
strict support (20),strict,tobit,y_arc_c,Lab x period FE,theta_D,20,6,9,5,True,0.23001436575142292,0.2674830814600421,0.2051501585888615,3.4614344477699204,0.1795602673787639,0.05715014906272485,0.0781033435294605,0.30249573565515187,,0.05045409837265902,0.27352027055640904,0.21296179729455395,3.461906205509639,0.85365102881609,0.8221224084305055,0.9889356334031472,0.868986898689869,0.8596859685968596,0.9125912591259125,9999,1.9219156373511408,-3.740117361006978,0.14235091569582892,Cerebras,BigScience,0,0.596293032424751,9.693337375426989,0.7649764976497649,6.031546107677088,3.4614344477697587,12.082487527613226,4,0.9889356334031472,0.7649764976497649
strict support (20),strict,tobit,y_arc_c,Lab x period FE,theta_C,20,6,9,5,True,0.5741813874837904,0.1276059685485395,0.0997541743212671,0.15066125870804728,0.48196743966326056,0.02594314606154313,0.42498755221006035,0.5221541128083611,,0.09221394782052988,0.13021647375344417,0.10307250905109619,0.15287858484125144,0.47884661940062234,0.41196584061673663,0.572700018559373,0.19561956195619562,0.066006600660066,0.28002800280028,9999,1.2308975945223646,0.0725909706051948,0.25606137565446274,BigScience,Cerebras,0,0.2886030253430693,0.42806003755550404,0.3189318931893189,0.669373142887152,0.1506612587080759,0.5335654650734984,4,0.572700018559373,0.19561956195619562
strict support (20),strict,ols,y_winogrande,OLS,theta_N,20,6,9,5,True,0.5574835717580674,0.21651722524710326,0.21651722524710326,0.12379180688522438,0.5873861289908995,0.0637645597928684,0.46519399952351687,0.7105130218687317,0.0922602429239023,-0.029902557232832083,0.22571138188909112,0.22571138188909112,0.1392491670980009,0.8946035432287986,0.8997699444706582,0.8384526467310816,0.9203920392039204,0.9174917491749175,0.9294929492949295,9999,3.183174855061533,-0.10547978508931158,0.06665064430783939,BigScience,Cerebras,0,0.631991869289455,0.3898976678744025,0.7743774377437744,0.34744450260874254,0.12379180688490134,0.4859970850782893,1,0.9203920392039204,0.7743774377437744
strict support (20),strict,ols,y_winogrande,OLS,theta_D,20,6,9,5,True,0.27478626945956863,0.14500335126057845,0.14500335126057845,1.3729405208477137,0.5144372313610148,0.07357123025678998,0.37055315660869087,0.6559667688871568,0.06756659330691864,-0.2396509619014462,0.16259980872773594,0.16259980872773594,1.3749103242419445,0.14051662663940265,0.20051743376314185,0.8684651237986989,0.19731973197319733,0.1714171417141714,0.20252025202520252,9999,2.0516922025458255,-1.741139584699768,-0.17741954214895736,Cerebras,BigScience,0,0.4552794644376606,3.8497489078774443,0.47074707470747074,1.2581161225275892,1.3729405208478256,4.798609742170757,1,0.8684651237986989,0.19731973197319733
strict support (20),strict,ols,y_winogrande,OLS,theta_C,20,6,9,5,True,0.370968778324641,0.013703106900800479,0.013703106900800479,0.27246600933748233,0.5392567394832033,0.038596123746674496,0.46467049111518277,0.6138274112537999,0.03662417483573167,-0.16828796115856232,0.04095651238818287,0.04095651238818287,0.275186095238407,3.9747473208666775e-05,0.009273431181747218,0.567574576075548,0.08260826082608261,0.031103110311031103,0.07250725072507251,9999,1.5147056418782985,-0.4651662547817336,-0.14837824814675377,Cerebras,Meta,0,0.11467823468691202,0.7705210666675395,0.41784178417841783,0.05460022728973354,0.2724660093373553,0.9604340401247708,1,0.567574576075548,0.08260826082608261
strict support (20),strict,ols,y_winogrande,Year FE,theta_N,20,6,9,5,True,0.49328522832241595,0.29216730243508443,0.29216730243508443,0.16443921014180563,0.5679629414460972,0.06541674837572027,0.44305434684096934,0.694428297440916,0.09176958235499802,-0.07467771312368121,0.2994012083814065,0.2994012083814065,0.17697345789725988,0.8030331681963196,0.8129558032754063,0.6905749331917177,0.8566856685668567,0.8603860386038604,0.8704870487048705,9999,3.8103537564744814,-0.19588741034655288,-0.0019952277375104854,EleutherAI,TII,0,0.8383233834679381,0.4955256821123276,0.6660666066606661,0.35852593650827974,0.1644392101416698,0.6176595987375815,1,0.8566856685668567,0.6660666066606661
strict support (20),strict,ols,y_winogrande,Year FE,theta_D,20,6,9,5,True,0.3690893271959005,0.18287449606727618,0.18287449606727618,1.66094775572811,0.514107343853253,0.07374406418283261,0.3698908465492807,0.656364731379949,0.06799997823295752,-0.14501801665735248,0.19718333680628783,0.19718333680628783,1.6625840232182094,0.46206692657337,0.4950955451413094,0.9338785935796274,0.5009500950095009,0.49324932493249324,0.495949594959496,9999,2.7997307463219507,-1.9547234670484577,0.004049427768803626,Cerebras,EleutherAI,0,0.5521133430576058,4.655235265010986,0.6506650665066507,1.5862369495585582,1.6609477557281318,5.802627087981948,1,0.9338785935796274,0.5009500950095009
strict support (20),strict,ols,y_winogrande,Year FE,theta_C,20,6,9,5,True,0.41570633257144257,0.032430169121854036,0.032430169121854036,0.2709402659810579,0.534322074445156,0.03459985533597696,0.4673250290533743,0.6012201918546866,0.03462793167029596,-0.11861574187371343,0.04742220849499302,0.04742220849499302,0.27314058233656335,0.012374883487459023,0.05440553013643972,0.6821960714813929,0.33583358335833585,0.36603660366036606,0.3144314431443144,9999,1.5103727980788744,-0.41096211238501074,-0.07637481604005023,Cerebras,EleutherAI,0,0.13278218378598045,0.7647936305423774,0.5154515451545154,0.05763693159575479,0.27094026598105875,0.9532949431484392,1,0.6821960714813929,0.33583358335833585
strict support (20),strict,ols,y_winogrande,Developer FE,theta_N,20,6,9,5,True,0.6003680829954139,0.3443973044086194,0.289351611813793,0.07760505421235829,0.5813174919738768,0.07043952397845936,0.4457939421190849,0.7189967546141662,0.09937585499163165,0.019050591021537056,0.35152699728788284,0.2978020849449377,0.10480587282025287,0.9567807439107969,0.951472342414913,0.8629023415219838,0.9530953095309531,0.9357935793579358,0.9541954195419542,9999,3.5600590171177773,-0.04211567580876385,0.07295575138643118,Meta,Cerebras,0,0.8338458378458256,0.29345644389670805,0.8577857785778578,0.3212270992353001,0.07760505421289741,0.3657856614243264,1,0.9530953095309531,0.8577857785778578
strict support (20),strict,ols,y_winogrande,Developer FE,theta_D,20,6,9,5,True,0.23926647403861825,0.30007304019462644,0.2521117811629631,1.1935666141142636,0.5055735589301278,0.07933372226713474,0.35075156651839023,0.6584655470151977,0.07863731850010924,-0.26630708489150956,0.31038310028157906,0.26429943187589466,1.1962002766330337,0.39089533685190636,0.3598926997464902,0.8326339667730754,0.32213221322132213,0.29692969296929694,0.3365336533653365,9999,2.113616604093646,-1.5690014538315693,-0.15530630331366313,Cerebras,Meta,0,0.740038409252505,3.3493607745724945,0.1646164616461646,1.0257426646059467,1.1935666141144798,4.174889227196274,1,0.8326339667730754,0.1646164616461646
strict support (20),strict,ols,y_winogrande,Developer FE,theta_C,20,6,9,5,True,0.4031515815977841,0.03357536690935586,0.028533575174473833,0.1273608880171609,0.539949763029893,0.030251581685126323,0.48159117290050457,0.5980203690364169,0.03521405322858088,-0.13679818143210887,0.045193621868021804,0.04158513083650477,0.13090436964048094,0.0024704661218075993,0.021723254717249667,0.3438787943513028,0.37453745374537456,0.41284128412841287,0.34543454345434543,9999,1.3306227340033272,-0.27281118574419305,-0.10645250025517773,Cerebras,Meta,0,0.11643836634221336,0.3665322349933466,0.22512251225122512,0.11058812516633573,0.1273608880169579,0.4568726937124925,1,0.37453745374537456,0.22512251225122512
strict support (20),strict,ols,y_winogrande,Family FE,theta_N,20,6,9,5,True,0.8871380951459171,0.03415040813114392,0.02484807174399858,0.04500202653285912,0.8264551208727777,0.08821369894374514,0.6554009049187943,0.997559743274006,0.14234295917686707,0.0606829742731394,0.09459337744716279,0.09164651303095282,0.09902948587871119,0.5211887993824285,0.5371745716380724,0.5668200528804392,0.5223522352235224,0.11201120112011201,0.5175517551755175,9999,2.568882371690885,0.034018912578542004,0.09918110657949482,EleutherAI,BigScience,0,0.25661023648666786,0.2772825604603913,0.5262526252625263,0.02809222039571306,0.04500202653231963,0.34562534539243356,1,0.5668200528804392,0.5223522352235224
strict support (20),strict,ols,y_winogrande,Family FE,theta_D,20,6,9,5,True,-0.27270197878796626,0.035739754415634505,0.026004491027522867,1.8219832202884192,0.029111325227344304,0.09288434040719422,-0.15038494808555944,0.20647395165351853,0.1499631086984386,-0.3018133040153106,0.0995230161247608,0.09645586683286844,1.8243492965179222,0.0024245832074741634,0.02598586703205448,0.8750817023946822,0.0634063406340634,0.050705070507050705,0.059705970597059704,9999,3.3123142787516846,-2.2971116546748362,-0.27368383024117776,Cerebras,EleutherAI,0,0.2700764271320316,5.108178030250182,0.39993999399939995,1.3602172238752999,1.821983220289391,6.367208212084643,1,0.8750817023946822,0.0634063406340634
strict support (20),strict,ols,y_winogrande,Family FE,theta_C,20,6,9,5,True,0.390259117827387,0.1247668863841847,0.09299574643200997,0.13549876236454514,0.48487063982935347,0.023450584688301964,0.44245193896340324,0.5260048170969589,0.03436083192515469,-0.09461152200196649,0.12695158864790657,0.09590692767819183,0.1375130703771343,0.4561165519167246,0.3691919922274777,0.5220522109558389,0.902990299029903,0.9270927092709271,0.9065906590659066,9999,1.3557453872669007,-0.10690666382248412,0.053112147655225345,Meta,Cerebras,0,0.26853939749893707,0.38503659705597604,0.8106810681068107,0.4430713090525197,0.1354987623635815,0.47993788944115257,1,0.902990299029903,0.5220522109558389
strict support (20),strict,ols,y_winogrande,Lab x period FE,theta_N,20,6,9,5,True,0.5815039360668259,0.36571022671956066,0.28048693995733714,0.08323013385662033,0.5863895842198207,0.06998490980291223,0.45163119191020856,0.7229454262406132,0.09948855747437457,-0.004885648152994748,0.3723464213973249,0.2890861655056371,0.10874347236461,0.9895310625986236,0.9871697852911612,0.9659036755527229,0.9886988698869887,0.991899189918992,0.9863986398639863,9999,3.5628257684762317,-0.04210585974929293,0.07456694866414557,Meta,Cerebras,0,0.8094412634157838,0.304481722620908,0.9653965396539654,0.33174063729561326,0.08323013385665355,0.3795283784591534,1,0.9886988698869887,0.9653965396539654
strict support (20),strict,ols,y_winogrande,Lab x period FE,theta_D,20,6,9,5,True,0.30731298695920956,0.2140096116373408,0.16413787940266317,1.9351910843694178,0.4846939225398364,0.07566985743947355,0.3371423113951431,0.6303624652049621,0.07696442819683272,-0.17738093558062684,0.2269934827215876,0.18074061740437164,1.9366699409935069,0.4345459584816742,0.3714605253020733,0.9305795554707128,0.29492949294929494,0.2601260126012601,0.35513551355135514,9999,1.9219156373511408,-2.297111654095829,-0.1555924607702408,Cerebras,Meta,0,0.5060737287322405,5.422675834781819,0.5371537153715371,1.8918538991051386,1.9351910843694031,6.75922137056071,1,0.9305795554707128,0.29492949294929494
strict support (20),strict,ols,y_winogrande,Lab x period FE,theta_C,20,6,9,5,True,0.43335566613388665,0.07487623930187641,0.05853344880963859,0.13832808793323492,0.5314423425704808,0.028610805662810983,0.47567854659698705,0.5861423369723379,0.03421138096386857,-0.09808667643659419,0.08015628118037288,0.06515169092376435,0.141255931245169,0.22106807896981784,0.1925355979263583,0.5183734768206012,0.8705870587058706,0.918991899189919,0.8733873387338734,9999,1.2308975945223646,-0.10656696072723221,0.05311214764466585,Meta,Cerebras,0,0.18242473458654018,0.39551660748647316,0.7853785378537854,0.4025739116982675,0.13832808793346765,0.49300094403334455,1,0.8705870587058706,0.5183734768206012
strict support (20),strict,tobit,y_winogrande,OLS,theta_N,20,6,9,5,True,0.5574835717580674,0.21651722524710326,0.21651722524710326,0.1258378516410584,0.5970873361782598,0.10605980236232636,0.3713118809128166,0.7938144451402371,,-0.03960376442019242,0.24109830050384132,0.24109830050384132,0.16457170650744543,0.8695233427806759,0.875957273290489,0.8193843193243792,0.8958895889588959,0.8940894089408941,0.905990599059906,9999,3.183174855061533,-0.11598727761127309,0.0592464986452616,BigScience,Cerebras,0,0.6750752414107557,0.4608007782208472,0.7763776377637763,0.34744450260874254,0.1258378516409442,0.5743759285302501,1,0.8958895889588959,0.7763776377637763
strict support (20),strict,tobit,y_winogrande,OLS,theta_D,20,6,9,5,True,0.27478626945956863,0.14500335126057845,0.14500335126057845,1.339405242705133,0.5258272082862163,0.06942695533621224,0.38633781211475715,0.6443103526858801,,-0.2510409388266477,0.16076714217791865,0.16076714217791865,1.341203379921648,0.11840135654703578,0.1791564924243627,0.8588809898859996,0.1774177417741774,0.16591659165916592,0.19531953195319532,9999,2.0516922025458255,-1.715742244239788,-0.1889010231358989,Cerebras,BigScience,0,0.4501479980981722,3.7553694637806143,0.46944694469446946,1.2581161225275892,1.3394052427050511,4.680968272365545,1,0.8588809898859996,0.1774177417741774
strict support (20),strict,tobit,y_winogrande,OLS,theta_C,20,6,9,5,True,0.370968778324641,0.013703106900800479,0.013703106900800479,0.26054465197121107,0.5500721438549776,0.038198997440856974,0.46632251655588286,0.6113098669607924,,-0.17910336553033662,0.040582490611362966,0.040582490611362966,0.2633299813471419,1.0179911967115472e-05,0.006935074769557706,0.526620889086066,0.07580758075807581,0.032603260326032606,0.062006200620062006,9999,1.5147056418782985,-0.4629208380450852,-0.15951581825452943,Cerebras,Meta,0,0.1136309737118163,0.7373239477719973,0.4166416641664166,0.05460022728973354,0.26054465197121107,0.9190547133281098,1,0.526620889086066,0.07580758075807581
strict support (20),strict,tobit,y_winogrande,Year FE,theta_N,20,6,9,5,True,0.49328522832241595,0.29216730243508443,0.29216730243508443,0.16677632480322954,0.5790055336827611,0.10788494488875179,0.34576516875022084,0.7794183396940182,,-0.08572030536034514,0.31144966518820194,0.31144966518820194,0.19862906093651383,0.7831395054369977,0.7941509169104201,0.6840361416544026,0.8333833383338334,0.8468846884688469,0.8522852285228523,9999,3.8103537564744814,-0.2103489777209238,-0.013683990855936953,EleutherAI,TII,0,0.8720590625269654,0.5561613706222387,0.6631663166316631,0.35852593650827974,0.1667763248029169,0.6932403736321485,1,0.8333833383338334,0.6631663166316631
strict support (20),strict,tobit,y_winogrande,Year FE,theta_D,20,6,9,5,True,0.3690893271959005,0.18287449606727618,0.18287449606727618,1.627636768855089,0.5257750870880247,0.06991767716515494,0.3840803166177891,0.6467611205577841,,-0.1566857598921242,0.19578448072314372,0.19578448072314372,1.629137788190184,0.42353865999110474,0.4598569068725186,0.9271158396525205,0.46784678467846785,0.46704670467046705,0.47154715471547154,9999,2.7997307463219507,-1.9295960051318524,-0.004988641280290584,Cerebras,EleutherAI,0,0.5481965460248024,4.5615858069325155,0.6256625662566256,1.5862369495585582,1.6276367688554454,5.685895526355989,1,0.9271158396525205,0.46784678467846785
strict support (20),strict,tobit,y_winogrande,Year FE,theta_C,20,6,9,5,True,0.41570633257144257,0.032430169121854036,0.032430169121854036,0.26076089361210425,0.5457551668793427,0.036684908355223395,0.4636481855705891,0.6053545584185868,,-0.1300488343079001,0.048964256047684354,0.048964256047684354,0.26332874157298947,0.007907471465382647,0.04510031807300332,0.6423295034167366,0.31803180318031804,0.34703470347034704,0.29552955295529554,9999,1.5103727980788744,-0.411115116672776,-0.08759447781527394,Cerebras,EleutherAI,0,0.13709991693351617,0.7373204764043705,0.5092509250925092,0.05763693159575479,0.26076089361213073,0.9190503863605824,1,0.6423295034167366,0.31803180318031804
strict support (20),strict,tobit,y_winogrande,Developer FE,theta_N,20,6,9,5,True,0.6003680829954139,0.3443973044086194,0.289351611813793,0.0860021709334058,0.6001883500604346,0.1080673854047244,0.36262957118333594,0.7964226034866717,,0.0001797329349793042,0.36095437810357206,0.30887362310086175,0.13811203131324942,0.9996027028991443,0.9995582153037598,0.999011993368837,0.9992999299929993,0.9948994899489949,0.9998999899989999,9999,3.5600590171177773,-0.06160314348580745,0.06619710440584797,Meta,Cerebras,0,0.8648461446824128,0.38671368767709835,0.9990999099909991,0.3212270992353001,0.08600217093404765,0.48202833834719766,1,0.9992999299929993,0.999011993368837
strict support (20),strict,tobit,y_winogrande,Developer FE,theta_D,20,6,9,5,True,0.23926647403861825,0.30007304019462644,0.2521117811629631,1.170210926953291,0.5062781148175955,0.07625234357271411,0.3492221858293771,0.6480754235781475,,-0.2670116407789773,0.30960983406858567,0.26339090740094473,1.1726926423667934,0.3884601206099537,0.3572192086926486,0.8289042520004024,0.32283228322832286,0.3088308830883088,0.34623462346234624,9999,2.113616604093646,-1.5441083864029692,-0.15709661655717228,Cerebras,Meta,0,0.7374945407226452,3.2835393986270214,0.15911591159115912,1.0257426646059467,1.1702109269522087,4.092844630674997,1,0.8289042520004024,0.15911591159115912
strict support (20),strict,tobit,y_winogrande,Developer FE,theta_C,20,6,9,5,True,0.4031515815977841,0.03357536690935586,0.028533575174473833,0.11942174332788673,0.5488990520214386,0.0401415679330859,0.45871228938080616,0.6185158461732511,,-0.14574747042365455,0.052332119575117714,0.049249470945015236,0.12598769088922224,0.005351978246726761,0.03154179492353962,0.29960036970657683,0.37193719371937195,0.4136413641364136,0.32713271327132715,9999,1.3306227340033272,-0.2729045455185388,-0.11588101920966329,Cerebras,Meta,0,0.13789851864604266,0.35276553448982223,0.21702170217021702,0.11058812516633573,0.11942174332790952,0.43971286725768566,1,0.37193719371937195,0.21702170217021702
strict support (20),strict,tobit,y_winogrande,Family FE,theta_N,20,6,9,5,True,0.8871380951459171,0.03415040813114392,0.02484807174399858,0.04480108808151779,0.8330101562989616,0.12990449574739088,0.5426881366790217,1.0843740252276617,,0.05412793884695555,0.13431838441147062,0.1322596109353827,0.13741293792315123,0.6869612052720009,0.6992938405189562,0.7098877285655852,0.6835683568356836,0.1152115211521152,0.682968296829683,9999,2.568882371690885,0.02349701983849447,0.09026882606387598,EleutherAI,BigScience,0,0.3703269106190715,0.3847562261848234,0.692969296929693,0.02809222039571306,0.04480108808090471,0.4795884145985256,1,0.7098877285655852,0.6835683568356836
strict support (20),strict,tobit,y_winogrande,Family FE,theta_D,20,6,9,5,True,-0.27270197878796626,0.035739754415634505,0.026004491027522867,1.63182314642006,0.0543611630993005,0.12141132056236718,-0.19534331946062963,0.2871117354212785,,-0.32706314188726676,0.1265623909634602,0.12416498022509569,1.636333550946433,0.00976038098250002,0.04630389599818013,0.8494527343968544,0.0813081308130813,0.0446044604460446,0.0786078607860786,9999,3.3123142787516846,-2.1139788767448344,-0.2951198537710213,Cerebras,EleutherAI,0,0.3476619446302679,4.581733942650012,0.4511451145114511,1.3602172238752999,1.6318231464188073,5.711009642277348,1,0.8494527343968544,0.0813081308130813
strict support (20),strict,tobit,y_winogrande,Family FE,theta_C,20,6,9,5,True,0.390259117827387,0.1247668863841847,0.09299574643200997,0.14306696360385845,0.4994345848733184,0.04648277462208162,0.40233041046629,0.5852296680737783,,-0.1091754670459314,0.13314437379991423,0.10396565390076634,0.15042873532472112,0.41222860732547295,0.341749127704943,0.5005197045410934,0.8582858285828583,0.924992499249925,0.8653865386538654,9999,1.3557453872669007,-0.12133734146672322,0.046836194792783815,Meta,Cerebras,0,0.29110383092214576,0.4212004589092191,0.7124712471247124,0.4430713090525197,0.143066963603581,0.5250151825208118,1,0.8582858285828583,0.5005197045410934
strict support (20),strict,tobit,y_winogrande,Lab x period FE,theta_N,20,6,9,5,True,0.5815039360668259,0.36571022671956066,0.28048693995733714,0.09293841184191508,0.604791944615923,0.10763221313303677,0.3692800306065949,0.8009776596295435,,-0.023288008549097072,0.38121996698912286,0.3004290545046306,0.14220492853488895,0.9512890356555055,0.9412195639973656,0.8763310040494464,0.9501950195019502,0.9681968196819682,0.9415941594159416,9999,3.5628257684762317,-0.061581385624153134,0.06656191509241,Meta,Cerebras,0,0.8412013526129656,0.39817379989768903,0.8640864086408641,0.33174063729561326,0.09293841184196326,0.49631306378359413,1,0.9501950195019502,0.8640864086408641
strict support (20),strict,tobit,y_winogrande,Lab x period FE,theta_D,20,6,9,5,True,0.30731298695920956,0.2140096116373408,0.16413787940266317,1.7655267350898105,0.48746058704625367,0.07240618752677046,0.33271840679258996,0.6218991728825081,,-0.1801476000870441,0.22592647004131078,0.1793987164027799,1.7670108398957398,0.42523460777309197,0.36138722712385496,0.922758334591892,0.284028402840284,0.2593259325932593,0.3436343634363436,9999,1.9219156373511408,-2.1139788760515397,-0.1577309010384645,Cerebras,Meta,0,0.5023164059277837,4.947630351708071,0.5586558655865587,1.8918538991051386,1.7655267350900101,6.167089795852704,1,0.922758334591892,0.284028402840284
strict support (20),strict,tobit,y_winogrande,Lab x period FE,theta_C,20,6,9,5,True,0.43335566613388665,0.07487623930187641,0.05853344880963859,0.14167937337976888,0.5413965710971517,0.039629226363179094,0.4497598332255011,0.6107188840677165,,-0.10804090496326502,0.08471674447319108,0.07068691683539939,0.14711736955039692,0.20219622541886195,0.18694432823347568,0.495688169148585,0.8342834283428343,0.9208920892089208,0.8223822382238224,9999,1.2308975945223646,-0.11619491326944303,0.04683619478882939,Meta,Cerebras,0,0.1979233671391183,0.41192863474111135,0.7395739573957396,0.4025739116982675,0.14167937337981457,0.513458100008304,1,0.8342834283428343,0.495688169148585
legacy support (57),legacy,ols,y_hellaswag,OLS,theta_N,57,19,30,15,True,0.5015840636187519,0.08655836568125654,0.08655836568125654,0.08671171026620211,0.4225242892865833,0.028289924225526626,0.3699905980700442,0.4755921334013432,0.028448377604219196,0.07905977433216854,0.0910641009514516,0.0910641009514516,0.09120987068281491,0.3852973449612688,0.39672515684191634,0.3974650444493843,0.4308430843084308,0.40454045404540456,0.41904190419041903,9999,6.524928530269833,0.026193211650881232,0.10783563031195495,BigScience,TII,0,0.25497948266406445,0.25538763791188174,0.3686368636863686,0.09763749578129433,0.08671171026635278,0.2702521751346849,0,0.4308430843084308,0.3686368636863686
legacy support (57),legacy,ols,y_hellaswag,OLS,theta_D,57,19,30,15,True,0.22285508092260403,0.08154874520892619,0.08154874520892619,0.06807742544861697,0.27251351356854514,0.016910144229997696,0.23939997724912346,0.30444146613197515,0.014673352181567475,-0.04965843264594111,0.08328355673858848,0.08328355673858848,0.07014619614484684,0.55100332000932,0.5584279949166563,0.48805656553066246,0.575057505750575,0.5725572557255726,0.5773577357735774,9999,4.721164695557242,-0.08630332868373025,-0.015815880430486973,01.AI,BigCode,0,0.23319395886804772,0.19640934920557113,0.39303930393039305,0.13889100452226297,0.06807742544867358,0.20784112447098202,0,0.575057505750575,0.39303930393039305
legacy support (57),legacy,ols,y_hellaswag,OLS,theta_C,57,19,30,15,True,0.3279657296962051,0.03728024946299692,0.03728024946299692,0.040772680877814056,0.3290836262488226,0.0068440499041557855,0.31594077857248826,0.34237511833130124,0.006651227211384111,-0.0011178965526175144,0.0379032718787423,0.0379032718787423,0.0413431073463841,0.976471078612794,0.9767956319240686,0.9787257661317063,0.9786978697869787,0.9798979897989799,0.9770977097709771,9999,3.9808955713856102,-0.02214165347728462,0.0231865979197367,01.AI,BigCode,0,0.10612916126047844,0.11576070056987547,0.9748974897489749,0.046321964666545236,0.04077268087781817,0.12249841605457094,0,0.9787257661317063,0.9748974897489749
legacy support (57),legacy,ols,y_hellaswag,Year FE,theta_N,57,19,30,15,True,0.5169824099955601,0.09295014426863007,0.09295014426863007,0.10345902339839272,0.41613133267770175,0.028289015432597854,0.36385631114137756,0.46912723775564663,0.028606525898414524,0.10085107731785836,0.09715965064626829,0.09715965064626829,0.10725687817895378,0.29927312204226664,0.31301672097921185,0.3595241624560358,0.357035703570357,0.3414341434143414,0.3392339233923392,9999,6.729198028071443,0.05825353070714817,0.16525846499824187,Meta,Cerebras,0,0.2720470218095512,0.3003192589010706,0.34113411341134114,0.12553266021551482,0.10345902339836736,0.31779898830050185,0,0.3595241624560358,0.34113411341134114
legacy support (57),legacy,ols,y_hellaswag,Year FE,theta_D,57,19,30,15,True,0.19054569708553756,0.10648909799970978,0.10648909799970978,0.21100234257730957,0.30368095841389386,0.015206495696550408,0.27403990945374607,0.3324534908339703,0.013609728810616175,-0.1131352613283563,0.10756935206721754,0.10756935206721754,0.21154958304019772,0.29291769754554886,0.30683312741513524,0.599337710863796,0.32413241324132414,0.311031103110311,0.31763176317631764,9999,3.6196667984150275,-0.3172809201988864,-0.07332725438017168,Cerebras,Stability AI,0,0.3011941857882091,0.5923388325125536,0.42064206420642064,0.37142220448276053,0.21100234257735423,0.6268152178865106,0,0.599337710863796,0.32413241324132414
legacy support (57),legacy,ols,y_hellaswag,Year FE,theta_C,57,19,30,15,True,0.31894931532055915,0.04063002379553907,0.04063002379553907,0.03604783697663199,0.3479132226055822,0.006633818405084649,0.33517950111524625,0.36060598360321355,0.006684440854034728,-0.02896390728502307,0.04116802618850837,0.04116802618850837,0.03665315944533945,0.4817109028115173,0.49071238050858856,0.43968895925138,0.46644664466446645,0.45774577457745774,0.44944494449444944,9999,3.008072470432158,-0.049691660470320795,-0.008665436037178731,Cerebras,BigCode,0,0.11527047332782343,0.10262884644695046,0.2948294829482948,0.07580429425997302,0.03604783697664997,0.1086022378006479,0,0.46644664466446645,0.2948294829482948
legacy support (57),legacy,ols,y_hellaswag,Developer FE,theta_N,57,19,30,15,True,0.5891906863277978,0.07432402153461976,0.060685309463815715,0.0642796079857387,0.4483079284239554,0.02834625875876706,0.39616443433476567,0.5015737610235577,0.02826021642580626,0.14088275790384241,0.07954602795047405,0.06697922939492555,0.07025224828017407,0.07654660772554044,0.04975974198949751,0.06019471147338312,0.13811381138113812,0.1267126712671267,0.11071107110711072,9999,4.829740716448645,0.10290240618109081,0.1846991898892087,Stability AI,Cerebras,0,0.18754184230579155,0.19670629518448737,0.11931193119311931,0.06491154477723622,0.06427960798580235,0.2081553538415019,0,0.13811381138113812,0.06019471147338312
legacy support (57),legacy,ols,y_hellaswag,Developer FE,theta_D,57,19,30,15,True,0.20299657490290818,0.16509675288463915,0.13480093425257755,0.09600083858736994,0.2931378044285091,0.017844841155937985,0.25841982096219585,0.32710289919440116,0.015493041601588951,-0.09014122952560094,0.16605835169882985,0.13597694742583535,0.09764527313372068,0.5872477908314094,0.5157847029103257,0.3681389357351822,0.5679567956795679,0.5672567256725672,0.6153615361536153,9999,3.8545844690367983,-0.16903263897362067,-0.047505839472832725,Cerebras,Meta,0,0.38073545279233895,0.2734067647744179,0.3331333133313331,0.21848201647890073,0.09600083858713453,0.28932008409239435,0,0.5679567956795679,0.3331333133313331
legacy support (57),legacy,ols,y_hellaswag,Developer FE,theta_C,57,19,30,15,True,0.39344597282113314,0.045548826556253134,0.037359126236645876,0.01639822315224602,0.36965905583313724,0.008116640151689196,0.35456756200415596,0.3847797231061278,0.008496193837611035,0.0237869169879959,0.046266353303493074,0.03823067041679567,0.018297037189197344,0.6071611530439425,0.541615960900156,0.20998832625796574,0.664966496649665,0.6749674967496749,0.6189618961896189,9999,3.295205717732477,0.017044796501436935,0.033171026101931934,BigScience,Meta,0,0.10704587716702786,0.05123170412975256,0.1418141814181418,0.05361414000975522,0.01639822315208186,0.05421358523899836,0,0.664966496649665,0.1418141814181418
legacy support (57),legacy,ols,y_hellaswag,Family FE,theta_N,57,19,30,15,True,0.6477467496597589,0.08150484214613203,0.05545702078447569,0.05159309852080297,0.44489398589779405,0.028944034958043447,0.39097228487782304,0.49951532681241795,0.028585702415830517,0.20285276376196482,0.08649159758565188,0.0625558815295749,0.05915745916306516,0.019009405348191753,0.004517023134476279,0.0029926900181388733,0.045104510451045104,0.047004700470047005,0.030003000300030003,9999,4.2515729429440645,0.15746233099686813,0.22376813531010187,Stability AI,Microsoft,0,0.17515646828280973,0.16564088565658244,0.04770477047704771,0.059204501346000526,0.051593098520850436,0.17528181867351217,0,0.04770477047704771,0.0029926900181388733
legacy support (57),legacy,ols,y_hellaswag,Family FE,theta_D,57,19,30,15,True,0.08662888242487002,0.16141991958057594,0.10983234369264062,0.10409168531595288,0.3484975940846187,0.020037359219348544,0.3092956704597255,0.38716527766165165,0.016762595599056254,-0.2618687116597487,0.16265880302610375,0.11164514985212545,0.10600271089175302,0.10741391076844196,0.030657573715671783,0.023721245639254106,0.027302730273027303,0.029502950295029504,0.022502250225022502,9999,4.108629104643811,-0.3388695947535271,-0.19289449757112442,Microsoft,Stability AI,0,0.31260641958595126,0.2968075904969084,0.012901290129012902,0.21072482052306962,0.10409168531452667,0.3140829273653049,0,0.027302730273027303,0.012901290129012902
legacy support (57),legacy,ols,y_hellaswag,Family FE,theta_C,57,19,30,15,True,0.44070175202794326,0.06549330691533213,0.04503003129596417,0.06300526064042417,0.4093250049597007,0.012690038418759129,0.3867484889064738,0.43208891481192774,0.013259115926272052,0.03137674706824256,0.06671139577145328,0.0467839800955957,0.06427052157433737,0.6381152378083685,0.5109435074093188,0.6313035273331686,0.506950695069507,0.49844984498449846,0.5071507150715071,9999,3.3526130053799417,0.008239722557388779,0.08802570270176702,Meta,Cerebras,0,0.13099514426766795,0.17995746040814461,0.5562556255625563,0.04829802581596554,0.06300526064081628,0.19043167282746684,0,0.6313035273331686,0.506950695069507
legacy support (57),legacy,ols,y_hellaswag,Lab x period FE,theta_N,57,19,30,15,True,0.6095692838570723,0.09315391323196463,0.06943282745226335,0.07185988259693987,0.4446699672981713,0.028163363056122097,0.39280973273293107,0.49750767579387173,0.02818443384112501,0.164899316558901,0.09731817183372969,0.07492724835896963,0.07718171898498326,0.09018265329200668,0.041043723838973104,0.046622261049241095,0.1329132913291329,0.1263126312631263,0.10591059105910591,9999,4.801860485455022,0.12429797033131151,0.21063108465131455,Meta,Cerebras,0,0.20979629540511496,0.2161088131579531,0.11411141114111412,0.07779846796767555,0.07185988259704211,0.22868717256339385,0,0.1329132913291329,0.046622261049241095
legacy support (57),legacy,ols,y_hellaswag,Lab x period FE,theta_D,57,19,30,15,True,0.2454925863922156,0.17891821111518136,0.133357760822068,0.24084390177106205,0.3582613443960487,0.015784641345785,0.3273640554847476,0.3881390762136911,0.014363476073038627,-0.11276875800383307,0.17961314309112147,0.1342886714279762,0.24136060143015067,0.5301071464498068,0.41206441492312235,0.645947899697963,0.45034503450345037,0.44764476447644763,0.44994499449944997,9999,2.503262448322359,-0.35317057456376777,-0.06980481355060049,Cerebras,Meta,0,0.37600827999833336,0.6758096840044219,0.39713971397139713,0.43533986378823447,0.24084390176721554,0.715144392158466,0,0.645947899697963,0.39713971397139713
legacy support (57),legacy,ols,y_hellaswag,Lab x period FE,theta_C,57,19,30,15,True,0.44164902273004253,0.040748536675887057,0.030592257035224835,0.03804685266037431,0.4048163907875081,0.009541712386175233,0.38759519018140903,0.4219703060991286,0.00992864311250808,0.036832631942534444,0.04185077677279841,0.03204575581523633,0.03922508473694763,0.3788082027284081,0.2654445023193268,0.3601577511981711,0.3639363936393639,0.3615361536153615,0.26452645264526453,9999,2.529511502142811,0.02670673433505953,0.07083313896363985,Meta,Cerebras,0,0.08972811628266172,0.10983023726345335,0.1995199519951995,0.0320353715752604,0.03804685266043392,0.11622277710344046,0,0.3639363936393639,0.1995199519951995
legacy support (57),legacy,ols,y_hellaswag,Notability-propensity control,theta_N,57,19,30,15,True,0.5720936530326394,0.113375459301011,0.113375459301011,0.12231839203988928,0.4962841575538379,0.026395330252548994,0.4478117308661183,0.5455194363050597,0.025967227922987262,0.07580949547880145,0.11640750934049028,0.11640750934049028,0.1251339382036911,0.5148900810631137,0.5231181167201734,0.5521932992565152,0.5168516851685169,0.5094509450945095,0.5096509650965096,9999,6.224798769805909,0.016460462780238883,0.12253488676835517,BigScience,TII,0,0.3259410261533728,0.350375026970335,0.5214521452145214,0.11949164531805988,0.1223183920399049,0.3707681935030794,0,0.5521932992565152,0.5168516851685169
legacy support (57),legacy,ols,y_hellaswag,Notability-propensity control,theta_D,57,19,30,15,True,0.22447788386993822,0.08586543428515843,0.08586543428515843,0.07018631336419492,0.28123111405006135,0.016639984984607826,0.24864048741232397,0.3126703986934838,0.014511689195448114,-0.056753230180123126,0.08746291731509323,0.08746291731509323,0.07213187703051224,0.5164137819557618,0.5246071092961564,0.44163671712697133,0.5322532253225323,0.5311531153115312,0.5276527652765276,9999,4.568589015341297,-0.0919535294594834,-0.024458279059286325,01.AI,BigCode,0,0.24489616848226103,0.20196925568543428,0.33953395339533954,0.14961812754092735,0.07018631336421115,0.2137246387711021,0,0.5322532253225323,0.33953395339533954
legacy support (57),legacy,ols,y_hellaswag,Notability-propensity control,theta_C,57,19,30,15,True,0.3350553220521178,0.0501165728456714,0.0501165728456714,0.042892784111918096,0.3496400204719917,0.006435368287924051,0.3372522569785154,0.3622254339819693,0.005613054051786568,-0.01458469841987392,0.050528059915226374,0.050528059915226374,0.04337285895433724,0.7728526530873847,0.7761503910512237,0.7405606505447467,0.801980198019802,0.7997799779977998,0.7901790179017901,9999,3.5742476661748257,-0.030116344601797386,0.01911975644671673,AI2,BigCode,0,0.14147856776263384,0.12144400507214427,0.7295729572957296,0.07079867622479104,0.0428927841119789,0.12851251061392016,0,0.801980198019802,0.7295729572957296
legacy support (57),legacy,tobit,y_hellaswag,OLS,theta_N,57,19,30,15,True,0.5015840636187519,0.08655836568125654,0.08655836568125654,0.08668700925468029,0.42285018613768977,0.021369567707932385,0.3829359448957271,0.46457066238658007,,0.07873387748106209,0.08915721559937835,0.08915721559937835,0.08928211465654771,0.3771874530444925,0.3888297050621486,0.3894797818998574,0.41154115411541153,0.41964196419641964,0.39843984398439847,9999,6.524928530269833,0.02577538020363945,0.10740364213130277,BigScience,TII,0,0.24964020367825937,0.2499899210383336,0.36753675367536753,0.09763749578129433,0.08668700925470088,0.2645402904962401,0,0.41154115411541153,0.36753675367536753
legacy support (57),legacy,tobit,y_hellaswag,OLS,theta_D,57,19,30,15,True,0.22285508092260403,0.08154874520892619,0.08154874520892619,0.06819614190911473,0.27070780731608024,0.01454512420471541,0.24281240085819233,0.2968563416534987,,-0.04785272639347621,0.08283573192337326,0.08283573192337326,0.06973001082330844,0.5634787107481778,0.5706351782965672,0.501295984432395,0.5930593059305931,0.5772577257725773,0.5804580458045805,9999,4.721164695557242,-0.08484912593349256,-0.014103706322763039,01.AI,BigCode,0,0.23194004938544513,0.19524403030526363,0.4083408340834083,0.13889100452226297,0.06819614190910078,0.2066079795540682,0,0.5930593059305931,0.4083408340834083
legacy support (57),legacy,tobit,y_hellaswag,OLS,theta_C,57,19,30,15,True,0.3279657296962051,0.03728024946299692,0.03728024946299692,0.0412729178900233,0.32808176243474346,0.0072692072313844825,0.3145161364408893,0.34287001048022386,,-0.00011603273853838525,0.037982342921364064,0.037982342921364064,0.04190817491766276,0.9975625361811447,0.997596138931481,0.9978213247799713,0.9985998599859987,0.9974997499749975,0.9975997599759976,9999,3.9808955713856102,-0.021371755154068358,0.02413611628341046,01.AI,BigCode,0,0.10635056017981938,0.11734288976945571,0.9977997799779978,0.046321964666545236,0.0412729178900233,0.12417269471644064,0,0.9985998599859987,0.9977997799779978
legacy support (57),legacy,tobit,y_hellaswag,Year FE,theta_N,57,19,30,15,True,0.5169824099955601,0.09295014426863007,0.09295014426863007,0.10319734485038594,0.4163865985456819,0.02144972789929254,0.37593921381969975,0.4580955021432934,,0.10059581144987823,0.09539297744861952,0.09539297744861952,0.10540295447056106,0.29163527279198054,0.30558531951975854,0.35252731781493163,0.35883588358835883,0.3418341834183418,0.31943194319431945,9999,6.729198028071443,0.05805187465449694,0.16478522767191867,Meta,Cerebras,0,0.26710033685613466,0.29512827251757096,0.3361336133613361,0.12553266021551482,0.10319734485036892,0.3123058666572399,0,0.35883588358835883,0.3361336133613361
legacy support (57),legacy,tobit,y_hellaswag,Year FE,theta_D,57,19,30,15,True,0.19054569708553756,0.10648909799970978,0.10648909799970978,0.20834696006831574,0.3024438059108753,0.013489040641053709,0.27626357860291434,0.3269758646120969,,-0.11189810882533771,0.10734003079097654,0.10734003079097654,0.2087831649992986,0.29719664668177204,0.3109964330954904,0.5985517424559457,0.32943294329432943,0.32233223322332233,0.32003200320032005,9999,3.6196667984150275,-0.31313952720320504,-0.07212461720137925,Cerebras,Stability AI,0,0.3005520862147343,0.5845928619980361,0.41944194419441944,0.37142220448276053,0.20834696006832065,0.6186184022646057,0,0.5985517424559457,0.32943294329432943
legacy support (57),legacy,tobit,y_hellaswag,Year FE,theta_C,57,19,30,15,True,0.31894931532055915,0.04063002379553907,0.04063002379553907,0.035591976606298106,0.3472631116673295,0.006759186348688104,0.33469125734867633,0.36076017124188675,,-0.028313796346770337,0.04118841382867715,0.04118841382867715,0.03622810233561183,0.4918172274264999,0.5005795585612866,0.4446425156204162,0.47834783478347837,0.47714771477147716,0.46054605460546055,9999,3.008072470432158,-0.04810928244693594,-0.00801952219197765,Cerebras,BigCode,0,0.115327558720296,0.10143868653971311,0.31113111311131114,0.07580429425997302,0.03559197660630045,0.10734280603519977,0,0.47834783478347837,0.31113111311131114
legacy support (57),legacy,tobit,y_hellaswag,Developer FE,theta_N,57,19,30,15,True,0.5891906863277978,0.07432402153461976,0.060685309463815715,0.06444743544228614,0.44905546959174625,0.021081990997567336,0.4090878628062592,0.4890284847363676,,0.14013521673605156,0.07725613581781146,0.06424295392601893,0.06780798094257895,0.0696925009317684,0.04266423256360475,0.05346205762120341,0.1402140214021402,0.13131313131313133,0.111011101110111,9999,4.829740716448645,0.10218277800409398,0.1841867192939428,Stability AI,Cerebras,0,0.179880270992853,0.18986234663922105,0.12071207120712071,0.06491154477723622,0.06444743544227183,0.2009130613171227,0,0.1402140214021402,0.05346205762120341
legacy support (57),legacy,tobit,y_hellaswag,Developer FE,theta_D,57,19,30,15,True,0.20299657490290818,0.16509675288463915,0.13480093425257755,0.09408000736770937,0.2915616336572504,0.014854001753214796,0.2626356858894237,0.3192512541841572,,-0.08856505875434223,0.1657636244208485,0.135616861943684,0.09524541539828969,0.5931441987546355,0.5219765204500314,0.3647463319531517,0.5665566556655666,0.5535553555355536,0.6212621262126212,9999,3.8545844690367983,-0.16536923879233334,-0.04677254702564612,Cerebras,Meta,0,0.3797272134423152,0.2666871631152111,0.3349334933493349,0.21848201647890073,0.09408000736756804,0.2822093759183916,0,0.5665566556655666,0.3349334933493349
legacy support (57),legacy,tobit,y_hellaswag,Developer FE,theta_C,57,19,30,15,True,0.39344597282113314,0.045548826556253134,0.037359126236645876,0.01649945888692744,0.3692288101987338,0.006995874824814095,0.35522903876963957,0.3826411333577713,,0.024217162622399313,0.046082945491972394,0.03800850664956609,0.017921339462380496,0.5992269851923566,0.5320474045464346,0.1933391233539711,0.6628662866286629,0.678067806780678,0.6194619461946195,9999,3.295205717732477,0.01752297535121305,0.03313997664681276,BigScience,Meta,0,0.10642381861878505,0.05017975049466539,0.11421142114211422,0.05361414000975522,0.0164994588870187,0.05310040387929121,0,0.6628662866286629,0.11421142114211422
legacy support (57),legacy,tobit,y_hellaswag,Family FE,theta_N,57,19,30,15,True,0.6477467496597589,0.08150484214613203,0.05545702078447569,0.05165940845406307,0.44557160325305234,0.021531213470462152,0.405245892120911,0.4876837520837585,,0.20217514640670653,0.0843008448758167,0.059490119413230125,0.05596684407159594,0.0164732732704855,0.0032023702699515927,0.001991455286798014,0.0483048304830483,0.045404540454045406,0.028502850285028504,9999,4.2515729429440645,0.15683290218813584,0.2234626819197768,Stability AI,Microsoft,0,0.16657233435704433,0.1567071634004686,0.04590459045904591,0.059204501346000526,0.05165940845424134,0.16582811961625024,0,0.0483048304830483,0.001991455286798014
legacy support (57),legacy,tobit,y_hellaswag,Family FE,theta_D,57,19,30,15,True,0.08662888242487002,0.16141991958057594,0.10983234369264062,0.10450893583705595,0.34797264043286624,0.015590063712413645,0.3173518689461458,0.37847057409689017,,-0.26134375800799625,0.1621710224545579,0.11093328539070432,0.10566535740890197,0.10706386420795189,0.030019334460103464,0.023578238608031616,0.0251025102510251,0.0268026802680268,0.025402540254025403,9999,4.108629104643811,-0.33971477951403395,-0.19244183285661068,Microsoft,Stability AI,0,0.31061319909397206,0.2958630007449255,0.010301030103010301,0.21072482052306962,0.10450893583576423,0.31308335887729766,0,0.0251025102510251,0.010301030103010301
legacy support (57),legacy,tobit,y_hellaswag,Family FE,theta_C,57,19,30,15,True,0.44070175202794326,0.06549330691533213,0.04503003129596417,0.06360898343636068,0.4095588896751893,0.00942421033943053,0.39231580227958457,0.42801209221810743,,0.031142862352753986,0.066167884893109,0.04600564594739804,0.06430333206241366,0.6378804699510824,0.5070539182021878,0.6340050333423373,0.4977497749774977,0.49944994499449946,0.5003500350035004,9999,3.3526130053799417,0.008026003616669854,0.08857930321178978,Meta,Cerebras,0,0.1288158086527145,0.18004932977475824,0.568956895689569,0.04829802581596554,0.06360898343631016,0.19052888934255965,0,0.6340050333423373,0.4977497749774977
legacy support (57),legacy,tobit,y_hellaswag,Lab x period FE,theta_N,57,19,30,15,True,0.6095692838570723,0.09315391323196463,0.06943282745226335,0.07198749632177984,0.4453574453937517,0.021002858377524573,0.4054739349276362,0.4850526895116237,,0.1642118384633206,0.09549225942690197,0.07253990341902951,0.07498879707466057,0.08549879671876705,0.03618126367394451,0.04195048121926868,0.1339133913391339,0.1338133813381338,0.10671067106710672,9999,4.801860485455022,0.12358075324147541,0.21021024843746,Meta,Cerebras,0,0.2031117295732826,0.20996863180904957,0.10321032103210322,0.07779846796767555,0.07198749632166138,0.22218960917767056,0,0.1339133913391339,0.04195048121926868
legacy support (57),legacy,tobit,y_hellaswag,Lab x period FE,theta_D,57,19,30,15,True,0.2454925863922156,0.17891821111518136,0.133357760822068,0.23761370515280153,0.3578452006767651,0.013427185985807551,0.33034784571804926,0.38457580947527026,,-0.11235261428454951,0.17942133538727795,0.13403201742484278,0.23799277762138069,0.5311875172858862,0.41288250805302645,0.6425393434025111,0.45104510451045104,0.4452445244524452,0.4464446444644464,9999,2.503262448322359,-0.34935286926571046,-0.06949713593557269,Cerebras,Meta,0,0.3752896487895597,0.6663797773398659,0.37623762376237624,0.43533986378823447,0.23761370515050576,0.7051656288625988,0,0.6425393434025111,0.37623762376237624
legacy support (57),legacy,tobit,y_hellaswag,Lab x period FE,theta_C,57,19,30,15,True,0.44164902273004253,0.040748536675887057,0.030592257035224835,0.0386764579305479,0.4049948539853001,0.007224680578625148,0.3918574507269548,0.41925555821867233,,0.03665416874474242,0.041384045847273995,0.03143377482855705,0.039345449641815064,0.3757750491085401,0.25880243817734777,0.36387176693637496,0.36023602360236023,0.36003600360036003,0.2563256325632563,9999,2.529511502142811,0.02650481506235742,0.0714632741064525,Meta,Cerebras,0,0.08801456951995973,0.11016725899708217,0.18801880188018802,0.0320353715752604,0.0386764579305455,0.11657941479086165,0,0.36387176693637496,0.18801880188018802
legacy support (57),legacy,tobit,y_hellaswag,Notability-propensity control,theta_N,57,19,30,15,True,0.5720936530326394,0.113375459301011,0.113375459301011,0.12261701217402357,0.497535577774752,0.019260293053960403,0.46031009742883267,0.5351010040018817,,0.07455807525788738,0.11499979852260454,0.11499979852260454,0.12412046794549672,0.5167700956572929,0.5249553168688141,0.5555346281121886,0.5226522652265226,0.5083508350835083,0.5101510151015102,9999,6.224798769805909,0.015073052712981356,0.12113601457611436,BigScience,TII,0,0.3219994358632927,0.3475373102473908,0.5081508150815082,0.11949164531805988,0.12261701217402624,0.3677653108143865,0,0.5555346281121886,0.5081508150815082
legacy support (57),legacy,tobit,y_hellaswag,Notability-propensity control,theta_D,57,19,30,15,True,0.22447788386993822,0.08586543428515843,0.08586543428515843,0.07000577164149038,0.2795711493077543,0.0143301764095561,0.2521696025874568,0.3056318549100405,,-0.055093265437816064,0.08705301121103083,0.08705301121103083,0.07145741402436487,0.5268183432681938,0.5347765796364718,0.45071295265525246,0.5482548254825482,0.5431543154315431,0.5310531053105311,9999,4.568589015341297,-0.09056932227118959,-0.0228975777234825,01.AI,BigCode,0,0.2437484313908863,0.2000807592682216,0.3418341834183418,0.14961812754092735,0.0700057716414887,0.21172622464010224,0,0.5482548254825482,0.3418341834183418
legacy support (57),legacy,tobit,y_hellaswag,Notability-propensity control,theta_C,57,19,30,15,True,0.3350553220521178,0.0501165728456714,0.0501165728456714,0.04327971900442346,0.34890617450606276,0.006819907406942371,0.3351662649792737,0.3622677988154923,,-0.013850852453944962,0.05057847378910079,0.05057847378910079,0.04381375599216667,0.784200848418483,0.787318595947494,0.7555401166285838,0.8106810681068107,0.8116811681168117,0.8041804180418042,9999,3.5742476661748257,-0.029474739392797975,0.019796701330661873,AI2,BigCode,0,0.14161972660948222,0.12267851677806667,0.7428742874287428,0.07079867622479104,0.043279719004423955,0.1298188756223544,0,0.8106810681068107,0.7428742874287428
legacy support (57),legacy,ols,y_core,OLS,theta_N,57,19,30,15,True,0.5081835907429842,0.09915014626302047,0.09915014626302047,0.09855239332359444,0.3989206400411068,0.04780083095698755,0.3069625404236673,0.4922353347207163,0.05740756404526172,0.10926295070187747,0.11007120851592778,0.11007120851592778,0.10953307112460128,0.32087715861645705,0.3340347680788118,0.331727418679902,0.36303630363036304,0.33743374337433746,0.3621362136213621,9999,6.524928530269833,0.047448570013193136,0.1520118878425815,BigScience,Microsoft,0,0.3081993838445978,0.3066925991488836,0.32433243324332434,0.11100105446302069,0.09855239332355285,0.3245432813247366,0,0.36303630363036304,0.32433243324332434
legacy support (57),legacy,ols,y_core,OLS,theta_D,57,19,30,15,True,0.28579657757576643,0.09269084481498814,0.09269084481498814,0.1212532712864155,0.3807656075675072,0.04177761516279632,0.2994078150281316,0.46002814621048005,0.03860270058706454,-0.09496902999174078,0.10167085049908318,0.10167085049908318,0.12824868391663044,0.35026099442754466,0.36262334154642023,0.468542720804735,0.36403640364036405,0.3323332333233323,0.3637363736373637,9999,4.721164695557242,-0.19478119311126169,-0.05847754562908363,Cerebras,BigCode,0,0.2846783813974329,0.3590963149665652,0.38223822382238226,0.17454486421948037,0.12125327128599428,0.3799970938141056,0,0.468542720804735,0.36403640364036405
legacy support (57),legacy,ols,y_core,OLS,theta_C,57,19,30,15,True,0.36966027558953307,0.04506206206970772,0.04506206206970772,0.04502564912553459,0.38761199728435963,0.022172876831717547,0.3455606104806476,0.42982268107429844,0.02159529842237981,-0.01795172169482656,0.05022176724258823,0.05022176724258823,0.050189097881614395,0.7207556815250451,0.7249124679744213,0.7247412872228572,0.7265726572657266,0.7173717371737174,0.7314731473147315,9999,3.9808955713856102,-0.044513422955327814,0.00601871750355619,Cerebras,BigCode,0,0.14062094827924704,0.1405294740685203,0.6872687268726873,0.06584176357981322,0.04502564912552391,0.14870882689574377,0,0.7265726572657266,0.6872687268726873
legacy support (57),legacy,ols,y_core,Year FE,theta_N,57,19,30,15,True,0.5282438966575156,0.10973883687820321,0.10973883687820321,0.12394942507865085,0.39317826139776446,0.04789871463249663,0.3012123183916313,0.4869464000954648,0.05737344600505975,0.13506563525975113,0.11973679126662047,0.11973679126662047,0.13288245497722198,0.25931097906830003,0.27412271883316297,0.32289338817272417,0.312031203120312,0.296029602960296,0.29282928292829286,9999,6.729198028071443,0.07530958246025421,0.207456615136815,BigScience,Cerebras,0,0.3352630155465373,0.3720708739362215,0.2948294829482948,0.14226486324973578,0.12394942507858203,0.39372682173528517,0,0.32289338817272417,0.2948294829482948
legacy support (57),legacy,ols,y_core,Year FE,theta_D,57,19,30,15,True,0.25762213309433935,0.1177031211749596,0.1177031211749596,0.3373967082356177,0.3965237834213755,0.03700378917878598,0.32419080730565475,0.46693234832676456,0.034361226286453224,-0.13890165032703616,0.12338275871415447,0.12338275871415447,0.3394198272667915,0.260259309793647,0.275046183462949,0.6871973810289052,0.2753275327532753,0.2546254625462546,0.25862586258625864,9999,3.6196667984150275,-0.4764244869710709,-0.09449389411220813,Cerebras,Stability AI,0,0.3454717243996325,0.9503755163470161,0.46684668466846685,0.4291813926208341,0.3373967082356998,1.0056910059842057,0,0.6871973810289052,0.2753275327532753
legacy support (57),legacy,ols,y_core,Year FE,theta_C,57,19,30,15,True,0.36407098593582976,0.0516150110660937,0.0516150110660937,0.07224496599027899,0.39520782502633334,0.01975467199059484,0.35800845069635695,0.43228388853732014,0.019926893791201508,-0.031136839090503576,0.05526623230155071,0.05526623230155071,0.07489714398021169,0.5731644611768407,0.5801159628328924,0.6825232310745343,0.5513551355135513,0.5388538853885388,0.5693569356935694,9999,3.008072470432158,-0.09718241167235003,-0.01147097141855935,Cerebras,BigCode,0,0.154745450444342,0.2097120031445927,0.5139513951395139,0.1076141941910255,0.07224496599033745,0.22191804374349983,0,0.6825232310745343,0.5139513951395139
legacy support (57),legacy,ols,y_core,Developer FE,theta_N,57,19,30,15,True,0.6376157987698274,0.07524055974228559,0.0614336597766645,0.057768609331370006,0.41353493384238305,0.048637950899755304,0.32034235888515317,0.5079134722207871,0.05649576260697522,0.2240808649274444,0.08959236629344854,0.0783565237952908,0.07551729928835814,0.01238027602213664,0.010410726677235992,0.008251578821193324,0.0658065806580658,0.056205620562056205,0.04770477047704771,9999,4.829740716448645,0.18844973992225805,0.25412209530333324,Stability AI,Cerebras,0,0.21939826662681422,0.2114484380074028,0.054505450545054505,0.06412585810555355,0.057768609331394,0.2237555457560915,0,0.0658065806580658,0.008251578821193324
legacy support (57),legacy,ols,y_core,Developer FE,theta_D,57,19,30,15,True,0.24862145682526157,0.1777339515676838,0.14511916376978784,0.17029593033820967,0.39709754354039306,0.040381365993601336,0.31831189253304026,0.47374399512685744,0.03925097009215971,-0.1484760867151315,0.1822635790808821,0.15063275345273247,0.17501816651212393,0.4152881939068407,0.33735390067276666,0.4073853790045442,0.43964396439643966,0.44824482448244823,0.42044204420442044,9999,3.8545844690367983,-0.3065243933465144,-0.09075397596387963,Cerebras,Meta,0,0.4217717096676509,0.49005086623394695,0.35263526352635266,0.23898581667272364,0.17029593033747645,0.5185737007836554,0,0.43964396439643966,0.35263526352635266
legacy support (57),legacy,ols,y_core,Developer FE,theta_C,57,19,30,15,True,0.44045177226945886,0.059650555077085436,0.04892535737355666,0.04447950102507992,0.40520354773999046,0.01867724571959073,0.36960373611684644,0.44099517096120683,0.020261824168077997,0.03524822452946841,0.06250622551933827,0.0523691712918985,0.048241740423724935,0.5728116940447776,0.5094514867618077,0.4743918621998258,0.6478647864786479,0.6488648864886488,0.575957595759576,9999,3.295205717732477,0.010149433651528789,0.06554500024503619,Cerebras,Meta,0,0.14663367961731577,0.1350768731864298,0.45764576457645767,0.06953658401578529,0.04447950102511128,0.14293886378956283,0,0.6478647864786479,0.45764576457645767
legacy support (57),legacy,ols,y_core,Family FE,theta_N,57,19,30,15,True,0.7154569087291042,0.0872576862872609,0.05937133542767721,0.05853152645279701,0.41344726700125733,0.04884189553545379,0.31954822045038545,0.5080581300152378,0.058492823099603665,0.30200964172784683,0.0999971728385469,0.07687968671867712,0.07623300038953378,0.002526229974525703,0.0009851918822271323,0.0009146940581124033,0.027302730273027303,0.0221022102210221,0.0125012501250125,9999,4.2515729429440645,0.2602425709975723,0.32725073332125093,Stability AI,Meta,0,0.21526312281229593,0.21345240109069455,0.024902490249024904,0.06838954812269149,0.05853152645283071,0.22587614715472332,0,0.027302730273027303,0.0009146940581124033
legacy support (57),legacy,ols,y_core,Family FE,theta_D,57,19,30,15,True,0.08953859295175864,0.21770271263971644,0.1481279337741831,0.2211372319297429,0.4163654187668283,0.03113944921262554,0.3559217752651031,0.47613347291028857,0.04272331761545421,-0.32682682581506967,0.21991847668614986,0.15136561717072494,0.22331892137213674,0.13724548396344538,0.04457943448960088,0.16057563510455372,0.029402940294029404,0.0287028702870287,0.033003300330033,9999,4.108629104643811,-0.5393419507963224,-0.2629043159038331,Cerebras,Stability AI,0,0.4238237280780298,0.6252929798419828,0.056405640564056406,0.31938622896507024,0.2211372319254731,0.6616874226193019,0,0.16057563510455372,0.029402940294029404
legacy support (57),legacy,ols,y_core,Family FE,theta_C,57,19,30,15,True,0.4845014111860952,0.0796620435824473,0.05477176958334799,0.05126957148756621,0.4145240260012105,0.023135385313659086,0.3695866724270305,0.4597410530263724,0.02544635891775929,0.06997738518488467,0.08295352458662143,0.059457487307342856,0.056247800082582206,0.39890784435461535,0.25455230049946675,0.22942381796821867,0.32963296329632963,0.3159315931593159,0.3319331933193319,9999,3.3526130053799417,0.04583895958739803,0.09555495795464711,Meta,TII,0,0.16648096446056,0.15749384023123017,0.18861886188618862,0.057792340241911,0.051269571487880694,0.16666058404710388,0,0.32963296329632963,0.18861886188618862
legacy support (57),legacy,ols,y_core,Lab x period FE,theta_N,57,19,30,15,True,0.6663342170845705,0.09149973724620732,0.06819987746862965,0.05967794966976761,0.4112178725727835,0.04836898333924855,0.3185074112193475,0.5049963692468333,0.05609319032114137,0.255116344511787,0.1034976350715198,0.08361089543838532,0.07681807226206487,0.013703293031184983,0.0068739304461859305,0.0038005145041254107,0.058005800580058005,0.058405840584058406,0.0371037103710371,9999,4.801860485455022,0.2198851315483093,0.2862683773237141,Stability AI,Cerebras,0,0.23411050722747886,0.21509060233378163,0.0429042904290429,0.07347144159297825,0.059677949670053014,0.2276096979752426,0,0.058005800580058005,0.0038005145041254107
legacy support (57),legacy,ols,y_core,Lab x period FE,theta_D,57,19,30,15,True,0.28142324660752693,0.2092197858574312,0.15594322113838843,0.42594149957860816,0.42957843276512425,0.030673734716271397,0.36993996287595027,0.4878580567500473,0.034170795768057545,-0.14815518615759732,0.21145637090348818,0.15893132548513056,0.42704453990739377,0.4835265445292707,0.36357122525924834,0.7326658514561845,0.35493549354935494,0.3566356635663566,0.36663666366636666,9999,2.503262448322359,-0.5813441057572029,-0.11124874461119455,Cerebras,Microsoft,0,0.44500771135836553,1.1957247117407024,0.461046104610461,0.537878714256279,0.4259414995713564,1.265320462855437,0,0.7326658514561845,0.35493549354935494
legacy support (57),legacy,ols,y_core,Lab x period FE,theta_C,57,19,30,15,True,0.4888047263952652,0.05641098894028059,0.04235095574103145,0.03409311295836338,0.4196861708400119,0.018496708969794582,0.3840577782343868,0.4555728071541831,0.020392534201467725,0.06911855555525326,0.059366050196503206,0.046213977267619846,0.03878747986019463,0.24431157823539618,0.15207962366819947,0.09163013220828016,0.36773677367736773,0.36183618361836184,0.24132413241324133,9999,2.529511502142811,0.05361895203610664,0.08876470156076244,BigScience,Microsoft,0,0.12939913634933556,0.10860494360854496,0.15221522152215222,0.05267151987259045,0.0340931129583673,0.11492616667184245,0,0.36773677367736773,0.09163013220828016
legacy support (57),legacy,ols,y_core,Notability-propensity control,theta_N,57,19,30,15,True,0.5837619071854524,0.12234382072855686,0.12234382072855686,0.12054990020113229,0.45484088405452194,0.046857375990218234,0.3653690409251001,0.5455522878393674,0.051674891280648595,0.12892102313093046,0.1310100154764892,0.1310100154764892,0.1293363526746894,0.3250886123109389,0.33813193152316184,0.3320792242931667,0.3647364736473647,0.3434343434343434,0.35903590359035903,9999,6.224798769805909,0.06538078179333781,0.1784127648324969,BigScience,01.AI,0,0.3668280433341697,0.3621417874891303,0.30683068306830685,0.1304880395515982,0.12054990020106744,0.38321982448449193,0,0.3647364736473647,0.30683068306830685
legacy support (57),legacy,ols,y_core,Notability-propensity control,theta_D,57,19,30,15,True,0.28720298550549367,0.09885952100371946,0.09885952100371946,0.13622421328272613,0.38565503780393295,0.04053717184301858,0.3065242895019936,0.46243910693409174,0.03770742899529257,-0.09845205229843929,0.10684786939436494,0.10684786939436494,0.14212775445185952,0.35682978181948455,0.3690154617154594,0.4973376998081555,0.3761376137613761,0.342034203420342,0.36023602360236023,9999,4.568589015341297,-0.214932773521846,-0.06265134625165458,Cerebras,BigCode,0,0.2991740343042218,0.3979577124652066,0.3939393939393939,0.1909973490541327,0.1362242132821536,0.42112037326745627,0,0.4973376998081555,0.3761376137613761
legacy support (57),legacy,ols,y_core,Notability-propensity control,theta_C,57,19,30,15,True,0.38153911389270373,0.058952732596529646,0.058952732596529646,0.06932813317497313,0.4076632270590472,0.0204064578553249,0.36802459750096894,0.4464747303906508,0.018972934631160773,-0.026124113166343443,0.0623846792313552,0.0623846792313552,0.0722690360509116,0.6753926551193192,0.6803469681172999,0.7219458662309579,0.7030703070307031,0.6680668066806681,0.7046704670467047,9999,3.5742476661748257,-0.0841295566017091,0.009911009605173726,Cerebras,BigCode,0,0.17467710184779453,0.20235330094255247,0.7020702070207021,0.09995213691326828,0.06932813317481377,0.214131036930915,0,0.7219458662309579,0.7020702070207021
legacy support (57),legacy,ols,y_arc_c,OLS,theta_N,57,19,30,15,True,0.7595437479801741,0.19167873441486802,0.19167873441486802,0.2210837184371177,0.91208554119051,0.14292644235844584,0.6449062153689212,1.1838403739689272,0.13150513711767714,-0.1525417932103359,0.2390997807446248,0.2390997807446248,0.2632602865667833,0.523484207900828,0.5315174153268244,0.5694784714845121,0.534053405340534,0.4373437343734373,0.5265526552655265,9999,6.524928530269833,-0.2922839638503113,-0.07479786105276826,Meta,Microsoft,0,0.6694793860849494,0.7371288023869932,0.5533553355335533,0.2179041046594273,0.22108371843723185,0.7800325177377824,4,0.5694784714845121,0.534053405340534
legacy support (57),legacy,ols,y_arc_c,OLS,theta_D,57,19,30,15,True,0.2617110540887335,0.11559836336988737,0.11559836336988737,0.21626738714377572,0.32607015774508497,0.10716673119127003,0.11937709186033219,0.5312351997022646,0.1003095426953254,-0.06435910365635145,0.15763150030377318,0.15763150030377318,0.2413634003245266,0.6830619983111087,0.6878779476476969,0.7927708184686071,0.6924692469246925,0.5824582458245825,0.6848684868486848,9999,4.721164695557242,-0.2516377490401479,-0.006309286850475588,Cerebras,Meta,0,0.4413682008505649,0.6758175209086744,0.7567756775677568,0.15017613214745676,0.21626738714279692,0.7151526852005173,4,0.7927708184686071,0.6924692469246925
legacy support (57),legacy,ols,y_arc_c,OLS,theta_C,57,19,30,15,True,0.4494472447415754,0.050486783162164206,0.050486783162164206,0.0986771779606369,0.5470606573685688,0.08453907162572952,0.40629547255611603,0.6913262620183802,0.08223134859222096,-0.09761341262699341,0.09846710062454166,0.09846710062454166,0.12993860119924114,0.3215243607746844,0.33466440395889646,0.46222535267999254,0.38493849384938494,0.19081908190819083,0.38093809380938093,9999,3.9808955713856102,-0.18755767871282544,-0.0712741251465309,Cerebras,BigCode,0,0.27570788174871663,0.36382808335787514,0.47804780478047804,0.05483550591614933,0.098677177960613,0.38500426922181386,4,0.47804780478047804,0.38493849384938494
legacy support (57),legacy,ols,y_arc_c,Year FE,theta_N,57,19,30,15,True,0.787248363237686,0.20685274103873005,0.20685274103873005,0.26147696778178764,0.912701048603562,0.14454898538964453,0.6416197417552028,1.1869344531073998,0.1327266911376554,-0.12545268536587606,0.25235385008438366,0.25235385008438366,0.2987718424777236,0.6190973359533452,0.6251148927213179,0.6795318281376624,0.6237623762376238,0.5526552655265526,0.6267626762676267,9999,6.729198028071443,-0.2743751768910633,0.0023036483025900556,Meta,Cerebras,0,0.7065907802362742,0.8365611589376261,0.6559655965596559,0.25984060242253293,0.2614769677816524,0.885252217705593,4,0.6795318281376624,0.6237623762376238
legacy support (57),legacy,ols,y_arc_c,Year FE,theta_D,57,19,30,15,True,0.18045681269614522,0.1695562947302065,0.1695562947302065,0.6190121399123256,0.3041709117037596,0.09788383604043549,0.1144108633727438,0.49217221338279704,0.09069366061740766,-0.12371409900761438,0.19578197680232853,0.19578197680232853,0.6267034982484361,0.5274539995280951,0.5353979815286866,0.8457230323642664,0.5401540154015402,0.48494849484948493,0.5303530353035304,9999,3.6196667984150275,-0.7455128994846805,-0.04852838217374926,Cerebras,Meta,0,0.5481895350465199,1.754769795095621,0.7552755275527553,0.5110166709942782,0.6190121399123129,1.8569041080557864,4,0.8457230323642664,0.5401540154015402
legacy support (57),legacy,ols,y_arc_c,Year FE,theta_C,57,19,30,15,True,0.419137780622301,0.05285348051496991,0.05285348051496991,0.20678271140903576,0.543535751174274,0.07871594728422611,0.4122287789723705,0.6776280593907442,0.07635848501986607,-0.12439797055197299,0.09481397976775033,0.09481397976775033,0.221258423782069,0.18951291385372282,0.20599982049724083,0.5808945926002924,0.24352435243524354,0.0816081608160816,0.23922392239223922,9999,3.008072470432158,-0.33081581448975583,-0.10076174662367415,Cerebras,BigCode,0,0.2654791433497009,0.6195235865897931,0.4813481348134813,0.06523562886504669,0.20678271140913942,0.6555822286155515,4,0.5808945926002924,0.24352435243524354
legacy support (57),legacy,ols,y_arc_c,Developer FE,theta_N,57,19,30,15,True,0.9783621084438516,0.1835005708824793,0.1498275887238302,0.15591853022870383,0.8810009990150471,0.1360095226505976,0.6235389322318405,1.1398953032147967,0.12338306739194758,0.0973611094288045,0.22840982852285327,0.20235339531236096,0.20690379000956616,0.6699211576400133,0.6362110447348809,0.6436051810915846,0.6391639163916392,0.5336533653365336,0.6351635163516351,9999,4.829740716448645,0.00839168862162687,0.15647785306264606,Meta,EleutherAI,0,0.5665895068746106,0.5793306120267852,0.6135613561356136,0.166347342002232,0.15591853022889773,0.6130498692202473,4,0.6436051810915846,0.6135613561356136
legacy support (57),legacy,ols,y_arc_c,Developer FE,theta_D,57,19,30,15,True,0.17148473657112925,0.15075993947711017,0.12309497512393136,0.25835358688672216,0.29070702905719736,0.09990491776765768,0.09618292499006421,0.48426202784382716,0.09341472256730414,-0.11922229248606811,0.18085782246091642,0.15853506077497093,0.2769974159651991,0.5097644503245722,0.4617574291915549,0.6720071785851547,0.4657465746574658,0.36443644364436445,0.48554855485548554,9999,3.8545844690367983,-0.34190617362057274,-0.0034823350252317017,Cerebras,Meta,0,0.44389817016991856,0.7755927647025574,0.6296629662966297,0.15087968513613323,0.25835358688635507,0.8207352297604624,4,0.6720071785851547,0.4657465746574658
legacy support (57),legacy,ols,y_arc_c,Developer FE,theta_C,57,19,30,15,True,0.5693916572593714,0.0720274215924149,0.05907685750033281,0.06553583519271697,0.5818070946648277,0.07502038341009837,0.4553540427149539,0.7123638595475797,0.07205004163804855,-0.012415437405456364,0.10400003552042489,0.09548891568717696,0.09961427418500383,0.9049749671253767,0.8979928453809433,0.9021937765760687,0.906990699069907,0.8457845784578458,0.9040904090409041,9999,3.295205717732477,-0.06352783364157005,0.015968624310714885,Cerebras,TII,0,0.2673689639240955,0.2789199677180107,0.9038903890389038,0.07532414479172492,0.06553583519309392,0.2951541765318217,4,0.906990699069907,0.9021937765760687
legacy support (57),legacy,ols,y_arc_c,Family FE,theta_N,57,19,30,15,True,1.138551382791738,0.18205625007721446,0.12387358810380723,0.1514926212065241,0.9033491568851825,0.13936075808998344,0.6402090945523724,1.1684197717919849,0.1282460807430765,0.23520222590655548,0.22927254324840585,0.18645666178800524,0.20584322960796714,0.30495615103870133,0.22325695242705051,0.26816442666463636,0.26202620262026205,0.20612061206120613,0.24372437243724374,9999,4.2515729429440645,0.16893694425624095,0.3370212441803941,Meta,EleutherAI,0,0.5220786530064147,0.5763610429023079,0.26452645264526453,0.1384604272769331,0.1514926212062418,0.609907459816,4,0.26816442666463636,0.26202620262026205
legacy support (57),legacy,ols,y_arc_c,Family FE,theta_D,57,19,30,15,True,-0.3258963142862866,0.2267721358610505,0.15429889465018792,0.3737385065736924,0.14611046912646874,0.07861040303641546,-0.005548241418018132,0.2982923660542958,0.0722580490114959,-0.47200678341275537,0.24001082698188933,0.17316969814554006,0.3819163085827595,0.04922862670226477,0.013872809940310099,0.23238568962033357,0.0317031703170317,0.034603460346034606,0.038303830383038306,9999,4.108629104643811,-0.8201969483879699,-0.3823143585640705,Cerebras,Stability AI,0,0.48487515480751214,1.0693656640317264,0.10621062106210621,0.20845485611572068,0.373738506572497,1.1316068353262894,4,0.23238568962033357,0.0317031703170317
legacy support (57),legacy,ols,y_arc_c,Family FE,theta_C,57,19,30,15,True,0.598189744604032,0.1908922978650854,0.13124831455122316,0.08139888552979116,0.6239381962561761,0.0767889843986905,0.48254137802708685,0.7694603343093236,0.06940244203919581,-0.025748451652144122,0.20575815295923225,0.1520613961448439,0.11190320232448389,0.9004131923481203,0.8674260462717209,0.8206120198681719,0.8812881288128813,0.8506850685068507,0.8777877787778778,9999,3.3526130053799417,-0.07418205048690238,0.025522447508389612,Meta,TII,0,0.4257719092055629,0.31332896650855485,0.8007800780078008,0.18564068000625758,0.08139888552960962,0.3315659106446523,4,0.8812881288128813,0.8007800780078008
legacy support (57),legacy,ols,y_arc_c,Lab x period FE,theta_N,57,19,30,15,True,1.0314519093049956,0.2164159951110439,0.1613069588288521,0.17670005904501726,0.8809100310328242,0.1362821072616013,0.6232139879550401,1.1402755884473643,0.12348578428736372,0.15054187827217147,0.2557512379238192,0.21116994986568421,0.2231495543938531,0.5561120571328229,0.48505120387619616,0.508488105825617,0.5088508850885088,0.4144414441444144,0.4953495349534954,9999,4.801860485455022,0.031836324877500766,0.2222907078796278,Meta,EleutherAI,0,0.5912758596239157,0.6248187523027886,0.48874887488748875,0.18122658127439803,0.1767000590453023,0.661185593223706,4,0.5088508850885088,0.48874887488748875
legacy support (57),legacy,ols,y_arc_c,Lab x period FE,theta_D,57,19,30,15,True,0.0656918627025247,0.2580579805436769,0.1923450622106599,0.6834603940268323,0.21614340877223165,0.07937934481627323,0.05970179648750203,0.37106116269653394,0.07312674543664865,-0.15045154606970695,0.2699907437408578,0.20808100187254824,0.688054642151896,0.577358646004557,0.4789441794235625,0.8293732724194681,0.49164916491649163,0.46514651465146517,0.5798579857985798,9999,2.503262448322359,-0.8398917227101155,-0.059254242324988965,Cerebras,Meta,0,0.582626805243135,1.9265529980253089,0.7018701870187019,0.5387349022933426,0.683460394021211,2.038685750358181,4,0.8293732724194681,0.49164916491649163
legacy support (57),legacy,ols,y_arc_c,Lab x period FE,theta_C,57,19,30,15,True,0.5860219206599375,0.1293156878565673,0.09708468289453956,0.0863998379784819,0.574304896518411,0.06670348904778152,0.4554138438679079,0.6967253108168391,0.061908725898417664,0.011717024141526533,0.14550567884781906,0.11779130317591707,0.10915258793934036,0.9358187333688328,0.9218624062642712,0.9157024303810215,0.9245924592459246,0.9095909590959096,0.9256925692569257,9999,2.529511502142811,-0.053154142195944276,0.05473270125134855,Cerebras,TII,0,0.32981564889256776,0.305627246230153,0.8905890589058906,0.16093983273845155,0.08639983797834921,0.32341592079183423,4,0.9245924592459246,0.8905890589058906
legacy support (57),legacy,ols,y_arc_c,Notability-propensity control,theta_N,57,19,30,15,True,0.789390329757924,0.22532528118017162,0.22532528118017162,0.23983982389063352,0.827732675465325,0.11785310947703309,0.6032600209628054,1.0531138166538354,0.10401297299115062,-0.03834234570740103,0.2542849538457377,0.2542849538457377,0.2672311668524007,0.8801453535411903,0.8818222789464399,0.8875051130201523,0.8808880888088809,0.8704870487048705,0.8792879287928793,9999,6.224798769805909,-0.20531005035211172,0.024261839142267278,Meta,TII,0,0.7119978707680654,0.748247267186722,0.8773877387738774,0.25657000979862316,0.23983982389081604,0.7917981197099574,4,0.8875051130201523,0.8773877387738774
legacy support (57),legacy,ols,y_arc_c,Notability-propensity control,theta_D,57,19,30,15,True,0.2535373142096085,0.12426003521173962,0.12426003521173962,0.23565361378405003,0.31721908274458566,0.10413512716406143,0.11545890686971977,0.5173866156564341,0.09730852595722483,-0.06368176853497715,0.16212551020828897,0.16212551020828897,0.25763685760961585,0.6944723615082311,0.6990851736106896,0.8075689500218853,0.6976697669766977,0.6124612461246125,0.697069706970697,9999,4.568589015341297,-0.26870614672239546,0.003666028284603039,Cerebras,Meta,0,0.4539514285832091,0.7213832013069243,0.7798779877987799,0.16720781744494143,0.23565361378314104,0.7633704624578793,4,0.8075689500218853,0.6976697669766977
legacy support (57),legacy,ols,y_arc_c,Notability-propensity control,theta_C,57,19,30,15,True,0.423993487255324,0.05852831964038516,0.05852831964038516,0.12890701087389647,0.47961472255145177,0.07236415496416736,0.3523951354818551,0.6066093786785214,0.06988288019565314,-0.05562123529612778,0.09307059215243621,0.09307059215243621,0.14782959235593152,0.5500907337554992,0.5575352151860846,0.7111274115702205,0.5596559655965596,0.35313531353135313,0.5742574257425742,9999,3.5742476661748257,-0.17471221619338578,-0.00911828324610567,Cerebras,BigCode,0,0.2605976580268214,0.4139228585966082,0.6798679867986799,0.05848541666748066,0.12890701087362305,0.43801475196030076,4,0.7111274115702205,0.5596559655965596
legacy support (57),legacy,tobit,y_arc_c,OLS,theta_N,57,19,30,15,True,0.7595437479801741,0.19167873441486802,0.19167873441486802,0.1428864642310451,0.5883456668011532,0.11347986879500392,0.3752407631287525,0.8029478456035073,,0.1711980811790209,0.22275191996617405,0.22275191996617405,0.18246704437289774,0.44215491740898105,0.45212151660396616,0.3605405490838498,0.48514851485148514,0.4361436143614361,0.47974797479747977,9999,6.524928530269833,0.07909771823515178,0.2372405905104777,BigScience,Microsoft,0,0.6237053759052873,0.5109077242441137,0.34743474347434744,0.2179041046594273,0.14288646423101053,0.5406445076943159,4,0.48514851485148514,0.34743474347434744
legacy support (57),legacy,tobit,y_arc_c,OLS,theta_D,57,19,30,15,True,0.2617110540887335,0.11559836336988737,0.11559836336988737,0.11152975758873436,0.3071915388154804,0.06576303062020826,0.17124013372478855,0.4346473766013561,,-0.04548048472674687,0.13299533003136224,0.13299533003136224,0.12947456516303232,0.73237306338921,0.7363333286445259,0.7294641634301365,0.7361736173617361,0.6967696769676968,0.7347734773477348,9999,4.721164695557242,-0.11808536017533341,0.011142825336460589,01.AI,Stability AI,0,0.37238692408781426,0.3625287824564905,0.6754675467546755,0.15017613214745676,0.1115297575886954,0.38362934403896365,4,0.7361736173617361,0.6754675467546755
legacy support (57),legacy,tobit,y_arc_c,OLS,theta_C,57,19,30,15,True,0.4494472447415754,0.050486783162164206,0.050486783162164206,0.0632863207372434,0.4132167268377801,0.027073146653503147,0.3561546284724215,0.45889376179808417,,0.03623051790379528,0.057287612481106906,0.057287612481106906,0.06883395718814467,0.5271046456819068,0.535056460275974,0.6050731234234958,0.5168516851685169,0.45514551455145513,0.5119511951195119,9999,3.9808955713856102,-0.006544752888876463,0.067332763582769,01.AI,Cerebras,0,0.16040531494709934,0.19273508012680507,0.5386538653865387,0.05483550591614933,0.06328632073724341,0.20395299888007437,4,0.6050731234234958,0.5168516851685169
legacy support (57),legacy,tobit,y_arc_c,Year FE,theta_N,57,19,30,15,True,0.787248363237686,0.20685274103873005,0.20685274103873005,0.17074161564682902,0.5684319443285262,0.11386761181182248,0.35201999652032545,0.7827861621084379,,0.21881641890915982,0.23612261538227086,0.23612261538227086,0.20522800085129073,0.3540788176435794,0.36633841685328233,0.30042118344277113,0.4164416441644164,0.38243824382438246,0.3947394739473947,9999,6.729198028071443,0.14203109410357673,0.30949049185285693,BigScience,Cerebras,0,0.6611433230703584,0.574638402383614,0.28472847284728475,0.25984060242253293,0.17074161564680607,0.6080845550311067,4,0.4164416441644164,0.28472847284728475
legacy support (57),legacy,tobit,y_arc_c,Year FE,theta_D,57,19,30,15,True,0.18045681269614522,0.1695562947302065,0.1695562947302065,0.32636749429701467,0.3351944626598667,0.058161200816625125,0.2219406430270091,0.44781095340989063,,-0.15473764996372147,0.17925418366963836,0.17925418366963836,0.3315093763593176,0.388010835309087,0.3993671902365333,0.646266545634544,0.39833983398339834,0.3793379337933793,0.3939393939393939,9999,3.6196667984150275,-0.4695077934216124,-0.08195800050122459,Cerebras,Stability AI,0,0.5019117142749874,0.9282262538060893,0.42744274427442747,0.5110166709942782,0.32636749429707024,0.9822525716564641,4,0.646266545634544,0.39833983398339834
legacy support (57),legacy,tobit,y_arc_c,Year FE,theta_C,57,19,30,15,True,0.419137780622301,0.05285348051496991,0.05285348051496991,0.05564945131218212,0.4269382383131313,0.023882368473166087,0.3781205796389182,0.46594265472712776,,-0.00780045769083032,0.05799877521495071,0.05799877521495071,0.060557649849007564,0.8930123585981105,0.8945048014635962,0.8989359990216275,0.8811881188118812,0.8712871287128713,0.8786878687868787,9999,3.008072470432158,-0.037519066943790466,0.01417298734638377,Cerebras,BigCode,0,0.162396570601862,0.16956141957722118,0.8350835083508351,0.06523562886504669,0.05564945131218724,0.17943054266189687,4,0.8989359990216275,0.8350835083508351
legacy support (57),legacy,tobit,y_arc_c,Developer FE,theta_N,57,19,30,15,True,0.9783621084438516,0.1835005708824793,0.1498275887238302,0.11035372972190989,0.6285828345314285,0.10997828466460856,0.41815007661733816,0.8349388233266992,,0.34977927391242314,0.21393382764762914,0.18585889658707996,0.1557984876733597,0.10205153097246665,0.07611260549675246,0.03756483383022388,0.17611761176117613,0.1628162816281628,0.13081308130813082,9999,4.829740716448645,0.2782778291459169,0.4012823893592822,Stability AI,Cerebras,0,0.5204049104438239,0.4362357654854071,0.05910591059105911,0.166347342002232,0.11035372972193268,0.4616263553627967,4,0.17611761176117613,0.03756483383022388
legacy support (57),legacy,tobit,y_arc_c,Developer FE,theta_D,57,19,30,15,True,0.17148473657112925,0.15075993947711017,0.12309497512393136,0.09843742724460619,0.3226857903396869,0.07003393425024425,0.18067669578751966,0.45212216691943397,,-0.15120105376855766,0.16623270225111983,0.14162317906094615,0.12080843939520398,0.3630468669007927,0.29979805353784345,0.22674556256148648,0.3177317731773177,0.28002800280028,0.34563456345634563,9999,3.8545844690367983,-0.20639835595935163,-0.09542490020093208,BigCode,Stability AI,0,0.3965449013706492,0.33826363030657114,0.11821182118211822,0.15087968513613323,0.0984374272442698,0.3579518672350456,4,0.3177317731773177,0.11821182118211822
legacy support (57),legacy,tobit,y_arc_c,Developer FE,theta_C,57,19,30,15,True,0.5693916572593714,0.0720274215924149,0.05907685750033281,0.061801976858448786,0.47353715282709535,0.027143192289634455,0.4152157869414514,0.519714825307224,,0.095854504432276,0.07697208811591087,0.06501405986236132,0.06749990541685455,0.21301594335689422,0.1576586400222204,0.17267676082788716,0.1467146714671467,0.1079107910791079,0.13591359135913592,9999,3.295205717732477,0.06611518856634548,0.14284897725737777,BigCode,Cerebras,0,0.18203936761461167,0.18899973516719273,0.10141014101410141,0.07532414479172492,0.061801976858696345,0.20000024255847854,4,0.17267676082788716,0.10141014101410141
legacy support (57),legacy,tobit,y_arc_c,Family FE,theta_N,57,19,30,15,True,1.138551382791738,0.18205625007721446,0.12387358810380723,0.12353061403498106,0.6515208762137906,0.11381406753726069,0.4330126141948551,0.867003730817571,,0.48703050657794733,0.2147047278509567,0.16822100879226656,0.16796861186910964,0.023306453918866696,0.00964521374421813,0.009555030192292395,0.050405040504050404,0.013501350135013501,0.025502550255025503,9999,4.2515729429440645,0.4063556719023149,0.5551097610035591,Stability AI,EleutherAI,0,0.4710188246183463,0.47031211323350697,0.024502450245024503,0.1384604272769331,0.12353061403534289,0.4976860768703328,4,0.050405040504050404,0.009555030192292395
legacy support (57),legacy,tobit,y_arc_c,Family FE,theta_D,57,19,30,15,True,-0.3258963142862866,0.2267721358610505,0.15429889465018792,0.20999553661836978,0.22342148951395607,0.0834595997186671,0.06296647279606557,0.3910607927560632,,-0.5493178038002426,0.2416425177574983,0.17542421063088734,0.22597263149513752,0.023010134187031073,0.0057692139722967115,0.025737858409064996,0.034003400340034004,0.028502850285028504,0.028902890289028902,9999,4.108629104643811,-0.7107242265410276,-0.441868113183095,Cerebras,Stability AI,0,0.49118778976648453,0.632723368186385,0.037603760376037604,0.20845485611572068,0.209995536612006,0.6695502879818884,4,0.037603760376037604,0.025737858409064996
legacy support (57),legacy,tobit,y_arc_c,Family FE,theta_C,57,19,30,15,True,0.598189744604032,0.1908922978650854,0.13124831455122316,0.10946448873502725,0.49355792103866275,0.044242197780438045,0.4089135932327936,0.5770266991019953,,0.10463182356536921,0.19595214070955153,0.13850448417643457,0.11806712649363625,0.5933649064595834,0.45975700210724885,0.3871932639049588,0.47354735473547355,0.44724472447244723,0.45704570457045707,9999,3.3526130053799417,0.06785921438316331,0.19355903732185736,Meta,Cerebras,0,0.3878125556940168,0.3305879541821815,0.25352535253525355,0.18564068000625758,0.10946448873506519,0.3498294374056056,4,0.47354735473547355,0.25352535253525355
legacy support (57),legacy,tobit,y_arc_c,Lab x period FE,theta_N,57,19,30,15,True,1.0314519093049956,0.2164159951110439,0.1613069588288521,0.10990972776606958,0.6187154645418438,0.10943454543981783,0.40925760565314734,0.8241339096635373,,0.41273644476315186,0.24251144854526543,0.19492525414176723,0.1551001869542106,0.08876931443090211,0.048408326524127195,0.01591116012536324,0.14341434143414342,0.1255125512551255,0.093009300930093,9999,4.801860485455022,0.3429910501567788,0.4688749527267001,Stability AI,Cerebras,0,0.5457907115969483,0.43428052347178964,0.039803980398039805,0.18122658127439803,0.10990972776615511,0.4595573107864216,4,0.14341434143414342,0.01591116012536324
legacy support (57),legacy,tobit,y_arc_c,Lab x period FE,theta_D,57,19,30,15,True,0.0656918627025247,0.2580579805436769,0.1923450622106599,0.4241629205550978,0.35227559727062285,0.06338576998320344,0.23050352266789756,0.46918290485273506,,-0.28658373456809816,0.26572857798634364,0.20252007009969702,0.4288728704525314,0.280818296887941,0.17411072033835967,0.5124681591886304,0.15791579157915792,0.1391139113911391,0.23642364236423644,9999,2.503262448322359,-0.7152436231360131,-0.22529349696257184,Cerebras,Stability AI,0,0.5670561962791516,1.2008440372670879,0.25622562256225623,0.5387349022933426,0.4241629205486801,1.2707377527056434,4,0.5124681591886304,0.15791579157915792
legacy support (57),legacy,tobit,y_arc_c,Lab x period FE,theta_C,57,19,30,15,True,0.5860219206599375,0.1293156878565673,0.09708468289453956,0.09621887831828245,0.49582747858914666,0.030701680050945188,0.4360512757956307,0.5510026964362513,,0.09019444207079086,0.13291027155102708,0.10182351796458375,0.10099834504970391,0.4973840384409356,0.38741063466733144,0.3836259716164415,0.34233423342334235,0.3278327832783278,0.36123612361236124,9999,2.529511502142811,0.0641295674178195,0.17526577004410998,BigScience,Cerebras,0,0.28510585030083446,0.28279536613917095,0.20202020202020202,0.16093983273845155,0.09621887831827872,0.29925513796204345,4,0.3836259716164415,0.20202020202020202
legacy support (57),legacy,tobit,y_arc_c,Notability-propensity control,theta_N,57,19,30,15,True,0.789390329757924,0.22532528118017162,0.22532528118017162,0.1738773383912767,0.7141825452562602,0.0985641970792885,0.5232906696129851,0.904261995579083,,0.07520778450166377,0.24593979605750718,0.24593979605750718,0.19987053247519848,0.7597588019783091,0.7632672350711724,0.7111054041479203,0.7707770777077708,0.7378737873787379,0.7632763276327633,9999,6.224798769805909,-0.03030721294041037,0.15227151330866315,BigScience,01.AI,0,0.68863142896102,0.5596374909305557,0.693069306930693,0.25657000979862316,0.17387733839128444,0.5922105331624734,4,0.7707770777077708,0.693069306930693
legacy support (57),legacy,tobit,y_arc_c,Notability-propensity control,theta_D,57,19,30,15,True,0.2535373142096085,0.12426003521173962,0.12426003521173962,0.1099169645743069,0.31854478094049277,0.06454786386984723,0.18532683388809923,0.44225021175597373,,-0.06500746673088426,0.14002493735396956,0.14002493735396956,0.12746829343562174,0.6424640911505797,0.6480298607254679,0.6162554059801242,0.6552655265526552,0.6081608160816082,0.6373637363736374,9999,4.568589015341297,-0.12892809516138715,-0.01079071132034648,01.AI,Stability AI,0,0.3920698245911148,0.35691122161974087,0.5437543754375438,0.16720781744494143,0.10991696457430974,0.37768481967789486,4,0.6552655265526552,0.5437543754375438
legacy support (57),legacy,tobit,y_arc_c,Notability-propensity control,theta_C,57,19,30,15,True,0.423993487255324,0.05852831964038516,0.05852831964038516,0.05481011378655222,0.44439813486401136,0.021592734425007705,0.39974341143674713,0.48089346734255684,,-0.020404647608687376,0.06238437608789566,0.06238437608789566,0.058910056469534254,0.743607791980881,0.7473808054597082,0.7330809535935514,0.7502750275027503,0.7479747974797479,0.7442744274427443,9999,3.5742476661748257,-0.03886861206259064,0.02283231254781979,01.AI,BigCode,0,0.17467625304610784,0.1649481581146959,0.6825682568256826,0.05848541666748066,0.05481011378655247,0.17454877173944275,4,0.7502750275027503,0.6825682568256826
legacy support (57),legacy,ols,y_winogrande,OLS,theta_N,57,19,30,15,True,0.5116470631381156,0.1274332873446689,0.1274332873446689,0.1262087616812941,0.5481994750053633,0.10537330742165224,0.3442506920167577,0.750127486185332,0.12094157086763674,-0.03655241186724767,0.16535651375270036,0.16535651375270036,0.16441467526380887,0.825051832130843,0.8275399739058483,0.826569033076587,0.833983398339834,0.7907790779077908,0.8308830883088308,9999,6.524928530269833,-0.10979034572747676,0.019362547872051605,BigScience,Cerebras,0,0.46299823850756094,0.4603610907386648,0.8235823582358236,0.14715874687421115,0.12620876168075773,0.487155866809918,1,0.833983398339834,0.8235823582358236
legacy support (57),legacy,ols,y_winogrande,OLS,theta_D,57,19,30,15,True,0.25382794321296254,0.10253593688753662,0.10253593688753662,0.20663437517118916,0.48781604584349797,0.0845631242399291,0.3242446856341271,0.6493543090928999,0.08522412757782909,-0.23398810263053543,0.13290801456128437,0.13290801456128437,0.2232681951904602,0.07831855173839818,0.09529919124431731,0.3085014601572843,0.1001100110011001,0.05540554055405541,0.09500950095009501,9999,4.721164695557242,-0.4264114396438059,-0.18226690373773313,Cerebras,BigCode,0,0.3721424407715962,0.6251509465332885,0.223022302230223,0.15423848286490785,0.20663437517004965,0.661537122428854,1,0.3085014601572843,0.1001100110011001
legacy support (57),legacy,ols,y_winogrande,OLS,theta_C,57,19,30,15,True,0.351053336493791,0.043654262627330076,0.043654262627330076,0.07478669462255086,0.510587059291437,0.058580476249828636,0.4079700830379359,0.6147189732227284,0.05892799387441164,-0.159533722797646,0.07305728466889969,0.07305728466889969,0.09499853625305715,0.028985779055718194,0.04246565955246116,0.11036203749697812,0.08810881088108811,0.026702670267026704,0.0925092509250925,9999,3.9808955713856102,-0.22234727235490453,-0.12999669370609462,Cerebras,BigCode,0,0.20456039707291912,0.26599590150856,0.11041104110411042,0.04696978608077198,0.07478669462253329,0.2814778802425946,1,0.11041104110411042,0.08810881088108811
legacy support (57),legacy,ols,y_winogrande,Year FE,theta_N,57,19,30,15,True,0.5416669348215266,0.1363533414921276,0.1363533414921276,0.1586138448164884,0.5421687917416743,0.10550950315189515,0.33796332333335116,0.7437539332465661,0.12060393858306849,-0.000501856920147703,0.1724079145266497,0.1724079145266497,0.1905009370654875,0.9976774655389689,0.9977094838608883,0.9979270274292376,0.997999799979998,0.9961996199619962,0.9982998299829983,9999,6.729198028071443,-0.08339546325145297,0.10145512908781507,BigScience,Cerebras,0,0.4827421606746191,0.533402623783365,0.9980998099809981,0.18239222519405893,0.158613844816278,0.5644486964155275,1,0.9980998099809981,0.9979270274292376
legacy support (57),legacy,ols,y_winogrande,Year FE,theta_D,57,19,30,15,True,0.2071017057842907,0.13264159496530967,0.13264159496530967,0.4411767867491727,0.4716377878289161,0.07725775451426445,0.32251156782513096,0.61947467839882,0.07797123190063274,-0.26453608204462536,0.15350098809951554,0.15350098809951554,0.44789029661169416,0.08482506940136951,0.10195924816041753,0.5621135854736127,0.1039103910391039,0.0771077107710771,0.10461046104610461,9999,3.6196667984150275,-0.7073646334293497,-0.21725549285134513,Cerebras,Stability AI,0,0.4298027666786435,1.2540928305127437,0.36463646364636465,0.385052638377219,0.44117678674913474,1.3270858293611816,1,0.5621135854736127,0.1039103910391039
legacy support (57),legacy,ols,y_winogrande,Year FE,theta_C,57,19,30,15,True,0.33870266929427884,0.04474686954735484,0.04474686954735484,0.10358618664892524,0.4993811014388211,0.05427165841734929,0.40374391414366556,0.5957931622982451,0.05490009792871242,-0.16067843214454225,0.07033985528601429,0.07033985528601429,0.1169423403726615,0.02235298688510877,0.03471146014881347,0.18631201390979552,0.09790979097909791,0.024802480248024804,0.09860986098609861,9999,3.008072470432158,-0.2588385894497072,-0.13688044927702117,Cerebras,BigCode,0,0.19695159480083999,0.3274385530434522,0.1789178917891789,0.059187706001643615,0.10358618664899745,0.3464967290761331,1,0.18631201390979552,0.09790979097909791
legacy support (57),legacy,ols,y_winogrande,Developer FE,theta_N,57,19,30,15,True,0.6310976135746856,0.13169372232235732,0.10752747400585011,0.08782245369324676,0.5260048128635174,0.10146498278404646,0.32743073775155296,0.7207457895023524,0.11573639624449304,0.10509280071116822,0.1662479450413899,0.1478421468913571,0.13419361424475204,0.5272921582242953,0.486290182921891,0.4437257237542764,0.49584958495849585,0.36743674367436746,0.49394939493949397,9999,4.829740716448645,0.06300766870223407,0.15192815501829476,BigScience,Cerebras,0,0.4139580112957999,0.3757421198853057,0.41314131413141314,0.11519297460945098,0.08782245369327546,0.39761174823880185,1,0.49584958495849585,0.41314131413141314
legacy support (57),legacy,ols,y_winogrande,Developer FE,theta_D,57,19,30,15,True,0.17337045044509725,0.15323528646944837,0.12511608747978523,0.2510465708939721,0.4705061877378517,0.08081380967042855,0.31533827899479855,0.6250867574934469,0.08407408845080372,-0.29713573729275444,0.17323950142165082,0.14894598745752607,0.26373329822203034,0.08631349033385052,0.06141783979282905,0.27468607519249066,0.06790679067906791,0.045404540454045406,0.0856085608560856,9999,3.8545844690367983,-0.5327361448931105,-0.21113509809737885,Cerebras,Meta,0,0.417048764881073,0.7384532350216849,0.16541654165416542,0.17460780143982227,0.2510465708939065,0.7814340374169311,1,0.27468607519249066,0.06790679067906791
legacy support (57),legacy,ols,y_winogrande,Developer FE,theta_C,57,19,30,15,True,0.3990959601032269,0.04993620420786453,0.04095765133436625,0.08046912901048194,0.49787501452943095,0.0508211498118684,0.4092259443707333,0.5890990689956213,0.053231726320904,-0.09877905442620405,0.07124895619509046,0.06527111513547079,0.09517389343672958,0.16562693146293106,0.14754746605535352,0.3130682196225933,0.2375237523752375,0.22012201220122013,0.23482348234823483,9999,3.295205717732477,-0.14601248132498446,-0.03991025514418778,Cerebras,Meta,0,0.1827591223793182,0.2664869016228428,0.2593259325932593,0.0448888952042227,0.08046912901051159,0.2819974584412938,1,0.3130682196225933,0.2375237523752375
legacy support (57),legacy,ols,y_winogrande,Family FE,theta_N,57,19,30,15,True,0.7754231413945866,0.09333230963505804,0.06350459308926062,0.08297831479557942,0.5504885242069202,0.10552810543718744,0.34479377450148735,0.7537044703373402,0.12188145041105862,0.22493461718766639,0.14087973970367954,0.12316255267164089,0.1342444850393357,0.11034536041777694,0.08443543675646671,0.11110824069891771,0.0924092409240924,0.030903090309030903,0.09460946094609461,9999,4.2515729429440645,0.193153180505784,0.2880615367263105,Stability AI,Meta,0,0.3448551474805945,0.37588455811013993,0.0889088908890889,0.07627712148236879,0.08297831479556553,0.39776247691305766,1,0.11110824069891771,0.0889088908890889
legacy support (57),legacy,ols,y_winogrande,Family FE,theta_D,57,19,30,15,True,-0.22781416979955,0.12722470297820332,0.08656544582604042,0.28452439187002954,0.32134382146338414,0.07696140368459212,0.17313450362418356,0.46700272023758044,0.09605074876478377,-0.5491579912629341,0.14869156904476732,0.11583019497593833,0.29474936340238783,0.00022138944881817523,0.00016310840150320058,0.0788439122099574,0.0083008300830083,0.0047004700470047005,0.007600760076007601,9999,4.108629104643811,-0.8235737636015724,-0.4923042232792805,Cerebras,Stability AI,0,0.3243245459326273,0.8252982175266859,0.05520552055205521,0.1377335453834794,0.28452439186911443,0.8733337300309025,1,0.0788439122099574,0.0083008300830083
legacy support (57),legacy,ols,y_winogrande,Family FE,theta_C,57,19,30,15,True,0.40524197476818147,0.11979574912961305,0.08236576509113644,0.06250959906934243,0.46593718978372256,0.051680665031918684,0.36874777293948346,0.5635555626223503,0.05577407886407215,-0.06069521501554109,0.1304680522107484,0.09723687776347846,0.08110697327573825,0.6417801317402125,0.5403278910814753,0.4639243939013257,0.6242624262426243,0.6140614061406141,0.618061806180618,9999,3.3526130053799417,-0.08651976119088703,-0.026919368688206213,BigScience,Microsoft,0,0.2722632577377397,0.22709952517206708,0.40554055405540557,0.11744541497017202,0.06250959906968415,0.24031758604925751,1,0.6242624262426243,0.40554055405540557
legacy support (57),legacy,ols,y_winogrande,Lab x period FE,theta_N,57,19,30,15,True,0.6770534743871375,0.145804352995418,0.10867614823770992,0.07897568044404739,0.5242933048219985,0.1010993919970072,0.32690761577188143,0.7183851072171175,0.11509256344399817,0.15276016956513894,0.17742603082574152,0.14843042901625403,0.12828969235197663,0.389249351618005,0.31703154714160253,0.24922086422395684,0.3329332933293329,0.23142314231423142,0.32813281328132815,9999,4.801860485455022,0.12258467084765712,0.2022490281843895,BigScience,Cerebras,0,0.41560520124551126,0.35921113858553455,0.23072307230723071,0.11277694962601369,0.0789756804437872,0.38011860060682673,1,0.3329332933293329,0.23072307230723071
legacy support (57),legacy,ols,y_winogrande,Lab x period FE,theta_D,57,19,30,15,True,0.13014676506394598,0.22079633551219763,0.16457187179604157,0.5629199649761443,0.4082327832184682,0.06691891291131617,0.27884705283163025,0.5361927043479704,0.07503204579858225,-0.27808601815452216,0.23071446136046017,0.1776570907441779,0.5668836105180461,0.2280776781421504,0.1349242338519888,0.6296696916361442,0.0884088408840884,0.049204920492049206,0.19461946194619462,9999,2.503262448322359,-0.8511548641982267,-0.21819685210344664,Cerebras,Microsoft,0,0.4974398540836981,1.5872741094505292,0.2812281228122812,0.4811368985010049,0.5629199649721516,1.6796595329409958,1,0.6296696916361442,0.0884088408840884
legacy support (57),legacy,ols,y_winogrande,Lab x period FE,theta_C,57,19,30,15,True,0.42480795006871397,0.07174646736429478,0.05386417648407728,0.046037334938035496,0.4707636138899577,0.04493858969327133,0.3893794785416301,0.5534413408721229,0.047882689232789516,-0.04595566382124372,0.08465832754594203,0.07014860192425802,0.0643343846773796,0.5872421066018308,0.5206764163300918,0.4841875434641863,0.5768576857685769,0.5483548354835484,0.6132613261326133,9999,2.529511502142811,-0.06505439694721751,-0.01883165495264577,BigScience,Microsoft,0,0.19641608538792246,0.18013627709666288,0.35923592359235923,0.07744296564299781,0.04603733493799601,0.1906208973311177,1,0.5768576857685769,0.35923592359235923
legacy support (57),legacy,ols,y_winogrande,Notability-propensity control,theta_N,57,19,30,15,True,0.5267407697965486,0.16208613052165693,0.16208613052165693,0.13155152251495364,0.5208485730578949,0.09211429555404298,0.3405529404034599,0.699420846144443,0.10474240070543953,0.00589219673865371,0.1864321784266364,0.1864321784266364,0.16059528798012704,0.9747870228533458,0.9751348353773277,0.9711362410923696,0.9718971897189719,0.9694969496949695,0.9781978197819782,9999,6.224798769805909,-0.05975875606983459,0.06334720055028432,BigScience,TII,0,0.5220100995945819,0.4496668063443557,0.967996799679968,0.18060826719198345,0.13155152251453844,0.47583913416498014,1,0.9718971897189719,0.967996799679968
legacy support (57),legacy,ols,y_winogrande,Notability-propensity control,theta_D,57,19,30,15,True,0.24748287287658038,0.10769680614497869,0.10769680614497869,0.2270150590634562,0.4817770180717467,0.0824615570586314,0.32252324396433235,0.6395684060026077,0.08345469207766229,-0.23429414519516634,0.13564110898382922,0.13564110898382922,0.2415279392412365,0.0841121348999949,0.10123148508333982,0.3448769465206746,0.10231023102310231,0.06040604060406041,0.09720972097209721,9999,4.568589015341297,-0.4480247895990308,-0.18219157388602258,Cerebras,BigCode,0,0.3797951051547218,0.6762782298754622,0.24702470247024702,0.17037912180265738,0.22701505906242167,0.7156402091910928,1,0.3448769465206746,0.10231023102310231
legacy support (57),legacy,ols,y_winogrande,Notability-propensity control,theta_C,57,19,30,15,True,0.33631550238511176,0.05467589580333986,0.05467589580333986,0.11693479726023856,0.4942057765977294,0.05154489296402498,0.40041882673911516,0.5873988215328556,0.05143522698590492,-0.15789027421261764,0.0751420626052444,0.0751420626052444,0.12779132521797357,0.0356213439357344,0.04997046579074033,0.23251587923651687,0.10071007100710071,0.037603760376037604,0.11461146114611462,9999,3.5742476661748257,-0.2648622999572509,-0.10896228912567271,Cerebras,BigCode,0,0.2103977752946843,0.35781571061032597,0.17521752175217523,0.06332498780158782,0.11693479726002375,0.3786419533868308,1,0.23251587923651687,0.10071007100710071
legacy support (57),legacy,tobit,y_winogrande,OLS,theta_N,57,19,30,15,True,0.5116470631381156,0.1274332873446689,0.1274332873446689,0.12488803178738178,0.5389397953303965,0.14846154978502527,0.2747248934843317,0.8379977523012248,,-0.0272927321922809,0.19565294397999863,0.19565294397999863,0.1940047737770842,0.8890585028342199,0.8906074653847894,0.8896845417211752,0.8904890489048904,0.8420842084208421,0.8882888288828883,9999,6.524928530269833,-0.10073231869746085,0.026353562724243846,BigScience,Cerebras,0,0.5478282431439961,0.5432133665758357,0.8815881588158816,0.14715874687421115,0.12488803178714608,0.5748304619584117,1,0.8904890489048904,0.8815881588158816
legacy support (57),legacy,tobit,y_winogrande,OLS,theta_D,57,19,30,15,True,0.25382794321296254,0.10253593688753662,0.10253593688753662,0.1802463461752708,0.47837171853758176,0.09167591946249928,0.28262865083638106,0.6417141563597684,,-0.22454377532461922,0.1375430571228499,0.1375430571228499,0.20222071980593434,0.10256695311129126,0.11993729053877435,0.28144490132481936,0.12361236123612361,0.057805780578057804,0.11901190119011901,9999,4.721164695557242,-0.38666285799298594,-0.1739286859985072,Cerebras,BigCode,0,0.3851205599439797,0.5662180154566161,0.21042104210421042,0.15423848286490785,0.18024634617479984,0.5991740693822984,1,0.28144490132481936,0.12361236123612361
legacy support (57),legacy,tobit,y_winogrande,OLS,theta_C,57,19,30,15,True,0.351053336493791,0.043654262627330076,0.043654262627330076,0.06363126053234099,0.5012123638982672,0.043707342301697524,0.40272965062717603,0.5820649161189902,,-0.15015902740447618,0.061773994662913494,0.061773994662913494,0.07719630229494424,0.015066335030591085,0.025744411904703602,0.0675466471726017,0.0676067606760676,0.030503050305030505,0.06930693069306931,9999,3.9808955713856102,-0.19759428438756785,-0.12132949188156755,Cerebras,BigCode,0,0.17296718505615777,0.21614964642584386,0.08420842084208421,0.04696978608077198,0.06363126053234111,0.2287303824836373,1,0.08420842084208421,0.0675466471726017
legacy support (57),legacy,tobit,y_winogrande,Year FE,theta_N,57,19,30,15,True,0.5416669348215266,0.1363533414921276,0.1363533414921276,0.15451567329835,0.5315367813911672,0.14885311740949997,0.26752033007504306,0.8313325131955487,,0.01013015343035939,0.20186501504370477,0.20186501504370477,0.2145514946519106,0.9599767109729866,0.9605293858824245,0.962861404970878,0.9625962596259626,0.9395939593959396,0.9617961796179618,9999,6.729198028071443,-0.07064465234306073,0.10969494541191424,BigScience,Cerebras,0,0.5652220421223734,0.6007441850253497,0.9593959395939594,0.18239222519405893,0.1545156732981922,0.6357097940607133,1,0.962861404970878,0.9593959395939594
legacy support (57),legacy,tobit,y_winogrande,Year FE,theta_D,57,19,30,15,True,0.2071017057842907,0.13264159496530967,0.13264159496530967,0.40233421598983915,0.46978342325996025,0.08403129625011263,0.28781017436138806,0.6204481356897453,,-0.26268171747566954,0.15701927099695584,0.15701927099695584,0.41101591222923806,0.09434174364576929,0.11163209622090293,0.5308052250612428,0.11611161116111611,0.07600760076007601,0.11231123112311231,9999,3.6196667984150275,-0.6646865623356683,-0.21558268872870873,Cerebras,Stability AI,0,0.43965395879147634,1.1508445542418664,0.3394339433943394,0.385052638377219,0.4023342159897204,1.217828108551927,1,0.5308052250612428,0.11611161116111611
legacy support (57),legacy,tobit,y_winogrande,Year FE,theta_C,57,19,30,15,True,0.33870266929427884,0.04474686954735484,0.04474686954735484,0.08750026359984302,0.4940740569677923,0.04056712263004525,0.4045004641828014,0.5681229032384439,,-0.15537138767351344,0.06039845836417616,0.06039845836417616,0.09644681212213882,0.010098456729643466,0.019177399035076183,0.12458583963318909,0.0668066806680668,0.027302730273027303,0.0703070307030703,9999,3.008072470432158,-0.2352580415474876,-0.13169381400032232,Cerebras,BigCode,0,0.16911568341969324,0.2700510739419887,0.1423142314231423,0.059187706001643615,0.08750026359984607,0.28576907922012085,1,0.1423142314231423,0.0668066806680668
legacy support (57),legacy,tobit,y_winogrande,Developer FE,theta_N,57,19,30,15,True,0.6310976135746856,0.13169372232235732,0.10752747400585011,0.09082184467761395,0.5236741895716848,0.14675654526147497,0.2617385187397663,0.8193129854177397,,0.10742342400300087,0.1971819466284921,0.18193306803097153,0.1725864741158124,0.5858956153866225,0.5622258614921696,0.541463064911435,0.5588558855885588,0.3495349534953495,0.5721572157215722,9999,4.829740716448645,0.06584913548299234,0.15773693962888613,BigScience,Cerebras,0,0.5094125904867203,0.4832421275242747,0.5217521752175217,0.11519297460945098,0.09082184467771731,0.5113686674419572,1,0.5588558855885588,0.5217521752175217
legacy support (57),legacy,tobit,y_winogrande,Developer FE,theta_D,57,19,30,15,True,0.17337045044509725,0.15323528646944837,0.12511608747978523,0.22078041783383345,0.4660146757087419,0.09299476347841648,0.25784790942576025,0.6337459906462964,,-0.29264422526364464,0.1792458620269392,0.1558911844225192,0.2395663142707854,0.10254442679051534,0.07679049333345413,0.23763284604531304,0.08830883088308832,0.047304730473047306,0.09860986098609861,9999,3.8545844690367983,-0.4992245549870544,-0.2207875997797771,Cerebras,Meta,0,0.4364953163830537,0.670785679958199,0.12871287128712872,0.17460780143982227,0.22078041783407315,0.7098279718631124,1,0.23763284604531304,0.08830883088308832
legacy support (57),legacy,tobit,y_winogrande,Developer FE,theta_C,57,19,30,15,True,0.3990959601032269,0.04993620420786453,0.04095765133436625,0.06903329419327181,0.49444913231529236,0.0443732094632942,0.40416664640290934,0.5718150417737609,,-0.09535317221206546,0.0668027410273181,0.0603863471399032,0.08206447115072513,0.1534692034176708,0.13173630692170332,0.2604396613409585,0.24892489248924893,0.22612261226122612,0.23302330233023302,9999,3.295205717732477,-0.1281484582024307,-0.04216750066708536,Cerebras,Meta,0,0.16908177199172894,0.22978051922203033,0.22582258225822582,0.0448888952042227,0.06903329419326701,0.24315462420603673,1,0.2604396613409585,0.22582258225822582
legacy support (57),legacy,tobit,y_winogrande,Family FE,theta_N,57,19,30,15,True,0.7754231413945866,0.09333230963505804,0.06350459308926062,0.08307325745595759,0.5469426410597301,0.14997955503529437,0.2765662108801357,0.8464493042782865,,0.22848050033485645,0.17664876719184666,0.16287019454773627,0.17144979741291239,0.195866909161716,0.1776786385172291,0.1992756932168058,0.1702170217021702,0.029102910291029103,0.18291829182918293,9999,4.2515729429440645,0.19652383218808295,0.2942912272426718,Stability AI,Meta,0,0.4560365447336615,0.48005943275615465,0.1631163116311631,0.07627712148236879,0.08307325745622868,0.5080007276665363,1,0.1992756932168058,0.1631163116311631
legacy support (57),legacy,tobit,y_winogrande,Family FE,theta_D,57,19,30,15,True,-0.22781416979955,0.12722470297820332,0.08656544582604042,0.24318034557992585,0.33231910473467485,0.09767972689461664,0.1195522719140754,0.5039295581974893,,-0.5601332745342249,0.1603977995301025,0.13051783578219503,0.2620648956319389,0.00047914798134947274,0.0004391796159922731,0.046541762021128905,0.010801080108010801,0.004000400040004,0.012701270127012701,9999,4.108629104643811,-0.7913579672524582,-0.5033432508231594,Cerebras,Stability AI,0,0.36544994019014604,0.7337817077694289,0.048704870487048704,0.1377335453834794,0.24318034557922416,0.776490609412954,1,0.048704870487048704,0.010801080108010801
legacy support (57),legacy,tobit,y_winogrande,Family FE,theta_C,57,19,30,15,True,0.40524197476818147,0.11979574912961305,0.08236576509113644,0.06667293425841032,0.46774942306712197,0.06410065054768145,0.3437336323922208,0.5922131428639247,,-0.0625074482989405,0.13586726945869326,0.1043695964334645,0.09248877533659032,0.6454712930655782,0.5566994427185578,0.5077342854009909,0.6279627962796279,0.6012601260126013,0.632963296329633,9999,3.3526130053799417,-0.08850552428448963,-0.028203513590296006,BigScience,Cerebras,0,0.2922348700137006,0.2589685709424529,0.45384538453845386,0.11744541497017202,0.06667293425842302,0.2740415321624413,1,0.6279627962796279,0.45384538453845386
legacy support (57),legacy,tobit,y_winogrande,Lab x period FE,theta_N,57,19,30,15,True,0.6770534743871375,0.145804352995418,0.10867614823770992,0.08064901443913075,0.5211182408688612,0.14614973292389713,0.2615425349490443,0.8144322218120665,,0.15593523351827632,0.20644285840430257,0.18212701510075643,0.16692515677311667,0.4500430140012023,0.4031473727104288,0.3625834902202288,0.4075407540754075,0.23112311231123112,0.4099409940994099,9999,4.801860485455022,0.12650620584744016,0.20933764999057086,BigScience,Cerebras,0,0.509955642282118,0.46739043896472665,0.3325332533253325,0.11277694962601369,0.0806490144386463,0.49459434998555163,1,0.4075407540754075,0.3325332533253325
legacy support (57),legacy,tobit,y_winogrande,Lab x period FE,theta_D,57,19,30,15,True,0.13014676506394598,0.22079633551219763,0.16457187179604157,0.5172376740084142,0.42018204769460765,0.08292086325204324,0.23209149045593822,0.5613904180838147,,-0.2900352826306617,0.23585353789604047,0.18428176944265756,0.5238422290882042,0.2187996399748302,0.13293006910029692,0.5866178998373744,0.0851085108510851,0.037703770377037704,0.17561756175617563,9999,2.503262448322359,-0.8166204682699852,-0.23726500597329203,Cerebras,Microsoft,0,0.5159889544394411,1.4667582414469718,0.2816281628162816,0.4811368985010049,0.517237674007859,1.552129180522592,1,0.5866178998373744,0.0851085108510851
legacy support (57),legacy,tobit,y_winogrande,Lab x period FE,theta_C,57,19,30,15,True,0.42480795006871397,0.07174646736429478,0.05386417648407728,0.04283077001327734,0.47456422621024924,0.04747206802905957,0.3819194629872675,0.5572366921394953,,-0.04975627614153527,0.08602995305247747,0.07179795784883776,0.06393803330480159,0.5630211525655948,0.49715204797699575,0.4465632792964279,0.5666566656665667,0.5317531753175317,0.5852585258525853,9999,2.529511502142811,-0.06911126237874549,-0.024445020799223505,BigScience,Microsoft,0,0.20103428197674572,0.17902649325344444,0.35143514351435146,0.07744296564299781,0.04283077001328016,0.18944651982400204,1,0.5666566656665667,0.35143514351435146
legacy support (57),legacy,tobit,y_winogrande,Notability-propensity control,theta_N,57,19,30,15,True,0.5267407697965486,0.16208613052165693,0.16208613052165693,0.13362478093673588,0.5296786192614436,0.13522965007957805,0.27691029322332095,0.8045357335650227,,-0.0029378494648949482,0.21108996178911194,0.21108996178911194,0.19011217830806046,0.9888957814994815,0.98904888237507,0.9878405861275812,0.988998899889989,0.9854985498549855,0.990999099909991,9999,6.224798769805909,-0.069253815376809,0.05240422297580025,BigScience,TII,0,0.5910518930095133,0.5323140992625692,0.9866986698669867,0.18060826719198345,0.13362478093657534,0.563296815604703,1,0.988998899889989,0.9866986698669867
legacy support (57),legacy,tobit,y_winogrande,Notability-propensity control,theta_D,57,19,30,15,True,0.24748287287658038,0.10769680614497869,0.10769680614497869,0.1995595210928213,0.4745645599306055,0.0900975460107172,0.2809164668444326,0.6351652029209739,,-0.2270816870540251,0.1404142793699502,0.1404142793699502,0.2189556353601101,0.10582940811329393,0.12321926269418182,0.31341579639429035,0.12211221122112212,0.06440644064406441,0.11801180118011802,9999,4.568589015341297,-0.40996592452941427,-0.1761876810711327,Cerebras,BigCode,0,0.3931599822358606,0.6130757790083082,0.22382238223822382,0.17037912180265738,0.1995595210925951,0.6487591339740345,1,0.31341579639429035,0.12211221122112212
legacy support (57),legacy,tobit,y_winogrande,Notability-propensity control,theta_C,57,19,30,15,True,0.33631550238511176,0.05467589580333986,0.05467589580333986,0.09992235720220578,0.4920964788705985,0.037663417077090006,0.406909454087515,0.5532175522677841,,-0.15578097648548672,0.06639266953377092,0.06639266953377092,0.10678487933583125,0.018957884522340613,0.030606824471047425,0.16184215377956415,0.07590759075907591,0.039403940394039404,0.0886088608860886,9999,3.5742476661748257,-0.24307069978882373,-0.10753018478587069,Cerebras,BigCode,0,0.18589947469455856,0.29899766214032747,0.15911591159115912,0.06332498780158782,0.09992235720221576,0.3164004695540111,1,0.16184215377956415,0.07590759075907591
"legacy support, strict surface (extrapolated)",strict,ols,y_hellaswag,OLS,theta_N,57,19,30,15,True,0.5015840636187519,0.08655836568125654,0.08655836568125654,0.08672858824969924,0.41162229890134877,0.028885140091763985,0.3580943478515197,0.46356376853594045,0.03068840358387743,0.08996176471740308,0.09125076431203719,0.09125076431203719,0.09141224938653845,0.3241949001355159,0.33726246907414265,0.3380947300777879,0.3684368436843684,0.35653565356535655,0.35903590359035903,9999,6.524928530269833,0.03639042310510693,0.11821629661474323,BigScience,TII,0,0.2555021400737041,0.25595429828230765,0.32793279327932795,0.09763749578129433,0.08672858824982702,0.27085181730578745,0,0.3684368436843684,0.32793279327932795
"legacy support, strict surface (extrapolated)",strict,ols,y_hellaswag,OLS,theta_D,57,19,30,15,True,0.22285508092260403,0.08154874520892619,0.08154874520892619,0.06879482027183012,0.25492244719970214,0.025776870952094726,0.20641534569280964,0.30538557750430756,0.02066743847511786,-0.03206736627709811,0.08552569743200758,0.08552569743200758,0.07346546380656936,0.7077019480817239,0.7120831951244219,0.6676677788344689,0.733973397339734,0.7131713171317132,0.7226722672267226,9999,4.721164695557242,-0.07006627056894132,0.0014896281015172805,01.AI,BigCode,0,0.23947195280962122,0.2057032986583942,0.5911591159115912,0.13889100452226297,0.06879482027190596,0.21767601732544306,0,0.733973397339734,0.5911591159115912
"legacy support, strict surface (extrapolated)",strict,ols,y_hellaswag,OLS,theta_C,57,19,30,15,True,0.3279657296962051,0.03728024946299692,0.03728024946299692,0.043131689495160885,0.3140150572162468,0.014214042735770174,0.2866393656867743,0.34177482157115757,0.01318816303157565,0.013950672479958293,0.03989807026558531,0.03989807026558531,0.04541345229776385,0.7265955085798581,0.7306531335067467,0.7622225126332737,0.7513751375137514,0.733973397339734,0.7555755575557556,9999,3.9808955713856102,-0.007974227874414888,0.03804770431965895,01.AI,BigCode,0,0.11171459674363886,0.12715766643373877,0.7346734673467347,0.046321964666545236,0.04313168949516578,0.1345587289179036,0,0.7622225126332737,0.7346734673467347
"legacy support, strict surface (extrapolated)",strict,ols,y_hellaswag,Year FE,theta_N,57,19,30,15,True,0.5169824099955601,0.09295014426863007,0.09295014426863007,0.10328361157832093,0.40509964514356706,0.02892833108873779,0.35175713728938474,0.4569169440065746,0.03088637664711801,0.11188276485199306,0.09734771522300242,0.09734771522300242,0.10725834587686453,0.2504279124199046,0.26547086324736563,0.31070308200023383,0.31723172317231724,0.3000300030003,0.29412941294129413,9999,6.729198028071443,0.07014638109545365,0.1772157901856488,Meta,Cerebras,0,0.2725736026244068,0.3003233684552207,0.30893089308930893,0.12553266021551482,0.10328361157830315,0.31780333704641994,0,0.31723172317231724,0.30893089308930893
"legacy support, strict surface (extrapolated)",strict,ols,y_hellaswag,Year FE,theta_D,57,19,30,15,True,0.19054569708553756,0.10648909799970978,0.10648909799970978,0.2012422370081797,0.2881885914283636,0.023012952242009232,0.2449738794801775,0.33318574179279803,0.018698695637820152,-0.09764289434282605,0.10894734491342499,0.10894734491342499,0.20255378033240795,0.3701249594875917,0.3819549592127624,0.6355733852434905,0.3992399239923992,0.40334033403340336,0.39053905390539057,9999,3.6196667984150275,-0.2911118951223059,-0.057834861809518745,Cerebras,Stability AI,0,0.30505256575758993,0.5671505849307422,0.47294729472947294,0.37142220448276053,0.20124223700823637,0.6001609179663077,0,0.6355733852434905,0.3992399239923992
"legacy support, strict surface (extrapolated)",strict,ols,y_hellaswag,Year FE,theta_C,57,19,30,15,True,0.31894931532055915,0.04063002379553907,0.04063002379553907,0.033931896310898386,0.3341754602913362,0.012758489661196363,0.3095458605781732,0.3589522557694689,0.012276347384704222,-0.015226144970777067,0.04258612323352439,0.04258612323352439,0.03625124336748209,0.7206893008814248,0.7248472188899203,0.6794439107464156,0.725072507250725,0.7136713671367136,0.7214721472147215,9999,3.008072470432158,-0.03140364649794419,0.0050358283364775325,Cerebras,BigCode,0,0.11924114505386829,0.10150348142894984,0.5787578757875788,0.07580429425997302,0.03393189631091158,0.1074113722347896,0,0.725072507250725,0.5787578757875788
"legacy support, strict surface (extrapolated)",strict,ols,y_hellaswag,Developer FE,theta_N,57,19,30,15,True,0.5891906863277978,0.07432402153461976,0.060685309463815715,0.06587202905108318,0.4397019876302395,0.028855136578439015,0.38579859219517343,0.4917418750519428,0.030038791553728062,0.14948869869755832,0.07972878453882883,0.06719617319222465,0.07191483239406955,0.060797507330673545,0.039133384800977146,0.052221573362256926,0.12991299129912992,0.11731173117311731,0.09920992099209922,9999,4.829740716448645,0.11126747224804012,0.1957252882754255,Stability AI,Cerebras,0,0.18814928493822902,0.20136153070339474,0.12081208120812081,0.06491154477723622,0.06587202905116826,0.21308154187094383,0,0.12991299129912992,0.052221573362256926
"legacy support, strict surface (extrapolated)",strict,ols,y_hellaswag,Developer FE,theta_D,57,19,30,15,True,0.20299657490290818,0.16509675288463915,0.13480093425257755,0.08735335416271292,0.2776860650392162,0.025852432999130072,0.22879841860566463,0.32827264405606954,0.020666501343216112,-0.07468949013630805,0.16710860571803632,0.1372575687069469,0.09109861017299256,0.654909870438345,0.5930116694059502,0.42301153260670904,0.6077607760776078,0.5853585358535853,0.6802680268026803,9999,3.8545844690367983,-0.14460883988391515,-0.03691982285189476,Cerebras,Meta,0,0.3843211923794513,0.25507610848437917,0.37883788378837885,0.21848201647890073,0.0873533541624902,0.2699225135030985,0,0.6077607760776078,0.37883788378837885
"legacy support, strict surface (extrapolated)",strict,ols,y_hellaswag,Developer FE,theta_C,57,19,30,15,True,0.39344597282113314,0.045548826556253134,0.037359126236645876,0.017758866177276244,0.3575832825243282,0.012271555432836496,0.33452643846752544,0.3808479676912308,0.012552472406235879,0.035862690296804944,0.047172944294296595,0.03932296257794956,0.021586301226555353,0.44711201176573623,0.3738200178807144,0.11395791295953249,0.5802580258025802,0.5988598859885989,0.48484848484848486,9999,3.295205717732477,0.02917805748591011,0.04762443546042246,BigScience,Cerebras,0,0.11010429521825876,0.060441643434354986,0.09430943094309431,0.05361414000975522,0.01775886617710811,0.06395957823332658,0,0.5802580258025802,0.09430943094309431
"legacy support, strict surface (extrapolated)",strict,ols,y_hellaswag,Family FE,theta_N,57,19,30,15,True,0.6477467496597589,0.08150484214613203,0.05545702078447569,0.05202172866770554,0.4350149409232573,0.029422524436570334,0.37989516046883015,0.4886610760156399,0.03061858642155097,0.21273180873650155,0.08665289514774725,0.06277870736571714,0.059765752716726954,0.01408893321635007,0.0032731122007744694,0.002240498481566738,0.043304330433043305,0.04040404040404041,0.026402640264026403,9999,4.2515729429440645,0.1671944202345893,0.23536759246310063,Stability AI,Microsoft,0,0.17578038062400797,0.16734410760683546,0.039403940394039404,0.059204501346000526,0.05202172866773088,0.17708417465501758,0,0.043304330433043305,0.002240498481566738
"legacy support, strict surface (extrapolated)",strict,ols,y_hellaswag,Family FE,theta_D,57,19,30,15,True,0.08662888242487002,0.16141991958057594,0.10983234369264062,0.10692348929335264,0.34230276754941036,0.024772427856848103,0.2956693470189944,0.39050826143602885,0.019643906556872613,-0.25567388512454037,0.16330971685519005,0.112591371352076,0.1097556638383115,0.1174477517959649,0.03566991388118352,0.03167619840368817,0.028502850285028504,0.0268026802680268,0.0269026902690269,9999,4.108629104643811,-0.3390085432000075,-0.1866298638127314,Microsoft,Stability AI,0,0.3152558397858128,0.3073158587472722,0.0121012101210121,0.21072482052306962,0.10692348929223323,0.32520281701532555,0,0.03167619840368817,0.0121012101210121
"legacy support, strict surface (extrapolated)",strict,ols,y_hellaswag,Family FE,theta_C,57,19,30,15,True,0.44070175202794326,0.06549330691533213,0.04503003129596417,0.06749692050204284,0.40080538737603333,0.01387489898406965,0.3769667944120997,0.42487459326034277,0.01500173279593605,0.03989636465190993,0.06694688993914526,0.04711917380784227,0.06890825131344741,0.5512149602682537,0.40827241178675694,0.5697791055179042,0.39123912391239124,0.38493849384938494,0.40314031403140316,9999,3.3526130053799417,0.016772353518748062,0.10200884825773501,Meta,Cerebras,0,0.13193368666195834,0.19294310367765274,0.49664966496649665,0.04829802581596554,0.06749692050244768,0.20417313019714,0,0.5697791055179042,0.39123912391239124
"legacy support, strict surface (extrapolated)",strict,ols,y_hellaswag,Lab x period FE,theta_N,57,19,30,15,True,0.6095692838570723,0.09315391323196463,0.06943282745226335,0.07303093147328568,0.43596913432024464,0.028685350699484417,0.38242235853302925,0.48760247242096416,0.0299743929897767,0.17360014953682767,0.09747051295228115,0.07512500830461309,0.0784625152324864,0.07490379278058125,0.03289936805929778,0.040094358466692945,0.1279127912791279,0.11301130113011301,0.09910991099109911,9999,4.801860485455022,0.13358207830633223,0.2218800026142952,Meta,Cerebras,0,0.21035002325291666,0.2196950426509619,0.10501050105010501,0.07779846796767555,0.07303093147344109,0.2324821343279574,0,0.1279127912791279,0.040094358466692945
"legacy support, strict surface (extrapolated)",strict,ols,y_hellaswag,Lab x period FE,theta_D,57,19,30,15,True,0.2454925863922156,0.17891821111518136,0.133357760822068,0.22816601144561544,0.3486152019257258,0.021372568453892,0.3084242417144227,0.3903233052494689,0.01761552488989024,-0.10312261553351021,0.18019021324970153,0.13505953892188508,0.22916482160514298,0.5671196651239321,0.4550367825347646,0.6580876518800838,0.49164916491649163,0.47884788478847884,0.49464946494649464,9999,2.503262448322359,-0.3302005043570519,-0.06098164173246218,Cerebras,Meta,0,0.3781667089812782,0.6416615004944003,0.42364236423642365,0.43533986378823447,0.22816601144155232,0.6790086537729381,0,0.6580876518800838,0.42364236423642365
"legacy support, strict surface (extrapolated)",strict,ols,y_hellaswag,Lab x period FE,theta_C,57,19,30,15,True,0.44164902273004253,0.040748536675887057,0.030592257035224835,0.04217344502891731,0.3956795600705718,0.011495640051996128,0.37534181698340974,0.41641111975190465,0.012199312288365197,0.04596946265947072,0.04233902433253712,0.03268081900311436,0.043712117379648495,0.27759100322070696,0.17657113313208184,0.30687838138081835,0.3315331533153315,0.31703170317031704,0.19071907190719073,9999,2.529511502142811,0.03575909226356162,0.08498838573805745,Meta,Cerebras,0,0.09150629320872021,0.12239392866301578,0.20522052205220523,0.0320353715752604,0.04217344502897908,0.12951772339063786,0,0.3315331533153315,0.20522052205220523
"legacy support, strict surface (extrapolated)",strict,ols,y_hellaswag,Notability-propensity control,theta_N,57,19,30,15,True,0.5720936530326394,0.113375459301011,0.113375459301011,0.12393597802781982,0.49109679107717474,0.02684347359808272,0.4404719809716613,0.5406094477303066,0.02704184860487326,0.08099686195546463,0.11650994312300632,0.11650994312300632,0.1268096949153463,0.48693454645125855,0.4958120306576127,0.5310442253677061,0.49804980498049806,0.4965496549654965,0.4898489848984898,9999,6.224798769805909,0.020518366646711972,0.12707332057203846,BigScience,TII,0,0.3262278407444177,0.3550671457629696,0.49054905490549056,0.11949164531805988,0.12393597802783363,0.37573341155383466,0,0.5310442253677061,0.49054905490549056
"legacy support, strict surface (extrapolated)",strict,ols,y_hellaswag,Notability-propensity control,theta_D,57,19,30,15,True,0.22447788386993822,0.08586543428515843,0.08586543428515843,0.06972536831280987,0.26433802314258226,0.025188953722105993,0.21707358649779143,0.3134943781568371,0.0202209433096011,-0.039860139272644035,0.08948383202899425,0.08948383202899425,0.07413575639306169,0.6559980874942093,0.6613090594003824,0.5973943025835635,0.6744674467446745,0.662966296629663,0.6728672867286729,9999,4.568589015341297,-0.0759792180404154,-0.007886219782587757,01.AI,BigCode,0,0.25055472968118386,0.20758011790057274,0.5061506150615062,0.14961812754092735,0.06972536831287912,0.219662074625164,0,0.6744674467446745,0.5061506150615062
"legacy support, strict surface (extrapolated)",strict,ols,y_hellaswag,Notability-propensity control,theta_C,57,19,30,15,True,0.3350553220521178,0.0501165728456714,0.0501165728456714,0.04488324029324965,0.3364705495338174,0.013651622859101991,0.31026335953172507,0.36311176383337085,0.01160330175564099,-0.001415227481699588,0.05194263836659285,0.05194263836659285,0.046913452930995664,0.9782635518471252,0.9785633548431237,0.9762660176586093,0.9790979097909791,0.976897689768977,0.9797979797979798,9999,3.5742476661748257,-0.017429281302320316,0.032074746082701305,AI2,BigCode,0,0.14543938742645998,0.13135766820678785,0.9751975197519752,0.07079867622479104,0.04488324029332748,0.13900318685649687,0,0.9790979097909791,0.9751975197519752
"legacy support, strict surface (extrapolated)",strict,tobit,y_hellaswag,OLS,theta_N,57,19,30,15,True,0.5015840636187519,0.08655836568125654,0.08655836568125654,0.08671412624211713,0.40994867730747897,0.024858735472745353,0.36278335825933616,0.4568740624311133,,0.09163538631127288,0.09005724512061235,0.09005724512061235,0.09020696436106115,0.30890433705610465,0.32238690273181536,0.3231687560516636,0.36383638363836385,0.35513551355135514,0.35333533353335334,9999,6.524928530269833,0.03781151986212847,0.11966368304272296,BigScience,TII,0,0.25216028633771453,0.2525795002109712,0.31863186318631864,0.09763749578129433,0.08671412624208996,0.2672805930802292,0,0.36383638363836385,0.31863186318631864
"legacy support, strict surface (extrapolated)",strict,tobit,y_hellaswag,OLS,theta_D,57,19,30,15,True,0.22285508092260403,0.08154874520892619,0.08154874520892619,0.06956310432093953,0.2491907659830328,0.02038830175285121,0.20829293723657313,0.28795179173154417,,-0.02633568506042877,0.08405879307672505,0.08405879307672505,0.07248936702117927,0.7540521609924344,0.7576534724783858,0.7206093520839189,0.7714771477147715,0.7701770177017702,0.7728772877287728,9999,4.721164695557242,-0.06500919235033432,0.0070559995127802075,01.AI,BigCode,0,0.23536462061483013,0.20297022765930192,0.6538653865386539,0.13889100452226297,0.06956310432088715,0.21478387114193412,0,0.7714771477147715,0.6538653865386539
"legacy support, strict surface (extrapolated)",strict,tobit,y_hellaswag,OLS,theta_C,57,19,30,15,True,0.3279657296962051,0.03728024946299692,0.03728024946299692,0.04429628615545141,0.30981369866482744,0.014199063123407784,0.28169335680525137,0.3368087579113773,,0.018152031031377636,0.03989273610077154,0.03989273610077154,0.04651638808794332,0.6490941606062535,0.6545344908002929,0.7009468030832967,0.6811681168116812,0.6567656765676567,0.6882688268826883,9999,3.9808955713856102,-0.004221818854340919,0.04249379710194515,01.AI,Cerebras,0,0.11169966108216031,0.1302458866462413,0.6498649864986499,0.046321964666545236,0.044296286155451434,0.13782669535726458,0,0.7009468030832967,0.6498649864986499
"legacy support, strict surface (extrapolated)",strict,tobit,y_hellaswag,Year FE,theta_N,57,19,30,15,True,0.5169824099955601,0.09295014426863007,0.09295014426863007,0.1029592837628569,0.4033211228943497,0.02503065659550599,0.35609412550257175,0.4505326658983,,0.11366128710121043,0.09626143095321871,0.09626143095321871,0.10595823650175873,0.23769956504723466,0.25306741353429735,0.2975778258490237,0.30893089308930893,0.30543054305430545,0.27992799279927993,9999,6.729198028071443,0.07214848665314706,0.17892850269306154,Meta,Cerebras,0,0.26953200666901234,0.2966830622049244,0.2881288128812881,0.12553266021551482,0.1029592837628482,0.31395115105048543,0,0.30893089308930893,0.2881288128812881
"legacy support, strict surface (extrapolated)",strict,tobit,y_hellaswag,Year FE,theta_D,57,19,30,15,True,0.19054569708553756,0.10648909799970978,0.10648909799970978,0.19627819989958262,0.2835312667519072,0.018468005600268872,0.24632307806813672,0.3192246080991728,,-0.09298556966636964,0.10807865295072545,0.10807865295072545,0.19714512164056222,0.389595625828668,0.40091031750121037,0.6428359374258408,0.41314131413141314,0.4237423742374237,0.42724272427242727,9999,3.6196667984150275,-0.28098494211667846,-0.05321790275453232,Cerebras,Stability AI,0,0.3026202282620313,0.5520063405935742,0.48344834483448346,0.37142220448276053,0.1962781998996019,0.5841352206915518,0,0.6428359374258408,0.41314131413141314
"legacy support, strict surface (extrapolated)",strict,tobit,y_hellaswag,Year FE,theta_C,57,19,30,15,True,0.31894931532055915,0.04063002379553907,0.04063002379553907,0.033194957006789164,0.33065051023210296,0.01306151336022996,0.3052183304147341,0.35620116872920765,,-0.01170119491154381,0.04267788613422105,0.04267788613422105,0.035672234327864115,0.7839504007835477,0.7870720952358378,0.7466815666720936,0.7966796679667967,0.7834783478347834,0.7935793579357936,9999,3.008072470432158,-0.02602931528679553,0.008548990164692018,01.AI,BigCode,0,0.11949808117581893,0.09988225611801951,0.6744674467446745,0.07580429425997302,0.0331949570067907,0.10569578541060078,0,0.7966796679667967,0.6744674467446745
"legacy support, strict surface (extrapolated)",strict,tobit,y_hellaswag,Developer FE,theta_N,57,19,30,15,True,0.5891906863277978,0.07432402153461976,0.060685309463815715,0.06640681933723382,0.43897082538816906,0.02396877864030372,0.3933810027917314,0.4828123917897384,,0.15021986093962875,0.0780932937363158,0.0652472921601116,0.07060005668550055,0.054405381812927235,0.03347088593371433,0.0474328625670816,0.12101210121012101,0.11361136113611361,0.09390939093909391,9999,4.829740716448645,0.1119844246747206,0.19721132818805723,Stability AI,Cerebras,0,0.1826924180483125,0.19768015871940153,0.11201120112011201,0.06491154477723622,0.06640681933724771,0.2091858999585607,0,0.12101210121012101,0.0474328625670816
"legacy support, strict surface (extrapolated)",strict,tobit,y_hellaswag,Developer FE,theta_D,57,19,30,15,True,0.20299657490290818,0.16509675288463915,0.13480093425257755,0.08354408681643931,0.2726395441785208,0.019529367965988895,0.23276860442163036,0.3098374301759162,,-0.06964296927561264,0.1662478090869248,0.13620825264468644,0.08579633241079564,0.6752814707252109,0.6153573220262067,0.427554304144647,0.6082608260826082,0.6024602460246025,0.6938693869386938,9999,3.8545844690367983,-0.13536919595665015,-0.03380962502157274,Cerebras,Meta,0,0.38138310740512205,0.24022973075022777,0.38353835383538354,0.21848201647890073,0.08354408681630315,0.2542120198068063,0,0.6082608260826082,0.38353835383538354
"legacy support, strict surface (extrapolated)",strict,tobit,y_hellaswag,Developer FE,theta_C,57,19,30,15,True,0.39344597282113314,0.045548826556253134,0.037359126236645876,0.018666816623074508,0.3546648558697281,0.012296243380363123,0.33012234494996584,0.37970745028995406,,0.038781116951405015,0.04717937263169949,0.03933067396364784,0.022352799469163024,0.4110808458496563,0.33718934137500556,0.09983832046725406,0.5573557355735573,0.5723572357235723,0.45504550455045506,9999,3.295205717732477,0.03216829910382116,0.0524845576979597,BigScience,Cerebras,0,0.11012588709821394,0.06258783851365646,0.086008600860086,0.05361414000975522,0.018666816623201382,0.06623069007408337,0,0.5573557355735573,0.086008600860086
"legacy support, strict surface (extrapolated)",strict,tobit,y_hellaswag,Family FE,theta_N,57,19,30,15,True,0.6477467496597589,0.08150484214613203,0.05545702078447569,0.05222767965718926,0.43394793970007456,0.024621501079661576,0.3877517281341083,0.48008422697659076,,0.2137988099596843,0.085142572246096,0.06067700939981753,0.05774035709787182,0.012036642297265834,0.0024264105373142477,0.0016286094564653974,0.041404140414041404,0.0372037203720372,0.0268026802680268,9999,4.2515729429440645,0.16828975192350967,0.23720629511038835,Stability AI,Microsoft,0,0.16989562631948907,0.1616729998740411,0.04590459045904591,0.059204501346000526,0.05222767965738081,0.17108298676377118,0,0.04590459045904591,0.0016286094564653974
"legacy support, strict surface (extrapolated)",strict,tobit,y_hellaswag,Family FE,theta_D,57,19,30,15,True,0.08662888242487002,0.16141991958057594,0.10983234369264062,0.10898383456048971,0.340321773461819,0.01658373588277121,0.30637032224297706,0.3712915745473863,,-0.25369289103694903,0.16226956194317257,0.11107728848350525,0.11023836215826913,0.11795758714274565,0.034738411316633556,0.03353894535169998,0.026502650265026503,0.029902990299029902,0.028402840284028404,9999,4.108629104643811,-0.33986860268957053,-0.1847206503815037,Microsoft,Stability AI,0,0.31101640775381467,0.3086674140431535,0.008600860086008601,0.21072482052306962,0.1089838345595791,0.32663303799827215,0,0.03353894535169998,0.008600860086008601
"legacy support, strict surface (extrapolated)",strict,tobit,y_hellaswag,Family FE,theta_C,57,19,30,15,True,0.44070175202794326,0.06549330691533213,0.04503003129596417,0.0691047787058036,0.3994011349929224,0.012590707692671127,0.3756960014354683,0.4244980006699478,,0.04130061703502086,0.06669257208196562,0.04675713462903603,0.0702424114063603,0.5357394136343339,0.3887190092511294,0.5638554744426912,0.3951395139513951,0.35653565356535655,0.37483748374837483,9999,3.3526130053799417,0.018211713854620136,0.10537359747490699,Meta,Cerebras,0,0.13091997696130087,0.19667875193780882,0.49034903490349036,0.04829802581596554,0.06910477870574505,0.20812620747253116,0,0.5638554744426912,0.3951395139513951
"legacy support, strict surface (extrapolated)",strict,tobit,y_hellaswag,Lab x period FE,theta_N,57,19,30,15,True,0.6095692838570723,0.09315391323196463,0.06943282745226335,0.07344677238269959,0.4351501969817134,0.023937636496273288,0.38980660132726613,0.4791306082180987,,0.1744190868753589,0.09618036177648798,0.07344336572518644,0.07724919944221945,0.06976114618847112,0.028875615381949292,0.03661105852751325,0.1189118911891189,0.11361136113611361,0.09960996099609962,9999,4.801860485455022,0.1344701518302669,0.2235156151955817,Meta,Cerebras,0,0.20564142403052202,0.21629775843821444,0.10221022102210221,0.07779846796767555,0.07344677238265047,0.22888711518156268,0,0.1189118911891189,0.03661105852751325
"legacy support, strict surface (extrapolated)",strict,tobit,y_hellaswag,Lab x period FE,theta_D,57,19,30,15,True,0.2454925863922156,0.17891821111518136,0.133357760822068,0.22195100431110418,0.346064499622059,0.015777009050946627,0.3146825539327826,0.3746978200424153,,-0.10057191322984338,0.17961247251583132,0.13428777452199267,0.22251103866842523,0.575521482799976,0.4635757183302653,0.6566781978102908,0.4963496349634963,0.5021502150215021,0.5094509450945095,9999,2.503262448322359,-0.3210809378097799,-0.05871266110959574,Cerebras,Meta,0,0.3760057686615795,0.6230309082715906,0.41594159415941595,0.43533986378823447,0.2219510043085629,0.6592936898325186,0,0.6566781978102908,0.41594159415941595
"legacy support, strict surface (extrapolated)",strict,tobit,y_hellaswag,Lab x period FE,theta_C,57,19,30,15,True,0.44164902273004253,0.040748536675887057,0.030592257035224835,0.04373435194848401,0.39406189425859695,0.010871107517048858,0.3727247902963878,0.4160397329143079,,0.04758712847144558,0.04217373850956717,0.03246640061904768,0.04506522516310224,0.25916822493911074,0.15997173907477882,0.3049535154649693,0.31353135313531355,0.3108310831083108,0.18061806180618062,9999,2.529511502142811,0.03734145995327904,0.08847968883002466,Meta,Cerebras,0,0.0909059217333335,0.12618263045668626,0.20882088208820881,0.0320353715752604,0.043734351948479536,0.13352694211809019,0,0.31353135313531355,0.20882088208820881
"legacy support, strict surface (extrapolated)",strict,tobit,y_hellaswag,Notability-propensity control,theta_N,57,19,30,15,True,0.5720936530326394,0.113375459301011,0.113375459301011,0.12464552839871973,0.4916112671209252,0.021291982702209947,0.4501504307414003,0.5317658538586544,,0.0804823859117142,0.1153574587926867,0.1153574587926867,0.12645100346453267,0.4853784552011128,0.49429279010694627,0.5324805479363299,0.48814881488148815,0.49194919491949196,0.49264926492649264,9999,6.224798769805909,0.019613970891710304,0.12625978963806433,BigScience,TII,0,0.32300088461952275,0.3540628097006914,0.49004900490049,0.11949164531805988,0.12464552839872053,0.37467061929178114,0,0.5324805479363299,0.48814881488148815
"legacy support, strict surface (extrapolated)",strict,tobit,y_hellaswag,Notability-propensity control,theta_D,57,19,30,15,True,0.22447788386993822,0.08586543428515843,0.08586543428515843,0.06993040994067684,0.25891312077575956,0.019853121814828505,0.21909823544773682,0.29701526161534436,,-0.03443523690582134,0.08813069414666652,0.08813069414666652,0.07269393840111797,0.695997401995776,0.7005833060939443,0.6414074341181661,0.7201720172017202,0.7104710471047104,0.7124712471247124,9999,4.568589015341297,-0.0710559580620814,-0.0026402281322867177,01.AI,BigCode,0,0.24676594361066626,0.2035430275231303,0.5501550155015501,0.14961812754092735,0.06993040994066406,0.2153900101484348,0,0.7201720172017202,0.5501550155015501
"legacy support, strict surface (extrapolated)",strict,tobit,y_hellaswag,Notability-propensity control,theta_C,57,19,30,15,True,0.3350553220521178,0.0501165728456714,0.0501165728456714,0.04601785974209035,0.3329349781677887,0.012537385518883089,0.30824564212393246,0.35496070557725345,,0.002120343884329079,0.051660980531195756,0.051660980531195756,0.04769517219689849,0.9672612721683438,0.9677131070134797,0.9650302770497415,0.9660966096609661,0.9687968796879688,0.96999699969997,9999,3.5742476661748257,-0.014094764896718567,0.035501186376759315,AI2,BigCode,0,0.1446507454873481,0.13354648215131576,0.9641964196419642,0.07079867622479104,0.04601785974209189,0.1413193981434265,0,0.9660966096609661,0.9641964196419642
"legacy support, strict surface (extrapolated)",strict,ols,y_core,OLS,theta_N,57,19,30,15,True,0.5081835907429842,0.09915014626302047,0.09915014626302047,0.098191890807001,0.44378663379284805,0.047196002712384125,0.35525772540486866,0.5338103753031888,0.06258794816918663,0.0643969569501362,0.10980990017300682,0.10980990017300682,0.10894544548663508,0.5575796315507513,0.564862330283892,0.5618076325492026,0.5741574157415742,0.5289528952895289,0.5577557755775577,9999,6.524928530269833,0.006105935605245305,0.10802691851311963,BigScience,Microsoft,0,0.30746772048441906,0.3050472473625782,0.5312531253125312,0.11100105446302069,0.09819189080674096,0.3228021637720374,0,0.5741574157415742,0.5312531253125312
"legacy support, strict surface (extrapolated)",strict,ols,y_core,OLS,theta_D,57,19,30,15,True,0.28579657757576643,0.09269084481498814,0.09269084481498814,0.1541471356318499,0.46804571375985216,0.07973093441891309,0.3156647965832451,0.6226119510852712,0.06134052615962295,-0.18224913618408572,0.12226452721795163,0.12226452721795163,0.17354642412569884,0.13606303797506916,0.15337896415597094,0.3075464821222679,0.14621462146214623,0.07320732073207321,0.14601460146014603,9999,4.721164695557242,-0.32193591900093593,-0.14434454181286266,Cerebras,BigCode,0,0.34234067621026454,0.4859299875519567,0.23352335233523352,0.17454486421948037,0.15414713563104246,0.5142129712026164,0,0.3075464821222679,0.14621462146214623
"legacy support, strict surface (extrapolated)",strict,ols,y_core,OLS,theta_C,57,19,30,15,True,0.36966027558953307,0.04506206206970772,0.04506206206970772,0.057493973845684235,0.4588974450348199,0.05250200862290533,0.3591135468059017,0.5576851717546968,0.04487772969557132,-0.08923716944528681,0.06918851311752418,0.06918851311752418,0.07785896183489636,0.197131024527757,0.21345692671459365,0.2667468312623458,0.2075207520752075,0.0349034903490349,0.20552055205520553,9999,3.9808955713856102,-0.13558724109586107,-0.06425879638837204,Cerebras,BigCode,0,0.19372783672906768,0.2180050931377098,0.22602260226022602,0.06584176357981322,0.05749397384566875,0.23069382329004504,0,0.2667468312623458,0.2075207520752075
"legacy support, strict surface (extrapolated)",strict,ols,y_core,Year FE,theta_N,57,19,30,15,True,0.5282438966575156,0.10973883687820321,0.10973883687820321,0.1253069014379502,0.43861733171666656,0.0472994799416549,0.3502424883254167,0.5286704904069792,0.06274612765522931,0.08962656494084903,0.11949833941160817,0.11949833941160817,0.13393677743895133,0.4532405404766069,0.4629320928189363,0.5118789843947467,0.47964796479647964,0.4367436743674367,0.46984698469846986,9999,6.729198028071443,0.02961487463701029,0.15797258140478904,BigScience,Cerebras,0,0.3345953503525029,0.3750229768290637,0.46554655465546557,0.14226486324973578,0.125306901437795,0.3968507483064188,0,0.5118789843947467,0.46554655465546557
"legacy support, strict surface (extrapolated)",strict,ols,y_core,Year FE,theta_D,57,19,30,15,True,0.25762213309433935,0.1177031211749596,0.1177031211749596,0.38622555634272676,0.47366308554079106,0.07083857080726004,0.3384261942848909,0.6114649630498474,0.05396217223652235,-0.21604095244645172,0.1373758634125457,0.1373758634125457,0.39266815950145995,0.11580527863845597,0.1332174239781106,0.5889540911351787,0.1328132813281328,0.1034103410341034,0.1254125412541254,9999,3.6196667984150275,-0.6048150495837796,-0.1715787503169655,Cerebras,Stability AI,0,0.38465241755512797,1.0994708466040877,0.40444044404440443,0.4291813926208341,0.3862255563427544,1.1634642546576615,0,0.5889540911351787,0.1328132813281328
"legacy support, strict surface (extrapolated)",strict,ols,y_core,Year FE,theta_C,57,19,30,15,True,0.36407098593582976,0.0516150110660937,0.0516150110660937,0.08994045640532926,0.45987786648627965,0.046559431506167696,0.37186519362337744,0.5475987058645942,0.04054990865419255,-0.09580688055044989,0.06951179777225228,0.06951179777225228,0.10127717591133974,0.1681161456610898,0.18500835201903426,0.35668229568876014,0.1571157115711571,0.0423042304230423,0.1568156815681568,9999,3.008072470432158,-0.18181584212312507,-0.07598246944905117,Cerebras,BigCode,0,0.19463303376230637,0.28357609255175126,0.23242324232423242,0.1076141941910255,0.08994045640539747,0.30008130563762114,0,0.35668229568876014,0.1571157115711571
"legacy support, strict surface (extrapolated)",strict,ols,y_core,Developer FE,theta_N,57,19,30,15,True,0.6376157987698274,0.07524055974228559,0.0614336597766645,0.05322629003606889,0.44757072987159274,0.04637447318927057,0.36056751962957767,0.5353038681882121,0.05919014951572644,0.1900450688982347,0.08838401209446663,0.07697198397558258,0.07059482781752571,0.03153781829905263,0.02378914882238395,0.0149009247139427,0.08330833083308331,0.0785078507850785,0.07560756075607561,9999,4.829740716448645,0.15542602508673636,0.21601482422360951,Stability AI,TII,0,0.2155215551316312,0.197665517889072,0.05500550055005501,0.06412585810555355,0.05322629003607911,0.20917040697591405,0,0.08330833083308331,0.0149009247139427
"legacy support, strict surface (extrapolated)",strict,ols,y_core,Developer FE,theta_D,57,19,30,15,True,0.24862145682526157,0.1777339515676838,0.14511916376978784,0.2156449099575173,0.47461533692947144,0.07377931143198124,0.3334025550342394,0.618261694216391,0.05730704407416532,-0.22599388010420987,0.1924389366402783,0.1627972926329544,0.22791690149254623,0.24024817506600527,0.1820216830084956,0.3345540528829636,0.25132513251325134,0.2374237423742374,0.21962196219621963,9999,3.8545844690367983,-0.4269178539541577,-0.14546123356298776,Cerebras,Meta,0,0.45583241937227226,0.6381673241791294,0.2542254225422542,0.23898581667272364,0.21564490995698452,0.675311103033102,0,0.3345540528829636,0.25132513251325134
"legacy support, strict surface (extrapolated)",strict,ols,y_core,Developer FE,theta_C,57,19,30,15,True,0.44045177226945886,0.059650555077085436,0.04892535737355666,0.06554542175636663,0.4612784450003623,0.03901358657516944,0.3882711849846435,0.5352028442143004,0.036558336007507776,-0.02082667273090344,0.07127586308465611,0.06257595809564945,0.07627753437728714,0.7701351539410854,0.7431134619456776,0.7879318645497296,0.7606760676067607,0.6922692269226922,0.758975897589759,9999,3.295205717732477,-0.06785796540440017,0.020506640053732123,Cerebras,Meta,0,0.17521268266781845,0.21357709625640398,0.7629762976297629,0.06953658401578529,0.06554542175647897,0.22600810005595726,0,0.7879318645497296,0.7606760676067607
"legacy support, strict surface (extrapolated)",strict,ols,y_core,Family FE,theta_N,57,19,30,15,True,0.7154569087291042,0.0872576862872609,0.05937133542767721,0.06281753256415479,0.4534090139884288,0.0473426310514941,0.36423592850697706,0.544043868981842,0.0622580940249874,0.26204789474067536,0.09927350367083823,0.07593602692624662,0.07865981891872457,0.00829902303435234,0.0028510246043774853,0.003714498044851445,0.0337033703370337,0.029902990299029902,0.019201920192019203,9999,4.2515729429440645,0.22082880916664205,0.28415370928696215,Stability AI,Meta,0,0.21262087539349053,0.2202474929724288,0.034103410341034104,0.06838954812269149,0.06281753256414625,0.23306673937090702,0,0.034103410341034104,0.003714498044851445
"legacy support, strict surface (extrapolated)",strict,ols,y_core,Family FE,theta_D,57,19,30,15,True,0.08953859295175864,0.21770271263971644,0.1481279337741831,0.29636259983676194,0.4503478963577294,0.044221975714539154,0.36641951341195206,0.5360467698106504,0.045182525112956805,-0.3608093034059708,0.22214872096590663,0.15458805872481246,0.2996437446670662,0.1043375960862111,0.03138625189390971,0.2441361299894749,0.025002500250025,0.020802080208020803,0.024302430243024302,9999,4.108629104643811,-0.6497852283307097,-0.29704915922358666,Cerebras,Stability AI,0,0.4328465644294749,0.8390024850677854,0.0709070907090709,0.31938622896507024,0.2963625998337285,0.8878356383530575,0,0.2441361299894749,0.025002500250025
"legacy support, strict surface (extrapolated)",strict,ols,y_core,Family FE,theta_C,57,19,30,15,True,0.4845014111860952,0.0796620435824473,0.05477176958334799,0.053489112205218146,0.4522795024505676,0.028260645141829497,0.39869970676753896,0.5063171807125002,0.03201528965743941,0.032221908735527605,0.08452635832427743,0.06163287115755501,0.06049586091903171,0.7030508029914762,0.6074865801736314,0.600803994831027,0.6064606460646065,0.538953895389539,0.5984598459845984,9999,3.3526130053799417,0.007661870985487457,0.0637240524688018,Meta,TII,0,0.17257203924115402,0.16938841057328877,0.5268526852685268,0.057792340241911,0.05348911220515636,0.17924746387228552,0,0.6064606460646065,0.5268526852685268
"legacy support, strict surface (extrapolated)",strict,ols,y_core,Lab x period FE,theta_N,57,19,30,15,True,0.6663342170845705,0.09149973724620732,0.06819987746862965,0.05770732592631544,0.4457305459865857,0.0461650276346757,0.3594220575161511,0.532917804391102,0.05894086996472904,0.22060367109798484,0.10248615366299658,0.08235552843159025,0.07390091502868126,0.031356286990724465,0.015329770417361938,0.007937907410922661,0.08270827082708271,0.07990799079907991,0.0625062506250625,9999,4.801860485455022,0.186191864570517,0.2512660666932073,Stability AI,TII,0,0.23059547960845267,0.20692256208030751,0.0519051905190519,0.07347144159297825,0.057707325926418924,0.21896624654142385,0,0.08270827082708271,0.007937907410922661
"legacy support, strict surface (extrapolated)",strict,ols,y_core,Lab x period FE,theta_D,57,19,30,15,True,0.28142324660752693,0.2092197858574312,0.15594322113838843,0.4884679061803271,0.4794550597079942,0.051857354547226515,0.3799258401738491,0.5804786180521363,0.04243736783369897,-0.19803181310046725,0.21555069940704466,0.16433950663079488,0.4912128668803674,0.358239437839182,0.24380124659690217,0.6915872131969918,0.1923192319231923,0.16651665166516652,0.19071907190719073,9999,2.503262448322359,-0.6949596028333711,-0.15182918259051514,Cerebras,Microsoft,0,0.46015061856622563,1.3753960272650287,0.37763776377637764,0.537878714256279,0.48846790617383207,1.455449336072524,0,0.6915872131969918,0.1923192319231923
"legacy support, strict surface (extrapolated)",strict,ols,y_core,Lab x period FE,theta_C,57,19,30,15,True,0.4888047263952652,0.05641098894028059,0.04235095574103145,0.042421485472215144,0.4612850409453631,0.028859918942406148,0.40711455152654524,0.516102102748401,0.02962490228274403,0.027519685449902076,0.06336477408294543,0.05124937437219169,0.05130767341277145,0.6640664321426366,0.5978598170477872,0.5982727233328657,0.6177617761776177,0.5542554255425542,0.5974597459745975,9999,2.529511502142811,0.008042655042766966,0.05119843759493775,Cerebras,TII,0,0.14349824824213672,0.14366148555576005,0.4886488648864887,0.05267151987259045,0.04242148547215066,0.15202313342950566,0,0.6177617761776177,0.4886488648864887
"legacy support, strict surface (extrapolated)",strict,ols,y_core,Notability-propensity control,theta_N,57,19,30,15,True,0.5837619071854524,0.12234382072855686,0.12234382072855686,0.11829457864638411,0.4734090121824228,0.04476921461584033,0.38904032173241365,0.5591741940676854,0.05196523696111792,0.11035289500302958,0.13027775346458978,0.13027775346458978,0.12648276528620303,0.39696244423876315,0.40808417241811806,0.39443971993234994,0.43014301430143015,0.39523952395239526,0.40434043404340436,9999,6.224798769805909,0.05238634500186798,0.15980374599215438,BigScience,TII,0,0.3647777097008514,0.35415174280136846,0.3584358435843584,0.1304880395515982,0.11829457864629339,0.37476472863903043,0,0.43014301430143015,0.3584358435843584
"legacy support, strict surface (extrapolated)",strict,ols,y_core,Notability-propensity control,theta_D,57,19,30,15,True,0.28720298550549367,0.09885952100371946,0.09885952100371946,0.17106522854917117,0.4696247697182463,0.07709284398024675,0.3222527518474542,0.61899111270506,0.059234504489027964,-0.18242178421275262,0.12536551154941902,0.12536551154941902,0.18763426928880245,0.14563621753040207,0.16285467303826356,0.3438257219816011,0.1545154515451545,0.0819081908190819,0.15221522152215222,9999,4.568589015341297,-0.3397624783880673,-0.14504348624199326,Cerebras,BigCode,0,0.35102343233837324,0.5253759540086468,0.26182618261826185,0.1909973490541327,0.17106522854834003,0.5559548437629811,0,0.3438257219816011,0.1545154515451545
"legacy support, strict surface (extrapolated)",strict,ols,y_core,Notability-propensity control,theta_C,57,19,30,15,True,0.38153911389270373,0.058952732596529646,0.058952732596529646,0.09311636048625808,0.4708285466260791,0.04847336033375026,0.3792109671534336,0.5622375785311947,0.03912288363558281,-0.08928943273337536,0.07632228601557688,0.07632228601557688,0.10497772741040053,0.2420412649310585,0.2572992449061837,0.4061886529217001,0.2449244924492449,0.038203820382038206,0.2294229422942294,9999,3.5742476661748257,-0.17519758416223824,-0.0521925141033764,Cerebras,BigCode,0,0.21370240084361525,0.29393763674912143,0.3325332533253325,0.09995213691326828,0.0931163604860579,0.3110459313336372,0,0.4061886529217001,0.2449244924492449
"legacy support, strict surface (extrapolated)",strict,ols,y_arc_c,OLS,theta_N,57,19,30,15,True,0.7595437479801741,0.19167873441486802,0.19167873441486802,0.22769739207153739,1.1029318959164207,0.1092252134892962,0.8972109827993109,1.3108848157302682,0.11783641856768425,-0.3433881479362466,0.2206147875566546,0.2206147875566546,0.2525396000986018,0.11958791674001243,0.13699528588781348,0.190702438447916,0.11221122112211221,0.06420642064206421,0.1149114911491149,9999,6.524928530269833,-0.495617311512921,-0.26209925703544806,Meta,Microsoft,0,0.6177214051586328,0.707110880276085,0.14431443144314432,0.2179041046594273,0.227697392071043,0.7482674377604361,4,0.190702438447916,0.11221122112211221
"legacy support, strict surface (extrapolated)",strict,ols,y_arc_c,OLS,theta_D,57,19,30,15,True,0.2617110540887335,0.11559836336988737,0.11559836336988737,0.3495280268929612,0.641329799859133,0.1267280021219832,0.41021637627122737,0.875426172502242,0.08639676513272003,-0.37961874577039945,0.17153124536254583,0.17153124536254583,0.3717927219641557,0.026889568060405957,0.040046844827206614,0.32075897722948493,0.07170717071707171,0.0427042704270427,0.06950695069506951,9999,4.721164695557242,-0.7141393744122826,-0.3025865884130724,Cerebras,Meta,0,0.4802874870151283,1.041019621499636,0.2444244424442444,0.15017613214745676,0.3495280268905382,1.1016109447131308,4,0.32075897722948493,0.07170717071707171
"legacy support, strict surface (extrapolated)",strict,ols,y_arc_c,OLS,theta_C,57,19,30,15,True,0.4494472447415754,0.050486783162164206,0.050486783162164206,0.16820793873380813,0.8154031786725304,0.08128254536588092,0.6642626115008887,0.9658587161494162,0.0663986415209969,-0.36595593393095505,0.09568577457083094,0.09568577457083094,0.18681745859055315,0.00013100612942096204,0.0012415456474845251,0.06580239389882854,0.005700570057005701,0.00040004000400040005,0.0053005300530053,9999,3.9808955713856102,-0.532304644168743,-0.33590911533602874,Cerebras,BigCode,0,0.2679201687983266,0.5230888840535488,0.08750875087508751,0.05483550591614933,0.16820793873377754,0.553534657589899,4,0.08750875087508751,0.005700570057005701
"legacy support, strict surface (extrapolated)",strict,ols,y_arc_c,Year FE,theta_N,57,19,30,15,True,0.787248363237686,0.20685274103873005,0.20685274103873005,0.27384897202045777,1.1058371626549228,0.11009442875757974,0.8986296908762825,1.3151581127415533,0.11871429777588809,-0.31858879941723683,0.23432635301795168,0.23432635301795168,0.2951508812795911,0.17395830843491433,0.19074763603489692,0.29465713603280036,0.18911891189118912,0.1351135113511351,0.1767176717671767,9999,6.729198028071443,-0.4826231404735733,-0.2071521496607177,Meta,Cerebras,0,0.6561137884502647,0.8264224675828551,0.2554255425542554,0.25984060242253293,0.2738489720199976,0.8745234157398868,4,0.29465713603280036,0.18911891189118912
"legacy support, strict surface (extrapolated)",strict,ols,y_arc_c,Year FE,theta_D,57,19,30,15,True,0.18045681269614522,0.1695562947302065,0.1695562947302065,0.8025315546772956,0.5819523117143696,0.11667730199477676,0.36831815345086505,0.7979805770027646,0.07915647992510035,-0.40149549901822434,0.20582256893600612,0.20582256893600612,0.8109688582513742,0.05109423899433493,0.0668397082164142,0.62653191321454,0.09420942094209421,0.07660766076607661,0.08320832083208321,9999,3.6196667984150275,-1.213790345734071,-0.3114640926271829,Cerebras,Meta,0,0.5763031930208171,2.2707128031038475,0.4387438743874387,0.5110166709942782,0.8025315546770486,2.4028769722860654,4,0.62653191321454,0.09420942094209421
"legacy support, strict surface (extrapolated)",strict,ols,y_arc_c,Year FE,theta_C,57,19,30,15,True,0.419137780622301,0.05285348051496991,0.05285348051496991,0.28408428183229034,0.7880219960937519,0.07382203693744675,0.6486769610700367,0.9270301145088965,0.062316757949379534,-0.3688842154714509,0.09079197949235414,0.09079197949235414,0.2935192878189812,4.8454256418003605e-05,0.0007299774667200267,0.22490429497921063,0.0174017401740174,0.0026002600260026003,0.012801280128012802,9999,3.008072470432158,-0.655565301378501,-0.34399227493569895,Cerebras,Microsoft,0,0.2542175425785916,0.8218540058931473,0.22122212221222123,0.06523562886504669,0.284084281832414,0.8696890521083589,4,0.22490429497921063,0.0174017401740174
"legacy support, strict surface (extrapolated)",strict,ols,y_arc_c,Developer FE,theta_N,57,19,30,15,True,0.9783621084438516,0.1835005708824793,0.1498275887238302,0.1565966283712977,1.0309747181261255,0.10797857929677028,0.8269011869174887,1.2380109608777792,0.1136143791396149,-0.05261260968227388,0.2129127358829075,0.18468264653114033,0.1902153453436584,0.8048240270597521,0.7789869713575182,0.7852421506544414,0.7821782178217822,0.7376737673767376,0.7781778177817782,9999,4.829740716448645,-0.14703939766759283,0.018050137792170795,Meta,EleutherAI,0,0.5171114102871929,0.5326029669622434,0.7787778777877787,0.166347342002232,0.15659662837084745,0.5636024965092347,4,0.7852421506544414,0.7787778777877787
"legacy support, strict surface (extrapolated)",strict,ols,y_arc_c,Developer FE,theta_D,57,19,30,15,True,0.17148473657112925,0.15075993947711017,0.12309497512393136,0.42979571222768315,0.5680454336025015,0.11733200331707389,0.3516965298583422,0.7860265343206393,0.08110914079399174,-0.3965606970313722,0.19103758361521367,0.17005637860180112,0.4455234598219259,0.03791008842214595,0.031518549017910805,0.38515438337337415,0.063006300630063,0.0374037403740374,0.0405040504050405,9999,3.8545844690367983,-0.7792318228908415,-0.1942736799788684,Cerebras,Meta,0,0.47615786008504307,1.2474656875013925,0.35193519351935193,0.15087968513613323,0.4297957122281433,1.3200729612819357,4,0.38515438337337415,0.063006300630063
"legacy support, strict surface (extrapolated)",strict,ols,y_arc_c,Developer FE,theta_C,57,19,30,15,True,0.5693916572593714,0.0720274215924149,0.05907685750033281,0.15011598571941298,0.7963363394195483,0.0635975551958773,0.6736468578187981,0.9179031064254504,0.06016594877803604,-0.22694468216017694,0.09608641156867155,0.08680278865916284,0.163032077197721,0.018182471361745504,0.01755605475556269,0.18087694848591163,0.1267126712671267,0.10611061106110611,0.08420842084208421,9999,3.295205717732477,-0.3628532312902681,-0.17116975501057854,Cerebras,Meta,0,0.24304780824565594,0.4564898161536188,0.10531053105310531,0.07532414479172492,0.15011598572013168,0.4830592692388433,4,0.18087694848591163,0.10531053105310531
"legacy support, strict surface (extrapolated)",strict,ols,y_arc_c,Family FE,theta_N,57,19,30,15,True,1.138551382791738,0.18205625007721446,0.12387358810380723,0.17561336624025367,1.075946872495833,0.10830171365448871,0.8722959501950358,1.2829643838478884,0.11619263947257036,0.06260451029590497,0.21183422615969336,0.16454156620808785,0.20632332777156423,0.7675849229100513,0.7080431022940809,0.7650420460849795,0.711971197119712,0.6312631263126313,0.71007100710071,9999,4.2515729429440645,-0.018123533800390446,0.17232619574144015,Meta,EleutherAI,0,0.460716385382646,0.5777053177603798,0.7340734073407341,0.1384604272769331,0.1756133662387429,0.6113299766118135,4,0.7650420460849795,0.711971197119712
"legacy support, strict surface (extrapolated)",strict,ols,y_arc_c,Family FE,theta_D,57,19,30,15,True,-0.3258963142862866,0.2267721358610505,0.15429889465018792,0.6539141945664327,0.25872706070762164,0.06820687746516171,0.12781314823599096,0.3872593270139604,0.05840086736868096,-0.5846233749939083,0.23680747398790084,0.16870188802683087,0.6574617494493608,0.013557802901985005,0.0027606653722882595,0.385618580825149,0.025602560256025603,0.0232023202320232,0.021702170217021702,9999,4.108629104643811,-1.2204371981676023,-0.4756950017855982,Cerebras,Microsoft,0,0.4723652864751264,1.84089289845821,0.1772177217721772,0.20845485611572068,0.6539141945692825,1.9480399054005262,4,0.385618580825149,0.025602560256025603
"legacy support, strict surface (extrapolated)",strict,ols,y_arc_c,Family FE,theta_C,57,19,30,15,True,0.598189744604032,0.1908922978650854,0.13124831455122316,0.14591700726733692,0.774403678320267,0.0582698667500239,0.6624499996490463,0.8851587079684934,0.06303367031458144,-0.17621393371623506,0.19958769189325784,0.14360187130954233,0.1571214510527496,0.37729582507785653,0.23559312725031975,0.27680839469274904,0.44734473447344736,0.44754475447544756,0.4661466146614662,9999,3.3526130053799417,-0.2853506600174041,-0.10276405193457055,Cerebras,TII,0,0.4020852396667185,0.4399400629476989,0.16141614161416143,0.18564068000625758,0.14591700726610393,0.4655462571039909,4,0.44734473447344736,0.16141614161416143
"legacy support, strict surface (extrapolated)",strict,ols,y_arc_c,Lab x period FE,theta_N,57,19,30,15,True,1.0314519093049956,0.2164159951110439,0.1613069588288521,0.1849734344164327,1.0325873457270212,0.10803113753412066,0.8286633635482958,1.23930968803912,0.11361956905782691,-0.0011354364220255153,0.24188139576416262,0.19414082940878016,0.21420993935092375,0.996254594691309,0.9953979152493478,0.9958290753760815,0.9957995799579958,0.9948994899489949,0.9946994699469947,9999,4.801860485455022,-0.12993470029071663,0.08218086498547211,Meta,EleutherAI,0,0.5435943223445844,0.5997878301825864,0.9961996199619962,0.18122658127439803,0.18497343441552577,0.6346977757086484,4,0.9961996199619962,0.9957995799579958
"legacy support, strict surface (extrapolated)",strict,ols,y_arc_c,Lab x period FE,theta_D,57,19,30,15,True,0.0656918627025247,0.2580579805436769,0.1923450622106599,0.9161024416676489,0.39000847816450884,0.08763700221980716,0.22296161406096274,0.5561919604297527,0.0635852899559116,-0.32431661546198415,0.27253287045851043,0.21136903064284773,0.9202846993118502,0.23404278717336802,0.14233018769228414,0.7286241336500275,0.1273127312731273,0.0959095909590959,0.17511751175117513,9999,2.503262448322359,-1.2513780102342467,-0.21861329180416225,Cerebras,Meta,0,0.5918332857999736,2.5767971580731803,0.46204620462046203,0.5387349022933426,0.9161024416657734,2.7267766072938517,4,0.7286241336500275,0.1273127312731273
"legacy support, strict surface (extrapolated)",strict,ols,y_arc_c,Lab x period FE,theta_C,57,19,30,15,True,0.5860219206599375,0.1293156878565673,0.09708468289453956,0.16650060982374193,0.7362156966026636,0.05268396686879238,0.6324586251114387,0.8376236185018773,0.05482279309771192,-0.1501937759427261,0.13963576723336024,0.11045829990437711,0.17463691888231983,0.28210123787124053,0.1907046102671916,0.4010801329149154,0.47994799479947997,0.46874687468746873,0.4085408540854085,9999,2.529511502142811,-0.3033306106530429,-0.09131445405972971,Cerebras,TII,0,0.3092832397322559,0.4889833728704955,0.22062206220622063,0.16093983273845155,0.16650060982351433,0.5174440752239635,4,0.47994799479947997,0.22062206220622063
"legacy support, strict surface (extrapolated)",strict,ols,y_arc_c,Notability-propensity control,theta_N,57,19,30,15,True,0.789390329757924,0.22532528118017162,0.22532528118017162,0.23549222276623802,0.9171744739119169,0.10130920450001271,0.7215359068921836,1.1120336938274813,0.10112330384067786,-0.12778414415399286,0.24705270137229587,0.24705270137229587,0.2563593998662988,0.604992573922001,0.6112903369157832,0.6241979134105226,0.6093609360936093,0.5817581758175817,0.6094609460946094,9999,6.224798769805909,-0.2871668327081799,-0.0536131912170779,Meta,TII,0,0.6917475638424284,0.7178063196256366,0.5861586158615861,0.25657000979862316,0.23549222276661555,0.7595853925834285,4,0.6241979134105226,0.5861586158615861
"legacy support, strict surface (extrapolated)",strict,ols,y_arc_c,Notability-propensity control,theta_D,57,19,30,15,True,0.2535373142096085,0.12426003521173962,0.12426003521173962,0.371052233510446,0.6200449647808761,0.1232790397075595,0.39489447999154603,0.8482970588534936,0.08410174863587364,-0.3665076505712676,0.17503793298037088,0.17503793298037088,0.39099550077246226,0.03627106661150672,0.050694684235303926,0.36097597310764035,0.0846084608460846,0.0594059405940594,0.0819081908190819,9999,4.568589015341297,-0.7221456322161037,-0.28770828890299877,Cerebras,Meta,0,0.49010621234503843,1.0947874021628943,0.2871287128712871,0.16720781744494143,0.37105223350866456,1.1585082158387752,4,0.36097597310764035,0.0846084608460846
"legacy support, strict surface (extrapolated)",strict,ols,y_arc_c,Notability-propensity control,theta_C,57,19,30,15,True,0.423993487255324,0.05852831964038516,0.05852831964038516,0.2272227000052955,0.714562598447983,0.07574999984330813,0.5759298868717637,0.8526985544517156,0.05769766282862,-0.290569111192659,0.09572683362667062,0.09572683362667062,0.23951663381476807,0.0024021786300090064,0.007115398730598964,0.24075395427928095,0.032803280328032806,0.005700570057005701,0.0318031803180318,9999,3.5742476661748257,-0.5152006078066846,-0.24022348484262632,Cerebras,BigCode,0,0.2680351341546777,0.6706465746813506,0.19461946194619462,0.05848541666748066,0.22722270000494443,0.7096807701271615,4,0.24075395427928095,0.032803280328032806
"legacy support, strict surface (extrapolated)",strict,tobit,y_arc_c,OLS,theta_N,57,19,30,15,True,0.7595437479801741,0.19167873441486802,0.19167873441486802,0.14294494797241178,0.44548307986966895,0.15002440253509214,0.13895729527570766,0.7183717094619178,,0.31406066811050515,0.24340924095624814,0.24340924095624814,0.20722108847037474,0.19696116883357095,0.21329074187509853,0.14698917811434895,0.2834283428342834,0.27542754275427545,0.2565256525652565,9999,6.524928530269833,0.2123018659247129,0.3758929175523604,BigScience,Microsoft,0,0.6815458746774947,0.5802190477170492,0.1495149514951495,0.2179041046594273,0.14294494797182009,0.6139900152653898,4,0.2834283428342834,0.14698917811434895
"legacy support, strict surface (extrapolated)",strict,tobit,y_arc_c,OLS,theta_D,57,19,30,15,True,0.2617110540887335,0.11559836336988737,0.11559836336988737,0.21194286836686124,0.18611019351441846,0.11560285987433576,-0.03588827900422692,0.39582534501616656,,0.07560086057431506,0.16348395280553327,0.16348395280553327,0.24142038162238494,0.6437687083064993,0.6493097001995658,0.7577659335841916,0.6715671567156716,0.5792579257925793,0.6637663766376638,9999,4.721164695557242,-0.023003652837005333,0.24991936602434334,01.AI,Cerebras,0,0.45775506785549314,0.6759770685426778,0.705970597059706,0.15017613214745676,0.21194286836612214,0.7153215191169886,4,0.7577659335841916,0.6715671567156716
"legacy support, strict surface (extrapolated)",strict,tobit,y_arc_c,OLS,theta_C,57,19,30,15,True,0.4494472447415754,0.050486783162164206,0.050486783162164206,0.13951909513633345,0.2839215229833252,0.09202401600649836,0.09019986007659085,0.44897930863526236,,0.1655257217582502,0.1049634926821114,0.1049634926821114,0.16713466854493575,0.11479926538930227,0.1322115246985716,0.33511902608164484,0.16821682168216823,0.0705070507050705,0.1769176917691769,9999,3.9808955713856102,0.10676534144825688,0.2898050621666921,01.AI,Cerebras,0,0.2938977795099119,0.46797707192582005,0.2544254425442544,0.05483550591614933,0.13951909513633348,0.49521512722848104,4,0.33511902608164484,0.16821682168216823
"legacy support, strict surface (extrapolated)",strict,tobit,y_arc_c,Year FE,theta_N,57,19,30,15,True,0.787248363237686,0.20685274103873005,0.20685274103873005,0.1644634333168999,0.421962188177487,0.15161489663558844,0.11124594512625881,0.6971839834287022,,0.365286175060199,0.2564666320538719,0.2564666320538719,0.22368571206092389,0.1543588001824071,0.17146525537679813,0.11983163311858343,0.23632363236323634,0.2076207620762076,0.2085208520852085,9999,6.729198028071443,0.2931258952873459,0.4673770304816397,BigScience,Cerebras,0,0.7181065697508412,0.6263199937705869,0.12401240124012401,0.25984060242253293,0.16446343331692595,0.66277421268623,4,0.23632363236323634,0.11983163311858343
"legacy support, strict surface (extrapolated)",strict,tobit,y_arc_c,Year FE,theta_D,57,19,30,15,True,0.18045681269614522,0.1695562947302065,0.1695562947302065,0.1561309727218751,0.2543347962038432,0.08916077867227563,0.08352275323295207,0.4059485298171703,,-0.07387798350769798,0.19156978241905265,0.19156978241905265,0.17979578720461006,0.6997593894406735,0.7042791571167731,0.6859966642114561,0.7087708770877088,0.7033703370337033,0.7254725472547254,9999,3.6196667984150275,-0.1780093635913648,-0.0011648209839306319,Cerebras,Stability AI,0,0.5363953907733474,0.5034282041729081,0.5198519851985198,0.5110166709942782,0.15613097272197346,0.5327296509505284,4,0.7087708770877088,0.5198519851985198
"legacy support, strict surface (extrapolated)",strict,tobit,y_arc_c,Year FE,theta_C,57,19,30,15,True,0.419137780622301,0.05285348051496991,0.05285348051496991,0.09509229312359187,0.32027089589306473,0.07532767476042192,0.1578937537236465,0.4555749363754437,,0.09886688472923627,0.09202037267561032,0.09202037267561032,0.12131283030378535,0.28264248668789993,0.2968345981001445,0.42573907634973535,0.37783778377837784,0.24622462246224622,0.386038603860386,9999,3.008072470432158,0.06234684865446899,0.1798857072062325,01.AI,Cerebras,0,0.25765704349170887,0.339675924850599,0.32913291329132915,0.06523562886504669,0.09509229312357328,0.35944636272267,4,0.42573907634973535,0.32913291329132915
"legacy support, strict surface (extrapolated)",strict,tobit,y_arc_c,Developer FE,theta_N,57,19,30,15,True,0.9783621084438516,0.1835005708824793,0.1498275887238302,0.13593618572337518,0.5293841052705096,0.13253416127455434,0.27453484718869536,0.7715686739922182,,0.448978003173342,0.22635760075364245,0.20003402272500245,0.18985244400262413,0.04731273990710515,0.0376075838280985,0.02947194930661916,0.11621162116211621,0.08370837083708371,0.0781078107810781,9999,4.829740716448645,0.37293447257254886,0.5413484412813769,Stability AI,Cerebras,0,0.5600952636300068,0.5315868432073475,0.0555055505550555,0.166347342002232,0.13593618572323488,0.5625272304657726,4,0.11621162116211621,0.02947194930661916
"legacy support, strict surface (extrapolated)",strict,tobit,y_arc_c,Developer FE,theta_D,57,19,30,15,True,0.17148473657112925,0.15075993947711017,0.12309497512393136,0.19209258533313275,0.23995385427900767,0.10123983373369688,0.04134020269312139,0.41368124139790896,,-0.06846911770787842,0.18159863238903676,0.15937966255199523,0.21713835514342802,0.7061472782825307,0.6725868820104554,0.7561414656715055,0.6605660566056606,0.5788578857885789,0.6957695769576958,9999,3.8545844690367983,-0.18088582915253196,0.06096086835928835,Meta,Cerebras,0,0.4462630551455866,0.6079873944015984,0.7083708370837084,0.15087968513613323,0.1920925853344647,0.6433745859233585,4,0.7561414656715055,0.6605660566056606
"legacy support, strict surface (extrapolated)",strict,tobit,y_arc_c,Developer FE,theta_C,57,19,30,15,True,0.5693916572593714,0.0720274215924149,0.05907685750033281,0.15284280681896203,0.38268471270285387,0.06622767394904151,0.23838466792135685,0.4970550419506176,,0.18670694455651748,0.09784709631845,0.08874784441785154,0.1665743929690248,0.05637182168273572,0.04971961647170238,0.2770785453633625,0.10291029102910292,0.05680568056805681,0.0462046204620462,9999,3.295205717732477,0.14900582899905418,0.33230149787720925,Meta,Cerebras,0,0.24849396436998428,0.4664083003132694,0.19761976197619763,0.07532414479172492,0.15284280681931398,0.49355504710851983,4,0.2770785453633625,0.10291029102910292
"legacy support, strict surface (extrapolated)",strict,tobit,y_arc_c,Family FE,theta_N,57,19,30,15,True,1.138551382791738,0.18205625007721446,0.12387358810380723,0.13487016320862993,0.5322075688082553,0.14224290609330298,0.2520025267388598,0.7897461187348124,,0.6063438139834827,0.2310357602754289,0.18862054544396772,0.19601786974097715,0.008678681393842874,0.004805460743706889,0.006270409229682007,0.0356035603560356,0.008100810081008101,0.016401640164016403,9999,4.2515729429440645,0.522603318786912,0.680457249448559,Stability AI,Meta,0,0.5281375272431096,0.548850035274736,0.029602960296029605,0.1384604272769331,0.13487016320926898,0.5807952063322839,4,0.0356035603560356,0.006270409229682007
"legacy support, strict surface (extrapolated)",strict,tobit,y_arc_c,Family FE,theta_D,57,19,30,15,True,-0.3258963142862866,0.2267721358610505,0.15429889465018792,0.24195316409813075,0.2980407687299934,0.10185615615908583,0.12260439701235573,0.5160334870017983,,-0.62393708301628,0.24859661733516572,0.18488597955976507,0.26251859013144396,0.012078677126801489,0.0033752719435996862,0.028766174611245882,0.024902490249024904,0.0251025102510251,0.0241024102410241,9999,4.108629104643811,-0.7782886280386513,-0.4871943833481038,Microsoft,Cerebras,0,0.5176807427673422,0.735052052368043,0.0336033603360336,0.20845485611572068,0.24195316409908818,0.7778348929254729,4,0.0336033603360336,0.024902490249024904
"legacy support, strict surface (extrapolated)",strict,tobit,y_arc_c,Family FE,theta_C,57,19,30,15,True,0.598189744604032,0.1908922978650854,0.13124831455122316,0.21141860325383788,0.445803147549632,0.05525858946594838,0.3362016865108343,0.5502479791720595,,0.15238659705439994,0.19872941678065356,0.14240657211766258,0.21852079423151,0.4431978024015695,0.29872275238999674,0.4944901183498587,0.27522752275227524,0.24552455245524551,0.2646264626462646,9999,3.3526130053799417,0.11072302720220972,0.35902058763756073,Meta,Cerebras,0,0.3987384019294552,0.611858223848228,0.39973997399739974,0.18564068000625758,0.21141860325382178,0.6474707124472585,4,0.4944901183498587,0.27522752275227524
"legacy support, strict surface (extrapolated)",strict,tobit,y_arc_c,Lab x period FE,theta_N,57,19,30,15,True,1.0314519093049956,0.2164159951110439,0.1613069588288521,0.13449124264039422,0.5173583950462552,0.13258227500873687,0.2642779011350472,0.7611124595912077,,0.5140935142587404,0.2537990200658697,0.20880132809229285,0.18885431949905124,0.042806511157208696,0.024131256526370874,0.01397712525026581,0.09340934093409341,0.07540754075407541,0.0575057505750575,9999,4.801860485455022,0.44055381122316495,0.6135336226430874,Stability AI,Cerebras,0,0.5846437186584199,0.5287920945973434,0.0462046204620462,0.18122658127439803,0.13449124264051962,0.5595698167985189,4,0.09340934093409341,0.01397712525026581
"legacy support, strict surface (extrapolated)",strict,tobit,y_arc_c,Lab x period FE,theta_D,57,19,30,15,True,0.0656918627025247,0.2580579805436769,0.1923450622106599,0.18001308229463908,0.37686824189715185,0.07140013027991267,0.24447452983302137,0.5161249920766343,,-0.31117637919462715,0.2677534312128777,0.20516968967372134,0.19365610860802973,0.24516433392151682,0.14671394712719332,0.12548686574599888,0.1326132613261326,0.10811081108110811,0.201020102010201,9999,2.503262448322359,-0.4812106247409829,-0.24794680551329673,Cerebras,Stability AI,0,0.5744751310864197,0.5422371041024832,0.1397139713971397,0.5387349022933426,0.18001308228865487,0.573797377275523,4,0.1397139713971397,0.12548686574599888
"legacy support, strict surface (extrapolated)",strict,tobit,y_arc_c,Lab x period FE,theta_C,57,19,30,15,True,0.5860219206599375,0.1293156878565673,0.09708468289453956,0.20906760160029625,0.452561215323295,0.04201544789417301,0.36365511911069676,0.5299957522149288,,0.1334607053366425,0.1359700150311278,0.10578626335437541,0.21324764922654638,0.3263239933195765,0.22319499869149823,0.5392698190763777,0.16621662166216622,0.1255125512551255,0.1692169216921692,9999,2.529511502142811,0.1023467145552879,0.34208533170176475,BigScience,Cerebras,0,0.29620153739225114,0.5970934178343298,0.3576357635763576,0.16093983273845155,0.2090676016002804,0.6318465382572986,4,0.5392698190763777,0.16621662166216622
"legacy support, strict surface (extrapolated)",strict,tobit,y_arc_c,Notability-propensity control,theta_N,57,19,30,15,True,0.789390329757924,0.22532528118017162,0.22532528118017162,0.1982492521606541,0.6824937479957656,0.11031062274022377,0.46721929696001796,0.8973076189116446,,0.10689658176215844,0.25087828887382696,0.25087828887382696,0.22687265033845438,0.6700426974883024,0.6750944170246134,0.6431763740449298,0.6842684268426843,0.6315631563156315,0.6811681168116812,9999,6.224798769805909,-0.014913221371231009,0.19670945365650688,BigScience,01.AI,0,0.7024592088467154,0.6352434209476723,0.6232623262326232,0.25657000979862316,0.19824925216064226,0.6722170174514919,4,0.6842684268426843,0.6232623262326232
"legacy support, strict surface (extrapolated)",strict,tobit,y_arc_c,Notability-propensity control,theta_D,57,19,30,15,True,0.2535373142096085,0.12426003521173962,0.12426003521173962,0.18566480469831623,0.21065177580045408,0.10784240551877677,0.0018474606539900919,0.4039225951939445,,0.04288553840915443,0.1645312759900046,0.1645312759900046,0.21471237535768684,0.7943602651805737,0.7973188412653361,0.8439270706920285,0.8105810581058106,0.7522752275227522,0.8117811781178118,9999,4.568589015341297,-0.03861662547188891,0.19277210600243447,01.AI,Cerebras,0,0.4606875727720129,0.6011946510015231,0.8102810281028103,0.16720781744494143,0.18566480469815316,0.6361864788794478,4,0.8439270706920285,0.8102810281028103
"legacy support, strict surface (extrapolated)",strict,tobit,y_arc_c,Notability-propensity control,theta_C,57,19,30,15,True,0.423993487255324,0.05852831964038516,0.05852831964038516,0.12896758245166093,0.36074587722168583,0.06301073616963286,0.23216405052948574,0.47328845153147125,,0.06324761003363816,0.08599951786240533,0.08599951786240533,0.1435374174076747,0.4620706863606261,0.4715456643065073,0.6647235251482052,0.47594759475947596,0.3207320732073207,0.47894789478947897,9999,3.5742476661748257,0.036750993854909104,0.18047516587675916,01.AI,Cerebras,0,0.24079865001473488,0.4019047687414891,0.5843584358435844,0.05848541666748066,0.12896758245168163,0.4252971633140145,4,0.6647235251482052,0.47594759475947596
"legacy support, strict surface (extrapolated)",strict,ols,y_winogrande,OLS,theta_N,57,19,30,15,True,0.5116470631381156,0.1274332873446689,0.1274332873446689,0.12200863034623975,0.6832721518711132,0.07533582616882893,0.5416421287049258,0.8268572364551933,0.1183903815097598,-0.17162508873299764,0.14803624362975765,0.14803624362975765,0.14339313994576375,0.24631555879496525,0.2614643822398057,0.2468778731375482,0.26302630263026305,0.20942094209420942,0.2755275527552755,9999,6.524928530269833,-0.235275304352059,-0.11887884652175029,BigScience,Microsoft,0,0.4145014821633214,0.40150079184813847,0.20362036203620362,0.14715874687421115,0.12200863034418633,0.42486967342051446,1,0.26302630263026305,0.20362036203620362
"legacy support, strict surface (extrapolated)",strict,ols,y_winogrande,OLS,theta_D,57,19,30,15,True,0.25382794321296254,0.10253593688753662,0.10253593688753662,0.30858951506778676,0.7262133541965734,0.11955867363003482,0.4918651818777303,0.956129653170685,0.10354966155996612,-0.47238541098361087,0.15750522148036258,0.15750522148036258,0.33094072769900196,0.002707135250835779,0.007699245184914801,0.17058295936315976,0.025402540254025403,0.015201520152015202,0.029402940294029404,9999,4.721164695557242,-0.7751204500861795,-0.4167993883531481,Cerebras,BigCode,0,0.4410146201450152,0.9266340375572054,0.13791379137913792,0.15423848286490785,0.308589515065558,0.9805676823326742,1,0.17058295936315976,0.025402540254025403
"legacy support, strict surface (extrapolated)",strict,ols,y_winogrande,OLS,theta_C,57,19,30,15,True,0.351053336493791,0.043654262627330076,0.043654262627330076,0.12360999681712515,0.7100199264671087,0.07121316424737394,0.5720006718737198,0.8471163389149587,0.06900624319184231,-0.35896658997331765,0.08352849458513761,0.08352849458513761,0.1426560411453127,1.727083604485238e-05,0.00043346004253228476,0.021563761997774735,0.006800680068006801,0.00040004000400040005,0.0033003300330033004,9999,3.9808955713856102,-0.47797429065933267,-0.32664740891600597,Cerebras,BigCode,0,0.2338797848383853,0.3994369152068755,0.0538053805380538,0.04696978608077198,0.12360999681710123,0.42268567126570605,1,0.0538053805380538,0.006800680068006801
"legacy support, strict surface (extrapolated)",strict,ols,y_winogrande,Year FE,theta_N,57,19,30,15,True,0.5416669348215266,0.1363533414921276,0.1363533414921276,0.1602724109400606,0.6789023969146623,0.07518970024682257,0.5374805838093215,0.8214953497279882,0.11780804626455389,-0.13723546209313564,0.15571038744822324,0.15571038744822324,0.17703315150487123,0.3781280216961581,0.3897453384014734,0.4482885788540373,0.40484048404840484,0.35353535353535354,0.4071407140714071,9999,6.729198028071443,-0.22096036013355158,-0.04707051599031703,BigScience,Cerebras,0,0.4359890848550251,0.4956928242136394,0.4073407340734073,0.18239222519405893,0.16027241093951206,0.52454404229469,1,0.4482885788540373,0.40484048404840484
"legacy support, strict surface (extrapolated)",strict,ols,y_winogrande,Year FE,theta_D,57,19,30,15,True,0.2071017057842907,0.13264159496530967,0.13264159496530967,0.5776364302380712,0.681966975481445,0.1089410799045262,0.4687960084144994,0.8918102724797355,0.09449498149162805,-0.4748652696971543,0.17164484147711992,0.17164484147711992,0.587819704015565,0.005665164783565821,0.012714809763772419,0.42972902696017246,0.040104010401040106,0.036403640364036406,0.0388038803880388,9999,3.6196667984150275,-1.0600200166199774,-0.42729408788052614,Cerebras,BigScience,0,0.48060555613593575,1.645895171243582,0.31883188318831884,0.385052638377219,0.5776364302378628,1.7416925647189223,1,0.42972902696017246,0.040104010401040106
"legacy support, strict surface (extrapolated)",strict,ols,y_winogrande,Year FE,theta_C,57,19,30,15,True,0.33870266929427884,0.04474686954735484,0.04474686954735484,0.15754449634934228,0.6807615259687786,0.063476734068634,0.5581972107306044,0.8025850654799708,0.06331756164411328,-0.34205885667449976,0.0776632352037183,0.0776632352037183,0.16985159433454844,1.0608396611577848e-05,0.0003421289700333678,0.05921884774878863,0.0111011101110111,0.0016001600160016002,0.0067006700670067,9999,3.008072470432158,-0.4982950769912715,-0.3177972176495007,Cerebras,BigCode,0,0.21745705857041123,0.4755844641367356,0.1404140414041404,0.059187706001643615,0.15754449634943402,0.5032652987595398,1,0.1404140414041404,0.0111011101110111
"legacy support, strict surface (extrapolated)",strict,ols,y_winogrande,Developer FE,theta_N,57,19,30,15,True,0.6310976135746856,0.13169372232235732,0.10752747400585011,0.0734339694942628,0.6307329174791764,0.0752389046435363,0.48803708317246197,0.7745757481747015,0.11328958097976395,0.00036469609550926485,0.15167112207364097,0.13123662003434072,0.10513534442633204,0.998081473258621,0.9978133122495547,0.9972704394188968,0.9964996499649965,0.9972997299729973,0.9975997599759976,9999,4.829740716448645,-0.03413914960833431,0.03678598174973513,BigScience,TII,0,0.367462536096154,0.2943789643937297,0.9974997499749975,0.11519297460945098,0.07343396949430034,0.31151294593496104,1,0.9974997499749975,0.9964996499649965
"legacy support, strict surface (extrapolated)",strict,ols,y_winogrande,Developer FE,theta_D,57,19,30,15,True,0.17337045044509725,0.15323528646944837,0.12511608747978523,0.3795847546222396,0.6810816253686669,0.11323484978803061,0.45876311236976886,0.8983920310255291,0.10068776469957076,-0.5077111749235697,0.19053394507512766,0.1687488268189356,0.39611452529305674,0.007706259661577173,0.007541672541270977,0.21620272786555472,0.025502550255025503,0.0175017501750175,0.013701370137013702,9999,3.8545844690367983,-0.8626493528915082,-0.35759820314990215,Cerebras,Meta,0,0.47249671509301966,1.1091206708205588,0.08020802080208021,0.17460780143982227,0.3795847546229048,1.173675735548011,1,0.21620272786555472,0.025502550255025503
"legacy support, strict surface (extrapolated)",strict,ols,y_winogrande,Developer FE,theta_C,57,19,30,15,True,0.3990959601032269,0.04993620420786453,0.04095765133436625,0.14239710226870828,0.656252450570279,0.051019521030542574,0.558223365746352,0.7541724383456303,0.058191902181789726,-0.25715649046705213,0.07139058773308651,0.06542568860175252,0.15126111946138354,0.0003156491535939011,0.0009804368824440652,0.10632912910987383,0.08050805080508051,0.06940694069406941,0.037803780378037805,9999,3.295205717732477,-0.3667220659911946,-0.16763366386127088,Cerebras,Meta,0,0.18319192808490703,0.4235311344918739,0.10891089108910891,0.0448888952042227,0.14239710226901245,0.4481822662582546,1,0.10891089108910891,0.08050805080508051
"legacy support, strict surface (extrapolated)",strict,ols,y_winogrande,Family FE,theta_N,57,19,30,15,True,0.7754231413945866,0.09333230963505804,0.06350459308926062,0.09260584786062517,0.6719332583074581,0.07732421596638403,0.5261844814757344,0.8203164194683181,0.11982100120896448,0.10348988308712848,0.12120212207973236,0.1000593209963398,0.12064359673352437,0.3931814716679788,0.3146995809776383,0.40227259948824545,0.31113111311131114,0.09480948094809481,0.3126312631263126,9999,4.2515729429440645,0.05716892784537031,0.15668778435325437,Cerebras,Meta,0,0.2801660987897514,0.3378020708538682,0.34983498349834985,0.07627712148236879,0.09260584785938411,0.35746344325702206,1,0.40227259948824545,0.31113111311131114
"legacy support, strict surface (extrapolated)",strict,ols,y_winogrande,Family FE,theta_D,57,19,30,15,True,-0.22781416979955,0.12722470297820332,0.08656544582604042,0.5002102866684496,0.4097564428236694,0.08458171754329492,0.24472351082869173,0.5727829195815468,0.10158514837394404,-0.6375706126232195,0.15277497174100796,0.12102744876115856,0.5073109478727088,3.00263882887021e-05,5.217290729547917e-05,0.22490365053467726,0.0063006300630063005,0.004100410041004101,0.006900690069006901,9999,4.108629104643811,-1.1258108632812998,-0.5135555638423703,Cerebras,Microsoft,0,0.33887685653124394,1.4204706540435845,0.05900590059005901,0.1377335453834794,0.500210286670668,1.503147478511556,1,0.22490365053467726,0.0063006300630063005
"legacy support, strict surface (extrapolated)",strict,ols,y_winogrande,Family FE,theta_C,57,19,30,15,True,0.40524197476818147,0.11979574912961305,0.08236576509113644,0.0892594850801449,0.5751935155207843,0.0364846341253156,0.5072509406781525,0.6415972623761967,0.0546115104510223,-0.16995154075260288,0.12522839149643075,0.09008467009600697,0.09642812973417433,0.1747390609097771,0.07545607257260778,0.09496192875187587,0.3000300030003,0.29692969296929694,0.29372937293729373,9999,3.3526130053799417,-0.2211159943265142,-0.12330488434764547,Cerebras,TII,0,0.2522370762688195,0.2699987632556881,0.12811281128112811,0.11744541497017202,0.0892594850794403,0.2857137238518223,1,0.3000300030003,0.09496192875187587
"legacy support, strict surface (extrapolated)",strict,ols,y_winogrande,Lab x period FE,theta_N,57,19,30,15,True,0.6770534743871375,0.145804352995418,0.10867614823770992,0.06947492887891375,0.6303157285178963,0.0746439857190774,0.4894249562706539,0.773003283131215,0.11252093987709909,0.046737745869241176,0.16380059205156214,0.1318416846062524,0.10197298831926009,0.775388885365206,0.7270841331301823,0.6521973513144488,0.7303730373037304,0.6934693469346934,0.7424742474247424,9999,4.801860485455022,0.021779568599554988,0.09289635114778494,Stability AI,TII,0,0.3691567168975067,0.2855243672939282,0.6385638563856386,0.11277694962601369,0.06947492887775782,0.30214297742071256,1,0.7303730373037304,0.6385638563856386
"legacy support, strict surface (extrapolated)",strict,ols,y_winogrande,Lab x period FE,theta_D,57,19,30,15,True,0.13014676506394598,0.22079633551219763,0.16457187179604157,0.7371342776643115,0.5417286736020985,0.08777408316256494,0.369819524321078,0.7122552680356308,0.08553889808541142,-0.4115819085381526,0.2376032648147828,0.18651592602638953,0.7423417225124257,0.08323381425403571,0.04056428867082187,0.5861031889615876,0.0501050105010501,0.0336033603360336,0.05310531053105311,9999,2.503262448322359,-1.161964271128759,-0.3259004436825078,Cerebras,Microsoft,0,0.5222445928738907,2.0785568230347917,0.26652665266526654,0.4811368985010049,0.7371342776630815,2.199536779301793,1,0.5861031889615876,0.0501050105010501
"legacy support, strict surface (extrapolated)",strict,ols,y_winogrande,Lab x period FE,theta_C,57,19,30,15,True,0.42480795006871397,0.07174646736429478,0.05386417648407728,0.09257417948471187,0.5894574107709603,0.03732452581212661,0.5175531393447121,0.6605528404113942,0.049303398854218486,-0.1646494607022463,0.08087444470508544,0.0655322038039919,0.09981532414598349,0.041763901626200875,0.02173557635014386,0.1163785257436354,0.21902190219021903,0.20932093209320932,0.19851985198519853,9999,2.529511502142811,-0.2409793097011229,-0.12837006941415874,Cerebras,TII,0,0.18349017065117731,0.2794829076087537,0.13711371137113712,0.07744296564299781,0.09257417948454531,0.2957498816770953,1,0.21902190219021903,0.1163785257436354
"legacy support, strict surface (extrapolated)",strict,ols,y_winogrande,Notability-propensity control,theta_N,57,19,30,15,True,0.5267407697965486,0.16208613052165693,0.16208613052165693,0.12407114359430033,0.5812998274598362,0.07226106496658204,0.4430222812044992,0.7204251987408167,0.10319095783891497,-0.05455905766328761,0.17746429279601064,0.17746429279601064,0.14358032658725248,0.758510906756787,0.7620395944141841,0.7083994400099276,0.7648764876487649,0.7366736673667367,0.7634763476347635,9999,6.224798769805909,-0.10494490806808818,0.011513966857819247,BigScience,TII,0,0.49690001982882975,0.40202491444430694,0.678067806780678,0.18060826719198345,0.1240711435936161,0.42542430195621767,1,0.7648764876487649,0.678067806780678
"legacy support, strict surface (extrapolated)",strict,ols,y_winogrande,Notability-propensity control,theta_D,57,19,30,15,True,0.24748287287658038,0.10769680614497869,0.10769680614497869,0.331878170291971,0.710925016925521,0.11645633368478162,0.48239569916450725,0.9356330647340327,0.10118792417189594,-0.46344214404894063,0.15862118304038184,0.15862118304038184,0.3517174968232995,0.003481363115724902,0.009108185968713406,0.2041450414589753,0.030303030303030304,0.015501550155015502,0.031103110311031103,9999,4.568589015341297,-0.7900943016125308,-0.4070098342054278,Cerebras,BigCode,0,0.4441393125130691,0.9848089911052386,0.16161616161616163,0.17037912180265738,0.33187817029029426,1.0421286406596386,1,0.2041450414589753,0.030303030303030304
"legacy support, strict surface (extrapolated)",strict,ols,y_winogrande,Notability-propensity control,theta_C,57,19,30,15,True,0.33631550238511176,0.05467589580333986,0.05467589580333986,0.1892709986188063,0.6696909227072609,0.0686002778038198,0.5361645684551418,0.8020457356696072,0.06276950211192786,-0.3333754203221492,0.08772372368213133,0.08772372368213133,0.201319420406779,0.00014452797919568334,0.0013105486651923516,0.11506036476443392,0.010401040104010401,0.0025002500250025004,0.013001300130013,9999,3.5742476661748257,-0.5186297472289682,-0.2815440123866303,Cerebras,BigCode,0,0.2456264263099677,0.5636943771389812,0.1544154415441544,0.06332498780158782,0.1892709986185276,0.5965035456632554,1,0.1544154415441544,0.010401040104010401
"legacy support, strict surface (extrapolated)",strict,tobit,y_winogrande,OLS,theta_N,57,19,30,15,True,0.5116470631381156,0.1274332873446689,0.1274332873446689,0.11370020533505501,0.6477194188109016,0.14468637238781473,0.3598883399705237,0.9256394152885284,,-0.13607235567278597,0.19280401727716762,0.19280401727716762,0.18401598584899917,0.48034065150396577,0.48937479102264625,0.46916272878054904,0.48694869486948694,0.32733273327332735,0.49844984498449846,9999,6.524928530269833,-0.19527486724595636,-0.08361198675391035,BigScience,Microsoft,0,0.5398512483760692,0.5152447603771977,0.44114411441144114,0.14715874687421115,0.11370020533357002,0.5452339759167679,1,0.48694869486948694,0.44114411441144114
"legacy support, strict surface (extrapolated)",strict,tobit,y_winogrande,OLS,theta_D,57,19,30,15,True,0.25382794321296254,0.10253593688753662,0.10253593688753662,0.3012496496469892,0.672401853792297,0.10509275150896386,0.45609082905643383,0.859791976284699,,-0.41857391057933446,0.14682678493084877,0.14682678493084877,0.31905460007992137,0.004360928540250741,0.010613443211697717,0.2060335369785753,0.0315031503150315,0.0203020302030203,0.0335033503350335,9999,4.721164695557242,-0.7140613458069032,-0.3632746687885172,Cerebras,BigCode,0,0.41111499780637656,0.8933528802237798,0.15041504150415042,0.15423848286490785,0.30124964964576545,0.9453494343630473,1,0.2060335369785753,0.0315031503150315
"legacy support, strict surface (extrapolated)",strict,tobit,y_winogrande,OLS,theta_C,57,19,30,15,True,0.351053336493791,0.043654262627330076,0.043654262627330076,0.12714757100681331,0.6630939349281725,0.06981359769315909,0.5158118472502677,0.7846875062952972,,-0.3120405984343815,0.08233852724210079,0.08233852724210079,0.14505324276207995,0.00015081250694810516,0.001341755189937163,0.04528811541082002,0.0107010701070107,0.0009000900090009,0.008500850085008501,9999,3.9808955713856102,-0.4346828727088964,-0.279946347146929,Cerebras,BigCode,0,0.2305478762778822,0.40614907973382386,0.0816081608160816,0.04696978608077198,0.12714757100681343,0.4297885094379106,1,0.0816081608160816,0.0107010701070107
"legacy support, strict surface (extrapolated)",strict,tobit,y_winogrande,Year FE,theta_N,57,19,30,15,True,0.5416669348215266,0.1363533414921276,0.1363533414921276,0.14875533633895852,0.6413334601246052,0.14537244307360392,0.35224657427907924,0.9206286665940009,,-0.09966652530307862,0.19931226992149023,0.19931226992149023,0.20799350301032213,0.6170383709150985,0.6230964746785609,0.637579773629324,0.6169616961696169,0.5074507450745075,0.6137613761376137,9999,6.729198028071443,-0.17949854484451894,-0.02357683647948737,BigScience,Cerebras,0,0.5580743557801726,0.582381808428902,0.6075607560756076,0.18239222519405893,0.1487553363384981,0.6162786569218653,1,0.637579773629324,0.6075607560756076
"legacy support, strict surface (extrapolated)",strict,tobit,y_winogrande,Year FE,theta_D,57,19,30,15,True,0.2071017057842907,0.13264159496530967,0.13264159496530967,0.566296533023482,0.6294598446963402,0.09066595508108159,0.43729993155436847,0.7899364125354748,,-0.4223581389120495,0.16066769471709602,0.16066769471709602,0.5735085690076307,0.008569473216035092,0.017035576063385002,0.47094917002177944,0.0408040804080408,0.0368036803680368,0.043304330433043305,9999,3.6196667984150275,-0.9960380207962113,-0.37463740380015775,Cerebras,Stability AI,0,0.4498695452078688,1.6058239932213658,0.32263226322632266,0.385052638377219,0.5662965330232044,1.6992890908888787,1,0.47094917002177944,0.0408040804080408
"legacy support, strict surface (extrapolated)",strict,tobit,y_winogrande,Year FE,theta_C,57,19,30,15,True,0.33870266929427884,0.04474686954735484,0.04474686954735484,0.1623856486069359,0.6341303217660242,0.06036126411344984,0.5051208968037596,0.7359907997864528,,-0.2954276524717454,0.07513830274674588,0.07513830274674588,0.17324139539633393,8.431745485197927e-05,0.00097766103904665,0.10533658546979383,0.016401640164016403,0.002000200020002,0.015401540154015401,9999,3.008072470432158,-0.4567656289213218,-0.27113894618591394,Cerebras,BigCode,0,0.21038724769088846,0.48507590710973497,0.16081608160816083,0.059187706001643615,0.1623856486069354,0.5133091800123394,1,0.16081608160816083,0.016401640164016403
"legacy support, strict surface (extrapolated)",strict,tobit,y_winogrande,Developer FE,theta_N,57,19,30,15,True,0.6310976135746856,0.13169372232235732,0.10752747400585011,0.07634101520189929,0.5977513797674365,0.13843778705926885,0.3224926142007055,0.8556340709221015,,0.033346233807249104,0.19107134108752577,0.17529169561603947,0.15809165533931285,0.8614549085410803,0.8512556477499863,0.8353116234045939,0.8535853585358536,0.7594759475947594,0.8504850485048505,9999,4.829740716448645,0.0034760128411845254,0.0768692225179804,BigScience,Meta,0,0.49081674772491046,0.44265663495007596,0.8283828382838284,0.11519297460945098,0.07634101520222224,0.4684209439860776,1,0.8535853585358536,0.8283828382838284
"legacy support, strict surface (extrapolated)",strict,tobit,y_winogrande,Developer FE,theta_D,57,19,30,15,True,0.17337045044509725,0.15323528646944837,0.12511608747978523,0.38449258801372266,0.6212924256464445,0.09715934147003381,0.4240561159819324,0.7958942327569113,,-0.44792197520134724,0.18144142485734768,0.15841077293271408,0.3965784763100248,0.013561000960989486,0.01115626384213101,0.2735289407661242,0.027002700270027002,0.0134013401340134,0.0157015701570157,9999,3.8545844690367983,-0.8082088403949853,-0.2978625141295365,Cerebras,Meta,0,0.4435501642115994,1.1104197336680695,0.1323132313231323,0.17460780143982227,0.3844925880146188,1.1750504088213412,1,0.2735289407661242,0.027002700270027002
"legacy support, strict surface (extrapolated)",strict,tobit,y_winogrande,Developer FE,theta_C,57,19,30,15,True,0.3990959601032269,0.04993620420786453,0.04095765133436625,0.15460880917089245,0.6096832947031835,0.05622808614449029,0.48121231848678203,0.7043451541510009,,-0.2105873345999566,0.0752012111748326,0.0695638330909082,0.16451590058323742,0.005105222506426328,0.007242807930405531,0.21678192079613742,0.11631163116311631,0.09000900090009001,0.0611061106110611,9999,3.295205717732477,-0.33160496071503964,-0.11456823079007025,Cerebras,Meta,0,0.19477873265454296,0.46064452163306474,0.1269126912691269,0.0448888952042227,0.1546088091709596,0.4874557944663161,1,0.21678192079613742,0.11631163116311631
"legacy support, strict surface (extrapolated)",strict,tobit,y_winogrande,Family FE,theta_N,57,19,30,15,True,0.7754231413945866,0.09333230963505804,0.06350459308926062,0.10223439863367255,0.6456342172578419,0.14368825056521883,0.3587211109681333,0.9138452287531305,,0.1297889241367447,0.17133952659064824,0.15709597924175425,0.17634677659226375,0.44875304766715873,0.4195209715016969,0.4712217278437531,0.40574057405740577,0.0481048104810481,0.41034103410341033,9999,4.2515729429440645,0.0792963870938197,0.19199158856963702,Cerebras,Meta,0,0.4398687418769119,0.49377097445833845,0.4223422342234223,0.07627712148236879,0.10223439863232878,0.5225103335337696,1,0.4712217278437531,0.40574057405740577
"legacy support, strict surface (extrapolated)",strict,tobit,y_winogrande,Family FE,theta_D,57,19,30,15,True,-0.22781416979955,0.12722470297820332,0.08656544582604042,0.5478245292838422,0.31496900087134316,0.0910005105253684,0.134923892840107,0.49836381013364256,,-0.5427831706708932,0.1564200049986246,0.12559725047523462,0.5553312595207845,0.0005203870974744903,0.00041092880244384056,0.34132336020072135,0.009400940094009401,0.0053005300530053,0.0106010601060106,9999,4.108629104643811,-1.0749934589366954,-0.39474544859863114,Cerebras,Microsoft,0,0.3516723013306569,1.5549275266581966,0.08760876087608761,0.1377335453834794,0.5478245292850209,1.6454302553249107,1,0.34132336020072135,0.009400940094009401
"legacy support, strict surface (extrapolated)",strict,tobit,y_winogrande,Family FE,theta_C,57,19,30,15,True,0.40524197476818147,0.11979574912961305,0.08236576509113644,0.10254300385180194,0.5236231694031255,0.06075861469064473,0.4017201164719312,0.6347024996349196,,-0.11838119463494401,0.13432286018638606,0.10235100643459497,0.11919176522762341,0.37814556452887127,0.2625480221745594,0.33377755619908395,0.44154415441544154,0.43414341434143416,0.44474447444744475,9999,3.3526130053799417,-0.192239494060091,-0.07021148772664293,Cerebras,TII,0,0.28658281801686586,0.33373694263734555,0.2296229622962296,0.11744541497017202,0.10254300385173926,0.35316170903175115,1,0.44154415441544154,0.2296229622962296
"legacy support, strict surface (extrapolated)",strict,tobit,y_winogrande,Lab x period FE,theta_N,57,19,30,15,True,0.6770534743871375,0.145804352995418,0.10867614823770992,0.06716660224776641,0.5959195183276035,0.1380588541068133,0.32177980310567494,0.8517852634096926,,0.081133956059534,0.20079630611567237,0.1757007467060714,0.15353045188103895,0.6861678636403055,0.6497757083728666,0.6036388597543448,0.6387638763876388,0.48324832483248326,0.6458645864586459,9999,4.801860485455022,0.05580094914736085,0.12823742016561282,Stability AI,TII,0,0.49196209077699987,0.429885265266909,0.5754575457545754,0.11277694962601369,0.06716660224675736,0.4549062317449317,1,0.6387638763876388,0.5754575457545754
"legacy support, strict surface (extrapolated)",strict,tobit,y_winogrande,Lab x period FE,theta_D,57,19,30,15,True,0.13014676506394598,0.22079633551219763,0.16457187179604157,0.7492921312390677,0.4761040172416169,0.07436653229452227,0.32312351411575213,0.6205982913272169,,-0.3459572521776709,0.23298369664233412,0.18059424717295114,0.7529734916066411,0.13757058779067072,0.07143197293510092,0.6514081040995775,0.051005100510051006,0.0332033203320332,0.1000100010001,9999,2.503262448322359,-1.1086692083740348,-0.25560239265240803,Cerebras,Microsoft,0,0.5056638920842632,2.108325776498595,0.2773277327732773,0.4811368985010049,0.7492921312405773,2.231038399704625,1,0.6514081040995775,0.051005100510051006
"legacy support, strict surface (extrapolated)",strict,tobit,y_winogrande,Lab x period FE,theta_C,57,19,30,15,True,0.42480795006871397,0.07174646736429478,0.05386417648407728,0.10823785174198736,0.5406579474422993,0.04630411247474644,0.44527385948294046,0.6221521059729813,,-0.11584999737358537,0.08539102067155413,0.0710311223364927,0.11772639203591692,0.1748765538738768,0.12026815682436835,0.33812873605613386,0.33783378337833786,0.32493249324932494,0.32953295329532956,9999,2.529511502142811,-0.21160164092976141,-0.07867822243955604,Cerebras,TII,0,0.19888714254217954,0.32963389770056734,0.20432043204320433,0.07744296564299781,0.10823785174196608,0.3488198511880984,1,0.33812873605613386,0.20432043204320433
"legacy support, strict surface (extrapolated)",strict,tobit,y_winogrande,Notability-propensity control,theta_N,57,19,30,15,True,0.5267407697965486,0.16208613052165693,0.16208613052165693,0.12802848030826774,0.5468064794865298,0.12275143554674897,0.2962061274285745,0.773865681124267,,-0.020065709689981226,0.20332198266855278,0.20332198266855278,0.1773674341552929,0.9213849430953847,0.922475680227778,0.9111791024759245,0.9238923892389239,0.9028902890289029,0.9244924492449245,9999,6.224798769805909,-0.07596514203283987,0.046182799942089944,Cerebras,TII,0,0.5693015514719477,0.4966288156348201,0.9051905190519052,0.18060826719198345,0.12802848030796235,0.5255345119961591,1,0.9238923892389239,0.9051905190519052
"legacy support, strict surface (extrapolated)",strict,tobit,y_winogrande,Notability-propensity control,theta_D,57,19,30,15,True,0.24748287287658038,0.10769680614497869,0.10769680614497869,0.3259692919269,0.6576283350462058,0.1010818742524953,0.44685060346184063,0.838415496048262,,-0.4101454621696254,0.14770290232837807,0.14770290232837807,0.341282177357274,0.005489232462202927,0.012438709271910526,0.24502297402104345,0.036303630363036306,0.0241024102410241,0.03660366036603661,9999,4.568589015341297,-0.7310686131439537,-0.35396385358302523,Cerebras,BigCode,0,0.41356812651945857,0.9555900966003672,0.1769176917691769,0.17037912180265738,0.32596929192639884,1.0112090947507761,1,0.24502297402104345,0.036303630363036306
"legacy support, strict surface (extrapolated)",strict,tobit,y_winogrande,Notability-propensity control,theta_C,57,19,30,15,True,0.33631550238511176,0.05467589580333986,0.05467589580333986,0.19617031883989725,0.6223756279720661,0.05415965933910006,0.5095545477515124,0.7066297744061415,,-0.2860601255869544,0.0769592247987533,0.0769592247987533,0.20350936758162833,0.00020157459532204596,0.0015776498639745579,0.1768584949975612,0.0111011101110111,0.004300430043004301,0.016001600160016,9999,3.5742476661748257,-0.4786120825589688,-0.23427657923140272,Cerebras,BigCode,0,0.21548582943650924,0.5698262292285593,0.1693169316931693,0.06332498780158782,0.1961703188399224,0.6029922949949064,1,0.1768584949975612,0.0111011101110111
