tech,sigma_star,spec,w,r,r_obs,life_penalty,train_penalty,ratio_proc,ratio_eff,N_ratio,shadow_life_rel,C,U,N_w,D_w,Phi,loss,D_ratio,epochs,N_c,D_c,mN_c,w_true_c,s_true_c,w_hat_proc,w_hat_eff,s_hat_proc,ratio_proc_vs_w,mu_eff,mu_eta,shadow_life,elas_life_U
kq,0.7005534249155089,D15,1.0,0.25,0.25,0.0,0.0,1.0,1.0,1.0,0.0,,,,,,,,,,,,,,,,,,,,,
kq,0.7005534249155089,D15,1.0,0.2973,0.2973,0.0,0.0,1.0,1.0,1.0,0.0,,,,,,,,,,,,,,,,,,,,,
kq,0.7005534249155089,D15,1.0,0.3536,0.3536,0.0,0.0,1.0,1.0,1.0,0.0,,,,,,,,,,,,,,,,,,,,,
kq,0.7005534249155089,D15,1.0,0.4204,0.4204,0.0,0.0,1.0,1.0,1.0,0.0,,,,,,,,,,,,,,,,,,,,,
kq,0.7005534249155089,D15,1.0,0.5,0.5,0.0,0.0,1.0,1.0,1.0,0.0,,,,,,,,,,,,,,,,,,,,,
kq,0.7005534249155089,D15,1.0,0.5946,0.5946,0.0,0.0,1.0,1.0,1.0,0.0,,,,,,,,,,,,,,,,,,,,,
kq,0.7005534249155089,D15,1.0,0.7071,0.7071,0.0,0.0,1.0,1.0,1.0,0.0,,,,,,,,,,,,,,,,,,,,,
kq,0.7005534249155089,D15,1.0,0.8409,0.8409,0.0,0.0,1.0,1.0,1.0,0.0,,,,,,,,,,,,,,,,,,,,,
kq,0.7005534249155089,D15,1.0,1.0,1.0,0.0,0.0,1.0,1.0,1.0,0.0,,,,,,,,,,,,,,,,,,,,,
kq,0.7005534249155089,D15,1.0,1.1892,1.1892,0.0009153865574558218,0.0009153865574558218,0.9898534758904015,0.9894914380265282,1.0124673517206115,0.012485249432904345,1e+26,15679990907928.764,893815831152.9764,18646645187708.887,0.0,1.837981334979805,0.9885902837819668,1.175631565473515,904959347493.4113,18433892257698.773,0.0,1.0,0.0,0.9898534758904015,0.9894914380265282,-0.010250531373314014,0.9898534758904015,0.010620164631672147,0.010620024446628573,67791859080.56159,0.010620037340203226
kq,0.7005534249155089,D15,1.0,1.4142,1.4142,0.0037167153638668626,0.0037167153638668626,0.9801648331281521,0.9787146601559582,1.0256264726855493,0.030099362651849634,1e+26,13185295706200.6,893815831152.9764,18646645187708.887,0.0,1.837981334979805,0.9786376834986398,1.3839894120037763,916721178135.9297,18248309651520.484,0.0,1.0,0.0,0.9801648331281521,0.9787146601559582,-0.020236562465258928,0.9801648331281521,0.021748258926304498,0.021748259093874456,165556339148.0652,0.021748263684173708
kq,0.7005534249155089,D15,1.0,1.6818,1.6818,0.00853707290088801,0.008537072900887788,0.970666178037987,0.9673879420919966,1.0398823317336245,0.05498683171838236,1e+26,11087314298792.299,893815831152.9764,18646645187708.887,0.0,1.837981334979805,0.969856917579819,1.6311053639857394,929463290639.7848,18084577824955.906,0.0,1.0,0.0,0.970666178037987,0.9673879420919966,-0.030220298827456384,0.970666178037987,0.0337114579260509,0.03371138339121993,306649449304.94257,0.03371139602847961
kq,0.7005534249155089,D15,1.0,2.0,2.0,0.015583027545976957,0.015583027545976735,0.961093699022772,0.9552214660669345,1.0557028073610357,0.09019226752482243,1e+26,9323322593854.443,893815831152.9764,18646645187708.887,0.0,1.837981334979805,0.961997089014713,1.923994178029426,943603882211.9348,17938018390466.156,0.0,1.0,0.0,0.961093699022772,0.9552214660669345,-0.04048127775344638,0.961093699022772,0.04687764620432833,0.046877613822745356,510634642691.51917,0.04687762568877929
kq,0.7005534249155089,D15,1.0,2.3784,2.3784,0.025152186613204952,0.025152186613204952,0.9511752176709853,0.9419060157101894,1.0736501048370488,0.14006648298357716,1e+26,7839995453964.382,893815831152.9764,18646645187708.887,0.0,1.837981334979805,0.9548289354182063,2.2709651399986623,959645460822.4071,17804356373701.098,0.0,1.0,0.0,0.9511752176709853,0.9419060157101894,-0.05133100760190675,0.9511752176709853,0.06167704985513689,0.06167707075764506,806484987651.2924,0.061677080548605545
kq,0.7005534249155089,D15,1.0,2.8284,2.8284,0.03765285216208758,0.03765285216208758,0.9406282482010069,0.9271146328922918,1.0944051811357574,0.21082521338898308,1e+26,6592647853100.3,893815831152.9764,18646645187708.887,0.0,1.837981334979805,0.9481432197581766,2.6817282827640265,978196676594.9807,17679690205962.613,0.0,1.0,0.0,0.9406282482010069,0.9271146328922918,-0.06311925238535439,0.9406282482010069,0.07861526991579226,0.07861543902147838,1237371138477.1853,0.07861543564757767
kq,0.7005534249155089,D15,1.0,3.3636,3.3636,0.05363541617104062,0.05363541617104062,0.9291517288231373,0.9104982488672957,1.1188132155980852,0.31137886190944547,1e+26,5543657149396.149,893815831152.9764,18646645187708.887,0.0,1.837981334979805,0.9417438062776167,3.167649466795391,1000012964204.7368,17560362613381.172,0.0,1.0,0.0,0.9291517288231373,0.9104982488672957,-0.07625048630819317,0.9291517288231373,0.09829975098145316,0.09829963537189235,1868297392132.5718,0.09829966902685783
kq,0.7005534249155089,D15,1.0,4.0,4.0,0.0738288217945764,0.0738288217945764,0.9164257734374196,0.8916934209857439,1.1479307630155837,0.45448408652361455,1e+26,4661661296927.222,893815831152.9764,18646645187708.887,0.0,1.837981334979805,0.9354473774826425,3.74178950993057,1026038689050.8445,17442955339691.613,0.0,1.0,0.0,0.9164257734374196,0.8916934209857439,-0.09119584911836559,0.9164257734374196,0.12146167782030504,0.12146167951859921,2797909537986.96,0.12146170352878016
kq,0.7005534249155089,D15,1.0,4.7568,4.7568,0.09921209539068965,0.09921209539068965,0.9020970130933348,0.8703130342485633,1.1831268861745514,0.6585457550284661,1e+26,3919997726982.191,893815831152.9764,18646645187708.887,0.0,1.837981334979805,0.9290737183268767,4.419417863337287,1057497541125.5396,17324107978866.656,0.0,1.0,0.0,0.9020970130933348,0.8703130342485633,-0.10852822422164006,0.9020970130933348,0.14901186199447158,0.14901185805117234,4178463099967.589,0.14901188923843733
kq,0.7005534249155089,D15,1.0,5.6569,5.6569,0.13110462903592457,0.13110462903592457,0.885777242324051,0.8459567429612268,1.2262001808142577,0.950198005268776,1e+26,3296265655696.3857,893815831152.9764,18646645187708.887,0.0,1.837981334979805,0.9224469599122184,5.218190207527429,1095997133774.4258,17200541165963.86,0.0,1.0,0.0,0.885777242324051,0.8459567429612268,-0.12895201210663076,0.885777242324051,0.18209353884875124,0.18209333455127585,6248485741756.531,0.182093411908113
kq,0.7005534249155089,D15,1.0,6.7272,6.7272,0.17129011903882607,0.17129011903882607,0.8670465784433481,0.8182316632731708,1.2795422026243222,1.3679999708465254,1e+26,2771828574698.0747,893815831152.9764,18646645187708.887,0.0,1.837981334979805,0.9153978013671822,6.158064089357308,1143675077333.9688,17069098007702.664,0.0,1.0,0.0,0.8670465784433481,0.8182316632731708,-0.1533405757685473,0.8670465784433481,0.22214776680689874,0.22214766846968126,9387284834704.602,0.22214773889572825
kq,0.7005534249155089,D15,1.0,8.0,8.0,0.22224986943684444,0.22224986943684444,0.8454405218080173,0.786751616233763,1.346445510436021,1.968381059853358,1e+26,2330830648463.611,893815831152.9764,18646645187708.887,0.0,1.837981334979805,0.9077603660626724,7.262082928501379,1203474313012.5657,16926685461435.389,0.0,1.0,0.0,0.8454405218080173,0.786751616233763,-0.1828153184111041,0.8454405218080173,0.271049184222935,0.2710489906446045,14213376262523.797,0.2710491020287975
kq,0.7005534249155089,D15,1.0,9.5137,9.5137,0.28749221885012477,0.28749221885012477,0.8204585627710617,0.7511682487686073,1.4315290318677398,2.834409925166361,1e+26,1959978261634.1577,893815831152.9764,18646645187708.887,0.0,1.837981334979805,0.8993825414566077,8.55645568465573,1279523311438.4795,16770467138561.242,0.0,1.0,0.0,0.8204585627710617,0.7511682487686073,-0.21883059715111663,0.8204585627710617,0.3312596766960043,0.33125973707002254,21760161440537.73,0.3312597999993727
kq,0.7005534249155089,D15,1.0,11.3137,11.3137,0.37209578501820806,0.37209578501820806,0.7915737285601803,0.7112036372880349,1.5414420890796643,4.08940256113616,1e+26,1648147395432.872,893815831152.9764,18646645187708.887,0.0,1.837981334979805,0.8901377448681408,10.070751404114686,1377765342024.9204,16598082696743.559,0.0,1.0,0.0,0.7915737285601803,0.7112036372880349,-0.26330620120368725,0.7915737285601803,0.4060670496753993,0.4060671650548271,33805422709928.086,0.4060672318395575
kq,0.7005534249155089,D15,1.0,13.4543,13.4543,0.4836809567812972,0.4836809567812972,0.7582372163521638,0.66667128967118,1.6861102300244577,5.919387753756023,1e+26,1385924588251.257,893815831152.9764,18646645187708.887,0.0,1.837981334979805,0.8799430371523076,11.83901760475829,1507072016664.847,16407985599174.018,0.0,1.0,0.0,0.7582372163521638,0.66667128967118,-0.318848479649869,0.7582372163521638,0.49998959831197576,0.4999895136242296,53525661836845.734,0.4999896858883801
kq,0.7005534249155089,D15,1.0,16.0,16.0,0.6340953324595457,0.6340953324595457,0.7199019781087717,0.617517849593601,1.8808843782566889,8.609881336134597,1e+26,1165415324231.8054,893815831152.9764,18646645187708.887,0.0,1.837981334979805,0.8687909535269355,13.900655256430968,1681164233854.1516,16200036652708.047,0.0,1.0,0.0,0.7199019781087717,0.617517849593601,-0.3890780000730984,0.7199019781087717,0.6193863880341548,0.619386333618134,86847747360227.28,0.6193865476475935
kq,0.7005534249155089,D15,1.0,19.0273,19.0273,0.8426175359243837,0.8426175359243837,0.676046637949547,0.5638544765577703,2.1505987929879242,12.610076749251961,1e+26,979994281254.2445,893815831152.9764,18646645187708.887,0.0,1.837981334979805,0.8567927880980309,16.302453416977663,1922239247631.0896,15976311119051.828,0.0,1.0,0.0,0.676046637949547,0.5638544765577703,-0.47918789010327045,0.676046637949547,0.7735072462398795,0.7735073649065505,145437506658314.3,0.7735075746353459
kq,0.7005534249155089,D15,1.0,22.6274,22.6274,1.1424888975176537,1.1424888975176537,0.6261929583811646,0.5059685664803336,2.537774377088608,18.652272403285387,1e+26,824073697716.436,893815831152.9764,18646645187708.887,0.0,1.837981334979805,0.844239313337053,19.10294063860284,2268302914136.181,15742230929311.016,0.0,1.0,0.0,0.6261929583811646,0.5059685664803336,-0.5969518446601542,0.6261929583811646,0.976407362529049,0.976407436753407,253854023085804.66,0.9764077854832465
kq,0.7005534249155089,D15,1.0,26.9087,26.9087,1.5952251496330434,1.5952251496330434,0.5699269213254579,0.44433091500751815,3.1204078665375503,27.987665252921296,1e+26,692959718890.5033,893815831152.9764,18646645187708.887,0.0,1.837981334979805,0.8316942081397658,22.379809938570517,2789069950765.5464,15508306803854.717,0.0,1.0,0.0,0.5699269213254579,0.44433091500751815,-0.7546109204217571,0.5699269213254579,1.250574889624954,1.2505743468708008,468357336894046.75,1.2505752641338574
kq,0.7005534249155089,D15,1.0,32.0,32.0,2.3256530173642957,2.3256530173642957,0.5069008954047688,0.37957718408360547,4.054958378592593,42.89721811202719,1e+26,582707662115.9027,893815831152.9764,18646645187708.887,0.0,1.837981334979805,0.8201447972737451,26.244633512759844,3624385993452.4644,15292949037308.959,0.0,1.0,0.0,0.5069008954047688,0.37957718408360547,-0.972772210633961,0.5069008954047688,1.634510297067119,1.6345103014441928,932856458899840.2,1.63451127570724
kq,0.7005534249155089,D15,1.5,0.25,0.40171885731648854,0.0,0.0,1.0,1.0,1.0,0.0,,,,,,,,,,,,,,,,,,,,,
kq,0.7005534249155089,D15,1.5,0.2973,0.4777240651207682,0.0,0.0,1.0,1.0,1.0,0.0,,,,,,,,,,,,,,,,,,,,,
kq,0.7005534249155089,D15,1.5,0.3536,0.5681911517884415,0.0,0.0,1.0,1.0,1.0,0.0,,,,,,,,,,,,,,,,,,,,,
kq,0.7005534249155089,D15,1.5,0.4204,0.6755304304634071,0.0,0.0,1.0,1.0,1.0,0.0,,,,,,,,,,,,,,,,,,,,,
kq,0.7005534249155089,D15,1.5,0.5,0.8034377146329771,0.0,0.0,1.0,1.0,1.0,0.0,,,,,,,,,,,,,,,,,,,,,
kq,0.7005534249155089,D15,1.5,0.5946,0.9554481302415364,0.0,0.0,1.0,1.0,1.0,0.0,,,,,,,,,,,,,,,,,,,,,
kq,0.7005534249155089,D15,1.5,0.7071,1.1362216160339562,0.00033401841923885733,-0.002059798087407305,0.992378342840004,0.9921769245141222,1.0051216514325312,0.008894512326110111,1e+26,26370591412401.195,556244631583.7224,29962835990369.656,89888507971108.97,1.8392675989597174,0.9928551439423245,1.1281034761377742,559093522697.911,29748755840138.727,0.5035981361940198,1.5035981361940198,0.33492867812988364,1.4921382266935401,1.4918353744741488,0.32982080204732733,0.9947588177956934,0.007884758547180404,0.007884463869614056,29837185374.509357,0.005243744087835012
kq,0.7005534249155089,D15,1.5,0.8409,1.3512215484697407,0.0018747146327013908,-0.0035106309589587603,0.9825083422737592,0.9813920903146202,1.0126454058160217,0.025211571374213176,1e+26,22174628597584.598,556244631583.7224,29962835990369.656,89888507971108.97,1.8392675989597174,0.9840457116753901,1.3296637702950287,563278570683.082,29484800265956.3,0.5081064772374481,1.508106477237448,0.3369168456647692,1.4817271949228836,1.4800437681130771,0.3251119346216461,0.9878181299485891,0.01896072922231773,0.018960870570253308,85206827330.04782,0.012572630065932344
kq,0.7005534249155089,D15,1.5,1.0,1.6068754292659542,0.004727995658679873,-0.003433507221455967,0.9729268021030062,0.9701525614435076,1.0210510014189516,0.04825152377672319,1e+26,18646645187708.887,556244631583.7224,29962835990369.656,89888507971108.97,1.8392675989597174,0.97602028830452,1.568343019741606,567954138112.4756,29244335821741.64,0.5122844330096539,1.5122844330096539,0.33874873127546345,1.4713420572782405,1.4671466163154583,0.32034838870177595,0.9808947048521603,0.030765716385969144,0.03076594034936475,164427915595.33466,0.020344009879380565
kq,0.7005534249155089,D15,1.5,1.1892,1.9108962604830728,0.00900292820369275,-0.0018044967301102943,0.9633597652558648,0.9581664203634527,1.030617778071299,0.08080563635123893,1e+26,15679990907928.764,556244631583.7224,29962835990369.656,89888507971108.97,1.8392675989597174,0.9685409319621049,1.8507812450111765,573275606266.9043,29020233094340.324,0.516240443227404,1.516240443227404,0.3404739964121765,1.4606850374590001,1.4528106778974965,0.31538971485626044,0.9737900249726668,0.04366003519584716,0.04366030562057999,277943401014.237,0.028795097239964207
kq,0.7005534249155089,D15,1.5,1.4142,2.2724432320679124,0.014860031501855664,0.0014524884900279922,0.9535346980546956,0.9451320460732314,1.041675117525511,0.12682866026468145,1e+26,13185295706200.598,556244631583.7224,29962835990369.656,89888507971108.97,1.8392675989597174,0.9613865893897598,2.184696448459613,579426191977.9086,28805868701226.23,0.5200821454326454,1.5200821454326454,0.3421408158732236,1.4494510695634515,1.4366783483121435,0.31008364407831857,0.966300713042301,0.05805321505574823,0.05805321610072123,440927085904.94556,0.03819084821188312
kq,0.7005534249155089,D15,1.5,1.6818,2.7024430969394815,0.022520927321962647,0.006472285393546384,0.9431745193068749,0.9307351955114544,1.0546182111787952,0.19193360804990062,1e+26,11087314298792.299,556244631583.7224,29962835990369.656,89888507971108.97,1.8392675989597174,0.9543475304381156,2.5790698957137272,586625718338.6333,28594958532331.57,0.5239181577495813,1.5239181577495813,0.3437967813988567,1.4373207758984796,1.418364264496512,0.30426108300362337,0.9582138505989864,0.07441945337683653,0.07441972621681736,675559144173.5918,0.048834453217239115
kq,0.7005534249155089,D15,1.5,2.0,3.2137508585319083,0.03227785042422582,0.013454390032271668,0.9319933148512278,0.9146509109302897,1.0699247712081346,0.284058308223281,1e+26,9323322593854.443,556244631583.7224,29962835990369.656,89888507971108.97,1.8392675989597174,0.9472202320242592,3.0441298338867564,595139910182.9673,28381404458902.77,0.5278603466180972,1.5278603466180973,0.3454899184905941,1.4239556290743465,1.397458857808511,0.29773092673536616,0.949303752716231,0.09331329368370911,0.09331348590670441,1014326616256.3745,0.061074612588640775
kq,0.7005534249155089,D15,1.5,2.3784,3.8217925209661456,0.04451564822398413,0.022679724602272744,0.9196876952228559,0.8965384015268957,1.0881874954674073,0.4144892911881715,1e+26,7839995453964.382,556244631583.7224,29962835990369.656,89888507971108.97,1.8392675989597174,0.9398010258912254,3.591724531947396,605298452510.2816,28159104002359.934,0.5320275103188397,1.5320275103188397,0.3472702067915975,1.4089868499831437,1.3735214951964823,0.2902701682333207,0.9393245666554292,0.11540119006268856,0.11540118349150275,1505338359229.7021,0.07532580511693254
kq,0.7005534249155089,D15,1.5,2.8284,4.544886464135825,0.059733653459908664,0.03452743499424504,0.9059355168068468,0.876048999495745,1.110146090391236,0.5992481721384961,1e+26,6592647853100.299,556244631583.7224,29962835990369.656,89888507971108.97,1.8392675989597174,0.9318840501700623,4.235307205761987,617512803053.7828,27921888957286.984,0.5365474383951024,1.5365474383951025,0.34919028530321006,1.3920128977007038,1.3460908460837795,0.28161585165498254,0.9280085984671359,0.1414886616794282,0.14148871272455343,2220260511012.5913,0.09208224031098666
kq,0.7005534249155089,D15,1.5,3.3636,5.404886193878963,0.07858147752769495,0.04950256017490551,0.8903910989322813,0.8528307852712049,1.1367393122332745,0.8611205579311513,1e+26,5543657149396.149,556244631583.7224,29962835990369.656,89888507971108.97,1.8392675989597174,0.9232570290131156,4.990099169514697,632305139939.9318,27663398937275.94,0.5415610001198237,1.5415610001198237,0.35130688962534,1.3725921929678364,1.3146906782756533,0.2714514878320944,0.9150614619785576,0.17256555142060725,0.17256586728219592,3266945729326.8525,0.11194227032618187
kq,0.7005534249155089,D15,1.5,4.0,6.427501717063817,0.10189935807590667,0.06826772186509023,0.872690847251183,0.8265497311476285,1.1691626304975395,1.2324053006518818,1e+26,4661661296927.222,556244631583.7224,29962835990369.656,89888507971108.97,1.8392675989597174,0.913703272752129,5.872829354501138,650340436662.5597,27377141305336.035,0.5472236062961338,1.5472236062961338,0.35368100904698635,1.3502478798656037,1.2788572558093336,0.2593952451904353,0.9001652532437358,0.20984855758351428,0.2098486464739968,4808898008227.188,0.13562917856191348
kq,0.7005534249155089,D15,1.5,4.7568,7.643585041932291,0.13079760586615263,0.09170687025249435,0.8524485725992778,0.7968950021072047,1.2089790770934696,1.7591541837632276,1e+26,3919997726982.191,556244631583.7224,29962835990369.656,89888507971108.97,1.8392675989597174,0.9029989773496231,6.902149476149735,672488121330.2858,27056410257798.28,0.5537104831143237,1.5537104831143238,0.35637944722136566,1.3244582835633396,1.238144118715375,0.24497433221559298,0.8829721890422264,0.25487046267793256,0.2548704498564418,7098061753015.472,0.16403989424418342
kq,0.7005534249155089,D15,1.5,5.6569,9.089933615814576,0.1667543689356139,0.12100318437212598,0.8292646646881479,0.7636057965792635,1.2582567380625898,2.5070671249165226,1e+26,3296265655696.386,556244631583.7224,29962835990369.656,89888507971108.97,1.8392675989597174,0.890917688307554,8.098382643870648,699898555701.3616,26694420575678.516,0.5612190739526487,1.5612190739526488,0.3594749022196934,1.294663811866084,1.1921559346003525,0.22759870876545604,0.8631092079107227,0.30957622961967446,0.309576226794688,10528155958652.635,0.19829138345528463
kq,0.7005534249155089,D15,1.5,6.7272,10.809772387757926,0.21174836647936002,0.1577457155308637,0.8027499179795508,0.7265146604091938,1.3197536683763524,3.569657961620316,1e+26,2771828574698.0747,556244631583.7224,29962835990369.656,89888507971108.97,1.8392675989597174,0.8772437942568468,9.482805744489658,734105893047.2704,26284711930887.484,0.5699669844043442,1.5699669844043442,0.36304393026493703,1.26029086796119,1.1406040305281682,0.20653237643645728,0.8401939119741266,0.37643471562813535,0.37643472005621725,15723041674731.484,0.23977242858919112
kq,0.7005534249155089,D15,1.5,8.0,12.855003434127633,0.26850854823703174,0.20413086049076257,0.772531137712994,0.6855583218021963,1.39726392372957,5.081164222114421,1e+26,2330830648463.611,556244631583.7224,29962835990369.656,89888507971108.97,1.8392675989597174,0.8617776785338466,11.078155017007138,777220556480.1812,25821303242071.15,0.580196044124346,1.5801960441243459,0.3671671285861606,1.2207506477769534,1.083316548128356,0.18083189075422662,0.8138337651846356,0.45866510287731477,0.4586650998376103,23695111705673.742,0.29025841521956863
kq,0.7005534249155089,D15,1.5,9.5137,15.287330771407508,0.34086019988990857,0.26324165990677195,0.7382864455977669,0.6408213325606898,1.4960972798561818,7.234894308509176,1e+26,1959978261634.158,556244631583.7224,29962835990369.656,89888507971108.97,1.8392675989597174,0.844357968506036,12.907979554025454,832196080247.0111,25299359327508.062,0.5921659043316362,1.5921659043316363,0.3719247489979489,1.175474506310958,1.020293876471495,0.14927972097128428,0.783649670873972,0.5604973636006314,0.560497890537861,36125104107256.48,0.35203478648071496
kq,0.7005534249155089,D15,1.5,11.3137,18.179706544086226,0.43428958792979633,0.33950264947649433,0.6997832718994375,0.5925690142815621,1.6238634648364008,10.310891049603478,1e+26,1648147395432.8723,556244631583.7224,29962835990369.656,89888507971108.97,1.8392675989597174,0.8248862533596352,14.996190018328926,903265334740.1907,24715931520125.258,0.6061441780167589,1.606144178016759,0.37739088826086337,1.1239528280348001,0.9517512723614606,0.11028294510502558,0.7493018853565334,0.6875671455963863,0.6875671386960904,55880822732338.336,0.428085668417566
kq,0.7005534249155089,D15,1.5,13.4543,21.61938408797293,0.5569439653473562,0.4394875439843393,0.6569045641672423,0.5412485705561673,1.7918568080733897,14.720710863789748,1e+26,1385924588251.2568,556244631583.7224,29962835990369.656,89888507971108.97,1.8392675989597174,0.8033496524379541,17.36792469299569,996710730057.5674,24070633878918.887,0.6223939955443212,1.6223939955443212,0.3836269101424435,1.0657580205505932,0.8781184309672727,0.0617007043649751,0.7105053470337288,0.8475799372041508,0.8475799326976066,88033742832085.45,0.522425594684961
kq,0.7005534249155089,D15,1.5,16.0,25.710006868255267,0.7213365127170661,0.573291154106208,0.6096878408236666,0.487495057609213,2.0174272299387823,21.0785870910007,1e+26,1165415324231.8054,556244631583.7224,29962835990369.656,89888507971108.97,1.8392675989597174,0.7798502621350802,20.049955595703583,1122183066264.2676,23366525501400.19,0.6411487233858152,1.641148723385815,0.3906707017162201,1.0005884216316143,0.8000518914522543,0.0005880755952130742,0.6670589477544095,1.0513028478775315,1.0513028417975359,141924200965785.44,0.6405897994810061
kq,0.7005534249155089,D15,1.5,19.0273,30.574500855272092,0.9475321155338534,0.7570939733949367,0.55835126230661,0.43210863955580914,2.3284083998116873,30.322697727543012,1e+26,979994281254.2445,556244631583.7224,29962835990369.656,89888507971108.97,1.8392675989597174,0.7546330676083471,23.07252937100801,1295164672529.6968,22610946837658.44,0.6625736685309143,1.6625736685309143,0.3985228931938869,0.9283001065019675,0.7184124460702042,-0.07723783827647396,0.6188667376679783,1.3142328304936486,1.314232840108731,235637321235061.34,0.7904812012426987
kq,0.7005534249155089,D15,1.5,22.6274,36.35941308817245,1.2695075548746968,1.01828062772567,0.5032921730704167,0.37599937355464724,2.7719614091727496,43.93489231840394,1e+26,824073697716.4362,556244631583.7224,29962835990369.656,89888507971108.97,1.8392675989597174,0.7281056009823729,26.47349231793016,1541888652809.592,21816108705904.37,0.6867135746866817,1.6867135746866817,0.4071311128294223,0.8489097403514307,0.634203247448312,-0.17798153615956988,0.5659398269009538,1.6595788991511746,1.6595789235931422,406456271568950.06,0.9839130388051842
kq,0.7005534249155089,D15,1.5,26.9087,43.23892886348878,1.7487025490428438,1.4063528067758573,0.4450753573581874,0.32012933016262235,3.433402033576818,64.35925349031679,1e+26,692959718890.5033,556244631583.7224,29962835990369.656,89888507971108.97,1.8392675989597174,0.7008654341213251,30.30467064885016,1909811449245.7405,20999916053896.492,0.7134037086974477,1.7134037086974478,0.41636638526934594,0.7625937679473602,0.5485107815634669,-0.31131415182116634,0.5083958452982401,2.1237375203703155,2.1237375739155135,737484235084295.4,1.2394851210366653
kq,0.7005534249155089,D15,1.5,32.0,51.42001373651053,2.506035314200327,2.018757937023679,0.38439144585201246,0.2654410114728181,4.480590068553623,95.87045121576801,1e+26,582707662115.9027,556244631583.7224,29962835990369.656,89888507971108.97,1.8392675989597174,0.6737411570432201,34.64377955001488,2492304171960.2954,20187195788447.89,0.7421247682037113,1.7421247682037113,0.42598829989020204,0.6696578585044266,0.46243136058384193,-0.49329988037972045,0.4464385723362844,2.767315361147208,2.7673154660819566,1433629953196647.8,1.5884722191934486
kq,0.7005534249155089,D15,2.0,0.25,0.5624305757889645,0.0,0.0,1.0,1.0,1.0,0.0,,,,,,,,,,,,,,,,,,,,,
kq,0.7005534249155089,D15,2.0,0.2973,0.6688424407282366,0.0,0.0,1.0,1.0,1.0,0.0,,,,,,,,,,,,,,,,,,,,,
kq,0.7005534249155089,D15,2.0,0.3536,0.7955018063959114,0.0,0.0,1.0,1.0,1.0,0.0,,,,,,,,,,,,,,,,,,,,,
kq,0.7005534249155089,D15,2.0,0.4204,0.9457832562467227,0.0,0.0,1.0,1.0,1.0,0.0,,,,,,,,,,,,,,,,,,,,,
kq,0.7005534249155089,D15,2.0,0.5,1.124861151577929,0.00021341605563129917,-0.0028489543088946467,0.9929345172160833,0.9927619582486175,1.0032757864201574,0.008151082349316498,1e+26,37293290375417.77,397300515667.7126,41949773557822.53,251698641346935.2,1.8417459688425668,0.9938952571048227,1.1179941634547725,398601987301.6584,41693680975741.12,1.006142239689281,2.006142239689281,0.501530858472486,1.9919678762326682,1.991621698399198,0.49798387216401235,0.9959839381163341,0.0072908129599884575,0.007290808653558578,19494225738.582157,0.003634244048811297
kq,0.7005534249155089,D15,2.0,0.5946,1.3376848814564732,0.0013161800706644744,-0.005941716726387658,0.9830069754008609,0.9819558738313506,1.0085740768677163,0.02422713089696392,1e+26,31359981815857.527,397300515667.7126,41949773557822.53,251698641346935.2,1.8417459688425668,0.9856076078822243,1.3184323961125315,400707000828.63086,41346015967526.45,1.0146025578563669,2.014602557856367,0.503624178327239,1.980368367033225,1.978250815122723,0.4950434390657873,0.9901841835166125,0.01837569961086505,0.018375709640585436,58247885762.43042,0.009121259346045463
kq,0.7005534249155089,D15,2.0,0.7071,1.590778640561507,0.00339791610772755,-0.007793504661433692,0.9733936011072359,0.9707181546466721,1.0145893368768886,0.04692743234257882,1e+26,26370591412401.2,397300515667.7126,41949773557822.53,251698641346935.2,1.8417459688425668,0.9779390136237573,1.555684494644462,403096866732.1504,41024320174876.945,1.02255865250175,2.02255865250175,0.5055767610184868,1.968745650209277,1.9633344028211586,0.4920623698171979,0.9843728251046385,0.030165136206797394,0.030165133642000796,113497805646.471,0.014914345833005882
kq,0.7005534249155089,D15,2.0,0.8409,1.891791484723761,0.006533487664563742,-0.008451153020710422,0.9638171994142828,0.9587561557051076,1.0215181283498378,0.07899426829810059,1e+26,22174628597584.598,397300515667.7126,41949773557822.53,251698641346935.2,1.8417459688425668,0.9706620171107874,1.836290138514977,405849679157.3071,40719051818976.79,1.030224715062549,2.030224715062549,0.5074436871047592,1.9567654990532464,1.9464904430308672,0.48895255947437954,0.9783827495266232,0.043018075085588414,0.04301843040534137,192358790664.3022,0.021188988853282353
kq,0.7005534249155089,D15,2.0,1.0,2.249722303155858,0.01083291803031039,-0.007924536374540825,0.9540058972355524,0.9457720380495855,1.0295903724351612,0.12429360160094222,1e+26,18646645187708.887,397300515667.7126,41949773557822.53,251698641346935.2,1.8417459688425668,0.9635632676702555,2.1677497737795117,409056785895.0018,40421260887402.76,1.0378145717590945,2.0378145717590943,0.5092782170377878,1.9440871189307178,1.927308040699742,0.4856197593912264,0.9720435594653589,0.057337243827007,0.05733765155494974,305058847069.17163,0.028136820674262708
kq,0.7005534249155089,D15,2.0,1.1892,2.6753697629129465,0.01644862454871543,-0.006185230680427978,0.9436828661140159,0.9314546561881906,1.0390824797778586,0.18830229795835804,1e+26,15679990907928.764,397300515667.7126,41949773557822.53,251698641346935.2,1.8417459688425668,0.9564349208659894,2.5588170674789046,412828005037.02875,40122228353122.164,1.0455494442785143,2.0455494442785143,0.5111337920493484,1.9303499623546807,1.9053365543363878,0.4819592200886831,0.9651749811773404,0.0735895659079302,0.07358958981998298,466418772060.2227,0.03597546875155899
kq,0.7005534249155089,D15,2.0,1.4142,3.181557281123014,0.0235819778633779,-0.0031632771454499498,0.9325645157157909,0.9154830738118798,1.0503272328722053,0.2787613331544757,1e+26,13185295706200.6,397300515667.7126,41949773557822.53,251698641346935.2,1.8417459688425668,0.9490725286905292,3.0195286139691837,417295551239.9688,39813377668517.73,1.0536602522672711,2.053660252267271,0.5130645398156851,1.9151706786003964,1.8800912003109216,0.4778533259861735,0.9575853393001982,0.09231948531414069,0.09231948350453112,697955185098.5133,0.044953638198563795
kq,0.7005534249155089,D15,2.0,1.6818,3.783582969447522,0.032494356315665884,0.0012568223124653777,0.920352509613806,0.8975241513848387,1.0637318903188662,0.40662304895966817,1e+26,11087314298792.299,397300515667.7126,41949773557822.53,251698641346935.2,1.8417459688425668,0.941268031376146,3.5613656932001816,422621228555.8762,39485980773446.72,1.0623966465088452,2.0623966465088452,0.5151272177964574,1.8981319294335133,1.8510507999767885,0.47316623017956166,0.9490659647167566,0.11417614607589743,0.11417615328721187,1031085195062.827,0.05536091837043955
kq,0.7005534249155089,D15,2.0,2.0,4.499444606311716,0.043517404848769425,0.0072417899407069,0.9067360109332566,0.8772448599729947,1.0797930197568315,0.5873149106148153,1e+26,9323322593854.443,397300515667.7126,41949773557822.53,251698641346935.2,1.8417459688425668,0.9328100585124518,4.197127186487167,429002323563.7857,39131170727056.54,1.0720296065360784,2.0720296065360784,0.5173814134481636,1.878783859966129,1.8176773220456415,0.4677407969546704,0.9393919299830645,0.1399325839661052,0.1399325922733472,1511756767904.4773,0.06753408121085158
kq,0.7005534249155089,D15,2.0,2.3784,5.350739525825893,0.057076937449211496,0.015022443636139027,0.8913827879310646,0.8543099204275334,1.0991314312622835,0.8426652624509501,1e+26,7839995453964.382,397300515667.7126,41949773557822.53,251698641346935.2,1.8417459688425668,0.9234768606975872,4.941284139720191,436685484427.0962,38739645192152.6,1.0828641653723818,2.082864165372382,0.5198918793529599,1.8566292666113438,1.7794115193806403,0.4613895094817902,0.9283146333056719,0.17053539481264246,0.1705357410306101,2207878130059.676,0.08187557583028138
kq,0.7005534249155089,D15,2.0,2.8284,6.363114562246028,0.07371547309118642,0.024906421420463287,0.8739430538255343,0.828399834048282,1.1225245247619093,1.203471582682112,1e+26,6592647853100.3,397300515667.7126,41949773557822.53,251698641346935.2,1.8417459688425668,0.9130369972431996,5.80975901302759,445979572537.56055,38301695284266.46,1.0952458695752465,2.0952458695752467,0.5227290436311789,1.8311255737719283,1.7357013306464826,0.45388780850233884,0.9155627868859642,0.20714654795756116,0.20714654258468057,3220342452034.019,0.0988650469118113
kq,0.7005534249155089,D15,2.0,3.3636,7.567165938895044,0.09412921476719704,0.037301491344338356,0.8540541010233813,0.7992282582369655,1.1509569381900553,1.7132115134313408,1e+26,5543657149396.149,397300515667.7126,41949773557822.53,251698641346935.2,1.8417459688425668,0.9012513474010189,6.8199184984362535,457275785054.2406,37807289942155.19,1.1095683827644167,2.109568382764417,0.5259693839885948,1.8016855286892124,1.6860266641885773,0.4449641826631454,0.9008427643446062,0.2512070108806226,0.2512070175987424,4700460838609.68,0.119079838128755
kq,0.7005534249155089,D15,2.0,4.0,8.998889212623432,0.1192084617667557,0.05273915368220794,0.8313548254406253,0.766574989283114,1.1856777698513035,2.432964448653315,1e+26,4661661296927.222,397300515667.7126,41949773557822.53,251698641346935.2,1.8417459688425668,0.8878796418813119,7.989930531433693,471070389377.6663,37246349923521.59,1.1262787801746623,2.1262787801746623,0.5296947844638438,1.7676921241302122,1.6299521331253044,0.4342906288095575,0.8838460620651061,0.304503817604564,0.3045037932037802,6876585061014.818,0.1432097519113995
kq,0.7005534249155089,D15,2.0,4.7568,10.701479051651786,0.15011791815659548,0.07192541816875497,0.8054908287428257,0.7302990055799771,1.2283104181444355,3.4489120692021924,1e+26,3919997726982.191,397300515667.7126,41949773557822.53,251698641346935.2,1.8417459688425668,0.8726828351648066,9.338997079252266,488008362528.8079,36608847322962.2,1.145891679892099,2.145891679892099,0.533993253540979,1.7284960676286212,1.5671425599075464,0.42146238066255376,0.8642480338143106,0.36930215207651296,0.3693021441922837,10098587588383.229,0.17209732394007915
kq,0.7005534249155089,D15,2.0,5.6569,12.726454096722373,0.18839269151855653,0.0958016287231378,0.7761400982853075,0.6903760082111613,1.2809837543139753,4.882527418836206,1e+26,3296265655696.386,397300515667.7126,41949773557822.53,251698641346935.2,1.8417459688425668,0.855437569003355,10.886686954532975,508935506150.9048,35885412312544.93,1.1689923803148725,2.1689923803148723,0.5389564255385582,1.683441959237668,1.4974203013622065,0.40597892638196964,0.841720979618834,0.44848602516056135,0.4484859923962028,14909349379206.453,0.20677162993365528
kq,0.7005534249155089,D15,2.0,6.7272,15.134331877790087,0.23606578630295183,0.12562608426891697,0.743054945705254,0.6469462690031041,1.3465054883369865,6.904336372648146,1e+26,2771828574698.0747,397300515667.7126,41949773557822.53,251698641346935.2,1.8417459688425668,0.8359610072285197,12.651711320288095,534967324865.6899,35068374956405.65,1.196228043357336,2.196228043357336,0.5446738770936932,1.6319181095132416,1.4208415385300162,0.3872241540978586,0.8159590547566208,0.5457234208042119,0.5457234264561017,22161566155490.758,0.24848217834616548
kq,0.7005534249155089,D15,2.0,8.0,17.997778425246864,0.29590957318662725,0.16312757880078954,0.7060773560071292,0.6003130294320612,1.4286915675724645,9.755512249424628,1e+26,2330830648463.611,397300515667.7126,41949773557822.53,251698641346935.2,1.8417459688425668,0.8141208397954618,14.652366486014621,567619896526.6528,34152184878123.938,1.2283188823065112,2.228318882306511,0.5512311958848054,1.5733655047597426,1.3376888587780864,0.36441977596763003,0.7866827523798713,0.6657975938754337,0.6657975830737355,33224537121497.41,0.2987892458783392
kq,0.7005534249155089,D15,2.0,9.5137,21.403183075533885,0.3717607506042455,0.21071193312408232,0.6651851138982614,0.5509682687214814,1.5328095680844083,13.777852518188048,1e+26,1959978261634.1577,397300515667.7126,41949773557822.53,251698641346935.2,1.8417459688425668,0.7898645456898735,16.905615476273763,608986031820.3392,33134638833042.562,1.2660398614633255,2.2660398614633257,0.5587014963831056,1.507335983345483,1.248516059324314,0.33657790230647006,0.7536679916727415,0.8149865550705744,0.8149865255713438,50343118392343.24,0.3596524134934498
kq,0.7005534249155089,D15,2.0,11.3137,25.452683221214432,0.4690422830307932,0.2717907321395616,0.6205300488543481,0.4995926670853831,1.6662938339220243,19.458320883410565,1e+26,1648147395432.872,397300515667.7126,41949773557822.53,251698641346935.2,1.8417459688425668,0.7632451769602336,19.42663770928858,662019399471.1501,32017962342581.99,1.3101949808352364,2.3101949808352362,0.5671361039670962,1.433545404320759,1.154156471962741,0.3024287915918373,0.7167727021603795,1.0016306601015317,1.001630522197733,77290715435714.4,0.43356981655762183
kq,0.7005534249155089,D15,2.0,13.4543,30.26843878334986,0.5956765603101801,0.35135198406697676,0.5724449535039382,0.44700975342871857,1.8400011365533833,27.500529614908096,1e+26,1385924588251.2568,397300515667.7126,41949773557822.53,251698641346935.2,1.8417459688425668,0.7344299724717973,22.23004866241992,731033400381.8364,30809171039269.73,1.3616002035352675,2.3616002035352675,0.5765583020771169,1.3518861187076372,1.0556583246795115,0.26029272276575327,0.6759430593538186,1.2370876526287313,1.237087690131673,120622834060125.97,0.5238346161853258
kq,0.7005534249155089,D15,2.0,16.0,35.99555685049373,0.7635996490682133,0.45689869277945516,0.5214559109831122,0.3941473659586376,2.070300605356971,38.936185459712185,1e+26,1165415324231.8054,397300515667.7126,41949773557822.53,251698641346935.2,1.8417459688425668,0.7037136003388503,25.33056290746271,822531498095.5021,29520626183774.797,1.421032646688202,2.421032646688202,0.5869531121904003,1.2624617842986514,0.9542436405920237,0.20789681522475514,0.6312308921493257,1.5371221181900312,1.5371218252651393,192157433737808.22,0.6349036206430014
kq,0.7005534249155089,D15,2.0,19.0273,42.80614117883746,0.9915183227342903,0.6001495420192684,0.4682658276262552,0.3419739206134921,2.3828871034493115,55.31126465707665,1e+26,979994281254.2445,397300515667.7126,41949773557822.53,251698641346935.2,1.8417459688425668,0.6715171439314085,28.74505766713758,946722274978.3535,28169992128118.305,1.4891652566686284,2.4891652566686284,0.5982588952979567,1.1655910290124551,0.8512296018778602,0.14206614918163177,0.5827955145062276,1.9241995945364097,1.9241997621006743,314186437848464.44,0.773030286264742
kq,0.7005534249155089,D15,2.0,22.6274,50.905366442428864,1.310242201260031,0.8003149643875194,0.41370566976312106,0.2914196244204223,2.8201694381325417,79.01464080964871,1e+26,824073697716.436,397300515667.7126,41949773557822.53,251698641346935.2,1.8417459688425668,0.6383712056604837,32.49652015044204,1120454772040.382,26779527523291.445,1.5664866947834233,2.566486694783423,0.6103622894158871,1.0617700970035149,0.7479245886737961,0.0581765272706775,0.5308850485017574,2.431477897169102,2.4314784803991123,531193988137365.75,0.9473958031023244
kq,0.7005534249155089,D15,2.0,26.9087,60.537102538930036,1.7735678151702667,1.0907716771479015,0.35868256371300283,0.24331739973110733,3.456363953192632,113.8806261449131,1e+26,692959718890.5033,397300515667.7126,41949773557822.53,251698641346935.2,1.8417459688425668,0.6049049537207049,36.61919320969704,1373215180938.7263,25375625832588.688,1.6531522743351799,2.65315227433518,0.6230898581761285,0.9516394596795266,0.6455581124819095,-0.0508181326746994,0.4758197298397633,3.1098581568975776,3.109858018177728,938295627822013.6,1.1721374705118137
kq,0.7005534249155089,D15,2.0,32.0,71.99111370098746,2.4826583915775555,1.534001278326191,0.30411231965416696,0.19835180314340678,4.43131550482892,166.38011674181877,1e+26,582707662115.9027,397300515667.7126,41949773557822.53,251698641346935.2,1.8417459688425668,0.5718395080568793,41.167363043239526,1760563935154.8599,23988537874402.72,1.748742410957259,2.748742410957259,0.6361972675163307,0.8359264307279994,0.5452180135901276,-0.19627752304603008,0.4179632153639997,4.041547312161351,4.041547867538694,1757536998375008.8,1.4703265992679349
kq,0.7005534249155089,D15,3.0,0.25,0.90375587290319,0.0,0.0,1.0,1.0,1.0,0.0,,,,,,,,,,,,,,,,,,,,,
kq,0.7005534249155089,D15,3.0,0.2973,1.0747464840564735,5.352867077146328e-05,-0.0022971441408914384,0.9956163087357031,0.9955509187995262,1.001228865076603,0.004786084333876967,1e+26,62719963631715.055,247250352100.53946,67408060393335.65,808896724720027.8,1.8474787586746793,0.9964783184539682,1.0709615691969094,247554189423.41364,67170670670994.64,2.007068255236091,3.007068255236091,0.6674501823300023,2.9938861963944676,2.9936895643931782,0.6659859679354885,0.9979620654648226,0.00446896398412111,0.00446895942559955,7108891366.710068,0.0014861520405418105
kq,0.7005534249155089,D15,3.0,0.3536,1.278272306634272,0.0006246994965179997,-0.007068545597515574,0.98551975774687,0.9847656277113056,1.004471322043535,0.019547727210355647,1e+26,52733725078362.234,247250352100.53946,67408060393335.65,808896724720027.8,1.8474787586746793,0.9885115011371619,1.2635868766931067,248355888050.15842,66633642968160.69,2.023244036816207,3.023244036816207,0.6692294807093692,2.9794667307727773,2.9771868116397737,0.6643694693175405,0.9931555769242592,0.015470048770996003,0.01547002872596992,29128758904.140736,0.0051170307386883
kq,0.7005534249155089,D15,3.0,0.4204,1.5197558758740044,0.0018361633839940605,-0.010876031865902691,0.9758434785433049,0.9736561428147761,1.0081922610089424,0.04034175699623011,1e+26,44354531845168.62,247250352100.53946,67408060393335.65,808896724720027.8,1.8474787586746793,0.9810866502230808,1.4910122014180711,249275891519.5,66133148169332.8,2.038555921177031,3.038555921177031,0.6708962987876707,2.9651549798697503,2.958508637940227,0.6627494998443803,0.9883849932899168,0.027056633267947605,0.027056623174358307,60337364644.18972,0.008904436590739806
kq,0.7005534249155089,D15,3.0,0.5,1.80751174580638,0.003733764961634689,-0.01384946626201522,0.9662636218529507,0.9618826748139457,1.0125253805734595,0.06976191786965216,1e+26,37293290375417.77,247250352100.53946,67408060393335.65,808896724720027.8,1.8474787586746793,0.973951421523343,1.7604286342482631,250347256857.5206,65652176242220.61,2.053490508666058,3.053490508666058,0.67250594126233,2.950476798197274,2.9370996179947038,0.6610717289453031,0.983492266065758,0.03962783215055543,0.039627799047124324,104788228630.7224,0.012977871815422759
kq,0.7005534249155089,D15,3.0,0.5946,2.149492968112947,0.006376541649533607,-0.01606700861513588,0.9565320975981475,0.9491795267493194,1.0175983167818685,0.11127959033764591,1e+26,31359981815857.527,247250352100.53946,67408060393335.65,808896724720027.8,1.8474787586746793,0.9669168817972594,2.078381038172907,251601542121.23328,65177991563525.45,2.0684301180909097,3.0684301180909097,0.6741004482702145,2.9350518971908293,2.912491047352888,0.6592905219300854,0.9783506323969431,0.05354147642093254,0.053541475937908034,167988699213.4248,0.01744914598944547
kq,0.7005534249155089,D15,3.0,0.7071,2.5561831109193824,0.009853223959360946,-0.01759668362451461,0.9463674846054013,0.9352332326424377,1.0235781777512991,0.1698998513419579,1e+26,26370591412401.2,247250352100.53946,67408060393335.65,808896724720027.8,1.8474787586746793,0.9597736037453721,2.453357076200152,253080064851.43726,64696477045197.445,2.0838247605427993,3.0838247605427993,0.6757273588321585,2.918431481598743,2.8840953997052337,0.6573501874876326,0.9728104938662477,0.06925199522109393,0.06925198414147982,257989592375.23352,0.02245652799359732
kq,0.7005534249155089,D15,3.0,0.8409,3.03987325409717,0.014280192179855433,-0.018483148704087293,0.9354890902646464,0.9197277857665739,1.0306618626218271,0.25266374693233556,1e+26,22174628597584.594,247250352100.53946,67408060393335.65,808896724720027.8,1.8474787586746793,0.9523170371309773,2.8949230905955194,254831508429.84457,64193844352527.38,2.1001409425849946,3.1001409425849946,0.6774340204138691,2.90014803007102,2.8512857646879963,0.6551900145678041,0.9667160100236734,0.08727823109804267,0.0872782213329737,386320102537.8215,0.028152990122265464
kq,0.7005534249155089,D15,3.0,1.0,3.61502349161276,0.019805582361196006,-0.018750817661975283,0.9236094393189063,0.9023434970121407,1.0390837823727819,0.3694614271485665,1e+26,18646645187708.887,247250352100.53946,67408060393335.65,808896724720027.8,1.8474787586746793,0.9443407730773259,3.4138140787622877,256913831053.63065,63656179863485.66,2.1178795377886677,3.1178795377886677,0.6792691995056223,2.879702971760882,2.813398325390823,0.6527419633878006,0.9599009905869607,0.10822541893549609,0.10822540513234902,569518504051.6805,0.034711227343109385
kq,0.7005534249155089,D15,3.0,1.1892,4.298985936225894,0.026618236168439502,-0.01840431312750468,0.9104245272918698,0.8827519315584487,1.0491295108164118,0.5342402944851502,1e+26,15679990907928.764,247250352100.53946,67408060393335.65,808896724720027.8,1.8474787586746793,0.9356287062296407,4.0222546496104545,259397640948.42456,63068916335266.12,2.1376000828998936,3.1376000828998936,0.681285067064455,2.8565480723050674,2.7697225336378297,0.6499271236863665,0.9521826907683558,0.13282108398738535,0.13282110117301094,831484032534.2375,0.04233207460657695
kq,0.7005534249155089,D15,3.0,1.4142,5.112366221838765,0.03495457202636132,-0.017427052789452224,0.8956158537234202,0.8606288615271827,1.0611453844342682,0.7666000777246168,1e+26,13185295706200.6,247250352100.53946,67408060393335.65,808896724720027.8,1.8474787586746793,0.9259550685737468,4.73382141551682,262368569931.23514,62416835183934.375,2.1599320181708275,3.1599320181708275,0.6835374956645857,2.830085212162036,2.7195286953016518,0.646653748903888,0.9433617373873453,0.16194104648722085,0.16194106226060723,1206790596610.6885,0.051248281820903685
kq,0.7005534249155089,D15,3.0,1.6818,6.07974650819434,0.04511040462934024,-0.01577876742273887,0.8788495153339358,0.835663897606336,1.0755549906553799,1.0940743426918442,1e+26,11087314298792.297,247250352100.53946,67408060393335.65,808896724720027.8,1.8474787586746793,0.915082205120479,5.5634678412920096,265931350143.0351,61683916547628.01,2.1855959921509798,3.1855959921509798,0.6860869983312669,2.799659493751617,2.6620875630000107,0.6428137056553354,0.933219831250539,0.19665334695490144,0.19665328477128274,1745692002653.3745,0.06173203773585101
kq,0.7005534249155089,D15,3.0,2.0,7.23004698322552,0.057451003666304956,-0.013391944700336778,0.8597872771894993,0.8075877313216859,1.092872477849626,1.5551040041179494,1e+26,9323322593854.443,247250352100.53946,67408060393335.65,808896724720027.8,1.8474787586746793,0.9027659450633689,6.527040197664146,270213104949.30902,60853701345878.305,2.2154136528262725,3.2154136528262725,0.6889980239024538,2.764571749601443,2.5967286171467445,0.6382803231118288,0.9215239165338143,0.23825556186126673,0.23825562609345496,2521256888830.885,0.07409797781221528
kq,0.7005534249155089,D15,3.0,2.3784,8.597971872451788,0.07243544572869842,-0.010164628070894022,0.8380853236936561,0.7761799080958051,1.1137354826284949,2.2035030436479177,1e+26,7839995453964.382,247250352100.53946,67408060393335.65,808896724720027.8,1.8474787586746793,0.8887526592876651,7.641470366122073,275371490226.7596,59909092932000.59,2.2503448840344387,3.2503448840344387,0.6923403405860223,2.7240663442520217,2.522852393369521,0.6329017455429921,0.9080221147506738,0.28836109975236357,0.28836112573904904,3640691501091.1655,0.08871709821178797
kq,0.7005534249155089,D15,3.0,2.8284,10.22473244367753,0.09063756967584502,-0.0059503858906193585,0.8134159698680882,0.7413061543551833,1.1389315474590773,3.1142315244717467,1e+26,6592647853100.3,247250352100.53946,67408060393335.65,808896724720027.8,1.8474787586746793,0.8727913598732744,8.924058133857699,281601226127.6691,58833172697119.23,2.291498394633961,3.291498394633961,0.6961870005374232,2.6773573589904385,2.440008016992361,0.6264973756147839,0.8924524529968129,0.34897031965131675,0.34897030778206006,5261828494420.1045,0.10602173482610056
kq,0.7005534249155089,D15,3.0,3.3636,12.15949301638868,0.11278063941456895,-0.0005433907139846816,0.7854861560143729,0.7029448033454356,1.169442654478846,4.391536516615764,1e+26,5543657149396.148,247250352100.53946,67408060393335.65,808896724720027.8,1.8474787586746793,0.8546435393460282,10.392032148179736,289145108081.2842,57609863315011.2,2.3401569285019064,3.3401569285019064,0.7006128689742401,2.623647026253737,2.347945955248667,0.6188511678615992,0.8745490087512456,0.42258680232192813,0.4225868958216925,7618747804438.627,0.12651708836841635
kq,0.7005534249155089,D15,3.0,4.0,14.46009396645104,0.13977234324767873,0.006340175343800825,0.7540765261245287,0.6612314760974936,1.206488427199618,6.179343134425926,1e+26,4661661296927.222,247250352100.53946,67408060393335.65,808896724720027.8,1.8474787586746793,0.8341067785288405,12.061262395580801,298304688430.3316,56225520101562.73,2.397774543359435,3.397774543359435,0.705689713299434,2.5621820242108395,2.2467154767520463,0.6097076669219068,0.8540606747369465,0.5123297001858962,0.5123296578022747,11059962170514.207,0.15078391860612328
kq,0.7005534249155089,D15,3.0,4.7568,17.195943744903577,0.17277776058768524,0.015095001862121649,0.7190592521334868,0.6164612908637133,1.2516191399504673,8.676887354616484,1e+26,3919997726982.191,247250352100.53946,67408060393335.65,808896724720027.8,1.8474787586746793,0.8110254704975939,13.94634836636058,309463273048.5274,54669653895835.266,2.4660137970425593,3.4660137970425593,0.7114841259855144,2.4922692887857694,2.1366633394762964,0.598759249452053,0.8307564295952564,0.622161869399646,0.6221619253822694,16111067763797.975,0.1795036128093841
kq,0.7005534249155089,D15,3.0,5.6569,20.449826389704224,0.21330078639828498,0.026266030791473938,0.6804379045240809,0.5691090532521897,1.306818164201691,12.159234893194018,1e+26,3296265655696.3857,247250352100.53946,67408060393335.65,808896724720027.8,1.8474787586746793,0.7853166254529369,16.05958865146094,323111251230.24866,52936670516422.125,2.546743485592815,3.546743485592815,0.7180512196435721,2.41333870522121,2.0184838272140984,0.5856362814566725,0.8044462350737366,0.7571324762547209,0.7571321297977915,23572713602054.508,0.21347256788928348
kq,0.7005534249155089,D15,3.0,6.7272,24.31898603277736,0.26328685050706,0.04059992988373251,0.6383954442482962,0.5198430653145788,1.3746303108187239,17.004128361047933,1e+26,2771828574698.074,247250352100.53946,67408060393335.65,808896724720027.8,1.8474787586746793,0.7570034806405189,18.409557072460625,339877828358.0035,51028136340981.39,2.641995778285922,3.641995778285922,0.7254252720549164,2.3250335128292603,1.893266249246909,0.5698986726504723,0.7750111709430868,0.9236574780407198,0.9236576284587135,34675957322842.254,0.2536130576800133
kq,0.7005534249155089,D15,3.0,8.0,28.92018793290208,0.3253256138095697,0.05912787520780327,0.5932868287948034,0.4694646257883234,1.458424483110453,23.734337222541033,1e+26,2330830648463.611,247250352100.53946,67408060393335.65,808896724720027.8,1.8474787586746793,0.7262137241065437,21.00223738061395,360595966961.10675,48952658573043.09,2.754010195084908,3.754010195084908,0.73361819813135,2.2272048039052863,1.7623749914410871,0.5510067155716651,0.7424016013017621,1.1300859427284928,1.1300859837181032,51351037685659.04,0.3010343812377414
kq,0.7005534249155089,D15,3.0,9.5137,34.39224899215632,0.40290574703956294,0.08327310475975569,0.5456552569122296,0.41887675876333297,1.562722068179467,33.07492306582839,1e+26,1959978261634.1575,247250352100.53946,67408060393335.65,808896724720027.8,1.8474787586746793,0.6931962674730399,23.840578631366178,386383581592.65643,46727015862257.52,2.885185760290876,3.885185760290876,0.742612049539394,2.119972034183254,1.6274140184640977,0.5282956643410334,0.7066573447277514,1.3873370366795736,1.3873369076671662,76677643410458.03,0.357083883471887
kq,0.7005534249155089,D15,3.0,11.3137,40.899291277059284,0.5008136531062171,0.11500720320065327,0.49621792507909485,0.3690252761506607,1.6937168780589988,46.037169508444286,1e+26,1648147395432.8723,247250352100.53946,67408060393335.65,808896724720027.8,1.8474787586746793,0.6583197095363734,26.924809553757196,418772094458.7139,44376054738551.04,3.0380375538330986,4.038037553833099,0.7523549529521457,2.003746616354524,1.4901379234099976,0.5009349027277062,0.6679155387848413,1.7098414786951706,1.7098418519874015,115674491388012.34,0.4234338657553849
kq,0.7005534249155089,D15,3.0,13.4543,48.637610563205556,0.625819917714515,0.15710855323419293,0.44580823006421433,0.3208114149001285,1.8601755999546759,64.0520781634407,1e+26,1385924588251.257,247250352100.53946,67408060393335.65,808896724720027.8,1.8474787586746793,0.6220426465449749,30.254667996360208,459929072057.62585,41930688285534.01,3.2152136370530924,4.215213637053092,0.7627641002084269,1.8791769308771786,1.3522886510093193,0.46785213059570113,0.6263923102923928,2.117096068141182,2.1170993228282646,176756477238442.78,0.5022514384975807
kq,0.7005534249155089,D15,3.0,16.0,57.84037586580416,0.787753657486912,0.2135631528002535,0.39532891736047115,0.2750392764513136,2.074848909830241,89.17167768870647,1e+26,1165415324231.8054,247250352100.53946,67408060393335.65,808896724720027.8,1.8474787586746793,0.5848923008565208,33.83039052255617,513007123510.94763,39426455539733.4,3.4194329401689587,4.419432940168958,0.7737266265744562,1.7471296395841982,1.2155176381891717,0.42763262820153897,0.582376546528066,2.6358443524956563,2.635844526942766,274474235218371.9,0.5964215068168244
kq,0.7005534249155089,D15,3.0,19.0273,68.78413648196347,1.0013667651454101,0.2902592413492897,0.3456903897123708,0.23236782662489905,2.3569205270434708,124.39350830661233,1e+26,979994281254.2445,247250352100.53946,67408060393335.65,808896724720027.8,1.8474787586746793,0.5474343434769077,37.65479859662969,582749430184.4872,36901487286477.445,3.6534061551517647,4.653406155151765,0.7851036495293013,1.6086377872643587,1.0813018746755434,0.3783560177952832,0.5362125957547862,3.3035217677284345,3.303522304786738,434941476505965.6,0.7099149253875225
kq,0.7005534249155089,D15,3.0,22.6274,81.79858255411857,1.289735513150784,0.39624106332516673,0.297738222696529,0.19327384167270878,2.7364827380635934,174.20746259892275,1e+26,824073697716.4362,247250352100.53946,67408060393335.65,808896724720027.8,1.8474787586746793,0.5102320010661509,41.73625446096265,676596320503.2717,34393749542479.594,3.919785501146375,4.919785501146375,0.7967391058478085,1.464808191159474,0.9508658440122527,0.3173167613102664,0.48826939705315797,4.174005914848046,4.1740022821200204,707208769191854.8,0.8484122747312028
kq,0.7005534249155089,D15,3.0,26.9087,97.27558262876028,1.6906715342280503,0.5460792624423896,0.2522087536467171,0.15805013063176826,3.2629676701208803,245.53567751296612,1e+26,692959718890.5033,247250352100.53946,67408060393335.65,808896724720027.8,1.8474787586746793,0.47382610517410156,46.09171044552698,806769905330.0646,31939698713514.848,4.220957811653548,5.220957811653548,0.8084642634407179,1.3167712625192327,0.8251730641547943,0.24056665841354202,0.43892375417307755,5.327106444029719,5.32711389435724,1188544771813733.8,1.020331637793248
kq,0.7005534249155089,D15,3.0,32.0,115.68075173160832,2.2697846520735356,0.7646679382178687,0.20969027077163047,0.12681401321516492,4.022343009001369,349.44986839687664,1e+26,582707662115.9027,247250352100.53946,67408060393335.65,808896724720027.8,1.8474787586746793,0.43871642330572513,50.75104564500877,994525725244.7318,29573023157740.527,4.5587534310432565,5.5587534310432565,0.8201035515597025,1.1656165121081903,0.7049278310641629,0.1420849056167266,0.38853883736939676,6.88556386354009,6.885540536498421,2085221302824478.8,1.2386885611306298
kq,0.7005534249155089,D15,5.38,0.25,1.7896591841850018,0.002010176979712286,-0.01813147509373536,0.9667504680635867,0.9624991759089102,1.0066087276814126,0.06801485501644662,1e+26,74586580750835.55,124858386313.37143,133484559257689.11,3507974217292069.5,1.8605111694185361,0.9754222250465345,1.7456733435127,125683541387.25711,130203805800491.1,4.490363134581072,5.490363134581072,0.8178626849467394,5.307811130195312,5.284469992474943,0.8115984206161453,0.9865819944600952,0.038961928518719935,0.038961962373659675,51290087072.447174,0.0070964279217378134
kq,0.7005534249155089,D15,5.38,0.2973,2.128262701832804,0.0034537726274737057,-0.022463044542668675,0.9570286728354935,0.9498442447133453,1.0093708541731683,0.10883730601003586,1e+26,62719963631715.06,124858386313.37143,133484559257689.11,3507974217292069.5,1.8605111694185361,0.9684616426319206,2.0611407921692466,126028416043.81116,129274675524699.53,4.522636527035577,5.522636527035577,0.818927065885182,5.285321506021678,5.24564452084844,0.8107967511795301,0.9824017669185274,0.052804189282413594,0.05280442215287118,82299559697.52232,0.0095614494419749
kq,0.7005534249155089,D15,5.38,0.3536,2.531293950111267,0.005354336783774061,-0.02655430861034025,0.9468849262728789,0.9359573731306107,1.0126394156408778,0.1664994775429048,1e+26,52733725078362.234,124858386313.37143,133484559257689.11,3507974217292069.5,1.8605111694185361,0.9612954782859079,2.433321428454435,126436523354.23541,128318103235403.86,4.5563514017667135,5.5563514017667135,0.8200257817239498,5.261225387408082,5.20050806218816,0.8099302108605073,0.9779229344624688,0.06842472606971195,0.06842478311532552,126309690484.92888,0.012314697805493324
kq,0.7005534249155089,D15,5.38,0.4204,3.009490884125499,0.007764442658661608,-0.030514931364005626,0.9360740744933579,0.9205733633226538,1.0165040257688598,0.24764766213307493,1e+26,44354531845168.62,124858386313.37143,133484559257689.11,3507974217292069.5,1.8605111694185361,0.953744445726812,2.870285215200168,126919052338.54556,127310156982312.5,4.592425171778767,5.592425171778767,0.8211866999944261,5.234924216846167,5.148237649514649,0.8089752671524899,0.9730342410494734,0.08627952952132922,0.08627984828462454,188587239550.71713,0.015427979917603807
kq,0.7005534249155089,D15,5.38,0.5,3.5793183683700036,0.010770130728778637,-0.03448021735113582,0.9242623394056527,0.9033073712573751,1.0211012604273892,0.3622854276631095,1e+26,37293290375417.77,124858386313.37143,133484559257689.11,3507974217292069.5,1.8605111694185361,0.9455671245031458,3.384485777260916,127493055639.51344,126218610862862.86,4.632140740194937,5.632140740194937,0.8224476187423206,5.205575576394457,5.087554246577056,0.8078982841907694,0.9675791034190441,0.1070428868614588,0.10704298920829736,277133257118.62646,0.019005738128186067
kq,0.7005534249155089,D15,5.38,0.5946,4.256525403665608,0.014458893441429588,-0.03855470378122994,0.9111827801469552,0.8838832349613077,1.0265624544511691,0.5237139666634902,1e+26,31359981815857.53,124858386313.37143,133484559257689.11,3507974217292069.5,1.8605111694185361,0.9365677578114694,3.9865244533786584,128174931512.66684,125017334366426.11,4.676650422212902,5.676650422212902,0.8238397777522163,5.172466113634339,5.017496138930014,0.8066686222720619,0.9614249281848214,0.1313711590465627,0.13137104572027547,402762010855.9197,0.023142359722783112
kq,0.7005534249155089,D15,5.38,0.7071,5.061872036548858,0.01894935896734773,-0.042857060938597424,0.89651658079737,0.8619742165560887,1.0330604137403945,0.7509799880460364,1e+26,26370591412401.203,124858386313.37143,133484559257689.11,3507974217292069.5,1.8605111694185361,0.9265120667976058,4.689885522447889,128986256223.84949,123675054883409.02,4.727407399170765,5.727407399170765,0.825400930943941,5.134715698338132,4.936877505797766,0.8052472505296343,0.9544081223676826,0.16012750821640132,0.1601275872365373,581196582942.5369,0.027958129475535998
kq,0.7005534249155089,D15,5.38,0.8409,6.0196976319246716,0.02438482363743799,-0.04750565335130297,0.8799390259916757,0.8372799187586555,1.0407981745481092,1.070634453784676,1e+26,22174628597584.598,124858386313.37143,133484559257689.11,3507974217292069.5,1.8605111694185361,0.9151575876487756,5.50897196320723,129952380551.97961,122159407238626.81,4.786060957275241,5.786060957275241,0.82717084949777,5.091380843073239,4.844552648240042,0.8035896290570195,0.9463533165563641,0.19434370465087958,0.19434380373203708,834788975821.7222,0.033588275986318195
kq,0.7005534249155089,D15,5.38,1.0,7.158636736740007,0.03093784519197107,-0.052618982350632226,0.8611242074417361,0.8095432292459449,1.0500147464574057,1.5195527269529687,1e+26,18646645187708.887,124858386313.37143,133484559257689.11,3507974217292069.5,1.8605111694185361,0.9022549643666349,6.458915533821039,131103146847.91551,120437106256542.25,4.854503630328788,5.854503630328788,0.8291913263458272,5.041454798631644,4.7394737745284745,0.8016445569894982,0.9370733826452871,0.23526448480269235,0.23526433252522616,1195308865829.193,0.040185201729769915
kq,0.7005534249155089,D15,5.38,1.1892,8.513050807331217,0.03881938187880274,-0.05831691244961801,0.8397451426389869,0.7785587771102577,1.060996618026844,2.1490331046704747,1e+26,15679990907928.766,124858386313.37143,133484559257689.11,3507974217292069.5,1.8605111694185361,0.887545795670535,7.555722452376474,132474325610.77628,118473659356096.36,4.934956620115516,5.934956620115516,0.8315067718253117,4.983850993515103,4.620712568359564,0.7993519466570767,0.9263663556719524,0.28442454108815785,0.2844245758926849,1708150267538.7236,0.047923620673628875
kq,0.7005534249155089,D15,5.38,1.4142,10.123744073097717,0.04828423675557869,-0.06471630164079745,0.8154938434327866,0.7442079884220176,1.0740834464351166,3.029976596771116,1e+26,13185295706200.602,124858386313.37143,133484559257689.11,3507974217292069.5,1.8605111694185361,0.8707737759700233,8.815490853485441,134108325887.79318,116234853698512.27,5.03000908028124,6.03000908028124,0.8341627704558349,4.917435280813152,4.487580927802602,0.7966419601083923,0.9140214276604371,0.3437103814490776,0.34371052503504473,2438070533233.004,0.057000001699947234
kq,0.7005534249155089,D15,5.38,1.6818,12.039395263849343,0.05964102954645689,-0.07192475984747726,0.7881014555019978,0.7064860196375935,1.0896788810062592,4.260046815951005,1e+26,11087314298792.299,124858386313.37143,133484559257689.11,3507974217292069.5,1.8605111694185361,0.8516960880213589,10.253905848363361,136055546682.2018,113688276931029.08,5.142679485795827,6.142679485795827,0.8372045941331671,4.841054643437955,4.339717179829393,0.7934334409227338,0.8998242831669062,0.4154561763486424,0.4154558941784976,3477617990615.9233,0.06763433882994718
kq,0.7005534249155089,D15,5.38,2.0,14.317273473480014,0.07325846992097218,-0.08002756528755695,0.7573779224341347,0.6655456470569224,1.1082552816124172,5.972475962706944,1e+26,9323322593854.443,124858386313.37143,133484559257689.11,3507974217292069.5,1.8605111694185361,0.8301087754564647,11.88489435094582,138374966085.39743,110806704027746.2,5.276416934143964,6.276416934143964,0.8406734271332487,4.753619617912377,4.17724196963387,0.7896339883334702,0.8835724196863154,0.5025265425775862,0.5025266930689405,4958646952712.548,0.08006585665043531
kq,0.7005534249155089,D15,5.38,2.3784,17.026101614662434,0.08958520314247198,-0.08908021405835342,0.7232266155074526,0.6216958495003939,1.1303763942842129,8.349020616806424,1e+26,7839995453964.383,124858386313.37143,133484559257689.11,3507974217292069.5,1.8605111694185361,0.8058552801949366,13.720573887311257,141136972517.0541,107569236902302.67,5.435219086658434,6.435219086658434,0.8446051351890705,4.65412172009294,4.000748996801264,0.7851366895535274,0.8650783866343754,0.6085035806554253,0.6085038868272787,7070132960031.159,0.09455836880789548
kq,0.7005534249155089,D15,5.38,2.8284,20.247488146195433,0.10916253357913241,-0.09908853319813138,0.6856889429074607,0.5754264774350969,1.156708439236042,11.635695312819635,1e+26,6592647853100.301,124858386313.37143,133484559257689.11,3507974217292069.5,1.8605111694185361,0.7788578662025527,15.769915413507254,144424749158.07065,103965498994431.94,5.62361913522861,6.62361913522861,0.8490251357175165,4.541742403056535,3.811405826856302,0.779820185458556,0.8441900377428504,0.7378414779545686,0.7378411137570782,10082894261002.285,0.11139550669625464
kq,0.7005534249155089,D15,5.38,3.3636,24.078790527698686,0.13264790805080673,-0.1099919288326816,0.6449679645283488,0.5273940294827142,1.1880451310835667,16.164395549349532,1e+26,5543657149396.149,124858386313.37143,133484559257689.11,3507974217292069.5,1.8605111694185361,0.749136584024867,18.03830288337052,148337397934.55197,99998166742370.16,5.846730881126756,6.846730881126756,0.8539448946713338,4.415922080073712,3.6109249881811745,0.7735467288899021,0.8208033606084967,0.8961155115480424,0.8961144295537469,14386706249852.172,0.13088219851198346
kq,0.7005534249155089,D15,5.38,4.0,28.63454694696003,0.16083323889672285,-0.12164302494221468,0.6014578035496561,0.4784076440421662,1.2253255365768454,22.379081804359558,1e+26,4661661296927.222,124858386313.37143,133484559257689.11,3507974217292069.5,1.8605111694185361,0.7168356072228972,20.52626284827665,152992169205.5509,95686485090366.38,6.110187546303146,7.110187546303146,0.859356733772805,4.276477784425609,3.4015680727248383,0.766162704354066,0.794884346547511,1.0902676043191764,1.0902622743642572,20542945620464.656,0.15333855349908276
kq,0.7005534249155089,D15,5.38,4.7568,34.05220322932487,0.19469562742057,-0.13379494018490368,0.55572097577215,0.42935238730860453,1.269693473905838,30.876027029179927,1e+26,3919997726982.1914,124858386313.37143,133484559257689.11,3507974217292069.5,1.8605111694185361,0.6822158872333741,23.230954038345033,158531878264.5017,91065287025940.28,6.420255057035455,7.420255057035455,0.8652337430029635,4.1235913807739735,3.185904223176918,0.7574929454304209,0.7664667994003669,1.329089180727514,1.3290915269594321,29369007349688.5,0.17911648945201364
kq,0.7005534249155089,D15,5.38,5.6569,40.49569215606455,0.2354450438311133,-0.14609888916266545,0.5084617018873534,0.38112924149085875,1.3225555308159944,42.455079951499336,1e+26,3296265655696.386,124858386313.37143,133484559257689.11,3507974217292069.5,1.8605111694185361,0.64564480730007,26.145833358585254,165132149387.50943,86183612539465.47,6.7839157853930505,7.7839157853930505,0.8715299564421605,3.9578230675887855,2.9666779191155754,0.7473358503089358,0.735654845276726,1.623781885872393,1.6237739863365017,42064191628857.875,0.20860709505043928
kq,0.7005534249155089,D15,5.38,6.7272,48.15758105539737,0.28457818426544756,-0.1580759573463949,0.4605165385699566,0.33461499636679787,1.385640773674544,58.185426925080755,1e+26,2771828574698.0747,124858386313.37143,133484559257689.11,3507974217292069.5,1.8605111694185361,0.6076062848677073,29.26084891328548,173008871011.01508,81106057137767.8,7.2086153634069925,8.208615363406992,0.8781767745559285,3.7802031336083544,2.7467258000028716,0.7354639513656346,0.7026399876595454,1.9885092146432708,1.9885021395295404,60399570129612.836,0.2422464495488441
kq,0.7005534249155089,D15,5.38,8.0,57.26909389392006,0.3440069289600254,-0.16913627426487532,0.41274820625039077,0.29055833078422305,1.461162911431464,79.51238616599869,1e+26,2330830648463.611,124858386313.37143,133484559257689.11,3507974217292069.5,1.8605111694185361,0.5686318200625204,32.56502909423114,182438443262.28024,75903567880943.12,7.702699436550039,8.702699436550038,0.8850931245769389,3.5920235819723145,2.5286418216007776,0.7216053911731508,0.6676623758312853,2.4416497276157214,2.4416473097538542,87036695713164.4,0.28056232196504993
kq,0.7005534249155089,D15,5.38,9.5137,68.10512232232341,0.41619465744330286,-0.1785621053173666,0.36600512551824443,0.24955693656195382,1.5519838726854647,108.39647450319897,1e+26,1959978261634.1577,124858386313.37143,133484559257689.11,3507974217292069.5,1.8605111694185361,0.5292824939354969,36.04684899254141,193778201927.884,70651040425790.31,8.275353993729075,9.275353993729075,0.8921874032326869,3.39482710270096,2.3147289282027117,0.7054341886205664,0.6310087551488773,3.007101600847488,3.0070874678576445,126029243547309.72,0.3242032492813962
kq,0.7005534249155089,D15,5.38,11.3137,80.99066844845542,0.5043626291565144,-0.18548675305894013,0.321071154208679,0.21203875701699806,1.6618624881098147,147.5121262631304,1e+26,1648147395432.8723,124858386313.37143,133484559257689.11,3507974217292069.5,1.8605111694185361,0.4901207246500153,39.69520510984611,207497468540.11588,65423548912966.5,8.936573745433154,9.936573745433154,0.8993616888860106,3.190347201325879,2.106938745989383,0.6865544917542489,0.5930013385364088,3.7161189495174938,3.7161200913651626,183650356671417.0,0.37398398786336884
kq,0.7005534249155089,D15,5.38,13.4543,96.31444624712108,0.6128442844073672,-0.1888747692062107,0.2785968886808716,0.1782415508451481,1.7958851642278189,200.5562058347944,1e+26,1385924588251.257,124858386313.37143,133484559257689.11,3507974217292069.5,1.8605111694185361,0.45165762652900515,43.50115419243015,224231323609.6095,60289319212598.2,9.697611072485053,10.697611072485053,0.9065211855970288,2.980321161112378,1.9067587878979637,0.6644656914670367,0.553963041098955,4.610364111277149,4.610367995073258,269825900954743.44,0.430971451994111
kq,0.7005534249155089,D15,5.38,16.0,114.53818778784012,0.7475761917964194,-0.1874460095528222,0.2390894342620645,0.14824089125560957,1.9610515802323192,272.6857115831994,1e+26,1165415324231.8054,124858386313.37143,133484559257689.11,3507974217292069.5,1.8605111694185361,0.41434605730814955,47.458446521112,244853735785.09442,55308800839939.54,10.570874086398243,11.570874086398243,0.913576105613705,2.7664737392345384,1.7152766871741127,0.6385290104807964,0.5142144496718473,5.745777035809335,5.745778871946096,400608691058179.0,0.49657249725498787
kq,0.7005534249155089,D15,5.38,19.0273,136.20952878097313,0.916890152261802,-0.17956704652399025,0.2028990171165601,0.12197393053754836,2.167222846048513,371.18255960583457,1e+26,979994281254.2446,124858386313.37143,133484559257689.11,3507974217292069.5,1.8605111694185361,0.3785641864065346,51.56404944378656,270595947339.0895,50532473573221.94,11.570032658335991,12.570032658335991,0.9204457118624242,2.5504472714994337,1.5332162903225885,0.6079119097364871,0.47406083113372377,7.1984731949927685,7.198486365958052,602642978113733.2,0.5726695425707362
kq,0.7005534249155089,D15,5.38,22.6274,161.98133689691085,1.132840213340136,-0.1630585255729552,0.17021708654381945,0.09926608243591971,2.4287075053294265,506.5012851856304,1e+26,824073697716.4362,124858386313.37143,133484559257689.11,3507974217292069.5,1.8605111694185361,0.34460365136209486,55.8193601471891,303244499942.60614,45999266520659.59,12.710254179511526,13.710254179511526,0.9270618920038411,2.333719522211676,1.3609632216008039,0.5714994923416093,0.4337768628646238,9.073934373762969,9.073898238261688,921562373678423.0,0.6618355797129993
kq,0.7005534249155089,D15,5.38,26.9087,192.62960835791583,1.4134040249654443,-0.13485287228223686,0.14109878270535592,0.07986728139676173,2.766887334839344,693.9101888185934,1e+26,692959718890.5034,124858386313.37143,133484559257689.11,3507974217292069.5,1.8605111694185361,0.3126788419695437,60.231202870399855,345469087738.9455,41737797409509.164,14.007983310961063,15.007983310961063,0.9333687958415005,2.117608176038903,1.198646826294431,0.5277691069976164,0.39360746766522364,11.520771741712817,11.520750851328335,1438347119423513.2,0.7676429656129358
kq,0.7005534249155089,D15,5.38,32.0,229.07637557568023,1.7863980384738594,-0.09041247836431976,0.11548173046447284,0.06347930527760656,3.214893590263398,956.1887198351491,1e+26,582707662115.9027,124858386313.37143,133484559257689.11,3507974217292069.5,1.8605111694185361,0.2829292777809038,64.81241349829429,401406425849.489,37766689945680.24,15.480900507553006,16.480900507553006,0.9393237038509085,1.90324291022503,1.0461961145688181,0.47458099298435585,0.353762622718407,14.75316547064934,14.753125529117252,2302921778799753.5,0.8951675333577214
kq,0.7005534249155089,D15,8.0,0.25,2.846601999922014,0.004651305510807502,-0.03369240636141313,0.9396154038483238,0.9256670186202355,1.0101289786354104,0.2186705204677986,1e+26,74586580750835.55,78498489706.10078,212318309932673.25,8917369017172276.0,1.8727828131732582,0.9566180300499623,2.7231107975016795,79293599231.24586,203107523391331.22,7.317445187223163,8.317445187223164,0.8797707736582202,7.8151996185789905,7.699184688994093,0.8720442152721588,0.9768999523223738,0.08030207394724131,0.08030168922575154,104035035681.96942,0.009654616970777852
kq,0.7005534249155089,D15,8.0,0.2973,3.3851790983072587,0.006528216461483272,-0.03904205921546,0.9281597751742814,0.9090444869711682,1.0130382558439037,0.32128950809338597,1e+26,62719963631715.06,78498489706.10078,212318309932673.25,8917369017172276.0,1.8727828131732582,0.9485899819094407,3.211146979623499,79521973098.24898,201403021778077.53,7.379373737333303,8.379373737333303,0.8806593390691456,7.777397644144557,7.617223500193833,0.8714222872797459,0.9721747055180696,0.1000561736333554,0.10005416174087656,153297453716.11133,0.011940564728973868
kq,0.7005534249155089,D15,8.0,0.3536,4.026233868689697,0.008839687769251148,-0.044738232082618956,0.91552183523445,0.8903484661997444,1.0164936763195185,0.4659856365967803,1e+26,52733725078362.234,78498489706.10078,212318309932673.25,8917369017172276.0,1.8727828131732582,0.9397616435511499,3.7837001577611336,79793218386.88426,199528603898331.44,7.4486972819496655,8.448697281949666,0.881638557208522,7.734966840910868,7.522284666369835,0.8707169635542691,0.9668708551138585,0.1231557507683243,0.12315612919953067,223094961996.70905,0.014576932290566447
kq,0.7005534249155089,D15,8.0,0.4204,4.786845923068858,0.011647926823566523,-0.050923944979605174,0.901432931463313,0.8693205153130344,1.020586765652591,0.6691572884716793,1e+26,44354531845168.62,78498489706.10078,212318309932673.25,8917369017172276.0,1.8727828131732582,0.9299317676469473,4.451440090693007,80114519717.76262,197441541259503.25,7.527433994122438,8.527433994122438,0.882731428857819,7.686909823181697,7.413073314068406,0.8699087119528496,0.9608637278977121,0.1503237095927834,0.15032379247468075,321655288689.2935,0.017628257332091835
kq,0.7005534249155089,D15,8.0,0.5,5.693203999844028,0.015050434013235803,-0.057789689150806844,0.8855178426542629,0.8455709689898665,1.0254561658938135,0.9553546325950804,1e+26,37293290375417.77,78498489706.10078,212318309932673.25,8917369017172276.0,1.8727828131732582,0.9188206597089782,5.231033454994483,80496760282.4731,195082449600634.12,7.618461694382382,8.618461694382383,0.8839700128096163,7.631801606607891,7.287521006120958,0.868969340196925,0.9539752008259864,0.18263284416518832,0.18263189508736266,461417717068.5381,0.021190803686010895
kq,0.7005534249155089,D15,8.0,0.5946,6.770358196614517,0.019142118584877243,-0.06548941715498757,0.8674948268173449,0.8188910193476256,1.0312323379762867,1.3569156275318326,1e+26,31359981815857.53,78498489706.10078,212318309932673.25,8917369017172276.0,1.8727828131732582,0.9062076007807484,6.1353500577803155,80950181067.22978,192404466245911.16,7.72449932440327,8.72449932440327,0.8853802421414713,7.568458030491257,7.144414145058265,0.8678726900550585,0.9460572538114072,0.22116371577338323,0.22116345683914185,659055394449.9333,0.02534971323342461
kq,0.7005534249155089,D15,8.0,0.7071,8.051329096579423,0.024048881046454973,-0.07420853830698448,0.8470284261949934,0.7890440662683511,1.0380856552398037,1.9197186445707088,1e+26,26370591412401.203,78498489706.10078,212318309932673.25,8917369017172276.0,1.8727828131732582,0.8918256957121257,7.180382172964223,81488156121.89261,189350924468129.03,7.849067405946941,8.84906740594694,0.8869937413599135,7.49541163815265,6.982304128671103,0.8665850458552715,0.9369264547690812,0.2673563400955905,0.26735593786398026,938605995713.3159,0.030212911969584866
kq,0.7005534249155089,D15,8.0,0.8409,9.574830486937685,0.02991889643921053,-0.08413008785641407,0.8238093779002407,0.7558869310589786,1.0462116084814428,2.706948566540893,1e+26,22174628597584.598,78498489706.10078,212318309932673.25,8917369017172276.0,1.8727828131732582,0.8754155514226751,8.381955510501195,82126031178.78368,185866750366841.6,7.996202476211442,8.996202476211442,0.8888419860886536,7.411155965392353,6.800111880928651,0.865068282914343,0.9263944956740441,0.32294918579823184,0.32294969685370534,1333865654250.607,0.035898433342396174
kq,0.7005534249155089,D15,8.0,1.0,11.386407999688055,0.036926289452487326,-0.09543270072810117,0.7975681496664099,0.7193918280715261,1.0558347166211428,3.805104980664543,1e+26,18646645187708.887,78498489706.10078,212318309932673.25,8917369017172276.0,1.8727828131732582,0.8567319155470409,9.755099136772898,82881430634.02863,181899872374329.47,8.170583904920079,9.170583904920079,0.890955689368537,7.314165636407667,6.59724311984377,0.8632790054654618,0.9142707045509584,0.39006305184297174,0.3900632581448551,1892235267060.8708,0.04253417665367465
kq,0.7005534249155089,D15,8.0,1.1892,13.540716393229035,0.04527895423471451,-0.10828288245368334,0.7680928038845349,0.679660441426188,1.0672163594759143,5.3325556943264525,1e+26,15679990907928.766,78498489706.10078,212318309932673.25,8917369017172276.0,1.8727828131732582,0.8355542056947278,11.314002530482066,83774872408.50241,177403456810241.84,8.377673108807821,9.377673108807821,0.893363738701793,7.202923232056803,6.373633444682817,0.8611674777332802,0.9003654040071004,0.4713229416465916,0.4713239839009944,2680405037420.5894,0.05026018703446766
kq,0.7005534249155089,D15,8.0,1.4142,16.102658193158845,0.05522157005151329,-0.12282223420706517,0.7352627699013363,0.6369553815684268,1.0806563992313103,7.449853892692232,1e+26,13185295706200.602,78498489706.10078,212318309932673.25,8917369017172276.0,1.8727828131732582,0.8117082973060509,13.070661264070296,84829895230.89095,172340533842348.6,8.623787662676413,9.623787662676413,0.8960908080008598,7.076012773801767,6.129923342813573,0.858677473887215,0.8845015967252209,0.5699686805967776,0.569966688553684,3791821951215.163,0.059224884640940445
kq,0.7005534249155089,D15,8.0,1.6818,19.14966097387537,0.06704250950702284,-0.13914602974495882,0.6990866806958997,0.5917154948370543,1.096498015114449,10.373668992748138,1e+26,11087314298792.299,78498489706.10078,212318309932673.25,8917369017172276.0,1.8727828131732582,0.7850939613102611,15.034283191728326,86073438152.22151,166689823003742.2,8.916130227670509,9.916130227670509,0.8991542086438573,6.932234566210453,5.867527904534727,0.8557463700270235,0.8665293207763066,0.6900013751970082,0.690000386968183,5357384138753.55,0.06958369650789109
kq,0.7005534249155089,D15,8.0,2.0,22.77281599937611,0.0810758395020561,-0.15728718628237537,0.6597347874856818,0.5445607656590843,1.1151277003284035,14.393139472668237,1e+26,9323322593854.443,78498489706.10078,212318309932673.25,8917369017172276.0,1.8727828131732582,0.7557096944766478,17.20963782126144,87535840305.21703,160451005131018.72,9.262816199344531,10.262816199344531,0.9025608584840613,6.7707368642791765,5.588727047333511,0.8523055879965199,0.8463421080348971,0.8363423571099464,0.836341044912684,7559493350221.214,0.08149243750210644
kq,0.7005534249155089,D15,8.0,2.3784,27.08143278645807,0.09771622912108979,-0.17720214242528476,0.6175453409549515,0.49624762132608025,1.1369902821991436,19.89424076447078,1e+26,7839995453964.383,78498489706.10078,212318309932673.25,8917369017172276.0,1.8727828131732582,0.7236630518805108,19.59783229954517,89252019963.14609,153646916135990.5,9.673010086406649,10.673010086406649,0.9063057195763715,6.59106765282563,5.296455867768562,0.8482795121104099,0.8238834566032037,1.0151230092101704,1.015127284675351,10653607043173.084,0.09511137631079691
kq,0.7005534249155089,D15,8.0,2.8284,32.20531638631769,0.11742502060138005,-0.1987611858405568,0.573029343408582,0.44763261438204643,1.162594478664514,27.388449238641485,1e+26,6592647853100.301,78498489706.10078,212318309932673.25,8917369017172276.0,1.8727828131732582,0.689181678447188,22.195314002045155,91261910715.81595,146325889204470.03,10.15697343517876,11.15697343517876,0.9103699577838085,6.3932731619874765,4.99422518738011,0.8435855977583273,0.7991591452484346,1.2339748442603824,1.2339734822016943,14997133254369.34,0.11060119035377625
kq,0.7005534249155089,D15,8.0,3.3636,38.29932194775074,0.1407457574190738,-0.2217349386269878,0.5268585554133687,0.3996131861671562,1.1925287139970828,37.552696609239895,1e+26,5543657149396.149,78498489706.10078,212318309932673.25,8917369017172276.0,1.8727828131732582,0.6526174608948797,24.994806243536626,93611702979.92961,138562636329753.33,10.72603848263803,11.72603848263803,0.9147197067892423,6.177963695684242,4.685879599165669,0.8381343676884063,0.7722454619605302,1.5024199266079896,1.5024202563961881,21092231286477.45,0.12812683161556038
kq,0.7005534249155089,D15,8.0,4.0,45.54563199875222,0.1683127125582815,-0.24580137446365558,0.47982874617232246,0.35306706893792655,1.22747186784713,51.27709136189349,1e+26,4661661296927.222,78498489706.10078,212318309932673.25,8917369017172276.0,1.8727828131732582,0.6144325139272949,27.984717167400774,96354687782.72623,130455272924726.98,11.392626271122595,12.392626271122595,0.9193068540822369,5.9463383254549385,4.3754282339884005,0.8318292795888816,0.7432922906818673,1.83232305694251,1.832330957894924,29644728771489.453,0.14785606786205108
kq,0.7005534249155089,D15,8.0,4.7568,54.16286557291614,0.2008887094270393,-0.27057107645180367,0.4327780721915118,0.30876151477896824,1.2682401074097314,69.74086466474213,1e+26,3919997726982.1914,78498489706.10078,212318309932673.25,8917369017172276.0,1.8727828131732582,0.5751504934172053,31.15179885915248,99554933016.36694,122114980719284.14,12.170727627146983,13.170727627146983,0.9240740505529217,5.700002111836156,4.066613812899108,0.8245614685083218,0.7125002639795195,2.238745608292101,2.2387304857910255,41658282661211.49,0.16997868689827555
kq,0.7005534249155089,D15,8.0,5.6569,64.41177141343536,0.2393949423617947,-0.29558750867570516,0.38654774419119053,0.2673243659143424,1.3158210067957232,94.50804313791976,1e+26,3296265655696.386,78498489706.10078,212318309932673.25,8917369017172276.0,1.8727828131732582,0.535340663879257,34.482240470107435,103289961757.02525,113662624993079.16,13.075786078486292,14.075786078486292,0.9289560103837881,5.44096335635664,3.762800588177276,0.816209017685865,0.68012041954458,2.7407738594259894,2.7407776926018412,58570392968682.15,0.19471556703720694
kq,0.7005534249155089,D15,8.0,6.7272,76.59864389550148,0.2849407301812181,-0.3203605628468541,0.3419195228489599,0.22921856039590777,1.3714123434709429,127.64772504149452,1e+26,2771828574698.0747,78498489706.10078,212318309932673.25,8917369017172276.0,1.8727828131732582,0.49557628702176393,37.96047153263493,107653797726.77336,105219919703170.31,14.124969622875811,15.124969622875811,0.9338841647332933,5.17152239655871,3.4669237629874297,0.8066333425017301,0.6464402995698387,3.3626484621175248,3.36264912830264,82450574231399.0,0.2223243349597226
kq,0.7005534249155089,D15,8.0,8.0,91.09126399750444,0.3389128968787132,-0.3443824709483523,0.29955473899547724,0.19471729866120197,1.4365265208540086,171.93229092950324,1e+26,2330830648463.611,78498489706.10078,212318309932673.25,8917369017172276.0,1.8727828131732582,0.45639082852566215,41.57321744727087,112765162309.79916,96900129381341.06,15.337731528508138,16.337731528508137,0.9387919921284621,4.8940449038004346,3.1812389494830544,0.7956700398838888,0.6117556129750543,4.135650539914013,4.1356478309424185,116327836157766.25,0.2531349343684042
kq,0.7005534249155089,D15,8.0,9.5137,108.32686978663224,0.403054378639915,-0.36714006090375273,0.25997333950317114,0.1639273991175665,1.5130821557175822,231.0860930017647,1e+26,1959978261634.158,78498489706.10078,212318309932673.25,8917369017172276.0,1.8727828131732582,0.4182588081584455,45.308667448491924,118774664025.0814,88804003262655.36,16.736049219908473,17.736049219908473,0.9436176575966245,4.6108999452922195,2.9074244192407406,0.7831225982205466,0.5763624931615274,5.100261490044221,5.1002709046718175,164683038342919.9,0.2875647547675442
kq,0.7005534249155089,D15,8.0,11.3137,128.82240418607077,0.47958133202664177,-0.3881152525850978,0.22354606021941387,0.1368163251435318,1.603537986971176,310.13261683974736,1e+26,1648147395432.872,78498489706.10078,212318309932673.25,8917369017172276.0,1.8727828131732582,0.38158419219656503,49.156593038161205,125875310163.59843,81017310784199.05,18.344575438790972,19.344575438790972,0.9483059215662735,4.324403625958961,2.646653722997205,0.7687542407010529,0.5405504532448702,6.309069286511797,6.309150325262571,234228236019309.75,0.3261418118363224
kq,0.7005534249155089,D15,8.0,13.4543,153.196149150203,0.5713892096279989,-0.4067923415430784,0.19048124711502654,0.113231456257741,1.7111294312238672,415.92493930741824,1e+26,1385924588251.2568,78498489706.10078,212318309932673.25,8917369017172276.0,1.8727828131732582,0.34667608868876515,53.109441789573076,134321076042.73283,73605681244468.16,20.191758902311776,21.191758902311776,0.9528118451795471,4.036632664273313,2.399573721171709,0.7522687638014188,0.5045790830341641,7.831468154253608,7.8314704244445625,335204912404684.56,0.36955256884496634
kq,0.7005534249155089,D15,8.0,16.0,182.18252799500888,0.682307821830874,-0.4226196602121062,0.1608567737671329,0.09294311938886127,1.8401546049798714,557.8682210590841,1e+26,1165415324231.8054,78498489706.10078,212318309932673.25,8917369017172276.0,1.8727828131732582,0.31376729880487925,57.16291969843823,144449357316.6464,66618542594392.05,22.309526922220954,23.309526922220954,0.95709908642347,3.7494952987465893,2.166460143629858,0.7332974386354644,0.46868691234332366,9.759268750343283,9.759208525345839,483502235996193.2,0.4186814833815333
kq,0.7005534249155089,D15,8.0,19.0273,216.65260093246454,0.8174976990058835,-0.4349926698264954,0.13463279702455752,0.07566969040365813,1.9964248945533662,748.9797386365493,1e+26,979994281254.2445,78498489706.10078,212318309932673.25,8917369017172276.0,1.8727828131732582,0.2830095595957324,61.31475717516674,156716339034.10077,60088111388156.06,24.734146825284682,25.734146825284682,0.9611411247946458,3.4646601661287137,1.9472949230715737,0.7113714038172569,0.4330825207660892,12.215330929273321,12.215103816143833,704264175899025.9,0.4746738022660679
kq,0.7005534249155089,D15,8.0,22.6274,257.64480837214154,0.984085513580016,-0.4431907651522272,0.11167791126280845,0.061102245271319584,2.1879821248274793,1007.5006505196749,1e+26,824073697716.436,78498489706.10078,212318309932673.25,8917369017172276.0,1.8727828131732582,0.25448527596708626,65.5668101600715,171753292302.9024,54031883696081.7,27.506502973104585,28.506502973104585,0.9649202849980061,3.183546709443359,1.7418113364902372,0.6858849292100226,0.39794333868041987,15.366010701563926,15.366112643802563,1038249322344420.2,0.5390354163061772
kq,0.7005534249155089,D15,8.0,26.9087,306.39343694120595,1.1921313846186283,-0.4463145251878292,0.09179033290252801,0.04892387300168933,2.426195086019551,1359.2877147165734,1e+26,692959718890.5034,78498489706.10078,212318309932673.25,8917369017172276.0,1.8727828131732582,0.2282114402105046,69.92248751539903,190452649984.898,48453467292795.65,30.67330889960261,31.67330889960261,0.9684276750758887,2.9073035680191266,1.5495809421474345,0.6560386706774677,0.3634129460023908,19.439918973002612,19.43982865927706,1553279684158125.0,0.613763459796246
kq,0.7005534249155089,D15,8.0,32.0,364.36505599001777,1.456223568505194,-0.44312717770927423,0.07472950814685204,0.03882762013884769,2.7275593893929755,1841.531648362021,1e+26,582707662115.9027,78498489706.10078,212318309932673.25,8917369017172276.0,1.8727828131732582,0.2041652418115299,74.3906797638736,214109292651.04303,43348019088419.586,34.28595356334883,35.28595356334883,0.9716601112053072,2.63690195428172,1.3700696011947275,0.6207670905714826,0.329612744285215,24.75486203954806,24.75490104048171,2365734231751810.0,0.7015501449423311
kq,0.7005534249155089,DN,1.0,0.25,0.25,0.0,0.0,1.0,1.0,1.0,0.0,,,,,,,,,,,,,,,,,,,,,
kq,0.7005534249155089,DN,1.0,0.2973,0.2973,0.0,0.0,1.0,1.0,1.0,0.0,,,,,,,,,,,,,,,,,,,,,
kq,0.7005534249155089,DN,1.0,0.3536,0.3536,0.0,0.0,1.0,1.0,1.0,0.0,,,,,,,,,,,,,,,,,,,,,
kq,0.7005534249155089,DN,1.0,0.4204,0.4204,0.0,0.0,1.0,1.0,1.0,0.0,,,,,,,,,,,,,,,,,,,,,
kq,0.7005534249155089,DN,1.0,0.5,0.5,0.0,0.0,1.0,1.0,1.0,0.0,,,,,,,,,,,,,,,,,,,,,
kq,0.7005534249155089,DN,1.0,0.5946,0.5946,0.0,0.0,1.0,1.0,1.0,0.0,,,,,,,,,,,,,,,,,,,,,
kq,0.7005534249155089,DN,1.0,0.7071,0.7071,0.0,0.0,1.0,1.0,1.0,0.0,,,,,,,,,,,,,,,,,,,,,
kq,0.7005534249155089,DN,1.0,0.8409,0.8409,0.0,0.0,1.0,1.0,1.0,0.0,,,,,,,,,,,,,,,,,,,,,
kq,0.7005534249155089,DN,1.0,1.0,1.0,0.0,0.0,1.0,1.0,1.0,0.0,,,,,,,,,,,,,,,,,,,,,
kq,0.7005534249155089,DN,1.0,1.1892,1.1892,0.0037472384743919562,0.0037472384743919562,1.0168662589912874,1.0173359284795818,0.9824742807135798,0.053019120220217306,1e+26,15679990907928.764,893815831152.9764,18646645187708.887,0.0,1.837981334979805,1.0216524322095857,1.2149490723836394,878151065802.431,19050390408571.95,0.0,1.0,0.0,1.0168662589912874,1.0173359284795818,0.016586506673963566,1.0168662589912874,-0.017040515324658223,0.012819605265560696,279352781575.7463,0.04363896671222278
kq,0.7005534249155089,DN,1.0,1.4142,1.4142,0.015455854972423744,0.015455854972423966,1.0339560957389775,1.0359047627366895,0.9691494822010006,0.13483521613231056,1e+26,13185295706200.6,893815831152.9764,18646645187708.887,0.0,1.837981334979805,1.0477804235795065,1.481771075026138,866241149944.9641,19537589793114.383,0.0,1.0,0.0,1.0339560957389775,1.0359047627366895,0.03284094545108203,1.0339560957389775,-0.03466029313528307,0.02660677536575773,700798876053.1829,0.09099598533524045
kq,0.7005534249155089,DN,1.0,1.6818,1.6818,0.036257437689244165,0.036257437689244165,1.0516368383742847,1.056182101494584,0.9598694857357031,0.26183640034297817,1e+26,11087314298792.299,893815831152.9764,18646645187708.887,0.0,1.837981334979805,1.0795816025915155,1.8156403392384104,857946542191.2375,20130575094702.13,0.0,1.0,0.0,1.0516368383742847,1.056182101494584,0.04910139745019732,1.0516368383742847,-0.05319357468289021,0.042100657404495534,1347849805764.3523,0.14421160091160345
kq,0.7005534249155089,DN,1.0,2.0,2.0,0.06803334343490319,0.06803334343490319,1.0703749174893273,1.0787445543058525,0.9546539300708566,0.4612281403745736,1e+26,9323322593854.443,893815831152.9764,18646645187708.887,0.0,1.837981334979805,1.118764936478742,2.237529872957484,853284795969.7382,20861212818968.773,0.0,1.0,0.0,1.0703749174893273,1.0787445543058525,0.06574791350155965,1.0703749174893273,-0.07299647909372098,0.06027613671739296,2361353757930.1187,0.2061327224005538
kq,0.7005534249155089,DN,1.0,2.3784,2.3784,0.11380779630044446,0.11380779630044424,1.0907663228075342,1.104295500142786,0.9537563063397113,0.7798503529688029,1e+26,7839995453964.382,893815831152.9764,18646645187708.887,0.0,1.837981334979805,1.1678117239140178,2.7775234041571,852482485668.4219,21775770861871.34,0.0,1.0,0.0,1.0907663228075342,1.104295500142786,0.08321335276827196,1.0907663228075342,-0.09444528219964732,0.08251507559642346,3988852604089.4473,0.28077181466912293
kq,0.7005534249155089,DN,1.0,2.8284,2.8284,0.17844469990748535,0.17844469990748535,1.1135659232927964,1.1336764358913478,0.9577805677694281,1.30175086741471,1e+26,6592647853100.3,893815831152.9764,18646645187708.887,0.0,1.837981334979805,1.2303911141692518,3.4800382273163115,856079434243.0011,22942666548023.855,0.0,1.0,0.0,1.1135659232927964,1.1336764358913478,0.10198401452244854,1.1135659232927964,-0.11791409934903108,0.11089569456801751,6686412876610.325,0.3740621721206594
kq,0.7005534249155089,DN,1.0,3.3636,3.3636,0.2700244821723976,0.2700244821723976,1.1397446220988747,1.1678856018550152,0.9678990697142776,2.1863303790734845,1e+26,5543657149396.149,893815831152.9764,18646645187708.887,0.0,1.837981334979805,1.3121455758267309,4.413532858850791,865123511468.8597,24467112987063.016,0.0,1.0,0.0,1.1397446220988747,1.1678856018550152,0.12261046851138523,1.1397446220988747,-0.1437517523876941,0.1487708671980057,11348674888650.576,0.49536954679751943
kq,0.7005534249155089,DN,1.0,4.0,4.0,0.40269335501433523,0.40269335501433523,1.170568623761463,1.2080685317847808,0.9862896475722895,3.7581467001706,1e+26,4661661296927.222,893815831152.9764,18646645187708.887,0.0,1.837981334979805,1.4221921100632111,5.6887684402528444,881561301102.4022,26519111665107.723,0.0,1.0,0.0,1.170568623761463,1.2080685317847808,0.14571433088080213,1.170568623761463,-0.17223239105266963,0.2019802075011865,19878220168416.562,0.6606254013092894
kq,0.7005534249155089,DN,1.0,4.7568,4.7568,0.6035302238461457,0.6035302238461457,1.2077664098689314,1.2555029573175986,1.0171360727711303,6.749564947677118,1e+26,3919997726982.191,893815831152.9764,18646645187708.887,0.0,1.837981334979805,1.5765149489560597,7.499166309194186,909132324279.6022,29396714886302.633,0.0,1.0,0.0,1.2077664098689314,1.2555029573175986,0.17202532556893885,1.2077664098689314,-0.20350645598118278,0.28183580576250233,36817486012546.98,0.9000413069486513
kq,0.7005534249155089,DN,1.0,5.6569,5.6569,0.9314578655934913,0.9314578655934913,1.253828381888652,1.311463048305184,1.0692030573543232,13.080438724813623,1e+26,3296265655696.3857,893815831152.9764,18646645187708.887,0.0,1.837981334979805,1.8064462613610217,10.218885855893166,955670619380.458,33684162486262.207,0.0,1.0,0.0,1.253828381888652,1.311463048305184,0.20244268318947142,1.253828381888652,-0.23749281286094226,0.4136548448787343,75003545867464.58,1.2800239599286556
kq,0.7005534249155089,DN,1.0,6.7272,6.7272,1.544372516555112,1.5443725165551125,1.3127307363957632,1.3768034725396927,1.1641737584716059,29.194763273968046,1e+26,2771828574698.0747,893815831152.9764,18646645187708.887,0.0,1.837981334979805,2.185560787674437,14.70270453084347,1040556935534.7828,40753376543934.78,0.0,1.0,0.0,1.3127307363957632,1.3768034725396927,0.23822915676858264,1.3127307363957632,-0.2736799260424799,0.6689632476374137,182272880436141.7,1.9856661994559488
kq,0.7005534249155089,DN,1.0,8.0,8.0,3.08307938350511,3.08307938350511,1.3927986635999245,1.4508382843132148,1.3784309161640829,91.29417293997224,1e+26,2330830648463.611,893815831152.9764,18646645187708.887,0.0,1.837981334979805,2.962121159374139,23.696969274993112,1232063375018.1584,55233622261854.46,0.0,1.0,0.0,1.3927986635999245,1.4508382843132148,0.2820211376313858,1.3927986635999245,-0.3107433055687724,1.3734616386532474,674881240991481.9,3.852519781762709
kq,0.7005534249155089,DN,1.0,9.5137,9.5137,inf,,,,,,1e+26,1959978261634.1577,893815831152.9764,18646645187708.887,0.0,1.837981334979805,,,,,,,,,,,,,,,
kq,0.7005534249155089,DN,1.0,11.3137,11.3137,inf,,,,,,1e+26,1648147395432.872,893815831152.9764,18646645187708.887,0.0,1.837981334979805,,,,,,,,,,,,,,,
kq,0.7005534249155089,DN,1.0,13.4543,13.4543,inf,,,,,,1e+26,1385924588251.257,893815831152.9764,18646645187708.887,0.0,1.837981334979805,,,,,,,,,,,,,,,
kq,0.7005534249155089,DN,1.0,16.0,16.0,inf,,,,,,1e+26,1165415324231.8054,893815831152.9764,18646645187708.887,0.0,1.837981334979805,,,,,,,,,,,,,,,
kq,0.7005534249155089,DN,1.0,19.0273,19.0273,inf,,,,,,1e+26,979994281254.2445,893815831152.9764,18646645187708.887,0.0,1.837981334979805,,,,,,,,,,,,,,,
kq,0.7005534249155089,DN,1.0,22.6274,22.6274,inf,,,,,,1e+26,824073697716.436,893815831152.9764,18646645187708.887,0.0,1.837981334979805,,,,,,,,,,,,,,,
kq,0.7005534249155089,DN,1.0,26.9087,26.9087,inf,,,,,,1e+26,692959718890.5033,893815831152.9764,18646645187708.887,0.0,1.837981334979805,,,,,,,,,,,,,,,
kq,0.7005534249155089,DN,1.0,32.0,32.0,inf,,,,,,1e+26,582707662115.9027,893815831152.9764,18646645187708.887,0.0,1.837981334979805,,,,,,,,,,,,,,,
kq,0.7005534249155089,DN,1.5,0.25,0.40171885731648854,0.0,0.0,1.0,1.0,1.0,0.0,,,,,,,,,,,,,,,,,,,,,
kq,0.7005534249155089,DN,1.5,0.2973,0.4777240651207682,0.0,0.0,1.0,1.0,1.0,0.0,,,,,,,,,,,,,,,,,,,,,
kq,0.7005534249155089,DN,1.5,0.3536,0.5681911517884415,0.0,0.0,1.0,1.0,1.0,0.0,,,,,,,,,,,,,,,,,,,,,
kq,0.7005534249155089,DN,1.5,0.4204,0.6755304304634071,0.0,0.0,1.0,1.0,1.0,0.0,,,,,,,,,,,,,,,,,,,,,
kq,0.7005534249155089,DN,1.5,0.5,0.8034377146329771,0.0,0.0,1.0,1.0,1.0,0.0,,,,,,,,,,,,,,,,,,,,,
kq,0.7005534249155089,DN,1.5,0.5946,0.9554481302415364,0.0,0.0,1.0,1.0,1.0,0.0,,,,,,,,,,,,,,,,,,,,,
kq,0.7005534249155089,DN,1.5,0.7071,1.1362216160339562,0.00033401841923885733,-0.002059798087407305,0.992378342840004,0.9921769245141222,1.0051216514325312,0.008894512326110111,1e+26,26370591412401.195,556244631583.7224,29962835990369.656,89888507971108.97,1.8392675989597174,0.9928551439423245,1.1281034761377742,559093522697.911,29748755840138.727,0.5035981361940198,1.5035981361940198,0.33492867812988364,1.4921382266935401,1.4918353744741488,0.32982080204732733,0.9947588177956934,0.007884758547180404,0.007884463869614056,29837185374.509357,0.005243744087835012
kq,0.7005534249155089,DN,1.5,0.8409,1.3512215484697407,0.0018747146327013908,-0.0035106309589587603,0.9825083422737592,0.9813920903146202,1.0126454058160217,0.025211571374213176,1e+26,22174628597584.598,556244631583.7224,29962835990369.656,89888507971108.97,1.8392675989597174,0.9840457116753901,1.3296637702950287,563278570683.082,29484800265956.3,0.5081064772374481,1.508106477237448,0.3369168456647692,1.4817271949228836,1.4800437681130771,0.3251119346216461,0.9878181299485891,0.01896072922231773,0.018960870570253308,85206827330.04782,0.012572630065932344
kq,0.7005534249155089,DN,1.5,1.0,1.6068754292659542,0.004727995658679873,-0.003433507221455967,0.9729268021030062,0.9701525614435076,1.0210510014189516,0.04825152377672319,1e+26,18646645187708.887,556244631583.7224,29962835990369.656,89888507971108.97,1.8392675989597174,0.97602028830452,1.568343019741606,567954138112.4756,29244335821741.64,0.5122844330096539,1.5122844330096539,0.33874873127546345,1.4713420572782405,1.4671466163154583,0.32034838870177595,0.9808947048521603,0.030765716385969144,0.03076594034936475,164427915595.33466,0.020344009879380565
kq,0.7005534249155089,DN,1.5,1.1892,1.9108962604830728,0.00900292820369275,-0.0018044967301102943,0.9633597652558648,0.9581664203634527,1.030617778071299,0.08080563635123893,1e+26,15679990907928.764,556244631583.7224,29962835990369.656,89888507971108.97,1.8392675989597174,0.9685409319621049,1.8507812450111765,573275606266.9043,29020233094340.324,0.516240443227404,1.516240443227404,0.3404739964121765,1.4606850374590001,1.4528106778974965,0.31538971485626044,0.9737900249726668,0.04366003519584716,0.04366030562057999,277943401014.237,0.028795097239964207
kq,0.7005534249155089,DN,1.5,1.4142,2.2724432320679124,0.014860031501855664,0.0014524884900279922,0.9535346980546956,0.9451320460732314,1.041675117525511,0.12682866026468145,1e+26,13185295706200.598,556244631583.7224,29962835990369.656,89888507971108.97,1.8392675989597174,0.9613865893897598,2.184696448459613,579426191977.9086,28805868701226.23,0.5200821454326454,1.5200821454326454,0.3421408158732236,1.4494510695634515,1.4366783483121435,0.31008364407831857,0.966300713042301,0.05805321505574823,0.05805321610072123,440927085904.94556,0.03819084821188312
kq,0.7005534249155089,DN,1.5,1.6818,2.7024430969394815,0.02351395409477397,0.013079156483568388,0.9590827359124473,0.9463195330750004,1.044383549317185,0.2737317709443733,1e+26,11087314298792.299,556244631583.7224,29962835990369.656,89888507971108.97,1.8392675989597174,0.9700259613873818,2.621439963203414,580932742622.038,29064728787450.77,0.5154501218553716,1.5154501218553715,0.34013004745039316,1.4534420490079014,1.4341000517126277,0.31197807254676196,0.9689613660052676,0.05672551928688252,0.07615376123012818,954118490625.0135,0.06890387654934216
kq,0.7005534249155089,DN,1.5,2.0,3.2137508585319083,0.04032931402581963,0.037699520541211395,0.9755928922933936,0.9585858402552073,1.045588900995036,0.577450457222293,1e+26,9323322593854.443,556244631583.7224,29962835990369.656,89888507971108.97,1.8392675989597174,0.9924546057764033,3.189501841367863,581603213022.0131,29736754580765.348,0.503801380022663,1.5038013800226628,0.3350185647622364,1.4670979377711064,1.4415227094459646,0.3183822468462784,0.9780652918474043,0.0432033919192536,0.09918114337316575,2015082247689.0967,0.12039304399635853
kq,0.7005534249155089,DN,1.5,2.3784,3.8217925209661456,0.06767594360643425,0.07398739345326666,0.9908521142003239,0.970363383334493,1.0550530439127697,1.04951526354771,1e+26,7839995453964.382,556244631583.7224,29962835990369.656,89888507971108.97,1.8392675989597174,1.0179463484321858,3.890379741182926,586867591712.5435,30500559485069.27,0.4911850224425745,1.4911850224425744,0.32939240607313036,1.4775438321510823,1.4469913435550985,0.32320112727610256,0.9850292214340549,0.03054177143789749,0.12747365366758756,3695558971102.8,0.18091110152695933
kq,0.7005534249155089,DN,1.5,2.8284,4.544886464135825,0.10850637556820475,0.12572148805081618,1.0053186061147255,0.982199873049762,1.0740761506029823,1.794112848860066,1e+26,6592647853100.299,556244631583.7224,29962835990369.656,89888507971108.97,1.8392675989597174,1.0480834970768507,4.763420499148719,597449092685.0187,31403553927126.754,0.4770612278454161,1.477061227845416,0.32297999490603624,1.4849171347236587,1.4507693504764931,0.32656174771254237,0.9899447564824392,0.018122713552149117,0.16316406675726824,6431346562355.883,0.2549953733606003
kq,0.7005534249155089,DN,1.5,3.3636,5.404886193878963,0.16771623494164212,0.19913255506419625,1.01965588641786,0.9948914261186191,1.1048835946965339,2.997137297010359,1e+26,5543657149396.149,556244631583.7224,29962835990369.656,89888507971108.97,1.8392675989597174,1.0853021628885247,5.865934676383164,614585568074.8723,32518730706622.316,0.46070119188673986,1.4607011918867399,0.3153972862113347,1.4894125686048985,1.4532390919293654,0.32859435922668556,0.9929417124032657,0.005134805414205745,0.2095529572623862,11051983969688.992,0.34979045927485686
kq,0.7005534249155089,DN,1.5,4.0,6.427501717063817,0.25372346897525055,0.30497109372053943,1.0348618535889564,1.0096344867052565,1.151228219484673,5.011997033688608,1e+26,4661661296927.222,556244631583.7224,29962835990369.656,89888507971108.97,1.8392675989597174,1.1335468255848409,7.285874167818804,640364516816.0366,33964277622402.746,0.4410933793952716,1.4410933793952716,0.3060824410839833,1.4913325657957641,1.4549775744000883,0.3294587519005814,0.9942217105305095,-0.009542549142409595,0.2721267206608269,19257030352568.49,0.4773499525363434
kq,0.7005534249155089,DN,1.5,4.7568,7.643585041932291,0.3821354084661559,0.4633448307507553,1.052545132492892,1.0283246108024462,1.2197165638969578,8.576792737688635,1e+26,3919997726982.191,556244631583.7224,29962835990369.656,89888507971108.97,1.8392675989597174,1.1997417056266027,9.170327755309835,678460790721.4271,35947663956496.25,0.41675637152153455,1.4167563715215346,0.2941623414574493,1.4912000227732827,1.456885444346768,0.32939915187217184,0.9941333485155218,-0.02754442566568871,0.3609932503266662,34914105495996.15,0.660153065641822
kq,0.7005534249155089,DN,1.5,5.6569,9.089933615814576,0.5852637552307727,0.71640774040117,1.0755146584659434,1.054150551495697,1.322975784889978,15.45633180077405,1e+26,3296265655696.386,556244631583.7224,29962835990369.656,89888507971108.97,1.8392675989597174,1.2973840942552932,11.793135290994337,735898178060.3118,38873306832685.64,0.38539088170878427,1.3853908817087843,0.27818205446352523,1.4900082009828555,1.460410561990425,0.3288627543523793,0.9933388006552369,-0.05136889737321182,0.49745727001161,68245718470111.695,0.9460288356955004
kq,0.7005534249155089,DN,1.5,6.7272,10.809772387757926,0.9429471930514015,1.1699245830487452,1.1092482033091515,1.092944127747315,1.4889924130567143,30.885505096834954,1e+26,2771828574698.0747,556244631583.7224,29962835990369.656,89888507971108.97,1.8392675989597174,1.457310704890808,15.753197018112695,828244036231.6898,43665161637653.27,0.3430977336006487,1.3430977336006487,0.25545254452991584,1.489828747865113,1.4679307809295568,0.3287819144093073,0.9932191652434087,-0.08504014559178219,0.7367356422906197,153484412414742.06,1.4597463658745369
kq,0.7005534249155089,DN,1.5,8.0,12.855003434127633,1.7300193413947627,2.1945611210003064,1.1667725226205443,1.1572257585818027,1.8009357821836764,78.30166285487333,1e+26,2330830648463.611,556244631583.7224,29962835990369.656,89888507971108.97,1.8392675989597174,1.7738339993038656,22.802642152623548,1001760860666.702,53149097195283.21,0.2818753052406387,1.2818753052406386,0.21989292101053773,1.4956568835806001,1.4834191225143778,0.33139745420353256,0.9971045890537334,-0.13586437859323586,1.2891791344692538,470637247038791.0,2.678779594166514
kq,0.7005534249155089,DN,1.5,9.5137,15.287330771407508,5.4677647198915125,7.281917759177741,1.303743018033217,1.2920904678159773,2.839458641319058,569.5731173739227,1e+26,1959978261634.158,556244631583.7224,29962835990369.656,89888507971108.97,1.8392675989597174,2.916724208854971,44.58892774973781,1579433625837.7363,87393329099062.19,0.17142518942381832,1.1714251894238183,0.146338998829397,1.5272374118595418,1.5135873210140411,0.3452229547058995,1.0181582745730278,-0.2260603843860084,4.899708726166585,5397617603721584.0,10.903238664411674
kq,0.7005534249155089,DN,1.5,11.3137,18.179706544086226,inf,,,,,,1e+26,1648147395432.8723,556244631583.7224,29962835990369.656,89888507971108.97,1.8392675989597174,,,,,,,,,,,,,,,
kq,0.7005534249155089,DN,1.5,13.4543,21.61938408797293,inf,,,,,,1e+26,1385924588251.2568,556244631583.7224,29962835990369.656,89888507971108.97,1.8392675989597174,,,,,,,,,,,,,,,
kq,0.7005534249155089,DN,1.5,16.0,25.710006868255267,inf,,,,,,1e+26,1165415324231.8054,556244631583.7224,29962835990369.656,89888507971108.97,1.8392675989597174,,,,,,,,,,,,,,,
kq,0.7005534249155089,DN,1.5,19.0273,30.574500855272092,inf,,,,,,1e+26,979994281254.2445,556244631583.7224,29962835990369.656,89888507971108.97,1.8392675989597174,,,,,,,,,,,,,,,
kq,0.7005534249155089,DN,1.5,22.6274,36.35941308817245,inf,,,,,,1e+26,824073697716.4362,556244631583.7224,29962835990369.656,89888507971108.97,1.8392675989597174,,,,,,,,,,,,,,,
kq,0.7005534249155089,DN,1.5,26.9087,43.23892886348878,inf,,,,,,1e+26,692959718890.5033,556244631583.7224,29962835990369.656,89888507971108.97,1.8392675989597174,,,,,,,,,,,,,,,
kq,0.7005534249155089,DN,1.5,32.0,51.42001373651053,inf,,,,,,1e+26,582707662115.9027,556244631583.7224,29962835990369.656,89888507971108.97,1.8392675989597174,,,,,,,,,,,,,,,
kq,0.7005534249155089,DN,2.0,0.25,0.5624305757889645,0.0,0.0,1.0,1.0,1.0,0.0,,,,,,,,,,,,,,,,,,,,,
kq,0.7005534249155089,DN,2.0,0.2973,0.6688424407282366,0.0,0.0,1.0,1.0,1.0,0.0,,,,,,,,,,,,,,,,,,,,,
kq,0.7005534249155089,DN,2.0,0.3536,0.7955018063959114,0.0,0.0,1.0,1.0,1.0,0.0,,,,,,,,,,,,,,,,,,,,,
kq,0.7005534249155089,DN,2.0,0.4204,0.9457832562467227,0.0,0.0,1.0,1.0,1.0,0.0,,,,,,,,,,,,,,,,,,,,,
kq,0.7005534249155089,DN,2.0,0.5,1.124861151577929,0.00021341605563129917,-0.0028489543088946467,0.9929345172160833,0.9927619582486175,1.0032757864201574,0.008151082349316498,1e+26,37293290375417.77,397300515667.7126,41949773557822.53,251698641346935.2,1.8417459688425668,0.9938952571048227,1.1179941634547725,398601987301.6584,41693680975741.12,1.006142239689281,2.006142239689281,0.501530858472486,1.9919678762326682,1.991621698399198,0.49798387216401235,0.9959839381163341,0.0072908129599884575,0.007290808653558578,19494225738.582157,0.003634244048811297
kq,0.7005534249155089,DN,2.0,0.5946,1.3376848814564732,0.0013161800706644744,-0.005941716726387658,0.9830069754008609,0.9819558738313506,1.0085740768677163,0.02422713089696392,1e+26,31359981815857.527,397300515667.7126,41949773557822.53,251698641346935.2,1.8417459688425668,0.9856076078822243,1.3184323961125315,400707000828.63086,41346015967526.45,1.0146025578563669,2.014602557856367,0.503624178327239,1.980368367033225,1.978250815122723,0.4950434390657873,0.9901841835166125,0.01837569961086505,0.018375709640585436,58247885762.43042,0.009121259346045463
kq,0.7005534249155089,DN,2.0,0.7071,1.590778640561507,0.00339791610772755,-0.007793504661433692,0.9733936011072359,0.9707181546466721,1.0145893368768886,0.04692743234257882,1e+26,26370591412401.2,397300515667.7126,41949773557822.53,251698641346935.2,1.8417459688425668,0.9779390136237573,1.555684494644462,403096866732.1504,41024320174876.945,1.02255865250175,2.02255865250175,0.5055767610184868,1.968745650209277,1.9633344028211586,0.4920623698171979,0.9843728251046385,0.030165136206797394,0.030165133642000796,113497805646.471,0.014914345833005882
kq,0.7005534249155089,DN,2.0,0.8409,1.891791484723761,0.006533487664563742,-0.008451153020710422,0.9638171994142828,0.9587561557051076,1.0215181283498378,0.07899426829810059,1e+26,22174628597584.598,397300515667.7126,41949773557822.53,251698641346935.2,1.8417459688425668,0.9706620171107874,1.836290138514977,405849679157.3071,40719051818976.79,1.030224715062549,2.030224715062549,0.5074436871047592,1.9567654990532464,1.9464904430308672,0.48895255947437954,0.9783827495266232,0.043018075085588414,0.04301843040534137,192358790664.3022,0.021188988853282353
kq,0.7005534249155089,DN,2.0,1.0,2.249722303155858,0.01083291803031039,-0.007924536374540825,0.9540058972355524,0.9457720380495855,1.0295903724351612,0.12429360160094222,1e+26,18646645187708.887,397300515667.7126,41949773557822.53,251698641346935.2,1.8417459688425668,0.9635632676702555,2.1677497737795117,409056785895.0018,40421260887402.76,1.0378145717590945,2.0378145717590943,0.5092782170377878,1.9440871189307178,1.927308040699742,0.4856197593912264,0.9720435594653589,0.057337243827007,0.05733765155494974,305058847069.17163,0.028136820674262708
kq,0.7005534249155089,DN,2.0,1.1892,2.6753697629129465,0.01644862454871543,-0.006185230680427978,0.9436828661140159,0.9314546561881906,1.0390824797778586,0.18830229795835804,1e+26,15679990907928.764,397300515667.7126,41949773557822.53,251698641346935.2,1.8417459688425668,0.9564349208659894,2.5588170674789046,412828005037.02875,40122228353122.164,1.0455494442785143,2.0455494442785143,0.5111337920493484,1.9303499623546807,1.9053365543363878,0.4819592200886831,0.9651749811773404,0.0735895659079302,0.07358958981998298,466418772060.2227,0.03597546875155899
kq,0.7005534249155089,DN,2.0,1.4142,3.181557281123014,0.0235819778633779,-0.0031632771454499498,0.9325645157157909,0.9154830738118798,1.0503272328722053,0.2787613331544757,1e+26,13185295706200.6,397300515667.7126,41949773557822.53,251698641346935.2,1.8417459688425668,0.9490725286905292,3.0195286139691837,417295551239.9688,39813377668517.73,1.0536602522672711,2.053660252267271,0.5130645398156851,1.9151706786003964,1.8800912003109216,0.4778533259861735,0.9575853393001982,0.09231948531414069,0.09231948350453112,697955185098.5133,0.044953638198563795
kq,0.7005534249155089,DN,2.0,1.6818,3.783582969447522,0.032494356315665884,0.0012568223124653777,0.920352509613806,0.8975241513848387,1.0637318903188662,0.40662304895966817,1e+26,11087314298792.299,397300515667.7126,41949773557822.53,251698641346935.2,1.8417459688425668,0.941268031376146,3.5613656932001816,422621228555.8762,39485980773446.72,1.0623966465088452,2.0623966465088452,0.5151272177964574,1.8981319294335133,1.8510507999767885,0.47316623017956166,0.9490659647167566,0.11417614607589743,0.11417615328721187,1031085195062.827,0.05536091837043955
kq,0.7005534249155089,DN,2.0,2.0,4.499444606311716,0.043517404848769425,0.0072417899407069,0.9067360109332566,0.8772448599729947,1.0797930197568315,0.5873149106148153,1e+26,9323322593854.443,397300515667.7126,41949773557822.53,251698641346935.2,1.8417459688425668,0.9328100585124518,4.197127186487167,429002323563.7857,39131170727056.54,1.0720296065360784,2.0720296065360784,0.5173814134481636,1.878783859966129,1.8176773220456415,0.4677407969546704,0.9393919299830645,0.1399325839661052,0.1399325922733472,1511756767904.4773,0.06753408121085158
kq,0.7005534249155089,DN,2.0,2.3784,5.350739525825893,0.05959294127719672,0.0296402566329812,0.9144655097614568,0.87597428964281,1.089545625921412,1.1987234215483433,1e+26,7839995453964.382,397300515667.7126,41949773557822.53,251698641346935.2,1.8417459688425668,0.9450180259887973,5.056545304276218,432877039022.07764,39643292198290.49,1.058180873273474,2.058180873273474,0.5141340525580095,1.8821354214593078,1.8029135284221498,0.46868860306308185,0.9410677107296539,0.14158601664868864,0.17533420335529004,3113399071957.564,0.11518118691000723
kq,0.7005534249155089,DN,2.0,2.8284,6.363114562246028,0.08669085649442576,0.06558594536931528,0.9233196640892065,0.8758977734863693,1.1077957676195362,2.224402587975082,1e+26,6592647853100.3,397300515667.7126,41949773557822.53,251698641346935.2,1.8417459688425668,0.9618974692953355,6.120663794260751,440127829729.7512,40351381022781.875,1.0396118421359166,2.0396118421359164,0.5097106325129086,1.883213720953302,1.7864914713032813,0.4689928238767346,0.941606860476651,0.14168574264056155,0.22052754086574722,5874128900944.289,0.17818343450670682
kq,0.7005534249155089,DN,2.0,3.3636,7.567165938895044,0.1280169074322366,0.11687870795649946,0.9289372785432077,0.8731689295546896,1.1391551069079733,3.828677913174258,1e+26,5543657149396.149,397300515667.7126,41949773557822.53,251698641346935.2,1.8417459688425668,0.9804448061406327,7.419188541993949,452586911400.0461,41129437603542.75,1.0199452266327396,2.0199452266327396,0.5049370711566245,1.87640242163456,1.7637534112980142,0.46706527956359906,0.93820121081728,0.14525376035768178,0.27818523753835844,10396857068814.666,0.2554775783920604
kq,0.7005534249155089,DN,2.0,4.0,8.998889212623432,0.1888088917166184,0.19015958922997167,0.931650602082204,0.8683581118014727,1.187458194203265,6.3959552527312695,1e+26,4661661296927.222,397300515667.7126,41949773557822.53,251698641346935.2,1.8417459688425668,1.0022749390588184,9.019361137179207,471777752890.808,42045206736197.805,0.9977302245420259,1.9977302245420259,0.4994319114187466,1.861186566492395,1.7347452456720456,0.4627083506815725,0.9305932832461975,0.15159861629601945,0.3536078308242556,18104816380342.31,0.35497087382196923
kq,0.7005534249155089,DN,2.0,4.7568,10.701479051651786,0.2783182643832074,0.2973081198002965,0.9321049825597342,0.8624996167399943,1.259328408966118,10.65891371731261,1e+26,3919997726982.191,397300515667.7126,41949773557822.53,251698641346935.2,1.8417459688425668,1.0301587024987064,11.02422177466669,500331826277.2388,43214924298441.0,0.9707242171273661,1.970724217127366,0.49257232883774377,1.8369218620355492,1.6997488819725786,0.45561103024171673,0.9184609310177746,0.15942080505463685,0.45578900718913706,31997962597887.18,0.490612947192659
kq,0.7005534249155089,DN,2.0,5.6569,12.726454096722373,0.41426497249261995,0.46162047963302477,0.9315958938530498,0.8575248768506815,1.3669094653522145,18.169262163927428,1e+26,3296265655696.386,397300515667.7126,41949773557822.53,251698641346935.2,1.8417459688425668,1.0692884325418044,13.60825015289949,543073835455.5121,44856407613127.69,0.9352013634178208,1.935201363417821,0.4832579085031915,1.8028256439388655,1.6594833108461378,0.4453151898731753,0.9014128219694327,0.16614692704026046,0.6017614147968442,59203505344564.71,0.6899356310583471
kq,0.7005534249155089,DN,2.0,6.7272,15.134331877790087,0.6353324661312925,0.7356742578461497,0.9329545532307442,0.8573202623682089,1.5349906744164348,32.794156141645004,1e+26,2771828574698.0747,397300515667.7126,41949773557822.53,251698641346935.2,1.8417459688425668,1.1307392851139046,17.11298360816894,609852586490.7794,47434256963462.43,0.8843771620610718,1.8843771620610719,0.4693206752165093,1.758038253348905,1.6155147229788591,0.4311841633166458,0.8790191266744525,0.16642524841027462,0.8295191095470587,119997605668588.12,1.0169564320285929
kq,0.7005534249155089,DN,2.0,8.0,17.997778425246864,1.0479519748773458,1.2704740365185199,0.9433592430619221,0.8709149484580394,1.8254299132361715,67.36019130484426,1e+26,2330830648463.611,397300515667.7126,41949773557822.53,251698641346935.2,1.8417459688425668,1.2438023613261393,22.385679303946695,725244245843.9988,52177227408316.51,0.8039862530360548,1.8039862530360549,0.44567205081688954,1.7018071061582059,1.5711185945819073,0.4123893381445097,0.8509035530791029,0.148217747060728,1.2511048823932365,293115546856735.56,1.6680092362229004
kq,0.7005534249155089,DN,2.0,9.5137,21.403183075533885,2.1297067240260965,2.78435076765608,0.9882282126997527,0.9273829934752759,2.475062680396112,202.27007983426617,1e+26,1959978261634.1577,397300515667.7126,41949773557822.53,251698641346935.2,1.8417459688425668,1.5289918908439233,32.725293360739215,983343679231.2863,64140863592649.484,0.6540257054261109,1.654025705426111,0.39541447468473323,1.6345548666326932,1.5339153099831215,0.3882126440575986,0.8172774333163466,0.07830314663481075,2.465571306480668,1193406027015799.8,3.7367956393765667
kq,0.7005534249155089,DN,2.0,11.3137,25.452683221214432,inf,,,,,,1e+26,1648147395432.872,397300515667.7126,41949773557822.53,251698641346935.2,1.8417459688425668,,,,,,,,,,,,,,,
kq,0.7005534249155089,DN,2.0,13.4543,30.26843878334986,inf,,,,,,1e+26,1385924588251.2568,397300515667.7126,41949773557822.53,251698641346935.2,1.8417459688425668,,,,,,,,,,,,,,,
kq,0.7005534249155089,DN,2.0,16.0,35.99555685049373,inf,,,,,,1e+26,1165415324231.8054,397300515667.7126,41949773557822.53,251698641346935.2,1.8417459688425668,,,,,,,,,,,,,,,
kq,0.7005534249155089,DN,2.0,19.0273,42.80614117883746,inf,,,,,,1e+26,979994281254.2445,397300515667.7126,41949773557822.53,251698641346935.2,1.8417459688425668,,,,,,,,,,,,,,,
kq,0.7005534249155089,DN,2.0,22.6274,50.905366442428864,inf,,,,,,1e+26,824073697716.436,397300515667.7126,41949773557822.53,251698641346935.2,1.8417459688425668,,,,,,,,,,,,,,,
kq,0.7005534249155089,DN,2.0,26.9087,60.537102538930036,inf,,,,,,1e+26,692959718890.5033,397300515667.7126,41949773557822.53,251698641346935.2,1.8417459688425668,,,,,,,,,,,,,,,
kq,0.7005534249155089,DN,2.0,32.0,71.99111370098746,inf,,,,,,1e+26,582707662115.9027,397300515667.7126,41949773557822.53,251698641346935.2,1.8417459688425668,,,,,,,,,,,,,,,
kq,0.7005534249155089,DN,3.0,0.25,0.90375587290319,0.0,0.0,1.0,1.0,1.0,0.0,,,,,,,,,,,,,,,,,,,,,
kq,0.7005534249155089,DN,3.0,0.2973,1.0747464840564735,5.352867077146328e-05,-0.0022971441408914384,0.9956163087357031,0.9955509187995262,1.001228865076603,0.004786084333876967,1e+26,62719963631715.055,247250352100.53946,67408060393335.65,808896724720027.8,1.8474787586746793,0.9964783184539682,1.0709615691969094,247554189423.41364,67170670670994.64,2.007068255236091,3.007068255236091,0.6674501823300023,2.9938861963944676,2.9936895643931782,0.6659859679354885,0.9979620654648226,0.00446896398412111,0.00446895942559955,7108891366.710068,0.0014861520405418105
kq,0.7005534249155089,DN,3.0,0.3536,1.278272306634272,0.0006246994965179997,-0.007068545597515574,0.98551975774687,0.9847656277113056,1.004471322043535,0.019547727210355647,1e+26,52733725078362.234,247250352100.53946,67408060393335.65,808896724720027.8,1.8474787586746793,0.9885115011371619,1.2635868766931067,248355888050.15842,66633642968160.69,2.023244036816207,3.023244036816207,0.6692294807093692,2.9794667307727773,2.9771868116397737,0.6643694693175405,0.9931555769242592,0.015470048770996003,0.01547002872596992,29128758904.140736,0.0051170307386883
kq,0.7005534249155089,DN,3.0,0.4204,1.5197558758740044,0.0018361633839940605,-0.010876031865902691,0.9758434785433049,0.9736561428147761,1.0081922610089424,0.04034175699623011,1e+26,44354531845168.62,247250352100.53946,67408060393335.65,808896724720027.8,1.8474787586746793,0.9810866502230808,1.4910122014180711,249275891519.5,66133148169332.8,2.038555921177031,3.038555921177031,0.6708962987876707,2.9651549798697503,2.958508637940227,0.6627494998443803,0.9883849932899168,0.027056633267947605,0.027056623174358307,60337364644.18972,0.008904436590739806
kq,0.7005534249155089,DN,3.0,0.5,1.80751174580638,0.003733764961634689,-0.01384946626201522,0.9662636218529507,0.9618826748139457,1.0125253805734595,0.06976191786965216,1e+26,37293290375417.77,247250352100.53946,67408060393335.65,808896724720027.8,1.8474787586746793,0.973951421523343,1.7604286342482631,250347256857.5206,65652176242220.61,2.053490508666058,3.053490508666058,0.67250594126233,2.950476798197274,2.9370996179947038,0.6610717289453031,0.983492266065758,0.03962783215055543,0.039627799047124324,104788228630.7224,0.012977871815422759
kq,0.7005534249155089,DN,3.0,0.5946,2.149492968112947,0.006376541649533607,-0.01606700861513588,0.9565320975981475,0.9491795267493194,1.0175983167818685,0.11127959033764591,1e+26,31359981815857.527,247250352100.53946,67408060393335.65,808896724720027.8,1.8474787586746793,0.9669168817972594,2.078381038172907,251601542121.23328,65177991563525.45,2.0684301180909097,3.0684301180909097,0.6741004482702145,2.9350518971908293,2.912491047352888,0.6592905219300854,0.9783506323969431,0.05354147642093254,0.053541475937908034,167988699213.4248,0.01744914598944547
kq,0.7005534249155089,DN,3.0,0.7071,2.5561831109193824,0.009853223959360946,-0.01759668362451461,0.9463674846054013,0.9352332326424377,1.0235781777512991,0.1698998513419579,1e+26,26370591412401.2,247250352100.53946,67408060393335.65,808896724720027.8,1.8474787586746793,0.9597736037453721,2.453357076200152,253080064851.43726,64696477045197.445,2.0838247605427993,3.0838247605427993,0.6757273588321585,2.918431481598743,2.8840953997052337,0.6573501874876326,0.9728104938662477,0.06925199522109393,0.06925198414147982,257989592375.23352,0.02245652799359732
kq,0.7005534249155089,DN,3.0,0.8409,3.03987325409717,0.014280192179855433,-0.018483148704087293,0.9354890902646464,0.9197277857665739,1.0306618626218271,0.25266374693233556,1e+26,22174628597584.594,247250352100.53946,67408060393335.65,808896724720027.8,1.8474787586746793,0.9523170371309773,2.8949230905955194,254831508429.84457,64193844352527.38,2.1001409425849946,3.1001409425849946,0.6774340204138691,2.90014803007102,2.8512857646879963,0.6551900145678041,0.9667160100236734,0.08727823109804267,0.0872782213329737,386320102537.8215,0.028152990122265464
kq,0.7005534249155089,DN,3.0,1.0,3.61502349161276,0.019805582361196006,-0.018750817661975283,0.9236094393189063,0.9023434970121407,1.0390837823727819,0.3694614271485665,1e+26,18646645187708.887,247250352100.53946,67408060393335.65,808896724720027.8,1.8474787586746793,0.9443407730773259,3.4138140787622877,256913831053.63065,63656179863485.66,2.1178795377886677,3.1178795377886677,0.6792691995056223,2.879702971760882,2.813398325390823,0.6527419633878006,0.9599009905869607,0.10822541893549609,0.10822540513234902,569518504051.6805,0.034711227343109385
kq,0.7005534249155089,DN,3.0,1.1892,4.298985936225894,0.026618236168439502,-0.01840431312750468,0.9104245272918698,0.8827519315584487,1.0491295108164118,0.5342402944851502,1e+26,15679990907928.764,247250352100.53946,67408060393335.65,808896724720027.8,1.8474787586746793,0.9356287062296407,4.0222546496104545,259397640948.42456,63068916335266.12,2.1376000828998936,3.1376000828998936,0.681285067064455,2.8565480723050674,2.7697225336378297,0.6499271236863665,0.9521826907683558,0.13282108398738535,0.13282110117301094,831484032534.2375,0.04233207460657695
kq,0.7005534249155089,DN,3.0,1.4142,5.112366221838765,0.03495457202636132,-0.017427052789452224,0.8956158537234202,0.8606288615271827,1.0611453844342682,0.7666000777246168,1e+26,13185295706200.6,247250352100.53946,67408060393335.65,808896724720027.8,1.8474787586746793,0.9259550685737468,4.73382141551682,262368569931.23514,62416835183934.375,2.1599320181708275,3.1599320181708275,0.6835374956645857,2.830085212162036,2.7195286953016518,0.646653748903888,0.9433617373873453,0.16194104648722085,0.16194106226060723,1206790596610.6885,0.051248281820903685
kq,0.7005534249155089,DN,3.0,1.6818,6.07974650819434,0.04511040462934024,-0.01577876742273887,0.8788495153339358,0.835663897606336,1.0755549906553799,1.0940743426918442,1e+26,11087314298792.297,247250352100.53946,67408060393335.65,808896724720027.8,1.8474787586746793,0.915082205120479,5.5634678412920096,265931350143.0351,61683916547628.01,2.1855959921509798,3.1855959921509798,0.6860869983312669,2.799659493751617,2.6620875630000107,0.6428137056553354,0.933219831250539,0.19665334695490144,0.19665328477128274,1745692002653.3745,0.06173203773585101
kq,0.7005534249155089,DN,3.0,2.0,7.23004698322552,0.057451003666304956,-0.013391944700336778,0.8597872771894993,0.8075877313216859,1.092872477849626,1.5551040041179494,1e+26,9323322593854.443,247250352100.53946,67408060393335.65,808896724720027.8,1.8474787586746793,0.9027659450633689,6.527040197664146,270213104949.30902,60853701345878.305,2.2154136528262725,3.2154136528262725,0.6889980239024538,2.764571749601443,2.5967286171467445,0.6382803231118288,0.9215239165338143,0.23825556186126673,0.23825562609345496,2521256888830.885,0.07409797781221528
kq,0.7005534249155089,DN,3.0,2.3784,8.597971872451788,0.07243544572869842,-0.010164628070894022,0.8380853236936561,0.7761799080958051,1.1137354826284949,2.2035030436479177,1e+26,7839995453964.382,247250352100.53946,67408060393335.65,808896724720027.8,1.8474787586746793,0.8887526592876651,7.641470366122073,275371490226.7596,59909092932000.59,2.2503448840344387,3.2503448840344387,0.6923403405860223,2.7240663442520217,2.522852393369521,0.6329017455429921,0.9080221147506738,0.28836109975236357,0.28836112573904904,3640691501091.1655,0.08871709821178797
kq,0.7005534249155089,DN,3.0,2.8284,10.22473244367753,0.09063756967584502,-0.0059503858906193585,0.8134159698680882,0.7413061543551833,1.1389315474590773,3.1142315244717467,1e+26,6592647853100.3,247250352100.53946,67408060393335.65,808896724720027.8,1.8474787586746793,0.8727913598732744,8.924058133857699,281601226127.6691,58833172697119.23,2.291498394633961,3.291498394633961,0.6961870005374232,2.6773573589904385,2.440008016992361,0.6264973756147839,0.8924524529968129,0.34897031965131675,0.34897030778206006,5261828494420.1045,0.10602173482610056
kq,0.7005534249155089,DN,3.0,3.3636,12.15949301638868,0.11384761384951236,0.009142244616523021,0.7975259122733742,0.7128595716077222,1.166200298466007,5.185938469596114,1e+26,5543657149396.148,247250352100.53946,67408060393335.65,808896724720027.8,1.8474787586746793,0.8653249754299716,10.521912995647446,288343434415.4744,58329878203645.21,2.3112703975823874,3.3112703975823874,0.6980011053370585,2.640823944615712,2.3604707970979124,0.6213303041125227,0.8802746482052374,0.4028008317889118,0.4293321533860297,8971987853944.04,0.14884628218325702
kq,0.7005534249155089,DN,3.0,4.0,14.46009396645104,0.1501990230944772,0.042777853471867466,0.7876845001120996,0.6894149608548799,1.2039096079057823,9.29401275272345,1e+26,4661661296927.222,247250352100.53946,67408060393335.65,808896724720027.8,1.8474787586746793,0.8661595909063257,12.52474907444826,297667074451.92706,58386138014080.5,2.309043299869548,3.309043299869548,0.697797849898361,2.606482117507037,2.2813039570466667,0.6163411238146351,0.8688273725023458,0.45050522077442645,0.538467249335451,16599129516132.545,0.22424963487566174
kq,0.7005534249155089,DN,3.0,4.7568,17.195943744903577,0.20513346070356175,0.0917884719016111,0.7712335125450122,0.6612912155668467,1.261805955104537,15.669705644071536,1e+26,3919997726982.191,247250352100.53946,67408060393335.65,808896724720027.8,1.8474787586746793,0.8652586140403494,14.878938451831086,311981966682.1543,58325404911085.77,2.3114476614811656,3.3114476614811656,0.6980172715299043,2.5538994115730858,2.189831249346872,0.6084419004646524,0.8512998038576952,0.5121930799319909,0.6801043718033968,29331993505007.348,0.3180320787414814
kq,0.7005534249155089,DN,3.0,5.6569,20.449826389704224,0.2863907616876653,0.16401541222777483,0.7485639361896892,0.6295718986462907,1.3475784364176109,25.83839531778887,1e+26,3296265655696.3857,247250352100.53946,67408060393335.65,808896724720027.8,1.8474787586746793,0.8637830502261388,17.664213415493702,333189242887.3487,58225940016383.24,2.315396209124964,3.315396209124964,0.6983769248309748,2.481786036330957,2.087280286143518,0.5970643780886171,0.827262012110319,0.5883809333774364,0.8688427299860535,51654452240148.54,0.44120017622262253
kq,0.7005534249155089,DN,3.0,6.7272,24.31898603277736,0.4082774888588381,0.2744540130704596,0.7205021498796153,0.5959080868682887,1.4751892267530275,42.8145615806745,1e+26,2771828574698.074,247250352100.53946,67408060393335.65,808896724720027.8,1.8474787586746793,0.8639257865755996,21.0097991370882,364741055729.6086,58235561596848.02,2.3150136633003324,3.3150136633003324,0.6983421181424547,2.3884744712881885,1.9754434500395384,0.5813227179017473,0.7961581570960629,0.6781111416952901,1.1307259706461252,93697370349213.33,0.6147295061822433
kq,0.7005534249155089,DN,3.0,8.0,28.92018793290208,0.6005985131363323,0.4558553475724929,0.6886613563714343,0.5629384363712904,1.6729700959182519,73.51683639067171,1e+26,2330830648463.611,247250352100.53946,67408060393335.65,808896724720027.8,1.8474787586746793,0.8702219789370532,25.166983174201533,413642445269.46106,58659975711796.945,2.298264176736759,3.298264176736759,0.696810217006516,2.2713870816228487,1.8567196783916327,0.5597403859118872,0.7571290272076162,0.7763931815457743,1.5201447663761174,182458103838674.1,0.8856656274929264
kq,0.7005534249155089,DN,3.0,9.5137,34.39224899215632,0.9390747844452518,0.7969991180842046,0.6566352202047991,0.5357975139698586,2.0101126176257758,138.3560449925256,1e+26,1959978261634.1575,247250352100.53946,67408060393335.65,808896724720027.8,1.8474787586746793,0.8939793235100986,30.745959487998775,497001052469.7101,60261412229562.07,2.2371882071581353,3.2371882071581353,0.691089941020797,2.125651791251661,1.7344773936478728,0.5295560617615721,0.708550597083887,0.8663767074818025,2.1830387164292637,412578599860990.75,1.390084347903553
kq,0.7005534249155089,DN,3.0,11.3137,40.899291277059284,1.7135649903582317,1.6723706334988826,0.6363734546323928,0.5300022280359726,2.7341621687879067,340.14384204988306,1e+26,1648147395432.8723,247250352100.53946,67408060393335.65,808896724720027.8,1.8474787586746793,0.9774001937432931,39.97497521816112,676022558932.7845,65884651288305.87,2.046244734554744,3.046244734554744,0.6717269664329298,1.938549285384339,1.6145164964568641,0.48415033471705676,0.646183095128113,0.8867845210871972,3.7761003958010093,1379669463046745.0,2.7932234879948226
kq,0.7005534249155089,DN,3.0,13.4543,48.637610563205556,inf,,,,,,1e+26,1385924588251.257,247250352100.53946,67408060393335.65,808896724720027.8,1.8474787586746793,,,,,,,,,,,,,,,
kq,0.7005534249155089,DN,3.0,16.0,57.84037586580416,inf,,,,,,1e+26,1165415324231.8054,247250352100.53946,67408060393335.65,808896724720027.8,1.8474787586746793,,,,,,,,,,,,,,,
kq,0.7005534249155089,DN,3.0,19.0273,68.78413648196347,inf,,,,,,1e+26,979994281254.2445,247250352100.53946,67408060393335.65,808896724720027.8,1.8474787586746793,,,,,,,,,,,,,,,
kq,0.7005534249155089,DN,3.0,22.6274,81.79858255411857,inf,,,,,,1e+26,824073697716.4362,247250352100.53946,67408060393335.65,808896724720027.8,1.8474787586746793,,,,,,,,,,,,,,,
kq,0.7005534249155089,DN,3.0,26.9087,97.27558262876028,inf,,,,,,1e+26,692959718890.5033,247250352100.53946,67408060393335.65,808896724720027.8,1.8474787586746793,,,,,,,,,,,,,,,
kq,0.7005534249155089,DN,3.0,32.0,115.68075173160832,inf,,,,,,1e+26,582707662115.9027,247250352100.53946,67408060393335.65,808896724720027.8,1.8474787586746793,,,,,,,,,,,,,,,
kq,0.7005534249155089,DN,5.38,0.25,1.7896591841850018,0.002010176979712286,-0.01813147509373536,0.9667504680635867,0.9624991759089102,1.0066087276814126,0.06801485501644662,1e+26,74586580750835.55,124858386313.37143,133484559257689.11,3507974217292069.5,1.8605111694185361,0.9754222250465345,1.7456733435127,125683541387.25711,130203805800491.1,4.490363134581072,5.490363134581072,0.8178626849467394,5.307811130195312,5.284469992474943,0.8115984206161453,0.9865819944600952,0.038961928518719935,0.038961962373659675,51290087072.447174,0.0070964279217378134
kq,0.7005534249155089,DN,5.38,0.2973,2.128262701832804,0.0034537726274737057,-0.022463044542668675,0.9570286728354935,0.9498442447133453,1.0093708541731683,0.10883730601003586,1e+26,62719963631715.06,124858386313.37143,133484559257689.11,3507974217292069.5,1.8605111694185361,0.9684616426319206,2.0611407921692466,126028416043.81116,129274675524699.53,4.522636527035577,5.522636527035577,0.818927065885182,5.285321506021678,5.24564452084844,0.8107967511795301,0.9824017669185274,0.052804189282413594,0.05280442215287118,82299559697.52232,0.0095614494419749
kq,0.7005534249155089,DN,5.38,0.3536,2.531293950111267,0.005354336783774061,-0.02655430861034025,0.9468849262728789,0.9359573731306107,1.0126394156408778,0.1664994775429048,1e+26,52733725078362.234,124858386313.37143,133484559257689.11,3507974217292069.5,1.8605111694185361,0.9612954782859079,2.433321428454435,126436523354.23541,128318103235403.86,4.5563514017667135,5.5563514017667135,0.8200257817239498,5.261225387408082,5.20050806218816,0.8099302108605073,0.9779229344624688,0.06842472606971195,0.06842478311532552,126309690484.92888,0.012314697805493324
kq,0.7005534249155089,DN,5.38,0.4204,3.009490884125499,0.007764442658661608,-0.030514931364005626,0.9360740744933579,0.9205733633226538,1.0165040257688598,0.24764766213307493,1e+26,44354531845168.62,124858386313.37143,133484559257689.11,3507974217292069.5,1.8605111694185361,0.953744445726812,2.870285215200168,126919052338.54556,127310156982312.5,4.592425171778767,5.592425171778767,0.8211866999944261,5.234924216846167,5.148237649514649,0.8089752671524899,0.9730342410494734,0.08627952952132922,0.08627984828462454,188587239550.71713,0.015427979917603807
kq,0.7005534249155089,DN,5.38,0.5,3.5793183683700036,0.010770130728778637,-0.03448021735113582,0.9242623394056527,0.9033073712573751,1.0211012604273892,0.3622854276631095,1e+26,37293290375417.77,124858386313.37143,133484559257689.11,3507974217292069.5,1.8605111694185361,0.9455671245031458,3.384485777260916,127493055639.51344,126218610862862.86,4.632140740194937,5.632140740194937,0.8224476187423206,5.205575576394457,5.087554246577056,0.8078982841907694,0.9675791034190441,0.1070428868614588,0.10704298920829736,277133257118.62646,0.019005738128186067
kq,0.7005534249155089,DN,5.38,0.5946,4.256525403665608,0.014458893441429588,-0.03855470378122994,0.9111827801469552,0.8838832349613077,1.0265624544511691,0.5237139666634902,1e+26,31359981815857.53,124858386313.37143,133484559257689.11,3507974217292069.5,1.8605111694185361,0.9365677578114694,3.9865244533786584,128174931512.66684,125017334366426.11,4.676650422212902,5.676650422212902,0.8238397777522163,5.172466113634339,5.017496138930014,0.8066686222720619,0.9614249281848214,0.1313711590465627,0.13137104572027547,402762010855.9197,0.023142359722783112
kq,0.7005534249155089,DN,5.38,0.7071,5.061872036548858,0.01894935896734773,-0.042857060938597424,0.89651658079737,0.8619742165560887,1.0330604137403945,0.7509799880460364,1e+26,26370591412401.203,124858386313.37143,133484559257689.11,3507974217292069.5,1.8605111694185361,0.9265120667976058,4.689885522447889,128986256223.84949,123675054883409.02,4.727407399170765,5.727407399170765,0.825400930943941,5.134715698338132,4.936877505797766,0.8052472505296343,0.9544081223676826,0.16012750821640132,0.1601275872365373,581196582942.5369,0.027958129475535998
kq,0.7005534249155089,DN,5.38,0.8409,6.0196976319246716,0.02438482363743799,-0.04750565335130297,0.8799390259916757,0.8372799187586555,1.0407981745481092,1.070634453784676,1e+26,22174628597584.598,124858386313.37143,133484559257689.11,3507974217292069.5,1.8605111694185361,0.9151575876487756,5.50897196320723,129952380551.97961,122159407238626.81,4.786060957275241,5.786060957275241,0.82717084949777,5.091380843073239,4.844552648240042,0.8035896290570195,0.9463533165563641,0.19434370465087958,0.19434380373203708,834788975821.7222,0.033588275986318195
kq,0.7005534249155089,DN,5.38,1.0,7.158636736740007,0.03093784519197107,-0.052618982350632226,0.8611242074417361,0.8095432292459449,1.0500147464574057,1.5195527269529687,1e+26,18646645187708.887,124858386313.37143,133484559257689.11,3507974217292069.5,1.8605111694185361,0.9022549643666349,6.458915533821039,131103146847.91551,120437106256542.25,4.854503630328788,5.854503630328788,0.8291913263458272,5.041454798631644,4.7394737745284745,0.8016445569894982,0.9370733826452871,0.23526448480269235,0.23526433252522616,1195308865829.193,0.040185201729769915
kq,0.7005534249155089,DN,5.38,1.1892,8.513050807331217,0.03881938187880274,-0.05831691244961801,0.8397451426389869,0.7785587771102577,1.060996618026844,2.1490331046704747,1e+26,15679990907928.766,124858386313.37143,133484559257689.11,3507974217292069.5,1.8605111694185361,0.887545795670535,7.555722452376474,132474325610.77628,118473659356096.36,4.934956620115516,5.934956620115516,0.8315067718253117,4.983850993515103,4.620712568359564,0.7993519466570767,0.9263663556719524,0.28442454108815785,0.2844245758926849,1708150267538.7236,0.047923620673628875
kq,0.7005534249155089,DN,5.38,1.4142,10.123744073097717,0.04828423675557869,-0.06471630164079745,0.8154938434327866,0.7442079884220176,1.0740834464351166,3.029976596771116,1e+26,13185295706200.602,124858386313.37143,133484559257689.11,3507974217292069.5,1.8605111694185361,0.8707737759700233,8.815490853485441,134108325887.79318,116234853698512.27,5.03000908028124,6.03000908028124,0.8341627704558349,4.917435280813152,4.487580927802602,0.7966419601083923,0.9140214276604371,0.3437103814490776,0.34371052503504473,2438070533233.004,0.057000001699947234
kq,0.7005534249155089,DN,5.38,1.6818,12.039395263849343,0.05964102954645689,-0.07192475984747726,0.7881014555019978,0.7064860196375935,1.0896788810062592,4.260046815951005,1e+26,11087314298792.299,124858386313.37143,133484559257689.11,3507974217292069.5,1.8605111694185361,0.8516960880213589,10.253905848363361,136055546682.2018,113688276931029.08,5.142679485795827,6.142679485795827,0.8372045941331671,4.841054643437955,4.339717179829393,0.7934334409227338,0.8998242831669062,0.4154561763486424,0.4154558941784976,3477617990615.9233,0.06763433882994718
kq,0.7005534249155089,DN,5.38,2.0,14.317273473480014,0.07325846992097218,-0.08002756528755695,0.7573779224341347,0.6655456470569224,1.1082552816124172,5.972475962706944,1e+26,9323322593854.443,124858386313.37143,133484559257689.11,3507974217292069.5,1.8605111694185361,0.8301087754564647,11.88489435094582,138374966085.39743,110806704027746.2,5.276416934143964,6.276416934143964,0.8406734271332487,4.753619617912377,4.17724196963387,0.7896339883334702,0.8835724196863154,0.5025265425775862,0.5025266930689405,4958646952712.548,0.08006585665043531
kq,0.7005534249155089,DN,5.38,2.3784,17.026101614662434,0.08958520314247198,-0.08908021405835342,0.7232266155074526,0.6216958495003939,1.1303763942842129,8.349020616806424,1e+26,7839995453964.383,124858386313.37143,133484559257689.11,3507974217292069.5,1.8605111694185361,0.8058552801949366,13.720573887311257,141136972517.0541,107569236902302.67,5.435219086658434,6.435219086658434,0.8446051351890705,4.65412172009294,4.000748996801264,0.7851366895535274,0.8650783866343754,0.6085035806554253,0.6085038868272787,7070132960031.159,0.09455836880789548
kq,0.7005534249155089,DN,5.38,2.8284,20.247488146195433,0.10916253357913241,-0.09908853319813138,0.6856889429074607,0.5754264774350969,1.156708439236042,11.635695312819635,1e+26,6592647853100.301,124858386313.37143,133484559257689.11,3507974217292069.5,1.8605111694185361,0.7788578662025527,15.769915413507254,144424749158.07065,103965498994431.94,5.62361913522861,6.62361913522861,0.8490251357175165,4.541742403056535,3.811405826856302,0.779820185458556,0.8441900377428504,0.7378414779545686,0.7378411137570782,10082894261002.285,0.11139550669625464
kq,0.7005534249155089,DN,5.38,3.3636,24.078790527698686,0.13264790805080673,-0.1099919288326816,0.6449679645283488,0.5273940294827142,1.1880451310835667,16.164395549349532,1e+26,5543657149396.149,124858386313.37143,133484559257689.11,3507974217292069.5,1.8605111694185361,0.749136584024867,18.03830288337052,148337397934.55197,99998166742370.16,5.846730881126756,6.846730881126756,0.8539448946713338,4.415922080073712,3.6109249881811745,0.7735467288899021,0.8208033606084967,0.8961155115480424,0.8961144295537469,14386706249852.172,0.13088219851198346
kq,0.7005534249155089,DN,5.38,4.0,28.63454694696003,0.16083323889672285,-0.12164302494221468,0.6014578035496561,0.4784076440421662,1.2253255365768454,22.379081804359558,1e+26,4661661296927.222,124858386313.37143,133484559257689.11,3507974217292069.5,1.8605111694185361,0.7168356072228972,20.52626284827665,152992169205.5509,95686485090366.38,6.110187546303146,7.110187546303146,0.859356733772805,4.276477784425609,3.4015680727248383,0.766162704354066,0.794884346547511,1.0902676043191764,1.0902622743642572,20542945620464.656,0.15333855349908276
kq,0.7005534249155089,DN,5.38,4.7568,34.05220322932487,0.19469562742057,-0.13379494018490368,0.55572097577215,0.42935238730860453,1.269693473905838,30.876027029179927,1e+26,3919997726982.1914,124858386313.37143,133484559257689.11,3507974217292069.5,1.8605111694185361,0.6822158872333741,23.230954038345033,158531878264.5017,91065287025940.28,6.420255057035455,7.420255057035455,0.8652337430029635,4.1235913807739735,3.185904223176918,0.7574929454304209,0.7664667994003669,1.329089180727514,1.3290915269594321,29369007349688.5,0.17911648945201364
kq,0.7005534249155089,DN,5.38,5.6569,40.49569215606455,0.23600290850904826,-0.14124737888393057,0.5125079357502538,0.38362153665585114,1.3221331111101848,45.863968364570354,1e+26,3296265655696.386,124858386313.37143,133484559257689.11,3507974217292069.5,1.8605111694185361,0.6495205466830654,26.302784107516167,165079406744.6951,86700963902802.27,6.74343563474248,7.74343563474248,0.870858357043313,3.9685722127768246,2.9705486771955862,0.7480202081795315,0.7376528276536849,1.606735817590724,1.6408535268206421,45427180131484.43,0.22518329937071258
kq,0.7005534249155089,DN,5.38,6.7272,48.15758105539737,0.29529331186743857,-0.13262873923780438,0.47443069540612826,0.34349376664743236,1.3929924102932931,76.73529978811172,1e+26,2771828574698.0747,124858386313.37143,133484559257689.11,3507974217292069.5,1.8605111694185361,0.6226676142331395,29.986166103003324,173926784495.9944,83116512049947.42,7.034250537334093,8.034250537334092,0.8755328832038368,3.8116950694944727,2.7597149792580447,0.7376495281579213,0.70849350734098,1.9112609808329255,2.0817324344117423,80077943696894.58,0.31851421375250766
kq,0.7005534249155089,DN,5.38,8.0,57.26909389392006,0.3820202659714158,-0.1122662026654192,0.43274936494587185,0.3041215539510001,1.4948710578976336,123.6736087778454,1e+26,2330830648463.611,124858386313.37143,133484559257689.11,3507974217292069.5,1.8605111694185361,0.5938530903013652,34.009428387663476,186647188035.66098,79270218022694.39,7.375561517710149,8.37556151771015,0.8806050199875557,3.62451892785415,2.5471887839782075,0.7241013166423061,0.673702402946868,2.288158918723398,2.6643256600145837,138499987875643.69,0.43417385022692656
kq,0.7005534249155089,DN,5.38,9.5137,68.10512232232341,0.5088304013425473,-0.07320280987897176,0.3891126855978331,0.2667641916021574,1.6417146961419808,197.69809122231626,1e+26,1959978261634.1577,124858386313.37143,133484559257689.11,3507974217292069.5,1.8605111694185361,0.5645299955583,38.44738440211871,204981847747.23465,75356037644844.86,7.758666562382282,8.758666562382281,0.8858273696255418,3.40810826834451,2.3364986050267564,0.7065820915115029,0.6334773732982361,2.748629056973899,3.4587435653186693,243147120209110.44,0.5870802970946443
kq,0.7005534249155089,DN,5.38,11.3137,80.99066844845542,0.700452252183555,-0.0015246031477346156,0.34509684439801164,0.23253420714036968,1.8607209406153562,321.9687675028209,1e+26,1648147395432.8723,124858386313.37143,133484559257689.11,3507974217292069.5,1.8605111694185361,0.5366067393867568,43.460138516879546,232326614024.732,71628714101746.88,8.16240214389692,9.16240214389692,0.890858315942168,3.1619160669644035,2.1305719180322935,0.6837360705276249,0.5877167410714504,3.300442555517642,4.599771828211778,448811481453879.4,0.8085613354822385
kq,0.7005534249155089,DN,5.38,13.4543,96.31444624712108,1.0135586940413694,0.13625689496203974,0.3022268898091418,0.20261744701280474,2.2138559084430427,555.9798948171208,1e+26,1385924588251.257,124858386313.37143,133484559257689.11,3507974217292069.5,1.8605111694185361,0.5132478995713612,49.433187234713664,276418476258.5213,68510669664217.836,8.533887822352424,9.533887822352424,0.8951109957833281,2.8813972643388253,1.9317320106715166,0.6529461548477373,0.5355756996912314,3.935409140441906,6.405727003866588,922098692134329.0,1.1796950966882491
kq,0.7005534249155089,DN,5.38,16.0,114.53818778784012,1.6227828133201432,0.4525513342202827,0.2625193811146968,0.17932470163360498,2.8899589501009335,1123.7313751798497,1e+26,1165415324231.8054,124858386313.37143,133484559257689.11,3507974217292069.5,1.8605111694185361,0.5026200576895915,57.56919055358547,360835611021.4877,67092016874769.4,8.714335874564329,9.714335874564329,0.8970593550694119,2.5502014417309247,1.7420203822748734,0.6078741139283258,0.4740151378682016,4.576476586271942,9.976249698624267,2432893784322226.0,2.009357955817137
kq,0.7005534249155089,DN,5.38,19.0273,136.20952878097313,3.841828343467421,1.9741383380224544,0.23724916874743585,0.17866242532232143,5.268241586719697,5082.0623707877685,1e+26,979994281254.2446,124858386313.37143,133484559257689.11,3507974217292069.5,1.8605111694185361,0.5645409932452092,76.89586266747249,657784143226.8168,75357505666234.8,7.758515417670547,8.758515417670548,0.8858253993613492,2.0779505023039384,1.5648176067439652,0.518756583041201,0.3862361528445982,4.5971477953236075,28.356474690694434,2.0057400254363264e+16,7.54521854521073
kq,0.7005534249155089,DN,5.38,22.6274,161.98133689691085,inf,,,,,,1e+26,824073697716.4362,124858386313.37143,133484559257689.11,3507974217292069.5,1.8605111694185361,,,,,,,,,,,,,,,
kq,0.7005534249155089,DN,5.38,26.9087,192.62960835791583,inf,,,,,,1e+26,692959718890.5034,124858386313.37143,133484559257689.11,3507974217292069.5,1.8605111694185361,,,,,,,,,,,,,,,
kq,0.7005534249155089,DN,5.38,32.0,229.07637557568023,inf,,,,,,1e+26,582707662115.9027,124858386313.37143,133484559257689.11,3507974217292069.5,1.8605111694185361,,,,,,,,,,,,,,,
kq,0.7005534249155089,DN,8.0,0.25,2.846601999922014,0.004651305510807502,-0.03369240636141313,0.9396154038483238,0.9256670186202355,1.0101289786354104,0.2186705204677986,1e+26,74586580750835.55,78498489706.10078,212318309932673.25,8917369017172276.0,1.8727828131732582,0.9566180300499623,2.7231107975016795,79293599231.24586,203107523391331.22,7.317445187223163,8.317445187223164,0.8797707736582202,7.8151996185789905,7.699184688994093,0.8720442152721588,0.9768999523223738,0.08030207394724131,0.08030168922575154,104035035681.96942,0.009654616970777852
kq,0.7005534249155089,DN,8.0,0.2973,3.3851790983072587,0.006528216461483272,-0.03904205921546,0.9281597751742814,0.9090444869711682,1.0130382558439037,0.32128950809338597,1e+26,62719963631715.06,78498489706.10078,212318309932673.25,8917369017172276.0,1.8727828131732582,0.9485899819094407,3.211146979623499,79521973098.24898,201403021778077.53,7.379373737333303,8.379373737333303,0.8806593390691456,7.777397644144557,7.617223500193833,0.8714222872797459,0.9721747055180696,0.1000561736333554,0.10005416174087656,153297453716.11133,0.011940564728973868
kq,0.7005534249155089,DN,8.0,0.3536,4.026233868689697,0.008839687769251148,-0.044738232082618956,0.91552183523445,0.8903484661997444,1.0164936763195185,0.4659856365967803,1e+26,52733725078362.234,78498489706.10078,212318309932673.25,8917369017172276.0,1.8727828131732582,0.9397616435511499,3.7837001577611336,79793218386.88426,199528603898331.44,7.4486972819496655,8.448697281949666,0.881638557208522,7.734966840910868,7.522284666369835,0.8707169635542691,0.9668708551138585,0.1231557507683243,0.12315612919953067,223094961996.70905,0.014576932290566447
kq,0.7005534249155089,DN,8.0,0.4204,4.786845923068858,0.011647926823566523,-0.050923944979605174,0.901432931463313,0.8693205153130344,1.020586765652591,0.6691572884716793,1e+26,44354531845168.62,78498489706.10078,212318309932673.25,8917369017172276.0,1.8727828131732582,0.9299317676469473,4.451440090693007,80114519717.76262,197441541259503.25,7.527433994122438,8.527433994122438,0.882731428857819,7.686909823181697,7.413073314068406,0.8699087119528496,0.9608637278977121,0.1503237095927834,0.15032379247468075,321655288689.2935,0.017628257332091835
kq,0.7005534249155089,DN,8.0,0.5,5.693203999844028,0.015050434013235803,-0.057789689150806844,0.8855178426542629,0.8455709689898665,1.0254561658938135,0.9553546325950804,1e+26,37293290375417.77,78498489706.10078,212318309932673.25,8917369017172276.0,1.8727828131732582,0.9188206597089782,5.231033454994483,80496760282.4731,195082449600634.12,7.618461694382382,8.618461694382383,0.8839700128096163,7.631801606607891,7.287521006120958,0.868969340196925,0.9539752008259864,0.18263284416518832,0.18263189508736266,461417717068.5381,0.021190803686010895
kq,0.7005534249155089,DN,8.0,0.5946,6.770358196614517,0.019142118584877243,-0.06548941715498757,0.8674948268173449,0.8188910193476256,1.0312323379762867,1.3569156275318326,1e+26,31359981815857.53,78498489706.10078,212318309932673.25,8917369017172276.0,1.8727828131732582,0.9062076007807484,6.1353500577803155,80950181067.22978,192404466245911.16,7.72449932440327,8.72449932440327,0.8853802421414713,7.568458030491257,7.144414145058265,0.8678726900550585,0.9460572538114072,0.22116371577338323,0.22116345683914185,659055394449.9333,0.02534971323342461
kq,0.7005534249155089,DN,8.0,0.7071,8.051329096579423,0.024048881046454973,-0.07420853830698448,0.8470284261949934,0.7890440662683511,1.0380856552398037,1.9197186445707088,1e+26,26370591412401.203,78498489706.10078,212318309932673.25,8917369017172276.0,1.8727828131732582,0.8918256957121257,7.180382172964223,81488156121.89261,189350924468129.03,7.849067405946941,8.84906740594694,0.8869937413599135,7.49541163815265,6.982304128671103,0.8665850458552715,0.9369264547690812,0.2673563400955905,0.26735593786398026,938605995713.3159,0.030212911969584866
kq,0.7005534249155089,DN,8.0,0.8409,9.574830486937685,0.02991889643921053,-0.08413008785641407,0.8238093779002407,0.7558869310589786,1.0462116084814428,2.706948566540893,1e+26,22174628597584.598,78498489706.10078,212318309932673.25,8917369017172276.0,1.8727828131732582,0.8754155514226751,8.381955510501195,82126031178.78368,185866750366841.6,7.996202476211442,8.996202476211442,0.8888419860886536,7.411155965392353,6.800111880928651,0.865068282914343,0.9263944956740441,0.32294918579823184,0.32294969685370534,1333865654250.607,0.035898433342396174
kq,0.7005534249155089,DN,8.0,1.0,11.386407999688055,0.036926289452487326,-0.09543270072810117,0.7975681496664099,0.7193918280715261,1.0558347166211428,3.805104980664543,1e+26,18646645187708.887,78498489706.10078,212318309932673.25,8917369017172276.0,1.8727828131732582,0.8567319155470409,9.755099136772898,82881430634.02863,181899872374329.47,8.170583904920079,9.170583904920079,0.890955689368537,7.314165636407667,6.59724311984377,0.8632790054654618,0.9142707045509584,0.39006305184297174,0.3900632581448551,1892235267060.8708,0.04253417665367465
kq,0.7005534249155089,DN,8.0,1.1892,13.540716393229035,0.04527895423471451,-0.10828288245368334,0.7680928038845349,0.679660441426188,1.0672163594759143,5.3325556943264525,1e+26,15679990907928.766,78498489706.10078,212318309932673.25,8917369017172276.0,1.8727828131732582,0.8355542056947278,11.314002530482066,83774872408.50241,177403456810241.84,8.377673108807821,9.377673108807821,0.893363738701793,7.202923232056803,6.373633444682817,0.8611674777332802,0.9003654040071004,0.4713229416465916,0.4713239839009944,2680405037420.5894,0.05026018703446766
kq,0.7005534249155089,DN,8.0,1.4142,16.102658193158845,0.05522157005151329,-0.12282223420706517,0.7352627699013363,0.6369553815684268,1.0806563992313103,7.449853892692232,1e+26,13185295706200.602,78498489706.10078,212318309932673.25,8917369017172276.0,1.8727828131732582,0.8117082973060509,13.070661264070296,84829895230.89095,172340533842348.6,8.623787662676413,9.623787662676413,0.8960908080008598,7.076012773801767,6.129923342813573,0.858677473887215,0.8845015967252209,0.5699686805967776,0.569966688553684,3791821951215.163,0.059224884640940445
kq,0.7005534249155089,DN,8.0,1.6818,19.14966097387537,0.06704250950702284,-0.13914602974495882,0.6990866806958997,0.5917154948370543,1.096498015114449,10.373668992748138,1e+26,11087314298792.299,78498489706.10078,212318309932673.25,8917369017172276.0,1.8727828131732582,0.7850939613102611,15.034283191728326,86073438152.22151,166689823003742.2,8.916130227670509,9.916130227670509,0.8991542086438573,6.932234566210453,5.867527904534727,0.8557463700270235,0.8665293207763066,0.6900013751970082,0.690000386968183,5357384138753.55,0.06958369650789109
kq,0.7005534249155089,DN,8.0,2.0,22.77281599937611,0.0810758395020561,-0.15728718628237537,0.6597347874856818,0.5445607656590843,1.1151277003284035,14.393139472668237,1e+26,9323322593854.443,78498489706.10078,212318309932673.25,8917369017172276.0,1.8727828131732582,0.7557096944766478,17.20963782126144,87535840305.21703,160451005131018.72,9.262816199344531,10.262816199344531,0.9025608584840613,6.7707368642791765,5.588727047333511,0.8523055879965199,0.8463421080348971,0.8363423571099464,0.836341044912684,7559493350221.214,0.08149243750210644
kq,0.7005534249155089,DN,8.0,2.3784,27.08143278645807,0.09771622912108979,-0.17720214242528476,0.6175453409549515,0.49624762132608025,1.1369902821991436,19.89424076447078,1e+26,7839995453964.383,78498489706.10078,212318309932673.25,8917369017172276.0,1.8727828131732582,0.7236630518805108,19.59783229954517,89252019963.14609,153646916135990.5,9.673010086406649,10.673010086406649,0.9063057195763715,6.59106765282563,5.296455867768562,0.8482795121104099,0.8238834566032037,1.0151230092101704,1.015127284675351,10653607043173.084,0.09511137631079691
kq,0.7005534249155089,DN,8.0,2.8284,32.20531638631769,0.11742502060138005,-0.1987611858405568,0.573029343408582,0.44763261438204643,1.162594478664514,27.388449238641485,1e+26,6592647853100.301,78498489706.10078,212318309932673.25,8917369017172276.0,1.8727828131732582,0.689181678447188,22.195314002045155,91261910715.81595,146325889204470.03,10.15697343517876,11.15697343517876,0.9103699577838085,6.3932731619874765,4.99422518738011,0.8435855977583273,0.7991591452484346,1.2339748442603824,1.2339734822016943,14997133254369.34,0.11060119035377625
kq,0.7005534249155089,DN,8.0,3.3636,38.29932194775074,0.1407457574190738,-0.2217349386269878,0.5268585554133687,0.3996131861671562,1.1925287139970828,37.552696609239895,1e+26,5543657149396.149,78498489706.10078,212318309932673.25,8917369017172276.0,1.8727828131732582,0.6526174608948797,24.994806243536626,93611702979.92961,138562636329753.33,10.72603848263803,11.72603848263803,0.9147197067892423,6.177963695684242,4.685879599165669,0.8381343676884063,0.7722454619605302,1.5024199266079896,1.5024202563961881,21092231286477.45,0.12812683161556038
kq,0.7005534249155089,DN,8.0,4.0,45.54563199875222,0.1683127125582815,-0.24580137446365558,0.47982874617232246,0.35306706893792655,1.22747186784713,51.27709136189349,1e+26,4661661296927.222,78498489706.10078,212318309932673.25,8917369017172276.0,1.8727828131732582,0.6144325139272949,27.984717167400774,96354687782.72623,130455272924726.98,11.392626271122595,12.392626271122595,0.9193068540822369,5.9463383254549385,4.3754282339884005,0.8318292795888816,0.7432922906818673,1.83232305694251,1.832330957894924,29644728771489.453,0.14785606786205108
kq,0.7005534249155089,DN,8.0,4.7568,54.16286557291614,0.2008887094270393,-0.27057107645180367,0.4327780721915118,0.30876151477896824,1.2682401074097314,69.74086466474213,1e+26,3919997726982.1914,78498489706.10078,212318309932673.25,8917369017172276.0,1.8727828131732582,0.5751504934172053,31.15179885915248,99554933016.36694,122114980719284.14,12.170727627146983,13.170727627146983,0.9240740505529217,5.700002111836156,4.066613812899108,0.8245614685083218,0.7125002639795195,2.238745608292101,2.2387304857910255,41658282661211.49,0.16997868689827555
kq,0.7005534249155089,DN,8.0,5.6569,64.41177141343536,0.2393949423617947,-0.29558750867570516,0.38654774419119053,0.2673243659143424,1.3158210067957232,94.50804313791976,1e+26,3296265655696.386,78498489706.10078,212318309932673.25,8917369017172276.0,1.8727828131732582,0.535340663879257,34.482240470107435,103289961757.02525,113662624993079.16,13.075786078486292,14.075786078486292,0.9289560103837881,5.44096335635664,3.762800588177276,0.816209017685865,0.68012041954458,2.7407738594259894,2.7407776926018412,58570392968682.15,0.19471556703720694
kq,0.7005534249155089,DN,8.0,6.7272,76.59864389550148,0.2849407301812181,-0.3203605628468541,0.3419195228489599,0.22921856039590777,1.3714123434709429,127.64772504149452,1e+26,2771828574698.0747,78498489706.10078,212318309932673.25,8917369017172276.0,1.8727828131732582,0.49557628702176393,37.96047153263493,107653797726.77336,105219919703170.31,14.124969622875811,15.124969622875811,0.9338841647332933,5.17152239655871,3.4669237629874297,0.8066333425017301,0.6464402995698387,3.3626484621175248,3.36264912830264,82450574231399.0,0.2223243349597226
kq,0.7005534249155089,DN,8.0,8.0,91.09126399750444,0.3391095882917343,-0.34273176444686615,0.3005920634119138,0.19523281672355436,1.4365154958258202,178.53753435582286,1e+26,2330830648463.611,78498489706.10078,212318309932673.25,8917369017172276.0,1.8727828131732582,0.4575434358090828,41.67820990161039,112764296861.73741,97144849011773.03,15.29909392672581,16.29909392672581,0.938646896294015,4.899378275179104,3.182118017356458,0.7958924696494386,0.612422284397388,4.1220897018352165,4.160310614105148,120795957150375.89,0.2628191275988456
kq,0.7005534249155089,DN,8.0,9.5137,108.32686978663224,0.4128899227556728,-0.3527127612039247,0.26524879064096163,0.1667524413967436,1.522261734749901,288.7206650156129,1e+26,1959978261634.158,78498489706.10078,212318309932673.25,8917369017172276.0,1.8727828131732582,0.4252141560284447,46.06211851152606,119495247115.25623,90280750967407.4,16.46229294288061,17.46229294288061,0.9427337519035437,4.631852084917281,2.9118799806104683,0.7841036411209451,0.5789815106146601,4.996913698077516,5.318373154815737,207004483279930.66,0.3589488966326826
kq,0.7005534249155089,DN,8.0,11.3137,128.82240418607077,0.5183820084963708,-0.353551341440725,0.23080755294609445,0.14118825660553677,1.642943915630242,454.0748514213413,1e+26,1648147395432.872,78498489706.10078,212318309932673.25,8917369017172276.0,1.8727828131732582,0.3934697054532711,50.687713430875505,128968616048.80145,83540822871545.27,17.790442067035645,18.790442067035645,0.9467814542929612,4.33697595226785,2.6529897562921017,0.7694245919262961,0.5421219940334813,6.082742035648766,6.861717590133535,351368431022253.2,0.4767466403379217
kq,0.7005534249155089,DN,8.0,13.4543,153.196149150203,0.6702426152627092,-0.3409083537716874,0.19813923620629698,0.11871867268572191,1.8146927536961945,712.3719174948563,1e+26,1385924588251.2568,78498489706.10078,212318309932673.25,8917369017172276.0,1.8727828131732582,0.36319737591163265,55.64043937112083,142450640445.7564,77113453025539.66,19.273267000979455,20.273267000979455,0.9506739589651886,4.016929638980394,2.406815349359527,0.7510536429874268,0.5021162048725493,7.423274766954737,8.98626529402677,608867015296283.0,0.6315275711656909
kq,0.7005534249155089,DN,8.0,16.0,182.18252799500888,0.8973168420098756,-0.3060584989508526,0.16783721274865623,0.09939719630702434,2.0692276050042655,1143.4617735616778,1e+26,1165415324231.8054,78498489706.10078,212318309932673.25,8917369017172276.0,1.8727828131732582,0.33536257653382545,61.09720198785197,162431241851.00693,71203615464328.61,20.87293123862902,21.87293123862902,0.9542813905877446,3.6710918137345074,2.1741080401360535,0.7276014736927199,0.45888647671681343,9.060645945295446,12.07244063204641,1114403495332669.1,0.8556438067230943
kq,0.7005534249155089,DN,8.0,19.0273,216.65260093246454,1.266160972832398,-0.2278326687106118,0.1402580817123619,0.08327571657258076,2.4795886359099706,1954.1188199241599,1e+26,979994281254.2445,78498489706.10078,212318309932673.25,8917369017172276.0,1.8727828131732582,0.31140944917503005,67.46766711871638,194643963011.34332,66117927945907.086,22.478444435594493,23.478444435594493,0.9574077404172505,3.293041578126761,1.9551842843836529,0.6963293732328616,0.4116301972658451,11.00830255394354,17.02625869711276,2282144587830528.5,1.23363098075302
kq,0.7005534249155089,DN,8.0,22.6274,257.64480837214154,1.9855231707140235,-0.03375277306157698,0.11569523886896035,0.0708014901507407,3.2739911626819667,3940.7928014572285,1e+26,824073697716.436,78498489706.10078,212318309932673.25,8917369017172276.0,1.8727828131732582,0.2951282330728403,76.03825705526067,257003361581.6553,62661127659441.54,23.71850340144291,24.71850340144291,0.9595444763075087,2.8598131555131463,1.7501068751183109,0.6503268061159169,0.3574766444391433,13.123996512939753,27.067290027320738,6076781983627779.0,2.096656045754486
kq,0.7005534249155089,DN,8.0,26.9087,306.39343694120595,4.815257957975512,1.0276639576324218,0.09726273567496618,0.06796557127496525,6.356342815167382,20334.22369667462,1e+26,692959718890.5034,78498489706.10078,212318309932673.25,8917369017172276.0,1.8727828131732582,0.31899852109833493,97.73905325848064,498963311044.86444,67729226870620.69,21.94367539980591,22.94367539980591,0.9564150040229187,2.2315646358235464,1.5593800056951754,0.5518839185982369,0.2789455794779433,13.713331783151578,88.94870647314082,6.0876189499318264e+16,9.066576880229604
kq,0.7005534249155089,DN,8.0,32.0,364.36505599001777,inf,,,,,,1e+26,582707662115.9027,78498489706.10078,212318309932673.25,8917369017172276.0,1.8727828131732582,,,,,,,,,,,,,,,
kq,0.7005534249155089,D3,1.0,0.25,0.25,0.0,0.0,1.0,1.0,1.0,0.0,,,,,,,,,,,,,,,,,,,,,
kq,0.7005534249155089,D3,1.0,0.2973,0.2973,0.0,0.0,1.0,1.0,1.0,0.0,,,,,,,,,,,,,,,,,,,,,
kq,0.7005534249155089,D3,1.0,0.3536,0.3536,0.0,0.0,1.0,1.0,1.0,0.0,,,,,,,,,,,,,,,,,,,,,
kq,0.7005534249155089,D3,1.0,0.4204,0.4204,0.0,0.0,1.0,1.0,1.0,0.0,,,,,,,,,,,,,,,,,,,,,
kq,0.7005534249155089,D3,1.0,0.5,0.5,0.0,0.0,1.0,1.0,1.0,0.0,,,,,,,,,,,,,,,,,,,,,
kq,0.7005534249155089,D3,1.0,0.5946,0.5946,0.0,0.0,1.0,1.0,1.0,0.0,,,,,,,,,,,,,,,,,,,,,
kq,0.7005534249155089,D3,1.0,0.7071,0.7071,0.0,0.0,1.0,1.0,1.0,0.0,,,,,,,,,,,,,,,,,,,,,
kq,0.7005534249155089,D3,1.0,0.8409,0.8409,0.0,0.0,1.0,1.0,1.0,0.0,,,,,,,,,,,,,,,,,,,,,
kq,0.7005534249155089,D3,1.0,1.0,1.0,0.0,0.0,1.0,1.0,1.0,0.0,,,,,,,,,,,,,,,,,,,,,
kq,0.7005534249155089,D3,1.0,1.1892,1.1892,0.0037860465414472078,0.0037860465414469857,0.9587187552599669,0.9576125175983244,1.0525509619992872,0.05019972827031686,1e+26,15679990907928.764,893815831152.9764,18646645187708.887,0.0,1.837981334979805,0.9536697820643166,1.1341041048308853,940786712930.2578,17782742052392.973,0.0,1.0,0.0,0.9587187552599669,0.9576125175983244,-0.0430587641198688,0.9587187552599669,0.044263709613970637,0.04426376799599652,283363424096.5412,0.04426377587307684
kq,0.7005534249155089,D3,1.0,1.4142,1.4142,0.01572367821286691,0.01572367821286691,0.9191951606533426,0.9148636933104287,1.112284605924847,0.12017936012424744,1e+26,13185295706200.6,893815831152.9764,18646645187708.887,0.0,1.837981334979805,0.9131868523598856,1.29142884660735,994177589523.378,17027871226035.486,0.0,1.0,0.0,0.9191951606533426,0.9148636933104287,-0.0879082514851614,0.9191951606533426,0.09305900683576818,0.09305926616753335,716877759352.7179,0.09305922074176465
kq,0.7005534249155089,D3,1.0,1.6818,1.6818,0.03705235708496035,0.03705235708496035,0.8806556176022264,0.8711320122136449,1.1817353406824653,0.21833152973348782,1e+26,11087314298792.299,893815831152.9764,18646645187708.887,0.0,1.837981334979805,0.8775673548749511,1.4758927774286927,1056253755734.9436,16363687094669.424,0.0,1.0,0.0,0.8806556176022264,0.8711320122136449,-0.1355176529989262,0.8806556176022264,0.14793164064638953,0.14793186260948143,1383680989658.1123,0.14793183609995708
kq,0.7005534249155089,D3,1.0,2.0,2.0,0.06965668228448751,0.06965668228448751,0.8423281910919984,0.8258311981621381,1.2644325795748947,0.35682701461299265,1e+26,9323322593854.443,893815831152.9764,18646645187708.887,0.0,1.837981334979805,0.8459578624936324,1.6919157249872647,1130169857049.6365,15774276105671.387,0.0,1.0,0.0,0.8423281910919984,0.8258311981621381,-0.1871857199788067,0.8423281910919984,0.21090121349916213,0.2109010529121118,2419650816579.6865,0.2109011674207295
kq,0.7005534249155089,D3,1.0,2.3784,2.3784,0.11638402573264028,0.11638402573264028,0.8034247166194475,0.7784104227764893,1.3654297498966776,0.5535667414083996,1e+26,7839995453964.382,893815831152.9764,18646645187708.887,0.0,1.837981334979805,0.8176063439493076,1.9445949284490336,1220442726784.8997,15245615398842.615,0.0,1.0,0.0,0.8034247166194475,0.7784104227764893,-0.24467169022093074,0.8034247166194475,0.2846693347618976,0.28466933369050196,4053579020051.392,0.2846694135918426
kq,0.7005534249155089,D3,1.0,2.8284,2.8284,0.1815477552619622,0.1815477552619622,0.7631617886269354,0.7283995491290951,1.4920928450143591,0.8351361087855733,1e+26,6592647853100.3,893815831152.9764,18646645187708.887,0.0,1.837981334979805,0.791872810870956,2.2397330582674115,1333656206423.9187,14765771338104.42,0.0,1.0,0.0,0.7631617886269354,0.7283995491290951,-0.31033814179713964,0.7631617886269354,0.3728728981170317,0.3728728974088842,6682706728143.6045,0.3728730046326234
kq,0.7005534249155089,D3,1.0,3.3636,3.3636,0.27181774909662715,0.27181774909662715,0.7207683702856483,0.6754370583675943,1.655511327502506,1.2416843654390497,1e+26,5543657149396.149,893815831152.9764,18646645187708.887,0.0,1.837981334979805,0.7682325864935539,2.584027127929718,1479722233174.8198,14324960461981.178,0.0,1.0,0.0,0.7207683702856483,0.6754370583675943,-0.3874082732066741,0.7207683702856483,0.4805228519986955,0.4805225997645244,11024087772754.377,0.48052285638178205
kq,0.7005534249155089,D3,1.0,4.0,4.0,0.39778555279946604,0.39778555279946604,0.6755172939613797,0.6193223416992728,1.8729541291034797,1.8349078122395506,1e+26,4661661296927.222,893815831152.9764,18646645187708.887,0.0,1.837981334979805,0.7462999392668196,2.9851997570672784,1674076051616.026,13915990171117.076,0.0,1.0,0.0,0.6755172939613797,0.6193223416992728,-0.4803470006456584,0.6755172939613797,0.6146680535635749,0.6146678452737158,18430651352360.324,0.6146681478824689
kq,0.7005534249155089,D3,1.0,4.7568,4.7568,0.5770996823569032,0.5770996823569032,0.6267184931685172,0.560011461913529,2.172786857064326,2.7126997697472306,1e+26,3919997726982.191,893815831152.9764,18646645187708.887,0.0,1.837981334979805,0.7258418731820471,3.4526846223523617,1942071290565.2139,13534515871607.623,0.0,1.0,0.0,0.6267184931685172,0.560011461913529,-0.5956127207037941,0.6267184931685172,0.7856777369931927,0.7856777288780046,31609538056493.773,0.7856780216251025
kq,0.7005534249155089,D3,1.0,5.6569,5.6569,0.8408431567814441,0.8408431567814441,0.5737463277719267,0.4976458322256537,2.604360100814146,4.036308966595517,1e+26,3296265655696.3857,893815831152.9764,18646645187708.887,0.0,1.837981334979805,0.7068312696873139,3.998473809494167,2327818288130.8457,13180031893437.115,0.0,1.0,0.0,0.5737463277719267,0.4976458322256537,-0.7429305454265425,0.5737463277719267,1.0094612176849451,1.0094612200076352,56374762973925.37,1.009461646216181
kq,0.7005534249155089,D3,1.0,6.7272,6.7272,1.247788183958134,1.247788183958134,0.516071350943829,0.4325758521369019,3.2598940126767837,6.084606597065114,1e+26,2771828574698.0747,893815831152.9764,18646645187708.887,0.0,1.837981334979805,0.6895279954554155,4.638592731027671,2913744876411.311,12857383878249.28,0.0,1.0,0.0,0.516071350943829,0.4325758521369019,-0.9377165544476104,0.516071350943829,1.3117332950049168,1.3117333077423332,106373947783061.62,1.3117339678778706
kq,0.7005534249155089,D3,1.0,8.0,8.0,1.9208799609381577,1.9208799609381577,0.45321905620250114,0.36529790356711156,4.329807541374983,9.37689218456074,1e+26,2330830648463.611,893815831152.9764,18646645187708.887,0.0,1.837981334979805,0.6745981046563094,5.396784837250475,3870050526326.5054,12578991501827.107,0.0,1.0,0.0,0.45321905620250114,0.36529790356711156,-1.2064385561784359,0.45321905620250114,1.7374917573713442,1.737491737078337,217734279204997.12,1.7374928754705365
kq,0.7005534249155089,D3,1.0,9.5137,9.5137,3.154045083518538,3.154045083518538,0.3847508339640523,0.296435023201752,6.261834175251439,14.979437585535445,1e+26,1959978261634.1577,893815831152.9764,18646645187708.887,0.0,1.837981334979805,0.6633911035102962,6.311303941465905,5596926517894.478,12370018527839.152,0.0,1.0,0.0,0.3847508339640523,0.296435023201752,-1.5990846847480287,0.3847508339640523,2.373420553344689,2.3734205896474143,503032868673771.4,2.373422673223047
kq,0.7005534249155089,D3,1.0,11.3137,11.3137,5.80151078414663,5.80151078414663,0.31017961074451084,0.22668801323708662,10.327376947861994,25.41846252098871,1e+26,1648147395432.872,893815831152.9764,18646645187708.887,0.0,1.837981334979805,0.6585903485932796,7.451093626879787,9230773010283.357,12280500554268.395,0.0,1.0,0.0,0.31017961074451084,0.22668801323708662,-2.223938535481887,0.31017961074451084,3.411349262451421,3.4113492365726303,1407792346809850.0,3.4113539410469684
kq,0.7005534249155089,D3,1.0,13.4543,13.4543,13.267863921680116,13.267863921680116,0.22872545072400485,0.15674239373881205,21.418228559205097,48.21886945100809,1e+26,1385924588251.257,893815831152.9764,18646645187708.887,0.0,1.837981334979805,0.6661551809590758,8.962651651177692,19143951761470.32,12421559299297.893,0.0,1.0,0.0,0.22872545072400485,0.15674239373881205,-3.372053904952911,0.22872545072400485,5.379894910028947,5.379895087495667,5538598264576402.0,5.379908904444619
kq,0.7005534249155089,D3,1.0,16.0,16.0,50.76133203607973,50.76133203607973,0.13871342761319916,0.08719509626653095,73.56817227747202,117.85389257057633,1e+26,1165415324231.8054,893815831152.9764,18646645187708.887,0.0,1.837981334979805,0.7035832267363537,11.257331627781658,65756397050594.016,13119466788976.12,0.0,1.0,0.0,0.13871342761319916,0.08719509626653095,-6.209107418126014,0.13871342761319916,10.468534846767994,10.468534800793613,4.6497884122973224e+16,10.468614457657566
kq,0.7005534249155089,D3,1.0,19.0273,19.0273,2210.810622605468,2210.810622605468,0.03447565110570981,0.01832526358239576,2484.1619017333182,908.648942457927,1e+26,979994281254.2445,893815831152.9764,18646645187708.887,0.0,1.837981334979805,0.8903649239053953,16.94124051662513,2220383234916324.2,16602318823645.33,0.0,1.0,0.0,0.03447565110570981,0.01832526358239576,-28.00597865240553,0.03447565110570981,53.56947429452824,53.56946529069825,1.2105293269548173e+19,53.578016153977615
kq,0.7005534249155089,D3,1.0,22.6274,22.6274,inf,,,,,,1e+26,824073697716.436,893815831152.9764,18646645187708.887,0.0,1.837981334979805,,,,,,,,,,,,,,,
kq,0.7005534249155089,D3,1.0,26.9087,26.9087,inf,,,,,,1e+26,692959718890.5033,893815831152.9764,18646645187708.887,0.0,1.837981334979805,,,,,,,,,,,,,,,
kq,0.7005534249155089,D3,1.0,32.0,32.0,inf,,,,,,1e+26,582707662115.9027,893815831152.9764,18646645187708.887,0.0,1.837981334979805,,,,,,,,,,,,,,,
kq,0.7005534249155089,D3,1.5,0.25,0.40171885731648854,0.0,0.0,1.0,1.0,1.0,0.0,,,,,,,,,,,,,,,,,,,,,
kq,0.7005534249155089,D3,1.5,0.2973,0.4777240651207682,0.0,0.0,1.0,1.0,1.0,0.0,,,,,,,,,,,,,,,,,,,,,
kq,0.7005534249155089,D3,1.5,0.3536,0.5681911517884415,0.0,0.0,1.0,1.0,1.0,0.0,,,,,,,,,,,,,,,,,,,,,
kq,0.7005534249155089,D3,1.5,0.4204,0.6755304304634071,0.0,0.0,1.0,1.0,1.0,0.0,,,,,,,,,,,,,,,,,,,,,
kq,0.7005534249155089,D3,1.5,0.5,0.8034377146329771,0.0,0.0,1.0,1.0,1.0,0.0,,,,,,,,,,,,,,,,,,,,,
kq,0.7005534249155089,D3,1.5,0.5946,0.9554481302415364,0.0,0.0,1.0,1.0,1.0,0.0,,,,,,,,,,,,,,,,,,,,,
kq,0.7005534249155089,D3,1.5,0.7071,1.1362216160339562,0.001421962560680834,-0.008842073974767661,0.9678406502786958,0.9671737073579499,1.021950035631578,0.037401944205898506,1e+26,26370591412401.195,556244631583.7224,29962835990369.656,89888507971108.97,1.8392675989597174,0.9698692611842654,1.1019864192844453,568454221066.8591,29060033604965.137,0.5155334022953482,1.5155334022953482,0.34016630812263726,1.4667948335966141,1.4657840593227993,0.31824139470959456,0.9778632223977427,0.03394043116796719,0.03394047481286311,127567758359.70096,0.022395071663794397
kq,0.7005534249155089,D3,1.5,0.8409,1.3512215484697407,0.008080536420310924,-0.015534259507899106,0.9263833421450169,0.9227990702848876,1.0553101282767314,0.10545387048051226,1e+26,22174628597584.598,556244631583.7224,29962835990369.656,89888507971108.97,1.8392675989597174,0.9328686554915228,1.2605122291921405,587010593509.8613,27951390525049.15,0.5359811341678675,1.5359811341678675,0.3489503368530893,1.4229073365421228,1.4174019625852354,0.2972135469972702,0.9486048910280819,0.08365952264264731,0.08365951934986726,371415234592.0653,0.054466517720896945
kq,0.7005534249155089,D3,1.5,1.0,1.6068754292659542,0.020667260647074137,-0.01600524864428443,0.8866092998405608,0.8780144174586375,1.0940122792297917,0.2007981603404131,1e+26,18646645187708.887,556244631583.7224,29962835990369.656,89888507971108.97,1.8392675989597174,0.8994366608466856,1.4452826704955544,608538457208.2439,26949673152674.977,0.5559035135718445,1.5559035135718444,0.35728662396016597,1.3794785247874015,1.3661057170906303,0.2750883888140882,0.9196523498582677,0.13893346181540256,0.13893346178178856,733160416222.8514,0.08929441547778083
kq,0.7005534249155089,D3,1.5,1.1892,1.9108962604830728,0.0399945593006692,-0.009896394553030263,0.8476481821640413,0.8322141953884197,1.1397764670080683,0.33467112612493094,1e+26,15679990907928.764,556244631583.7224,29962835990369.656,89888507971108.97,1.8392675989597174,0.8686822671870106,1.659961695915616,633994540978.6997,26028184299466.87,0.5755844442630479,1.5755844442630478,0.36531488131838435,1.3355412900255137,1.3112237405488827,0.2512399223681835,0.8903608600170091,0.20161372581883152,0.20161373008158034,1273078001918.4006,0.12796126176795042
kq,0.7005534249155089,D3,1.5,1.4142,2.2724432320679124,0.06726622372488955,0.0034708189491876595,0.8086926879518764,0.7848973064221668,1.194857033276294,0.5230159585974207,1e+26,13185295706200.598,556244631583.7224,29962835990369.656,89888507971108.97,1.8392675989597174,0.8398250091876465,1.9084546582498396,664632810269.9917,25163539010900.14,0.5953621225017394,1.5953621225017394,0.37318306239346627,1.2901576831025423,1.2521954327195661,0.2249009457547682,0.8601051220683615,0.27405202160566144,0.27405202282716834,2085681398271.944,0.17178048675603463
kq,0.7005534249155089,D3,1.5,1.6818,2.7024430969394815,0.10422375634041003,0.02519892607958063,0.7690058047706689,0.7356921186696773,1.2622734168620693,0.7885424139450649,1e+26,11087314298792.299,556244631583.7224,29962835990369.656,89888507971108.97,1.8392675989597174,0.8121845175415001,2.19488244287115,702132811720.3682,24335351493013.477,0.6156236534938029,1.6156236534938029,0.381043971572532,1.2424239678615303,1.1886015886117005,0.19512177334987532,0.8282826452410202,0.35926425555334207,0.3592638225065319,3321969013584.089,0.2223686661686486
kq,0.7005534249155089,D3,1.5,2.0,3.2137508585319083,0.15335413021947297,0.05696766838556888,0.7279547856783726,0.6844065788816298,1.3461270538872814,1.1635946842872849,1e+26,9323322593854.443,556244631583.7224,29962835990369.656,89888507971108.97,1.8392675989597174,0.7851916097617295,2.523410209983809,748775947154.4125,23526567424305.035,0.6367872424817779,1.6367872424817778,0.3890470465277146,1.191507106301917,1.12022795698405,0.1607267848332839,0.7943380708679446,0.4611197946607599,0.46111978764547734,5227630270986.308,0.28172256056535616
kq,0.7005534249155089,D3,1.5,2.3784,3.8217925209661456,0.21826702302827905,0.101306194770868,0.6850100565337877,0.6310244293569539,1.4521886795431016,1.6947424714198782,1e+26,7839995453964.382,556244631583.7224,29962835990369.656,89888507971108.97,1.8392675989597174,0.7583767937905763,2.898358758583109,807772157042.5049,22723119491249.426,0.6593028743678484,1.6593028743678484,0.39733727009845976,1.1366391557773963,1.047060649428325,0.12021331051537011,0.7577594371849309,0.5847247007838523,0.5847246972112174,8213794690622.284,0.35239186398428046
kq,0.7005534249155089,D3,1.5,2.8284,4.544886464135825,0.30426954814393214,0.16201793152650557,0.6397885739870933,0.575741137258351,1.5887727813787853,2.449502586420082,1e+26,6592647853100.299,556244631583.7224,29962835990369.656,89888507971108.97,1.8392675989597174,0.7313934032266534,3.3240999782830523,883746330448.2883,21914620585318.516,0.6836266198111357,1.6836266198111356,0.40604407875650184,1.0771650742156766,0.9693331048084964,0.07163718548140206,0.7181100494771178,0.7368916953927376,0.7368916933319833,12988433533034.033,0.43768129010146595
kq,0.7005534249155089,D3,1.5,3.3636,5.404886193878963,0.41938017916764503,0.2449241867691767,0.5920730913127228,0.5189564328782171,1.7682921639645819,3.5271924403748853,1e+26,5543657149396.149,556244631583.7224,29962835990369.656,89888507971108.97,1.8392675989597174,0.7040262984472017,3.805182020604991,983603023276.862,21094624513280.543,0.710200742646686,1.7102007426466859,0.41527332139242784,1.0125638404641375,0.887519676909602,0.012407948972756625,0.675042560309425,0.9269440296824853,0.9269440447302391,20816142888192.18,0.5420090454641979
kq,0.7005534249155089,D3,1.5,4.0,6.427501717063817,0.5760755262278852,0.3591469200679638,0.5418493572283931,0.46127480344165533,2.009932738547728,5.076157145480149,1e+26,4661661296927.222,556244631583.7224,29962835990369.656,89888507971108.97,1.8392675989597174,0.6762151260096454,4.3463738835315215,1118014295661.5432,20261322914834.156,0.7394096653094804,1.7394096653094804,0.42509230577255797,0.9424980091047963,0.802345851470146,-0.06101019879057384,0.6283320060698642,1.1679051024222824,1.1679063155056522,34051297534027.797,0.6714380602446113
kq,0.7005534249155089,D3,1.5,4.7568,7.643585041932291,0.7947453040059995,0.5196415062575548,0.4892832540336183,0.40342927528353095,2.3449528995028897,7.324854325689285,1e+26,3919997726982.191,556244631583.7224,29962835990369.656,89888507971108.97,1.8392675989597174,0.6480477738293617,4.95340827049963,1304367461665.1665,19417349161173.336,0.771548055856227,1.7715480558562269,0.4355219455129719,0.8667887974462648,0.7146943483040258,-0.15368357660620713,0.5778591982975099,1.4787492164449345,1.4787491794033163,57325809863198.68,0.8347217321542644
kq,0.7005534249155089,D3,1.5,5.6569,9.089933615814576,1.1105408765149436,0.7522227674918938,0.4347223826715347,0.3462381516032708,2.8271770945610437,10.637562614336396,1e+26,3296265655696.386,556244631583.7224,29962835990369.656,89888507971108.97,1.8392675989597174,0.6197782129965755,5.633742812667059,1572602081386.0464,18570312946420.785,0.8067402007930256,1.8067402007930256,0.4465169925587122,0.7854304049571911,0.6255623875498996,-0.2731872788328124,0.5236202699714607,1.888185473985049,1.888185445766804,100371918649078.84,1.0450789424041318
kq,0.7005534249155089,D3,1.5,6.7272,10.809772387757926,1.588230358455303,1.104465951553967,0.37868316166535715,0.2905555665165813,3.555759172257976,15.62125564372222,1e+26,2771828574698.0747,556244631583.7224,29962835990369.656,89888507971108.97,1.8392675989597174,0.5918471554465795,6.397733038719508,1977871950773.0796,17733419250012.676,0.8448127111850761,1.844812711185076,0.45793955454826785,0.6985995101520039,0.5360206024153701,-0.43143530086703924,0.4657330067680026,2.4416824705471005,2.44168236344059,185381060241443.06,1.3235400406976794
kq,0.7005534249155089,D3,1.5,8.0,12.855003434127633,2.3588660687696237,1.6726672582724875,0.32176221356234097,0.23716325453148895,4.731263689763896,23.35743068009214,1e+26,2330830648463.611,556244631583.7224,29962835990369.656,89888507971108.97,1.8392675989597174,0.5648950118875875,7.261727317736509,2631740028038.1616,16925856592965.703,0.8851202249587194,1.8851202249587193,0.46952985450999657,0.6065604564138557,0.4470812477343425,-0.6486402788474902,0.4043736376092371,3.2165047952958776,3.2165042280369835,368824111637550.6,1.7062606391178292
kq,0.7005534249155089,D3,1.5,9.5137,15.287330771407508,3.7215514623808277,2.6769011071943796,0.2645819798411556,0.1867281202536202,6.810852172753724,35.94509702482852,1e+26,1959978261634.158,556244631583.7224,29962835990369.656,89888507971108.97,1.8392675989597174,0.5398591855955311,8.253005940181561,3788499957604.5903,16175712235893.434,0.9261674402158008,1.9261674402158007,0.48083433500051087,0.5096291948378673,0.35966962540522385,-0.962210976390665,0.3397527965585782,4.355379782336841,4.35537994812932,817067991327934.5,2.261165326444825
kq,0.7005534249155089,D3,1.5,11.3137,18.179706544086226,6.487184634303985,4.715866682804507,0.20769723348177,0.13975190816936495,11.029820537302944,57.992119365157514,1e+26,1648147395432.8723,556244631583.7224,29962835990369.656,89888507971108.97,1.8392675989597174,0.5182193729692518,9.421076126041367,6135278461206.651,15527322079309.893,0.9648423545710769,1.964842354571077,0.491053316479276,0.40809232127221967,0.2745904683032959,-1.4504259155931187,0.2720615475148131,6.155537359733957,6.155533130438121,2134786805164656.2,3.1328436103841284
kq,0.7005534249155089,D3,1.5,13.4543,21.61938408797293,13.532561433215566,9.929083587673233,0.1514201811812431,0.09649912287043964,21.739517124300235,101.76245087005947,1e+26,1385924588251.2568,556244631583.7224,29962835990369.656,89888507971108.97,1.8392675989597174,0.5027289026331133,10.868689238150422,12092489693614.408,15063183657214.49,0.9945718206794552,1.9945718206794552,0.4986392620049411,0.302018426466285,0.19247443119766325,-2.311056254746868,0.20134561764419,9.362788492312065,9.362799001023916,7383368330058820.0,4.694144524126642
kq,0.7005534249155089,D3,1.5,16.0,25.710006868255267,41.50644848676033,30.888744372921153,0.09549084210165229,0.05691091312717925,63.74185671443868,213.1506441577976,1e+26,1165415324231.8054,556244631583.7224,29962835990369.656,89888507971108.97,1.8392675989597174,0.5002795026160225,12.862189448305266,35456065604585.37,14989792686227.588,0.9994413070802203,1.9994413070802204,0.49986028774193036,0.1909283341459186,0.11379003053013614,-4.237567302272389,0.12728555609727907,16.571322353680962,16.571327009283014,4.534489933751101e+16,8.288019340270125
kq,0.7005534249155089,D3,1.5,19.0273,30.574500855272092,471.65676661972316,368.04915909313985,0.03769945798273974,0.020213564250471973,679.8719816728898,804.6903576788895,1e+26,979994281254.2445,556244631583.7224,29962835990369.656,89888507971108.97,1.8392675989597174,0.542821544410551,16.596497773840508,378175139969731.9,16264472907212.498,0.9211130345663586,1.9211130345663587,0.4794684216872621,0.07242492012672809,0.038832541756626274,-12.807402179390937,0.048283280084485396,48.47173034941874,48.471714339566866,1.8258833318850458e+18,25.232063337590205
kq,0.7005534249155089,D3,1.5,22.6274,36.35941308817245,inf,,,,,,1e+26,824073697716.4362,556244631583.7224,29962835990369.656,89888507971108.97,1.8392675989597174,,,,,,,,,,,,,,,
kq,0.7005534249155089,D3,1.5,26.9087,43.23892886348878,inf,,,,,,1e+26,692959718890.5033,556244631583.7224,29962835990369.656,89888507971108.97,1.8392675989597174,,,,,,,,,,,,,,,
kq,0.7005534249155089,D3,1.5,32.0,51.42001373651053,inf,,,,,,1e+26,582707662115.9027,556244631583.7224,29962835990369.656,89888507971108.97,1.8392675989597174,,,,,,,,,,,,,,,
kq,0.7005534249155089,D3,2.0,0.25,0.5624305757889645,0.0,0.0,1.0,1.0,1.0,0.0,,,,,,,,,,,,,,,,,,,,,
kq,0.7005534249155089,D3,2.0,0.2973,0.6688424407282366,0.0,0.0,1.0,1.0,1.0,0.0,,,,,,,,,,,,,,,,,,,,,
kq,0.7005534249155089,D3,2.0,0.3536,0.7955018063959114,0.0,0.0,1.0,1.0,1.0,0.0,,,,,,,,,,,,,,,,,,,,,
kq,0.7005534249155089,D3,2.0,0.4204,0.9457832562467227,0.0,0.0,1.0,1.0,1.0,0.0,,,,,,,,,,,,,,,,,,,,,
kq,0.7005534249155089,D3,2.0,0.5,1.124861151577929,0.0009201847777300376,-0.01233864633381665,0.9697503321328733,0.9691610944638397,1.0141790158892767,0.03485760200334749,1e+26,37293290375417.77,397300515667.7126,41949773557822.53,251698641346935.2,1.8417459688425668,0.9738530754357587,1.0954494919023752,402933845992.1829,40852915993119.14,1.0268489418206557,2.0268489418206554,0.5066233208767246,1.9655374345137435,1.9643431387677817,0.49123329709190144,0.9827687172568718,0.031820205858780426,0.031820404086000176,84271845823.64175,0.01569942726575846
kq,0.7005534249155089,D3,2.0,0.5946,1.3376848814564732,0.0057213774035485,-0.026159112980651766,0.9275763041370176,0.9241091412245078,1.0376018677877488,0.10310442925004489,1e+26,31359981815857.527,397300515667.7126,41949773557822.53,251698641346935.2,1.8417459688425668,0.9385496665456626,1.2554836994341472,412239757129.8543,39371945984360.39,1.0654737150783993,2.065473715078399,0.5158495638556007,1.9158844749245767,1.908723141062893,0.4780478608767017,0.9579422374622883,0.08212326378995849,0.08212325893175154,255022469238.3045,0.03976002169281401
kq,0.7005534249155089,D3,2.0,0.7071,1.590778640561507,0.014907679862909085,-0.03503198899990634,0.8873423382130784,0.8788586944626721,1.0648473487257244,0.19870499662488994,1e+26,26370591412401.2,397300515667.7126,41949773557822.53,251698641346935.2,1.8417459688425668,0.9062031399663495,1.4415685990682385,423064400756.1269,38015016518976.12,1.103505335500309,2.103505335500309,0.524603059890906,1.8665293428465302,1.8486839529530665,0.46424630085109675,0.9332646714232651,0.13783934357205507,0.13783944566838402,504390061946.1436,0.06552844990892481
kq,0.7005534249155089,D3,2.0,0.8409,1.891791484723761,0.028969950457887306,-0.03907123067522,0.8481267477322063,0.8327870103735605,1.097011131590994,0.33272808334505366,1e+26,22174628597584.598,397300515667.7126,41949773557822.53,251698641346935.2,1.8417459688425668,0.8759517033625228,1.6571179734504944,435843088274.3229,36745975603646.766,1.1416154522689916,2.141615452268992,0.533062763933402,1.8163613484259382,1.7835095298649144,0.44944875596114087,0.9081806742129691,0.20078722115446213,0.20078715966424077,870103412404.2269,0.09375502916952883
kq,0.7005534249155089,D3,2.0,1.0,2.249722303155858,0.048627797130937234,-0.03820946414348303,0.8091099867637649,0.7854104155666821,1.1354650584053574,0.5206521475450714,1e+26,18646645187708.887,397300515667.7126,41949773557822.53,251698641346935.2,1.8417459688425668,0.8470454715773043,1.9056170891946327,451120853227.11786,35533365725846.914,1.1805741646170131,2.1805741646170134,0.5414051875756145,1.7643243334706793,1.7126456608058191,0.43321078725199214,0.8821621667353396,0.27321968257638796,0.2732196717924589,1409262246210.383,0.12529714986797558
kq,0.7005534249155089,D3,2.0,1.1892,2.6753697629129465,0.07490361162963044,-0.03216986863040949,0.7695614688541209,0.7363850471130624,1.18197709188967,0.7842220353035031,1e+26,15679990907928.764,397300515667.7126,41949773557822.53,251698641346935.2,1.8417459688425668,0.8188230871905352,2.1906545286445893,469600108115.1892,34349443091560.13,1.2212650273835108,2.221265027383511,0.5498060845184568,1.7093999771875437,1.6357063518404045,0.4149994071924064,0.8546999885937718,0.3579852061369504,0.3579852172458087,2209624515389.0327,0.16116279507016884
kq,0.7005534249155089,D3,2.0,1.4142,3.181557281123014,0.10921602894747084,-0.020413530927441248,0.7288719801343828,0.6855519813090977,1.2388455888223826,1.153915166074597,1e+26,13185295706200.6,397300515667.7126,41949773557822.53,251698641346935.2,1.8417459688425668,0.7907252347758131,2.5157376280686927,492193991271.80365,33170744545301.418,1.2646618016225581,2.264661801622558,0.5584329636842323,1.6506485316833326,1.5525433850973753,0.39417751216838437,0.8253242658416663,0.45867859369386865,0.45867858391053695,3407700667075.932,0.2025373831742172
kq,0.7005534249155089,D3,2.0,1.6818,3.783582969447522,0.1535305681310728,-0.0020602006358690916,0.6865705632932515,0.6329523224033435,1.3091213368980146,1.6725505834598584,1e+26,11087314298792.299,397300515667.7126,41949773557822.53,251698641346935.2,1.8417459688425668,0.7622974060821334,2.8842154833063813,520114582221.18646,31978203568860.98,1.3118239574492998,2.3118239574493,0.5674411121237242,1.5872302767007997,1.4632743428552228,0.36997169555095083,0.7936151383503999,0.5798978289596326,0.5798978126918954,5219507687760.155,0.25084000425579234
kq,0.7005534249155089,D3,2.0,2.0,4.499444606311716,0.21056571282583558,0.024225935906569518,0.642364947150433,0.5788562036915916,1.3969054897451014,2.4002001585012764,1e+26,9323322593854.443,397300515667.7126,41949773557822.53,251698641346935.2,1.8417459688425668,0.7332106169140076,3.299040555564217,554991271414.7874,30758019349733.98,1.3638645935173113,2.3638645935173113,0.5769639247770743,1.5184637546855275,1.3683376846443982,0.34143966432238015,0.7592318773427638,0.7275447574416758,0.7275447348820885,7992540825699.585,0.3077777340010357
kq,0.7005534249155089,D3,2.0,2.3784,5.350739525825893,0.2841699045329962,0.06043965229716641,0.5961391896497802,0.5237238537359474,1.507900156768826,3.4220297759427467,1e+26,7839995453964.382,397300515667.7126,41949773557822.53,251698641346935.2,1.8417459688425668,0.7032558803956281,3.7629390360023742,599089509859.6792,29501424935803.727,1.421957537614095,2.421957537614095,0.5871108454753858,1.4438238038394435,1.2684369351840796,0.307394713024691,0.7219119019197218,0.9094031957234143,0.9094032450757392,12300612847168.607,0.3754827990292142
kq,0.7005534249155089,D3,2.0,2.8284,6.363114562246028,0.37987584696880483,0.10954037389148086,0.5479828142614005,0.4681958198001327,1.6502113200461286,4.859567946157118,1e+26,6592647853100.3,397300515667.7126,41949773557822.53,251698641346935.2,1.8417459688425668,0.6723626001186719,4.2783202519247245,655629808415.0236,28205458823727.066,1.4872927194693757,2.4872927194693757,0.5979564479192726,1.3629936643067206,1.1645400538748658,0.2663208742729963,0.6814968321533603,1.1358584543255605,1.1358585296872774,19116465609112.688,0.45666467199723115
kq,0.7005534249155089,D3,2.0,3.3636,7.567165938895044,0.5058659391927376,0.17597715457409469,0.4981840108957819,0.41303636307780145,1.83575472381138,6.888752007050358,1e+26,5543657149396.149,397300515667.7126,41949773557822.53,251698641346935.2,1.8417459688425668,0.6405960117223831,4.847496320497627,729346298409.7006,26872857633798.2,1.5610462470899256,2.5610462470899256,0.609534579417969,1.2758722914648488,1.0578052275720753,0.21622249602122448,0.6379361457324244,1.4210943379133796,1.4210940432074577,30145714662027.44,0.5548882850696657
kq,0.7005534249155089,D3,2.0,4.0,8.998889212623432,0.6745863032532049,0.2665631887395412,0.4472286722760723,0.3590881698381488,2.0826094177668684,9.767993616145898,1e+26,4661661296927.222,397300515667.7126,41949773557822.53,251698641346935.2,1.8417459688425668,0.6081616542854428,5.472779350280492,827421795613.2114,25512243683825.074,1.6442996577529148,2.6442996577529145,0.6218280341004224,1.1826066250369085,0.9495367246061373,0.15441028417307356,0.5913033125184542,1.7848313701081504,1.7848315166546311,48493504904458.95,0.6749733597679608
kq,0.7005534249155089,D3,2.0,4.7568,10.701479051651786,0.905877144349877,0.3921620088723867,0.39573223941880176,0.3071680747826802,2.419592279827367,13.888121813516406,1e+26,3919997726982.191,397300515667.7126,41949773557822.53,251698641346935.2,1.8417459688425668,0.5753704954669946,6.157315304178551,961305260481.0292,24136661996692.58,1.7380105651548199,2.73801056515482,0.6347713143526693,1.0835190525010558,0.8410294340332441,0.07708129571720149,0.5417595262505279,2.255546660268958,2.255546917912949,80104347345207.9,0.8237905750334562
kq,0.7005534249155089,D3,2.0,5.6569,12.726454096722373,1.2329373499402156,0.5708954776542619,0.3444001094228545,0.2580166321965923,2.894979222226169,19.85894297506522,1e+26,3296265655696.386,397300515667.7126,41949773557822.53,251698641346935.2,1.8417459688425668,0.5426275482717563,6.905724584697509,1150176737837.7705,22763102776236.59,1.8428846880055278,2.842884688005528,0.6482446142753802,0.9790897976256614,0.7335115329224464,-0.021356776901410704,0.4895448988128307,2.8757191406097546,2.8757195738682637,137047765487800.94,1.0115500210652328
kq,0.7005534249155089,D3,2.0,6.7272,15.134331877790087,1.7146797619066518,0.8347704921578643,0.2939852244156715,0.2122623704726634,3.5945890316554387,28.66849333751137,1e+26,2771828574698.0747,397300515667.7126,41949773557822.53,251698641346935.2,1.8417459688425668,0.5104256636850879,7.724951393151387,1428132075890.2095,21412241009690.715,1.9591491399166008,2.959149139916601,0.6620650218298278,0.8699461239778232,0.6281160110208408,-0.14949647160620275,0.4349730619889116,3.711150628221157,3.711149977915438,245654369416468.53,1.25412801883229
kq,0.7005534249155089,D3,2.0,8.0,17.997778425246864,2.4646522367418187,1.24518219364723,0.24519105443065398,0.17035415750597552,4.684122279836407,42.01293644505834,1e+26,2330830648463.611,397300515667.7126,41949773557822.53,251698641346935.2,1.8417459688425668,0.47931758812360536,8.626651746372387,1861004197229.626,20107264284066.89,2.0862994072775862,3.0862994072775862,0.6759873660857498,0.7567330059590938,0.5257639353379648,-0.321470045742998,0.3783665029795469,4.87012383284466,4.8701232425121175,469117506373170.5,1.5779823250667846
kq,0.7005534249155089,D3,2.0,9.5137,21.403183075533885,3.725242831601297,1.9326865144208902,0.1986316877269293,0.13256429689929047,6.5177991487817035,63.01658955258978,1e+26,1959978261634.1577,397300515667.7126,41949773557822.53,251698641346935.2,1.8417459688425668,0.44995042766377114,9.63037137820246,2589524962829.549,18875318552740.605,2.222467050853117,3.222467050853117,0.6896787510254729,0.6400840689553751,0.42718407887747356,-0.5622947804840888,0.32004203447768753,6.54350925090866,6.543505584455537,979098190312889.9,2.030591057664566
kq,0.7005534249155089,D3,2.0,11.3137,25.452683221214432,6.092523814893868,3.2177393015580034,0.15478270999294785,0.0989904303672443,9.96730832822973,98.03326564455251,1e+26,1648147395432.872,397300515667.7126,41949773557822.53,251698641346935.2,1.8417459688425668,0.4231573021186058,10.770488763568604,3960016738624.7583,17751353003214.61,2.363187389165536,3.363187389165536,0.7026630144899191,0.5205632583091486,0.3329233670591851,-0.9209961211018214,0.2602816291545743,9.101986588906657,9.10198143900644,2329280237366852.5,2.7063594573348837
kq,0.7005534249155089,D3,2.0,13.4543,30.26843878334986,11.375616771245715,6.074418412834752,0.11390703288652061,0.0695484066858209,17.676815129656674,162.0640708530514,1e+26,1385924588251.2568,397300515667.7126,41949773557822.53,251698641346935.2,1.8417459688425668,0.40020888157425416,12.113698032483226,7023007766375.421,16788671957869.375,2.498695171547465,3.498695171547465,0.7141791579522767,0.3985259859653679,0.24332867466050098,-1.5092466619903186,0.19926299298268396,13.378474614341869,13.378440489200418,6829063369508378.0,3.82385178453859
kq,0.7005534249155089,D3,2.0,16.0,35.99555685049373,27.339048318805638,14.716429094586486,0.07596827648696085,0.04397716746579396,40.96166754302478,300.2438559279255,1e+26,1165415324231.8054,397300515667.7126,41949773557822.53,251698641346935.2,1.8417459688425668,0.3836862617489503,13.811000647537758,16274091637453.152,16095551797615.89,2.6062960801403667,3.6062960801403667,0.7227071827222025,0.2739640977099465,0.15859468664756923,-2.650113311776816,0.13698204885497325,21.739072514795627,21.73911663338379,2.931717614972005e+16,6.028106816028611
kq,0.7005534249155089,D3,2.0,19.0273,42.80614117883746,123.07969466968764,67.54557046960635,0.040319389887347554,0.021762947396470295,179.61381886976892,734.3505225209501,1e+26,979994281254.2445,397300515667.7126,41949773557822.53,251698641346935.2,1.8417459688425668,0.3816274878009588,16.33600012053291,71360662858006.31,16009186696690.9,2.6203563211923533,3.6203563211923533,0.7237840943593494,0.14597055804527775,0.0787896241745879,-5.850696560944954,0.07298527902263888,44.94965846226273,44.949661534707964,3.1442244034330976e+17,12.415941922640172
kq,0.7005534249155089,D3,2.0,22.6274,50.905366442428864,139809.4997688474,94256.32149498624,0.0029294879464399305,0.0012990537359422539,185363.6780427085,20494.223608715503,1e+26,824073697716.436,397300515667.7126,41949773557822.53,251698641346935.2,1.8417459688425668,0.5084994131011417,25.88534895967363,7.364508487243194e+16,21331435233878.55,1.9665706080197531,2.966570608019753,0.6629104335839421,0.008690532838456843,0.003853734631284544,-114.06774309336453,0.0043452664192284215,768.791096651334,768.7909905488858,9.055793022350709e+21,260.1793530429575
kq,0.7005534249155089,D3,2.0,26.9087,60.537102538930036,inf,,,,,,1e+26,692959718890.5033,397300515667.7126,41949773557822.53,251698641346935.2,1.8417459688425668,,,,,,,,,,,,,,,
kq,0.7005534249155089,D3,2.0,32.0,71.99111370098746,inf,,,,,,1e+26,582707662115.9027,397300515667.7126,41949773557822.53,251698641346935.2,1.8417459688425668,,,,,,,,,,,,,,,
kq,0.7005534249155089,D3,3.0,0.25,0.90375587290319,0.0,0.0,1.0,1.0,1.0,0.0,,,,,,,,,,,,,,,,,,,,,
kq,0.7005534249155089,D3,3.0,0.2973,1.0747464840564735,0.00023322100077582952,-0.01002205533902456,0.9809703741187863,0.9807392650738646,1.0053608591706762,0.02078393358874626,1e+26,62719963631715.055,247250352100.53946,67408060393335.65,808896724720027.8,1.8474787586746793,0.9846991113992738,1.0583019078299034,248575826418.05057,66376657170466.195,2.0310772873126357,3.0310772873126357,0.6700842950505549,2.973397020518032,2.9726965111410775,0.6636843337437065,0.9911323401726774,0.01963899643060052,0.01963892505877829,30998300808.24289,0.00647919736707081
kq,0.7005534249155089,D3,3.0,0.3536,1.278272306634272,0.002733136618689347,-0.03107827871554114,0.937517875342427,0.9349500794069973,1.0196388442858046,0.08451306727763329,1e+26,52733725078362.234,247250352100.53946,67408060393335.65,808896724720027.8,1.8474787586746793,0.9502597186390342,1.2146906824463526,252106063265.0523,64055164503374.164,2.1046877614305357,3.1046877614305357,0.6779064186669664,2.9107002736979917,2.902728069083412,0.6564400639130328,0.9702334245659973,0.06957582230942361,0.06957577505226342,127837540114.91185,0.022409918969401588
kq,0.7005534249155089,D3,3.0,0.4204,1.5197558758740044,0.008071167590697703,-0.048240875621304524,0.896559115866632,0.8894152934266913,1.0362271891966988,0.17355479424462006,1e+26,44354531845168.62,247250352100.53946,67408060393335.65,808896724720027.8,1.8474787586746793,0.9184849947013218,1.3958729675994375,256207537385.0361,61913291993199.27,2.177498828546863,3.177498828546863,0.6852870594267627,2.8488155403892343,2.8261160529549763,0.6489769218742152,0.9496051801297448,0.12433416356857752,0.12433424862026143,266796278608.68445,0.03912959651586334
kq,0.7005534249155089,D3,3.0,0.5,1.80751174580638,0.01650026399356741,-0.062053771704858596,0.8569207727295242,0.8432703745224617,1.0557772818427806,0.29844964260912854,1e+26,37293290375417.77,247250352100.53946,67408060393335.65,808896724720027.8,1.8474787586746793,0.8883940244082786,1.6057826340221635,261041304675.37802,59884918050391.75,2.251253323469971,3.251253323469971,0.6924263044096705,2.786066510287321,2.7416856077499205,0.6410710238583385,0.9286888367624404,0.1858592809765116,0.1858592981588194,467446104519.5232,0.05716543935818663
kq,0.7005534249155089,D3,3.0,0.5946,2.149492968112947,0.028351878345482362,-0.07283155323682688,0.8178387077246134,0.7961160851491016,1.078943594136637,0.4730450914571777,1e+26,31359981815857.527,247250352100.53946,67408060393335.65,808896724720027.8,1.8474787586746793,0.8593298591341901,1.8471234894984312,266769183546.90506,57925759042314.1,2.327394979635738,3.327394979635738,0.69946459433876,2.721272410234658,2.6489926649323783,0.6325248452749466,0.9070908034115527,0.2560982231789899,0.25609823887428207,757163116973.4141,0.07696659928768668
kq,0.7005534249155089,D3,3.0,0.7071,2.5561831109193824,0.044119112817173844,-0.08083710260135124,0.7785309175661881,0.7475597695939412,1.1065972205264365,0.7169812956928938,1e+26,26370591412401.2,247250352100.53946,67408060393335.65,808896724720027.8,1.8474787586746793,0.8306210067664723,2.1232193890713105,273606552408.63974,55990550988087.625,2.407837008343682,3.407837008343682,0.7065587357753262,2.65310647302182,2.547561848771109,0.6230833514717463,0.8843688243406067,0.33768568169897506,0.3376860448289394,1177024682736.073,0.09909099332006122
kq,0.7005534249155089,D3,3.0,0.8409,3.03987325409717,0.0644625930580911,-0.08621006668194431,0.738376089614064,0.6974266604739713,1.1397989229281087,1.0573183728914988,1e+26,22174628597584.594,247250352100.53946,67408060393335.65,808896724720027.8,1.8474787586746793,0.8017115255474687,2.43710142401319,281815685017.7905,54041818932137.02,2.4946629008910035,3.4946629008910035,0.7138493673466935,2.5803755272792404,2.4372710764506933,0.6124595085373467,0.8601251757597468,0.4338425194706492,0.4338425738837035,1787813409229.8806,0.12414433993157559
kq,0.7005534249155089,D3,3.0,1.0,3.61502349161276,0.09025008381758548,-0.08896291541840007,0.6969206595591287,0.6457662864095289,1.1798565834355783,1.5312019833913793,1e+26,18646645187708.887,247250352100.53946,67408060393335.65,808896724720027.8,1.8474787586746793,0.7721591737266801,2.7913735522862466,291719955682.58624,52049752215836.2,2.59013953087856,3.59013953087856,0.7214592938800668,2.502042409769187,2.318391072547496,0.6003265188089878,0.834014136589729,0.5485478586378614,0.5485477662097424,2680093048416.128,0.1527929190885402
kq,0.7005534249155089,D3,3.0,1.1892,4.298985936225894,0.12262931114406905,-0.08896400103752766,0.6538753264553542,0.5928282802590278,1.2284259672348676,2.1897843351136186,1e+26,15679990907928.764,247250352100.53946,67408060393335.65,808896724720027.8,1.8474787586746793,0.7416287373126556,3.1882515116080743,303728752928.2668,49991754714204.74,2.696767128047306,3.696767128047306,0.7294933747887397,2.4172248126813543,2.1915480990383895,0.5863024428866712,0.805741604227118,0.686829109372219,0.6868292332851338,3990602791715.479,0.1857918683647597
kq,0.7005534249155089,D3,3.0,1.4142,5.112366221838765,0.16310870388921606,-0.08590375767811809,0.6091483957615775,0.5390697745791624,1.2876149346728833,3.1032588336946674,1e+26,13185295706200.6,247250352100.53946,67408060393335.65,808896724720027.8,1.8474787586746793,0.7099142901399375,3.6293418373120603,318363245967.7835,47853945343844.91,2.817241500527849,3.817241500527849,0.738030721959373,2.325266536281056,2.057759515203771,0.5699417746752755,0.7750888454270187,0.855047430141439,0.8550467857673782,5927781332239.395,0.2239961251682132
kq,0.7005534249155089,D3,3.0,1.6818,6.07974650819434,0.21368954601060053,-0.07924846241811756,0.5628509662451214,0.4851176382106298,1.3601585502249596,4.368168395100452,1e+26,11087314298792.297,247250352100.53946,67408060393335.65,808896724720027.8,1.8474787586746793,0.676944270526107,4.115649564973263,336299680455.68054,45631500270546.36,2.9544529543704416,3.9544529543704416,0.7471205217159544,2.225767666338278,1.9183748776392362,0.5507168088010057,0.7419225554460928,1.0613556820744106,1.061355509539284,8814081812693.309,0.2683950967323767
kq,0.7005534249155089,D3,3.0,2.0,7.23004698322552,0.27703496324332577,-0.06818009562458571,0.5153071125627682,0.4317344821616854,1.4496424926772815,6.117122831869149,1e+26,9323322593854.443,247250352100.53946,67408060393335.65,808896724720027.8,1.8474787586746793,0.6427929017550228,4.647422880172681,358424616734.3616,43329422741910.05,3.1114220373924217,4.111422037392422,0.7567751520264195,2.1186450186156223,1.7750426642617587,0.5280002118271677,0.7062150062052074,1.3162384319941767,1.3162422173376638,13155164439178.273,0.32014221470433313
kq,0.7005534249155089,D3,3.0,2.3784,8.597971872451788,0.35678776539694623,-0.05150036450207063,0.46700116266426817,0.3797189830485411,1.560931830346455,8.53445053652912,1e+26,7839995453964.382,247250352100.53946,67408060393335.65,808896724720027.8,1.8474787586746793,0.6076496212441297,5.22455435176301,385940944658.1005,40960482366811.83,3.291370437959145,4.291370437959145,0.7669742068513732,2.0040749839499905,1.629514818586419,0.5010166745213193,0.6680249946499969,1.633526488382504,1.6335271816664094,19762763413235.285,0.3806539044894919
kq,0.7005534249155089,D3,3.0,2.8284,10.22473244367753,0.458006164975006,-0.02748437930563652,0.41855718882269377,0.32985747019208833,1.7007514371153274,11.878150842002038,1e+26,6592647853100.3,247250352100.53946,67408060393335.65,808896724720027.8,1.8474787586746793,0.5718152573452258,5.846658013567546,420511391662.2632,38544957400957.74,3.4976331504084492,4.497633150408449,0.7776608348083736,1.8825166877907162,1.4835778928458032,0.4687962096242664,0.6275055625969054,2.031612409498147,2.0316164343754735,29969386445667.36,0.45170726582455245
kq,0.7005534249155089,D3,3.0,3.3636,12.15949301638868,0.5879068597505797,0.006343110875682845,0.3706710910846099,0.28284762368737726,1.8786887341880285,16.514509887972636,1e+26,5543657149396.148,247250352100.53946,67408060393335.65,808896724720027.8,1.8474787586746793,0.5356625036188475,6.5133844718946525,464506451015.3068,36107970394384.65,3.7336942318872985,4.7336942318872985,0.7887485014845783,1.7546436057945893,1.338914164751967,0.43008369523157347,0.5848812019315298,2.535472516839205,2.535470262336878,46026578269916.17,0.535622374485456
kq,0.7005534249155089,D3,3.0,4.0,14.46009396645104,0.7570320963619719,0.053580870911791534,0.3240720006688304,0.23926791391761063,2.108757709087062,22.969935491848677,1e+26,4661661296927.222,247250352100.53946,67408060393335.65,808896724720027.8,1.8474787586746793,0.4996215859089449,7.224575079910634,521391086066.5031,33678522036764.293,4.003029605619354,5.003029605619354,0.8001211108411572,1.6213418136984536,1.1970644570045892,0.3832269102349903,0.5404472712328179,3.1794153826423184,3.179416716806786,71857917677834.98,0.6354981641401025
kq,0.7005534249155089,D3,3.0,4.7568,17.195943744903577,0.9814454003759643,0.11962628344719772,0.2794310764500335,0.19951715041237253,2.4123549588403477,32.02063912610149,1e+26,3919997726982.191,247250352100.53946,67408060393335.65,808896724720027.8,1.8474787586746793,0.4641216995634082,7.9810106364814075,596455612964.7583,31285543554027.805,4.309214591520646,5.309214591520646,0.8116482235249821,1.483559548412839,1.0592793662279876,0.3259454930071172,0.49451984947094635,4.012100453184839,4.012107820112353,114593339624893.12,0.7556865499900312
kq,0.7005534249155089,D3,3.0,5.6569,20.449826389704224,1.2865995707775228,0.2128902774150616,0.2373300631764088,0.16382200219652604,2.823454217458754,44.8391416194398,1e+26,3296265655696.3857,247250352100.53946,67408060393335.65,808896724720027.8,1.8474787586746793,0.42957674677888763,8.784769892682187,698100049406.43,28956935290443.914,4.6557454866835295,5.6557454866835295,0.8231886490729643,1.342278433664291,0.9265355495424614,0.25499808763961423,0.44742614455476365,5.104186169085936,5.104200399100767,187813241879237.03,0.9024784736091362
kq,0.7005534249155089,D3,3.0,6.7272,24.31898603277736,1.7146878827733776,0.347088084625061,0.19824212013974202,0.13225735048676843,3.3984877818475363,63.24513915943713,1e+26,2771828574698.074,247250352100.53946,67408060393335.65,808896724720027.8,1.8474787586746793,0.39637867519203995,9.639527465686013,840277300671.1847,26719117675975.402,5.045680116446799,6.045680116446799,0.8345926379267771,1.1985084439710958,0.7995856340917913,0.16562957480163001,0.3995028146570319,6.561016429858423,6.5609950880837955,318860728880791.6,1.085240450848346
kq,0.7005534249155089,D3,3.0,8.0,28.92018793290208,2.340375871726603,0.546133558547812,0.1624877636815852,0.10474458317597649,4.237497028315999,90.18920354194285,1e+26,2330830648463.611,247250352100.53946,67408060393335.65,808896724720027.8,1.8474787586746793,0.36486953223003266,10.552095443082617,1047722632276.1204,24595147464250.168,5.48141136305976,6.48141136305976,0.845712616591594,1.0531500378839953,0.6788927316157322,0.05046767884164459,0.35105001262799845,8.547033074922325,8.547009570166423,566959618427107.0,1.3186995811302893
kq,0.7005534249155089,D3,3.0,9.5137,34.39224899215632,3.3059871289948966,0.8550127462440111,0.13024485478366524,0.08109267198863589,5.53147432037034,130.69454899165936,1e+26,1959978261634.1575,247250352100.53946,67408060393335.65,808896724720027.8,1.8474787586746793,0.33535593565221783,11.533644839948627,1367658973346.659,22605693163708.28,5.96381273559478,6.96381273559478,0.8564005038664225,0.9070007784881807,0.5647141819578726,-0.10253488609660677,0.3023335928293936,11.331570479514319,11.33160670605247,1072473436175624.8,1.6272086662425522
kq,0.7005534249155089,D3,3.0,11.3137,40.899291277059284,4.910821403418279,1.3672766309105686,0.10155874102853057,0.06102951332194852,7.682593789672135,193.8965440760783,1e+26,1648147395432.8723,247250352100.53946,67408060393335.65,808896724720027.8,1.8474787586746793,0.30813507725645295,12.602506277390834,1899524019541.853,20770787897008.125,6.490659933323498,7.490659933323498,0.8665004139953909,0.7607419923011913,0.45715133019095244,-0.31450611392578703,0.2535806641003971,15.385514902023022,15.385527482919382,2209866856671997.8,2.0539610069754133
kq,0.7005534249155089,D3,3.0,13.4543,48.637610563205556,7.876293490450577,2.306425238470054,0.0763449603723948,0.04422197291364488,11.661227616440838,298.06250787828833,1e+26,1385924588251.257,247250352100.53946,67408060393335.65,808896724720027.8,1.8474787586746793,0.28354006518219554,13.790711269397544,2883242634089.5317,19112885837731.76,7.053676871784775,8.053676871784775,0.8758331112707791,0.6148576416284812,0.35614948047931455,-0.6263927327168773,0.20495254720949374,21.61319281147327,21.61318848954724,5156319182029967.0,2.6836449562317455
kq,0.7005534249155089,D3,3.0,16.0,57.84037586580416,14.319055649532968,4.324348271276988,0.054406633012688214,0.03030287471684215,20.31640933866096,485.0718669103014,1e+26,1165415324231.8054,247250352100.53946,67408060393335.65,808896724720027.8,1.8474787586746793,0.26207132286634227,15.158303818237753,5023239362402.61,17665719559135.766,7.631510300804679,8.63151030080468,0.8841454200770896,0.4696114132811183,0.2615595752624167,-1.129420136987559,0.15653713776037276,32.00016943422883,32.000370759856075,1.461979257274768e+16,3.7073712653850066
kq,0.7005534249155089,D3,3.0,19.0273,68.78413648196347,32.785498417094026,10.051856048328057,0.035429842633842905,0.018882022919183308,45.15231960147701,874.828845970124,1e+26,979994281254.2445,247250352100.53946,67408060393335.65,808896724720027.8,1.8474787586746793,0.2447682897772218,16.836175450493208,11163926919621.281,16499355659676.447,8.170993071938849,9.170993071938849,0.8909605544180627,0.32492684133485694,0.17316690137602067,-2.0776158592864262,0.10830894711161898,51.96042718940055,51.96045740487356,5.859915182152252e+16,5.665750686297599
kq,0.7005534249155089,D3,3.0,22.6274,81.79858255411857,128.74259091954818,39.89897120859767,0.018912581842417238,0.009530600957916201,174.16440077502344,1996.3828597700726,1e+26,824073697716.4362,247250352100.53946,67408060393335.65,808896724720027.8,1.8474787586746793,0.23482968406057242,19.208735297786315,43062209415004.016,15829413525302.996,8.516810845276767,9.516810845276767,0.8949227828252672,0.17998746399010085,0.09070092655830204,-4.5559424963896324,0.059995821330033616,103.92517779473195,103.92524239982458,5.158119406796608e+17,10.920258957888507
kq,0.7005534249155089,D3,3.0,26.9087,97.27558262876028,9210.465064546946,3170.0649935544366,0.003547363123116755,0.001590787447942566,12231.665100043203,15864.124708776602,1e+26,692959718890.5033,247250352100.53946,67408060393335.65,808896724720027.8,1.8474787586746793,0.2592504755172897,25.218741052727506,3024283502761562.0,17475571710670.447,7.714547084279573,8.714547084279573,0.8852493433876869,0.030913662961438,0.013862992116176432,-31.34815625852587,0.010304554320479333,627.6194936308701,627.6307959606778,2.878656638550309e+20,72.04251034936959
kq,0.7005534249155089,D3,3.0,32.0,115.68075173160832,inf,,,,,,1e+26,582707662115.9027,247250352100.53946,67408060393335.65,808896724720027.8,1.8474787586746793,,,,,,,,,,,,,,,
kq,0.7005534249155089,D3,5.38,0.25,1.7896591841850018,0.008873474268486836,-0.08023382006325819,0.8580461857212098,0.8446059995765858,1.029217605394456,0.2942530660027854,1e+26,74586580750835.55,124858386313.37143,133484559257689.11,3507974217292069.5,1.8605111694185361,0.8936557003261074,1.599339131587898,128506449374.86404,119289237286151.95,4.901216428655551,5.901216428655551,0.8305434121778472,5.063516247723236,4.984202800442391,0.8025087802473941,0.9411740237403784,0.1839840120734586,0.18398422350953436,226880500378.11282,0.03117733216484453
kq,0.7005534249155089,D3,5.38,0.2973,2.128262701832804,0.0152659417831984,-0.09949710806368173,0.8188885958416804,0.7974001317186638,1.0414675513372806,0.46754915262130964,1e+26,62719963631715.06,124858386313.37143,133484559257689.11,3507974217292069.5,1.8605111694185361,0.8646480543537254,1.840198204293337,130035957857.71117,115417164448425.45,5.065644892098667,6.065644892098667,0.8351370682278751,4.9670874285649385,4.836746035918117,0.7986747738223496,0.9232504514061224,0.2540755390203733,0.25407536665964203,364789211440.0391,0.04188762612500341
kq,0.7005534249155089,D3,5.38,0.3536,2.531293950111267,0.02369928193462445,-0.11760979850518938,0.7796098011335367,0.7489021644683769,1.0559616290670022,0.7092081681500872,1e+26,52733725078362.234,124858386313.37143,133484559257689.11,3507974217292069.5,1.8605111694185361,0.8356271451590992,2.115217937089977,131845665014.14478,111543321175323.36,5.241572183687342,6.241572183687342,0.8397839565785125,4.865990848885104,4.674326918049064,0.7944920097354642,0.9044592655920267,0.33528790200502345,0.33528883088114547,561036135379.27,0.05371859772296261
kq,0.7005534249155089,D3,5.38,0.4204,3.009490884125499,0.03441611251003218,-0.13493136887202473,0.7397193038412225,0.6991055580999561,1.0730799210447486,1.044197942170328,1e+26,44354531845168.62,124858386313.37143,133484559257689.11,3507974217292069.5,1.8605111694185361,0.8061548950480277,2.4261158078401883,133983027326.92732,107609230858914.61,5.433199037685004,6.433199037685004,0.8445563406103083,4.758761513628373,4.497485203608875,0.7898612911918046,0.8845281623844561,0.4303991556265425,0.43039895611883394,839428808523.17,0.06690281194110526
kq,0.7005534249155089,D3,5.38,0.5,3.5793183683700036,0.04780947281335313,-0.15186873835009118,0.6986041461246327,0.6478551536568251,1.093398105499071,1.5091317996771927,1e+26,37293290375417.77,124858386313.37143,133484559257689.11,3507974217292069.5,1.8605111694185361,0.7756838587741904,2.7764194837585836,136519923050.71146,103541818011776.38,5.6466303255577515,6.6466303255577515,0.8495478233301497,4.643363503192362,4.30605371086433,0.784638872379367,0.8630787180654949,0.5435549047584012,0.5435515454812159,1236159342991.8723,0.08177877756310181
kq,0.7005534249155089,D3,5.38,0.5946,4.256525403665608,0.06428104700463644,-0.16861775803652002,0.6561234347463532,0.595567204028887,1.1174542901647178,2.150513085695337,1e+26,31359981815857.53,124858386313.37143,133484559257689.11,3507974217292069.5,1.8605111694185361,0.7439966442304592,3.1668406164089133,139523539448.9206,99312064144302.58,5.887123327727346,6.887123327727346,0.8548014965879831,4.518803013310199,4.101744784096699,0.7787024579176198,0.8399262106524534,0.6790716366435394,0.6790726392907813,1800283184084.6,0.09860026279895351
kq,0.7005534249155089,D3,5.38,0.7071,5.061872036548858,0.08437459761145338,-0.185343882645997,0.6121894164628654,0.5426764362721638,1.1459541593140679,3.032506915652292,1e+26,26370591412401.203,124858386313.37143,133484559257689.11,3507974217292069.5,1.8605111694185361,0.7108976486822393,3.5984729287129613,143081987121.05066,94893859311676.22,6.161224485858154,7.161224485858154,0.8603590765832323,4.384025839157087,3.8862277833304613,0.771899154638133,0.8148746912931389,0.8427186683640688,0.8427232952279908,2603382692699.15,0.11767828163300464
kq,0.7005534249155089,D3,5.38,0.8409,6.0196976319246716,0.10875034644196502,-0.2020974491221117,0.5669438226402767,0.4898117522175034,1.1797201627807952,4.240782410084756,1e+26,22174628597584.598,124858386313.37143,133484559257689.11,3507974217292069.5,1.8605111694185361,0.6763489987295803,4.0714164660070775,147297955826.15796,90282147999797.36,6.475946601868517,7.475946601868517,0.8662376748718266,4.238441744317924,3.6618065045457087,0.7640642339037442,0.7878144506167144,1.0416006669352944,1.0415950919135173,3747951480654.0723,0.13932668771943213
kq,0.7005534249155089,D3,5.38,1.0,7.158636736740007,0.13821185444498485,-0.21880592964940493,0.5207416047214154,0.43772851458488504,1.2197227640555763,5.8893725111533755,1e+26,18646645187708.887,124858386313.37143,133484559257689.11,3507974217292069.5,1.8605111694185361,0.6404685502081848,4.584881692246924,152292616069.66434,85492662142950.69,6.838743289699825,7.838743289699825,0.8724285305638203,4.081959759677513,3.4312414564125397,0.755019633001232,0.7587285798657087,1.2845210368539477,1.2845176154969336,5381447680393.896,0.16386812594149092
kq,0.7005534249155089,D3,5.38,1.1892,8.513050807331217,0.1737592981277145,-0.2352953241327832,0.47407734358063636,0.38719600377540003,1.2671507643972346,8.130950414830258,1e+26,15679990907928.766,124858386313.37143,133484559257689.11,3507974217292069.5,1.8605111694185361,0.6034835769767111,5.13748635219272,158214399658.39383,80555739291989.97,7.257861136739812,8.257861136739812,0.8789032676329552,3.9148648713633842,3.197410831877838,0.7445633418116571,0.7276700504392908,1.5826712834052592,1.5826697582166065,7718600631207.225,0.19165629510808913
kq,0.7005534249155089,D3,5.38,1.4142,10.123744073097717,0.21663617172758953,-0.25127567604311163,0.42756594018696875,0.3389544671076602,1.3234653607163342,11.169677133093158,1e+26,13185295706200.602,124858386313.37143,133484559257689.11,3507974217292069.5,1.8605111694185361,0.5657302005634938,5.727307764927053,165245749280.68552,75516246480982.03,7.742206436278838,8.742206436278838,0.8856124014813753,3.737869714236131,2.9632099239540506,0.7324679358963802,0.6947713223487233,1.9502487709724612,1.9502502532636568,11074450002487.908,0.22308433127093963
kq,0.7005534249155089,D3,5.38,1.6818,12.039395263849343,0.26841249154623625,-0.26635179824939204,0.38187405068572344,0.2936432299537159,1.3905047951525442,15.280015685612819,1e+26,11087314298792.299,124858386313.37143,133484559257689.11,3507974217292069.5,1.8605111694185361,0.5276128527626714,6.352139680696948,173616184883.75177,70428169109717.22,8.301541512996828,9.301541512996828,0.8924909383457867,3.5520173351895115,2.731334693424962,0.7184698424489399,0.6602262704813219,2.4054931222409595,2.4054807730767376,15917148169799.893,0.2586121067160718
kq,0.7005534249155089,D3,5.38,2.0,14.317273473480014,0.3310764903192378,-0.28001675048785324,0.3376799501290326,0.2517740189206737,1.470595495069715,20.831043221826363,1e+26,9323322593854.443,124858386313.37143,133484559257689.11,3507974217292069.5,1.8605111694185361,0.4895861927538512,7.009539410496787,183616180434.1182,65352197158397.85,8.94633072751324,9.94633072751324,0.899460411342061,3.3586764640335356,2.504227660780197,0.7022636712084289,0.6242893055824416,2.97181569522894,2.9717978111398025,22949499545098.707,0.29878490639134725
kq,0.7005534249155089,D3,5.38,2.3784,17.026101614662434,0.4072282462886516,-0.2916664737398891,0.2955860279146389,0.21367716182967847,1.5667932508613778,28.325904199948816,1e+26,7839995453964.383,124858386313.37143,133484559257689.11,3507974217292069.5,1.8605111694185361,0.45209125445918885,7.6973516375223605,195627276989.23297,60347201845740.6,9.688309510077882,10.688309510077882,0.9064398351248051,3.1593149532061813,2.283847640870603,0.6834756854535299,0.5872332626777289,3.6799573311306784,3.679929589141138,33247917041363.19,0.3442971570954967
kq,0.7005534249155089,D3,5.38,2.8284,20.247488146195433,0.5003047396879885,-0.30057416807684734,0.25609983715689777,0.17951994140265107,1.6831538053877226,38.45426715452404,1e+26,6592647853100.301,124858386313.37143,133484559257689.11,3507974217292069.5,1.8605111694185361,0.41554481217599515,8.41373865874647,210155868057.92148,55468816105131.914,10.540379452854157,11.540379452854157,0.9133477366073365,2.9554892986047587,2.0717282431407367,0.6616465502101176,0.54934745327226,4.570411800419809,4.570427699262165,48488339366341.305,0.3960366917254987
kq,0.7005534249155089,D3,5.38,3.3636,24.078790527698686,0.6149576759679902,-0.30586887743130986,0.21959767101764507,0.14931282910251525,1.8251920488902047,52.172363963620526,1e+26,5543657149396.149,124858386313.37143,133484559257689.11,3507974217292069.5,1.8605111694185361,0.3803058001434708,9.157303698123474,227890533936.4271,50764952115294.0,11.51704759261531,12.51704759261531,0.920108955997741,2.748714499355343,1.8689557880642196,0.6361935733105311,0.5109134757166065,5.697348151600688,5.697361008388441,71337527282370.53,0.4551672142909524
kq,0.7005534249155089,D3,5.38,4.0,28.63454694696003,0.7575743159756154,-0.3064591933904679,0.18633554402605101,0.12294878415232299,2.000504340945041,70.81474043241893,1e+26,4661661296927.222,124858386313.37143,133484559257689.11,3507974217292069.5,1.8605111694185361,0.346682980093861,9.927110069209672,249779743823.29242,46276824799971.24,12.634020853328762,13.634020853328762,0.9266540655351977,2.540502692967539,1.6762862870241886,0.6063771147465666,0.47221239646236784,7.133467987459605,7.133475134334567,106128526344735.28,0.5232109654542683
kq,0.7005534249155089,D3,5.38,4.7568,34.05220322932487,0.9372456383967938,-0.3009367531062127,0.15642655806735287,0.10021281348065367,2.2199356821189413,96.28039658730643,1e+26,3919997726982.1914,124858386313.37143,133484559257689.11,3507974217292069.5,1.8605111694185361,0.31490247781707237,10.723123172044913,277177586988.8445,42034618460566.125,13.909068072002764,14.909068072002764,0.9329267265284095,2.332174202495257,1.4940796578699818,0.5712155640303059,0.4334896287165906,8.978763845334534,8.97872179523384,160120608002391.44,0.6022350356040818
kq,0.7005534249155089,D3,5.38,5.6569,40.49569215606455,1.1672410893880474,-0.2873786392245472,0.1298695350043879,0.08082402897140997,2.4993460502585028,131.31057016006994,1e+26,3296265655696.386,124858386313.37143,133484559257689.11,3507974217292069.5,1.8605111694185361,0.28512312678820434,11.546258368989683,312064314673.97516,38059534913497.664,15.36178439588157,16.36178439588157,0.9388819718067113,2.1248973313351893,1.3224253360366958,0.5293890272940174,0.394962329244459,11.372558170216085,11.37263461276683,245864058518706.97,0.6950685864701711
kq,0.7005534249155089,D3,5.38,6.7272,48.15758105539737,1.4674510184720715,-0.26304825381643515,0.10657339149182332,0.06446714055118319,2.8625421765288084,179.9171623256376,1e+26,2771828574698.0747,124858386313.37143,133484559257689.11,3507974217292069.5,1.8605111694185361,0.2574465984208524,12.398005430888535,357412396915.353,34365145722598.758,17.013237024168944,18.013237024168944,0.9444852694350123,1.9197317614117635,1.1612618830188761,0.4790938921255312,0.3568274649464244,14.511778426189972,14.5116963591923,385827745398088.75,0.8056174793864557
kq,0.7005534249155089,D3,5.38,8.0,57.26909389392006,1.8690957415882377,-0.22379461021759006,0.08636768636997616,0.05080519830830349,3.3469245890324903,248.1409923128406,1e+26,2330830648463.611,124858386313.37143,133484559257689.11,3507974217292069.5,1.8605111694185361,0.23191600800506565,13.281619637945221,417891603299.14056,30957206113358.887,18.886147781158467,19.886147781158467,0.9497137398854357,1.717520574670092,1.0103196816099853,0.41776534456241726,0.31924174250373455,18.683025227687423,18.683065351436724,622176222731116.0,0.9394996799656496
kq,0.7005534249155089,D3,5.38,9.5137,68.10512232232341,2.4233188282414364,-0.1630089463355835,0.06902892083792343,0.039502634136906384,4.013804621523861,345.3145164686391,1e+26,1959978261634.1577,124858386313.37143,133484559257689.11,3507974217292069.5,1.8605111694185361,0.2085281005398436,14.201831794907802,501157168020.6218,27835281593404.105,21.004363386329846,22.004363386329846,0.9545544680187728,1.5189374582838637,0.8692303162657263,0.34164504631426573,0.2823303825806438,24.314767530039813,24.314789533513906,1038341070899001.4,1.1049978039388009
kq,0.7005534249155089,D3,5.38,11.3137,80.99066844845542,3.2185952486893674,-0.06948080099135412,0.05430504977414917,0.030240053481631824,4.969297543137022,486.34850974414,1e+26,1648147395432.8723,124858386313.37143,133484559257689.11,3507974217292069.5,1.8605111694185361,0.18725366934281565,15.165799849500683,620458472347.0897,24995473521610.797,23.390729887280827,24.390729887280827,0.9590008169242416,1.3245398005566131,0.7375769762474079,0.24502079923927642,0.24619698895104333,32.06872458434679,32.069462982451306,1810554320304796.8,1.3147922087632935
kq,0.7005534249155089,D3,5.38,13.4543,96.31444624712108,4.419426330064064,0.07723740772045762,0.041922930400351485,0.022717587880221865,6.410793663932466,696.2249110853129,1e+26,1385924588251.257,124858386313.37143,133484559257689.11,3507974217292069.5,1.8605111694185361,0.16803495233063948,16.184193383886928,800441351866.5938,22430071551742.21,26.066005549735564,27.066005549735564,0.9630532847500369,1.1346862668770912,0.6148743596426904,0.11869912486715621,0.210908228044069,43.01875785723751,43.0184914479493,3343723254193961.5,1.5894022555222875
kq,0.7005534249155089,D3,5.38,16.0,114.53818778784012,6.360162540470984,0.31807334227819073,0.03160968390511647,0.01666414276754024,8.739634960149704,1019.3340893881539,1e+26,1165415324231.8054,124858386313.37143,133484559257689.11,3507974217292069.5,1.8605111694185361,0.15081560594787277,17.274146195394348,1091216718092.2184,20131554689133.113,29.042087338851942,30.042087338851942,0.9667133648630749,0.9496208846310115,0.5006256324495418,-0.05305181908311131,0.17650945810985344,59.00908741299796,59.01122535361246,6673886397969968.0,1.9642153070122959
kq,0.7005534249155089,D3,5.38,19.0273,136.20952878097313,9.807589195033746,0.745366324886116,0.023096355316672226,0.01183699520130742,12.876589850318592,1541.2811807764422,1e+26,979994281254.2446,124858386313.37143,133484559257689.11,3507974217292069.5,1.8605111694185361,0.13554569534129662,18.46261529072736,1607750229929.9163,18093257401909.984,32.31382589444394,33.31382589444394,0.9699824330243985,0.7694279598158331,0.3943355972497237,-0.29966683331777494,0.14301634940814742,83.48089933242079,83.48263569451305,1.4867971036679868e+16,2.505895359252719
kq,0.7005534249155089,D3,5.38,22.6274,161.98133689691085,16.85110978420217,1.607262511244552,0.016126412993171885,0.008022386945005231,21.331440211818066,2448.1068576687767,1e+26,824073697716.4362,124858386313.37143,133484559257689.11,3507974217292069.5,1.8605111694185361,0.12222627658305388,19.798375684854655,2663409202587.7656,16315320659397.354,35.83517491039457,36.83517491039457,0.9728520360651849,0.594019243280746,0.29550602631813366,-0.6834471463871062,0.11041249875106803,123.65118011075292,123.6497294338615,3.912186200179942e+16,3.3568811041604363
kq,0.7005534249155089,D3,5.38,26.9087,192.62960835791583,34.92720947632595,3.7769934624377832,0.010455835882996686,0.005033198833161589,43.039130940683975,4226.529064386533,1e+26,692959718890.5034,124858386313.37143,133484559257689.11,3507974217292069.5,1.8605111694185361,0.11099186619314827,21.38031971570035,5373796437583.697,14815700339980.8,39.46235116344394,40.46235116344394,0.9752856675095178,0.42306770320514986,0.20365505866282052,-1.3636878741251723,0.07863711955486057,197.6808058150671,197.67929002114434,1.3627504097726584e+17,4.88555849232597
kq,0.7005534249155089,D3,5.38,32.0,229.07637557568023,107.1768032410461,12.298169059323182,0.005844687986704221,0.002703576104418358,129.83859186701025,8655.031074416587,1e+26,582707662115.9027,124858386313.37143,133484559257689.11,3507974217292069.5,1.8605111694185361,0.10242077388627333,23.46217966552377,16211437061715.33,13671591861040.629,42.764761813491994,43.764761813491994,0.9771505668359032,0.2557913776122883,0.118321364254518,-2.909435921314494,0.04754486572719114,368.8804699323003,368.8658799799075,8.418629491805695e+17,8.428751976552462
kq,0.7005534249155089,D3,8.0,0.25,2.846601999922014,0.020477210651211886,-0.14690395381491017,0.7522502636034566,0.7147690571019492,1.0443888055749435,0.9278815615277456,1e+26,74586580750835.55,78498489706.10078,212318309932673.25,8917369017172276.0,1.8727828131732582,0.8168376007395584,2.325211547876726,81982943903.5916,173429578878482.75,8.569634886619145,9.569634886619145,0.8955028052952927,7.198760366048086,6.840078904718684,0.8610871943013473,0.8998450457560108,0.3990532887007274,0.3990519578765306,456422772047.4368,0.0416998762702292
kq,0.7005534249155089,D3,8.0,0.2973,3.3851790983072587,0.0286982354511216,-0.16883184147545638,0.7116602026964823,0.6640842284622447,1.0569168178692043,1.346601183625169,1e+26,62719963631715.06,78498489706.10078,212318309932673.25,8917369017172276.0,1.8727828131732582,0.7864083005133924,2.6621329416332693,82966373947.71053,166968881282029.28,8.901228529035333,9.901228529035333,0.8990024321661194,7.046310301917479,6.575249708532795,0.8580817538325165,0.8807887877396848,0.5058330813180172,0.5058376898805399,670335704154.4523,0.051088156030942855
kq,0.7005534249155089,D3,8.0,0.3536,4.026233868689697,0.03878409002330607,-0.19124029867783643,0.6697581703511559,0.6122454341805512,1.0716447169806123,1.9244183698564197,1e+26,52733725078362.234,78498489706.10078,212318309932673.25,8917369017172276.0,1.8727828131732582,0.754690139844916,3.038559001409764,84122491784.49988,160234535014725.38,9.27532987437527,10.27532987437527,0.9026795234580438,6.881986136416154,6.291023800285276,0.8546931103641023,0.8602482670520193,0.6333319028151378,0.6333333645088515,971321211049.1239,0.06163623539734431
kq,0.7005534249155089,D3,8.0,0.4204,4.786845923068858,0.05097739184978778,-0.21428159145363068,0.6265739860041247,0.5598376825488985,1.0888715323217046,2.71576167897077,1e+26,44354531845168.62,78498489706.10078,212318309932673.25,8917369017172276.0,1.8727828131732582,0.7215896322232351,3.45413838913655,85474770771.22153,153206691178576.53,9.700804567317341,10.700804567317341,0.9065490829489379,6.70484577119517,5.99071363037561,0.8508541383164813,0.8381057213993962,0.7862320296966716,0.7862373456158056,1392774641875.7656,0.07347431505877466
kq,0.7005534249155089,D3,8.0,0.5,5.693203999844028,0.06566095185769738,-0.23818060949049502,0.5820139232568009,0.5072236938580102,1.1090668891931534,3.7992715281437857,1e+26,37293290375417.77,78498489706.10078,212318309932673.25,8917369017172276.0,1.8727828131732582,0.6869012121205141,3.910668728342222,87060075784.70598,145841704448132.25,10.190693911269262,11.190693911269262,0.910640036450914,6.513139667263817,5.67618510250834,0.8464642167853124,0.8141424584079772,0.9715167333644614,0.971510629966168,1984589203001.242,0.08681451464553902
kq,0.7005534249155089,D3,8.0,0.5946,6.770358196614517,0.08319004620067583,-0.26287767629958425,0.5364985963715873,0.45526592466171106,1.1326282922721418,5.272095094117706,1e+26,31359981815857.53,78498489706.10078,212318309932673.25,8917369017172276.0,1.8727828131732582,0.6508069140862536,4.406195925197267,88909610341.76323,138178224091291.83,10.755878354224533,11.755878354224533,0.9149361732174912,6.307012236156588,5.352050829146626,0.8414463199758453,0.7883765295195735,1.196518443024388,1.196518827585022,2812439523016.3604,0.10178045755537823
kq,0.7005534249155089,D3,8.0,0.7071,8.051329096579423,0.10403551593643257,-0.28829566110386295,0.4904524138547863,0.4046862705115795,1.160082826942189,7.266184699195779,1e+26,26370591412401.203,78498489706.10078,212318309932673.25,8917369017172276.0,1.8727828131732582,0.6134944181288219,4.939445459269646,91064749848.94572,130256098010240.25,11.410046763506388,12.410046763506388,0.9194201263656273,6.086537391212486,5.022175541597698,0.8357029726879256,0.7608171739015608,1.4710499783841477,1.471060638704527,3970159751931.003,0.11853725605348586
kq,0.7005534249155089,D3,8.0,0.8409,9.574830486937685,0.12874510817438511,-0.31424357842404904,0.4444512925866238,0.35622106870864423,1.1920292062598759,9.954771577546,1e+26,22174628597584.598,78498489706.10078,212318309932673.25,8917369017172276.0,1.8727828131732582,0.5752849158181182,5.508255550650698,93572492376.96236,122143521056263.06,12.167883786845398,13.167883786845398,0.9240576529845296,5.852482969693884,4.690677635181297,0.8291323519985732,0.7315603712117354,1.8072455220718773,1.8072468563332817,5588956725325.947,0.13724650049695697
kq,0.7005534249155089,D3,8.0,1.0,11.386407999688055,0.15796208829900626,-0.34043495479849584,0.3991566806629969,0.31053936157439477,1.229161665884364,13.565263785235492,1e+26,18646645187708.887,78498489706.10078,212318309932673.25,8917369017172276.0,1.8727828131732582,0.5365974741222967,6.109917771958524,96487334376.55743,113929468819787.42,13.045160176070114,14.045160176070114,0.9288010967860814,5.6062195152602605,4.361575074286927,0.8216266777856314,0.7007774394075326,2.220203696337006,2.2202055103855174,7853256856513.333,0.15807610431650687
kq,0.7005534249155089,D3,8.0,1.1892,13.540716393229035,0.19246620715651597,-0.36653559966932536,0.35521660230486485,0.2681580643556928,1.2723236081316363,18.398935820448497,1e+26,15679990907928.766,78498489706.10078,212318309932673.25,8917369017172276.0,1.8727828131732582,0.4978799389417095,6.741651051087877,99875481655.75026,105709027185486.31,14.059614482317075,15.059614482317075,0.9335972377530517,5.349425088429808,4.038357069521105,0.8130640239896274,0.668678136053726,2.7291438629776597,2.729144334651026,11025615462123.182,0.1812227097808261
kq,0.7005534249155089,D3,8.0,1.4142,16.102658193158845,0.2332021061867917,-0.3921692157445795,0.31323493179498896,0.22943809131596368,1.3225408664627019,24.85499304213314,1e+26,13185295706200.602,78498489706.10078,212318309932673.25,8917369017172276.0,1.8727828131732582,0.4595931964515688,7.400672150360917,103817460591.92001,97580050727152.17,15.230860800476728,16.230860800476727,0.9383889731855364,5.0840725758112875,3.7239777224764747,0.8033072925123564,0.6355090719764109,3.3584741934715643,3.358504320276987,15482293563984.62,0.2069192819789123
kq,0.7005534249155089,D3,8.0,1.6818,19.14966097387537,0.28133519463191403,-0.4169499239585217,0.2737154893091627,0.19456893265169348,1.381090211573405,33.46568623150014,1e+26,11087314298792.299,78498489706.10078,212318309932673.25,8917369017172276.0,1.8727828131732582,0.4221665399954138,8.084346115426172,108413495756.39148,89633686281950.56,16.58113407110863,17.58113407110863,0.9431208478386319,4.8122287148834895,3.420742491021928,0.7921960781067715,0.6015285893604362,4.139566663451583,4.139561992008655,21768792193460.816,0.23545503454514005
kq,0.7005534249155089,D3,8.0,2.0,22.77281599937611,0.33830353317017714,-0.44047265868763785,0.23706049607628935,0.16359899455748322,1.4495572748641508,44.94038698522024,1e+26,9323322593854.443,78498489706.10078,212318309932673.25,8917369017172276.0,1.8727828131732582,0.38599878115530123,8.790279219233122,113788056819.32704,81954608850965.36,18.13477228878515,19.13477228878515,0.94773912200742,4.536098611086242,3.130429507531643,0.7795462387973674,0.5670123263857803,5.1125070035111575,5.11253971090508,30682075846540.723,0.26718425652560995
kq,0.7005534249155089,D3,8.0,2.3784,27.08143278645807,0.4059449537610238,-0.4623566607938321,0.2035210595148658,0.13643068431992297,1.5299880415545748,60.23692455542999,1e+26,7839995453964.383,78498489706.10078,212318309932673.25,8917369017172276.0,1.8727828131732582,0.35140362186091645,9.516513566344337,120101750530.4291,74609423097729.97,19.920113409561157,20.920113409561157,0.9521991119062018,4.257683646285038,2.8541453885168258,0.765130506849063,0.5322104557856298,6.329729415232215,6.3296720012996115,43407360514059.19,0.30256654341087597
kq,0.7005534249155089,D3,8.0,2.8284,32.20531638631769,0.48662125748518736,-0.48221161673837587,0.1732309215264182,0.11287203738136786,1.6250259538028395,80.65281861610904,1e+26,6592647853100.301,78498489706.10078,212318309932673.25,8917369017172276.0,1.8727828131732582,0.3186339159998709,10.261706076187217,127562083106.7388,67651814532321.97,21.96878501785992,22.96878501785992,0.9564626514104936,3.9789037949860617,2.592533561140487,0.7486744964127732,0.4973629743732577,7.859590233329774,7.859609390078406,61729449306605.0,0.3421857870620215
kq,0.7005534249155089,D3,8.0,3.3636,38.29932194775074,0.5834307904233098,-0.499656455040984,0.14620000633789243,0.0926558538241876,1.738157539775352,107.96157120512534,1e+26,5543657149396.149,78498489706.10078,212318309932673.25,8917369017172276.0,1.8727828131732582,0.2878585706469869,11.024788072628303,136442741743.63693,61117645219403.28,24.317497249662907,25.317497249662907,0.9605016250169311,3.701418258360291,2.345814324359038,0.7298332881615506,0.46267728229503635,9.792626247851295,9.792465104263343,88383436669069.11,0.38679261826857214
kq,0.7005534249155089,D3,8.0,4.0,45.54563199875222,0.700468246923843,-0.514264517558716,0.1223575884650699,0.07548140254577984,1.8740014989927802,144.59472242423442,1e+26,4661661296927.222,78498489706.10078,212318309932673.25,8917369017172276.0,1.8727828131732582,0.2591969551264246,11.805289133385227,147106287377.9022,55032259452137.414,27.006490090077314,28.006490090077314,0.9642939905434884,3.4268065887927386,2.1139691523835196,0.7081831220733414,0.4283508235990923,12.248296484600894,12.248368421055472,127624756741604.55,0.4373379051365589
kq,0.7005534249155089,D3,8.0,4.7568,54.16286557291614,0.8433294867672314,-0.5255721461312464,0.10154394447828287,0.061019385591639115,2.0388868628955854,193.9400894585182,1e+26,3919997726982.1914,78498489706.10078,212318309932673.25,8917369017172276.0,1.8727828131732582,0.23268964183475138,12.603137790905643,160049539418.91324,49404271493193.48,30.082989276210117,31.082989276210117,0.9678280621238264,3.156289337282542,1.8966649079858489,0.6831722655499746,0.39453616716031775,15.388234498005502,15.388305715287306,186240131956192.03,0.49506942518107167
kq,0.7005534249155089,D3,8.0,5.6569,64.41177141343536,1.0197932703097896,-0.5329976305494625,0.08355157449242584,0.048942092552108026,2.2416205418611117,260.7634590794747,1e+26,3296265655696.386,78498489706.10078,212318309932673.25,8917369017172276.0,1.8727828131732582,0.20833248122485867,13.41906415864941,175963827030.26852,44232800317742.375,33.60013742861689,34.60013742861689,0.9710983806910279,2.8908959598152557,1.6934031283470248,0.6540864791052856,0.36136199497690696,19.43230985547487,19.432284537713336,275309617255651.16,0.5616252696327706
kq,0.7005534249155089,D3,8.0,6.7272,76.59864389550148,1.2408501547481117,-0.5357747627140301,0.06814520709896418,0.03893771390192181,2.4946537143855605,351.82014825370203,1e+26,2771828574698.0747,78498489706.10078,212318309932673.25,8917369017172276.0,1.8727828131732582,0.18608804685355285,14.254092034144689,195826548918.98102,39509899606618.45,37.6166020244645,38.6166020244645,0.9741044020557149,2.6315363424154126,1.5036422014929731,0.6199938477451813,0.32894204280192657,24.682041902070786,24.681824290210674,413374352836120.44,0.639156235141769
kq,0.7005534249155089,D3,8.0,8.0,91.09126399750444,1.522640118897192,-0.5328344606962646,0.05506713229553657,0.03071142342641509,2.8162793445534007,476.8975408169615,1e+26,2330830648463.611,78498489706.10078,212318309932673.25,8917369017172276.0,1.8727828131732582,0.16588039826632237,15.110255150488749,221073675137.92938,35219445810864.305,42.199078813166594,43.199078813166594,0.9768513582355555,2.378849388049956,1.3267052010622362,0.5796287041023045,0.2973561735062445,31.561173935685886,31.56107245674813,632576952075878.1,0.7305983853278519
kq,0.7005534249155089,D3,8.0,9.5137,108.32686978663224,1.8895395184635007,-0.5226031875550983,0.04405704449292079,0.02399530532842531,3.234131333609015,650.4050089195564,1e+26,1959978261634.158,78498489706.10078,212318309932673.25,8917369017172276.0,1.8727828131732582,0.14761206741476623,15.990353205774962,253874425199.4853,31340744679170.996,47.42159718101585,48.42159718101585,0.9793480583413705,2.133312461422303,1.1618910088484935,0.5312454138418669,0.2666640576777879,40.67481873278688,40.67478769371413,990727186717910.9,0.840014109048326
kq,0.7005534249155089,D3,8.0,11.3137,128.82240418607077,2.379734615853424,-0.5026517280835423,0.034862984149267175,0.01855107816631426,3.791504093558705,894.0035546979949,1e+26,1648147395432.872,78498489706.10078,212318309932673.25,8917369017172276.0,1.8727828131732582,0.13117439930010644,16.89820148550335,297627345058.857,27850726765832.24,53.364071322980465,54.364071322980465,0.9816054983435855,1.8952937568226982,1.008512136551694,0.4723773048899731,0.23691171960283727,52.90522270645366,52.904295617523815,1596479426747669.2,0.9731652818345538
kq,0.7005534249155089,D3,8.0,13.4543,153.196149150203,3.056081781638154,-0.4690307521640922,0.027244882586360906,0.014168326113406581,4.559669286467047,1241.2761943903847,1e+26,1385924588251.2568,78498489706.10078,212318309932673.25,8917369017172276.0,1.8727828131732582,0.11644906998229182,17.83954909340961,357927152546.9574,24724269731871.793,60.112115975374266,61.112115975374266,0.9836366327030313,1.6649924243531424,0.8658563886194267,0.39939666669143864,0.2081240530441428,69.57996773900933,69.57931327856872,2665718722694844.0,1.1385627693272227
kq,0.7005534249155089,D3,8.0,16.0,182.18252799500888,4.027871800564432,-0.41496750016825346,0.020980721305252095,0.010664757733525479,5.662563129240531,1746.090169650953,1e+26,1165415324231.8054,78498489706.10078,212318309932673.25,8917369017172276.0,1.8727828131732582,0.10331584593039436,18.822341993542096,444502653510.8336,21935845797205.79,67.75340159065259,68.75340159065259,0.9854552650943171,1.442495957561558,0.7332383713200951,0.3067571560544041,0.18031199469519474,92.76678073580835,92.76972545223897,4656850282074182.0,1.3492687375347145
kq,0.7005534249155089,D3,8.0,19.0273,216.65260093246454,5.499011993882986,-0.328017086176816,0.015868860828755577,0.007884153277338981,7.331444719605814,2498.8524128908807,1e+26,979994281254.2445,78498489706.10078,212318309932673.25,8917369017172276.0,1.8727828131732582,0.09165763904979891,19.857865895467963,575507337852.824,19460595015472.3,76.37115763146373,77.37115763146373,0.9870752870887207,1.2277921326134078,0.6100060660116157,0.18552988454856975,0.15347401657667598,125.83670203041954,125.84103499709515,8628647398979619.0,1.6264039386690854
kq,0.7005534249155089,D3,8.0,22.6274,257.64480837214154,7.886716549014798,-0.18310459629089315,0.011728953166996998,0.005693794663619807,10.039548141201326,3660.9439376915966,1e+26,824073697716.436,78498489706.10078,212318309932673.25,8917369017172276.0,1.8727828131732582,0.08136774605986974,20.963977341268215,788089366415.9956,17275862326462.477,86.02917419943591,87.02917419943591,0.9885096002668209,1.0207611083476074,0.4955262476359868,0.02033885125307637,0.12759513854345092,174.62979683644826,174.6438792252655,1.7310905930039102e+16,2.0065673919802407
kq,0.7005534249155089,D3,8.0,26.9087,306.39343694120595,12.15627857942581,0.07674922368141446,0.00840075056459824,0.0039816733810341025,14.88192563024644,5545.466362701086,1e+26,692959718890.5034,78498489706.10078,212318309932673.25,8917369017172276.0,1.8727828131732582,0.07235281578702417,22.16842790136028,1168208685892.8577,15361827566771.012,96.74813514659905,97.74813514659905,0.9897696257989962,0.821157701521217,0.38920114775893744,-0.21779287723597152,0.10264471269015213,250.15068573009987,250.12588073785213,3.886957183340449e+16,2.5591364846277997
kq,0.7005534249155089,D3,8.0,32.0,364.36505599001777,20.97042586086085,0.606209218357673,0.005744871399143644,0.0026544444216163314,24.879599666932734,8838.32761921341,1e+26,582707662115.9027,78498489706.10078,212318309932673.25,8917369017172276.0,1.8727828131732582,0.06455928712118597,23.523148266586556,1953010998346.6277,13707118732028.402,108.4274674046526,109.4274674046526,0.9908615266009758,0.6286467277737121,0.29046913042388306,-0.5907185320782586,0.07858084097171401,375.72666711593257,375.7050937712047,1.0356810628388734e+17,3.4335715918558662
kq,0.7005534249155089,nore,1.0,0.25,0.25,0.0,0.0,1.0,1.0,1.0,0.0,,,,,,,,,,,,,,,,,,,,,
kq,0.7005534249155089,nore,1.0,0.2973,0.2973,0.0,0.0,1.0,1.0,1.0,0.0,,,,,,,,,,,,,,,,,,,,,
kq,0.7005534249155089,nore,1.0,0.3536,0.3536,0.0,0.0,1.0,1.0,1.0,0.0,,,,,,,,,,,,,,,,,,,,,
kq,0.7005534249155089,nore,1.0,0.4204,0.4204,0.0,0.0,1.0,1.0,1.0,0.0,,,,,,,,,,,,,,,,,,,,,
kq,0.7005534249155089,nore,1.0,0.5,0.5,0.0,0.0,1.0,1.0,1.0,0.0,,,,,,,,,,,,,,,,,,,,,
kq,0.7005534249155089,nore,1.0,0.5946,0.5946,0.0,0.0,1.0,1.0,1.0,0.0,,,,,,,,,,,,,,,,,,,,,
kq,0.7005534249155089,nore,1.0,0.7071,0.7071,0.0,0.0,1.0,1.0,1.0,0.0,,,,,,,,,,,,,,,,,,,,,
kq,0.7005534249155089,nore,1.0,0.8409,0.8409,0.0,0.0,1.0,1.0,1.0,0.0,,,,,,,,,,,,,,,,,,,,,
kq,0.7005534249155089,nore,1.0,1.0,1.0,0.0,0.0,1.0,1.0,1.0,0.0,,,,,,,,,,,,,,,,,,,,,
kq,0.7005534249155089,nore,1.0,1.1892,1.1892,0.013962361748633967,0.013962361748633967,0.8572554150515107,0.8572554150515107,1.2058040406201118,0.16651380148334902,1e+26,15679990907928.764,893815831152.9764,18646645187708.887,0.0,1.837981334979805,0.8409014463305174,0.9999999999762513,1077766740774.4827,15679990907556.385,0.0,1.0,0.0,0.8572554150515107,0.8572554150515107,-0.16651348296226517,0.8572554150515107,0.1665134829622652,0.0,1076778222712.0698,0.16651373858067586
kq,0.7005534249155089,nore,1.0,1.4142,1.4142,0.06225181388667678,0.06225181388667678,0.724770591957199,0.724770591957199,1.5022365152289425,0.3797475172845141,1e+26,13185295706200.6,893815831152.9764,18646645187708.887,0.0,1.837981334979805,0.7071135624238161,0.9999999999797605,1342722779447.7083,13185295705933.736,0.0,1.0,0.0,0.724770591957199,0.724770591957199,-0.3797469310938248,0.724770591957199,0.37974693109382485,0.0,3059373851379.777,0.3797473052777889
kq,0.7005534249155089,nore,1.0,1.6818,1.6818,0.16116316551894827,0.16116316551894827,0.6017979271166092,0.6017979271166092,1.952844211802896,0.6616884867522642,1e+26,11087314298792.299,893815831152.9764,18646645187708.887,0.0,1.837981334979805,0.5946010227036721,0.9999999999830356,1745483072284.8845,11087314298604.209,0.0,1.0,0.0,0.6017979271166092,0.6017979271166092,-0.6616873454371869,0.6017979271166092,0.661687345437187,0.0,6929796316511.27,0.6616879244099039
kq,0.7005534249155089,nore,1.0,2.0,2.0,0.34424276746862503,0.34424276746862503,0.4876778913160706,0.4876778913160706,2.688485534974629,1.0505361847460073,1e+26,9323322593854.443,893815831152.9764,18646645187708.887,0.0,1.837981334979805,0.49999999999304834,0.9999999999860967,2403010932986.1025,9323322593724.818,0.0,1.0,0.0,0.4876778913160706,0.4876778913160706,-1.0505338007047085,0.4876778913160706,1.0505338007047085,0.0,15146699624652.98,1.050534765671074
kq,0.7005534249155089,nore,1.0,2.3784,2.3784,0.6883511713609523,0.6883511713609523,0.38176271870168804,0.38176271870168804,4.015574426009217,1.619433613850201,1e+26,7839995453964.382,893815831152.9764,18646645187708.887,0.0,1.837981334979805,0.4204507231706025,0.999999999988961,3589183993140.0645,7839995453877.837,0.0,1.0,0.0,0.38176271870168804,0.38176271870168804,-1.6194281185989947,0.38176271870168804,1.6194281185989947,0.0,34874671228704.66,1.619429905137082
kq,0.7005534249155089,nore,1.0,2.8284,2.8284,1.4019023136730917,1.4019023136730917,0.28346019525265814,0.28346019525265814,6.793540504049677,2.527846932222205,1e+26,6592647853100.3,893815831152.9764,18646645187708.887,0.0,1.837981334979805,0.35355678121611267,0.9999999999916531,6072174052098.572,6592647853045.271,0.0,1.0,0.0,0.28346019525265814,0.28346019525265814,-2.527832185075102,0.28346019525265814,2.527832185075102,0.0,92097159297099.92,2.527836066455791
kq,0.7005534249155089,nore,1.0,3.3636,3.3636,3.2313919471499792,3.2313919471499792,0.1922156059726752,0.1922156059726752,14.23270995351622,4.202542803532369,1e+26,5543657149396.149,893815831152.9764,18646645187708.887,0.0,1.837981334979805,0.29730051135515523,0.9999999999942,12721421476661.342,5543657149363.996,0.0,1.0,0.0,0.1922156059726752,0.1922156059726752,-4.202491207410896,0.1922156059726752,4.202491207410896,0.0,320773909664671.44,4.202502292944388
kq,0.7005534249155089,nore,1.0,4.0,4.0,10.728273090306358,10.728273090306358,0.10753958623506536,0.10753958623506536,46.9130923613836,8.299220526736251,1e+26,4661661296927.222,893815831152.9764,18646645187708.887,0.0,1.837981334979805,0.24999999999915717,0.9999999999966287,41931664640946.43,4661661296911.506,0.0,1.0,0.0,0.10753958623506536,0.10753958623506536,-8.298901316340853,0.10753958623506536,8.298901316340853,0.0,2088000791450179.5,8.298957768893445
kq,0.7005534249155089,nore,1.0,4.7568,4.7568,181.21777771740835,181.21777771740835,0.028951499718222348,0.028951499718222348,866.7735250470324,33.558138156011786,1e+26,3919997726982.191,893815831152.9764,18646645187708.887,0.0,1.837981334979805,0.2102253615874123,0.9999999999990029,774735898711308.5,3919997726978.282,0.0,1.0,0.0,0.028951499718222348,0.028951499718222348,-33.54052500674397,0.028951499718222348,33.54052500674397,0.0,1.5599216594025626e+17,33.54310901671198
kq,0.7005534249155089,nore,1.0,5.6569,5.6569,inf,,,,,,1e+26,3296265655696.3857,893815831152.9764,18646645187708.887,0.0,1.837981334979805,,,,,,,,,,,,,,,
kq,0.7005534249155089,nore,1.0,6.7272,6.7272,inf,,,,,,1e+26,2771828574698.0747,893815831152.9764,18646645187708.887,0.0,1.837981334979805,,,,,,,,,,,,,,,
kq,0.7005534249155089,nore,1.0,8.0,8.0,inf,,,,,,1e+26,2330830648463.611,893815831152.9764,18646645187708.887,0.0,1.837981334979805,,,,,,,,,,,,,,,
kq,0.7005534249155089,nore,1.0,9.5137,9.5137,inf,,,,,,1e+26,1959978261634.1577,893815831152.9764,18646645187708.887,0.0,1.837981334979805,,,,,,,,,,,,,,,
kq,0.7005534249155089,nore,1.0,11.3137,11.3137,inf,,,,,,1e+26,1648147395432.872,893815831152.9764,18646645187708.887,0.0,1.837981334979805,,,,,,,,,,,,,,,
kq,0.7005534249155089,nore,1.0,13.4543,13.4543,inf,,,,,,1e+26,1385924588251.257,893815831152.9764,18646645187708.887,0.0,1.837981334979805,,,,,,,,,,,,,,,
kq,0.7005534249155089,nore,1.0,16.0,16.0,inf,,,,,,1e+26,1165415324231.8054,893815831152.9764,18646645187708.887,0.0,1.837981334979805,,,,,,,,,,,,,,,
kq,0.7005534249155089,nore,1.0,19.0273,19.0273,inf,,,,,,1e+26,979994281254.2445,893815831152.9764,18646645187708.887,0.0,1.837981334979805,,,,,,,,,,,,,,,
kq,0.7005534249155089,nore,1.0,22.6274,22.6274,inf,,,,,,1e+26,824073697716.436,893815831152.9764,18646645187708.887,0.0,1.837981334979805,,,,,,,,,,,,,,,
kq,0.7005534249155089,nore,1.0,26.9087,26.9087,inf,,,,,,1e+26,692959718890.5033,893815831152.9764,18646645187708.887,0.0,1.837981334979805,,,,,,,,,,,,,,,
kq,0.7005534249155089,nore,1.0,32.0,32.0,inf,,,,,,1e+26,582707662115.9027,893815831152.9764,18646645187708.887,0.0,1.837981334979805,,,,,,,,,,,,,,,
kq,0.7005534249155089,nore,1.5,0.25,0.40171885731648854,0.0,0.0,1.0,1.0,1.0,0.0,,,,,,,,,,,,,,,,,,,,,
kq,0.7005534249155089,nore,1.5,0.2973,0.4777240651207682,0.0,0.0,1.0,1.0,1.0,0.0,,,,,,,,,,,,,,,,,,,,,
kq,0.7005534249155089,nore,1.5,0.3536,0.5681911517884415,0.0,0.0,1.0,1.0,1.0,0.0,,,,,,,,,,,,,,,,,,,,,
kq,0.7005534249155089,nore,1.5,0.4204,0.6755304304634071,0.0,0.0,1.0,1.0,1.0,0.0,,,,,,,,,,,,,,,,,,,,,
kq,0.7005534249155089,nore,1.5,0.5,0.8034377146329771,0.0,0.0,1.0,1.0,1.0,0.0,,,,,,,,,,,,,,,,,,,,,
kq,0.7005534249155089,nore,1.5,0.5946,0.9554481302415364,0.0,0.0,1.0,1.0,1.0,0.0,,,,,,,,,,,,,,,,,,,,,
kq,0.7005534249155089,nore,1.5,0.7071,1.1362216160339562,0.005905178558360591,-0.03778625840519945,0.871763753756462,0.871763753756462,1.0932880524854813,0.14709996647405807,1e+26,26370591412401.195,556244631583.7224,29962835990369.656,89888507971108.97,1.8392675989597174,0.8801099942575094,0.9999999999629033,608135609969.6719,26370591411422.934,0.5681108080380532,1.5681108080380532,0.36228996390175183,1.367022164321332,1.367022164321332,0.2684829653098879,0.9113481095475547,0.14709976836151228,0.0,536740367029.3175,0.09380710417161708
kq,0.7005534249155089,nore,1.5,0.8409,1.3512215484697407,0.034929738290500945,-0.07353507671005932,0.7148884138790482,0.7148884138790482,1.2518593682916217,0.39882004201604315,1e+26,22174628597584.598,556244631583.7224,29962835990369.656,89888507971108.97,1.8392675989597174,0.7400710868619867,0.9999999999673378,696340053110.0046,22174628596860.324,0.6756107742569374,1.6756107742569375,0.4032026916015399,1.197874728687186,1.197874728687186,0.16518816529675634,0.7985831524581241,0.39881970470595673,0.0,1666286215432.7146,0.23801465843575897
kq,0.7005534249155089,nore,1.5,1.0,1.6068754292659542,0.09391034990091263,-0.0901457191913948,0.5771776703933915,0.5771776703933915,1.4620224880855275,0.7325693519079659,1e+26,18646645187708.887,556244631583.7224,29962835990369.656,89888507971108.97,1.8392675989597174,0.6223257769448066,0.9999999999714545,813242160252.2515,18646645187176.61,0.8034377146559116,1.8034377146559115,0.44550344496327904,1.040903978844681,1.040903978844681,0.039296591881684516,0.693935985896454,0.7325687587990404,0.0,3574537693681.356,0.40620702477411896
kq,0.7005534249155089,nore,1.5,1.1892,1.9108962604830728,0.19352070121821607,-0.0844650777903394,0.45780755148777497,0.45780755148777497,1.7494922592353268,1.1843250288309648,1e+26,15679990907928.764,556244631583.7224,29962835990369.656,89888507971108.97,1.8392675989597174,0.5233146459360873,0.9999999999752925,973145677196.9286,15679990907541.352,0.9554481302651431,1.9554481302651432,0.48860827115654143,0.8952189205780329,0.8952189205780329,-0.11704520203204725,0.5968126137186885,1.184323951735216,0.0,6915124693217.887,0.6056537062839595
kq,0.7005534249155089,nore,1.5,1.4142,2.2724432320679124,0.35269950187104393,-0.050169122176182634,0.355770658270263,0.355770658270263,2.1584367499654973,1.8108015622717861,1e+26,13185295706200.598,556244631583.7224,29962835990369.656,89888507971108.97,1.8392675989597174,0.44005499713577445,0.9999999999788554,1200618854781.3252,13185295705921.799,1.1362216160579812,2.1362216160579814,0.5318837743785576,0.760004970556113,0.760004970556113,-0.3157808682070554,0.5066699803707421,1.8107995326594497,0.0,13044494987585.918,0.8476649754598498
kq,0.7005534249155089,nore,1.5,1.6818,2.7024430969394815,0.606728450469826,0.025038528269973437,0.2698593526057868,0.2698593526057868,2.7701082948695315,2.7056380356152916,1e+26,11087314298792.299,556244631583.7224,29962835990369.656,89888507971108.97,1.8392675989597174,0.3700355434364891,0.9999999999821897,1540857867926.716,11087314298594.83,1.3512215484938064,2.3512215484938066,0.5746891650254734,0.6344991249093143,0.6344991249093143,-0.5760463028895823,0.4229994166062095,2.7056340287779825,0.0,25014021929637.64,1.150735972391459
kq,0.7005534249155089,nore,1.5,2.0,3.2137508585319083,1.0263688459656417,0.16597564839406598,0.1987161575128102,0.1987161575128102,3.7471552411087936,4.032311845630416,1e+26,9323322593854.443,556244631583.7224,29962835990369.656,89888507971108.97,1.8392675989597174,0.3111628884767129,0.9999999999853046,2084334986577.5754,9323322593717.434,1.6068754292895677,2.606875429289568,0.6163990082669494,0.5180282684229804,0.5180282684229804,-0.9303965844263156,0.3453521789486536,4.032303424725467,0.0,50428131939832.04,1.5467964153330627
kq,0.7005534249155089,nore,1.5,2.3784,3.8217925209661456,1.7703917152881918,0.42759727624594546,0.14082648602904205,0.14082648602904205,5.455980593372685,6.100956311651005,1e+26,7839995453964.382,556244631583.7224,29962835990369.656,89888507971108.97,1.8392675989597174,0.2616573229714253,0.9999999999882164,3034859915088.5283,7839995453871.999,1.91089626050559,2.9108962605055897,0.6564631953505924,0.4099312915620812,0.4099312915620812,-1.4394331942541085,0.27328752770805415,6.1009369629074905,0.0,111093286523615.94,2.095897868162666
kq,0.7005534249155089,nore,1.5,2.8284,4.544886464135825,3.2564646977827536,0.9510489850726791,0.09460936646088718,0.09460936646088718,8.867296123202904,9.569828914234416,1e+26,6592647853100.299,556244631583.7224,29962835990369.656,89888507971108.97,1.8392675989597174,0.22002749857055096,0.9999999999909616,4932385865194.77,6592647853040.712,2.2724432320884516,3.2724432320884516,0.6944179229163262,0.3096037809671064,0.3096037809671064,-2.229934714867853,0.2064025206447376,9.569777997756848,0.0,283212533213412.25,2.924355699445158
kq,0.7005534249155089,nore,1.5,3.3636,5.404886193878963,6.8925709947962295,2.1975795933028,0.058469391452297854,0.058469391452297854,17.282553797783088,16.103133949045574,1e+26,5543657149396.149,556244631583.7224,29962835990369.656,89888507971108.97,1.8392675989597174,0.18501777172034425,0.9999999999935383,9613327770073.717,5543657149360.328,2.702443096956944,3.702443096956944,0.729908070478678,0.21647959476583353,0.21647959476583353,-3.61937302257842,0.14431972984388902,16.102965759714603,0.0,928828228665459.9,4.349289086775343
kq,0.7005534249155089,nore,1.5,4.0,6.427501717063817,20.048868878110913,6.492921242161475,0.030865443166804844,0.030865443166804844,48.16076415000979,31.399565107143104,1e+26,4661661296927.222,556244631583.7224,29962835990369.656,89888507971108.97,1.8392675989597174,0.15558144424001943,0.9999999999959933,26789166511412.742,4661661296908.544,3.2137508585447847,4.213750858544785,0.7626817451790804,0.13005928764348917,0.13005928764348917,-6.688801146913405,0.08670619176232612,31.398692433986483,0.0,5047009068247212.0,7.45151579908665
kq,0.7005534249155089,nore,1.5,4.7568,7.643585041932291,161.75763444562753,49.63188650415012,0.010338960495007496,0.010338960495007496,387.0091303285824,95.73890574645725,1e+26,3919997726982.191,556244631583.7224,29962835990369.656,89888507971108.97,1.8392675989597174,0.1308286614870355,0.9999999999983279,215271751119159.12,3919997726975.636,3.821792520972536,4.8217925209725365,0.7926082477314258,0.04985232238945766,0.04985232238945766,-19.05924603046119,0.03323488159297177,95.7215224860258,0.0,1.2365929134163187e+17,19.852376156940466
kq,0.7005534249155089,nore,1.5,5.6569,9.089933615814576,inf,,,,,,1e+26,3296265655696.386,556244631583.7224,29962835990369.656,89888507971108.97,1.8392675989597174,,,,,,,,,,,,,,,
kq,0.7005534249155089,nore,1.5,6.7272,10.809772387757926,inf,,,,,,1e+26,2771828574698.0747,556244631583.7224,29962835990369.656,89888507971108.97,1.8392675989597174,,,,,,,,,,,,,,,
kq,0.7005534249155089,nore,1.5,8.0,12.855003434127633,inf,,,,,,1e+26,2330830648463.611,556244631583.7224,29962835990369.656,89888507971108.97,1.8392675989597174,,,,,,,,,,,,,,,
kq,0.7005534249155089,nore,1.5,9.5137,15.287330771407508,inf,,,,,,1e+26,1959978261634.158,556244631583.7224,29962835990369.656,89888507971108.97,1.8392675989597174,,,,,,,,,,,,,,,
kq,0.7005534249155089,nore,1.5,11.3137,18.179706544086226,inf,,,,,,1e+26,1648147395432.8723,556244631583.7224,29962835990369.656,89888507971108.97,1.8392675989597174,,,,,,,,,,,,,,,
kq,0.7005534249155089,nore,1.5,13.4543,21.61938408797293,inf,,,,,,1e+26,1385924588251.2568,556244631583.7224,29962835990369.656,89888507971108.97,1.8392675989597174,,,,,,,,,,,,,,,
kq,0.7005534249155089,nore,1.5,16.0,25.710006868255267,inf,,,,,,1e+26,1165415324231.8054,556244631583.7224,29962835990369.656,89888507971108.97,1.8392675989597174,,,,,,,,,,,,,,,
kq,0.7005534249155089,nore,1.5,19.0273,30.574500855272092,inf,,,,,,1e+26,979994281254.2445,556244631583.7224,29962835990369.656,89888507971108.97,1.8392675989597174,,,,,,,,,,,,,,,
kq,0.7005534249155089,nore,1.5,22.6274,36.35941308817245,inf,,,,,,1e+26,824073697716.4362,556244631583.7224,29962835990369.656,89888507971108.97,1.8392675989597174,,,,,,,,,,,,,,,
kq,0.7005534249155089,nore,1.5,26.9087,43.23892886348878,inf,,,,,,1e+26,692959718890.5033,556244631583.7224,29962835990369.656,89888507971108.97,1.8392675989597174,,,,,,,,,,,,,,,
kq,0.7005534249155089,nore,1.5,32.0,51.42001373651053,inf,,,,,,1e+26,582707662115.9027,556244631583.7224,29962835990369.656,89888507971108.97,1.8392675989597174,,,,,,,,,,,,,,,
kq,0.7005534249155089,nore,2.0,0.25,0.5624305757889645,0.0,0.0,1.0,1.0,1.0,0.0,,,,,,,,,,,,,,,,,,,,,
kq,0.7005534249155089,nore,2.0,0.2973,0.6688424407282366,0.0,0.0,1.0,1.0,1.0,0.0,,,,,,,,,,,,,,,,,,,,,
kq,0.7005534249155089,nore,2.0,0.3536,0.7955018063959114,0.0,0.0,1.0,1.0,1.0,0.0,,,,,,,,,,,,,,,,,,,,,
kq,0.7005534249155089,nore,2.0,0.4204,0.9457832562467227,0.0,0.0,1.0,1.0,1.0,0.0,,,,,,,,,,,,,,,,,,,,,
kq,0.7005534249155089,nore,2.0,0.5,1.124861151577929,0.0040392358892931135,-0.054960146344307015,0.8718337213323376,0.8718337213323376,1.0630386181228928,0.14700783672815318,1e+26,37293290375417.77,397300515667.7126,41949773557822.53,251698641346935.2,1.8417459688425668,0.8889986097818712,0.9999999999504136,422345791154.9179,37293290373568.53,1.1248611516337068,2.1248611516337066,0.5293810142694988,1.852525605143331,1.852525605143331,0.46019639500603315,0.9262628025716655,0.14700770976350674,0.0,372528846653.5491,0.06918466955951885
kq,0.7005534249155089,nore,2.0,0.5946,1.3376848814564732,0.025702593431614407,-0.12246291059848813,0.7051828658470902,0.7051828658470902,1.1738680974617166,0.41807210175228654,1e+26,31359981815857.527,397300515667.7126,41949773557822.53,251698641346935.2,1.8417459688425668,0.747560216773104,0.999999999955705,466378400447.4167,31359981814468.438,1.3376848815157258,2.3376848815157256,0.5722263475684489,1.648495324194675,1.648495324194675,0.393386207820443,0.8242476620973375,0.41807189089707264,0.0,1169878788521.5261,0.1788401996023481
kq,0.7005534249155089,nore,2.0,0.7071,1.590778640561507,0.06890675785059686,-0.17483744763844866,0.5632012281409783,0.5632012281409783,1.3126509633396422,0.7755646685556261,1e+26,26370591412401.2,397300515667.7126,41949773557822.53,251698641346935.2,1.8417459688425668,0.6286229739718285,0.999999999960637,521516904626.5595,26370591411363.176,1.5907786406241247,2.5907786406241247,0.6140156537035917,1.4591297122409213,1.4591297122409213,0.31465997052160155,0.7295648561204606,0.7755643099373426,0.0,2426820511697.122,0.299355757565678
kq,0.7005534249155089,nore,2.0,0.8409,1.891791484723761,0.1387258615825182,-0.21244262072693576,0.4437941662525737,0.4437941662525737,1.489894343891972,1.2532974792753708,1e+26,22174628597584.598,397300515667.7126,41949773557822.53,251698641346935.2,1.8417459688425668,0.528599482575234,0.9999999999652138,591935791118.6888,22174628596813.227,1.891791484789569,2.891791484789569,0.6541936010048219,1.2833601909684789,1.2833601909684789,0.22079552799175037,0.6416800954842394,1.2532968570634084,0.0,4451229809411.551,0.4333981693065425
kq,0.7005534249155089,nore,2.0,1.0,2.249722303155858,0.24340103085561693,-0.23476474920835222,0.34471993776196186,0.34471993776196186,1.721566810919586,1.9009067072999444,1e+26,18646645187708.887,397300515667.7126,41949773557822.53,251698641346935.2,1.8417459688425668,0.4444993048994087,0.9999999999694758,683979381734.771,18646645187139.71,2.2497223032245293,3.2497223032245293,0.6922813992420976,1.120244070111219,1.120244070111219,0.10733738594954678,0.5601220350556095,1.9009056061344678,0.0,7801085966366.972,0.5849441426875046
kq,0.7005534249155089,nore,2.0,1.1892,2.6753697629129465,0.3965229547391196,-0.24006396917991313,0.2636076192876097,0.2636076192876097,2.0331098786581516,2.793519050681935,1e+26,15679990907928.764,397300515667.7126,41949773557822.53,251698641346935.2,1.8417459688425668,0.37378010839317904,0.9999999999734347,807755603200.0043,15679990907512.22,2.675369762984018,3.675369762984018,0.7279185321511422,0.9688554732218831,0.9688554732218831,-0.03214568905158496,0.4844277366109416,2.7935170565344998,0.0,13538883995005.736,0.7600644013443514
kq,0.7005534249155089,nore,2.0,1.4142,3.181557281123014,0.6211753929684256,-0.22460687062268836,0.19809555878443005,0.19809555878443005,2.466957656559539,4.048072468513101,1e+26,13185295706200.6,397300515667.7126,41949773557822.53,251698641346935.2,1.8417459688425668,0.31431148699110145,0.9999999999771403,980123549081.5167,13185295705899.188,3.1815572811957438,4.181557281195744,0.7608546451110569,0.828347926207573,0.828347926207573,-0.20722219294771704,0.4141739631037865,4.048068750941619,0.0,23805666928669.42,0.968077098253417
kq,0.7005534249155089,nore,2.0,1.6818,3.783582969447522,0.9586276292140308,-0.18110435558718707,0.14590079407184298,0.14590079407184298,3.0983596140152487,5.853979493839719,1e+26,11087314298792.299,397300515667.7126,41949773557822.53,251698641346935.2,1.8417459688425668,0.2642997412916779,0.9999999999805783,1230979872372.2732,11087314298576.965,3.783582969521005,4.783582969521005,0.7909516765212221,0.6979285537616593,0.6979285537616593,-0.4328114168853697,0.34896427688082965,5.853972292348115,0.0,43236785581180.33,1.223763485715068
kq,0.7005534249155089,nore,2.0,2.0,4.499444606311716,1.4878419907331306,-0.0952388218094603,0.10490111813912968,0.10490111813912968,4.070922803275722,8.532801550684978,1e+26,9323322593854.443,397300515667.7126,41949773557822.53,251698641346935.2,1.8417459688425668,0.22224965245288167,0.9999999999837718,1617379728984.8943,9323322593703.143,4.499444606384733,5.499444606384733,0.818163456208101,0.5768978883539644,0.5768978883539644,-0.7334090142941119,0.2884489441769822,8.53278685431843,0.0,82804681557172.53,1.5515730953659101
kq,0.7005534249155089,nore,2.0,2.3784,5.350739525825893,2.375593886533875,0.06305537261264438,0.07315194336963883,0.07315194336963883,5.688132400455105,12.670209088818712,1e+26,7839995453964.382,397300515667.7126,41949773557822.53,251698641346935.2,1.8417459688425668,0.18689005419908827,0.9999999999868049,2259897935887.037,7839995453860.933,5.350739525896496,6.350739525896496,0.8425380231826094,0.4645689381537074,0.4645689381537074,-1.1525330642513592,0.2322844690768537,12.670176811940209,0.0,171800276202471.5,1.995072160685396
kq,0.7005534249155089,nore,2.0,2.8284,6.363114562246028,4.0242003846186165,0.36469434017360536,0.048934947853845744,0.048934947853845744,8.683706429063628,19.435372054820068,1e+26,6592647853100.3,397300515667.7126,41949773557822.53,251698641346935.2,1.8417459688425668,0.1571557434975104,0.99999999998961,3450041042174.0103,6592647853031.802,6.363114562312141,7.363114562312141,0.8641879069601244,0.36031362714863685,0.36031362714863685,-1.7753599216148415,0.18015681357431843,19.435293054499724,0.0,402316987554306.4,2.639549886879422
kq,0.7005534249155089,nore,2.0,3.3636,7.567165938895044,7.615886934754329,1.0113738886693135,0.03076205725583155,0.03076205725583155,15.220399980839343,31.507808432396622,1e+26,5543657149396.149,397300515667.7126,41949773557822.53,251698641346935.2,1.8417459688425668,0.13214987064738065,0.9999999999922446,6047072761056.313,5543657149353.156,7.567165938953729,8.567165938953728,0.8832752853013928,0.26354364913430445,0.26354364913430445,-2.7944378598567186,0.13177182456715222,31.50757879044096,0.0,1143180060792756.2,3.677717843729056
kq,0.7005534249155089,nore,2.0,4.0,8.998889212623432,17.933186779615703,2.7870580175291817,0.017375930658314068,0.017375930658314068,34.079315541702215,56.551782779834305,1e+26,4661661296927.222,397300515667.7126,41949773557822.53,251698641346935.2,1.8417459688425668,0.11112482622765797,0.9999999999947247,13539729638320.982,4661661296902.63,8.998889212670903,9.998889212670903,0.8999888908927235,0.17374000561953415,0.17374000561953415,-4.755726762147444,0.08687000280976707,56.550874233117305,0.0,4594175096424076.0,5.655730290868632
kq,0.7005534249155089,nore,2.0,4.7568,10.701479051651786,71.87869664729743,11.456322200879868,0.0077249170441133835,0.0077249170441133835,133.301071093715,128.45851917886057,1e+26,3919997726982.191,397300515667.7126,41949773557822.53,251698641346935.2,1.8417459688425668,0.09344502710051494,0.9999999999971941,52960584284591.38,3919997726971.192,10.701479051681812,11.701479051681812,0.9145407178371803,0.09039295496767254,0.09039295496767254,-10.062809046984166,0.04519647748383627,128.45122831604124,0.0,4.0819429392275064e+16,10.977442548949057
kq,0.7005534249155089,nore,2.0,5.6569,12.726454096722373,5788.572126946273,842.5641260515607,0.0009491795605107543,0.0009491795605107543,10735.580127840985,1055.2907480113781,1e+26,3296265655696.386,397300515667.7126,41949773557822.53,251698641346935.2,1.8417459688425668,0.07857648268712691,0.999999999999621,4265251520783271.0,3296265655695.1367,12.726454096727197,13.726454096727197,0.927147973325578,0.013028869666902565,0.013028869666902565,-75.75262901280801,0.006514434833451282,1052.5414389474413,0.0,2.7006482806944276e+19,76.70747631885888
kq,0.7005534249155089,nore,2.0,6.7272,15.134331877790087,inf,,,,,,1e+26,2771828574698.0747,397300515667.7126,41949773557822.53,251698641346935.2,1.8417459688425668,,,,,,,,,,,,,,,
kq,0.7005534249155089,nore,2.0,8.0,17.997778425246864,inf,,,,,,1e+26,2330830648463.611,397300515667.7126,41949773557822.53,251698641346935.2,1.8417459688425668,,,,,,,,,,,,,,,
kq,0.7005534249155089,nore,2.0,9.5137,21.403183075533885,inf,,,,,,1e+26,1959978261634.1577,397300515667.7126,41949773557822.53,251698641346935.2,1.8417459688425668,,,,,,,,,,,,,,,
kq,0.7005534249155089,nore,2.0,11.3137,25.452683221214432,inf,,,,,,1e+26,1648147395432.872,397300515667.7126,41949773557822.53,251698641346935.2,1.8417459688425668,,,,,,,,,,,,,,,
kq,0.7005534249155089,nore,2.0,13.4543,30.26843878334986,inf,,,,,,1e+26,1385924588251.2568,397300515667.7126,41949773557822.53,251698641346935.2,1.8417459688425668,,,,,,,,,,,,,,,
kq,0.7005534249155089,nore,2.0,16.0,35.99555685049373,inf,,,,,,1e+26,1165415324231.8054,397300515667.7126,41949773557822.53,251698641346935.2,1.8417459688425668,,,,,,,,,,,,,,,
kq,0.7005534249155089,nore,2.0,19.0273,42.80614117883746,inf,,,,,,1e+26,979994281254.2445,397300515667.7126,41949773557822.53,251698641346935.2,1.8417459688425668,,,,,,,,,,,,,,,
kq,0.7005534249155089,nore,2.0,22.6274,50.905366442428864,inf,,,,,,1e+26,824073697716.436,397300515667.7126,41949773557822.53,251698641346935.2,1.8417459688425668,,,,,,,,,,,,,,,
kq,0.7005534249155089,nore,2.0,26.9087,60.537102538930036,inf,,,,,,1e+26,692959718890.5033,397300515667.7126,41949773557822.53,251698641346935.2,1.8417459688425668,,,,,,,,,,,,,,,
kq,0.7005534249155089,nore,2.0,32.0,71.99111370098746,inf,,,,,,1e+26,582707662115.9027,397300515667.7126,41949773557822.53,251698641346935.2,1.8417459688425668,,,,,,,,,,,,,,,
kq,0.7005534249155089,nore,3.0,0.25,0.90375587290319,0.0,0.0,1.0,1.0,1.0,0.0,,,,,,,,,,,,,,,,,,,,,
kq,0.7005534249155089,nore,3.0,0.2973,1.0747464840564735,0.0010772253398021459,-0.04643963130869033,0.913863454731628,0.913863454731628,1.0248356536640484,0.09425541681678315,1e+26,62719963631715.055,247250352100.53946,67408060393335.65,808896724720027.8,1.8474787586746793,0.9304519854301406,0.9999999999244088,253390976213.62247,62719963626973.98,2.14949296827543,3.14949296827543,0.6824885751221186,2.878206524641154,2.878206524641154,0.6525614157848951,0.9594021748803847,0.09425537789304372,0.0,143300832483.75943,0.029927170434262962
kq,0.7005534249155089,nore,3.0,0.3536,1.278272306634272,0.012686116183829643,-0.14578370897758752,0.7311087543978528,0.7311087543978528,1.0919210287645387,0.3677856325224556,1e+26,52733725078362.234,247250352100.53946,67408060393335.65,808896724720027.8,1.8474787586746793,0.7823059255383342,0.9999999999315455,269977858828.01544,52733725074752.375,2.5565446134435508,3.5565446134435508,0.7188282142672827,2.6002209022951073,2.6002209022951073,0.6154172904627675,0.8667403007650357,0.3677855640281702,0.0,595763865456.7194,0.10341093786436772
kq,0.7005534249155089,nore,3.0,0.4204,1.5197558758740044,0.03771725565069972,-0.22932474067933484,0.5799674937689415,0.5799674937689415,1.1712382538157171,0.7242346872770272,1e+26,44354531845168.62,247250352100.53946,67408060393335.65,808896724720027.8,1.8474787586746793,0.6580004169176695,0.9999999999381729,289589070649.55707,44354531842426.305,3.0395117519359327,4.039511751935933,0.7524453296810558,2.3427855068204693,2.3427855068204693,0.5731576804241212,0.7809285022734898,0.7242345661503558,0.0,1258382700124.3613,0.17928766807173702
kq,0.7005534249155089,nore,3.0,0.5,1.80751174580638,0.0778236713516598,-0.2993597931212211,0.4557617862785503,0.4557617862785503,1.2664154035881006,1.1941288795719387,1e+26,37293290375417.77,247250352100.53946,67408060393335.65,808896724720027.8,1.8474787586746793,0.5532467505477854,0.9999999999443344,313121654442.70465,37293290373341.82,3.615023491813992,4.615023491813992,0.7833163792613898,2.1033513503466175,2.1033513503466175,0.524568256351842,0.7011171167822058,1.1941286656903367,0.0,2243445662336.272,0.25874814865645135
kq,0.7005534249155089,nore,3.0,0.5946,2.149492968112947,0.13540176219443056,-0.35719676794024846,0.355028287742443,0.355028287742443,1.38170102726177,1.8166773408485157,1e+26,31359981815857.527,247250352100.53946,67408060393335.65,808896724720027.8,1.8474787586746793,0.46522599272698467,0.9999999999500186,341626065488.1497,31359981814290.113,4.298985936440763,5.298985936440763,0.8112846472901412,1.88128990378585,1.88128990378585,0.4684498130842935,0.6270966345952833,1.8166769649787877,0.0,3723745993293.3164,0.3428348695528882
kq,0.7005534249155089,nore,3.0,0.7071,2.5561831109193824,0.2142517639908723,-0.40403517072955775,0.27406556720084063,0.27406556720084063,1.5233952313510877,2.6487625601357374,1e+26,26370591412401.2,247250352100.53946,67408060393335.65,808896724720027.8,1.8474787586746793,0.3912082806914694,0.9999999999553433,376660007339.8392,26370591411223.574,5.112366222067067,6.112366222067067,0.8363972373923265,1.67518911559007,1.67518911559007,0.40305247288586926,0.5583963718633567,2.648761901078877,0.0,5986097552053.309,0.4333448129116846
kq,0.7005534249155089,nore,3.0,0.8409,3.03987325409717,0.320070128114641,-0.44062822311148686,0.20959591845893732,0.20959591845893732,1.7004193037277051,3.7710864309431487,1e+26,22174628597584.594,247250352100.53946,67408060393335.65,808896724720027.8,1.8474787586746793,0.3289610836940296,0.9999999999603013,420429271565.22925,22174628596704.29,6.079746508435698,7.079746508435698,0.8587520049187531,1.4838859718920347,1.4838859718920347,0.326093770719494,0.4946286572973449,3.771085273761729,0.0,9512850727025.69,0.5326583003544272
kq,0.7005534249155089,nore,3.0,1.0,3.61502349161276,0.46144940035196247,-0.4672754347749358,0.15872989241057917,0.15872989241057917,1.925811817915412,5.300012614020088,1e+26,18646645187708.887,247250352100.53946,67408060393335.65,808896724720027.8,1.8474787586746793,0.2766233752795794,0.9999999999648921,476157650058.9656,18646645187054.242,7.230046983479352,8.230046983479351,0.8784940107866508,1.306354472221689,1.306354472221689,0.23451098360820752,0.43545149074056305,5.300010570241847,0.0,15141849309448.082,0.64398311779712
kq,0.7005534249155089,nore,3.0,1.1892,4.298985936225894,0.6517145888761682,-0.48373012211947064,0.11894043147732929,0.11894043147732929,2.219436944373988,7.407573621275587,1e+26,15679990907928.764,247250352100.53946,67408060393335.65,808896724720027.8,1.8474787586746793,0.23261299636793598,0.9999999999691218,548756565961.4139,15679990907444.594,8.59797187271728,9.59797187271728,0.8958113220937279,1.1415869158482634,1.1415869158482634,0.12402640034031608,0.38052897194942115,7.407569970776553,0.0,24389727975105.277,0.7717850469255438
kq,0.7005534249155089,nore,3.0,1.4142,5.112366221838765,0.9121204028248724,-0.4889534127323195,0.08807889421961691,0.08807889421961691,2.6126573106034687,10.353464338513815,1e+26,13185295706200.6,247250352100.53946,67408060393335.65,808896724720027.8,1.8474787586746793,0.19560414034921386,0.9999999999731299,645980439964.7561,13185295705846.31,10.224732443952268,11.224732443952268,0.9109110168110255,0.9886620215743739,0.9886620215743739,-0.01146800238930104,0.32955400719145794,10.353457702438778,0.0,40128812691315.4,0.9223791948826943
kq,0.7005534249155089,nore,3.0,1.6818,6.07974650819434,1.278097684156351,-0.4806568122486895,0.06434266447089816,0.06434266447089816,3.1574749323588716,14.541799588235873,1e+26,11087314298792.297,247250352100.53946,67408060393335.65,808896724720027.8,1.8474787586746793,0.16448054184972483,0.9999999999767776,780686788774.358,11087314298534.822,12.159493016671053,13.159493016671053,0.9240092305430647,0.846716843778793,0.846716843778793,-0.18103236914140408,0.2822389479262643,14.541787214178777,0.0,68115544941240.88,1.1050418525222483
kq,0.7005534249155089,nore,3.0,2.0,7.23004698322552,1.8118809923547938,-0.45436017431626496,0.04624746143604648,0.04624746143604648,3.9450015756903234,20.622832355717616,1e+26,9323322593854.443,247250352100.53946,67408060393335.65,808896724720027.8,1.8474787586746793,0.1383116876419131,0.9999999999802442,975403028626.6155,9323322593670.254,14.460093966736709,15.460093966736709,0.9353173401046877,0.7149900995243108,0.7149900995243108,-0.39862076505018573,0.23833003317477028,20.622808451505055,0.0,120693438831755.55,1.3339384824746503
kq,0.7005534249155089,nore,3.0,2.3784,8.597971872451788,2.631358195749317,-0.40129103827718493,0.03257506686176005,0.03257506686176005,5.147682812762569,29.698373836104928,1e+26,7839995453964.382,247250352100.53946,67408060393335.65,808896724720027.8,1.8474787586746793,0.11630649818563907,0.9999999999834898,1272766387957.4404,7839995453834.941,17.19594374518749,18.19594374518749,0.9450426966579031,0.592734084112307,0.592734084112307,-0.6870971769703852,0.19757802803743565,29.698325324817752,0.0,226794551973534.12,1.632140466266918
kq,0.7005534249155089,nore,3.0,2.8284,10.22473244367753,3.98163725793901,-0.30325013457861005,0.022343924095821647,0.022343924095821647,7.124080954197821,43.75500159858322,1e+26,6592647853100.3,247250352100.53946,67408060393335.65,808896724720027.8,1.8474787586746793,0.09780207017591994,0.9999999999865551,1761431524318.1584,6592647853011.662,20.449464887630004,21.449464887630004,0.9533787903223309,0.4792652153451964,0.4792652153451964,-1.0865273923118712,0.15975507178173212,43.75489603847168,0.0,462428634974015.44,2.039907183313261
kq,0.7005534249155089,nore,3.0,3.3636,12.15949301638868,6.442882407439472,-0.11810657847106065,0.014769280057263079,0.014769280057263079,10.723376900394738,66.70836187282437,1e+26,5543657149396.148,247250352100.53946,67408060393335.65,808896724720027.8,1.8474787586746793,0.08224027092589424,0.9999999999893241,2651358714329.3906,5543657149336.965,24.31898603303699,25.31898603303699,0.9605039475634937,0.37394319548785565,0.37394319548785565,-1.6742029593435308,0.12464773182928522,66.70810737712503,0.0,1061206779420908.1,2.6347087848890283
kq,0.7005534249155089,nore,3.0,4.0,14.46009396645104,11.668192143337153,0.270198453129616,0.009231331039811832,0.009231331039811832,18.367188988440926,107.32746070850274,1e+26,4661661296927.222,247250352100.53946,67408060393335.65,808896724720027.8,1.8474787586746793,0.06915584382177335,0.9999999999920554,4541293944489.17,4661661296890.187,28.920187933131842,29.920187933131842,0.9665777500383727,0.2762031595841234,0.2762031595841234,-2.620523391208453,0.09206771986137446,107.32674028125673,0.0,2924433284357537.0,3.587105294226234
kq,0.7005534249155089,nore,3.0,4.7568,17.195943744903577,26.008839987258117,1.289409401650742,0.005241040553677679,0.005241040553677679,39.368555280061805,189.8045095479867,1e+26,3919997726982.191,247250352100.53946,67408060393335.65,808896724720027.8,1.8474787586746793,0.05815324909345132,0.9999999999943538,9733889154684.834,3919997726960.058,34.39188749000134,35.39188749000134,0.9717449373028632,0.18549031760629472,0.18549031760629472,-4.391116975294156,0.06183010586876491,189.8018054350471,0.0,1.108521634199653e+16,5.362874135272477
kq,0.7005534249155089,nore,3.0,5.6569,20.449826389704224,92.83824505924461,5.718784440983545,0.0024174230218209076,0.0024174230218209076,137.39797536837514,412.6824626831525,1e+26,3296265655696.3857,247250352100.53946,67408060393335.65,808896724720027.8,1.8474787586746793,0.048900170639122865,0.9999999999969744,33971697787732.004,3296265655686.4126,40.89965277953219,41.89965277953219,0.9761334537719966,0.1012891852355435,0.1012891852355435,-8.872722321485204,0.03376306174518117,412.66363725896707,0.0,8.411714342741429e+16,9.848922744922106
kq,0.7005534249155089,nore,3.0,6.7272,24.31898603277736,2539.637375707213,152.55003055024775,0.00046636645815525626,0.00046636645815525626,3734.1810482856954,2145.020390321224,1e+26,2771828574698.074,247250352100.53946,67408060393335.65,808896724720027.8,1.8474787586746793,0.041120135463367576,0.9999999999995492,923277578995799.8,2771828574696.8247,48.63797206557664,49.63797206557664,0.9798541326652326,0.02314948522223253,0.02314948522223253,-42.19750484298503,0.007716495074077509,2143.2365386987026,0.0,1.188269539723443e+19,43.182370420993266
kq,0.7005534249155089,nore,3.0,8.0,28.92018793290208,inf,,,,,,1e+26,2330830648463.611,247250352100.53946,67408060393335.65,808896724720027.8,1.8474787586746793,,,,,,,,,,,,,,,
kq,0.7005534249155089,nore,3.0,9.5137,34.39224899215632,inf,,,,,,1e+26,1959978261634.1575,247250352100.53946,67408060393335.65,808896724720027.8,1.8474787586746793,,,,,,,,,,,,,,,
kq,0.7005534249155089,nore,3.0,11.3137,40.899291277059284,inf,,,,,,1e+26,1648147395432.8723,247250352100.53946,67408060393335.65,808896724720027.8,1.8474787586746793,,,,,,,,,,,,,,,
kq,0.7005534249155089,nore,3.0,13.4543,48.637610563205556,inf,,,,,,1e+26,1385924588251.257,247250352100.53946,67408060393335.65,808896724720027.8,1.8474787586746793,,,,,,,,,,,,,,,
kq,0.7005534249155089,nore,3.0,16.0,57.84037586580416,inf,,,,,,1e+26,1165415324231.8054,247250352100.53946,67408060393335.65,808896724720027.8,1.8474787586746793,,,,,,,,,,,,,,,
kq,0.7005534249155089,nore,3.0,19.0273,68.78413648196347,inf,,,,,,1e+26,979994281254.2445,247250352100.53946,67408060393335.65,808896724720027.8,1.8474787586746793,,,,,,,,,,,,,,,
kq,0.7005534249155089,nore,3.0,22.6274,81.79858255411857,inf,,,,,,1e+26,824073697716.4362,247250352100.53946,67408060393335.65,808896724720027.8,1.8474787586746793,,,,,,,,,,,,,,,
kq,0.7005534249155089,nore,3.0,26.9087,97.27558262876028,inf,,,,,,1e+26,692959718890.5033,247250352100.53946,67408060393335.65,808896724720027.8,1.8474787586746793,,,,,,,,,,,,,,,
kq,0.7005534249155089,nore,3.0,32.0,115.68075173160832,inf,,,,,,1e+26,582707662115.9027,247250352100.53946,67408060393335.65,808896724720027.8,1.8474787586746793,,,,,,,,,,,,,,,
kq,0.7005534249155089,nore,5.38,0.25,1.7896591841850018,0.04153364905037593,-0.36603273672890935,0.44905392056485155,0.44905392056485155,1.1345853353013542,1.2269040205511765,1e+26,74586580750835.55,124858386313.37143,133484559257689.11,3507974217292069.5,1.8605111694185361,0.5587656067339388,0.9999999998980985,141662494100.54254,74586580743235.06,7.838707227529084,8.838707227529085,0.8868612825091213,3.969056133246825,3.969056133246825,0.7480509303903532,0.7377427756964359,1.226904062528014,0.0,1042837701439.5778,0.13881035371099415
kq,0.7005534249155089,nore,5.38,0.2973,2.128262701832804,0.07068583701974585,-0.4419292149084254,0.35002399134696416,0.35002399134696416,1.1877212370033468,1.8569469974280082,1e+26,62719963631715.06,124858386313.37143,133484559257689.11,3507974217292069.5,1.8605111694185361,0.4698668068776833,0.9999999999070506,148296957042.35925,62719963625885.28,9.321790634894136,10.321790634894136,0.9031175853713432,3.6128743558733607,3.6128743558733607,0.7232120739614638,0.6715379843630782,1.856947022836334,0.0,1652277534645.116,0.17990551646462905
kq,0.7005534249155089,nore,5.38,0.3536,2.531293950111267,0.10863276525723142,-0.5065433136790815,0.27153263567140945,0.27153263567140945,1.2490839248317323,2.682798575653413,1e+26,52733725078362.234,124858386313.37143,133484559257689.11,3507974217292069.5,1.8605111694185361,0.3950548690212258,0.9999999999154277,155958603224.46262,52733725073902.42,11.087067502425008,12.087067502425008,0.9172669466932842,3.2820332964717025,3.2820332964717025,0.6953108303090545,0.6100433636564503,2.682798561312287,0.0,2510433111548.9043,0.22195612540798493
kq,0.7005534249155089,nore,5.38,0.4204,3.009490884125499,0.15636008709416016,-0.5613167486864494,0.20982513313239634,0.20982513313239634,1.3202132459481803,3.7658733966355635,1e+26,44354531845168.62,124858386313.37143,133484559257689.11,3507974217292069.5,1.8605111694185361,0.33228211628681786,0.9999999999231075,164839695478.62796,44354531841758.086,13.18157007348325,14.18157007348325,0.9294859458566014,2.9756498286950306,2.9756498286950306,0.6639389519705182,0.5530947636979611,3.765873301598316,0.0,3724592543474.836,0.26554700746928006
kq,0.7005534249155089,nore,5.38,0.5,3.5793183683700036,0.2156537287885143,-0.6078398675822911,0.16133737722483207,0.16133737722483207,1.4036659654028534,5.198191994382215,1e+26,37293290375417.77,124858386313.37143,133484559257689.11,3507974217292069.5,1.8605111694185361,0.279382803375986,0.9999999999303716,175259467363.20093,37293290372821.1,15.677414454552208,16.677414454552206,0.94003866710124,2.6906903069889565,2.6906903069889565,0.6283481612868855,0.5001283098492484,5.198191747015,0.0,5466194161122.493,0.3116905247146917
kq,0.7005534249155089,nore,5.38,0.5946,4.256525403665608,0.2885615721908221,-0.6470877095488841,0.12352160546404356,0.12352160546404356,1.5021801296656407,7.09575021992166,1e+26,31359981815857.53,124858386313.37143,133484559257689.11,3507974217292069.5,1.8605111694185361,0.2349334034458758,0.9999999999369916,187559786942.06296,31359981813881.59,18.643581269230065,19.643581269230065,0.9490927857657803,2.426406695438712,2.426406695438712,0.5878679357916985,0.45100496197745576,7.095749696931314,0.0,7985264396655.617,0.36122487517786794
kq,0.7005534249155089,nore,5.38,0.7071,5.061872036548858,0.3781372040232378,-0.6800147464154213,0.09413139285646865,0.09413139285646865,1.6197244073197354,9.623449465915918,1e+26,26370591412401.203,124858386313.37143,133484559257689.11,3507974217292069.5,1.8605111694185361,0.1975553693816835,0.9999999999432242,202236175770.3241,26370591410903.992,22.170999521342775,23.170999521342775,0.9568426040888353,2.181118458820564,2.181118458820564,0.5415196290894039,0.4054123529406253,9.623448454914483,0.0,11677257706234.818,0.4153230078465242
kq,0.7005534249155089,nore,5.38,0.8409,6.0196976319246716,0.4885682450161113,-0.7073588943302012,0.07138134094001977,0.07138134094001977,1.7616109708942649,13.009265166887774,1e+26,22174628597584.598,124858386313.37143,133484559257689.11,3507974217292069.5,1.8605111694185361,0.16612130061908192,0.999999999948934,219951903137.78943,22174628596452.227,26.36627562917648,27.36627562917648,0.963458673969729,1.9534414509448004,1.9534414509448004,0.4880829422779267,0.36309320649531607,13.009263300899304,0.0,17168475791286.705,0.47537577404099807
kq,0.7005534249155089,nore,5.38,1.0,7.158636736740007,0.625688010017541,-0.7296786356475776,0.05384527284357766,0.05384527284357766,1.9351324496671114,17.571735792315746,1e+26,18646645187708.887,124858386313.37143,133484559257689.11,3507974217292069.5,1.8605111694185361,0.13969140169135402,0.9999999999544321,241617514968.077,18646645186859.2,31.354828908350004,32.35482890835,0.9690927124716793,1.7421545903773796,1.7421545903773796,0.42599812581305807,0.3238205558322267,17.57173243239075,0.0,25473834814889.664,0.5430946411415505
kq,0.7005534249155089,nore,5.38,1.1892,8.513050807331217,0.7978659380165829,-0.7473691413662802,0.04038059945985084,0.04038059945985084,2.1506593351359578,23.76437335907482,1e+26,15679990907928.766,124858386313.37143,133484559257689.11,3507974217292069.5,1.8605111694185361,0.11746670172556606,0.9999999999593653,268527854094.86398,15679990907291.613,37.287162537625875,38.287162537625875,0.9738815850086234,1.5460585748860767,1.5460585748860767,0.3531939758015402,0.2873714823208321,23.764367378802007,0.0,38288377092129.09,0.6206876796106542
kq,0.7005534249155089,nore,5.38,1.4142,10.123744073097717,1.0173303236061644,-0.7606361128673935,0.030083740950480498,0.030083740950480498,2.423258733759945,32.24055745691407,1e+26,13185295706200.602,124858386313.37143,133484559257689.11,3507974217292069.5,1.8605111694185361,0.09877768469287958,0.9999999999638546,302564175117.0505,13185295705724.014,44.341999041770755,45.341999041770755,0.9779453923264662,1.3640569533495663,1.3640569533495663,0.26689278072707395,0.25354218463746586,32.24054683378824,0.0,58529026033590.445,0.7110527035401049
kq,0.7005534249155089,nore,5.38,1.6818,12.039395263849343,1.3025170866838183,-0.7694592637704317,0.02224206135808614,0.02224206135808614,2.7755710479747426,43.95988056585157,1e+26,11087314298792.299,124858386313.37143,133484559257689.11,3507974217292069.5,1.8605111694185361,0.08306065031114496,0.9999999999682452,346553322148.2396,11087314298440.223,52.732551257334634,53.732551257334634,0.9813893072895269,1.1951227019921455,1.1951227019921455,0.16326583175676962,0.2221417661695438,43.95986158389264,0.0,91406655908014.19,0.818123597550624
kq,0.7005534249155089,nore,5.38,2.0,14.317273473480014,1.6820938525234168,-0.7735089871562993,0.01629815361112292,0.01629815361112292,3.242733770258512,60.35667782285506,1e+26,9323322593854.443,124858386313.37143,133484559257689.11,3507974217292069.5,1.8605111694185361,0.06984570084692605,0.9999999999723151,404882505798.3527,9323322593596.328,62.70965781557857,63.70965781557857,0.9843037926385554,1.0383497895903775,1.0383497895903775,0.036933401417171996,0.19300181962646423,60.35664344932514,0.0,146624177751488.53,0.9473705568048274
kq,0.7005534249155089,nore,5.38,2.3784,17.026101614662434,2.2029143485994744,-0.7719902998989959,0.011814175568417675,0.011814175568417675,3.8821163231425038,83.6441417384538,1e+26,7839995453964.383,124858386313.37143,133484559257689.11,3507974217292069.5,1.8605111694185361,0.05873335086374595,0.9999999999757602,484714779588.3718,7839995453774.343,74.57432507402912,75.57432507402912,0.9867679929788266,0.8928483448892501,0.8928483448892501,-0.12001103627967309,0.16595694142922865,83.64407814230023,0.0,243261310359678.97,1.1067792606418436
kq,0.7005534249155089,nore,5.38,2.8284,20.247488146195433,2.945579036859902,-0.7633110067321339,0.008449721549215148,0.008449721549215148,4.792357585625207,117.34721652009034,1e+26,6592647853100.301,124858386313.37143,133484559257689.11,3507974217292069.5,1.8605111694185361,0.04938884234720307,0.9999999999793092,598366034777.8081,6592647852963.894,88.68399808217093,89.68399808217093,0.9888497388454541,0.7578048112146897,0.7578048112146897,-0.3196010175721823,0.14085591286518395,117.3470951291744,0.0,421299531848036.1,1.3084510923668802
kq,0.7005534249155089,nore,5.38,3.3636,24.078790527698686,4.058582983719227,-0.7443746747997382,0.005940511317005469,0.005940511317005469,6.1551486591801785,167.33592007426466,1e+26,5543657149396.149,124858386313.37143,133484559257689.11,3507974217292069.5,1.8605111694185361,0.04153032515616111,0.9999999999824186,768521929104.1489,5543657149298.685,105.46510251317446,106.46510251317446,0.9906072508606634,0.6324571463456602,0.6324571463456602,-0.58113479431453,0.1175570903988216,167.33567796384344,0.0,771607944623349.4,1.5717425581129874
kq,0.7005534249155089,nore,5.38,4.0,28.63454694696003,5.839689624267704,-0.708924779450601,0.004082707463298475,0.004082707463298475,8.334807068039007,243.93601514306886,1e+26,4661661296927.222,124858386313.37143,133484559257689.11,3507974217292069.5,1.8605111694185361,0.03492285042392499,0.9999999999855432,1040670560748.6329,4661661296859.829,125.41931562949807,126.41931562949807,0.9920898163779756,0.5161330834256374,0.5161330834256374,-0.937484792416095,0.0959355173653601,243.93550149980285,0.0,1523142177994347.0,1.9295754468160453
kq,0.7005534249155089,nore,5.38,4.7568,34.05220322932487,8.961170680174808,-0.6430797199497194,0.0027184549827711604,0.0027184549827711604,12.153921913079952,366.8572005865366,1e+26,3919997726982.1914,124858386313.37143,133484559257689.11,3507974217292069.5,1.8605111694185361,0.02936667543224594,0.9999999999884603,1517519077445.887,3919997726936.956,149.14865014616404,150.14865014616404,0.9933399334657586,0.40817234614620335,0.40817234614620335,-1.4499454934700788,0.07586846582643185,366.8560087762101,0.0,3340276803530770.5,2.4432869324932938
kq,0.7005534249155089,nore,5.38,5.6569,40.49569215606455,15.210749134922803,-0.5110541176620007,0.0017265206233139532,0.0017265206233139532,19.800201932316593,578.2027401639922,1e+26,3296265655696.386,124858386313.37143,133484559257689.11,3507974217292069.5,1.8605111694185361,0.024693984637599777,0.9999999999908277,2472221261947.9487,3296265655666.152,177.37113164518962,178.37113164518962,0.9943937116349681,0.307961437389268,0.307961437389268,-2.247159801816305,0.057241902860458736,578.199568482744,0.0,8576670647699920.0,3.2415566312025135
kq,0.7005534249155089,nore,5.38,6.7272,48.15758105539737,30.69455939579861,-0.1954109159182552,0.0010143172625086151,0.0010143172625086151,38.74706403317689,984.8954497990325,1e+26,2771828574698.0747,124858386313.37143,133484559257689.11,3507974217292069.5,1.8605111694185361,0.020765162578326484,0.999999999994262,4837895889563.34,2771828574682.17,210.93020502385082,211.93020502385082,0.9952814654244898,0.2149644654026819,0.2149644654026819,-3.651931648920445,0.039956220335070985,984.8848281126503,0.0,2.8588929889394256e+16,4.647221276975699
kq,0.7005534249155089,nore,5.38,8.0,57.26909389392006,88.05975199779924,0.9025733397557063,0.0005108552135882236,0.0005108552135882236,108.95865123479548,1956.558063465636,1e+26,2330830648463.611,124858386313.37143,133484559257689.11,3507974217292069.5,1.8605111694185361,0.017461425212173767,0.9999999999976424,13604401368058.0,2330830648458.1157,250.8386312559612,251.8386312559612,0.9960292033235217,0.12865307776002993,0.12865307776002993,-6.772841640564941,0.02391321147955947,1956.5017997292146,0.0,1.5970680717178086e+17,7.768904791888076
kq,0.7005534249155089,nore,5.38,9.5137,68.10512232232341,741.2549110766658,12.342217198215499,0.00016218660253380048,0.00016218660253380048,908.673334336586,6165.92372938508,1e+26,1959978261634.1577,124858386313.37143,133484559257689.11,3507974217292069.5,1.8605111694185361,0.014683183377397697,0.9999999999987759,113455486211256.77,1959978261631.7585,298.30043577214167,299.30043577214167,0.9966588755628766,0.04854252081476962,0.04854252081476962,-19.600495878980773,0.009022773385644911,6164.737393701154,0.0,4.197347247953459e+18,20.597718965625234
kq,0.7005534249155089,nore,5.38,11.3137,80.99066844845542,inf,,,,,,1e+26,1648147395432.8723,124858386313.37143,133484559257689.11,3507974217292069.5,1.8605111694185361,,,,,,,,,,,,,,,
kq,0.7005534249155089,nore,5.38,13.4543,96.31444624712108,inf,,,,,,1e+26,1385924588251.257,124858386313.37143,133484559257689.11,3507974217292069.5,1.8605111694185361,,,,,,,,,,,,,,,
kq,0.7005534249155089,nore,5.38,16.0,114.53818778784012,inf,,,,,,1e+26,1165415324231.8054,124858386313.37143,133484559257689.11,3507974217292069.5,1.8605111694185361,,,,,,,,,,,,,,,
kq,0.7005534249155089,nore,5.38,19.0273,136.20952878097313,inf,,,,,,1e+26,979994281254.2446,124858386313.37143,133484559257689.11,3507974217292069.5,1.8605111694185361,,,,,,,,,,,,,,,
kq,0.7005534249155089,nore,5.38,22.6274,161.98133689691085,inf,,,,,,1e+26,824073697716.4362,124858386313.37143,133484559257689.11,3507974217292069.5,1.8605111694185361,,,,,,,,,,,,,,,
kq,0.7005534249155089,nore,5.38,26.9087,192.62960835791583,inf,,,,,,1e+26,692959718890.5034,124858386313.37143,133484559257689.11,3507974217292069.5,1.8605111694185361,,,,,,,,,,,,,,,
kq,0.7005534249155089,nore,5.38,32.0,229.07637557568023,inf,,,,,,1e+26,582707662115.9027,124858386313.37143,133484559257689.11,3507974217292069.5,1.8605111694185361,,,,,,,,,,,,,,,
kq,0.7005534249155089,nore,8.0,0.25,2.846601999922014,0.09055883467161996,-0.5830841318641763,0.22658843083709262,0.22658843083709262,1.1867935441767339,3.413287787863872,1e+26,74586580750835.55,78498489706.10078,212318309932673.25,8917369017172276.0,1.8727828131732582,0.3512960364349083,0.9999999998802865,93161500810.8242,74586580741906.53,19.926214001839533,20.926214001839533,0.9522130472376851,4.741637994038016,4.741637994038016,0.7891024153979347,0.592704749254752,3.4132879878538773,0.0,1907922078099.9387,0.16311063610885412
kq,0.7005534249155089,nore,8.0,0.2973,3.3851790983072587,0.12446721772314673,-0.6357448439575948,0.17532689404762392,0.17532689404762392,1.2330689408203959,4.703631314523974,1e+26,62719963631715.06,78498489706.10078,212318309932673.25,8917369017172276.0,1.8727828131732582,0.295405345138331,0.9999999998905198,96794049557.90244,62719963624848.47,23.69625369074508,24.69625369074508,0.9595080285243932,4.329917454210504,4.329917454210504,0.7690487149985784,0.541239681776313,4.703631524598678,0.0,2731701135360.8115,0.190459320307923
kq,0.7005534249155089,nore,8.0,0.3536,4.026233868689697,0.16509015163516816,-0.6806182455474517,0.1352637764816113,0.1352637764816113,1.2859056369469712,6.392962103473985,1e+26,52733725078362.234,78498489706.10078,212318309932673.25,8917369017172276.0,1.8727828131732582,0.248371066488854,0.9999999999000044,100941650404.89879,52733725073089.09,28.183637083646115,29.183637083646115,0.965734223012238,3.947488963402771,3.947488963402771,0.7466744025705924,0.49343612042534635,6.392962299377668,0.0,3871896874203.8237,0.21905982995562567
kq,0.7005534249155089,nore,8.0,0.4204,4.786845923068858,0.21323915904766477,-0.7187337613957645,0.10413063257696425,0.10413063257696425,1.3463781476824406,8.603321915701791,1e+26,44354531845168.62,78498489706.10078,212318309932673.25,8917369017172276.0,1.8727828131732582,0.20890582566895283,0.9999999999087605,105688651166.3691,44354531841121.734,33.50792146453925,34.50792146453925,0.9710211465205862,3.593331691018675,3.593331691018675,0.7217067373714923,0.44916646137733435,8.603322050894942,0.0,5455640932923.51,0.24931442168352191
kq,0.7005534249155089,nore,8.0,0.5,5.693203999844028,0.2703765874296711,-0.7512262257977389,0.0798958377850775,0.0798958377850775,1.4163198464621585,11.51629657559194,1e+26,37293290375417.77,78498489706.10078,212318309932673.25,8917369017172276.0,1.8727828131732582,0.17564801822390325,0.9999999999170027,111178968888.05598,37293290372322.53,39.85242800221584,40.85242800221584,0.975521650758536,3.2639389607915943,3.2639389607915943,0.6936217214805167,0.4079923700989493,11.516296564660022,0.0,7682219872100.173,0.28189994524652207
kq,0.7005534249155089,nore,8.0,0.5946,6.770358196614517,0.33801360744247444,-0.7788064839146893,0.06113438334024454,0.06113438334024454,1.497559334779212,15.357407471324148,1e+26,31359981815857.53,78498489706.10078,212318309932673.25,8917369017172276.0,1.8727828131732582,0.14770267257418657,0.9999999999245143,117556146025.44112,31359981813490.3,47.39250737987907,48.39250737987907,0.979335644004762,2.95844609695714,2.95844609695714,0.6619847152096051,0.3698057621196425,15.35740716373111,0.0,10832145811627.092,0.31735094874463243
kq,0.7005534249155089,nore,8.0,0.7071,8.051329096579423,0.4183638826266576,-0.8021783680580572,0.04663429208425045,0.04663429208425045,1.5927270612959026,20.443448494804333,1e+26,26370591412401.203,78498489706.10078,212318309932673.25,8917369017172276.0,1.8727828131732582,0.12420309590331671,0.9999999999316183,125026668825.76456,26370591410597.938,56.3593036799099,57.3593036799099,0.9825660366175217,2.67491052155814,2.67491052155814,0.6261557192509384,0.3343638151947675,20.443447628482918,0.0,15335857587698.86,0.35641034204658695
kq,0.7005534249155089,nore,8.0,0.8409,9.574830486937685,0.5143260317447813,-0.8219063641660911,0.035454234922551994,0.035454234922551994,1.7052163740177635,27.205377122016284,1e+26,22174628597584.598,78498489706.10078,212318309932673.25,8917369017172276.0,1.8727828131732582,0.10444049127577386,0.9999999999380288,133856909982.5079,22174628596210.41,67.02381341271733,68.02381341271733,0.9852992658036862,2.4117322610623235,2.4117322610623235,0.5853602756221711,0.30146653263279044,27.205375244577976,0.0,21849766298771.48,0.3999390206175235
kq,0.7005534249155089,nore,8.0,1.0,11.386407999688055,0.6297602993033138,-0.8384473619026903,0.026857117904002033,0.026857117904002033,1.8395042509041717,36.23408081407409,1e+26,18646645187708.887,78498489706.10078,212318309932673.25,8917369017172276.0,1.8727828131732582,0.0878240091143588,0.9999999999444117,144398305503.92975,18646645186672.35,79.70485600224704,80.70485600224704,0.9876091718697552,2.167499833077855,2.167499833077855,0.5386389494757203,0.2709374791347319,36.234077147607415,0.0,31392839226268.5,0.44897025998125173
kq,0.7005534249155089,nore,8.0,1.1892,13.540716393229035,0.7699641672337225,-0.8521719355189574,0.020262323238352302,0.020262323238352302,2.001697896198391,48.35268902838863,1e+26,15679990907928.766,78498489706.10078,212318309932673.25,8917369017172276.0,1.8727828131732582,0.07385133628895571,0.9999999999497329,157130261699.453,15679990907140.578,94.7850147573678,95.7850147573678,0.9895599535842523,1.9408269304041317,1.9408269304041317,0.48475570678949026,0.24260336630051646,48.35268222881822,0.0,45586024085417.85,0.504804293470329
kq,0.7005534249155089,nore,8.0,1.4142,16.102658193158845,0.9422893867818332,-0.8633617184086091,0.015216912821485186,0.015216912821485186,2.2002395446661827,64.71636431906033,1e+26,13185295706200.602,78498489706.10078,212318309932673.25,8917369017172276.0,1.8727828131732582,0.062101547953098676,0.9999999999548114,172715481247.9342,13185295705604.775,112.7186073572055,113.7186073572055,0.9912063643475789,1.7304461343353,1.7304461343353,0.42211434371858064,0.2163057667919125,64.71635204402774,0.0,67065108047898.85,0.5690920791288079
kq,0.7005534249155089,nore,8.0,1.6818,19.14966097387537,1.157196933545734,-0.8722111904191557,0.011367621300039677,0.011367621300039677,2.4471123798264327,86.96917335537692,1e+26,11087314298792.299,78498489706.10078,212318309932673.25,8917369017172276.0,1.8727828131732582,0.052220245639028655,0.9999999999598925,192094625957.47702,11087314298347.615,134.0476268225039,135.0476268225039,0.9925952049397038,1.535170279187305,1.535170279187305,0.34860646173440496,0.19189628489841312,86.9691514702825,0.0,100237864953192.64,0.6439888174583075
kq,0.7005534249155089,nore,8.0,2.0,22.77281599937611,1.4298694065307704,-0.8788168433835173,0.008440586552279675,0.008440586552279675,2.7596817279470973,117.47521760881023,1e+26,9323322593854.443,78498489706.10078,212318309932673.25,8917369017172276.0,1.8727828131732582,0.04391200455808712,0.9999999999650832,216630847713.36966,9323322593528.902,159.40971200119884,160.40971200119884,0.9937659634973192,1.3539520579723745,1.3539520579723745,0.2614214114068701,0.1692440072465468,117.4751786864759,0.0,152692535855454.78,0.7323446478864071
kq,0.7005534249155089,nore,8.0,2.3784,27.08143278645807,1.7832375119432617,-0.8831615855197025,0.006222189535813877,0.006222189535813877,3.1641516687236853,159.7151996044043,1e+26,7839995453964.383,78498489706.10078,212318309932673.25,8917369017172276.0,1.8727828131732582,0.036925668145176595,0.9999999999686557,248381127195.84784,7839995453718.644,189.57002951114842,190.57002951114842,0.9947525851648068,1.1857628434640095,1.1857628434640095,0.1566610427101377,0.1482203554330012,159.7151299786302,0.0,238021447848310.6,0.83809166859794
kq,0.7005534249155089,nore,8.0,2.8284,32.20531638631769,2.2531057772505956,-0.8850681578499423,0.004547230559805911,0.004547230559805911,3.7014163394078157,218.91420073359953,1e+26,6592647853100.301,78498489706.10078,212318309932673.25,8917369017172276.0,1.8727828131732582,0.031050773977089396,0.999999999972204,290555592416.9977,6592647852917.052,225.43721471049005,226.43721471049005,0.9955837647920261,1.029662222608873,1.029662222608873,0.02880772155913158,0.12870777782610912,218.91407447848496,0.0,381640471695867.4,0.9667762136373881
kq,0.7005534249155089,nore,8.0,3.3636,38.29932194775074,2.8980319008200746,-0.8841144361163642,0.0032879410446259387,0.0032879410446259387,4.438338520382423,303.14194045924216,1e+26,5543657149396.149,78498489706.10078,212318309932673.25,8917369017172276.0,1.8727828131732582,0.026110122819935487,0.9999999999760227,348402870654.43024,5543657149263.228,268.0952536406833,269.0952536406833,0.9962838437821899,0.8847693293592302,0.8847693293592302,-0.130238093497457,0.11059616616990378,303.14170644406056,0.0,633693133630526.1,1.1265221749212628
kq,0.7005534249155089,nore,8.0,4.0,45.54563199875222,3.8188455495104394,-0.8794608410138369,0.0023460334652575295,0.0023460334652575295,5.490032176728193,425.25182681760833,1e+26,4661661296927.222,78498489706.10078,212318309932673.25,8917369017172276.0,1.8727828131732582,0.021956002279388986,0.9999999999808157,430959234311.0602,4661661296837.791,318.8194239973819,319.8194239973819,0.9968732355668047,0.7503070715372449,0.7503070715372449,-0.33278765179592273,0.0937883839421556,425.2513791081952,0.0,1099597210048176.5,1.3296612323721035
kq,0.7005534249155089,nore,8.0,4.7568,54.16286557291614,5.202246180014647,-0.8694745048222956,0.0016454782976376438,0.0016454782976376438,7.069634849277068,606.7269297516165,1e+26,3919997726982.1914,78498489706.10078,212318309932673.25,8917369017172276.0,1.8727828131732582,0.01846283407283075,0.9999999999817877,554955658441.8673,3919997726910.7993,379.1400590173179,380.1400590173179,0.9973693906330602,0.6255122171756897,0.6255122171756897,-0.5986897978031445,0.07818902714696122,606.7260340872714,0.0,2020239256768325.5,1.5960597160926682
kq,0.7005534249155089,nore,8.0,5.6569,64.41177141343536,7.425602087217884,-0.8508354901347397,0.0011278943543878066,0.0011278943543878066,9.607950312553973,885.6097688188088,1e+26,3296265655696.386,78498489706.10078,212318309932673.25,8917369017172276.0,1.8727828131732582,0.015525112538348429,0.9999999999879582,754209588706.7458,3296265655656.6934,450.8823998994769,451.8823998994769,0.9977870348563643,0.5096756076938331,0.5096756076938331,-0.9620322905480485,0.06370945096172914,885.60786013312,0.0,4007612276973060.0,1.959820190656103
kq,0.7005534249155089,nore,8.0,6.7272,76.59864389550148,11.345953484377057,-0.8161404072904106,0.0007486688340269408,0.0007486688340269408,14.083395468900983,1334.7085158353027,1e+26,2771828574698.0747,78498489706.10078,212318309932673.25,8917369017172276.0,1.8727828131732582,0.01305506141012577,0.9999999999881273,1105525274242.4702,2771828574665.1655,536.1905072748764,537.1905072748764,0.9981384630099424,0.4021777907318226,0.4021777907318226,-1.4864625124633326,0.05027222384147782,1334.7040583901412,0.0,8853323988015501.0,2.4846025394680282
kq,0.7005534249155089,nore,8.0,8.0,91.09126399750444,19.269313174581672,-0.7460935771330145,0.00047351962663420394,0.00047351962663420394,23.1286569962552,2110.856864330379,1e+26,2330830648463.611,78498489706.10078,212318309932673.25,8917369017172276.0,1.8727828131732582,0.010978001139802279,0.999999999990634,1815564643136.4746,2330830648441.7803,637.6388479885032,638.6388479885032,0.998434169792286,0.3024080288536142,0.3024080288536142,-2.3067905101291712,0.03780100360670177,2110.844881928209,0.0,2.2994382537600972e+16,3.305227951187817
kq,0.7005534249155089,nore,8.0,9.5137,108.32686978663224,39.228247163194744,-0.5761477334155545,0.0002763193376166889,0.0002763193376166889,45.914589291281935,3618.042012853643,1e+26,1959978261634.158,78498489706.10078,212318309932673.25,8917369017172276.0,1.8727828131732582,0.00923132000366003,0.9999999999952135,3604225914841.5405,1959978261624.7766,758.2880885100551,759.2880885100551,0.9986829768369443,0.2098059816773403,0.2098059816773403,-3.7663083388055902,0.026225747709667537,3618.0011478212327,0.0,7.82414447022753e+16,4.765000037551204
kq,0.7005534249155089,nore,8.0,11.3137,128.82240418607077,115.7919458967315,0.03498033672272527,0.00013720850194604264,0.00013720850194604264,133.32865526244706,7287.403594344598,1e+26,1648147395432.872,78498489706.10078,212318309932673.25,8917369017172276.0,1.8727828131732582,0.007762624881241376,0.9999999999961261,10466098072647.46,1648147395426.4873,901.7568293059886,902.7568293059886,0.9988922819883083,0.12386591217063402,0.12386591217063402,-7.073246161723894,0.015483239021329252,7287.178107164605,0.0,4.5762408428024506e+17,8.0721762326732
kq,0.7005534249155089,nore,8.0,13.4543,153.196149150203,1115.4652809921076,7.32117249211629,4.108785042199026e-05,4.108785042198442e-05,1274.7715822063924,24342.752878065516,1e+26,1385924588251.2568,78498489706.10078,212318309932673.25,8917369017172276.0,1.8727828131732582,0.006527579221458553,1.0000000000003306,100067643923458.3,1385924588251.715,1072.3730440510665,1073.3730440510665,0.9990683574498705,0.044102591080966584,0.04410259108096031,-21.67440473427357,0.005512823885120823,24337.094831676597,0.0,1.4615531562713997e+19,22.674220567004966
kq,0.7005534249155089,nore,8.0,16.0,182.18252799500888,inf,,,,,,1e+26,1165415324231.8054,78498489706.10078,212318309932673.25,8917369017172276.0,1.8727828131732582,,,,,,,,,,,,,,,
kq,0.7005534249155089,nore,8.0,19.0273,216.65260093246454,inf,,,,,,1e+26,979994281254.2445,78498489706.10078,212318309932673.25,8917369017172276.0,1.8727828131732582,,,,,,,,,,,,,,,
kq,0.7005534249155089,nore,8.0,22.6274,257.64480837214154,inf,,,,,,1e+26,824073697716.436,78498489706.10078,212318309932673.25,8917369017172276.0,1.8727828131732582,,,,,,,,,,,,,,,
kq,0.7005534249155089,nore,8.0,26.9087,306.39343694120595,inf,,,,,,1e+26,692959718890.5034,78498489706.10078,212318309932673.25,8917369017172276.0,1.8727828131732582,,,,,,,,,,,,,,,
kq,0.7005534249155089,nore,8.0,32.0,364.36505599001777,inf,,,,,,1e+26,582707662115.9027,78498489706.10078,212318309932673.25,8917369017172276.0,1.8727828131732582,,,,,,,,,,,,,,,
q60,0.6,D15,1.0,0.25,0.25,0.0,0.0,1.0,1.0,1.0,0.0,,,,,,,,,,,,,,,,,,,,,
q60,0.6,D15,1.0,0.2973,0.2973,0.0,0.0,1.0,1.0,1.0,0.0,,,,,,,,,,,,,,,,,,,,,
q60,0.6,D15,1.0,0.3536,0.3536,0.0,0.0,1.0,1.0,1.0,0.0,,,,,,,,,,,,,,,,,,,,,
q60,0.6,D15,1.0,0.4204,0.4204,0.0,0.0,1.0,1.0,1.0,0.0,,,,,,,,,,,,,,,,,,,,,
q60,0.6,D15,1.0,0.5,0.5,0.0,0.0,1.0,1.0,1.0,0.0,,,,,,,,,,,,,,,,,,,,,
q60,0.6,D15,1.0,0.5946,0.5946,0.0,0.0,1.0,1.0,1.0,0.0,,,,,,,,,,,,,,,,,,,,,
q60,0.6,D15,1.0,0.7071,0.7071,0.0,0.0,1.0,1.0,1.0,0.0,,,,,,,,,,,,,,,,,,,,,
q60,0.6,D15,1.0,0.8409,0.8409,0.0,0.0,1.0,1.0,1.0,0.0,,,,,,,,,,,,,,,,,,,,,
q60,0.6,D15,1.0,1.0,1.0,0.0,0.0,1.0,1.0,1.0,0.0,,,,,,,,,,,,,,,,,,,,,
q60,0.6,D15,1.0,1.1892,1.1892,0.0009395822383539976,0.0009395822383539976,0.989808820013105,0.9892141258155964,1.0081889047049768,0.012873517709729998,1e+26,15679990907928.764,893815831152.9764,18646645187708.887,0.0,1.837981334979805,0.9928095593665115,1.1806491279986555,901135203818.0879,18512567592472.94,0.0,1.0,0.0,0.989808820013105,0.9892141258155964,-0.01029610949189165,0.989808820013105,0.01090347772329947,0.010903775012546246,69604680031.27983,0.010903763985936621
q60,0.6,D15,1.0,1.4142,1.4142,0.003818051890844165,0.003818051890844165,0.9805134720063056,0.9781281413271709,1.016818167150903,0.03121924989693866,1e+26,13185295706200.6,893815831152.9764,18646645187708.887,0.0,1.837981334979805,0.9872149065781499,1.3961193208828195,908848175203.4304,18408246086979.938,0.0,1.0,0.0,0.9805134720063056,0.9781281413271709,-0.019873799340891788,0.9805134720063056,0.022360933857962895,0.02236147285847223,170241349800.3155,0.02236145117606725
q60,0.6,D15,1.0,1.6818,1.6818,0.008780837344664727,0.008780837344664727,0.971830392756959,0.9664258614790848,1.0261698504312382,0.05743664116718296,1e+26,11087314298792.299,893815831152.9764,18646645187708.887,0.0,1.837981334979805,0.983054449437132,1.6533009730633685,917206857767.3226,18330667518852.707,0.0,1.0,0.0,0.971830392756959,0.9664258614790848,-0.028986135289643878,0.971830392756959,0.03474052160559005,0.034740584313336376,316087686993.96674,0.03474058838293104
q60,0.6,D15,1.0,2.0,2.0,0.01605613714094334,0.01605613714094334,0.9634890631885565,0.9537765707228928,1.03657018798265,0.09500894820708547,1e+26,9323322593854.443,893815831152.9764,18646645187708.887,0.0,1.837981334979805,0.9802096847087307,1.9604193694174614,926502844120.1095,18277622200319.7,0.0,1.0,0.0,0.9634890631885565,0.9537765707228928,-0.03789450052563618,0.9634890631885565,0.04846358224345271,0.04846357934121093,528156364384.34924,0.048463589727987255
q60,0.6,D15,1.0,2.3784,2.3784,0.025976485678426142,0.025976485678426142,0.9552139176846133,0.9398173207309246,1.0484154174738876,0.1490442978636435,1e+26,7839995453964.382,893815831152.9764,18646645187708.887,0.0,1.837981334979805,0.9785972893745429,2.327495793048413,937090297763.0176,18247556436620.78,0.0,1.0,0.0,0.9552139176846133,0.9398173207309246,-0.046885918940487964,0.9552139176846133,0.06403657172680055,0.06403631071076954,838007792789.5294,0.06403634149165782
q60,0.6,D15,1.0,2.8284,2.8284,0.03900483964634316,0.03900483964634316,0.946719273176881,0.9241517114137946,1.0621914873096965,0.22706922731517445,1e+26,6592647853100.3,893815831152.9764,18646645187708.887,0.0,1.837981334979805,0.9781709343933079,2.766658670838032,949403567073.3325,18239606346561.68,0.0,1.0,0.0,0.946719273176881,0.9241517114137946,-0.056279330454873155,0.946719273176881,0.08207341678799729,0.08207344515763126,1293482006313.672,0.08207346085598033
q60,0.6,D15,1.0,3.3636,3.3636,0.05577664783710179,0.05577664783710179,0.9376922014803509,0.9063369852627348,1.0785141072826012,0.340273491104931,1e+26,5543657149396.149,893815831152.9764,18646645187708.887,0.0,1.837981334979805,0.9789177913464773,3.2926878829730106,963992983211.0087,18253532723173.402,0.0,1.0,0.0,0.9376922014803509,0.9063369852627348,-0.06644802891746639,0.9376922014803509,0.10334237293661097,0.10334212985154201,1968127546787.2021,0.10334217409635471
q60,0.6,D15,1.0,4.0,4.0,0.07715351095669631,0.07715351095669631,0.9277833979382087,0.8858862175040615,1.0981718050423799,0.505391260864662,1e+26,4661661296927.222,893815831152.9764,18646645187708.887,0.0,1.837981334979805,0.9808606504108229,3.9234426016432917,981563344672.7192,18289760526795.98,0.0,1.0,0.0,0.9277833979382087,0.8858862175040615,-0.07783778220463582,0.9277833979382087,0.12881313676766326,0.12881320365253646,2976441218296.0825,0.12881322711422172
q60,0.6,D15,1.0,4.7568,4.7568,0.1043246885310185,0.10432468853101873,0.9165784655775492,0.8622477639797768,1.122216418155052,0.7478282163164608,1e+26,3919997726982.191,893815831152.9764,18646645187708.887,0.0,1.837981334979805,0.9840567921351144,4.680961348828313,1003054800526.7739,18349357847498.477,0.0,1.0,0.0,0.9165784655775492,0.8622477639797768,-0.09101406759527753,0.9165784655775492,0.15975945867857777,0.15975951386688036,4500676094073.6045,0.15975954686098248
q60,0.6,D15,1.0,5.6569,5.6569,0.13894850684880877,0.13894850684880877,0.9035770184567392,0.8348064322159909,1.1520782871262318,1.106644315624277,1e+26,3296265655696.3857,893815831152.9764,18646645187708.887,0.0,1.837981334979805,0.9886033957725441,5.592430549545705,1029745811761.0304,18434136752334.773,0.0,1.0,0.0,0.9035770184567392,0.8348064322159909,-0.10671252098459304,0.9035770184567392,0.1978824807871966,0.19788248792458196,6837374094739.506,0.19788253919372778
q60,0.6,D15,1.0,6.7272,6.7272,0.18336573815283796,0.18336573815283774,0.8881646030895408,0.8028943297524176,1.1897430178948245,1.6426347629159512,1e+26,2771828574698.0747,893815831152.9764,18646645187708.887,0.0,1.837981334979805,0.9946397838473799,6.691140753898094,1063411144398.1132,18546695138981.555,0.0,1.0,0.0,0.8881646030895408,0.8028943297524176,-0.12591742174978846,0.8881646030895408,0.24549391239113927,0.2454939081205243,10480776678363.45,0.24549397894446656
q60,0.6,D15,1.0,8.0,8.0,0.24100175102924393,0.24100175102924393,0.8695632031034961,0.765781463624832,1.2380796936513587,2.4526204892843833,1e+26,2330830648463.611,893815831152.9764,18646645187708.887,0.0,1.837981334979805,1.0023601528987744,8.018881223190196,1106615230414.6116,18690654121401.08,0.0,1.0,0.0,0.8695632031034961,0.765781463624832,-0.15000266390179715,0.8695632031034961,0.3058555834800347,0.30585558550146774,16284643127214.21,0.305855681016709
q60,0.6,D15,1.0,9.5137,9.5137,0.31701721180915277,0.317017211809153,0.8467834854622884,0.7227056147391628,1.3013611798789266,3.6942218862468748,1e+26,1959978261634.1577,893815831152.9764,18646645187708.887,0.0,1.837981334979805,1.0120305048070382,9.62815461358272,1163177224623.701,18870973742274.754,0.0,1.0,0.0,0.8467834854622884,0.7227056147391628,-0.18093942214055506,0.8467834854622884,0.3836892637964595,0.3836893472484195,25782208564732.637,0.3836894622573084
q60,0.6,D15,1.0,11.3137,11.3137,0.41949992776381695,0.41949992776381695,0.8185656436009295,0.672919881344242,1.386201474498052,5.63125288454111,1e+26,1648147395432.872,893815831152.9764,18646645187708.887,0.0,1.837981334979805,1.0240213662143323,11.585470530939093,1239008823073.9578,19094563080431.56,0.0,1.0,0.0,0.8185656436009295,0.672919881344242,-0.2216491222389051,0.8185656436009295,0.4860610122001068,0.4860614773963339,41863032053442.66,0.4860615432846771
q60,0.6,D15,1.0,13.4543,13.4543,0.561842400038076,0.561842400038076,0.7832971522862423,0.615744249295752,1.5033919079962812,8.722610500349445,1e+26,1385924588251.257,893815831152.9764,18646645187708.887,0.0,1.837981334979805,1.0388790785229765,13.977390786171682,1343755487794.3552,19371609570151.902,0.0,1.0,0.0,0.7832971522862423,0.615744249295752,-0.27665471153732396,0.7832971522862423,0.6240508963644154,0.6240508950987547,70326334366423.39,0.6240511886801414
q60,0.6,D15,1.0,16.0,16.0,0.7676907940413487,0.7676907940413487,0.7389379534534449,0.5506751201922105,1.6716280422493104,13.805500526942065,1e+26,1165415324231.8054,893815831152.9764,18646645187708.887,0.0,1.837981334979805,1.057466583093915,16.91946532950264,1494127607961.6902,19718204172811.11,0.0,1.0,0.0,0.7389379534534449,0.5506751201922105,-0.3532935956618213,0.7389379534534449,0.815952752052707,0.8159527547646475,123763076874202.8,0.8159532200551212
q60,0.6,D15,1.0,19.0273,19.0273,1.082538086600886,1.0825380866008865,0.6829338751987234,0.47751519088945904,1.9260242777765948,22.511050709532228,1e+26,979994281254.2445,893815831152.9764,18646645187708.887,0.0,1.837981334979805,1.081262635487114,20.573508544203964,1721510990661.6982,20161920718655.223,0.0,1.0,0.0,0.6829338751987234,0.47751519088945904,-0.464270607032072,0.6829338751987234,1.0941742149340166,1.0941750133873236,232518127246815.3,1.094175450869983
q60,0.6,D15,1.0,22.6274,22.6274,1.604908692536628,1.604908692536628,0.6121021395077231,0.3965028657617147,2.340336107983763,38.33354775510203,1e+26,824073697716.436,893815831152.9764,18646645187708.887,0.0,1.837981334979805,1.1130489691845153,25.185404245325707,2091829463534.829,20754629204928.78,0.0,1.0,0.0,0.6121021395077231,0.3965028657617147,-0.6337142699815423,0.6121021395077231,1.522049867354471,1.522049869809715,481123467815651.0,1.522051397827795
q60,0.6,D15,1.0,26.9087,26.9087,2.5879454847692878,2.5879454847692878,0.5224322469128252,0.30842793114321937,3.0967200942234374,69.90729673731322,1e+26,692959718890.5033,893815831152.9764,18646645187708.887,0.0,1.837981334979805,1.1586276368542876,31.177163491820966,2767897444866.4453,21604518449095.52,0.0,1.0,0.0,0.5224322469128252,0.30842793114321937,-0.9141238043961389,0.5224322469128252,2.242248509379156,2.2422484693795757,1160977368100377.8,2.242251975633991
q60,0.6,D15,1.0,32.0,32.0,4.888864920404396,4.888864920404396,0.4084832213890751,0.21464130219541394,4.779834870007509,144.25414903436643,1e+26,582707662115.9027,893815831152.9764,18646645187708.887,0.0,1.837981334979805,1.232022670355377,39.42472545137206,4272292077109.7407,22973089597330.34,0.0,1.0,0.0,0.4084832213890751,0.21464130219541394,-1.4480809679267403,0.4084832213890751,3.658935581231142,3.6589376096911863,3697775148058389.0,3.6589470568095805
q60,0.6,D15,1.5,0.25,0.3388507513536918,0.0,0.0,1.0,1.0,1.0,0.0,,,,,,,,,,,,,,,,,,,,,
q60,0.6,D15,1.5,0.2973,0.4029613135098103,0.0,0.0,1.0,1.0,1.0,0.0,,,,,,,,,,,,,,,,,,,,,
q60,0.6,D15,1.5,0.3536,0.4792705027146617,0.0,0.0,1.0,1.0,1.0,0.0,,,,,,,,,,,,,,,,,,,,,
q60,0.6,D15,1.5,0.4204,0.5698114234763682,0.0,0.0,1.0,1.0,1.0,0.0,,,,,,,,,,,,,,,,,,,,,
q60,0.6,D15,1.5,0.5,0.6777015027073836,0.0,0.0,1.0,1.0,1.0,0.0,,,,,,,,,,,,,,,,,,,,,
q60,0.6,D15,1.5,0.5946,0.8059226270196206,0.0,0.0,1.0,1.0,1.0,0.0,,,,,,,,,,,,,,,,,,,,,
q60,0.6,D15,1.5,0.7071,0.9584054651287819,0.0,0.0,1.0,1.0,1.0,0.0,,,,,,,,,,,,,,,,,,,,,
q60,0.6,D15,1.5,0.8409,1.1397583872532777,0.00035657098341390636,-0.0013978547264291707,0.9921920572126014,0.991851280695572,1.0038654224030998,0.009315227476202052,1e+26,22174628597584.594,659446546585.943,25273718928323.43,75821156784970.28,1.8388037041719079,0.9947569893214077,1.1337826218578937,661995586040.7632,25141208550094.49,0.5026353223625847,1.5026353223625848,0.3345025335703503,1.4909028317352535,1.4903907689037335,0.32926547678757473,0.9939352211568356,0.008215666464344684,0.00821607894086318,36999836833.26838,0.005467768747990931
q60,0.6,D15,1.5,1.0,1.3554030054147672,0.0019495795967763296,-0.0017892854026515526,0.9826994283396348,0.9808592296550328,1.0094273095956323,0.026155821930639173,1e+26,18646645187708.887,659446546585.943,25273718928323.43,75821156784970.28,1.8388037041719079,0.9888881597598375,1.340341983757562,665663353342.3793,24992881401317.13,0.5056183503313767,1.5056183503313767,0.3358210599785088,1.4795702921683078,1.4767996552605154,0.32412808955869093,0.9863801947788718,0.019514288866608442,0.019514288411034197,104465832814.6525,0.012960982200382887
q60,0.6,D15,1.5,1.1892,1.6118452540392412,0.004889361198009423,-0.0004986587961746114,0.9739099449719878,0.9693593363979071,1.0156654011863773,0.05013828024434185,1e+26,15679990907928.764,659446546585.943,25273718928323.43,75821156784970.28,1.8388037041719079,0.9840852509461572,1.5861931413075792,669777041299.1829,24871494033921.805,0.508086062177307,1.508086062177307,0.33690786946452855,1.4687400138281228,1.461877304463127,0.3191443069671665,0.9791600092187486,0.031609190164662904,0.03160918784472799,201488813987.30734,0.02095980807226283
q60,0.6,D15,1.5,1.4142,1.9168109302575638,0.009299198454395086,0.002548550251969761,0.9655464497610827,0.9570301268041421,1.0228004948592457,0.08435884521150507,1e+26,13185295706200.598,659446546585.943,25273718928323.43,75821156784970.28,1.8388037041719079,0.9801995162213304,1.8788571465262225,674482254181.3231,24773287066656.508,0.5101002313564692,1.510100231356469,0.33779230064633814,1.4580719171696284,1.445211415902046,0.3141627733005281,0.9720479447797522,0.04489918550354233,0.044899006375926476,341391264470.3355,0.029732481110045228
q60,0.6,D15,1.5,1.6818,2.2795167745065554,0.015361674421296323,0.0074936171011041885,0.9573385035417658,0.9435314935542272,1.0310977890616806,0.13330153625297023,1e+26,11087314298792.297,659446546585.943,25273718928323.43,75821156784970.28,1.8388037041719079,0.9771077271128119,2.2273334544536287,679953876189.1263,24695146057742.16,0.511714303475437,1.511714303475437,0.3384993462713185,1.4472223090718577,1.4263500545854673,0.3090211547102762,0.9648148727145718,0.0598480356316029,0.05984803343743206,543833377663.03467,0.0395895213607389
q60,0.6,D15,1.5,2.0,2.7108060108295344,0.023328672889708857,0.014553132265705981,0.9490132641387359,0.9285017632114547,1.0408797541377144,0.20346295114426777,1e+26,9323322593854.443,659446546585.943,25273718928323.43,75821156784970.28,1.8388037041719079,0.9747073360132575,2.642242505264381,686404559277.3412,24634479247773.973,0.5129744914459115,1.5129744914459113,0.339050323945432,1.4358328606857282,1.4047994830014827,0.30354010736150877,0.9572219071238188,0.07700387831386646,0.07700388476136699,837947383856.6898,0.05089570280247813
q60,0.6,D15,1.5,2.3784,3.2236905080784823,0.03354298602544681,0.024039037692586973,0.9402812971656225,0.9115459355207267,1.052550882691166,0.3043449024274238,1e+26,7839995453964.382,659446546585.943,25273718928323.43,75821156784970.28,1.8388037041719079,0.9729116706209208,3.136366117779441,694101044696.6754,24589096105358.734,0.5139212685987162,1.5139212685987162,0.3394636691209188,1.4235118542446257,1.3800087790895421,0.2975119968139349,0.9490079028297504,0.09703741855723735,0.09703742010979499,1267476688337.8958,0.06409675486906963
q60,0.6,D15,1.5,2.8284,3.8336218605151275,0.046462477343509834,0.03638171671204793,0.9308265369680567,0.8922356460303277,1.0666239986064343,0.44989716272220315,1e+26,6592647853100.299,659446546585.943,25273718928323.43,75821156784970.28,1.8388037041719079,0.9716467265560323,3.7249261316231705,703381512386.7028,24557126264602.695,0.5145903200561713,1.5145903200561714,0.33975545283894776,1.4098208625432267,1.3513714726865989,0.29069002554263246,0.9398805750288178,0.1207801486626654,0.12078014417256844,1898696080404.1787,0.07974444929104152
q60,0.6,D15,1.5,3.3636,4.559033549013111,0.06269948984897611,0.05216783151858051,0.9202909015193967,0.8701050605013273,1.0837628065097673,0.6607606725082661,1e+26,5543657149396.148,659446546585.943,25273718928323.43,75821156784970.28,1.8388037041719079,0.9708469650357004,4.4261238845553175,714683640071.1556,24536913316728.137,0.5150142277898698,1.51501422778987,0.3399401922061035,1.3942538095074521,1.3182215463314764,0.2827704732230426,0.9295025396716348,0.1492865004414885,0.1492865127744727,2833409055864.434,0.09853804816017941
q60,0.6,D15,1.5,4.0,5.421612021659069,0.08307006973218667,0.07218794528298367,0.9082617697330728,0.8446612189760978,1.104834318630593,0.9676083892925644,1e+26,4661661296927.222,659446546585.943,25273718928323.43,75821156784970.28,1.8388037041719079,0.9704513402624266,5.261410652801927,728579175970.5779,24526914407407.332,0.515224184104678,1.515224184104678,0.3400316530778683,1.3762201989972662,1.2798511063679205,0.2733720950116745,0.9174801326648442,0.1839066095779851,0.18390662159391002,4229875937597.9683,0.12137257661137824
q60,0.6,D15,1.5,4.7568,6.447381016156965,0.10868710499782819,0.09752737198178418,0.8942469940260928,0.8153786529422609,1.131006571029916,1.4166293342607132,1e+26,3919997726982.191,659446546585.943,25273718928323.43,75821156784970.28,1.8388037041719079,0.9703987581454588,6.256530531369325,745838377431.6871,24525585461762.434,0.5152521020900276,1.5152521020900276,0.34004381276180157,1.3550096374857254,1.235504217870096,0.2619978689926221,0.903339758323817,0.2264240624788747,0.22642406684075822,6339459144522.85,0.1494300008246796
q60,0.6,D15,1.5,5.6569,7.667379261330797,0.1410877046532808,0.12969124345366034,0.8776554433366907,0.7817190488246106,1.163880627052522,2.078085893222209,1e+26,3296265655696.3857,659446546585.943,25273718928323.43,75821156784970.28,1.8388037041719079,0.970624664760127,7.442147425117955,767517060148.0674,24531294962045.605,0.515132180494884,1.5151321804948839,0.3399915777160958,1.3297640055859241,1.1844076869800189,0.24798686398540518,0.8865093370572827,0.2792319715166154,0.27923196120813154,9569798253006.482,0.18429549701082237
q60,0.6,D15,1.5,6.7272,9.118067098026222,0.18242317839015376,0.1707917350419541,0.8577818693810336,0.7431728834486444,1.2056860650865535,3.0598443362006873,1e+26,2771828574698.074,659446546585.943,25273718928323.43,75821156784970.28,1.8388037041719079,0.9710585275429102,8.8541768102468,795085511888.1222,24542260288071.13,0.5149020227083123,1.5149020227083123,0.3398913031931798,1.2994554889678451,1.1258341043583202,0.23044689988242847,0.8663036593118968,0.34558192618595895,0.34558192980365643,14597027402076.57,0.22812170264074894
q60,0.6,D15,1.5,8.0,10.843224043318138,0.23581506454116852,0.22390115105675146,0.8337756502645207,0.6992797757379707,1.2596428915100029,4.5307401584866245,1e+26,2330830648463.611,659446546585.943,25273718928323.43,75821156784970.28,1.8388037041719079,0.9716254974372889,10.535552954912957,830667154737.803,24556589725822.477,0.5146015633788688,1.5146015633788688,0.33976035402397387,1.262837903397876,1.0591302415719552,0.20813273238842991,0.841891935598584,0.43004278787366657,0.43004279230660747,22581222217838.324,0.28393138971694043
q60,0.6,D15,1.5,9.5137,12.894897572614472,0.30592068851570065,0.2936162213453264,0.8046320272852656,0.6496990732646334,1.3305296228564485,6.759709445855082,1e+26,1959978261634.1575,659446546585.943,25273718928323.43,75821156784970.28,1.8388037041719079,0.9722566105428947,12.537149407247947,877413164922.9822,24572540301065.54,0.5142675242092792,1.5142675242092793,0.3396147087535405,1.2184281478567525,0.9838182071534997,0.1792704380976206,0.8122854319045016,0.5391741209898311,0.539174114684654,35586348353084.91,0.35606278086319776
q60,0.6,D15,1.5,11.3137,15.334622982361052,0.3999528906143668,0.3870817645570721,0.7691976267561348,0.5942940187820438,1.425695142728956,10.184947854116484,1e+26,1648147395432.872,659446546585.943,25273718928323.43,75821156784970.28,1.8388037041719079,0.9729161045621765,14.91930165692834,940169738356.9631,24589208167543.777,0.5139189264679772,1.5139189264679773,0.3394626472283869,1.1645028453403634,0.8997129629208517,0.14126444258904508,0.776335230226909,0.6826687942264957,0.6826688274397068,57453478555104.05,0.450928429692965
q60,0.6,D15,1.5,13.4543,18.235998655751903,0.5296801380874334,0.5160102153322053,0.7261836632222513,0.5332003220386258,1.5570199835978897,15.544538099307461,1e+26,1385924588251.2568,659446546585.943,25273718928323.43,75821156784970.28,1.8388037041719079,0.9736613732015688,17.75568749286136,1026771451148.93,24608043877661.87,0.513525558024257,1.513525558024257,0.33929097219515,1.099097534106557,0.8070123149522247,0.09016263892095086,0.7327316894043713,0.8754677344841486,0.8754671601325235,95764127649994.52,0.578429497544164
q60,0.6,D15,1.5,16.0,21.686448086636275,0.7154911475045338,0.700813045158321,0.6742257041520611,0.46691671293042575,1.7448473521969592,24.13479818046052,1e+26,1165415324231.8054,659446546585.943,25273718928323.43,75821156784970.28,1.8388037041719079,0.9747632324494208,21.13915223727613,1150633560725.9114,24635891958590.656,0.5129450756401446,1.5129450756401446,0.3390374732692207,1.0200664589668698,0.7064193415621707,0.019671717259670714,0.6800443059779132,1.1417095861141466,1.1417095248174656,166621852606707.22,0.7546276483161307
q60,0.6,D15,1.5,19.0273,25.7896596049284,0.9956576098697132,0.9800743724267265,0.6119585930392729,0.396349907723263,2.0268240847556873,38.37233613878395,1e+26,979994281254.2445,659446546585.943,25273718928323.43,75821156784970.28,1.8388037041719079,0.9769344993082636,25.194808193471275,1336582143229.3525,24690767946899.434,0.5118050394924472,1.5118050394924472,0.3385390484372731,0.9251620849174803,0.5992037878983955,-0.08089167974192851,0.6167747232783202,1.5230231684529967,1.523023080277821,307726675662557.94,1.0074210265820227
q60,0.6,D15,1.5,22.6274,30.669245964722105,1.4503767833828967,1.4353203268582142,0.5380673440312813,0.3227799222306542,2.4804896964322607,63.175129527403854,1e+26,824073697716.436,659446546585.943,25273718928323.43,75821156784970.28,1.8388037041719079,0.981790140213437,30.110763295944903,1635750364154.2683,24813488050353.656,0.5092738045742669,1.5092738045742669,0.33742969832960285,0.8120909474432629,0.4871632812652455,-0.23138917278703616,0.5413939649621753,2.098086129673869,2.0980860214571657,620032446779663.5,1.390130832135128
q60,0.6,D15,1.5,26.9087,36.472132851804346,2.2762363095253013,2.2684130972202907,0.45123321347406414,0.24774201065490853,3.291882734135322,109.95697052188078,1e+26,692959718890.5033,659446546585.943,25273718928323.43,75821156784970.28,1.8388037041719079,0.9928704517109124,36.21210301943139,2170820700791.4302,25093528728779.12,0.5035903718741966,1.5035903718741968,0.3349252437992675,0.6784699152494569,0.37250250192947515,-0.473904704576804,0.45231327683297123,3.0364571085723,3.036457063815681,1432181206831271.2,2.019473804871552
q60,0.6,D15,1.5,32.0,43.37289617327255,4.0906767654486185,4.121670204549164,0.349716511998989,0.17278158279980796,5.028689887247529,211.4958615899583,1e+26,582707662115.9027,659446546585.943,25273718928323.43,75821156784970.28,1.8388037041719079,1.0184899684383855,44.17485965459773,3316152179997.0376,25741029193628.758,0.4909228519615486,1.4909228519615487,0.32927448346214605,0.5214003394475779,0.25760401019432017,-0.9179120616981128,0.3476002262983853,4.787653891090014,4.787654423461907,4208114774831352.0,3.211209967403761
q60,0.6,D15,2.0,0.25,0.42044820762685725,0.0,0.0,1.0,1.0,1.0,0.0,,,,,,,,,,,,,,,,,,,,,
q60,0.6,D15,2.0,0.2973,0.4999970085098587,0.0,0.0,1.0,1.0,1.0,0.0,,,,,,,,,,,,,,,,,,,,,
q60,0.6,D15,2.0,0.3536,0.594681944867427,0.0,0.0,1.0,1.0,1.0,0.0,,,,,,,,,,,,,,,,,,,,,
q60,0.6,D15,2.0,0.4204,0.7070257059453231,0.0,0.0,1.0,1.0,1.0,0.0,,,,,,,,,,,,,,,,,,,,,
q60,0.6,D15,2.0,0.5,0.8408964152537145,0.0,0.0,1.0,1.0,1.0,0.0,,,,,,,,,,,,,,,,,,,,,
q60,0.6,D15,2.0,0.5946,0.9999940170197174,0.0,0.0,1.0,1.0,1.0,0.0,,,,,,,,,,,,,,,,,,,,,
q60,0.6,D15,2.0,0.7071,1.189195710451803,0.0004705356882830358,-0.0028470431672649177,0.989775375869083,0.9891765338179898,1.003788114543831,0.012926715184013001,1e+26,26370591412401.203,531466072954.5953,31359794189704.66,188158765138227.97,1.8403753315949252,0.9933898821723831,1.18133498668562,533479327315.10736,31152502255060.9,1.006654102227377,2.006654102227377,0.5016580092752385,1.9861368182713395,1.9849351494129268,0.4965100134086617,0.9930684091356697,0.010941895417023506,0.010942490004693717,41376811924.56744,0.005453089954698953
q60,0.6,D15,2.0,0.8409,1.414219591173697,0.001904905618720143,-0.004245689782323203,0.9804806091902765,0.9780866822371883,1.0080555010197636,0.031297501114943053,1e+26,22174628597584.598,531466072954.5953,31359794189704.66,188158765138227.97,1.8403753315949252,0.9877971095940224,1.396962024492618,535747298447.2508,30977114058053.684,1.012353640527449,2.012353640527449,0.5030694506866623,1.9730737233706237,1.96825629575142,0.4931765660070274,0.9865368616853118,0.022404269642736674,0.022403956966571492,100605310022.88338,0.011133220858994264
q60,0.6,D15,2.0,1.0,1.681792830507429,0.004361967449417081,-0.004221614432346699,0.9718306579449093,0.9664262671632636,1.012945549331181,0.05743544700816663,1e+26,18646645187708.887,531466072954.5953,31359794189704.66,188158765138227.97,1.8403753315949252,0.9830522343724567,1.6532901997819065,538346193219.87805,30828315747649.55,1.0172399441606093,2.0172399441606093,0.5042731515927281,1.960415622166357,1.949513669207768,0.48990408529036805,0.9802078110831784,0.03474008724461197,0.034740086247133206,185520925516.37125,0.01722159688455349
q60,0.6,D15,2.0,1.1892,1.9999880340394347,0.007938132785210161,-0.0027553231697194924,0.9635488084159465,0.9538722828866771,1.0186315887401398,0.09468556751353537,1e+26,15679990907928.764,531466072954.5953,31359794189704.66,188158765138227.97,1.8403753315949252,0.9790042718621055,1.9579968289977008,541368130255.2225,30701372476437.297,1.0214460025776597,2.02144600257766,0.5053046192058339,1.9477618870608826,1.9282013132109004,0.48659022099001453,0.9738809435304413,0.04835837872731541,0.048358384539711086,307558491881.74365,0.023922673943133077
q60,0.6,D15,2.0,1.4142,2.378391420903606,0.012772963324012343,0.00022393519690755426,0.9553666505414918,0.940087034867084,1.025321991451117,0.14786766488382067,1e+26,13185295706200.602,531466072954.5953,31359794189704.66,188158765138227.97,1.8403753315949252,0.9755217809980953,2.320172634830476,544923852310.51025,30592162279674.41,1.02509243717435,2.02509243717435,0.50619538069318,1.9347057787401651,1.9037631445949912,0.48312554240098643,0.9673528893700826,0.06373129605110117,0.06373131840570401,483459705483.9067,0.03147082476928631
q60,0.6,D15,2.0,1.6818,2.828439182347394,0.01905829973370743,0.0048435177627816905,0.9470108771674021,0.9247091783004033,1.0332730817046334,0.22395830410340706,1e+26,11087314298792.299,531466072954.5953,31359794189704.66,188158765138227.97,1.8403753315949252,0.9724859144738867,2.7506172647788776,549149587023.2542,30496958130287.812,1.0282925285771347,2.0282925285771345,0.5069744694560854,1.92081508663992,1.8755807174534094,0.47938767924334713,0.96040754331996,0.08142108185622177,0.08142110465115082,737919661252.8862,0.04014269033802975
q60,0.6,D15,2.0,2.0,3.363585661014858,0.02704791848035626,0.011294685806722882,0.9381961072995975,0.9073560079400066,1.0428011511539896,0.3330567728916551,1e+26,9323322593854.443,531466072954.5953,31359794189704.66,188158765138227.97,1.8403753315949252,0.9697866987273643,3.2619606340822993,554213432676.3422,30412311280003.266,1.031154584108324,2.0311545841083243,0.5076691809555206,1.9056213241341626,1.8429803149455735,0.4752367706347117,0.9528106620670813,0.1021032442054639,0.10210323950174804,1107507224282.3342,0.05026858207202167
q60,0.6,D15,2.0,2.3784,3.9999760680788694,0.0370784589752593,0.01984913427559154,0.9286087633788958,0.887612762445111,1.0543077836749273,0.4899142111619141,1e+26,7839995453964.382,531466072954.5953,31359794189704.66,188158765138227.97,1.8403753315949252,0.9673163283692873,3.8692421637390706,560328817475.1765,30334840974001.62,1.0337879871063598,2.0337879871063596,0.5083066640477194,1.88859334768169,1.8052161734631575,0.4705053889830055,0.944296673840845,0.1266174195662706,0.12661762995309478,1647078303627.8354,0.06225704505524732
q60,0.6,D15,2.0,2.8284,4.756782841807212,0.049591920644732834,0.03087746033585259,0.9178964444163759,0.8650382682777816,1.068306380953613,0.7161432879167603,1e+26,6592647853100.301,531466072954.5953,31359794189704.66,188158765138227.97,1.8403753315949252,0.9649642450096104,4.590125363619165,567768596997.7526,30261080123925.125,1.0363078271258026,2.0363078271258024,0.5089151125979441,1.86911971425601,1.7614841964573964,0.4649887899780443,0.934559857128005,0.15601822100993967,0.15601822731546755,2439622018979.1396,0.07661820981752498
q60,0.6,D15,2.0,3.3636,5.656878364694788,0.06517235161330648,0.044880716401479503,0.9056542994452433,0.8391695375287062,1.085463986825134,1.0436306032859775,1e+26,5543657149396.149,531466072954.5953,31359794189704.66,188158765138227.97,1.8403753315949252,0.9626120526187549,5.445379294053476,576887282411.5924,30187315854653.31,1.0388400989573447,2.038840098957345,0.5095250478390158,1.8464843015020849,1.7109325029370166,0.45843027249865254,0.9232421507510424,0.1916543145082792,0.19165432468794208,3612343335427.3096,0.09400166615591843
q60,0.6,D15,2.0,4.0,6.727171322029716,0.08459079430535321,0.0625280315843959,0.8914134706013748,0.8095428945885729,1.1066535570263105,1.5195644705169309,1e+26,4661661296927.222,531466072954.5953,31359794189704.66,188158765138227.97,1.8403753315949252,0.960127064914078,6.458939256594549,588148820074.0076,30109387151670.69,1.0415288106574625,2.0415288106574625,0.5101710077371105,1.8198462824408654,1.6527051427656088,0.45050303992777246,0.9099231412204327,0.2352649954493411,0.2352653727942795,5362380302165.502,0.11523979025440667
q60,0.6,D15,2.0,4.7568,7.999952136157739,0.10889027122237249,0.08473043432529725,0.8746189253933523,0.7757001739328248,1.133050108119448,2.2145996122612948,1e+26,3919997726982.191,531466072954.5953,31359794189704.66,188158765138227.97,1.8403753315949252,0.9573543363635098,7.6587888682511345,602177691423.0226,30022434954980.953,1.0445453287426252,2.0445453287426254,0.5108937004517332,1.7881980383428733,1.5859541671191988,0.44077782294924,0.8940990191714366,0.2891578906447423,0.28915789072533293,8001494891626.965,0.141428981251579
q60,0.6,D15,2.0,5.6569,9.513733862897476,0.13949965829217792,0.11274216469561638,0.8546220554849487,0.7372292825440177,1.1662571518887397,3.235388545944515,1e+26,3296265655696.3857,531466072954.5953,31359794189704.66,188158765138227.97,1.8403753315949252,0.9541139043765293,9.077185761128312,619826108569.5194,29920815674783.51,1.0480928906003684,2.048092890600368,0.5117408958404887,1.7503453559889968,1.5099140523208125,0.42868417562374683,0.8751726779944984,0.35643011431832705,0.3564309559540908,12032269752859.105,0.17403059097631512
q60,0.6,D15,2.0,6.7272,11.313756729389576,0.17840045457996223,0.14830672767792885,0.8306786745445696,0.6938240612917421,1.2084941814819956,4.743970268951026,1e+26,2771828574698.0747,531466072954.5953,31359794189704.66,188158765138227.97,1.8403753315949252,0.9501963230553101,10.750290044208246,642273656820.7142,29797961130828.645,1.05241409142118,2.0524140914211797,0.5127688880231976,1.7048966170783426,1.4240142803622438,0.41345417077917257,0.8524483085391713,0.44128757676438624,0.44128752200414834,18281562794927.535,0.21500907979898898
q60,0.6,D15,2.0,8.0,13.454342644059432,0.2284373262337802,0.19394004870746961,0.8019494272457094,0.6453257618027017,1.262934603760091,6.990607414115227,1e+26,2330830648463.611,531466072954.5953,31359794189704.66,188158765138227.97,1.8403753315949252,0.945369653466453,12.719327243033387,671206894258.8434,29646597765900.38,1.0577872859925534,2.0577872859925534,0.5140411223224854,1.650241335395231,1.3279431479610586,0.3940280257490332,0.8251206676976155,0.5496049579773856,0.5496049386276323,28152863348466.758,0.26708548478282523
q60,0.6,D15,2.0,9.5137,16.000072451598527,0.29379869477728504,0.2533670144667366,0.7675282394437116,0.5918036701407438,1.334230375087834,10.367188951974159,1e+26,1959978261634.158,531466072954.5953,31359794189704.66,188158765138227.97,1.8403753315949252,0.9393932546200845,15.030360134464294,709098177864.6677,29459179128082.676,1.0645169050148509,2.064516905014851,0.5156251820603006,1.5845750254078288,1.221788681455398,0.36891596550145944,0.7922875127039144,0.6897495748246683,0.6897495989471958,44108128772541.54,0.3340974438721389
q60,0.6,D15,2.0,11.3137,19.0272995465119,0.38086463594268327,0.3323054053991561,0.7265070296630198,0.5336369647477727,1.429423866486211,15.498809939365062,1e+26,1648147395432.872,531466072954.5953,31359794189704.66,188158765138227.97,1.8403753315949252,0.9320576189022292,17.73453950946135,759690288909.0002,29229135101720.086,1.0728950439542493,2.072895043954249,0.5175829075781847,1.5059728211863965,1.1061734194964463,0.3359773922000758,0.7529864105931983,0.8739331531740069,0.8739331237127446,70645772403491.58,0.42160044162642407
q60,0.6,D15,2.0,13.4543,22.6273452794961,0.4998329901597667,0.43997912425659513,0.6780512704362015,0.47154897830607106,1.5596868560629387,23.411573242481015,1e+26,1385924588251.257,531466072954.5953,31359794189704.66,188158765138227.97,1.8403753315949252,0.9232488679756411,20.890670914588743,828920648430.6691,28952894485593.914,1.0831315744720564,2.0831315744720564,0.5199535102560973,1.4124700105565426,0.9822985656194154,0.2920203667857138,0.7062350052782713,1.1206704838853963,1.120670336624415,116438018837636.8,0.5379741303954688
q60,0.6,D15,2.0,16.0,26.908685288118864,0.6679151323177841,0.5921151668892879,0.6215187954119137,0.4066299865171065,1.7437150977462805,35.85238267194113,1e+26,1165415324231.8054,531466072954.5953,31359794189704.66,188158765138227.97,1.8403753315949252,0.9130592313773431,24.56922350654463,926725415350.854,28633349579003.406,1.0952191989686226,2.0952191989686226,0.5227229683212846,1.302218112666893,0.8519789546269938,0.23207948785780735,0.6511090563334465,1.459238209570486,1.4592380801545763,199351885337834.44,0.6964612075108789
q60,0.6,D15,2.0,19.0273,31.999976723914003,0.9163436276444896,0.8175607245314818,0.5565700338970779,0.3402845645470942,2.0151265307574975,55.95659423395057,1e+26,979994281254.2446,531466072954.5953,31359794189704.66,188158765138227.97,1.8403753315949252,0.9019586099381313,28.86265452395403,1070971383808.3047,28285236375291.902,1.1086983249359899,2.1086983249359896,0.5257737969558282,1.173638298188335,0.7175574912620302,0.14794873212331996,0.5868191490941675,1.9387168981083875,1.9387171204858995,359567466959603.06,0.919390954774002
q60,0.6,D15,2.0,22.6274,38.0545990930238,1.3076602267260782,1.1747393527084684,0.4832130866195026,0.2740931850442339,2.440581100743688,89.80585746170648,1e+26,824073697716.436,531466072954.5953,31359794189704.66,188158765138227.97,1.8403753315949252,0.8910744052085736,33.90947925226691,1297086053339.4514,27943909955054.363,1.1222407401163432,2.122240740116343,0.5287999230732047,1.0254944985812757,0.5816917238891207,0.024860687811144953,0.5127472492906379,2.648394248980022,2.6483944473984087,698915551330621.1,1.247924611153195
q60,0.6,D15,2.0,26.9087,45.25485873827525,1.9854872437320177,1.799547913740128,0.40173728120275326,0.20962832002887435,3.171426573723908,150.61955884612513,1e+26,692959718890.5034,531466072954.5953,31359794189704.66,188158765138227.97,1.8403753315949252,0.8827408892058572,39.94831424351055,1685505626800.8926,27682572608332.566,1.132835254634724,2.132835254634724,0.5311405333220343,0.856839436450336,0.44710267132743364,-0.1670798021887755,0.428419718225168,3.770347822575973,3.7703476219512435,1523220683648472.2,1.7677653330672172
q60,0.6,D15,2.0,32.0,53.81737057623773,3.3561544147426385,3.0827524837988474,0.3123953347500674,0.1482236652413573,4.629556345686429,272.7389314729896,1e+26,582707662115.9027,531466072954.5953,31359794189704.66,188158765138227.97,1.8403753315949252,0.8818884962061074,47.46092000724511,2460452130563.993,27655841739291.668,1.1339302012692187,2.1339302012692185,0.5313811110573251,0.6666298395587763,0.31629895580135087,-0.5000828655703022,0.33331491977938815,5.746561005435051,5.746563800234147,4026366510182785.0,2.6929526432013517
q60,0.6,D15,3.0,0.25,0.5698767642386944,0.0,0.0,1.0,1.0,1.0,0.0,,,,,,,,,,,,,,,,,,,,,
q60,0.6,D15,3.0,0.2973,0.6776974480326554,0.0,0.0,1.0,1.0,1.0,0.0,,,,,,,,,,,,,,,,,,,,,
q60,0.6,D15,3.0,0.3536,0.8060336953392094,0.0,0.0,1.0,1.0,1.0,0.0,,,,,,,,,,,,,,,,,,,,,
q60,0.6,D15,3.0,0.4204,0.9583047667437885,0.0,0.0,1.0,1.0,1.0,0.0,,,,,,,,,,,,,,,,,,,,,
q60,0.6,D15,3.0,0.5,1.1397535284773888,0.00017853605494710933,-0.003128464945126752,0.9921744276023348,0.9918320878825191,1.0018320365549842,0.00933958113963274,1e+26,37293290375417.77,392109262581.9884,42505159293914.25,510061911526971.0,1.8439487858982553,0.9950485697011957,1.1341101183233167,392827621084.58655,42294697960330.86,2.009952137914818,3.009952137914818,0.6677688035621847,2.9863975395460582,2.985367113374506,0.6651483981091134,0.9954658465153527,0.008235176313884596,0.008235161280093273,22013072646.05041,0.0027359783238978252
q60,0.6,D15,3.0,0.5946,1.3553948960653108,0.0009738640512770846,-0.0062156110643748486,0.9826791055280978,0.9808342163611451,1.0045686016091029,0.026200457675859715,1e+26,31359981815857.527,392109262581.9884,42505159293914.25,510061911526971.0,1.8439487858982553,0.9892648320321739,1.3408445041933155,393900653589.96466,42048859269394.875,2.0217033247725458,3.0217033247725458,0.6690608267854113,2.9693647203587643,2.9637900126291465,0.6632276280701624,0.9897882401195881,0.019540288582059473,0.01954026349250415,61922264417.26409,0.006466640332547513
q60,0.6,D15,3.0,0.7071,1.6118394399727232,0.0024358767049059704,-0.008177976907231543,0.9739041521761279,0.9693512856009033,1.007742803510975,0.0501576052446879,1e+26,26370591412401.2,392109262581.9884,42505159293914.25,510061911526971.0,1.8439487858982553,0.9842015439229748,1.586374865377097,395145287556.994,41833643401762.38,2.032104107486061,3.032104107486061,0.6701960207991977,2.9529787801109673,2.9391740146673926,0.6613588940309209,0.9843262600369891,0.031617758035052734,0.03161774921605942,118917248085.49434,0.010427661656819964
q60,0.6,D15,3.0,0.8409,1.9168374841932723,0.004618906856195482,-0.009069968286090191,0.9655714291292521,0.957068590208703,1.0114633444273387,0.0842397717964206,1e+26,22174628597584.598,392109262581.9884,42505159293914.25,510061911526971.0,1.8439487858982553,0.979699400055813,1.8779245332686427,396604146112.1155,41642279059524.555,2.0414425076570026,3.0414425076570026,0.6712086460676328,2.936729988732828,2.91086909300411,0.6594852084336529,0.9789099962442761,0.04485719229583651,0.04485796089514227,200459056571.99316,0.014748895594607347
q60,0.6,D15,3.0,1.0,2.2795070569547775,0.007602466763694915,-0.008913670345281455,0.9574125135435069,0.9436593176138354,1.015860535318183,0.13277767046034056,1e+26,18646645187708.887,392109262581.9884,42505159293914.25,510061911526971.0,1.8439487858982553,0.9756125916873966,2.2239157876053604,398328325389.7568,41468568618821.31,2.0499940417341755,3.0499940417341755,0.6721305070381657,2.9201024617894364,2.878155296149136,0.6575462631584507,0.9733674872631455,0.05970447314464011,0.05970444627655702,317334642741.7226,0.019575270943761325
q60,0.6,D15,3.0,1.1892,2.7107897921306217,0.011496793157267593,-0.0076960646760317886,0.9491612870383538,0.9287795374829066,1.021093222073917,0.20200762461557337,1e+26,15679990907928.764,392109262581.9884,42505159293914.25,510061911526971.0,1.8439487858982553,0.9718054276264064,2.634360233146796,400380110334.8702,41306744503950.86,2.058025138720325,3.058025138720325,0.6729915698408993,2.902559076463424,2.840231173951765,0.655476435222661,0.9675196921544748,0.07668177392248388,0.07668185754303303,485279010192.40985,0.025075616179037752
q60,0.6,D15,3.0,1.4142,3.2236788799454463,0.016448184866674653,-0.005370277248102684,0.9405397375296947,0.9120619845128634,1.0273574159240635,0.30091502148706445,1e+26,13185295706200.6,392109262581.9884,42505159293914.25,510061911526971.0,1.8439487858982553,0.9681438098709503,3.120984752630902,402836358766.12164,41151106857981.77,2.0658087978340656,3.0658087978340656,0.673821798441416,2.8835150020310807,2.7962076562895337,0.6532010413347518,0.9611716673436935,0.09641670958811499,0.09641668310649876,727317069323.2698,0.03144902737517441
q60,0.6,D15,3.0,1.6818,3.8336749683865445,0.02264787035751703,-0.0018502509595869077,0.9312509261545199,0.8931171137894911,1.0348969310160692,0.44250034876994276,1e+26,11087314298792.299,392109262581.9884,42505159293914.25,510061911526971.0,1.8439487858982553,0.9644919403330559,3.697548608865405,405792672469.0738,40995883561552.98,2.0736305990378368,3.0736305990378368,0.6746518594937733,2.862321342010857,2.7451120894677374,0.6506332167102268,0.954107114003619,0.11967398738672164,0.11967396824452359,1077380394575.1139,0.038935711589971334
q60,0.6,D15,3.0,2.0,4.559014113909555,0.030340923384816643,0.0029922126011940886,0.9209698664982283,0.8715407178593791,1.0440152787766281,0.6455638959475632,1e+26,9323322593854.443,392109262581.9884,42505159293914.25,510061911526971.0,1.8439487858982553,0.9607064503658369,4.379874266541799,409368061085.4327,40834980707490.82,2.0818013652748975,3.0818013652748975,0.6755144535699822,2.83824619195128,2.685915374191699,0.6476697466076736,0.94608206398376,0.14739332254737803,0.1473932240544904,1585639442344.8718,0.047826985376531184
q60,0.6,D15,3.0,2.3784,5.421579584261243,0.039845597525091536,0.00933795989350994,0.9093276398099248,0.8469101794712148,1.0550994163408824,0.937514669474985,1e+26,7839995453964.382,392109262581.9884,42505159293914.25,510061911526971.0,1.8439487858982553,0.9566282989653481,5.186436455397092,413714254092.1098,40661638232588.34,2.0906761823407507,3.0906761823407507,0.6764462075601071,2.8104372783046636,2.6175251202736143,0.6441834842856807,0.9368124261015546,0.18076275883750714,0.1807627668745544,2327179093093.5254,0.058486490587483786
q60,0.6,D15,3.0,2.8284,6.447357759890893,0.051573159952084335,0.017431154397411497,0.8959026766922885,0.8188033041363278,1.068644162729421,1.3583903339793466,1e+26,6592647853100.3,392109262581.9884,42505159293914.25,510061911526971.0,1.8439487858982553,0.9520766499101008,6.138378776808812,419025274610.37964,40468169664445.06,2.1006712014088875,3.1006712014088875,0.6774891837787836,2.7778996288849163,2.5388398247539543,0.6400157912107816,0.9259665429616387,0.22129453428964618,0.22129464425197987,3415199296342.686,0.07136992453737889
q60,0.6,D15,3.0,3.3636,7.667349936773089,0.06606005479653732,0.02759841870907076,0.8802094807755266,0.7868167298128627,1.0852908728402706,1.966990219902498,1e+26,5543657149396.149,392109262581.9884,42505159293914.25,510061911526971.0,1.8439487858982553,0.9468414822468605,7.259764979039604,425552603836.3611,40245648028988.69,2.1122859924282023,3.1122859924282023,0.6786927671708598,2.7394636374201724,2.448798686804738,0.6349650397470772,0.9131545458067242,0.27094399764204447,0.27094404474534595,5022346858800.987,0.08705629718619434
q60,0.6,D15,3.0,4.0,9.11802822781911,0.08400588298863165,0.04027197712737718,0.8616986499264396,0.7506104532915325,1.105872835919259,2.84974748631407,1e+26,4661661296927.222,392109262581.9884,42505159293914.25,510061911526971.0,1.8439487858982553,0.9406795639958452,8.57714281784669,433622982201.75287,39983734712173.2,2.126122514562072,3.126122514562072,0.680114904217026,2.6937755503027843,2.3465002377003024,0.6287738227160022,0.8979251834342614,0.3322489656450416,0.3322490119717323,7414296021224.736,0.10628152768177301
q60,0.6,D15,3.0,4.7568,10.843159168522487,0.10634521623477644,0.05603678921896682,0.839748408712291,0.7099326910833997,1.1314994297426815,4.134873734858838,1e+26,3919997726982.191,392109262581.9884,42505159293914.25,510061911526971.0,1.8439487858982553,0.9333073985367578,10.120000675493715,443671407008.3432,39670379644993.6,2.1429166886875706,3.1429166886875706,0.6818242101041554,2.63925928804069,2.2312593026508947,0.6211058138428032,0.8797530960135633,0.408584239829751,0.4085842848369088,11007151486479.98,0.13000165458620927
q60,0.6,D15,3.0,5.6569,12.894943470487481,0.13433991245895127,0.07569410029623058,0.813681240767749,0.6646818851129084,1.163662818540312,6.013458385676391,1e+26,3296265655696.386,392109262581.9884,42505159293914.25,510061911526971.0,1.8439487858982553,0.9244036014191563,11.920132184215062,456282969671.91986,39291922330189.26,2.163557126918993,3.163557126918993,0.6839001289115629,2.5741270882711014,2.102759114782893,0.6115187923096507,0.8580423627570338,0.5044790935292778,0.5044790636670398,16463031901289.598,0.15946581126513593
q60,0.6,D15,3.0,6.7272,15.334699873546178,0.1697090665862644,0.1003551488812624,0.7828089173716584,0.6149886309547576,1.2043860254387657,8.771000372193111,1e+26,2771828574698.0747,392109262581.9884,42505159293914.25,510061911526971.0,1.8439487858982553,0.913623311496325,14.010139279271536,472250916298.8464,38833704389784.734,2.1890859994852976,3.1890859994852976,0.6864305320830498,2.496444958662199,1.9612516328204481,0.599430383381702,0.8321483195540663,0.6260463196653243,0.6260466009638177,24852677775754.316,0.19630911432599873
q60,0.6,D15,3.0,8.0,18.23605645563822,0.21486914327218187,0.13161841694623444,0.7464739730061606,0.5612459075938387,1.2564945064351558,12.839215472410993,1e+26,2330830648463.611,392109262581.9884,42505159293914.25,510061911526971.0,1.8439487858982553,0.9006154910750771,16.423674940067446,492683134356.6084,38280804910712.96,2.2207035297744797,3.2207035297744797,0.6895088322301984,2.404171359745721,1.807606675658958,0.5840562712194668,0.8013904532485737,0.781750185559799,0.7817503007434317,37953989529763.87,0.2427266154256813
q60,0.6,D15,3.0,9.5137,21.686546287750666,0.2732864178112746,0.17183799041365555,0.704145580156003,0.5041676342930789,1.3240106315100841,18.876722286393978,1e+26,1959978261634.158,392109262581.9884,42505159293914.25,510061911526971.0,1.8439487858982553,0.8850669039395326,19.194044380040847,519156832372.1319,37619909737721.336,2.259716176367882,3.259716176367882,0.693224825139763,2.29531473815247,1.643443393106276,0.5643299006545336,0.76510491271749,0.9834672675927616,0.9834674289774228,58799876086636.35,0.30170345714708446
q60,0.6,D15,3.0,11.3137,25.789658990269267,0.3500747266590569,0.2245801987963949,0.6555324353836226,0.44480077060753104,1.412821990590388,27.901584693040355,1e+26,1648147395432.8723,392109262581.9884,42505159293914.25,510061911526971.0,1.8439487858982553,0.8667618475308903,22.353492473597424,553980588890.014,36841850399187.91,2.3074388953520737,3.3074388953520737,0.6976512547502254,2.1681334739526634,1.4711513693899236,0.5387737830656117,0.7227111579842211,1.2481975438894817,1.248197329192684,92741617915290.58,0.37739106086220886
q60,0.6,D15,3.0,13.4543,30.669171796386664,0.4530993156584737,0.2954639589453485,0.6006765664862231,0.38445687417900254,1.5319169940150363,41.524397068181145,1e+26,1385924588251.257,392109262581.9884,42505159293914.25,510061911526971.0,1.8439487858982553,0.8456489248480998,25.935352155596046,600678842860.0522,35944442257395.805,2.36504764711816,3.36504764711816,0.7028273876429643,2.02130526673348,1.293715699874455,0.5052701754366649,0.6737684222444934,1.6010719723388314,1.6010729595117832,149656960688258.38,0.47579501010375225
q60,0.6,D15,3.0,16.0,36.47211291127644,0.5950177155868266,0.39370723653578477,0.5400380866703197,0.3246170649993271,1.6956729551123475,62.36910002325163,1e+26,1165415324231.8054,392109262581.9884,42505159293914.25,510061911526971.0,1.8439487858982553,0.8219198356226918,29.97715304884859,664889072009.3237,34935833539970.332,2.4333273311074026,3.4333273311074026,0.708737354886155,1.8541275228041572,1.1145166414060579,0.46066277119514754,0.6180425076013857,2.0805527737800014,2.0805533507617984,248811198219098.8,0.6059876017907584
q60,0.6,D15,3.0,19.0273,43.37286462479564,0.7974620436560829,0.5352921630566809,0.4745120368774111,0.2667825139948225,1.9285469839557838,94.89750510787026,1e+26,979994281254.2445,392109262581.9884,42505159293914.25,510061911526971.0,1.8439487858982553,0.7960875082791764,34.528595726083594,756201135733.6202,33837826351301.67,2.5122866257796233,3.5122866257796233,0.7152851955019389,1.6666222808959785,0.9370166558958802,0.39998402069700006,0.5555407602986595,2.7483716043676205,2.748371018566122,430569606845151.1,0.7825024352499099
q60,0.6,D15,3.0,22.6274,51.579317980538534,1.1004812664465482,0.7501262296188853,0.40534335961849605,0.21230120642002628,2.27565878486038,147.17908896753462,1e+26,824073697716.4362,392109262581.9884,42505159293914.25,510061911526971.0,1.8439487858982553,0.7690635526126391,39.66777352744994,892306888019.8274,32689168810943.83,2.6005653150583736,3.6005653150583736,0.7222658353626373,1.4594652413315898,0.7644043601809948,0.3148175292700921,0.4864884137771966,3.7102888243675585,3.71028483331564,787973489149284.9,1.0304744197888738
q60,0.6,D15,3.0,26.9087,61.33857154347902,1.5865131948789828,1.100388497866566,0.3339692550314812,0.16223484442060213,2.8295755433851917,235.12079260642497,1e+26,692959718890.5033,392109262581.9884,42505159293914.25,510061911526971.0,1.8439487858982553,0.7422980816952301,45.53150399065011,1109502779736.7966,31551498206022.73,2.694335401530988,3.694335401530988,0.7293153189107884,1.2337944418857323,0.5993499291049026,0.18949221519299494,0.4112648139619108,5.163903960159439,5.163893018319919,1565203037824484.0,1.3977904906887773
q60,0.6,D15,3.0,32.0,72.94422582255288,2.4530302512505378,1.736868049569892,0.2617722635821061,0.11726566941513067,3.811111352090861,394.32475208606127,1e+26,582707662115.9027,392109262581.9884,42505159293914.25,510061911526971.0,1.8439487858982553,0.7181285973364137,52.3833345737405,1494372061886.1921,30524170423299.465,2.7850165101600637,3.7850165101600637,0.735800359835759,0.9908123395602435,0.4438524948112416,-0.009272856294698846,0.3302707798534145,7.527645004608408,7.527651171936462,3535607356965653.5,1.9888038083166748
q60,0.6,D15,5.38,0.25,0.8831342243362443,0.0,0.0,1.0,1.0,1.0,0.0,,,,,,,,,,,,,,,,,,,,,
q60,0.6,D15,5.38,0.2973,1.0502232195806618,1.3949266890023182e-05,-0.0015070113633078863,0.9969882475598726,0.996939963298647,1.0003612005523235,0.003217089550109031,1e+26,62719963631715.055,253023777847.80118,65869962137281.805,1731062604967765.8,1.851782917450813,0.9981324626398947,1.0482618884816448,253115170176.11075,65746947522081.71,4.388195118326907,5.388195118326907,0.8144090965453918,5.371967208531403,5.371707043510775,0.8138484541730139,0.998506916083904,0.003069429267563928,0.0030689555508658373,4885765013.68581,0.0005695739382360898
q60,0.6,D15,5.38,0.3536,1.2491050469011842,0.00028908182628506474,-0.006201527952945596,0.9870385232672705,0.9860493270762402,1.001770956205105,0.017532163475055346,1e+26,52733725078362.23,253023777847.80118,65869962137281.805,1731062604967765.8,1.851782917450813,0.9920416098024526,1.2391641815402188,253471871877.21982,65345743276295.64,4.415137386094318,5.415137386094318,0.8153324784394339,5.344949208859923,5.339592575583692,0.8129074831352233,0.9934849830594652,0.014148047709869882,0.014148393916350921,26663461764.478207,0.002612746353491957
q60,0.6,D15,5.38,0.4204,1.4850785116438285,0.0009240720746626074,-0.009999891502366465,0.9779740978513768,0.974851327958542,1.0034181276858565,0.03779870119360363,1e+26,44354531845168.62,253023777847.80118,65869962137281.805,1731062604967765.8,1.851782917450813,0.9866276890779636,1.465219580042492,253888645428.04276,64989128523159.305,4.43936456323586,5.43936456323586,0.8161549959789598,5.319557651615338,5.302571767721113,0.8120144445287966,0.9887653627537804,0.025797443487226346,0.02579728535084369,57579966269.900215,0.0047427044940207
q60,0.6,D15,5.38,0.5,1.7662684486724887,0.0019439768112836653,-0.013035137635742045,0.9694697807486097,0.9629911273681535,1.0053638659544402,0.06663740513855806,1e+26,37293290375417.77,253023777847.80118,65869962137281.805,1731062604967765.8,1.851782917450813,0.9816991596642326,1.73394425180323,254380963475.46283,64664486477284.37,4.461651980529429,5.461651980529429,0.8169052141064718,5.294906548089076,5.259522398022543,0.8111392541269876,0.9841833732507576,0.038431166788619686,0.038431107317273394,101707723935.90694,0.007036537283511279
q60,0.6,D15,5.38,0.5946,2.1004464391613236,0.003382014217265805,-0.015393312335504339,0.9612778619677109,0.9501824159642797,1.007668618453058,0.10760408376000226,1e+26,31359981815857.527,253023777847.80118,65869962137281.805,1731062604967765.8,1.851782917450813,0.9771135764613108,2.052374732334346,254964120659.6673,64362434285330.555,4.482590463907475,5.482590463907475,0.817604468803002,5.270292839189538,5.209461052738326,0.8102572227933772,0.9796083344218472,0.05242949479881043,0.05242902641961367,164611083571.54898,0.009562828282128066
q60,0.6,D15,5.38,0.7071,2.4978568401126333,0.005288516414811539,-0.01715320367021589,0.9531283940540802,0.9360879103457678,1.010412196799521,0.16589017481299526,1e+26,26370591412401.2,253023777847.80118,65869962137281.805,1731062604967765.8,1.851782917450813,0.9727186582297302,2.4297119539643144,255658311217.71075,64072941187819.89,4.502843615615689,5.502843615615689,0.8182757734269877,5.24491649808253,5.151145381101239,0.8093391953207288,0.9748915423945222,0.06827573452008884,0.06827564512650786,254467211641.80713,0.012407342534714871
q60,0.6,D15,5.38,0.8409,2.9705102769773912,0.007730233398514308,-0.018376601699749195,0.9447520794565822,0.9203584069453068,1.013690698032821,0.24891674826769442,1e+26,22174628597584.598,253023777847.80118,65869962137281.805,1731062604967765.8,1.851782917450813,0.9683657946207849,2.8765405447944192,256487849985.43903,63786218226709.91,4.523084173698248,5.523084173698248,0.8189417418691264,5.217945258115159,5.083216951529756,0.808353681280048,0.9698783007648994,0.08653323797956669,0.08653338270480448,383064729531.2862,0.015667583756595604
q60,0.6,D15,5.38,1.0,3.5325368973449773,0.010793024353576097,-0.019111434396643645,0.9358705149140608,0.9026321053924178,1.0176205263513431,0.36730403847157,1e+26,18646645187708.887,253023777847.80118,65869962137281.805,1731062604967765.8,1.851782917450813,0.963904068563074,3.4050266877000017,257482189992.88474,63492324500221.57,4.544020658123604,5.544020658123604,0.8196254917386159,5.188485468012328,5.0042110389811665,0.8072655293794062,0.9644025033480162,0.10787107396900275,0.10787112083004513,567445489313.3438,0.019457203027428704
q60,0.6,D15,5.38,1.1892,4.200892878322647,0.014587453257015826,-0.019394883931225793,0.9261812876784012,0.8825264973340092,1.022345977729217,0.5363514850457242,1e+26,15679990907928.764,253023777847.80118,65869962137281.805,1731062604967765.8,1.851782917450813,0.9591714912859975,4.02937668683346,258677841552.5505,63180589814168.78,4.5664409751457145,5.5664409751457145,0.8203519978986532,5.155533470146273,4.912531656411854,0.8060336518440587,0.9582775966814634,0.13311045393068865,0.13311025220674777,832453466790.798,0.023913000671171858
q60,0.6,D15,5.38,1.4142,4.995713680225267,0.01925353975882671,-0.01925475599998383,0.9153512758565264,0.8596493761278843,1.028045388105587,0.7780984357429155,1e+26,13185295706200.6,253023777847.80118,65869962137281.805,1731062604967765.8,1.851782917450813,0.9539902180848917,4.765861983287779,260119927897.48462,62839299544589.03,4.59124204522005,5.59124204522005,0.8211488624687784,5.117950539714827,4.806507735953412,0.8046092879874294,0.9512919218800794,0.16326496333225604,0.16326499318737642,1214393454015.5564,0.029200134559204116
q60,0.6,D15,5.38,1.6818,5.9410205539547825,0.024968666851134858,-0.018711877426898837,0.9030043607439043,0.8336058528620526,1.034941393855252,1.124394970987409,1e+26,11087314298792.299,253023777847.80118,65869962137281.805,1731062604967765.8,1.851782917450813,0.9481581550407532,5.63302708749696,261864781324.32498,62455141772689.38,4.619482495314024,5.619482495314024,0.8220476706113276,5.0744171983926005,4.684433498149622,0.8029330342966744,0.9432002227495541,0.19960770016988216,0.19960755180897216,1766636659198.7317,0.0355206411128961
q60,0.6,D15,5.38,2.0,7.065073794689955,0.03195504658281778,-0.017779797295355726,0.8887207890000912,0.804029173598748,1.0433100337696153,1.6211829338055792,1e+26,9323322593854.443,253023777847.80118,65869962137281.805,1731062604967765.8,1.851782917450813,0.9414461386475451,6.651386443270817,263982246210.9051,62013021507003.95,4.652416978726137,5.652416978726137,0.8230845311370913,5.023420477091005,4.544708152240708,0.8009324513923456,0.9337212782697035,0.2437359648582249,0.24373611014093388,2567781074308.6914,0.043120691017861645
q60,0.6,D15,5.38,2.3784,8.401785756645294,0.04049600173659562,-0.016465393794877325,0.8720226641103398,0.7705907325488308,1.0535008865611328,2.335141632577531,1e+26,7839995453964.382,253023777847.80118,65869962137281.805,1731062604967765.8,1.851782917450813,0.9335868804207693,7.843796954510133,266560774283.70566,61495332465179.11,4.691582638806928,5.691582638806928,0.8243019449139334,4.963189055696575,4.385880835000438,0.7985166414621593,0.92252584678375,0.29770571817333913,0.29770541468289724,3734742969851.899,0.05230628760699574
q60,0.6,D15,5.38,2.8284,9.991427360450533,0.050951415559873814,-0.014763997429881548,0.8523833423289392,0.7330499316236468,1.0659549345073067,3.3629894950294292,1e+26,6592647853100.3,253023777847.80118,65869962137281.805,1731062604967765.8,1.851782917450813,0.9242754742023901,9.234831261539151,269711944544.54422,60881990490129.62,4.738846937142578,5.738846937142578,0.8257489682242843,4.891697533395787,4.206861354870942,0.7955719884205911,0.9092374597389938,0.3641635540229573,0.3641635939202392,5442230617123.573,0.0634558931587037
q60,0.6,D15,5.38,3.3636,11.882041107909565,0.06378238667726266,-0.012653716051925334,0.8292339588301649,0.6912948438839731,1.0812335516839267,4.845308334622768,1e+26,5543657149396.149,253023777847.80118,65869962137281.805,1731062604967765.8,1.851782917450813,0.9131665239303473,10.85028217570727,273577797982.8629,60150244356325.21,4.796496460632507,5.796496460632507,0.8274819959277813,4.806651707395333,4.007088115826951,0.7919549697221794,0.8934296853894671,0.44656076759027585,0.44656041279166603,7953412708404.657,0.07703974991812856
q60,0.6,D15,5.38,4.0,14.13014758937991,0.07957788198593296,-0.010079257827183219,0.8020047818782806,0.6454157695050523,1.1000475486099321,6.9857890150532596,1e+26,4661661296927.222,253023777847.80118,65869962137281.805,1731062604967765.8,1.851782917450813,0.8998890488176842,12.71556507386058,278338186561.49774,59275657573375.39,4.867266698883208,5.867266698883208,0.8295628865498235,4.705575949059527,3.786826451351074,0.7874861630487839,0.8746423697136667,0.5493888548258845,0.5493886566876016,11666471076906.934,0.0936362514529776
q60,0.6,D15,5.38,4.7568,16.80357151329059,0.09910591755389775,-0.006926029115621346,0.7701588456899413,0.5957325229781448,1.1233141245560712,10.080906990802562,1e+26,3919997726982.191,253023777847.80118,65869962137281.805,1731062604967765.8,1.851782917450813,0.8840572277828673,14.855318848890839,284225183504.9726,58232816121247.79,4.954430394720745,5.954430394720745,0.8320578235515844,4.585857239539231,3.54724784194474,0.7819382619724822,0.8523898214756935,0.678605685318084,0.6786059277763437,17191485836144.516,0.11396656285356244
q60,0.6,D15,5.38,5.6569,19.983207974590805,0.12337344850812992,-0.002977951683569291,0.733268909741593,0.5428445800996127,1.1522208001500702,14.562053590023176,1e+26,3296265655696.3857,253023777847.80118,65869962137281.805,1731062604967765.8,1.851782917450813,0.8653046778764749,17.291563339391903,291539259768.7871,56997586368936.234,5.061800903178821,6.061800903178821,0.8350325231771307,4.444930139344538,3.29061576593356,0.7750245856175677,0.8261951931867171,0.8421478940003395,0.8421476273230837,25472461946092.594,0.13892702424556092
q60,0.6,D15,5.38,6.7272,23.76408221581913,0.153703744125663,0.0021442352028075984,0.6911240277253545,0.48766335539698824,1.188306371733621,21.05511758461661,1e+26,2771828574698.0747,253023777847.80118,65869962137281.805,1731062604967765.8,1.851782917450813,0.8433382661583971,20.041159892734505,300669767416.65436,55550659660774.51,5.193645510658401,6.193645510658401,0.8385441985210262,4.2805772316292945,3.0204139518671687,0.7663866469664478,0.7956463255816533,1.0505949215436496,1.0505916526996555,37983823842581.914,0.16962446883184157
q60,0.6,D15,5.38,8.0,28.26029517875982,0.19188215916780726,0.009076237082684013,0.6437999534709027,0.43134341510196084,1.233618671059388,30.47517465560645,1e+26,2330830648463.611,253023777847.80118,65869962137281.805,1731062604967765.8,1.851782917450813,0.8179806781102992,23.116375413919176,312134856575.0303,53880356296153.5,5.3546497089866305,6.3546497089866305,0.8426349136781185,4.091123186969478,2.7410363072509747,0.7555683477864777,0.7604318191393081,1.318338393466886,1.318333849650382,57074185621360.3,0.2074602349502186
q60,0.6,D15,5.38,9.5137,33.60749628027091,0.2403491621124132,0.018832214830443617,0.5917414367088303,0.3752151972397979,1.29092380761058,44.16607972391014,1e+26,1959978261634.158,253023777847.80118,65869962137281.805,1731062604967765.8,1.851782917450813,0.7892272253590543,26.523951040542947,326634418715.297,51986367452112.88,5.5497325222243115,6.5497325222243115,0.8473220094703353,3.875748132759565,2.457559180194314,0.7419852978712547,0.7203992811820753,1.66513725285201,1.6651437389634691,86556970665317.11,0.2542301609480546
q60,0.6,D15,5.38,11.3137,39.96606269549187,0.3025101320381576,0.03296904201627493,0.5357869263414756,0.32066219740658625,1.3640491936869892,64.11898195206815,1e+26,1648147395432.8723,253023777847.80118,65869962137281.805,1731062604967765.8,1.851782917450813,0.7572813699073322,30.26555470784441,345136880156.9291,49882095163064.87,5.7838475552831525,6.7838475552831525,0.8525910271640441,3.6346968304142937,2.1753234639483936,0.7248738899948316,0.6755942063967089,2.118546582938936,2.118543225112907,132778952338651.47,0.3122927373162554
q60,0.6,D15,5.38,13.4543,47.52781117794853,0.38328293226688803,0.053862268934082635,0.4771253336958088,0.2689668019543188,1.4584931293748347,93.33960505047219,1e+26,1385924588251.257,253023777847.80118,65869962137281.805,1731062604967765.8,1.851782917450813,0.7225692378721097,34.3421343005798,369033441559.4825,47595608340200.44,6.061702838192557,7.061702838192557,0.8583910958994772,3.3693173231332634,1.8993636287403886,0.703203971577821,0.6262671604336921,2.71793095926329,2.717934130796235,206672614113471.62,0.3848834158901582
q60,0.6,D15,5.38,16.0,56.52059035751964,0.4900144961435504,0.08510810059564244,0.4171816735817092,0.22118806510678957,1.582458878688735,136.4640901526788,1e+26,1165415324231.8054,253023777847.80118,65869962137281.805,1731062604967765.8,1.851782917450813,0.6857101408504154,38.756741975003415,400399723774.619,45167701014967.03,6.387538610072091,7.387538610072091,0.8646369172762616,3.081945720999369,1.6340353710635473,0.6755296521978542,0.5728523644980239,3.5210395936923637,3.521040119466705,327841104013723.75,0.47661892753581014
q60,0.6,D15,5.38,19.0273,67.21463930685209,0.6341805721086715,0.13229858078612455,0.35748048026519025,0.1780830399759318,1.7487655016343673,200.8625191636916,1e+26,979994281254.2445,253023777847.80118,65869962137281.805,1731062604967765.8,1.851782917450813,0.6474845139201894,43.52043805991798,442479253793.43274,42649780416399.19,6.764640552530481,7.764640552530481,0.8712110376218122,2.7757074338051684,1.3827507939150268,0.6397314832892466,0.5159307497779123,4.615357869762059,4.615357601170919,533264985567716.06,0.5944073489025925
q60,0.6,D15,5.38,22.6274,79.93212539098374,0.8347604457565345,0.20454448944414305,0.29947241851785034,0.14006836660188562,1.9786453672890438,298.74489059043657,1e+26,824073697716.4362,253023777847.80118,65869962137281.805,1731062604967765.8,1.851782917450813,0.6087722991485321,48.66046375009793,500644325852.524,40099808295139.805,7.19480831523732,8.19480831523732,0.877971520317246,2.454119065454311,1.1478334153308418,0.5925218078957069,0.45615596012161913,6.139370753442753,6.139373198839017,897389606109210.9,0.7491784066964158
q60,0.6,D15,5.38,26.9087,95.0559756095868,1.1254001359841048,0.31777763668083603,0.2444047050530377,0.10724609246132154,2.309788834455171,451.43985823931763,1e+26,692959718890.5033,253023777847.80118,65869962137281.805,1731062604967765.8,1.851782917450813,0.5705186625822751,54.231208075234825,584431496924.5167,37580042702907.12,7.677224755760475,8.677224755760475,0.884755779855058,2.120754557110556,0.9305984484639561,0.5284697153439292,0.3941922968606982,8.324349046662483,8.324296671440274,1583014032733176.2,0.9593331929309556
q60,0.6,D15,5.38,32.0,113.04118071503927,1.5714533089747245,0.5027245620481979,0.19322926419598527,0.0794574335712574,2.815455305989913,699.0006624448757,1e+26,582707662115.9027,253023777847.80118,65869962137281.805,1731062604967765.8,1.851782917450813,0.533741224323872,60.33473819386114,712377137883.2048,35157514237319.887,8.206223915996853,9.206223915996853,0.8913778320922233,1.778911873311554,0.7315029252474411,0.4378586061498154,0.33065276455605097,11.585354888201874,11.585370757547604,2987712547745668.5,1.2584272838687127
q60,0.6,D15,8.0,0.25,1.1892071150027208,0.0001177529811307032,-0.005359107492184378,0.9897537222865953,0.9891522420474087,1.0009001616201756,0.012960516657078765,1e+26,74586580750835.55,187901632078.38937,88698892512618.61,3725353485529981.5,1.858841010166989,0.9937463601741977,1.1817702420272123,188070773915.95468,88144201585897.14,7.044050957603449,8.04405095760345,0.8756845269540748,7.961629377551065,7.956791039857057,0.8743975695704147,0.9952036721938832,0.010966722301652965,0.010967050220593855,14624966388.28455,0.0013633724762485144
q60,0.6,D15,8.0,0.2973,1.4142051011612355,0.0004753615342367734,-0.00990946297727957,0.980462756275233,0.9780638068564559,1.0019589078930249,0.03134307355969743,1e+26,62719963631715.06,187901632078.38937,88698892512618.61,3725353485529981.5,1.858841010166989,0.9881548327213718,1.3974536051716913,188269714068.58,87648239293377.58,7.083910100122717,8.083910100122717,0.8762974862888666,7.925972778247514,7.906579886811378,0.8738325215114975,0.9907465972809393,0.022428182077453673,0.022428732547307817,35405708982.68823,0.0027744875410462555
q60,0.6,D15,8.0,0.3536,1.6820145434598484,0.0010858021873485502,-0.013795876366643922,0.9718238490782126,0.9664167438509507,1.0032117562664904,0.05745871998216826,1e+26,52733725078362.234,187901632078.38937,88698892512618.61,3725353485529981.5,1.858841010166989,0.9830468168590555,1.6534990428588414,188505126322.70093,87195163943453.23,7.120718850772319,8.12071885077232,0.8768581921901044,7.891908250839555,7.84799866949242,0.8732879338918292,0.9864885313549444,0.03475028383223955,0.034749741146594904,64987579611.47597,0.004279150829233913
q60,0.6,D15,8.0,0.4204,1.9997706845885752,0.0019672507192338706,-0.017127913984125387,0.9635915661872266,0.9539397034348255,1.0046951313911423,0.09446352768494452,1e+26,44354531845168.62,187901632078.38937,88698892512618.61,3725353485529981.5,1.858841010166989,0.9782789378654093,1.956333541293694,188783854929.60748,86772258357082.64,7.155423396187901,8.155423396187901,0.877382209185187,7.85849720325265,7.7797821759449235,0.8727492071148034,0.9823121504065813,0.0482842850542089,0.04828613611948951,106999133439.68117,0.005920723999963684
q60,0.6,D15,8.0,0.5,2.3784142300054416,0.0031531787931204924,-0.02003247127520069,0.9554577294245759,0.9402479768097979,1.0064654145171663,0.1471664903913704,1e+26,37293290375417.77,187901632078.38937,88698892512618.61,3725353485529981.5,1.858841010166989,0.9736723334849228,2.3157961333231443,189116494018.22824,86363657650289.7,7.1892768842942525,8.189276884294252,0.8778890964209743,7.82450789749695,7.6999510219929155,0.8721964354691368,0.9780634871871188,0.06354921750848841,0.06354896029629331,166989664198.69943,0.007760025052760966
q60,0.6,D15,8.0,0.5946,2.828410202322471,0.004681023517972616,-0.022595357303992203,0.9471867271817522,0.9250444793771815,1.0085776493496819,0.22210077812701812,1e+26,31359981815857.53,187901632078.38937,88698892512618.61,3725353485529981.5,1.858841010166989,0.9690921103855771,2.7409900120047803,189513386390.59073,85957396933917.03,7.223255586318702,8.223255586318702,0.8783936617920848,7.788958545584272,7.606877182631683,0.8716131310562795,0.973619818198034,0.08102909891779997,0.08102943233617066,252546423497.01868,0.00985369029038452
q60,0.6,D15,8.0,0.7071,3.3635534040736954,0.006603724853212922,-0.024913208081950855,0.9384948443574174,0.9079603736740369,1.0111061438439508,0.32881170986525216,1e+26,26370591412401.2,187901632078.38937,88698892512618.61,3725353485529981.5,1.858841010166989,0.9643762901202778,3.243731153442022,189988494632.76508,85539108899096.42,7.258577457484935,8.258577457484936,0.8789137711490884,7.750632365576001,7.498461074314,0.8709782695356002,0.9688290456970001,0.10136965113744689,0.1013681845706833,374822650649.5486,0.012274314485694049
q60,0.6,D15,8.0,0.8409,4.000017052023152,0.008988103496326172,-0.027073414574468213,0.929094023529356,0.8886270060975128,1.014139748935011,0.4809537230148242,1e+26,22174628597584.594,187901632078.38937,88698892512618.61,3725353485529981.5,1.858841010166989,0.9593614553095282,3.83746218029186,190558513980.4566,85094298605249.2,7.296519952160805,8.296519952160805,0.8794675350910772,7.708247103644663,7.372511686116936,0.8702688190253821,0.9635308879555828,0.125331543086443,0.12533113499148252,549898960506.4382,0.015106480315552062
q60,0.6,D15,8.0,1.0,4.756828460010883,0.011917605775124462,-0.02916843104987421,0.9186645147001272,0.8666640222124331,1.0177870396072672,0.6980736228572831,1e+26,18646645187708.887,187901632078.38937,88698892512618.61,3725353485529981.5,1.858841010166989,0.9538651320660754,4.537372807223948,191243845850.43784,84606780820663.58,7.338563665534113,8.338563665534114,0.8800752695415264,7.660342543094011,7.226733125846245,0.8694575347806704,0.9575428178867513,0.15384967457998866,0.15384974556392939,801013705931.8496,0.018450391380042674
q60,0.6,D15,8.0,1.1892,5.656820404644942,0.015497577771651727,-0.03129574057498019,0.9068501793117131,0.8416870357538545,1.0221823375354564,1.0083228809298674,1e+26,15679990907928.766,187901632078.38937,88698892512618.61,3725353485529981.5,1.858841010166989,0.9476824474981875,5.360869406131606,192069729504.61536,84058383546737.06,7.3864404880342445,8.386440488034244,0.8807599002906182,7.605245060360865,7.058758234899652,0.8685117978364592,0.9506556325451081,0.18809005903762444,0.1880892737328339,1162009817961.0847,0.022427806065650202
q60,0.6,D15,8.0,1.4142,6.727106808147391,0.019859503352436914,-0.033559639783943385,0.8932564984405356,0.8133327028670523,1.027490809514777,1.4522105000896104,1e+26,13185295706200.6,187901632078.38937,88698892512618.61,3725353485529981.5,1.858841010166989,0.9405829728758829,6.327402120460865,193067200053.3721,83428668010317.2,7.442192982291742,8.442192982291742,0.8815473654656332,7.541043742521183,6.866311636412603,0.8673923618342954,0.9426304678151479,0.22950914979187842,0.22951195420342763,1682245290842.4502,0.02718622626218803
q60,0.6,D15,8.0,1.6818,8.000034104046303,0.025168013915037646,-0.036085105637394865,0.8774269068206816,0.7812657709619063,1.0339184595653852,2.088142883710107,1e+26,11087314298792.297,187901632078.38937,88698892512618.61,3725353485529981.5,1.858841010166989,0.9322929535156897,7.458375423087574,194274965988.3101,82693352474159.9,7.50836952441065,8.50836952441065,0.8824686683939874,7.46547235389099,6.647297876117475,0.8660500029206053,0.9331840442363738,0.27997416137761255,0.2799724122109597,2434043326269.0767,0.032905590856557865
q60,0.6,D15,8.0,2.0,9.513656920021766,0.03162712257010125,-0.039001362767152936,0.8588799904904516,0.7452515569695767,1.0417169061897091,3.00004238311074,1e+26,9323322593854.443,187901632078.38937,88698892512618.61,3725353485529981.5,1.858841010166989,0.922514198937113,8.776483592536401,195740306836.69678,81825987772887.44,7.587959088396844,8.587959088396843,0.8835578989481803,7.376026220174668,6.400189881818774,0.8644256446289694,0.9220032775218335,0.3418287967975664,0.34182673079838555,3523375299559.148,0.039803103959457076
q60,0.6,D15,8.0,2.3784,11.313640809289884,0.03949404268955292,-0.04245683943882972,0.837086060470094,0.7051603212174056,1.051201311565036,4.3089933479467115,1e+26,7839995453964.383,187901632078.38937,88698892512618.61,3725353485529981.5,1.858841010166989,0.9109036965865018,10.305637235034057,197522442086.01376,80796149072873.08,7.684676246491948,8.684676246491948,0.8848546599069901,7.269821425634149,6.124089091645434,0.8624450393686569,0.9087276782042686,0.4181172279710468,0.41812150702756745,5106737334112.9375,0.04814457976465292
q60,0.6,D15,8.0,2.8284,13.454213616294782,0.04909125256564706,-0.046613828372129684,0.8114958676977388,0.6610300973853389,1.0627634069853296,6.189150276647881,1e+26,6592647853100.3,187901632078.38937,88698892512618.61,3725353485529981.5,1.858841010166989,0.8970822342597188,12.069536011113254,199694978685.73297,79570200671582.55,7.803075050055439,8.803075050055439,0.8864033313002707,7.143659026153054,5.819097557628594,0.8600157151483597,0.8929573782691318,0.5127904220328761,0.5127914456355991,7415653395467.982,0.05825136501513839
q60,0.6,D15,8.0,3.3636,16.000068208092607,0.06082554636442894,-0.05162014798544401,0.7816058731318088,0.6131315746980927,1.0768892169858393,8.890828652741073,1e+26,5543657149396.148,187901632078.38937,88698892512618.61,3725353485529981.5,1.858841010166989,0.8806661233632048,14.090718042367776,202349241439.258,78114109815697.42,7.948528749201196,8.948528749201195,0.8882497863026628,6.994222626264493,5.486625523228882,0.8570248541639452,0.8742778282830617,0.6309712976246613,0.6309698963130927,10794314601891.455,0.07051110702960273
q60,0.6,D15,8.0,4.0,19.027313840043533,0.07520661782031834,-0.057595079835110696,0.747014921181307,0.5620118743368472,1.094178288913951,12.771558357562,1e+26,4661661296927.222,187901632078.38937,88698892512618.61,3725353485529981.5,1.858841010166989,0.8612900929521207,16.388036905920266,205597886271.67087,76395477376943.44,8.127342990800118,9.127342990800118,0.8904390904332239,6.818261404867305,5.129675141974859,0.8533350453113844,0.8522826756084131,0.7793218358241314,0.7793221191143809,15754832416260.238,0.0853832416751743
q60,0.6,D15,8.0,4.7568,22.62728161857977,0.09288456072276974,-0.06459514821422074,0.707491001976156,0.5084835993391011,1.1153816619994827,18.342983286744253,1e+26,3919997726982.1914,187901632078.38937,88698892512618.61,3725353485529981.5,1.858841010166989,0.8386410532417495,18.976167288603417,209582034680.00925,74386532638159.2,8.346836793812615,9.346836793812615,0.8930119331213768,6.612802928562089,4.7527132153529825,0.8487781942388167,0.8266003660702611,0.9666317680643874,0.9666336827973077,23066158556023.582,0.10341817207404347
q60,0.6,D15,8.0,5.6569,26.908902915435565,0.11468993462835231,-0.07256322194097742,0.6630680615186438,0.453614264205204,1.1414403855668283,26.33539208111062,1e+26,3296265655696.386,187901632078.38937,88698892512618.61,3725353485529981.5,1.858841010166989,0.8125144245693274,21.863871768127026,214478511368.19305,72069129609826.94,8.615231666453607,9.615231666453607,0.8959983456780474,6.375553022128072,4.36160623754093,0.8431508613403056,0.796944127766009,1.2045162132459408,1.2045163641595988,33890254139125.83,0.1252717099831102
q60,0.6,D15,8.0,6.7272,32.000136416185214,0.14168191473842295,-0.0812688923186502,0.6141369982691647,0.3986754757607862,1.1735320300322907,37.78635655345662,1e+26,2771828574698.074,187901632078.38937,88698892512618.61,3725353485529981.5,1.858841010166989,0.7828768914437472,25.052167323278933,220508583739.33286,69440313244781.914,8.941380281503656,9.941380281503656,0.8994103462815379,6.105369444734919,3.963384513447369,0.8362097479846418,0.7631711805918648,1.5083057795108052,1.5083087943989018,49993295809633.07,0.15172007963570877
q60,0.6,D15,8.0,8.0,38.054627680087066,0.1752455453529278,-0.09026107660269278,0.5614405541286398,0.34498861104264955,1.2131750627751594,54.18083232118684,1e+26,2330830648463.611,187901632078.38937,88698892512618.61,3725353485529981.5,1.858841010166989,0.7498826437433218,28.536504811411483,227957574292.25494,66513760014467.18,9.334793995306867,10.334793995306867,0.903239483974803,5.802372467530427,3.565386225852831,0.8276567032544165,0.7252965584413034,1.8986464132184762,1.8986591600499807,74105586654438.95,0.18371435610120557
q60,0.6,D15,8.0,9.5137,45.25503892000554,0.2172102420869404,-0.09881466422217133,0.5060551260639239,0.2938091163672346,1.2623566572739564,77.65246924641326,1e+26,1959978261634.1577,187901632078.38937,88698892512618.61,3725353485529981.5,1.858841010166989,0.713891221300268,32.307175004593915,237198876166.79642,63321360703814.5,9.8054154346517,10.8054154346517,0.9074538127619677,5.468135869955734,3.174729560835894,0.8171223203332555,0.6835169837444668,2.403570360118068,2.4035534373290055,110514470620955.69,0.22244099687540597
q60,0.6,D15,8.0,11.3137,53.817330148025135,0.2700353729816243,-0.10585573112294933,0.4493265863647563,0.24621451456798696,1.3237341021394204,111.29194462149404,1e+26,1648147395432.872,187901632078.38937,88698892512618.61,3725353485529981.5,1.858841010166989,0.6754712048529488,36.352056837055464,248731798229.81848,59913547794620.69,10.363136059254979,11.363136059254979,0.9119961254722876,5.105759135903309,2.7977690287994528,0.8041427389380599,0.6382198919879136,3.06149898089729,3.0615220205505445,166091073085185.53,0.2694241601233216
q60,0.6,D15,8.0,13.4543,63.999797149524426,0.33713421017054124,-0.10993239155297829,0.3926770536072396,0.20298241414448356,1.4010008675596155,159.6514255501989,1e+26,1385924588251.257,187901632078.38937,88698892512618.61,3725353485529981.5,1.858841010166989,0.6353083920621823,40.65960821937019,263250349557.6912,56351150779888.06,11.018270949134353,12.018270949134353,0.9167933553643149,4.719299225759561,2.439497651097805,0.7881041332277353,0.5899124032199451,3.926535159288216,3.9265358370756323,252169761500841.44,0.32671389529426165
q60,0.6,D15,8.0,16.0,76.10925536017413,0.42337827701925423,-0.10905532018697006,0.33750806089614654,0.16458134959155118,1.4994402194772862,229.5527652477247,1e+26,1165415324231.8054,187901632078.38937,88698892512618.61,3725353485529981.5,1.858841010166989,0.5941848619504275,45.2229673893349,281747264443.76044,52703539202766.09,11.780845403940981,12.780845403940981,0.9217579144106032,4.313638348897547,2.1034887855015807,0.7681771351426404,0.5392047936121934,5.0760226020855,5.075997052783797,388055181924282.9,0.39715849287702554
q60,0.6,D15,8.0,19.0273,90.50960215716508,0.5359778035621368,-0.10048905049268664,0.2850511970765761,0.13117348439237897,1.626901639855683,331.45687710651265,1e+26,979994281254.2445,187901632078.38937,88698892512618.61,3725353485529981.5,1.858841010166989,0.5528981761842136,50.04259395985533,305697473359.89087,49041455899786.42,12.660559035137338,13.660559035137338,0.9267965536821864,3.893958705701136,1.791903127386759,0.7431919351029834,0.486744838212642,6.623491932323016,6.623497362755893,607953179155324.6,0.48486259425928324
q60,0.6,D15,8.0,22.6274,107.63466029605027,0.6861031998254048,-0.08029526542308663,0.23627216348336727,0.10265748145007775,1.7955886948609034,481.9051332339835,1e+26,824073697716.436,187901632078.38937,88698892512618.61,3725353485529981.5,1.858841010166989,0.5122023418888584,55.13072507204867,337394046305.86884,45431780467911.375,13.666474023109629,14.666474023109629,0.9318172862526929,3.4652795481127177,1.5056232849654239,0.7114229931190901,0.4331599435140897,8.741131244158753,8.741118495369667,975551537024295.1,0.5959941815802949
q60,0.6,D15,8.0,26.9087,128.00006998189485,0.8919813752132619,-0.04238562931634082,0.19184251465974161,0.0787402700562766,2.025462375860348,708.0470734184065,1e+26,692959718890.5033,187901632078.38937,88698892512618.61,3725353485529981.5,1.858841010166989,0.4727880320546053,60.51690118959182,380587686137.5315,41935774836463.914,14.80578932926865,15.80578932926865,0.9367320429769216,3.032222371109009,1.2445521202392285,0.6702088839103648,0.3790277963886261,11.699981842649107,11.699937402384053,1616843984092573.2,0.7402340987070488
q60,0.6,D15,8.0,32.0,152.21851072034826,1.1853664089880107,0.02347413057072112,0.15213496217728548,0.059002498857402386,2.3513510201904806,1056.6850077999873,1e+26,582707662115.9027,187901632078.38937,88698892512618.61,3725353485529981.5,1.858841010166989,0.4352706685570963,66.25625292801152,441822694282.9772,38608026244241.52,16.08194740804544,17.08194740804544,0.9414586653317403,2.5987614228373728,1.0078775824254087,0.615201306586973,0.3248451778546716,15.948434716583893,15.948603221965246,2801204502927715.0,0.9336433760367413
q74,0.74,D15,1.0,0.25,0.25,0.0,0.0,1.0,1.0,1.0,0.0,,,,,,,,,,,,,,,,,,,,,
q74,0.74,D15,1.0,0.2973,0.2973,0.0,0.0,1.0,1.0,1.0,0.0,,,,,,,,,,,,,,,,,,,,,
q74,0.74,D15,1.0,0.3536,0.3536,0.0,0.0,1.0,1.0,1.0,0.0,,,,,,,,,,,,,,,,,,,,,
q74,0.74,D15,1.0,0.4204,0.4204,0.0,0.0,1.0,1.0,1.0,0.0,,,,,,,,,,,,,,,,,,,,,
q74,0.74,D15,1.0,0.5,0.5,0.0,0.0,1.0,1.0,1.0,0.0,,,,,,,,,,,,,,,,,,,,,
q74,0.74,D15,1.0,0.5946,0.5946,0.0,0.0,1.0,1.0,1.0,0.0,,,,,,,,,,,,,,,,,,,,,
q74,0.74,D15,1.0,0.7071,0.7071,0.0,0.0,1.0,1.0,1.0,0.0,,,,,,,,,,,,,,,,,,,,,
q74,0.74,D15,1.0,0.8409,0.8409,0.0,0.0,1.0,1.0,1.0,0.0,,,,,,,,,,,,,,,,,,,,,
q74,0.74,D15,1.0,1.0,1.0,0.0,0.0,1.0,1.0,1.0,0.0,,,,,,,,,,,,,,,,,,,,,
q74,0.74,D15,1.0,1.1892,1.1892,0.0009013821618442108,0.0009013821618442108,0.9899410244135738,0.9896524001706841,1.0149515895121446,0.012262068957710679,1e+26,15679990907928.764,893815831152.9764,18646645187708.887,0.0,1.837981334979805,0.986156770928302,1.1727376319879368,907179798559.8322,18388515406956.758,0.0,1.0,0.0,0.9899410244135738,0.9896524001706841,-0.010161186715526814,0.9899410244135738,0.01045579218272108,0.010455947562977075,66743407481.89648,0.010455936852338255
q74,0.74,D15,1.0,1.4142,1.4142,0.003658189179803095,0.003658189179803095,0.9802084930266185,0.9790531427197956,1.0307495040003176,0.029461570553054095,1e+26,13185295706200.6,893815831152.9764,18646645187708.887,0.0,1.837981334979805,0.9737168781402529,1.3770304090659455,921300224628.562,18156553139964.867,0.0,1.0,0.0,0.9802084930266185,0.9790531427197956,-0.02019111965891122,0.9802084930266185,0.021395015618880908,0.021395000781770035,162857709410.6338,0.021395006463365007
q74,0.74,D15,1.0,1.6818,1.6818,0.008396775616601238,0.008396775616601238,0.9705488206990153,0.9679398853735631,1.0478619779088625,0.05360685779580011,1e+26,11087314298792.299,893815831152.9764,18646645187708.887,0.0,1.837981334979805,0.9623374040434036,1.6184590461201962,936595624718.2118,17944364124058.195,0.0,1.0,0.0,0.9705488206990153,0.9679398853735631,-0.03034487155398654,0.9705488206990153,0.03312201006580451,0.03312217260731476,301247690798.62646,0.03312216330542128
q74,0.74,D15,1.0,2.0,2.0,0.01531206462594259,0.015312064625942812,0.9607096945576218,0.95604352343431,1.0668325471873243,0.08751400464919702,1e+26,9323322593854.443,893815831152.9764,18646645187708.887,0.0,1.837981334979805,0.9517070577784545,1.903414115556909,953551819865.2853,17746143829033.203,0.0,1.0,0.0,0.9607096945576218,0.95604352343431,-0.040897167651118824,0.9607096945576218,0.04597748479879771,0.045977371181533666,500694830381.64514,0.04597739139811097
q74,0.74,D15,1.0,2.3784,2.3784,0.024683163757033277,0.024683163757033277,0.950433272675,0.9430824528348932,1.0883089908538035,0.13515067129290823,1e+26,7839995453964.382,893815831152.9764,18646645187708.887,0.0,1.837981334979805,0.9415369829418992,2.2393515602290135,972747805211.2495,17556506052023.51,0.0,1.0,0.0,0.950433272675,0.9430824528348932,-0.052151717274684796,0.950433272675,0.060352673293849746,0.06035257755398571,788805113238.021,0.06035259946557403
q74,0.74,D15,1.0,2.8284,2.8284,0.036890021640259674,0.036890021640259674,0.9394538359449806,0.9287633563460257,1.1130724417677302,0.20209147901001356,1e+26,6592647853100.3,893815831152.9764,18646645187708.887,0.0,1.837981334979805,0.9315566379430963,2.6348147947582534,994881769672.0968,17370406099979.906,0.0,1.0,0.0,0.9394538359449806,0.9287633563460257,-0.06444825891217645,0.9394538359449806,0.07670053212934258,0.07670043151464001,1206342769638.8022,0.07670045829755168
q74,0.74,D15,1.0,3.3636,3.3636,0.052440016690008306,0.052440016690008306,0.9274943114739466,0.9127809244972518,1.142082163197835,0.2961756202133328,1e+26,5543657149396.149,893815831152.9764,18646645187708.887,0.0,1.837981334979805,0.9215098971015987,3.0995906898909373,1020811117943.6622,17183068088215.637,0.0,1.0,0.0,0.9274943114739466,0.9127809244972518,-0.07817372853837727,0.9274943114739466,0.09555313127384579,0.09555313202013882,1814036195865.779,0.09555314924014624
q74,0.74,D15,1.0,4.0,4.0,0.07199706144002338,0.07199706144002338,0.9142675746492149,0.8948254906237378,1.1765255951832843,0.4283752814141806,1e+26,4661661296927.222,893815831152.9764,18646645187708.887,0.0,1.837981334979805,0.9111549003513375,3.64461960140535,1051597202731.4976,16989982137893.637,0.0,1.0,0.0,0.9142675746492149,0.8948254906237378,-0.09377170067928832,0.9142675746492149,0.11753633583119139,0.11753633931047092,2702869485926.8223,0.11753636024280922
q74,0.74,D15,1.0,4.7568,4.7568,0.0964408304634714,0.0964408304634714,0.8994683814428733,0.8745786088433608,1.21791910153301,0.6141213167845758,1e+26,3919997726982.191,893815831152.9764,18646645187708.887,0.0,1.837981334979805,0.9002575204571204,4.282344973310431,1088595374013.8136,16786782561530.498,0.0,1.0,0.0,0.8994683814428733,0.8745786088433608,-0.11176781822598351,0.8994683814428733,0.143407796495858,0.14340768051500352,4011177747209.7666,0.14340772895593545
q74,0.74,D15,1.0,5.6569,5.6569,0.12693736589741245,0.12693736589741245,0.8827758792151594,0.8517236917173915,1.268224308010848,0.8750951859628128,1e+26,3296265655696.3857,893815831152.9764,18646645187708.887,0.0,1.837981334979805,0.8885946742851525,5.02669121296368,1133558963953.1245,16569309607082.984,0.0,1.0,0.0,0.8827758792151594,0.8517236917173915,-0.13279035318574836,0.8827758792151594,0.17408968392511004,0.1740896822862461,5951831954162.237,0.17408971545762597
q74,0.74,D15,1.0,6.7272,6.7272,0.16503106416464597,0.16503106416464597,0.8638618542095846,0.8259657116385837,1.3300032693463741,1.2416296041376602,1e+26,2771828574698.0747,893815831152.9764,18646645187708.887,0.0,1.837981334979805,0.8759610528906419,5.892765195005926,1188777977627.0054,16333734951503.697,0.0,1.0,0.0,0.8638618542095846,0.8259657116385837,-0.15759249598418595,0.8638618542095846,0.21070401096452307,0.21070404634047812,8856131578611.521,0.21070407820644732
q74,0.74,D15,1.0,8.0,8.0,0.21282159435363335,0.21282159435363335,0.8423851504451797,0.7970312156510698,1.4067105498809624,1.7564526129378641,1e+26,2330830648463.611,893815831152.9764,18646645187708.887,0.0,1.837981334979805,0.8621685494974526,6.897348395979621,1257340159333.513,16076551034480.625,0.0,1.0,0.0,0.8423851504451797,0.7970312156510698,-0.18710544632882567,0.8423851504451797,0.2546560038845296,0.2546562285164924,13250750449278.355,0.2546562159402299
q74,0.74,D15,1.0,9.5137,9.5137,0.27319606112530126,0.27319606112530126,0.8180036698740495,0.7646924037884961,1.5030797479829403,2.4797744309408882,1e+26,1959978261634.1577,893815831152.9764,18646645187708.887,0.0,1.837981334979805,0.8470582235133354,8.05865782103882,1343476474232.5781,15794794147184.174,0.0,1.0,0.0,0.8180036698740495,0.7646924037884961,-0.22248840296031072,0.8180036698740495,0.30771535724132404,0.3077155594496648,19989111656235.375,0.30771555796604844
q74,0.74,D15,1.0,11.3137,11.3137,0.3501960992079627,0.3501960992079627,0.7903889447466027,0.7287917667347023,1.625732652930862,3.496647978198952,1e+26,1648147395432.872,893815831152.9764,18646645187708.887,0.0,1.837981334979805,0.8305154582297627,9.396202739774067,1453105582411.932,15486327072517.846,0.0,1.0,0.0,0.7903889447466027,0.7287917667347023,-0.265199882471279,0.7903889447466027,0.3721340520632199,0.3721340558186197,30485992181101.754,0.3721341333999817
q74,0.74,D15,1.0,13.4543,13.4543,0.44965206948681735,0.44965206948681735,0.7592302824840987,0.6892500729489159,1.784231913701458,4.9284236335171965,1e+26,1385924588251.257,893815831152.9764,18646645187708.887,0.0,1.837981334979805,0.8124796212614862,10.931344568338414,1594774730914.7344,15150019219907.031,0.0,1.0,0.0,0.7592302824840987,0.6892500729489159,-0.3171234381328091,0.7592302824840987,0.45085222221531107,0.450852369562331,47158352843857.23,0.45085241060505155
q74,0.74,D15,1.0,16.0,16.0,0.5802020217220598,0.5802020217220598,0.724253811971752,0.6460900982958744,1.9927798072600547,6.949812663139167,1e+26,1165415324231.8054,893815831152.9764,18646645187708.887,0.0,1.837981334979805,0.7929636861860504,12.687418978976806,1781178139731.014,14786112503049.016,0.0,1.0,0.0,0.724253811971752,0.6460900982958744,-0.38073142794725523,0.724253811971752,0.5477717467542027,0.5477717491050742,74273126344855.6,0.5477718775530604
q74,0.74,D15,1.0,19.0273,19.0273,0.755092359489371,0.755092359489371,0.6852389457280582,0.5994504241983757,2.2732158074126856,9.816118028284366,1e+26,979994281254.2445,893815831152.9764,18646645187708.887,0.0,1.837981334979805,0.772074676661241,14.690496495236431,2031836276292.654,14396602554117.225,0.0,1.0,0.0,0.6852389457280582,0.5994504241983757,-0.45934495730903313,0.6852389457280582,0.6681946657011135,0.6681948321864517,119668468213430.97,0.6681949197258064
q74,0.74,D15,1.0,22.6274,22.6274,0.9955352316675314,0.9955352316675314,0.6420236369102584,0.5495814037696594,2.6606136894434274,13.909029510222114,1e+26,824073697716.436,893815831152.9764,18646645187708.887,0.0,1.837981334979805,0.7500281756743785,16.971187542254434,2378098636206.8643,13985509272584.727,0.0,1.0,0.0,0.6420236369102584,0.5495814037696594,-0.5575750525518101,0.6420236369102584,0.8195666613550849,0.8195666665414276,198462264655321.44,0.8195668930497391
q74,0.74,D15,1.0,26.9087,26.9087,1.3372268143995405,1.3372268143995405,0.5945149498092003,0.4968433746350889,3.2141355971111256,19.815885645729317,1e+26,692959718890.5033,893815831152.9764,18646645187708.887,0.0,1.837981334979805,0.7271711923106936,19.567231462530764,2872845280170.249,13559303213740.729,0.0,1.0,0.0,0.5945149498092003,0.4968433746350889,-0.6820434882603599,0.5945149498092003,1.0127067221827382,1.0127067191444832,341567841298361.1,1.0127070395853366
q74,0.74,D15,1.0,32.0,32.0,1.8440612184714116,1.8440612184714116,0.5426877482732682,0.44168988317014285,4.039826614949568,28.476381326056124,1e+26,582707662115.9027,893815831152.9764,18646645187708.887,0.0,1.837981334979805,0.704005763006469,22.528184416207008,3610860983555.0635,13127345672883.898,0.0,1.0,0.0,0.5426877482732682,0.44168988317014285,-0.842680257997006,0.5426877482732682,1.2640319330447314,1.2640319262970916,616945525698552.4,1.2640323914432372
q74,0.74,D15,1.5,0.25,0.4451756646630142,0.0,0.0,1.0,1.0,1.0,0.0,,,,,,,,,,,,,,,,,,,,,
q74,0.74,D15,1.5,0.2973,0.5294029004172566,0.0,0.0,1.0,1.0,1.0,0.0,,,,,,,,,,,,,,,,,,,,,
q74,0.74,D15,1.5,0.3536,0.6296564600993674,0.0,0.0,1.0,1.0,1.0,0.0,,,,,,,,,,,,,,,,,,,,,
q74,0.74,D15,1.5,0.4204,0.7486073976973248,0.0,0.0,1.0,1.0,1.0,0.0,,,,,,,,,,,,,,,,,,,,,
q74,0.74,D15,1.5,0.5,0.8903513293260285,0.0,0.0,1.0,1.0,1.0,0.0,,,,,,,,,,,,,,,,,,,,,
q74,0.74,D15,1.5,0.5946,1.0588058008345131,6.615034316004298e-05,-0.001172979942533181,0.9965650576606476,0.9965323775974064,1.0025444109145467,0.0036707960948850027,1e+26,31359981815857.523,501945581318.76465,33204130660694.797,99612391982084.39,1.8395488476406767,0.9962920437073818,1.054879795202648,503222737134.3806,33081011195470.555,0.5018608782013456,1.5018608782013456,0.33415936554814774,1.496702072682995,1.4966529917745157,0.3318643581435045,0.9978013817886633,0.003479688648906576,0.0034798331849819064,11083368349.98136,0.0023170086009827173
q74,0.74,D15,1.5,0.7071,1.2591348499328694,0.0010837230073479365,-0.003726647869878974,0.9864722341306669,0.9859432267274238,1.010704464761802,0.017695065741780806,1e+26,26370591412401.2,501945581318.76465,33204130660694.797,99612391982084.39,1.8395488476406767,0.9857217286211534,1.2411565808429645,507318640106.33356,32730033072222.715,0.5072425467372113,1.5072425467372113,0.3365367756073896,1.486852922456653,1.486055579990946,0.3274385213920487,0.9912352816377686,0.014257183265241169,0.014256894910582796,53862220132.27445,0.009458941171658353
q74,0.74,D15,1.5,0.8409,1.4973928656605147,0.0033693408404955605,-0.004811250433841341,0.9766538684347219,0.9750318967395223,1.0197305233891696,0.03742175430931697,1e+26,22174628597584.594,501945581318.76465,33204130660694.797,99612391982084.39,1.8395488476406767,0.9759330791222726,1.4613552300397896,511849230351.0648,32405009475270.133,0.5123302106428099,1.5123302106428098,0.33876874708800936,1.477023150574998,1.4745701937795401,0.32296254150742,0.984682100383332,0.02560747329802271,0.025607575907117708,114925776849.6632,0.016932527117319296
q74,0.74,D15,1.5,1.0,1.780702658652057,0.007007472839129392,-0.004442880933553162,0.9668421856568868,0.9635232328478016,1.029908180384495,0.06516480577833013,1e+26,18646645187708.887,501945581318.76465,33204130660694.797,99612391982084.39,1.8395488476406767,0.966646481723037,1.7213099599808688,516957860308.0464,32096656081832.645,0.5172521800407894,1.5172521800407894,0.34091378272192285,1.4669434139433133,1.4619077255582762,0.31831044708678674,0.9779622759622089,0.037857693419999006,0.0378576800393311,202124751375.32977,0.024951480241952595
q74,0.74,D15,1.5,1.1892,2.1176116016690263,0.012128999601367374,-0.002591980237441227,0.9567712023443387,0.9511348777522356,1.041570959278985,0.10418022734892016,1e+26,15679990907928.762,501945581318.76465,33204130660694.797,99612391982084.39,1.8395488476406767,0.9575996823615384,2.027824197123368,522811940640.03345,31796264973772.355,0.5221388532282604,1.5221388532282605,0.34302971251333025,1.4563386207382356,1.4477593520871896,0.3133465076322099,0.9708924138254904,0.05137559707961148,0.05137534772875574,326800001019.653,0.03375209920619682
q74,0.74,D15,1.5,1.4142,2.518269699865739,0.018917272503974125,0.0008201097050508643,0.9461745099937954,0.9375780040062649,1.0551115981018209,0.15903444869821282,1e+26,13185295706200.6,501945581318.76465,33204130660694.797,99612391982084.39,1.8395488476406767,0.9485443165496029,2.3886904113467207,529608604465.3892,31495589424172.46,0.5271234999528387,1.5271234999528387,0.3451741132718589,1.444925329267887,1.4317974029568439,0.30792271424387113,0.963283552845258,0.06657792282562758,0.06657811074258468,505356074621.8982,0.0435970637191474
q74,0.74,D15,1.5,1.6818,2.9947857313210293,0.027618144725423344,0.00592596970244208,0.9347780007292523,0.9225531941429679,1.0710024947713863,0.23613188378471153,1e+26,11087314298792.297,501945581318.76465,33204130660694.797,99612391982084.39,1.8395488476406767,0.939237746516328,2.812815801585217,537584969831.87067,31186572856784.69,0.5323465776950733,1.5323465776950733,0.34740611911426655,1.4324038703221125,1.4136712297866354,0.30187287208661023,0.9549359135480749,0.08394833636555621,0.08394860964901785,761645709724.4817,0.05478433484285006
q74,0.74,D15,1.5,2.0,3.561405317304114,0.03854915704264261,0.012918844375517713,0.9223036902348196,0.905760011329763,1.0898097823768926,0.344404037165825,1e+26,9323322593854.443,501945581318.76465,33204130660694.797,99612391982084.39,1.8395488476406767,0.9294455424746928,3.3101322971139773,547025204742.0458,30861431234330.055,0.5379551325500216,1.5379551325500216,0.3497859730524517,1.418461694166466,1.3930182582831747,0.29501092337383683,0.9456411294443107,0.10404520788225291,0.10404542823036111,1130386133667.7354,0.06765178670065097
q74,0.74,D15,1.5,2.3784,4.235223203338053,0.05212189766452768,0.022066482901351492,0.9084599883339204,0.8868907056373598,1.1122327271908805,0.49634962625472884,1e+26,7839995453964.381,501945581318.76465,33204130660694.797,99612391982084.39,1.8395488476406767,0.918932214378138,3.891883036629108,558280302811.5815,30512345314533.297,0.5441097745586829,1.544109774558683,0.3523776505554427,1.4027619477818736,1.3694566075398948,0.28712066820656457,0.9351746318545824,0.12753464845632223,0.12753454455292568,1662613317875.4321,0.08259424713585872
q74,0.74,D15,1.5,2.8284,5.036539399731478,0.06886271847493686,0.033725968965220954,0.8929466460611704,0.8656431814735877,1.1391362174943687,0.7093863558152361,1e+26,6592647853100.3,501945581318.76465,33204130660694.797,99612391982084.39,1.8395488476406767,0.9074647553907058,4.570481994392977,571784390891.4696,30131578307968.438,0.5509855859743299,1.5509855859743298,0.35524868248740077,1.3849473770849967,1.3426000970624954,0.2779509051782347,0.9232982513899978,0.15521039315263385,0.1552103948419763,2433696272199.2046,0.10007212337725946
q74,0.74,D15,1.5,3.3636,5.989571462642059,0.0894469825940225,0.048366801487852884,0.8754536589992082,0.8417274854726898,1.1716073448063618,1.0077689038158408,1e+26,5543657149396.148,501945581318.76465,33204130660694.797,99612391982084.39,1.8395488476406767,0.8948107112294713,5.359532700446485,588083129766.1636,29711411772252.605,0.5587773969681245,1.5587773969681245,0.35847158039048144,1.364637375741006,1.3120657787616443,0.2672045938526385,0.9097582504940039,0.1880329646577108,0.1880329670139711,3555911346222.2134,0.12062851239491579
q74,0.74,D15,1.5,4.0,7.122810634608228,0.114735395449723,0.06659683651619575,0.8556746191494872,0.8148906428533383,1.2110125133167777,1.4250559321179888,1e+26,4661661296927.222,501945581318.76465,33204130660694.797,99612391982084.39,1.8395488476406767,0.8807479896264245,6.273401146920913,607862379981.0883,29244471326700.066,0.567699280485532,1.5676992804855319,0.36212256237670143,1.3414404847703825,1.277503474475571,0.25453271214550205,0.8942936565135883,0.2271585258342168,0.22715836459179073,5197427343020.452,0.14489924752325578
q74,0.74,D15,1.5,4.7568,8.470446406676105,0.1458483279143996,0.08921502430563288,0.8333055582557255,0.7849210261763555,1.2591149351319333,2.0078302394501817,1e+26,3919997726982.1904,501945581318.76465,33204130660694.797,99612391982084.39,1.8395488476406767,0.8650640175207692,7.327478398753596,632007178061.9369,28723698667625.195,0.5779919056545378,1.577991905654538,0.36628318788162073,1.314949425864471,1.2385990258843427,0.23951447840468665,0.876632950576314,0.2740135206612757,0.2740138889946906,7613778741973.994,0.17364716758194731
q74,0.74,D15,1.5,5.6569,10.073256869728821,0.18425218105849384,0.1172718631910763,0.80805937052581,0.7516729625432137,1.3182128167933291,2.820579621822097,1e+26,3296265655696.3857,501945581318.76465,33204130660694.797,99612391982084.39,1.8395488476406767,0.8475656198738383,8.537746202940108,661671098627.1738,28142679585803.703,0.5899248250234902,1.5899248250234903,0.37103944522331384,1.2847536532918402,1.1951035034464077,0.22164066438903252,0.8565024355278935,0.33036579713682324,0.33036578855939047,11197776102818.672,0.20778708738333762
q74,0.74,D15,1.5,6.7272,11.979142925284117,0.23187124239690182,0.15214982976555325,0.779696452889408,0.7151062039072521,1.391314067659599,3.952046495392819,1e+26,2771828574698.074,501945581318.76465,33204130660694.797,99612391982084.39,1.8395488476406767,0.8281019049161517,9.919951075690621,698363948488.3724,27496403851206.16,0.6037904236564059,1.603790423656406,0.37647713488639784,1.2504697045029007,1.1468804817237361,0.2003004979656584,0.8336464696686005,0.39839368549192167,0.3983936939839179,16559800770792.98,0.24840761870237316
q74,0.74,D15,1.5,8.0,14.245621269216455,0.29130297517837067,0.19571497554092865,0.7480261308454774,0.6752838442454152,1.4824789744532552,5.525074471303192,1e+26,2330830648463.611,501945581318.76465,33204130660694.797,99612391982084.39,1.8395488476406767,0.8065645423281054,11.490012999185094,744123770624.7852,26781274449745.91,0.6199131920140907,1.6199131920140908,0.3826829703407332,1.2117373973278474,1.0939012076471366,0.17473868331106707,0.8078249315518983,0.48085876557202933,0.4808587699748885,24668035491413.234,0.2968423586366953
q74,0.74,D15,1.5,9.5137,16.941070883618075,0.3660967592748463,0.25051375862933933,0.7129386604676899,0.6324021240741621,1.5972627605658603,7.70961869854174,1e+26,1959978261634.1577,501945581318.76465,33204130660694.797,99612391982084.39,1.8395488476406767,0.7829104825472306,13.263341980360265,801738984871.0455,25995861958125.86,0.6386426177016177,1.6386426177016178,0.3897388062550127,1.1682516728494603,1.0362810720329483,0.14402005728704062,0.7788344485663069,0.5812723612590673,0.5812727874527861,37086611214670.12,0.35472816309223276
q74,0.74,D15,1.5,11.3137,20.146335669191778,0.4611920498285744,0.32007910172601317,0.67443146652108,0.5868050606536651,1.7434179460336974,10.741273363989892,1e+26,1648147395432.872,501945581318.76465,33204130660694.797,99612391982084.39,1.8395488476406767,0.7571787962428708,15.25437819070344,875100934403.4509,25141463683955.883,0.6603460140207376,1.6603460140207376,0.397715902856674,1.1197895971684357,0.9742994434635099,0.10697509377774413,0.7465263981122905,0.7041434490801102,0.7041434543203877,56398190145062.72,0.42409448071367706
q74,0.74,D15,1.5,13.4543,23.95810778030237,0.5836711480736243,0.40945700458264245,0.6326165298977835,0.5389684094505465,1.9320994350555882,14.950041074596996,1e+26,1385924588251.2568,501945581318.76465,33204130660694.797,99612391982084.39,1.8395488476406767,0.7294950658386228,17.4773214125605,969808774094.634,24222249482437.785,0.6854055954788443,1.6854055954788443,0.4066710098254493,1.066215439282134,0.9083803730742839,0.06210324559426351,0.7108102928547559,0.8553963135231877,0.855396290903019,86992086043316.03,0.5075315215528065
q74,0.74,D15,1.5,16.0,28.49124253843291,0.7439546527043461,0.5260336125310305,0.58773815324805,0.489493044625806,2.1797967330509773,20.802465122498493,1e+26,1165415324231.8054,501945581318.76465,33204130660694.797,99612391982084.39,1.8395488476406767,0.7000806953202009,19.9461688868426,1094139338328.0168,23245570880442.016,0.7142033816134744,1.7142033816134745,0.4166386493423193,1.007502729801066,0.8390906323738321,0.0074468580373448275,0.671668486534044,1.0429299475837333,1.0429298981877557,136564772548332.9,0.6084051332351237
q74,0.74,D15,1.5,19.0273,33.88196369697028,0.957890412078366,0.6809759485150864,0.540176206519078,0.43907820792176766,2.5117193392049257,28.968073694285902,1e+26,979994281254.2445,501945581318.76465,33204130660694.797,99612391982084.39,1.8395488476406767,0.6692530977793054,22.67560916304333,1260746423826.7998,22221967303738.81,0.7471015101149091,1.7471015101149092,0.4276234127150238,0.9437426661376243,0.7671142001186684,-0.059610883221604655,0.6291617774250828,1.277498591271863,1.2774985494712863,219128371891332.88,0.7312104313363932
q74,0.74,D15,1.5,22.6274,40.292671338383556,1.250594396975608,0.8918694383297869,0.49042848391359856,0.3884751579930688,2.968044314267251,40.42946505835947,1e+26,824073697716.436,501945581318.76465,33204130660694.797,99612391982084.39,1.8395488476406767,0.6374128004880718,25.683064476944526,1489796728704.7295,21164737912205.32,0.7844210213807226,1.7844210213807226,0.43959413836862615,0.8751308961793028,0.6932032382070294,-0.14268620199087695,0.5834205974528686,1.5741671749776134,1.5741672584874293,361390108723356.6,0.882172728818631
q74,0.74,D15,1.5,26.9087,47.9163936308706,1.6637656754093713,1.1877179910523226,0.4390931704266838,0.3384482000111172,3.6158610441234695,56.66772297782101,1e+26,692959718890.5033,501945581318.76465,33204130660694.797,99612391982084.39,1.8395488476406767,0.6050337566505278,28.991035643631065,1814965473760.4302,20089619909955.145,0.8264001710714529,1.826400171071453,0.45247486512588714,0.8019598415836019,0.6181418503991298,-0.24694523110450914,0.5346398943890679,1.95466189498763,1.9546618729221517,617099764088194.4,1.0702267916649078
q74,0.74,D15,1.5,32.0,56.98248507686582,2.270715667250649,1.6191810689824475,0.38683718399434824,0.28973047731284546,4.573784863787052,79.99458798404925,1e+26,582707662115.9027,501945581318.76465,33204130660694.797,99612391982084.39,1.8395488476406767,0.5726506923663632,32.63105953202317,2295791102280.5586,19014368412270.066,0.8731326210990001,1.8731326210990003,0.4661349715786369,0.7245973483938898,0.5427036083812746,-0.380076813994083,0.48306489892925986,2.4514836315277218,2.451481117128068,1101905179946277.4,1.3087615071221137
q74,0.74,D15,2.0,0.25,0.6703920394797143,0.0,0.0,1.0,1.0,1.0,0.0,,,,,,,,,,,,,,,,,,,,,
q74,0.74,D15,2.0,0.2973,0.7972302133492762,0.0,0.0,1.0,1.0,1.0,0.0,,,,,,,,,,,,,,,,,,,,,
q74,0.74,D15,2.0,0.3536,0.9482025006401079,0.0,0.0,1.0,1.0,1.0,0.0,,,,,,,,,,,,,,,,,,,,,
q74,0.74,D15,2.0,0.4204,1.1273312535890876,0.00022006121054940486,-0.003246565517151967,0.9928173694851292,0.9926719992372761,1.0036866879382507,0.008264581646244827,1e+26,44354531845168.62,333318334092.4884,50002249987371.04,300013499924226.25,1.8425840873601405,0.9930922133981425,1.1195438898596894,334547174774.385,49656845114845.55,1.00695583603281,2.0069558360328097,0.5017329320127343,1.9925406138029225,1.992248862135608,0.49812817210715704,0.9962703069014612,0.00738209677351076,0.0073820966750968164,16589354642.660656,0.0036782564087900482
q74,0.74,D15,2.0,0.5,1.3407840789594285,0.0013280446789678546,-0.00688534045920941,0.9827953440931216,0.9819289126662044,1.0095414298171448,0.024273831147641377,1e+26,37293290375417.77,333318334092.4884,50002249987371.04,300013499924226.25,1.8425840873601405,0.9837284832586519,1.3189674883721072,336498667583.9995,49188637539596.46,1.0165406583404477,2.016540658340448,0.5041012459312524,1.9818467701914706,1.980099575991428,0.49542012276590497,0.9909233850957353,0.01840366150817152,0.01840366099000934,49008671030.041855,0.009126354168387252
q74,0.74,D15,2.0,0.5946,1.5944604266985525,0.003405826876291762,-0.009360363662193949,0.9729663310936717,0.9707758974762604,1.016172017414777,0.04679348956502115,1e+26,31359981815857.527,333318334092.4884,50002249987371.04,300013499924226.25,1.8425840873601405,0.974873957716404,1.554397946597804,338708763996.0966,48745891339913.414,1.0257736316420356,2.0257736316420356,0.5063614293422173,1.9710095380050545,1.9665722153410403,0.4926457834333242,0.9855047690025273,0.03010386083926675,0.030103937092533117,95096190081.79535,0.014860464020216568
q74,0.74,D15,2.0,0.7071,1.8961368444644238,0.006524777192621123,-0.010742222565704562,0.9630511304843798,0.9589237099513378,1.0237917769509464,0.07848301236255306,1e+26,26370591412401.2,333318334092.4884,50002249987371.04,300013499924226.25,1.8425840873601405,0.9662685320451587,1.832177365257378,341248569550.8779,48315600694252.07,1.0349089997616365,2.0349089997616367,0.5085775333849635,1.959721412653283,1.9513224874647948,0.4897233894862169,0.9798607063266415,0.04283582689883292,0.042835933899799894,160693294216.5906,0.021050539078970587
q74,0.74,D15,2.0,0.8409,2.254930663993967,0.010790468041572687,-0.01106524699815703,0.9527799458171492,0.9460845185791202,1.0326461830813023,0.12306450910191423,1e+26,22174628597584.598,333318334092.4884,50002249987371.04,300013499924226.25,1.8425840873601405,0.9576704675854908,2.1594805033599633,344199905451.62646,47885678125732.23,1.0442005197479167,2.0442005197479167,0.5108111996159181,1.9476732604448084,1.9339864646048952,0.4865668588726116,0.9738366302224042,0.05698801783782792,0.05698801429492106,254152754383.9782,0.02787790316105543
q74,0.74,D15,2.0,1.0,2.681568157918857,0.01634589486307414,-0.010330412449671145,0.9418848483656586,0.9319682127419257,1.0430222021758193,0.18573650710783357,1e+26,18646645187708.887,333318334092.4884,50002249987371.04,300013499924226.25,1.8425840873601405,0.9488480547066085,2.5444007302044906,347658422850.7227,47444537631470.55,1.0539095222250399,2.05390952222504,0.5131236360807749,1.934546258897714,1.914178386561693,0.4830829216925573,0.967273129448857,0.07299796959589355,0.07299815508661145,387437166761.4688,0.03554107145120611
q74,0.74,D15,2.0,1.1892,3.188920853397105,0.02338023024167435,-0.008505110996777199,0.9300886192254504,0.9162736517098983,1.0552655714801258,0.27378484092502997,1e+26,15679990907928.764,333318334092.4884,50002249987371.04,300013499924226.25,1.8425840873601405,0.9395690675405458,2.9962113926869196,351739362310.91327,46980567395563.48,1.064317711754433,2.064317711754433,0.5155784430342775,1.919998410168322,1.8914799280386556,0.4791662353968657,0.959999205084161,0.09137701180630509,0.09137700802486814,577805432144.1892,0.044265000035181856
q74,0.74,D15,2.0,1.4142,3.7922736889288475,0.03213588342742302,-0.005519288784103682,0.9171078549110682,0.8986974606100372,1.0697910556389492,0.39737808498428817,1e+26,13185295706200.6,333318334092.4884,50002249987371.04,300013499924226.25,1.8425840873601405,0.9296027537096275,3.525308064048824,356580972492.61914,46482229279937.305,1.0757283108397095,2.0757283108397093,0.5182413831435085,1.9036667385323807,1.8654517618680087,0.47469797115279566,0.9518333692661903,0.11272151511499606,0.11272151757087046,850184783945.7128,0.05430457110833231
q74,0.74,D15,2.0,1.6818,4.509861327987934,0.04292067985002168,-0.0012618303156931576,0.902648669863509,0.8789354210765201,1.0871031900157362,0.5706951851516728,1e+26,11087314298792.299,333318334092.4884,50002249987371.04,300013499924226.25,1.8425840873601405,0.9187151494513138,4.143277923947135,362351424282.67505,45937824570049.54,1.0884766628668658,2.088476662866866,0.5211821047464839,1.8851606817777566,1.8356361150853744,0.4695412387569141,0.9425803408888783,0.13774001595612106,0.13774001558112814,1240753279025.8416,0.06595239514339823
q74,0.74,D15,2.0,2.0,5.363136315837714,0.056118296597417405,0.004424434575298397,0.8864142516452381,0.8566994866696688,1.1078121586195364,0.8133720231437864,1e+26,9323322593854.443,333318334092.4884,50002249987371.04,300013499924226.25,1.8425840873601405,0.9066739579992775,4.862616030770243,369254103198.4674,45335737904919.02,1.1029323067871737,2.1029323067871735,0.5244735188229697,1.8640691669813467,1.8015810277256339,0.46353921962059536,0.9320345834906734,0.16727045546320718,0.16727045370562932,1802045741836.0918,0.07954154333233987
q74,0.74,D15,2.0,2.3784,6.37784170679421,0.07221406822022569,0.011754309986163669,0.8681003314286657,0.831718687247612,1.1326738264542875,1.1526661940649496,1e+26,7839995453964.382,333318334092.4884,50002249987371.04,300013499924226.25,1.8425840873601405,0.8932441858865505,5.6969700230986815,377540952903.9074,44664219082465.02,1.1195147035941733,2.1195147035941733,0.5281938840507938,1.839951416658032,1.7628399868753573,0.45650738875685376,0.919975708329016,0.20232960414689916,0.20232970909934234,2611072159724.4077,0.09546039747121426
q74,0.74,D15,2.0,2.8284,7.584547377857695,0.09181746567757698,0.02101145433176632,0.847407225404794,0.8037622982031872,1.1626234770233874,1.6262060888493732,1e+26,6592647853100.3,333318334092.4884,50002249987371.04,300013499924226.25,1.8425840873601405,0.8781961439019073,6.66072026047595,387523720538.25195,43911783125328.44,1.1386977806084493,2.1386977806084495,0.5324257550239263,1.812347952244797,1.7190046433039032,0.4482295749216438,0.9061739761223985,0.24414892591441872,0.24414857203170537,3781160603477.2095,0.11415764888411672
q74,0.74,D15,2.0,3.3636,9.019722655975867,0.1156995522986779,0.032568392510992306,0.8240506154634485,0.7726585654909957,1.1988307120863633,2.2858364113041576,1e+26,5543657149396.149,333318334092.4884,50002249987371.04,300013499924226.25,1.8425840873601405,0.8613129294243561,7.768803743413808,399592255811.5382,43067584414431.52,1.161018215143169,2.161018215143169,0.537255173051029,1.7807883902164512,1.6697292341124328,0.43845096615974005,0.8903941951082256,0.2942327240810918,0.2942327197501571,5480415168055.077,0.13615469122285617
q74,0.74,D15,2.0,4.0,10.726272631675428,0.1448312586602416,0.04690506351595647,0.7977837372926906,0.7383273007060204,1.2427574538045265,3.2024273517337987,1e+26,4661661296927.222,333318334092.4884,50002249987371.04,300013499924226.25,1.8425840873601405,0.8424049763781376,9.035865442912003,414233844183.1474,42122144219465.03,1.187077507898198,2.187077507898198,0.5427688335741657,1.7448148679998086,1.6147790328413265,0.426873292782997,0.8724074339999043,0.3544128722366855,0.354412886856148,7959322755755.686,0.16204864068924962
q74,0.74,D15,2.0,4.7568,12.75568341358842,0.18046327433699982,0.06465142114652989,0.7684058760059074,0.700787120098442,1.2962751275274695,4.473093125346119,1e+26,3919997726982.191,333318334092.4884,50002249987371.04,300013499924226.25,1.8425840873601405,0.8213159371323114,10.476446076594453,432072266032.98413,41067644807101.75,1.2175582559515137,2.2175582559515137,0.5490535604572344,1.703984794258555,1.554036263838785,0.41314030303003724,0.8519923971292775,0.42696686528646044,0.4269664424094848,11596196897069.164,0.1925391048871461
q74,0.74,D15,2.0,5.6569,15.169362912531183,0.2242159647253139,0.08663471265331824,0.7357899312497359,0.6601828767151355,1.3617972167973094,6.230451476372461,1e+26,3296265655696.386,333318334092.4884,50002249987371.04,300013499924226.25,1.8425840873601405,0.7979416459734575,12.104266410793851,453911979674.66644,39898877657299.14,1.2532244745542005,2.2532244745542007,0.5561915773181677,1.6578998812224577,1.487540215496142,0.3968272684460012,0.8289499406112288,0.5147318042777611,0.5147317908543081,16968459383443.031,0.22844234213437176
q74,0.74,D15,2.0,6.7272,18.039445311951734,0.2781933301998434,0.11393745022933888,0.6999181883336354,0.6168151873058824,1.4424492101703474,8.65439594965929,1e+26,2771828574698.0747,333318334092.4884,50002249987371.04,300013499924226.25,1.8425840873601405,0.7722541926434883,13.931037275117646,480794767747.0059,38614447194355.09,1.2949104187792357,2.294910418779236,0.5642531439061816,1.6062495426999475,1.4155355998095354,0.3774317293693367,0.8031247713499737,0.6212311573711202,0.6212312169648473,24965929743642.406,0.27069957793912636
q74,0.74,D15,2.0,8.0,21.452545263350856,0.3452060366315688,0.1480119652334213,0.6608840103338708,0.5711185733808222,1.542400108029716,11.990552598321123,1e+26,2330830648463.611,333318334092.4884,50002249987371.04,300013499924226.25,1.8425840873601405,0.7443023112206004,15.967179021076586,514110234512.5391,37216790231830.5,1.3435400977864418,2.343540097786442,0.5732951183790129,1.5488081782033356,1.3384392773085452,0.35434225227295074,0.7744040891016678,0.7509498843302362,0.7509498080940225,36986794849546.85,0.3204340159115304
q74,0.74,D15,2.0,9.5137,25.511634983992632,0.42905151045291867,0.19082020406096278,0.6189174370845623,0.5236649612845837,1.6672828168448748,16.574265947819022,1e+26,1959978261634.1575,333318334092.4884,50002249987371.04,300013499924226.25,1.8425840873601405,0.7142280793815424,18.221126056500026,555735930971.7651,35713010973235.77,1.4001129735278828,2.4001129735278828,0.5833529458698279,1.485471770289285,1.2568550673611059,0.32681319160628874,0.7427358851446425,0.9096179311805317,0.909617897796277,55265490700108.98,0.37898968378158315
q74,0.74,D15,2.0,11.3137,30.338457668246576,0.5349490892129241,0.2450471603150257,0.574396205104713,0.4751450010065527,1.824851018110822,22.864681507552646,1e+26,1648147395432.872,333318334092.4884,50002249987371.04,300013499924226.25,1.8425840873601405,0.6822733187304034,20.69912019847645,608256301323.6805,34115201042870.914,1.465688269711078,2.465688269711078,0.59443372778134,1.4162819850932493,1.1715594553937154,0.2939259197495483,0.7081409925466247,1.104620690276838,1.104620640127738,83445519628367.56,0.44799695771757797
q74,0.74,D15,2.0,13.4543,36.078622467087676,0.6702822653254081,0.314461390543596,0.5278241885658433,0.4263142243878607,2.02610314010722,31.497828231452896,1e+26,1385924588251.257,333318334092.4884,50002249987371.04,300013499924226.25,1.8425840873601405,0.6487633154124799,23.406486727262987,675337323360.0981,32439625479890.47,1.5413941821975643,2.541394182197564,0.6065151927217793,1.3414093220443843,1.0834324896473762,0.2545153939470594,0.6707046610221922,1.3456876238082076,1.3456875486991269,127629954056913.2,0.5295077101692414
q74,0.74,D15,2.0,16.0,42.90509052670171,0.84574728075097,0.4044638737320605,0.47982060820419564,0.3779579988732297,2.2870306877698794,43.36343987904372,1e+26,1165415324231.8054,333318334092.4884,50002249987371.04,300013499924226.25,1.8425840873601405,0.6140992690839563,26.347984732428497,762309258865.8542,30706345169797.816,1.6284012216651662,2.6284012216651664,0.6195405816443533,1.261161072784031,0.9934252659765185,0.2070798714136603,0.6305805363920155,1.6457966307928529,1.6457965521650055,198338110296407.03,0.6261589241489673
q74,0.74,D15,2.0,19.0273,51.02300181116947,1.0773183196540304,0.5230182503892276,0.43108916070360537,0.33084350074322627,2.6316183889188327,59.724634971105324,1e+26,979994281254.2444,333318334092.4884,50002249987371.04,300013499924226.25,1.8425840873601405,0.5787382611408718,29.528963346383772,877166657361.5836,28938215210822.293,1.727896818207062,2.727896818207062,0.633417219696286,1.175966749846918,0.9025069330019327,0.14963582080005622,0.587983374923459,2.0225771331567377,2.022577338870276,314330750518471.2,0.7414420940854427
q74,0.74,D15,2.0,22.6274,60.67691533649315,1.3897707809194575,0.6823057296340616,0.3823704927742385,0.28566736761048694,3.0972358322048525,82.41271607300267,1e+26,824073697716.436,333318334092.4884,50002249987371.04,300013499924226.25,1.8425840873601405,0.5431635886881969,32.95749108469952,1032365487882.0834,27159401545624.805,1.841065971331245,2.841065971331245,0.6480194370384762,1.0863397954620488,0.811599837237928,0.0794777065359428,0.5431698977310244,2.5005748411681368,2.500573868753513,510480263018358.06,0.8801538457916536
q74,0.74,D15,2.0,26.9087,72.15751309099115,1.8231616866203764,0.9017430833815576,0.33440452762205103,0.24302513405314333,3.7445802898591944,114.14604395817865,1e+26,692959718890.5033,333318334092.4884,50002249987371.04,300013499924226.25,1.8425840873601405,0.5078654845595708,36.64631035056979,1248137264091.434,25394416918904.984,1.9690253234421244,2.9690253234421244,0.6631891307546495,0.9928555107835708,0.7215477772366995,-0.007195900248154625,0.4964277553917854,3.1148007340727393,3.1148011082208615,854819586076930.0,1.0490989822642405
q74,0.74,D15,2.0,32.0,85.81018105340343,2.4456179143520953,1.213887923283441,0.28788813087938503,0.20338642475157445,4.677347905420749,159.08195806758295,1e+26,582707662115.9027,333318334092.4884,50002249987371.04,300013499924226.25,1.8425840873601405,0.473321199972678,40.61577786606967,1559045811805.8342,23667124965356.285,2.112730213769685,3.112730213769685,0.6787386212989702,0.8961180831739433,0.6330870693948203,-0.1159243617293375,0.44805904158697163,3.9167489974881367,3.916746819678931,1488096362754819.2,1.258300404561652
q74,0.74,D15,3.0,0.25,1.193768887040702,0.00032251839927677217,-0.0058396784227301435,0.9894168284405152,0.9890966690057083,1.0034036168102805,0.013038342088884906,1e+26,74586580750835.55,187183599953.06644,89039139491096.39,1068469673893156.8,1.8496782916350845,0.9907880586853034,1.1827719581099723,187820701200.4755,88218916163393.33,2.018595180339416,3.018595180339416,0.6687200700136419,2.98664886967725,2.985682437950402,0.6651765762782605,0.99554962322575,0.011023524126567263,0.011023548141731343,14693223321.756214,0.0036518803980811754
q74,0.74,D15,3.0,0.2973,1.4196299604688027,0.0012731100775156268,-0.010607491180468553,0.9794529894445807,0.9782051982918062,1.007213410706508,0.03107028956573768,1e+26,62719963631715.055,187183599953.06644,89039139491096.39,1068469673893156.8,1.8496782916350845,0.9823067269582161,1.3945120599599314,188533832137.0506,87463745684674.94,2.0360239272647,3.0360239272647,0.6706218317255002,2.9736427115846866,2.969854387788634,0.6637121211286715,0.9912142371948955,0.022280398577162686,0.022280402220014484,35146804544.61806,0.007338679207435916
q74,0.74,D15,3.0,0.3536,1.688466713830369,0.002884217500138675,-0.014585116976203127,0.9695825817825079,0.9667964597232528,1.0116188847383099,0.0564864447575352,1e+26,52733725078362.23,187183599953.06644,89039139491096.39,1068469673893156.8,1.8496782916350845,0.9740969626903601,1.6447302975459357,189358464625.823,86732755338840.28,2.0531836938246855,3.0531836938246855,0.6724730313401771,2.9603137285147927,2.9518071860744697,0.6621979655846456,0.9867712428382642,0.034343878634238934,0.03434389617457945,64177118708.749405,0.011248553587250854
q74,0.74,D15,3.0,0.4204,2.0074417604476444,0.005200606451816858,-0.017878976095484167,0.9595619707851598,0.954621128776135,1.0167403977254676,0.09217655869104617,1e+26,44354531845168.62,187183599953.06644,89039139491096.39,1068469673893156.8,1.8496782916350845,0.9659506262381252,1.9390896256409667,190317127863.96558,86007412551128.34,2.070499201174452,3.070499201174452,0.6743200585697907,2.946334264773216,2.9311634133313764,0.6605951972401299,0.982111421591072,0.04753600130560964,0.04753599614329751,105256667438.78497,0.015481523110594253
q74,0.74,D15,3.0,0.5,2.387537774081404,0.008305595459960013,-0.02059991181646159,0.9490767666681628,0.9413367444926091,1.0227583490981709,0.14248150497426063,1e+26,37293290375417.77,187183599953.06644,89039139491096.39,1068469673893156.8,1.8496782916350845,0.9576065441530112,2.286321796872866,191443589666.2507,85264462662426.72,2.0885404472344855,3.0885404472344855,0.6762224691292577,2.931261981385147,2.9073566098334576,0.6588500085115363,0.9770873271283823,0.062319096593866696,0.06231909396095503,163663024639.93326,0.020177525737352653
q74,0.74,D15,3.0,0.5946,2.8392599209376055,0.012290591226731262,-0.02281760321249815,0.9378820372806514,0.926682153993462,1.0298446884463461,0.21315130196151066,1e+26,31359981815857.527,187183599953.06644,89039139491096.39,1068469673893156.8,1.8496782916350845,0.948863850782886,2.694071101954369,192770036175.9312,84486020767916.27,2.1077839548317128,3.1077839548317128,0.6782273109926812,2.914734746985687,2.8799279294097717,0.6569156074890987,0.9715782489952289,0.07911865539935192,0.0791186624726925,246535105140.4035,0.02545822857413782
q74,0.74,D15,3.0,0.7071,3.376455920105921,0.017284400892431107,-0.024596290975208435,0.9256920466680982,0.9103477571580946,1.0382247468262509,0.3123977812694227,1e+26,26370591412401.2,187183599953.06644,89039139491096.39,1068469673893156.8,1.8496782916350845,0.939491870143245,3.1721528868365425,194338645671.29865,83651547676435.4,2.128810332009641,3.128810332009641,0.6803897028306929,2.8963148398742966,2.84830546831805,0.654733668373083,0.9654382799580988,0.09848131347275468,0.09848131161656326,364265770335.7092,0.0314756463630772
q74,0.74,D15,3.0,0.8409,4.015361028450105,0.023447574621153322,-0.025982937328643763,0.912219784397147,0.892029999122888,1.048162830596052,0.45163333178216225,1e+26,22174628597584.598,187183599953.06644,89039139491096.39,1068469673893156.8,1.8496782916350845,0.9292612123227726,3.731319257211159,196198891967.96515,82740618707672.69,2.1522473697151514,3.1522473697151514,0.6827660133505438,2.875542415968029,2.8118992184421328,0.6522395237688199,0.9585141386560098,0.12103853119656982,0.1210385066572699,531659755628.76373,0.038397535359280255
q74,0.74,D15,3.0,1.0,4.775075548162808,0.03097770482481388,-0.027009117295438756,0.8971750155138701,0.8714362768058206,1.0599711158849403,0.6466626326836364,1e+26,18646645187708.887,187183599953.06644,89039139491096.39,1068469673893156.8,1.8496782916350845,0.9179409402040529,4.3832373382259515,198409209317.6121,81732671419416.84,2.178789410520694,3.178789410520694,0.685414832234452,2.8519304386992297,2.770112408653923,0.6493603117276234,0.9506434795664099,0.14753083686786517,0.14753082290569375,769822929876.0344,0.046411016757730295
q74,0.74,D15,3.0,1.1892,5.678519841875211,0.040120520883689004,-0.027691138346507937,0.8802588277898419,0.8482845236544112,1.0740263504987875,0.919417739433339,1e+26,15679990907928.764,187183599953.06644,89039139491096.39,1068469673893156.8,1.8496782916350845,0.9052933023495587,5.140725980108703,201040118730.81696,80606536628257.66,2.209228760236365,3.209228760236365,0.6883986544086846,2.8249519465951103,2.7223390901751414,0.6460116777542743,0.9416506488650368,0.17884975160456573,0.1788497916091334,1109039108993.387,0.055729841498930455
q74,0.74,D15,3.0,1.4142,6.752911840211842,0.051177341679463195,-0.028027559743148744,0.8611740058354077,0.8223241201802217,1.0907797923907692,1.300149888621689,1e+26,13185295706200.6,187183599953.06644,89039139491096.39,1068469673893156.8,1.8496782916350845,0.8910803509904449,6.0173870527835,204176088295.7626,79341027669613.36,2.2444665038085283,3.2444665038085283,0.6917829175224505,2.7940502158835905,2.668003063198548,0.6420966257817381,0.9313500719611968,0.21606550927976986,0.2160655239718252,1592757110741.6873,0.06659509432793698
q74,0.74,D15,3.0,1.6818,8.03072205690021,0.0645184266892429,-0.027995675984422208,0.8396325091115528,0.7933517195857706,1.1107754780260755,1.8304696612268825,1e+26,11087314298792.299,187183599953.06644,89039139491096.39,1068469673893156.8,1.8496782916350845,0.8750682232766758,7.027429681960477,207918952716.50903,77915321596557.81,2.285536083702182,3.285536083702182,0.6956356665932009,2.758642905735408,2.606585701766224,0.6375029193082833,0.919547635245136,0.26047498897730503,0.26047497921134277,2283536009649.819,0.079279306053337
q74,0.74,D15,3.0,2.0,9.550151096325616,0.08059296303560326,-0.02754633009056562,0.8153775561784475,0.7612443896505412,1.134662609598688,2.567094761582997,1e+26,9323322593854.443,187183599953.06644,89039139491096.39,1068469673893156.8,1.8496782916350845,0.8570421389432897,8.18488192282651,212390231996.8232,76310294559119.19,2.333607542875251,3.333607542875251,0.700024676828786,2.7181487715676615,2.537690039310511,0.6321025506549955,0.9060495905225538,0.3136385812433542,0.31363857041458476,3271355111822.654,0.09408384625331223
q74,0.74,D15,3.0,2.3784,11.357039683750422,0.09995636782725814,-0.026595685926433688,0.7881900313526548,0.7259671858154404,1.1632323947041041,3.587387910438542,1e+26,7839995453964.382,187183599953.06644,89039139491096.39,1068469673893156.8,1.8496782916350845,0.8368098399814381,9.503682560422032,217738027222.7405,74508828069629.31,2.390029256879154,3.390029256879154,0.7050172950658852,2.6719872662659974,2.4610499994485684,0.6257467194454625,0.8906624220886658,0.3774727281602308,0.377473887193869,4686664599009.585,0.11134815373736728
q74,0.74,D15,3.0,2.8284,13.505823680423685,0.12329109897928969,-0.02501650725988014,0.7579156049501218,0.687604417301845,1.1974449020988747,4.996076188661416,1e+26,6592647853100.3,187183599953.06644,89039139491096.39,1068469673893156.8,1.8496782916350845,0.8142199202912587,10.996710680542366,224142047520.31458,72497441059242.77,2.4563388221754265,3.4563388221754265,0.7106765130825345,2.61961312932168,2.3765938418196795,0.6182642433698067,0.8732043764405599,0.45432457214861,0.4543245937762235,6718984478964.355,0.13144679097720768
q74,0.74,D15,3.0,3.3636,16.06144411380042,0.15144263500547184,-0.022619776762158095,0.7244910668741963,0.6463785077781408,1.238473840889287,6.9344676885980805,1e+26,5543657149396.149,187183599953.06644,89039139491096.39,1068469673893156.8,1.8496782916350845,0.7891811606905103,12.675389108094777,231821991985.35797,70268011450467.695,2.5342723567426004,3.5342723567426004,0.7170563275656378,2.5605487503604265,2.284477692032815,0.6094587147152584,0.8535162501201422,0.5470811420345587,0.5470813002248383,9645372677573.45,0.15479319131372904
q74,0.74,D15,3.0,4.0,19.10030219265123,0.18545243904235442,-0.019142108069951536,0.6879749135197909,0.602670365528129,1.2877497125985076,9.591487946791691,1e+26,4661661296927.222,187183599953.06644,89039139491096.39,1068469673893156.8,1.8496782916350845,0.7616836426628337,14.548387750059499,241045627042.71533,67819656107142.47,2.6257620460484516,3.6257620460484516,0.7241959104597465,2.4944333300735235,2.185139337610037,0.5991073451658357,0.8314777766911745,0.6592818515701948,0.659281771444663,13871917358442.297,0.18183264362647833
q74,0.74,D15,3.0,4.7568,22.714079367500844,0.22663410142296958,-0.014219515032829477,0.6485497968080567,0.5569944882924116,1.3470609096508694,13.220453495529526,1e+26,3919997726982.191,187183599953.06644,89039139491096.39,1068469673893156.8,1.8496782916350845,0.7318009734412564,16.622185391959075,252147710424.5021,65158928953956.16,2.7329835195423464,3.7329835195423464,0.7321177565438067,2.4210257030870133,2.079251245271495,0.5869519275549553,0.8070085676956711,0.7953499020532837,0.7953497832879117,20001042478028.254,0.21306012894939386
q74,0.74,D15,3.0,5.6569,27.01212486840219,0.27665219005355524,-0.007360515772359855,0.6065387176957104,0.5099894504619739,1.4186585429665126,18.160035522610187,1e+26,3296265655696.3857,187183599953.06644,89039139491096.39,1068469673893156.8,1.8496782916350845,0.6997028912623067,18.900461869559464,265549613176.64383,62300943337427.97,2.858356060801576,3.858356060801576,0.7408222610247512,2.3402423375320605,1.967720887134822,0.5726938257793568,0.7800807791773535,0.9608248741109255,0.9608249150800956,28934342449819.477,0.24902445197128031
q74,0.74,D15,3.0,6.7272,32.12288822760084,0.33761679877853346,0.002085674752033917,0.5624196063968709,0.46240285229299993,1.5053823607917836,24.860461187950637,1e+26,2771828574698.0747,187183599953.06644,89039139491096.39,1068469673893156.8,1.8496782916350845,0.6656685376763473,21.3831960324078,281782889598.8519,59270553780998.44,3.0044983153048075,4.004498315304808,0.7502808288923243,2.2522083663106627,1.8516914429994562,0.5559913483324379,0.7507361221035542,1.1626164177861806,1.1626170228871913,42031515541805.02,0.2903276903758467
q74,0.74,D15,3.0,8.0,38.20060438530246,0.41228288498410803,0.0149784205250314,0.5167801026464639,0.4150142387482138,1.6109351172136464,33.925899892795066,1e+26,2330830648463.611,187183599953.06644,89039139491096.39,1068469673893156.8,1.8496782916350845,0.6300554315809993,24.068498282636757,301540634530.86536,56099593459663.53,3.1743238765220965,4.174323876522097,0.7604402462338006,2.1572075213886746,1.7324038459033109,0.536437737174093,0.7190691737962248,1.4095558817843186,1.4095563022275663,61380224284224.24,0.33767292591235787
q74,0.74,D15,3.0,9.5137,45.42863624255651,0.5042809665153696,0.03244672347022526,0.47030209435384074,0.3686011397847738,1.7401980880379422,46.16850537411773,1e+26,1959978261634.1575,187183599953.06644,89039139491096.39,1068469673893156.8,1.8496782916350845,0.593292643272755,26.95247567662283,325736542750.38525,52826266423404.125,3.371017697046579,4.371017697046579,0.7712203268644547,2.0556987773787077,1.611162105150786,0.5135474073321509,0.6852329257929025,1.712959597965161,1.7129591457197835,90232615947106.14,0.3918903561483944
q74,0.74,D15,3.0,11.3137,54.02377222924956,0.6184680792828825,0.05597577030458445,0.42372649263023965,0.3238939971052426,1.8997142337720316,62.68485175052497,1e+26,1648147395432.872,187183599953.06644,89039139491096.39,1068469673893156.8,1.8496782916350845,0.5558603244277754,30.02967155816291,355595349159.5301,49493324964290.8,3.5980261805137452,4.598026180513745,0.7825153749150101,1.9483055064911063,1.4892730784011485,0.4867334734371317,0.6494351688303688,2.0874298657504013,2.0874311770550102,133742650471447.86,0.45398400864016253
q74,0.74,D15,3.0,13.4543,64.24529894764686,0.7615224119965294,0.08754776559055344,0.3777904817571072,0.281517584624413,2.0985097351995172,84.9746535403006,1e+26,1385924588251.257,187183599953.06644,89039139491096.39,1068469673893156.8,1.8496782916350845,0.518247662781109,33.29497602429162,392806606771.20184,46144325937301.84,3.8591587451977287,4.859158745197728,0.7942030601514527,1.8357439232825103,1.367938633254658,0.45526171307603136,0.6119146410941702,2.5521759727164155,2.5521755329929112,200271631912343.8,0.5252300500053764
q74,0.74,D15,3.0,16.0,76.40120877060492,0.9428083393442817,0.12985510283413815,0.33319563007179775,0.24197370597277904,2.3492849575993535,115.10745378594625,1e+26,1165415324231.8054,187183599953.06644,89039139491096.39,1068469673893156.8,1.8496782916350845,0.48093574139626505,36.744071983661705,439747615679.03406,42822104564435.91,4.158559715677501,5.158559715677501,0.8061474413176073,1.7188095547281588,1.2482358118843702,0.41820197749706095,0.5729365182427196,3.1326804331066267,3.1326779441691333,303709370095526.75,0.6072781243098291
q74,0.74,D15,3.0,19.0273,90.8567949775582,1.1757964857518286,0.18664311239838494,0.2905691171633468,0.20562530172042592,2.6703731724285507,155.97486323758312,1e+26,979994281254.2445,187183599953.06644,89039139491096.39,1068469673893156.8,1.8496782916350845,0.44437351477703824,40.37435332555429,499850063633.2667,39566635368381.49,4.500718277513655,5.500718277513655,0.8182055597924561,1.5983388536614285,1.1310868554928069,0.3743504403279512,0.5327796178871428,3.8632147485411537,3.8632178113490907,467784271886976.06,0.7023111115636027
q74,0.74,D15,3.0,22.6274,108.04754445849912,1.4804895787943368,0.2632943292408463,0.2504281923722203,0.17268884662431078,3.089087203571083,211.6869398760862,1e+26,824073697716.436,187183599953.06644,89039139491096.39,1068469673893156.8,1.8496782916350845,0.4089539226281596,44.186467136643685,578226463333.3862,36412905362319.74,4.8905265100452295,5.8905265100452295,0.8302358883718322,1.4751539060312702,1.0172282290296373,0.3221046319903097,0.49171796867709006,4.790761937136142,4.790763153239739,734417943470499.0,0.8132995729717152
q74,0.74,D15,3.0,26.9087,128.49107540284854,1.887584606843208,0.36783101836371745,0.21316964113429548,0.1432491543539967,3.647461401082954,288.18899772620676,1e+26,692959718890.5033,187183599953.06644,89039139491096.39,1068469673893156.8,1.8496782916350845,0.3750090454576435,48.18531553664833,682744955744.5629,33390482708926.027,5.333204689927662,6.333204689927662,0.8421020559164302,1.3500469709819167,0.9072262161829034,0.25928503119215207,0.4500156569939722,5.980844002253614,5.980839612774841,1180557506991893.8,0.9443630658836355
q74,0.74,D15,3.0,32.0,152.80241754120985,2.4460903823179265,0.5127240400439979,0.1790634380649128,0.11727607885364671,4.412773553454891,394.270376313667,1e+26,582707662115.9027,187183599953.06644,89039139491096.39,1068469673893156.8,1.8496782916350845,0.3428057256324974,52.38154362361429,825998839513.3718,30523126822938.453,5.834208271492194,6.834208271492194,0.8536772717080718,1.2237568295450572,0.8014891481497632,0.1828441926883798,0.4079189431816857,7.526888089837469,7.526916055503467,1954001239737535.8,1.101355217706157
q74,0.74,D15,5.38,0.25,2.7409391931679434,0.006342312837948727,-0.03259032279952656,0.9400679734989729,0.9295746361694993,1.0152310424355457,0.1978743064031876,1e+26,74586580750835.55,81524595053.12076,204437282464350.84,5372611783163140.0,1.8661638227046957,0.9528960766207969,2.6118302034259058,82766299619.91553,194807484375297.56,4.59651383551977,5.59651383551977,0.8213173362221973,5.261103420016034,5.202377312470859,0.8099258045003509,0.9779002639435007,0.0757608491994819,0.07576077633892186,98263944785.09517,0.013537141004604791
q74,0.74,D15,5.38,0.2973,3.2595248885153185,0.008982242266127871,-0.03770097326617561,0.928077815698377,0.9135676073213712,1.0196405106524984,0.29103971198023093,1e+26,62719963631715.055,81524595053.12076,204437282464350.84,5372611783163140.0,1.8661638227046957,0.9437630387184407,3.0762191135636034,83125779730.7022,192940350925895.94,4.640995483302367,5.640995483302367,0.8227263249970593,5.235282766507671,5.153430746591206,0.8089883498944078,0.9731008859679686,0.09460973877133538,0.09460952180006199,145157417945.7341,0.016771785588787225
q74,0.74,D15,5.38,0.3536,3.8767843948167395,0.012239031291473967,-0.043045471485059106,0.9148535912810135,0.895624912810358,1.0248610638888558,0.4218603180069992,1e+26,52733725078362.234,81524595053.12076,204437282464350.84,5372611783163140.0,1.8661638227046957,0.9337407403143582,3.619911530855333,83551383219.2495,190891419476118.5,4.690809569394397,5.690809569394397,0.8242780771688311,5.206257571856822,5.096830824409208,0.8079234486196679,0.967705868374874,0.11653883863293402,0.1165388495772055,211482078568.78348,0.02047843355157397
q74,0.74,D15,5.38,0.4204,4.609163347231213,0.016198033598466388,-0.04874501392113184,0.9001477926297913,0.8755094547754908,1.0310252133974613,0.6046793181694324,1e+26,44354531845168.625,81524595053.12076,204437282464350.84,5372611783163140.0,1.8661638227046957,0.9226301876209874,4.252553243831712,84053913011.78545,188620008276808.8,4.7472975182980734,5.7472975182980734,0.8260051795098079,5.1734171746826885,5.0318133166776775,0.8067041635664468,0.9616017053313548,0.14219211973722512,0.14219205014601433,304953976856.63525,0.02474068624636061
q74,0.74,D15,5.38,0.5,5.481878386335887,0.020993657846388736,-0.05496272440425454,0.8836028820509346,0.8528542831047843,1.0383352976296407,0.8608218557926566,1e+26,37293290375417.77,81524595053.12076,204437282464350.84,5372611783163140.0,1.8661638227046957,0.9101465372053901,4.989312630704679,84649864668.61807,186067884710609.12,4.812411871003557,5.812411871003557,0.8279543806954371,5.135863880885808,4.957140359354477,0.8052907897887035,0.9546215391981057,0.1725332449050232,0.1725331322717072,437210721579.82227,0.02968357820876122
q74,0.74,D15,5.38,0.5946,6.519049777030637,0.026755682437769046,-0.06182199442392067,0.8649675738786367,0.8274653357895562,1.0469788963331321,1.2180303682079137,1e+26,31359981815857.527,81524595053.12076,204437282464350.84,5372611783163140.0,1.8661638227046957,0.8960811042723882,5.84159732300828,85354530552.7219,183192385825101.66,4.887950408860066,5.887950408860066,0.8301616130300247,5.092886180269418,4.872074862179649,0.8036476833363868,0.9466331190091856,0.2085098393225302,0.2085098060529751,623786461664.0728,0.03541297565234913
q74,0.74,D15,5.38,0.7071,7.752472413956211,0.03365627496900592,-0.06946602852988926,0.8439476441275886,0.7991229796695113,1.0572001798774293,1.715268003955229,1e+26,26370591412401.2,81524595053.12076,204437282464350.84,5372611783163140.0,1.8661638227046957,0.8801871104278433,6.823626292711683,86187816554.59386,179943060916017.75,4.976214657211874,5.976214657211874,0.832669999764276,5.043612280754726,4.775730464015759,0.8017294065573256,0.9374744016272725,0.2513718481898297,0.25137194334602864,887011224401.1459,0.04206206861567807
q74,0.74,D15,5.38,0.8409,9.219423070139694,0.04189735528189509,-0.07803032617102856,0.8202822395061087,0.7676897375162337,1.0692781044720603,2.40554164114582,1e+26,22174628597584.598,81524595053.12076,204437282464350.84,5372611783163140.0,1.8661638227046957,0.8622356241776595,7.9493150054398125,87172464466.25327,176273107850834.03,5.079817949040716,6.079817949040716,0.8355213908735899,4.987166683028555,4.667413845445553,0.7994853463785312,0.9269826548380213,0.30260957145965994,0.3026101067520124,1258181959409.2593,0.0497728671433606
q74,0.74,D15,5.38,1.0,10.963756772671774,0.051715461220314785,-0.08763838761372778,0.7937599400958817,0.733131329927855,1.0835314084426988,3.360479575717397,1e+26,18646645187708.887,81524595053.12076,204437282464350.84,5372611783163140.0,1.8661638227046957,0.8420259950725011,9.231768206241824,88334459300.62862,172141506196963.0,5.201739644181494,6.201739644181494,0.8387549208167412,4.922692488455757,4.546689633205081,0.7968591370789243,0.9149986038021853,0.3640120933017643,0.3640128439467254,1781076877870.813,0.0586952421457454
q74,0.74,D15,5.38,1.1892,13.038099554061274,0.06339249766189381,-0.09839814788055434,0.764228076066167,0.6955227834765598,1.1003310012103977,4.676810418957327,1e+26,15679990907928.764,81524595053.12076,204437282464350.84,5372611783163140.0,1.8661638227046957,0.8193914841330981,10.683307743877354,89704039298.0726,167514168290601.84,5.345430218418688,6.345430218418688,0.8424062726121658,4.849355927634232,4.413391287870841,0.7937870482342895,0.9013672727944669,0.43776742294697457,0.4377684533255628,2517172713670.7007,0.06898950237754775
q74,0.74,D15,5.38,1.4142,15.504944827912421,0.07725989969163582,-0.11038985770672027,0.7316244318728197,0.6550781369369464,1.1201023100565572,6.483952426055013,1e+26,13185295706200.6,81524595053.12076,204437282464350.84,5372611783163140.0,1.8661638227046957,0.7942222190831486,12.314371687986391,91315887245.42593,162368632142165.2,5.514829344684261,6.514829344684261,0.8465040376205795,4.766408318052997,4.267722269577913,0.7901984191718421,0.8859495014968395,0.5265354522070604,0.5265353353434716,3552527211854.073,0.08082106593221283
q74,0.74,D15,5.38,1.6818,18.438846140279388,0.09370852717293587,-0.12365382507357336,0.6959999969116087,0.6121586526861202,1.1433346349917735,8.95419132882368,1e+26,11087314298792.299,81524595053.12076,204437282464350.84,5372611783163140.0,1.8661638227046957,0.7664826622983675,14.133055879311323,93209893127.91196,156697632536319.0,5.714414970413256,6.714414970413256,0.8510666968892373,4.6732327986708855,4.110287221863695,0.7860153681442085,0.868630631723213,0.6335634489720141,0.6335640141760408,5007715300839.186,0.09435874784458065
q74,0.74,D15,5.38,2.0,21.927513545343547,0.1131921440445629,-0.13817715072419,0.6575471961518422,0.5672828688987147,1.1705823939917668,12.314297347220219,1e+26,9323322593854.443,81524595053.12076,204437282464350.84,5372611783163140.0,1.8661638227046957,0.7362342486093052,16.143786458926368,95431255646.49144,150513729042869.62,5.949193491437694,6.949193491437694,0.8560984089402418,4.569422695811487,3.9421584203550513,0.7811539735825623,0.8493350735709084,0.7627889979144507,0.7627882484476702,7051013149496.904,0.10976651564931217
q74,0.74,D15,5.38,2.3784,26.076199108122548,0.13624937913463198,-0.1538873227319828,0.6165932323764483,0.5210865287520473,1.2024906352685623,16.86310017049913,1e+26,7839995453964.382,81524595053.12076,204437282464350.84,5372611783163140.0,1.8661638227046957,0.7036334857435691,18.348086873391615,98032562095.43947,143848917676333.8,6.224831661289411,7.224831661289411,0.8615884705856897,4.4547823074101425,3.7647624511991866,0.775522139805443,0.8280264511914763,0.9190670739366547,0.9190638795775774,9918797487516.432,0.12720932484100445
q74,0.74,D15,5.38,2.8284,31.009889655824843,0.16351399845405923,-0.17063965029252737,0.573609578518813,0.4743037732346491,1.2398047858391243,22.991596214088542,1e+26,6592647853100.3,81524595053.12076,204437282464350.84,5372611783163140.0,1.8661638227046957,0.6689443041197369,20.74388905664558,101074583110.45572,136757155654245.28,6.547630307972555,7.547630307972555,0.8675080841010853,4.329393039771956,3.5798695340515794,0.7690207401329694,0.8047198958683933,1.1083534570686977,1.1083586495054605,13943196014297.59,0.1468481121200682
q74,0.74,D15,5.38,3.3636,36.877692280558776,0.19573901296900464,-0.1882248837873316,0.5291796286439046,0.4277083259976742,1.283402003096022,31.210917273637143,1e+26,5543657149396.149,81524595053.12076,204437282464350.84,5372611783163140.0,1.8661638227046957,0.6325181932507336,23.325811292555564,104628828592.76723,129310300537441.08,6.92470200341533,7.92470200341533,0.8738122897783377,4.193590863280931,3.389461027911186,0.7615408768757111,0.7794778556284258,1.3380419300171345,1.338042550419475,19593370281878.51,0.16884448343645886
q74,0.74,D15,5.38,4.0,43.855027090687095,0.23381189544371583,-0.20635032905842687,0.48399701375769816,0.38208738839271655,1.3343055540058486,42.18492687601574,1e+26,4661661296927.222,81524595053.12076,204437282464350.84,5372611783163140.0,1.8661638227046957,0.5948035429807516,26.085125491057525,108778719967.45676,121600019927152.55,7.363775908345155,8.363775908345154,0.8804367774844104,4.048042563377634,3.195693293921521,0.7529670243472902,0.7524242682858056,1.6172023217164688,1.6172025976889293,27532934084962.535,0.19335794393171568
q74,0.74,D15,5.38,4.7568,52.152398216245096,0.2788111603475114,-0.2246684739413335,0.43878388815699715,0.33815333017260224,1.3937608485413115,56.78286039940709,1e+26,3919997726982.191,81524595053.12076,204437282464350.84,5372611783163140.0,1.8661638227046957,0.5562873479120297,29.011719290967054,113625788778.2244,113725873676436.23,7.873628649725546,8.873628649725546,0.8873065304540404,3.8936052809878996,3.0006470786197053,0.7431686244923429,0.723718453715223,1.9572383613361843,1.9572401767232885,38711983811798.6,0.22056803911141287
q74,0.74,D15,5.38,5.6569,62.020875687326956,0.332053033833442,-0.24277792350259209,0.39425915271635315,0.2965167222647963,1.46329297843071,76.14378787353483,1e+26,3296265655696.386,81524595053.12076,204437282464350.84,5372611783163140.0,1.8661638227046957,0.5174781042887809,32.0944451770081,119294367510.63861,105791817375602.31,8.464126237804491,9.464126237804491,0.8943378421976774,3.7313183917174055,2.8062716911340457,0.7319982121547842,0.6935536044084397,2.372491076934868,2.372491579892322,54501150085425.43,0.25068255293803077
q74,0.74,D15,5.38,6.7272,73.75538456111755,0.3951396142136032,-0.26022655581827503,0.3511094051472372,0.2576715274239601,1.5447665936729362,101.75573762917634,1e+26,2771828574698.0747,81524595053.12076,204437282464350.84,5372611783163140.0,1.8661638227046957,0.47889011013812266,35.320724235753175,125936471000.77486,97902992715691.47,9.146148369480233,10.146148369480233,0.9014404320157573,3.5624081185438157,2.6143735478340937,0.7192910057680971,0.6621576428520104,2.880909970912887,2.880891489404652,76888551006595.33,0.2839410086750149
q74,0.74,D15,5.38,8.0,87.71005418137419,0.4700918444932767,-0.2765254738393428,0.30992489592285405,0.22195516307015795,1.6405524194550616,135.58824154669958,1e+26,2330830648463.611,81524595053.12076,204437282464350.84,5372611783163140.0,1.8661638227046957,0.4409944586842107,38.6796478648779,133745371659.49141,90155708715237.48,9.932097589317896,10.932097589317896,0.9085262465112705,3.388129207587833,2.4264355031359344,0.7048518699462626,0.6297637932319392,3.5054144547379122,3.505423819759816,108805798549921.38,0.3206535359652207
q74,0.74,D15,5.38,9.5137,104.30589280816746,0.5594713146530976,-0.2911592679245849,0.2711802596447904,0.18955967362658208,1.7536792102187784,180.2528810680067,1e+26,1959978261634.1577,81524595053.12076,204437282464350.84,5372611783163140.0,1.8661638227046957,0.40420205014974453,42.16065571576078,142967987466.16254,82633968699133.03,10.836164730924406,11.836164730924406,0.9155131731660261,3.2097342249305916,2.243659523384492,0.6884477249758508,0.5966048745224148,4.275383634442855,4.275356632562541,154622349847622.8,0.36121341150874287
q74,0.74,D15,5.38,11.3137,124.04065499897665,0.6665606841683183,-0.30355542219350895,0.23523935580448938,0.16055482500287296,1.888048379684717,239.22499514330642,1e+26,1648147395432.8723,81524595053.12076,204437282464350.84,5372611783163140.0,1.8661638227046957,0.3688700910952236,45.75488770898372,153922379594.49734,75410799005885.06,11.874099054751785,12.874099054751785,0.9223246616522728,3.0284947682029952,2.066998720805325,0.6698029626799171,0.562917243160408,5.228402042617567,5.228411261913519,220932483065638.78,0.40611797822265316
q74,0.74,D15,5.38,13.4543,147.50967274655784,0.7956761620513955,-0.31309581632809746,0.2023267511552884,0.13488937630379497,2.0488204493526494,317.180727028279,1e+26,1385924588251.257,81524595053.12076,204437282464350.84,5372611783163140.0,1.8661638227046957,0.3352681216594351,49.45529090833641,167029257470.02765,68541303688982.27,13.064170784627112,14.064170784627112,0.9288973366923947,2.845557982546727,1.897107225368406,0.6485750752107267,0.5289141231499492,6.413482272672248,6.413505142786683,317870767916021.9,0.4560157988784397
q74,0.74,D15,5.38,16.0,175.42010836274838,0.9525606509946465,-0.3190664465343216,0.17255400058129547,0.11242752452809804,2.242886472348292,420.44397275089494,1e+26,1165415324231.8054,81524595053.12076,204437282464350.84,5372611783163140.0,1.8661638227046957,0.30359697731501506,53.257014659202795,182850411408.31702,62066541006672.84,14.427021107839527,15.427021107839527,0.9351786716949632,2.6619942092097992,1.7344217939971147,0.6243417823599078,0.4947944626784014,7.894619037441126,7.894650966920951,461270120349890.2,0.5117398277292295
q74,0.74,D15,5.38,19.0273,208.61068924065765,1.144992507559532,-0.3206145937330356,0.14593010617224583,0.09297031025001154,2.4796060010053234,557.631621784495,1e+26,979994281254.2445,81524595053.12076,204437282464350.84,5372611783163140.0,1.8661638227046957,0.27398925716082173,57.15708778085481,202148875123.24713,56013619158384.57,15.986028231132797,16.9860282311328,0.9411280856011323,2.4787729032139745,1.579196314563871,0.5965745798239923,0.46073845784646367,9.756122006163531,9.756126953378262,676347630461326.0,0.5743616364171089
q74,0.74,D15,5.38,22.6274,248.0813099979533,1.3837577240177237,-0.3166685902854699,0.12237634500973138,0.07627510027139066,2.7719829099316944,740.6189934506754,1e+26,824073697716.4362,81524595053.12076,204437282464350.84,5372611783163140.0,1.8661638227046957,0.24651357238395397,61.15540996928658,225984784226.3527,50396564828754.59,17.76778437650479,18.76778437650479,0.9467172054016194,2.2967328559273965,1.4315146351897419,0.5645989051712283,0.4269020178303711,12.110438353302053,12.110448054257715,1004211740573336.4,0.645278070255273
q74,0.74,D15,5.38,26.9087,295.02044186879294,1.6841305235182786,-0.30581862450674124,0.10174779407622932,0.062076629739578004,3.1384568130217074,985.9349266847177,1e+26,692959718890.5033,81524595053.12076,204437282464350.84,5372611783163140.0,1.8661638227046957,0.22118557522061313,65.25426613658843,255861420773.30264,45218577918416.41,19.80237633322759,20.80237633322759,0.9519285689297572,2.116595903449467,1.2913414133411294,0.5275432602083959,0.39341931290882287,15.109121970621949,15.109120424371994,1513576266789443.0,0.7263171824511971
q74,0.74,D15,5.38,32.0,350.84021672549676,2.0683007515429233,-0.2861171339008689,0.08385322412515822,0.05010281499979951,3.6058390815529213,1316.875668572021,1e+26,582707662115.9027,81524595053.12076,204437282464350.84,5372611783163140.0,1.8661638227046957,0.19797967961223722,69.45923370240172,293964570950.3188,40474427683088.625,22.12348261487574,23.12348261487574,0.9567539190936282,1.9389785702593751,1.1585515716041994,0.4842645425079499,0.360404938709921,18.958958393934584,18.959359995557463,2322688745440130.0,0.8199010442346832
q74,0.74,D15,8.0,0.25,4.820660296871082,0.011622433344690819,-0.05956993300776936,0.8959615833721579,0.86977375180762,1.0217927713950423,0.6642962709215661,1e+26,74586580750835.55,46353392279.74228,359556568504921.8,1.5101375877206716e+16,1.8821059022987758,0.9203725973792825,4.436803638514421,47363561161.07942,330926012859656.8,7.605615399602475,8.605615399602474,0.8837968055083901,7.710300799319658,7.484938392725675,0.8703033738854601,0.9637875999149572,0.14972427935625254,0.1497240129376658,188780622341.2235,0.017398417242020514
q74,0.74,D15,8.0,0.2973,5.73272922503909,0.014970418743121439,-0.06817754935217546,0.8789043154692557,0.8464354170223002,1.0268486998995925,0.943806250798966,1e+26,62719963631715.06,46353392279.74228,359556568504921.8,1.5101375877206716e+16,1.8821059022987758,0.9074583731166432,5.202213136072208,47597920598.38917,326282618698879.25,7.713852455797695,8.713852455797696,0.8852401959899311,7.658642527762967,7.375713337293917,0.8694285578188368,0.9573303159703709,0.18142504423778605,0.1814236793241113,269539289914.75534,0.02082018449200973
q74,0.74,D15,8.0,0.3536,6.818341923894458,0.018983570777922898,-0.07784641587754126,0.8596592458326324,0.8202741713559334,1.032816426014418,1.3338617954608094,1e+26,52733725078362.234,46353392279.74228,359556568504921.8,1.5101375877206716e+16,1.8821059022987758,0.8928533289124757,6.087779284412662,47874544948.00773,321031279121966.06,7.840033489628388,8.840033489628388,0.8868782566069173,7.599416522829154,7.251251145463626,0.8684109501044016,0.9499270653536442,0.21910458102926178,0.21910491163831503,383148158887.31287,0.024785523255133057
q74,0.74,D15,8.0,0.4204,8.106422355218411,0.02375901891984511,-0.08872990821499316,0.8380113382992086,0.7911878108049987,1.0398288656533936,1.8749566688888382,1e+26,44354531845168.62,46353392279.74228,359556568504921.8,1.5101375877206716e+16,1.8821059022987758,0.876365450013157,7.104188475327699,48199595313.43118,315102953963002.3,7.987535336879047,8.987535336879047,0.8887347907388308,7.531656515669439,7.110828407717899,0.8672270837206234,0.9414570644586798,0.26392240419192525,0.26392284653582565,542232916023.96594,0.0293654199374771
q74,0.74,D15,8.0,0.5,9.641320593742163,0.029447277371764002,-0.10105267261303075,0.8136228744560681,0.7589442528585205,1.048090127369592,2.6265182341732167,1e+26,37293290375417.77,46353392279.74228,359556568504921.8,1.5101375877206716e+16,1.8821059022987758,0.8577004056350298,8.26936458411002,48582532818.48775,308391814655410.8,8.161357921729435,9.161357921729435,0.8908458758468389,7.453890366198372,6.952959943076434,0.8658418690279155,0.9317362957747966,0.3176198333850697,0.3176205846257094,765617449860.4608,0.034669573160783784
q74,0.74,D15,8.0,0.5946,11.46545845007818,0.03618589508789305,-0.11495132398231711,0.7863576110522895,0.7236182541597227,1.0577769263836374,3.664059746478103,1e+26,31359981815857.53,46353392279.74228,359556568504921.8,1.5101375877206716e+16,1.8821059022987758,0.8367063545652449,9.593221943184197,49031548813.12082,300843265693741.9,8.36613701068067,9.36613701068067,0.8932323967864606,7.365133124507285,6.777507711889511,0.8642251289834088,0.9206416405634106,0.3819441318008434,0.38194158131557976,1077927145881.7932,0.04077909769861776
q74,0.74,D15,8.0,0.7071,13.634755583670167,0.04415392080731673,-0.13057442403017483,0.7560795685663262,0.6853094086047108,1.0691151129269585,5.091569801962217,1e+26,26370591412401.2,46353392279.74228,359556568504921.8,1.5101375877206716e+16,1.8821059022987758,0.813219797809765,11.088053178937818,49557112221.70427,292398519940745.44,8.607758958713273,9.607758958713273,0.8959174554339646,7.264230248393186,6.584287610012405,0.8623391652238452,0.9080287810491483,0.45919490881644087,0.4591936917485868,1513940976362.893,0.04779410857125299
q74,0.74,D15,8.0,0.8409,16.21477297455557,0.0535540169702855,-0.14803200421738372,0.722758769427812,0.6442733350091814,1.0823520199970955,7.047148544772993,1e+26,22174628597584.598,46353392279.74228,359556568504921.8,1.5101375877206716e+16,1.8821059022987758,0.7871450138605576,12.763377697802339,50170687767.69683,283023160099461.2,8.892897594140193,9.892897594140193,0.8989173808296242,7.150178491216128,6.373730125881009,0.8601433514941644,0.893772311402016,0.5521362528308722,0.5521400928647271,2121361735754.3093,0.05581158453793478
q74,0.74,D15,8.0,1.0,19.282641187484327,0.06461512931088942,-0.1673827485717695,0.6864919963856,0.6009245264230895,1.0977576832941265,9.712694515569781,1e+26,18646645187708.887,46353392279.74228,359556568504921.8,1.5101375877206716e+16,1.8821059022987758,0.7584708939861222,14.625322099884858,50884792521.83373,272713191952510.44,9.229095085259896,10.229095085259896,0.9022396417605896,7.022191906298195,6.146914119846556,0.857594321923458,0.8777739882872744,0.6641024887972964,0.6640998445784028,2965370671516.324,0.06492278391334594
q74,0.74,D15,8.0,1.1892,22.93091690015636,0.0776010454921876,-0.1886175170694897,0.6475162020350305,0.555817853187053,1.1156322687152844,13.327666721443403,1e+26,15679990907928.766,46353392279.74228,359556568504921.8,1.5101375877206716e+16,1.8821059022987758,0.7272848820201879,16.677309192344953,51713340191.698425,261500056504685.7,9.624839142202456,10.624839142202456,0.9058809280200822,6.879755488592065,5.905475282476739,0.8546459969895458,0.8599694360740081,0.7991505567264738,0.79914857431085,4135308978765.4844,0.07521523870579472
q74,0.74,D15,8.0,1.4142,27.269511167340333,0.09281077941535876,-0.211661119729617,0.6062045705533531,0.5096225239402064,1.136306765007498,18.204389536527305,1e+26,13185295706200.6,46353392279.74228,359556568504921.8,1.5101375877206716e+16,1.8821059022987758,0.6937729357487201,18.91884881899821,52671673228.51749,249450616099395.4,10.08975651730432,11.08975651730432,0.9098266947124031,6.722661087113713,5.65158970623098,0.8512493807077612,0.8403326358892141,0.9622366614967932,0.9622338112979447,5753133941955.654,0.08676797434503669
q74,0.74,D15,8.0,1.6818,32.42954594911114,0.11058484086410392,-0.23635845628193375,0.5630672217570787,0.4630884720938929,1.160148169027824,24.748901487470377,1e+26,11087314298792.299,46353392279.74228,359556568504921.8,1.5101375877206716e+16,1.8821059022987758,0.6582275989436585,21.346022164916473,53776803181.57147,236670056771415.75,10.634619410115574,11.634619410115574,0.9140496165151253,6.5510728274547585,5.387858126024371,0.8473532463554488,0.8188841034318448,1.159414583305037,1.1594165599738409,7985500825510.775,0.09965218929153252
q74,0.74,D15,8.0,2.0,38.56528237496865,0.13130410290940153,-0.26247339629026345,0.5187361498035347,0.41700748411719335,1.1875580313664968,33.48415010890019,1e+26,9323322593854.443,46353392279.74228,359556568504921.8,1.5101375877206716e+16,1.8821059022987758,0.6210446851688426,23.950763651009925,55047343282.88971,223300695887528.56,11.271330658110243,12.271330658110243,0.9185092450149984,6.3655828185541825,5.117236724508735,0.8429051936791657,0.7956978523192728,1.3980384959205332,1.3980481058673395,11059281033482.625,0.11392743225258073
q74,0.74,D15,8.0,2.3784,45.86183380031272,0.15540801594377718,-0.2897107553262468,0.47390435514047696,0.372132933347019,1.2189964118394951,45.08732407840154,1e+26,7839995453964.383,46353392279.74228,359556568504921.8,1.5101375877206716e+16,1.8821059022987758,0.582683622178928,26.722939438534205,56504618865.59439,209507723714673.7,12.01338038955636,13.01338038955636,0.923156015572823,6.167097641710436,4.8427074171261815,0.8378491702098864,0.7708872052138045,1.687211774044966,1.68722294011947,15285852376317.693,0.1296522802221034
q74,0.74,D15,8.0,2.8284,54.539022334680666,0.18339916684923008,-0.31772179830562963,0.4292963846055776,0.329147396279365,1.2549878761570672,60.43184042269598,1e+26,6592647853100.3,46353392279.74228,359556568504921.8,1.5101375877206716e+16,1.8821059022987758,0.5436532214028976,29.650315184413728,58172945329.82916,195474086744272.38,12.8758549097465,13.8758549097465,0.9279323683834722,5.956854346065726,4.567201514693304,0.8321261622486268,0.7446067932582158,2.0381525459531407,2.0381487059138945,21092988894542.72,0.14688478251656534
q74,0.74,D15,8.0,3.3636,64.85909189822227,0.21586106381624526,-0.34612350049126983,0.38561718053364497,0.28861906621750105,1.2961445730030332,80.64740183720781,1e+26,5543657149396.149,46353392279.74228,359556568504921.8,1.5101375877206716e+16,1.8821059022987758,0.5044780598770442,32.719988846202085,60080697843.668655,181388400095410.47,13.875727324407531,14.875727324407531,0.9327763961927941,5.736336029225335,4.293418529676667,0.8256726950957499,0.7170420036531668,2.4647745663704974,2.4647763989246063,29072113089949.27,0.16569105773811543
q74,0.74,D15,8.0,4.0,77.1305647499373,0.25346487807853824,-0.374517502192967,0.343515900519954,0.2509863007774883,1.3431766466887536,107.18862666591406,1e+26,4661661296927.222,46353392279.74228,359556568504921.8,1.5101375877206716e+16,1.8821059022987758,0.4656740417196758,35.91770182722446,62260794004.95259,167436160482544.44,15.031973811874671,16.03197381187467,0.9376246486094362,5.507237921098447,4.0238058012039915,0.8184207738385588,0.6884047401373059,2.984281201413257,2.9843043450893028,40041894027121.46,0.18614578822706562
q74,0.74,D15,8.0,4.7568,91.72366760062545,0.2970142286439563,-0.4025217781426582,0.3035304508269412,0.2165281461376287,1.3969479438991872,141.94902903103784,1e+26,3919997726982.1914,46353392279.74228,359556568504921.8,1.5101375877206716e+16,1.8821059022987758,0.42770256720493777,39.230448106239876,64753276037.93843,153783267404953.12,16.36651387375443,17.36651387375443,0.9424179194932568,5.271265785393011,3.760339053957455,0.8102922446500309,0.6589082231741263,3.61833723623341,3.618347677537699,55149987960984.78,0.2083514609161341
q74,0.74,D15,8.0,5.6569,109.0799729334801,0.3474737773496188,-0.4297706839528347,0.2660842658532546,0.18538544445410496,1.4585087003928268,187.39678035324434,1e+26,3296265655696.386,46353392279.74228,359556568504921.8,1.5101375877206716e+16,1.8821059022987758,0.39096737365610695,42.646710536281944,67606825932.7258,140574887269171.39,17.90430729434003,18.90430729434003,0.9471020024997477,5.030138727878793,3.5045834098582045,0.8011983259114407,0.6287673409848491,4.394166747797536,4.394174764851334,76015809058170.23,0.23244267000777086
q74,0.74,D15,8.0,6.7272,129.71818379644455,0.40599302294705564,-0.4559215744938421,0.2314857497355958,0.15758397864057644,1.5291236797243268,246.73720820198938,1e+26,2771828574698.0747,46353392279.74228,359556568504921.8,1.5101375877206716e+16,1.8821059022987758,0.35581060755284705,46.15510578726482,70880069770.50471,127934041089353.11,19.673387615236624,20.673387615236624,0.951628633941784,4.785594631687631,3.2577946723878055,0.7910395516204949,0.5981993289609538,5.345822770986372,5.345884477707376,104932503194019.34,0.25858497197006614
q74,0.74,D15,8.0,8.0,154.2611294998746,0.473999324148743,-0.48068172051360536,0.19990452776140055,0.13303504187801735,1.6103823305290788,324.1876100797713,1e+26,2330830648463.611,46353392279.74228,359556568504921.8,1.5101375877206716e+16,1.8821059022987758,0.3224813571543452,49.74633839728177,74646683887.37997,115950290185226.48,21.706681160640482,22.706681160640482,0.9559600985751546,4.539168374446526,3.020784279116594,0.7796953279747124,0.5673960468058158,6.516816516034333,6.516764773957408,145197180298979.3,0.28699984387969835
q74,0.74,D15,8.0,9.5137,183.44926346536963,0.5532630502475377,-0.5037796432606225,0.17140776017363346,0.11157766137685898,1.7042691493201323,425.29894984538424,1e+26,1959978261634.158,46353392279.74228,359556568504921.8,1.5101375877206716e+16,1.8821059022987758,0.2911631398933261,53.413663561695046,78998656428.69876,104689619455162.83,24.04150471300935,25.04150471300935,0.9600662974745089,4.292308234234419,2.7940725332351755,0.7670251190200553,0.5365385292793023,7.96236744577798,7.962256903396542,201588273709931.38,0.31796663202143804
q74,0.74,D15,8.0,11.3137,218.15801760284145,0.6459946752958248,-0.524972755058187,0.14596945284991703,0.09299841866213024,1.8132757367749694,557.3892837997032,1e+26,1648147395432.872,46353392279.74228,359556568504921.8,1.5101375877206716e+16,1.8821059022987758,0.26197187515820414,57.151264952212884,84051481538.06886,94193708476683.66,26.72042560207166,27.72042560207166,0.9639255177984978,4.046335357901232,2.577955745633894,0.752862797680051,0.505791919737654,9.752871009915447,9.753051136677016,281096370580849.1,0.3518300197598023
q74,0.74,D15,8.0,13.4543,259.4344393287704,0.7550239847814288,-0.5440568652057669,0.12347706264914671,0.07704424805931614,1.9406069633510286,730.1988412328701,1e+26,1385924588251.2568,46353392279.74228,359556568504921.8,1.5101375877206716e+16,1.8821059022987758,0.23494872656074214,60.953791146294726,89953715833.00967,84477357896781.62,29.793734584001946,30.793734584001946,0.9675258615588794,3.802319894430004,2.3724801259625883,0.7370026647508291,0.4752899868037505,11.979554284572975,11.979303448964446,394104594395127.25,0.38902549779606943
q74,0.74,D15,8.0,16.0,308.5222589997492,0.8839951061517606,-0.5608077612258503,0.1037743160562568,0.06345321189531952,2.090395515777134,956.7281605691836,1e+26,1165415324231.8054,46353392279.74228,359556568504921.8,1.5101375877206716e+16,1.8821059022987758,0.21010006740799664,64.82054741271472,96896923362.63167,75542859279872.03,33.317457182946015,34.317457182946015,0.9708603118620063,3.5612706479500997,2.1775528823380284,0.7192013472563201,0.44515883099376247,14.759643525212358,14.759602490777501,556224091521262.5,0.4300914085995089
q74,0.74,D15,8.0,19.0273,366.89659866662055,1.0376627661404578,-0.5750149540197821,0.08665835888419254,0.05195795946513559,2.2680452975919208,1254.4140440760655,1e+26,979994281254.2445,46353392279.74228,359556568504921.8,1.5101375877206716e+16,1.8821059022987758,0.18737943480733935,68.74887729088657,105131593387.50311,67373506587718.64,37.357354648856166,38.357354648856166,0.9739293804498632,3.323985405008829,1.9929698780350988,0.6991563204540172,0.41549817562610364,18.24632934576678,18.245736094911273,791271283328269.9,0.47569287333359966
q74,0.74,D15,8.0,22.6274,436.3160352056829,1.2223529220018001,-0.5864187771904084,0.07190838429863065,0.04230133201631622,2.4807488790292584,1646.8500097500298,1e+26,824073697716.436,46353392279.74228,359556568504921.8,1.5101375877206716e+16,1.8821059022987758,0.16671627922751694,72.74098595679375,114991125937.17415,59943933272954.37,41.98750135520439,42.98750135520439,0.9767374244030368,3.091161767487943,1.8184285673783445,0.6764970340543977,0.3863952209359929,22.639917523502234,22.63983210088226,1136238821224813.0,0.5266628021551867
q74,0.74,D15,8.0,26.9087,518.8708069216594,1.44660531528439,-0.5947145260204233,0.05928962426475374,0.034239680534856175,2.7382224354707922,2166.164326123369,1e+26,692959718890.5034,46353392279.74228,359556568504921.8,1.5101375877206716e+16,1.8821059022987758,0.14801042776128392,76.79829008531738,126925898700.56892,53218121508792.87,47.29396506636566,48.29396506636566,0.9792934790376852,2.8633310430399628,1.6535699356338642,0.6507564144806978,0.35791638037999535,28.205879972565597,28.206711759288122,1649654122957925.2,0.5840458688268768
q74,0.74,D15,8.0,32.0,617.0445179994985,1.7221660467635513,-0.5994998555120172,0.04856826274389876,0.027549274373947354,3.0538326042314896,2856.481533487831,1e+26,582707662115.9027,46353392279.74228,359556568504921.8,1.5101375877206716e+16,1.8821059022987758,0.13114672491643342,80.92336766327347,141555500660.6092,47154666381611.73,53.37533212865509,54.37533212865509,0.981609307734729,2.6409154176112803,1.4980009439868338,0.6213434200386075,0.33011442720141004,35.2985967044444,35.29810344060037,2426104041603927.5,0.649165610489888
