set,tau,level,year,n,share_gt1,share_gt1_cw,share_lt1,share_lt1_cw
S1,1.0,models,all,77,0.7792207792207793,0.23726581020279672,0.0,0.0
S1,1.0,models,2023,24,0.625,0.11920581733460503,0.0,0.0
S1,1.0,models,2024,40,0.875,0.19210574132196373,0.0,0.0
S1,1.0,models,2025,13,0.7692307692307693,0.48646881457147517,0.0,0.0
S1,1.0,models below 15B,all,59,0.9830508474576272,0.995400355729795,0.0,0.0
S1,1.0,models below 15B,2023,16,0.9375,0.9315878049221654,0.0,0.0
S1,1.0,models below 15B,2024,33,1.0,1.0,0.0,0.0
S1,1.0,models below 15B,2025,10,1.0,1.0,0.0,0.0
S1,1.0,decisions (49),all,49,0.6938775510204082,0.1386968460757243,0.0,0.0
S1,1.0,decisions (49),2023,16,0.5,0.04257919653673692,0.0,0.0
S1,1.0,decisions (49),2024,27,0.8518518518518519,0.08157910141232515,0.0,0.0
S1,1.0,decisions (49),2025,6,0.5,0.42637120327361794,0.0,0.0
S1,1.0,decisions (56),all,56,0.7142857142857143,0.1458490404048809,0.0,0.0
S1,1.0,decisions (56),2023,19,0.5263157894736842,0.07569647860567952,0.0,0.0
S1,1.0,decisions (56),2024,30,0.8666666666666667,0.08664652078031833,0.0,0.0
S1,1.0,decisions (56),2025,7,0.5714285714285714,0.42760337877536403,0.0,0.0
S1,1.3,models,all,77,0.7402597402597403,0.2325444538231017,0.0,0.0
S1,1.3,models,2023,24,0.5,0.06887840943264799,0.0,0.0
S1,1.3,models,2024,40,0.875,0.19210574132196373,0.0,0.0
S1,1.3,models,2025,13,0.7692307692307693,0.48646881457147517,0.0,0.0
S1,1.3,models below 15B,all,59,0.9322033898305084,0.9689566918993501,0.0,0.0
S1,1.3,models below 15B,2023,16,0.75,0.5382815007239036,0.0,0.0
S1,1.3,models below 15B,2024,33,1.0,1.0,0.0,0.0
S1,1.3,models below 15B,2025,10,1.0,1.0,0.0,0.0
S1,1.3,decisions (49),all,49,0.673469387755102,0.1381159723047163,0.0,0.0
S1,1.3,decisions (49),2023,16,0.4375,0.0363873590938376,0.0,0.0
S1,1.3,decisions (49),2024,27,0.8518518518518519,0.08157910141232515,0.0,0.0
S1,1.3,decisions (49),2025,6,0.5,0.42637120327361794,0.0,0.0
S1,1.3,decisions (56),all,56,0.6785714285714286,0.14258650259308925,0.0,0.0
S1,1.3,decisions (56),2023,19,0.42105263157894735,0.040919381084351836,0.0,0.0
S1,1.3,decisions (56),2024,30,0.8666666666666667,0.08664652078031833,0.0,0.0
S1,1.3,decisions (56),2025,7,0.5714285714285714,0.42760337877536403,0.0,0.0
S1,1.84,models,all,77,0.6623376623376623,0.17097332093407522,0.0,0.0
S1,1.84,models,2023,24,0.3333333333333333,0.047260458619884566,0.0,0.0
S1,1.84,models,2024,40,0.825,0.11048819947479054,0.0,0.0
S1,1.84,models,2025,13,0.7692307692307693,0.48646881457147517,0.0,0.0
S1,1.84,models below 15B,all,59,0.864406779661017,0.9575979144890477,0.0,0.0
S1,1.84,models below 15B,2023,16,0.5,0.3693382411172994,0.0,0.0
S1,1.84,models below 15B,2024,33,1.0,1.0,0.0,0.0
S1,1.84,models below 15B,2025,10,1.0,1.0,0.0,0.0
S1,1.84,decisions (49),all,49,0.6122448979591837,0.11462204597154485,0.0,0.0
S1,1.84,decisions (49),2023,16,0.3125,0.024009383312713503,0.0,0.0
S1,1.84,decisions (49),2024,27,0.8148148148148148,0.05098288004831185,0.0,0.0
S1,1.84,decisions (49),2025,6,0.5,0.42637120327361794,0.0,0.0
S1,1.84,decisions (56),all,56,0.6071428571428571,0.11866741446776838,0.0,0.0
S1,1.84,decisions (56),2023,19,0.2631578947368421,0.024009383312713507,0.0,0.0
S1,1.84,decisions (56),2024,30,0.8333333333333334,0.056034385636257976,0.0,0.0
S1,1.84,decisions (56),2025,7,0.5714285714285714,0.42760337877536403,0.0,0.0
S1,3.4,models,all,77,0.5324675324675324,0.15746732980646963,0.0,0.0
S1,3.4,models,2023,24,0.125,0.02236710606689069,0.0,0.0
S1,3.4,models,2024,40,0.7,0.09517621220173272,0.0,0.0
S1,3.4,models,2025,13,0.7692307692307693,0.48646881457147517,0.0,0.0
S1,3.4,models below 15B,all,59,0.6949152542372882,0.8819527268875884,0.0,0.0
S1,3.4,models below 15B,2023,16,0.1875,0.17479787236245106,0.0,0.0
S1,3.4,models below 15B,2024,33,0.8484848484848485,0.8614151796676579,0.0,0.0
S1,3.4,models below 15B,2025,10,1.0,1.0,0.0,0.0
S1,3.4,decisions (49),all,49,0.46938775510204084,0.10303337000107163,0.0,0.0
S1,3.4,decisions (49),2023,16,0.125,0.01013779009171165,0.0,0.0
S1,3.4,decisions (49),2024,27,0.6666666666666666,0.03688903460487899,0.0,0.0
S1,3.4,decisions (49),2025,6,0.5,0.42637120327361794,0.0,0.0
S1,3.4,decisions (56),all,56,0.48214285714285715,0.10707873849729516,0.0,0.0
S1,3.4,decisions (56),2023,19,0.10526315789473684,0.01013779009171165,0.0,0.0
S1,3.4,decisions (56),2024,30,0.7,0.04193320966812614,0.0,0.0
S1,3.4,decisions (56),2025,7,0.5714285714285714,0.42760337877536403,0.0,0.0
S1,4.4,models,all,77,0.4675324675324675,0.13227484196290618,0.0,0.0
S1,4.4,models,2023,24,0.08333333333333333,0.01013779009171165,0.0,0.0
S1,4.4,models,2024,40,0.6,0.06221669022978804,0.0,0.0
S1,4.4,models,2025,13,0.7692307692307693,0.48646881457147517,0.0,0.0
S1,4.4,models below 15B,all,59,0.6101694915254238,0.740853088136996,0.0,0.0
S1,4.4,models below 15B,2023,16,0.125,0.07922634842383404,0.0,0.0
S1,4.4,models below 15B,2024,33,0.7272727272727273,0.5631071057862941,0.0,0.0
S1,4.4,models below 15B,2025,10,1.0,1.0,0.0,0.0
S1,4.4,decisions (49),all,49,0.40816326530612246,0.09538322723299875,0.0,0.0
S1,4.4,decisions (49),2023,16,0.125,0.01013779009171165,0.0,0.0
S1,4.4,decisions (49),2024,27,0.5555555555555556,0.02640820063796071,0.0,0.0
S1,4.4,decisions (49),2025,6,0.5,0.42637120327361794,0.0,0.0
S1,4.4,decisions (56),all,56,0.42857142857142855,0.0998080447428053,0.0,0.0
S1,4.4,decisions (56),2023,19,0.10526315789473684,0.01013779009171165,0.0,0.0
S1,4.4,decisions (56),2024,30,0.6,0.03196704678340683,0.0,0.0
S1,4.4,decisions (56),2025,7,0.5714285714285714,0.42760337877536403,0.0,0.0
S1,8.0,models,all,77,0.37662337662337664,0.07960723079159537,0.0,0.0
S1,8.0,models,2023,24,0.041666666666666664,0.007520465894132805,0.0,0.0
S1,8.0,models,2024,40,0.525,0.04896777252211685,0.0,0.0
S1,8.0,models,2025,13,0.5384615384615384,0.2444271180974783,0.0,0.0
S1,8.0,models below 15B,all,59,0.4915254237288136,0.44586908511693385,0.0,0.0
S1,8.0,models below 15B,2023,16,0.0625,0.05877208403883306,0.0,0.0
S1,8.0,models below 15B,2024,33,0.6363636363636364,0.4431945923174315,0.0,0.0
S1,8.0,models below 15B,2025,10,0.7,0.5024517723973557,0.0,0.0
S1,8.0,decisions (49),all,49,0.30612244897959184,0.013934123218742222,0.0,0.0
S1,8.0,decisions (49),2023,16,0.0625,0.007520465894132804,0.0,0.0
S1,8.0,decisions (49),2024,27,0.48148148148148145,0.015146288082421602,0.0,0.0
S1,8.0,decisions (49),2025,6,0.16666666666666666,0.012328080303949846,0.0,0.0
S1,8.0,decisions (56),all,56,0.32142857142857145,0.014995378942665104,0.0,0.0
S1,8.0,decisions (56),2023,19,0.05263157894736842,0.007520465894132805,0.0,0.0
S1,8.0,decisions (56),2024,30,0.5,0.016088739371540046,0.0,0.0
S1,8.0,decisions (56),2025,7,0.2857142857142857,0.01444963548067242,0.0,0.0
S1,10.0,models,all,77,0.3246753246753247,0.057691550983924526,0.0,0.0
S1,10.0,models,2023,24,0.041666666666666664,0.007520465894132805,0.0,0.0
S1,10.0,models,2024,40,0.45,0.02937485628003496,0.0,0.0
S1,10.0,models,2025,13,0.46153846153846156,0.20128000979841176,0.0,0.0
S1,10.0,models below 15B,all,59,0.423728813559322,0.3231223947924979,0.0,0.0
S1,10.0,models below 15B,2023,16,0.0625,0.05877208403883306,0.0,0.0
S1,10.0,models below 15B,2024,33,0.5454545454545454,0.26586419563056823,0.0,0.0
S1,10.0,models below 15B,2025,10,0.6,0.4137572723458481,0.0,0.0
S1,10.0,decisions (49),all,49,0.2653061224489796,0.00724041160069786,0.0,0.0
S1,10.0,decisions (49),2023,16,0.0625,0.007520465894132804,0.0,0.0
S1,10.0,decisions (49),2024,27,0.4074074074074074,0.005975782090828535,0.0,0.0
S1,10.0,decisions (49),2025,6,0.16666666666666666,0.012328080303949846,0.0,0.0
S1,10.0,decisions (56),all,56,0.2857142857142857,0.00830166732462074,0.0,0.0
S1,10.0,decisions (56),2023,19,0.05263157894736842,0.007520465894132805,0.0,0.0
S1,10.0,decisions (56),2024,30,0.43333333333333335,0.006913463594373316,0.0,0.0
S1,10.0,decisions (56),2025,7,0.2857142857142857,0.01444963548067242,0.0,0.0
S2(a),1.0,models,all,77,0.8701298701298701,0.48465869666740674,0.0,0.0
S2(a),1.0,models,2023,24,0.7083333333333334,0.1973461477169958,0.0,0.0
S2(a),1.0,models,2024,40,0.925,0.39682083140205643,0.0,0.0
S2(a),1.0,models,2025,13,1.0,1.0,0.0,0.0
S2(a),1.0,models below 15B,all,59,1.0,1.0,0.0,0.0
S2(a),1.0,models below 15B,2023,16,1.0,1.0,0.0,0.0
S2(a),1.0,models below 15B,2024,33,1.0,1.0,0.0,0.0
S2(a),1.0,models below 15B,2025,10,1.0,1.0,0.0,0.0
S2(a),1.0,decisions (49),all,49,0.8163265306122449,0.3997397997565773,0.0,0.0
S2(a),1.0,decisions (49),2023,16,0.625,0.13748086488482095,0.0,0.0
S2(a),1.0,decisions (49),2024,27,0.8888888888888888,0.2884881721187098,0.0,0.0
S2(a),1.0,decisions (49),2025,6,1.0,1.0,0.0,0.0
S2(a),1.0,decisions (56),all,56,0.8214285714285714,0.4064668322935845,0.0,0.0
S2(a),1.0,decisions (56),2023,19,0.631578947368421,0.16606612496324935,0.0,0.0
S2(a),1.0,decisions (56),2024,30,0.9,0.293663209528872,0.0,0.0
S2(a),1.0,decisions (56),2025,7,1.0,1.0,0.0,0.0
S2(a),1.3,models,all,77,0.8571428571428571,0.4781493701090291,0.0,0.0
S2(a),1.3,models,2023,24,0.6666666666666666,0.12795983020040147,0.0,0.0
S2(a),1.3,models,2024,40,0.925,0.39682083140205643,0.0,0.0
S2(a),1.3,models,2025,13,1.0,1.0,0.0,0.0
S2(a),1.3,models below 15B,all,59,1.0,1.0,0.0,0.0
S2(a),1.3,models below 15B,2023,16,1.0,1.0,0.0,0.0
S2(a),1.3,models below 15B,2024,33,1.0,1.0,0.0,0.0
S2(a),1.3,models below 15B,2025,10,1.0,1.0,0.0,0.0
S2(a),1.3,decisions (49),all,49,0.7959183673469388,0.39208320650186596,0.0,0.0
S2(a),1.3,decisions (49),2023,16,0.5625,0.05586523139304761,0.0,0.0
S2(a),1.3,decisions (49),2024,27,0.8888888888888888,0.2884881721187098,0.0,0.0
S2(a),1.3,decisions (49),2025,6,1.0,1.0,0.0,0.0
S2(a),1.3,decisions (56),all,56,0.8035714285714286,0.39881023903887314,0.0,0.0
S2(a),1.3,decisions (56),2023,19,0.5789473684210527,0.08445049147147597,0.0,0.0
S2(a),1.3,decisions (56),2024,30,0.9,0.293663209528872,0.0,0.0
S2(a),1.3,decisions (56),2025,7,1.0,1.0,0.0,0.0
S2(a),1.84,models,all,77,0.8181818181818182,0.3437364452179669,0.0,0.0
S2(a),1.84,models,2023,24,0.625,0.11920581733460503,0.0,0.0
S2(a),1.84,models,2024,40,0.9,0.3052916612987132,0.0,0.0
S2(a),1.84,models,2025,13,0.9230769230769231,0.6217493998083929,0.0,0.0
S2(a),1.84,models below 15B,all,59,0.9830508474576272,0.995400355729795,0.0,0.0
S2(a),1.84,models below 15B,2023,16,0.9375,0.9315878049221654,0.0,0.0
S2(a),1.84,models below 15B,2024,33,1.0,1.0,0.0,0.0
S2(a),1.84,models below 15B,2025,10,1.0,1.0,0.0,0.0
S2(a),1.84,decisions (49),all,49,0.7551020408163265,0.3163972158965591,0.0,0.0
S2(a),1.84,decisions (49),2023,16,0.5,0.04257919653673692,0.0,0.0
S2(a),1.84,decisions (49),2024,27,0.8888888888888888,0.2884881721187098,0.0,0.0
S2(a),1.84,decisions (49),2025,6,0.8333333333333334,0.5776951653774788,0.0,0.0
S2(a),1.84,decisions (56),all,56,0.7678571428571429,0.3235494102257157,0.0,0.0
S2(a),1.84,decisions (56),2023,19,0.5263157894736842,0.07569647860567952,0.0,0.0
S2(a),1.84,decisions (56),2024,30,0.9,0.293663209528872,0.0,0.0
S2(a),1.84,decisions (56),2025,7,0.8571428571428571,0.5786022915093264,0.0,0.0
S2(a),3.4,models,all,77,0.6883116883116883,0.23118604486418648,0.0,0.0
S2(a),3.4,models,2023,24,0.3333333333333333,0.0543984176093201,0.0,0.0
S2(a),3.4,models,2024,40,0.875,0.19210574132196373,0.0,0.0
S2(a),3.4,models,2025,13,0.7692307692307693,0.48646881457147517,0.0,0.0
S2(a),3.4,models below 15B,all,59,0.864406779661017,0.9613484312714708,0.0,0.0
S2(a),3.4,models below 15B,2023,16,0.5,0.42512105184982824,0.0,0.0
S2(a),3.4,models below 15B,2024,33,1.0,1.0,0.0,0.0
S2(a),3.4,models below 15B,2025,10,1.0,1.0,0.0,0.0
S2(a),3.4,decisions (49),all,49,0.6326530612244898,0.13762439151920586,0.0,0.0
S2(a),3.4,decisions (49),2023,16,0.3125,0.031147342302149033,0.0,0.0
S2(a),3.4,decisions (49),2024,27,0.8518518518518519,0.08157910141232515,0.0,0.0
S2(a),3.4,decisions (49),2025,6,0.5,0.42637120327361794,0.0,0.0
S2(a),3.4,decisions (56),all,56,0.625,0.14166976001542939,0.0,0.0
S2(a),3.4,decisions (56),2023,19,0.2631578947368421,0.031147342302149036,0.0,0.0
S2(a),3.4,decisions (56),2024,30,0.8666666666666667,0.08664652078031833,0.0,0.0
S2(a),3.4,decisions (56),2025,7,0.5714285714285714,0.42760337877536403,0.0,0.0
S2(a),4.4,models,all,77,0.6753246753246753,0.23050298984615808,0.0,0.0
S2(a),4.4,models,2023,24,0.2916666666666667,0.047117376792398226,0.0,0.0
S2(a),4.4,models,2024,40,0.875,0.19210574132196373,0.0,0.0
S2(a),4.4,models,2025,13,0.7692307692307693,0.48646881457147517,0.0,0.0
S2(a),4.4,models below 15B,all,59,0.847457627118644,0.9575227346237613,0.0,0.0
S2(a),4.4,models below 15B,2023,16,0.4375,0.3682200634262048,0.0,0.0
S2(a),4.4,models below 15B,2024,33,1.0,1.0,0.0,0.0
S2(a),4.4,models below 15B,2025,10,1.0,1.0,0.0,0.0
S2(a),4.4,decisions (49),all,49,0.6122448979591837,0.13694133650117749,0.0,0.0
S2(a),4.4,decisions (49),2023,16,0.25,0.02386630148522716,0.0,0.0
S2(a),4.4,decisions (49),2024,27,0.8518518518518519,0.08157910141232515,0.0,0.0
S2(a),4.4,decisions (49),2025,6,0.5,0.42637120327361794,0.0,0.0
S2(a),4.4,decisions (56),all,56,0.6071428571428571,0.140986704997401,0.0,0.0
S2(a),4.4,decisions (56),2023,19,0.21052631578947367,0.023866301485227163,0.0,0.0
S2(a),4.4,decisions (56),2024,30,0.8666666666666667,0.08664652078031833,0.0,0.0
S2(a),4.4,decisions (56),2025,7,0.5714285714285714,0.42760337877536403,0.0,0.0
S2(a),8.0,models,all,77,0.5324675324675324,0.15746732980646963,0.0,0.0
S2(a),8.0,models,2023,24,0.125,0.02236710606689069,0.0,0.0
S2(a),8.0,models,2024,40,0.7,0.09517621220173272,0.0,0.0
S2(a),8.0,models,2025,13,0.7692307692307693,0.48646881457147517,0.0,0.0
S2(a),8.0,models below 15B,all,59,0.6949152542372882,0.8819527268875884,0.0,0.0
S2(a),8.0,models below 15B,2023,16,0.1875,0.17479787236245106,0.0,0.0
S2(a),8.0,models below 15B,2024,33,0.8484848484848485,0.8614151796676579,0.0,0.0
S2(a),8.0,models below 15B,2025,10,1.0,1.0,0.0,0.0
S2(a),8.0,decisions (49),all,49,0.46938775510204084,0.10303337000107163,0.0,0.0
S2(a),8.0,decisions (49),2023,16,0.125,0.01013779009171165,0.0,0.0
S2(a),8.0,decisions (49),2024,27,0.6666666666666666,0.03688903460487899,0.0,0.0
S2(a),8.0,decisions (49),2025,6,0.5,0.42637120327361794,0.0,0.0
S2(a),8.0,decisions (56),all,56,0.48214285714285715,0.10707873849729516,0.0,0.0
S2(a),8.0,decisions (56),2023,19,0.10526315789473684,0.01013779009171165,0.0,0.0
S2(a),8.0,decisions (56),2024,30,0.7,0.04193320966812614,0.0,0.0
S2(a),8.0,decisions (56),2025,7,0.5714285714285714,0.42760337877536403,0.0,0.0
S2(a),10.0,models,all,77,0.4805194805194805,0.14904936935564614,0.0,0.0
S2(a),10.0,models,2023,24,0.08333333333333333,0.01013779009171165,0.0,0.0
S2(a),10.0,models,2024,40,0.625,0.08521004931701341,0.0,0.0
S2(a),10.0,models,2025,13,0.7692307692307693,0.48646881457147517,0.0,0.0
S2(a),10.0,models below 15B,all,59,0.6271186440677966,0.8348048951210865,0.0,0.0
S2(a),10.0,models below 15B,2023,16,0.125,0.07922634842383404,0.0,0.0
S2(a),10.0,models below 15B,2024,33,0.7575757575757576,0.7712140275799798,0.0,0.0
S2(a),10.0,models below 15B,2025,10,1.0,1.0,0.0,0.0
S2(a),10.0,decisions (49),all,49,0.40816326530612246,0.09538322723299875,0.0,0.0
S2(a),10.0,decisions (49),2023,16,0.125,0.01013779009171165,0.0,0.0
S2(a),10.0,decisions (49),2024,27,0.5555555555555556,0.02640820063796071,0.0,0.0
S2(a),10.0,decisions (49),2025,6,0.5,0.42637120327361794,0.0,0.0
S2(a),10.0,decisions (56),all,56,0.42857142857142855,0.0998080447428053,0.0,0.0
S2(a),10.0,decisions (56),2023,19,0.10526315789473684,0.01013779009171165,0.0,0.0
S2(a),10.0,decisions (56),2024,30,0.6,0.03196704678340683,0.0,0.0
S2(a),10.0,decisions (56),2025,7,0.5714285714285714,0.42760337877536403,0.0,0.0
S2(a)+Comma,1.0,models,all,77,0.07792207792207792,0.0024024003451793546,0.0,0.0
S2(a)+Comma,1.0,models,2023,24,0.0,0.0,0.0,0.0
S2(a)+Comma,1.0,models,2024,40,0.125,0.0014372335846381905,0.0,0.0
S2(a)+Comma,1.0,models,2025,13,0.07692307692307693,0.007664249498882077,0.0,0.0
S2(a)+Comma,1.0,models below 15B,all,59,0.1016949152542373,0.013455511934511527,0.0,0.0
S2(a)+Comma,1.0,models below 15B,2023,16,0.0,0.0,0.0,0.0
S2(a)+Comma,1.0,models below 15B,2024,33,0.15151515151515152,0.013008027929409022,0.0,0.0
S2(a)+Comma,1.0,models below 15B,2025,10,0.1,0.015754862941488708,0.0,0.0
S2(a)+Comma,1.0,decisions (49),all,49,0.061224489795918366,0.00048234434155915054,0.0,0.0
S2(a)+Comma,1.0,decisions (49),2023,16,0.0,0.0,0.0,0.0
S2(a)+Comma,1.0,decisions (49),2024,27,0.1111111111111111,0.0006608204725096189,0.0,0.0
S2(a)+Comma,1.0,decisions (49),2025,6,0.0,0.0,0.0,0.0
S2(a)+Comma,1.0,decisions (56),all,56,0.07142857142857142,0.00048743669214268464,0.0,0.0
S2(a)+Comma,1.0,decisions (56),2023,19,0.0,0.0,0.0,0.0
S2(a)+Comma,1.0,decisions (56),2024,30,0.13333333333333333,0.0006681444211404042,0.0,0.0
S2(a)+Comma,1.0,decisions (56),2025,7,0.0,0.0,0.0,0.0
S2(a)+Comma,1.3,models,all,77,0.05194805194805195,0.002305991294748869,0.0,0.0
S2(a)+Comma,1.3,models,2023,24,0.0,0.0,0.0,0.0
S2(a)+Comma,1.3,models,2024,40,0.075,0.0013050827428346835,0.0,0.0
S2(a)+Comma,1.3,models,2025,13,0.07692307692307693,0.007664249498882077,0.0,0.0
S2(a)+Comma,1.3,models below 15B,all,59,0.06779661016949153,0.012915538182316002,0.0,0.0
S2(a)+Comma,1.3,models below 15B,2023,16,0.0,0.0,0.0,0.0
S2(a)+Comma,1.3,models below 15B,2024,33,0.09090909090909091,0.011811964979413543,0.0,0.0
S2(a)+Comma,1.3,models below 15B,2025,10,0.1,0.015754862941488708,0.0,0.0
S2(a)+Comma,1.3,decisions (49),all,49,0.04081632653061224,0.0003910276417121993,0.0,0.0
S2(a)+Comma,1.3,decisions (49),2023,16,0.0,0.0,0.0,0.0
S2(a)+Comma,1.3,decisions (49),2024,27,0.07407407407407407,0.0005357149419962455,0.0,0.0
S2(a)+Comma,1.3,decisions (49),2025,6,0.0,0.0,0.0,0.0
S2(a)+Comma,1.3,decisions (56),all,56,0.03571428571428571,0.0003910276417121993,0.0,0.0
S2(a)+Comma,1.3,decisions (56),2023,19,0.0,0.0,0.0,0.0
S2(a)+Comma,1.3,decisions (56),2024,30,0.06666666666666667,0.0005359935793368973,0.0,0.0
S2(a)+Comma,1.3,decisions (56),2025,7,0.0,0.0,0.0,0.0
S2(a)+Comma,1.84,models,all,77,0.03896103896103896,0.001931938154981783,0.0,0.0
S2(a)+Comma,1.84,models,2023,24,0.0,0.0,0.0,0.0
S2(a)+Comma,1.84,models,2024,40,0.05,0.0007923566338361593,0.0,0.0
S2(a)+Comma,1.84,models,2025,13,0.07692307692307693,0.007664249498882077,0.0,0.0
S2(a)+Comma,1.84,models below 15B,all,59,0.05084745762711865,0.010820518300897452,0.0,0.0
S2(a)+Comma,1.84,models below 15B,2023,16,0.0,0.0,0.0,0.0
S2(a)+Comma,1.84,models below 15B,2024,33,0.06060606060606061,0.007171414120264914,0.0,0.0
S2(a)+Comma,1.84,models below 15B,2025,10,0.1,0.015754862941488708,0.0,0.0
S2(a)+Comma,1.84,decisions (49),all,49,0.02040816326530612,1.697450194511344e-05,0.0,0.0
S2(a)+Comma,1.84,decisions (49),2023,16,0.0,0.0,0.0,0.0
S2(a)+Comma,1.84,decisions (49),2024,27,0.037037037037037035,2.325537469710266e-05,0.0,0.0
S2(a)+Comma,1.84,decisions (49),2025,6,0.0,0.0,0.0,0.0
S2(a)+Comma,1.84,decisions (56),all,56,0.017857142857142856,1.697450194511344e-05,0.0,0.0
S2(a)+Comma,1.84,decisions (56),2023,19,0.0,0.0,0.0,0.0
S2(a)+Comma,1.84,decisions (56),2024,30,0.03333333333333333,2.326747033837284e-05,0.0,0.0
S2(a)+Comma,1.84,decisions (56),2025,7,0.0,0.0,0.0,0.0
S2(a)+Comma,3.4,models,all,77,0.0,0.0,0.0,0.0
S2(a)+Comma,3.4,models,2023,24,0.0,0.0,0.0,0.0
S2(a)+Comma,3.4,models,2024,40,0.0,0.0,0.0,0.0
S2(a)+Comma,3.4,models,2025,13,0.0,0.0,0.0,0.0
S2(a)+Comma,3.4,models below 15B,all,59,0.0,0.0,0.0,0.0
S2(a)+Comma,3.4,models below 15B,2023,16,0.0,0.0,0.0,0.0
S2(a)+Comma,3.4,models below 15B,2024,33,0.0,0.0,0.0,0.0
S2(a)+Comma,3.4,models below 15B,2025,10,0.0,0.0,0.0,0.0
S2(a)+Comma,3.4,decisions (49),all,49,0.0,0.0,0.0,0.0
S2(a)+Comma,3.4,decisions (49),2023,16,0.0,0.0,0.0,0.0
S2(a)+Comma,3.4,decisions (49),2024,27,0.0,0.0,0.0,0.0
S2(a)+Comma,3.4,decisions (49),2025,6,0.0,0.0,0.0,0.0
S2(a)+Comma,3.4,decisions (56),all,56,0.0,0.0,0.0,0.0
S2(a)+Comma,3.4,decisions (56),2023,19,0.0,0.0,0.0,0.0
S2(a)+Comma,3.4,decisions (56),2024,30,0.0,0.0,0.0,0.0
S2(a)+Comma,3.4,decisions (56),2025,7,0.0,0.0,0.0,0.0
S2(a)+Comma,4.4,models,all,77,0.0,0.0,0.0,0.0
S2(a)+Comma,4.4,models,2023,24,0.0,0.0,0.0,0.0
S2(a)+Comma,4.4,models,2024,40,0.0,0.0,0.0,0.0
S2(a)+Comma,4.4,models,2025,13,0.0,0.0,0.0,0.0
S2(a)+Comma,4.4,models below 15B,all,59,0.0,0.0,0.0,0.0
S2(a)+Comma,4.4,models below 15B,2023,16,0.0,0.0,0.0,0.0
S2(a)+Comma,4.4,models below 15B,2024,33,0.0,0.0,0.0,0.0
S2(a)+Comma,4.4,models below 15B,2025,10,0.0,0.0,0.0,0.0
S2(a)+Comma,4.4,decisions (49),all,49,0.0,0.0,0.0,0.0
S2(a)+Comma,4.4,decisions (49),2023,16,0.0,0.0,0.0,0.0
S2(a)+Comma,4.4,decisions (49),2024,27,0.0,0.0,0.0,0.0
S2(a)+Comma,4.4,decisions (49),2025,6,0.0,0.0,0.0,0.0
S2(a)+Comma,4.4,decisions (56),all,56,0.0,0.0,0.0,0.0
S2(a)+Comma,4.4,decisions (56),2023,19,0.0,0.0,0.0,0.0
S2(a)+Comma,4.4,decisions (56),2024,30,0.0,0.0,0.0,0.0
S2(a)+Comma,4.4,decisions (56),2025,7,0.0,0.0,0.0,0.0
S2(a)+Comma,8.0,models,all,77,0.0,0.0,0.0,0.0
S2(a)+Comma,8.0,models,2023,24,0.0,0.0,0.0,0.0
S2(a)+Comma,8.0,models,2024,40,0.0,0.0,0.0,0.0
S2(a)+Comma,8.0,models,2025,13,0.0,0.0,0.0,0.0
S2(a)+Comma,8.0,models below 15B,all,59,0.0,0.0,0.0,0.0
S2(a)+Comma,8.0,models below 15B,2023,16,0.0,0.0,0.0,0.0
S2(a)+Comma,8.0,models below 15B,2024,33,0.0,0.0,0.0,0.0
S2(a)+Comma,8.0,models below 15B,2025,10,0.0,0.0,0.0,0.0
S2(a)+Comma,8.0,decisions (49),all,49,0.0,0.0,0.0,0.0
S2(a)+Comma,8.0,decisions (49),2023,16,0.0,0.0,0.0,0.0
S2(a)+Comma,8.0,decisions (49),2024,27,0.0,0.0,0.0,0.0
S2(a)+Comma,8.0,decisions (49),2025,6,0.0,0.0,0.0,0.0
S2(a)+Comma,8.0,decisions (56),all,56,0.0,0.0,0.0,0.0
S2(a)+Comma,8.0,decisions (56),2023,19,0.0,0.0,0.0,0.0
S2(a)+Comma,8.0,decisions (56),2024,30,0.0,0.0,0.0,0.0
S2(a)+Comma,8.0,decisions (56),2025,7,0.0,0.0,0.0,0.0
S2(a)+Comma,10.0,models,all,77,0.0,0.0,0.0,0.0
S2(a)+Comma,10.0,models,2023,24,0.0,0.0,0.0,0.0
S2(a)+Comma,10.0,models,2024,40,0.0,0.0,0.0,0.0
S2(a)+Comma,10.0,models,2025,13,0.0,0.0,0.0,0.0
S2(a)+Comma,10.0,models below 15B,all,59,0.0,0.0,0.0,0.0
S2(a)+Comma,10.0,models below 15B,2023,16,0.0,0.0,0.0,0.0
S2(a)+Comma,10.0,models below 15B,2024,33,0.0,0.0,0.0,0.0
S2(a)+Comma,10.0,models below 15B,2025,10,0.0,0.0,0.0,0.0
S2(a)+Comma,10.0,decisions (49),all,49,0.0,0.0,0.0,0.0
S2(a)+Comma,10.0,decisions (49),2023,16,0.0,0.0,0.0,0.0
S2(a)+Comma,10.0,decisions (49),2024,27,0.0,0.0,0.0,0.0
S2(a)+Comma,10.0,decisions (49),2025,6,0.0,0.0,0.0,0.0
S2(a)+Comma,10.0,decisions (56),all,56,0.0,0.0,0.0,0.0
S2(a)+Comma,10.0,decisions (56),2023,19,0.0,0.0,0.0,0.0
S2(a)+Comma,10.0,decisions (56),2024,30,0.0,0.0,0.0,0.0
S2(a)+Comma,10.0,decisions (56),2025,7,0.0,0.0,0.0,0.0
S2(b),1.0,models,all,77,0.6753246753246753,0.1716563759521036,0.0,0.0
S2(b),1.0,models,2023,24,0.375,0.05454149943680644,0.0,0.0
S2(b),1.0,models,2024,40,0.825,0.11048819947479054,0.0,0.0
S2(b),1.0,models,2025,13,0.7692307692307693,0.48646881457147517,0.0,0.0
S2(b),1.0,models below 15B,all,59,0.8813559322033898,0.9614236111367574,0.0,0.0
S2(b),1.0,models below 15B,2023,16,0.5625,0.4262392295409229,0.0,0.0
S2(b),1.0,models below 15B,2024,33,1.0,1.0,0.0,0.0
S2(b),1.0,models below 15B,2025,10,1.0,1.0,0.0,0.0
S2(b),1.0,decisions (49),all,49,0.6326530612244898,0.11530510098957326,0.0,0.0
S2(b),1.0,decisions (49),2023,16,0.375,0.031290424129635376,0.0,0.0
S2(b),1.0,decisions (49),2024,27,0.8148148148148148,0.05098288004831185,0.0,0.0
S2(b),1.0,decisions (49),2025,6,0.5,0.42637120327361794,0.0,0.0
S2(b),1.0,decisions (56),all,56,0.625,0.11935046948579676,0.0,0.0
S2(b),1.0,decisions (56),2023,19,0.3157894736842105,0.031290424129635376,0.0,0.0
S2(b),1.0,decisions (56),2024,30,0.8333333333333334,0.056034385636257976,0.0,0.0
S2(b),1.0,decisions (56),2025,7,0.5714285714285714,0.42760337877536403,0.0,0.0
S2(b),1.3,models,all,77,0.6493506493506493,0.16651637577459955,0.0,0.0
S2(b),1.3,models,2023,24,0.3333333333333333,0.047260458619884566,0.0,0.0
S2(b),1.3,models,2024,40,0.8,0.10437892807270924,0.0,0.0
S2(b),1.3,models,2025,13,0.7692307692307693,0.48646881457147517,0.0,0.0
S2(b),1.3,models below 15B,all,59,0.847457627118644,0.9326351813188145,0.0,0.0
S2(b),1.3,models below 15B,2023,16,0.5,0.3693382411172994,0.0,0.0
S2(b),1.3,models below 15B,2024,33,0.9696969696969697,0.9447065710987969,0.0,0.0
S2(b),1.3,models below 15B,2025,10,1.0,1.0,0.0,0.0
S2(b),1.3,decisions (49),all,49,0.5918367346938775,0.11016510081206919,0.0,0.0
S2(b),1.3,decisions (49),2023,16,0.3125,0.024009383312713503,0.0,0.0
S2(b),1.3,decisions (49),2024,27,0.7777777777777778,0.04487678456326096,0.0,0.0
S2(b),1.3,decisions (49),2025,6,0.5,0.42637120327361794,0.0,0.0
S2(b),1.3,decisions (56),all,56,0.5892857142857143,0.11421046930829269,0.0,0.0
S2(b),1.3,decisions (56),2023,19,0.2631578947368421,0.024009383312713507,0.0,0.0
S2(b),1.3,decisions (56),2024,30,0.8,0.0499251142341767,0.0,0.0
S2(b),1.3,decisions (56),2025,7,0.5714285714285714,0.42760337877536403,0.0,0.0
S2(b),1.84,models,all,77,0.5324675324675324,0.15746732980646963,0.0,0.0
S2(b),1.84,models,2023,24,0.125,0.02236710606689069,0.0,0.0
S2(b),1.84,models,2024,40,0.7,0.09517621220173272,0.0,0.0
S2(b),1.84,models,2025,13,0.7692307692307693,0.48646881457147517,0.0,0.0
S2(b),1.84,models below 15B,all,59,0.6949152542372882,0.8819527268875884,0.0,0.0
S2(b),1.84,models below 15B,2023,16,0.1875,0.17479787236245106,0.0,0.0
S2(b),1.84,models below 15B,2024,33,0.8484848484848485,0.8614151796676579,0.0,0.0
S2(b),1.84,models below 15B,2025,10,1.0,1.0,0.0,0.0
S2(b),1.84,decisions (49),all,49,0.46938775510204084,0.10303337000107163,0.0,0.0
S2(b),1.84,decisions (49),2023,16,0.125,0.01013779009171165,0.0,0.0
S2(b),1.84,decisions (49),2024,27,0.6666666666666666,0.03688903460487899,0.0,0.0
S2(b),1.84,decisions (49),2025,6,0.5,0.42637120327361794,0.0,0.0
S2(b),1.84,decisions (56),all,56,0.48214285714285715,0.10707873849729516,0.0,0.0
S2(b),1.84,decisions (56),2023,19,0.10526315789473684,0.01013779009171165,0.0,0.0
S2(b),1.84,decisions (56),2024,30,0.7,0.04193320966812614,0.0,0.0
S2(b),1.84,decisions (56),2025,7,0.5714285714285714,0.42760337877536403,0.0,0.0
S2(b),3.4,models,all,77,0.42857142857142855,0.12588911079679957,0.0,0.0
S2(b),3.4,models,2023,24,0.041666666666666664,0.007520465894132805,0.0,0.0
S2(b),3.4,models,2024,40,0.575,0.057606152946432725,0.0,0.0
S2(b),3.4,models,2025,13,0.6923076923076923,0.47075048707443057,0.0,0.0
S2(b),3.4,models below 15B,all,59,0.559322033898305,0.7050874914126436,0.0,0.0
S2(b),3.4,models below 15B,2023,16,0.0625,0.05877208403883306,0.0,0.0
S2(b),3.4,models below 15B,2024,33,0.696969696969697,0.5213783301770285,0.0,0.0
S2(b),3.4,models below 15B,2025,10,0.9,0.967688930870336,0.0,0.0
S2(b),3.4,decisions (49),all,49,0.3877551020408163,0.09513768865246938,0.0,0.0
S2(b),3.4,decisions (49),2023,16,0.0625,0.007520465894132804,0.0,0.0
S2(b),3.4,decisions (49),2024,27,0.5555555555555556,0.02640820063796071,0.0,0.0
S2(b),3.4,decisions (49),2025,6,0.5,0.42637120327361794,0.0,0.0
S2(b),3.4,decisions (56),all,56,0.39285714285714285,0.09619894437639226,0.0,0.0
S2(b),3.4,decisions (56),2023,19,0.05263157894736842,0.007520465894132805,0.0,0.0
S2(b),3.4,decisions (56),2024,30,0.5666666666666667,0.02735650950005152,0.0,0.0
S2(b),3.4,decisions (56),2025,7,0.5714285714285714,0.42760337877536403,0.0,0.0
S2(b),4.4,models,all,77,0.38961038961038963,0.07972277079769362,0.0,0.0
S2(b),4.4,models,2023,24,0.041666666666666664,0.007520465894132805,0.0,0.0
S2(b),4.4,models,2024,40,0.55,0.0491261467515039,0.0,0.0
S2(b),4.4,models,2025,13,0.5384615384615384,0.2444271180974783,0.0,0.0
S2(b),4.4,models below 15B,all,59,0.5084745762711864,0.4465162087048438,0.0,0.0
S2(b),4.4,models below 15B,2023,16,0.0625,0.05877208403883306,0.0,0.0
S2(b),4.4,models below 15B,2024,33,0.6666666666666666,0.4446279963383125,0.0,0.0
S2(b),4.4,models below 15B,2025,10,0.7,0.5024517723973557,0.0,0.0
S2(b),4.4,decisions (49),all,49,0.32653061224489793,0.014049663224840482,0.0,0.0
S2(b),4.4,decisions (49),2023,16,0.0625,0.007520465894132804,0.0,0.0
S2(b),4.4,decisions (49),2024,27,0.5185185185185185,0.015304579980646868,0.0,0.0
S2(b),4.4,decisions (49),2025,6,0.16666666666666666,0.012328080303949846,0.0,0.0
S2(b),4.4,decisions (56),all,56,0.3392857142857143,0.01511091894876336,0.0,0.0
S2(b),4.4,decisions (56),2023,19,0.05263157894736842,0.007520465894132805,0.0,0.0
S2(b),4.4,decisions (56),2024,30,0.5333333333333333,0.016247113600927114,0.0,0.0
S2(b),4.4,decisions (56),2025,7,0.2857142857142857,0.01444963548067242,0.0,0.0
S2(b),8.0,models,all,77,0.2727272727272727,0.046362655398308826,0.0,0.0
S2(b),8.0,models,2023,24,0.0,0.0,0.0,0.0
S2(b),8.0,models,2024,40,0.375,0.014813064337657583,0.0,0.0
S2(b),8.0,models,2025,13,0.46153846153846156,0.20128000979841176,0.0,0.0
S2(b),8.0,models below 15B,all,59,0.3559322033898305,0.25967081809631376,0.0,0.0
S2(b),8.0,models below 15B,2023,16,0.0,0.0,0.0,0.0
S2(b),8.0,models below 15B,2024,33,0.45454545454545453,0.13406919841278978,0.0,0.0
S2(b),8.0,models below 15B,2025,10,0.6,0.4137572723458481,0.0,0.0
S2(b),8.0,decisions (49),all,49,0.20408163265306123,0.004560674893068762,0.0,0.0
S2(b),8.0,decisions (49),2023,16,0.0,0.0,0.0,0.0
S2(b),8.0,decisions (49),2024,27,0.3333333333333333,0.00327106423284779,0.0,0.0
S2(b),8.0,decisions (49),2025,6,0.16666666666666666,0.012328080303949846,0.0,0.0
S2(b),8.0,decisions (56),all,56,0.23214285714285715,0.005621930616991643,0.0,0.0
S2(b),8.0,decisions (56),2023,19,0.0,0.0,0.0,0.0
S2(b),8.0,decisions (56),2024,30,0.36666666666666664,0.004207338952052466,0.0,0.0
S2(b),8.0,decisions (56),2025,7,0.2857142857142857,0.01444963548067242,0.0,0.0
S2(b),10.0,models,all,77,0.24675324675324675,0.027550475064958696,0.0,0.0
S2(b),10.0,models,2023,24,0.0,0.0,0.0,0.0
S2(b),10.0,models,2024,40,0.35,0.014528607516190947,0.0,0.0
S2(b),10.0,models,2025,13,0.38461538461538464,0.09596024165154965,0.0,0.0
S2(b),10.0,models below 15B,all,59,0.3220338983050847,0.15430639892383896,0.0,0.0
S2(b),10.0,models below 15B,2023,16,0.0,0.0,0.0,0.0
S2(b),10.0,models below 15B,2024,33,0.42424242424242425,0.13149465359425877,0.0,0.0
S2(b),10.0,models below 15B,2025,10,0.5,0.19725877338320225,0.0,0.0
S2(b),10.0,decisions (49),all,49,0.1836734693877551,0.00435315285482969,0.0,0.0
S2(b),10.0,decisions (49),2023,16,0.0,0.0,0.0,0.0
S2(b),10.0,decisions (49),2024,27,0.2962962962962963,0.002986755286832125,0.0,0.0
S2(b),10.0,decisions (49),2025,6,0.16666666666666666,0.012328080303949846,0.0,0.0
S2(b),10.0,decisions (56),all,56,0.21428571428571427,0.005414408578752573,0.0,0.0
S2(b),10.0,decisions (56),2023,19,0.0,0.0,0.0,0.0
S2(b),10.0,decisions (56),2024,30,0.3333333333333333,0.003922882130585828,0.0,0.0
S2(b),10.0,decisions (56),2025,7,0.2857142857142857,0.01444963548067242,0.0,0.0
S2(b'),1.0,models,all,77,0.44155844155844154,0.09260293903961228,0.0,0.0
S2(b'),1.0,models,2023,24,0.125,0.010280871919197992,0.0,0.0
S2(b'),1.0,models,2024,40,0.575,0.057606152946432725,0.0,0.0
S2(b'),1.0,models,2025,13,0.6153846153846154,0.28085365585442706,0.0,0.0
S2(b'),1.0,models below 15B,all,59,0.576271186440678,0.5186562489131356,0.0,0.0
S2(b'),1.0,models below 15B,2023,16,0.1875,0.08034452611492864,0.0,0.0
S2(b'),1.0,models below 15B,2024,33,0.696969696969697,0.5213783301770285,0.0,0.0
S2(b'),1.0,models below 15B,2025,10,0.8,0.5773312644960147,0.0,0.0
S2(b'),1.0,decisions (49),all,49,0.40816326530612246,0.028848070965907458,0.0,0.0
S2(b'),1.0,decisions (49),2023,16,0.1875,0.010280871919197989,0.0,0.0
S2(b'),1.0,decisions (49),2024,27,0.5555555555555556,0.02640820063796071,0.0,0.0
S2(b'),1.0,decisions (49),2025,6,0.3333333333333333,0.048833032023827896,0.0,0.0
S2(b'),1.0,decisions (56),all,56,0.4107142857142857,0.02990932668983034,0.0,0.0
S2(b'),1.0,decisions (56),2023,19,0.15789473684210525,0.01028087191919799,0.0,0.0
S2(b'),1.0,decisions (56),2024,30,0.5666666666666667,0.02735650950005152,0.0,0.0
S2(b'),1.0,decisions (56),2025,7,0.42857142857142855,0.05087617323762121,0.0,0.0
S2(b'),1.3,models,all,77,0.38961038961038963,0.06475976409923671,0.0,0.0
S2(b'),1.3,models,2023,24,0.125,0.010280871919197992,0.0,0.0
S2(b'),1.3,models,2024,40,0.525,0.038708506286588756,0.0,0.0
S2(b'),1.3,models,2025,13,0.46153846153846156,0.20128000979841176,0.0,0.0
S2(b'),1.3,models below 15B,all,59,0.5084745762711864,0.36271047848537374,0.0,0.0
S2(b'),1.3,models below 15B,2023,16,0.1875,0.08034452611492864,0.0,0.0
S2(b'),1.3,models below 15B,2024,33,0.6363636363636364,0.3503406379196238,0.0,0.0
S2(b'),1.3,models below 15B,2025,10,0.6,0.4137572723458481,0.0,0.0
S2(b'),1.3,decisions (49),all,49,0.3673469387755102,0.01430862471601005,0.0,0.0
S2(b'),1.3,decisions (49),2023,16,0.1875,0.010280871919197989,0.0,0.0
S2(b'),1.3,decisions (49),2024,27,0.5185185185185185,0.015304579980646868,0.0,0.0
S2(b'),1.3,decisions (49),2025,6,0.16666666666666666,0.012328080303949846,0.0,0.0
S2(b'),1.3,decisions (56),all,56,0.375,0.015369880439932931,0.0,0.0
S2(b'),1.3,decisions (56),2023,19,0.15789473684210525,0.01028087191919799,0.0,0.0
S2(b'),1.3,decisions (56),2024,30,0.5333333333333333,0.016247113600927114,0.0,0.0
S2(b'),1.3,decisions (56),2025,7,0.2857142857142857,0.01444963548067242,0.0,0.0
S2(b'),1.84,models,all,77,0.33766233766233766,0.04926591174267721,0.0,0.0
S2(b'),1.84,models,2023,24,0.041666666666666664,0.007520465894132805,0.0,0.0
S2(b'),1.84,models,2024,40,0.475,0.017825574200274828,0.0,0.0
S2(b'),1.84,models,2025,13,0.46153846153846156,0.20128000979841176,0.0,0.0
S2(b'),1.84,models below 15B,all,59,0.4406779661016949,0.2759315551832786,0.0,0.0
S2(b'),1.84,models below 15B,2023,16,0.0625,0.05877208403883306,0.0,0.0
S2(b'),1.84,models below 15B,2024,33,0.5757575757575758,0.16133464283977214,0.0,0.0
S2(b'),1.84,models below 15B,2025,10,0.6,0.4137572723458481,0.0,0.0
S2(b'),1.84,decisions (49),all,49,0.30612244897959184,0.007463931237437142,0.0,0.0
S2(b'),1.84,decisions (49),2023,16,0.0625,0.007520465894132804,0.0,0.0
S2(b'),1.84,decisions (49),2024,27,0.48148148148148145,0.006282008036151702,0.0,0.0
S2(b'),1.84,decisions (49),2025,6,0.16666666666666666,0.012328080303949846,0.0,0.0
S2(b'),1.84,decisions (56),all,56,0.32142857142857145,0.008525186961360023,0.0,0.0
S2(b'),1.84,decisions (56),2023,19,0.05263157894736842,0.007520465894132805,0.0,0.0
S2(b'),1.84,decisions (56),2024,30,0.5,0.00721984881466971,0.0,0.0
S2(b'),1.84,decisions (56),2025,7,0.2857142857142857,0.01444963548067242,0.0,0.0
S2(b'),3.4,models,all,77,0.2597402597402597,0.027757997103197766,0.0,0.0
S2(b'),3.4,models,2023,24,0.0,0.0,0.0,0.0
S2(b'),3.4,models,2024,40,0.375,0.014813064337657583,0.0,0.0
S2(b'),3.4,models,2025,13,0.38461538461538464,0.09596024165154965,0.0,0.0
S2(b'),3.4,models below 15B,all,59,0.3389830508474576,0.1554687011470313,0.0,0.0
S2(b'),3.4,models below 15B,2023,16,0.0,0.0,0.0,0.0
S2(b'),3.4,models below 15B,2024,33,0.45454545454545453,0.13406919841278978,0.0,0.0
S2(b'),3.4,models below 15B,2025,10,0.5,0.19725877338320225,0.0,0.0
S2(b'),3.4,decisions (49),all,49,0.20408163265306123,0.004560674893068762,0.0,0.0
S2(b'),3.4,decisions (49),2023,16,0.0,0.0,0.0,0.0
S2(b'),3.4,decisions (49),2024,27,0.3333333333333333,0.00327106423284779,0.0,0.0
S2(b'),3.4,decisions (49),2025,6,0.16666666666666666,0.012328080303949846,0.0,0.0
S2(b'),3.4,decisions (56),all,56,0.23214285714285715,0.005621930616991643,0.0,0.0
S2(b'),3.4,decisions (56),2023,19,0.0,0.0,0.0,0.0
S2(b'),3.4,decisions (56),2024,30,0.36666666666666664,0.004207338952052466,0.0,0.0
S2(b'),3.4,decisions (56),2025,7,0.2857142857142857,0.01444963548067242,0.0,0.0
S2(b'),4.4,models,all,77,0.23376623376623376,0.02537740677493398,0.0,0.0
S2(b'),4.4,models,2023,24,0.0,0.0,0.0,0.0
S2(b'),4.4,models,2024,40,0.35,0.014528607516190947,0.0,0.0
S2(b'),4.4,models,2025,13,0.3076923076923077,0.08365864251211033,0.0,0.0
S2(b'),4.4,models below 15B,all,59,0.3050847457627119,0.14213534409960518,0.0,0.0
S2(b'),4.4,models below 15B,2023,16,0.0,0.0,0.0,0.0
S2(b'),4.4,models below 15B,2024,33,0.42424242424242425,0.13149465359425877,0.0,0.0
S2(b'),4.4,models below 15B,2025,10,0.4,0.17197123434480435,0.0,0.0
S2(b'),4.4,decisions (49),all,49,0.16326530612244897,0.0021800845648049785,0.0,0.0
S2(b'),4.4,decisions (49),2023,16,0.0,0.0,0.0,0.0
S2(b'),4.4,decisions (49),2024,27,0.2962962962962963,0.002986755286832125,0.0,0.0
S2(b'),4.4,decisions (49),2025,6,0.0,0.0,0.0,0.0
S2(b'),4.4,decisions (56),all,56,0.19642857142857142,0.00324134028872786,0.0,0.0
S2(b'),4.4,decisions (56),2023,19,0.0,0.0,0.0,0.0
S2(b'),4.4,decisions (56),2024,30,0.3333333333333333,0.003922882130585828,0.0,0.0
S2(b'),4.4,decisions (56),2025,7,0.14285714285714285,0.002148036341233098,0.0,0.0
S2(b'),8.0,models,all,77,0.16883116883116883,0.010299423383492887,0.0,0.0
S2(b'),8.0,models,2023,24,0.0,0.0,0.0,0.0
S2(b'),8.0,models,2024,40,0.275,0.006904889600128442,0.0,0.0
S2(b'),8.0,models,2025,13,0.15384615384615385,0.02978809425604108,0.0,0.0
S2(b'),8.0,models below 15B,all,59,0.22033898305084745,0.057685645331036386,0.0,0.0
S2(b'),8.0,models below 15B,2023,16,0.0,0.0,0.0,0.0
S2(b'),8.0,models below 15B,2024,33,0.3333333333333333,0.06249436259212362,0.0,0.0
S2(b'),8.0,models below 15B,2025,10,0.2,0.061233306974222114,0.0,0.0
S2(b'),8.0,decisions (49),all,49,0.14285714285714285,0.0020412751306961483,0.0,0.0
S2(b'),8.0,decisions (49),2023,16,0.0,0.0,0.0,0.0
S2(b'),8.0,decisions (49),2024,27,0.25925925925925924,0.002796583851338378,0.0,0.0
S2(b'),8.0,decisions (49),2025,6,0.0,0.0,0.0,0.0
S2(b'),8.0,decisions (56),all,56,0.16071428571428573,0.0027230818410359796,0.0,0.0
S2(b'),8.0,decisions (56),2023,19,0.0,0.0,0.0,0.0
S2(b'),8.0,decisions (56),2024,30,0.3,0.003732611782668886,0.0,0.0
S2(b'),8.0,decisions (56),2025,7,0.0,0.0,0.0,0.0
S2(b'),10.0,models,all,77,0.14285714285714285,0.009394872124065283,0.0,0.0
S2(b'),10.0,models,2023,24,0.0,0.0,0.0,0.0
S2(b'),10.0,models,2024,40,0.225,0.0056649934508144146,0.0,0.0
S2(b'),10.0,models,2025,13,0.15384615384615385,0.02978809425604108,0.0,0.0
S2(b'),10.0,models below 15B,all,59,0.1864406779661017,0.052619378881721114,0.0,0.0
S2(b'),10.0,models below 15B,2023,16,0.0,0.0,0.0,0.0
S2(b'),10.0,models below 15B,2024,33,0.2727272727272727,0.05127238454190725,0.0,0.0
S2(b'),10.0,models below 15B,2025,10,0.2,0.061233306974222114,0.0,0.0
S2(b'),10.0,decisions (49),all,49,0.12244897959183673,0.0018185305816083735,0.0,0.0
S2(b'),10.0,decisions (49),2023,16,0.0,0.0,0.0,0.0
S2(b'),10.0,decisions (49),2024,27,0.2222222222222222,0.0024914197901174484,0.0,0.0
S2(b'),10.0,decisions (49),2025,6,0.0,0.0,0.0,0.0
S2(b'),10.0,decisions (56),all,56,0.125,0.0018185305816083735,0.0,0.0
S2(b'),10.0,decisions (56),2023,19,0.0,0.0,0.0,0.0
S2(b'),10.0,decisions (56),2024,30,0.23333333333333334,0.002492715633354859,0.0,0.0
S2(b'),10.0,decisions (56),2025,7,0.0,0.0,0.0,0.0
S2(c),1.0,models,all,77,0.7142857142857143,0.1730013620003787,0.0,0.0
S2(c),1.0,models,2023,24,0.5,0.06887840943264799,0.0,0.0
S2(c),1.0,models,2024,40,0.825,0.11048819947479054,0.0,0.0
S2(c),1.0,models,2025,13,0.7692307692307693,0.48646881457147517,0.0,0.0
S2(c),1.0,models below 15B,all,59,0.9322033898305084,0.9689566918993501,0.0,0.0
S2(c),1.0,models below 15B,2023,16,0.75,0.5382815007239036,0.0,0.0
S2(c),1.0,models below 15B,2024,33,1.0,1.0,0.0,0.0
S2(c),1.0,models below 15B,2025,10,1.0,1.0,0.0,0.0
S2(c),1.0,decisions (49),all,49,0.6530612244897959,0.11578325886444348,0.0,0.0
S2(c),1.0,decisions (49),2023,16,0.4375,0.0363873590938376,0.0,0.0
S2(c),1.0,decisions (49),2024,27,0.8148148148148148,0.05098288004831185,0.0,0.0
S2(c),1.0,decisions (49),2025,6,0.5,0.42637120327361794,0.0,0.0
S2(c),1.0,decisions (56),all,56,0.6607142857142857,0.12025378915281643,0.0,0.0
S2(c),1.0,decisions (56),2023,19,0.42105263157894735,0.040919381084351836,0.0,0.0
S2(c),1.0,decisions (56),2024,30,0.8333333333333334,0.056034385636257976,0.0,0.0
S2(c),1.0,decisions (56),2025,7,0.5714285714285714,0.42760337877536403,0.0,0.0
S2(c),1.3,models,all,77,0.6623376623376623,0.17097332093407522,0.0,0.0
S2(c),1.3,models,2023,24,0.3333333333333333,0.047260458619884566,0.0,0.0
S2(c),1.3,models,2024,40,0.825,0.11048819947479054,0.0,0.0
S2(c),1.3,models,2025,13,0.7692307692307693,0.48646881457147517,0.0,0.0
S2(c),1.3,models below 15B,all,59,0.864406779661017,0.9575979144890477,0.0,0.0
S2(c),1.3,models below 15B,2023,16,0.5,0.3693382411172994,0.0,0.0
S2(c),1.3,models below 15B,2024,33,1.0,1.0,0.0,0.0
S2(c),1.3,models below 15B,2025,10,1.0,1.0,0.0,0.0
S2(c),1.3,decisions (49),all,49,0.6122448979591837,0.11462204597154485,0.0,0.0
S2(c),1.3,decisions (49),2023,16,0.3125,0.024009383312713503,0.0,0.0
S2(c),1.3,decisions (49),2024,27,0.8148148148148148,0.05098288004831185,0.0,0.0
S2(c),1.3,decisions (49),2025,6,0.5,0.42637120327361794,0.0,0.0
S2(c),1.3,decisions (56),all,56,0.6071428571428571,0.11866741446776838,0.0,0.0
S2(c),1.3,decisions (56),2023,19,0.2631578947368421,0.024009383312713507,0.0,0.0
S2(c),1.3,decisions (56),2024,30,0.8333333333333334,0.056034385636257976,0.0,0.0
S2(c),1.3,decisions (56),2025,7,0.5714285714285714,0.42760337877536403,0.0,0.0
S2(c),1.84,models,all,77,0.5974025974025974,0.160038836383612,0.0,0.0
S2(c),1.84,models,2023,24,0.2916666666666667,0.038196414638856084,0.0,0.0
S2(c),1.84,models,2024,40,0.725,0.09666553080820554,0.0,0.0
S2(c),1.84,models,2025,13,0.7692307692307693,0.48646881457147517,0.0,0.0
S2(c),1.84,models below 15B,all,59,0.7796610169491526,0.8963553794295942,0.0,0.0
S2(c),1.84,models below 15B,2023,16,0.4375,0.2985031675881064,0.0,0.0
S2(c),1.84,models below 15B,2024,33,0.8787878787878788,0.8748946156033718,0.0,0.0
S2(c),1.84,models below 15B,2025,10,1.0,1.0,0.0,0.0
S2(c),1.84,decisions (49),all,49,0.5510204081632653,0.10542121776789128,0.0,0.0
S2(c),1.84,decisions (49),2023,16,0.3125,0.024009383312713503,0.0,0.0
S2(c),1.84,decisions (49),2024,27,0.7037037037037037,0.03837757898607769,0.0,0.0
S2(c),1.84,decisions (49),2025,6,0.5,0.42637120327361794,0.0,0.0
S2(c),1.84,decisions (56),all,56,0.5535714285714286,0.10946658626411478,0.0,0.0
S2(c),1.84,decisions (56),2023,19,0.2631578947368421,0.024009383312713507,0.0,0.0
S2(c),1.84,decisions (56),2024,30,0.7333333333333333,0.04342252827459896,0.0,0.0
S2(c),1.84,decisions (56),2025,7,0.5714285714285714,0.42760337877536403,0.0,0.0
S2(c),3.4,models,all,77,0.4675324675324675,0.13227484196290618,0.0,0.0
S2(c),3.4,models,2023,24,0.08333333333333333,0.01013779009171165,0.0,0.0
S2(c),3.4,models,2024,40,0.6,0.06221669022978804,0.0,0.0
S2(c),3.4,models,2025,13,0.7692307692307693,0.48646881457147517,0.0,0.0
S2(c),3.4,models below 15B,all,59,0.6101694915254238,0.740853088136996,0.0,0.0
S2(c),3.4,models below 15B,2023,16,0.125,0.07922634842383404,0.0,0.0
S2(c),3.4,models below 15B,2024,33,0.7272727272727273,0.5631071057862941,0.0,0.0
S2(c),3.4,models below 15B,2025,10,1.0,1.0,0.0,0.0
S2(c),3.4,decisions (49),all,49,0.40816326530612246,0.09538322723299875,0.0,0.0
S2(c),3.4,decisions (49),2023,16,0.125,0.01013779009171165,0.0,0.0
S2(c),3.4,decisions (49),2024,27,0.5555555555555556,0.02640820063796071,0.0,0.0
S2(c),3.4,decisions (49),2025,6,0.5,0.42637120327361794,0.0,0.0
S2(c),3.4,decisions (56),all,56,0.42857142857142855,0.0998080447428053,0.0,0.0
S2(c),3.4,decisions (56),2023,19,0.10526315789473684,0.01013779009171165,0.0,0.0
S2(c),3.4,decisions (56),2024,30,0.6,0.03196704678340683,0.0,0.0
S2(c),3.4,decisions (56),2025,7,0.5714285714285714,0.42760337877536403,0.0,0.0
S2(c),4.4,models,all,77,0.4155844155844156,0.11970262470454052,0.0,0.0
S2(c),4.4,models,2023,24,0.041666666666666664,0.007520465894132805,0.0,0.0
S2(c),4.4,models,2024,40,0.55,0.0491261467515039,0.0,0.0
S2(c),4.4,models,2025,13,0.6923076923076923,0.47075048707443057,0.0,0.0
S2(c),4.4,models below 15B,all,59,0.5423728813559322,0.670437838779137,0.0,0.0
S2(c),4.4,models below 15B,2023,16,0.0625,0.05877208403883306,0.0,0.0
S2(c),4.4,models below 15B,2024,33,0.6666666666666666,0.4446279963383125,0.0,0.0
S2(c),4.4,models below 15B,2025,10,0.9,0.967688930870336,0.0,0.0
S2(c),4.4,decisions (49),all,49,0.3673469387755102,0.087032963061062,0.0,0.0
S2(c),4.4,decisions (49),2023,16,0.0625,0.007520465894132804,0.0,0.0
S2(c),4.4,decisions (49),2024,27,0.5185185185185185,0.015304579980646868,0.0,0.0
S2(c),4.4,decisions (49),2025,6,0.5,0.42637120327361794,0.0,0.0
S2(c),4.4,decisions (56),all,56,0.375,0.08809421878498487,0.0,0.0
S2(c),4.4,decisions (56),2023,19,0.05263157894736842,0.007520465894132805,0.0,0.0
S2(c),4.4,decisions (56),2024,30,0.5333333333333333,0.016247113600927114,0.0,0.0
S2(c),4.4,decisions (56),2025,7,0.5714285714285714,0.42760337877536403,0.0,0.0
S2(c),8.0,models,all,77,0.2987012987012987,0.04754255388886968,0.0,0.0
S2(c),8.0,models,2023,24,0.041666666666666664,0.007520465894132805,0.0,0.0
S2(c),8.0,models,2024,40,0.4,0.015463314743383258,0.0,0.0
S2(c),8.0,models,2025,13,0.46153846153846156,0.20128000979841176,0.0,0.0
S2(c),8.0,models below 15B,all,59,0.3898305084745763,0.266279266289851,0.0,0.0
S2(c),8.0,models below 15B,2023,16,0.0625,0.05877208403883306,0.0,0.0
S2(c),8.0,models below 15B,2024,33,0.48484848484848486,0.139954445966978,0.0,0.0
S2(c),8.0,models below 15B,2025,10,0.6,0.4137572723458481,0.0,0.0
S2(c),8.0,decisions (49),all,49,0.24489795918367346,0.005740573383629613,0.0,0.0
S2(c),8.0,decisions (49),2023,16,0.0625,0.007520465894132804,0.0,0.0
S2(c),8.0,decisions (49),2024,27,0.37037037037037035,0.003920976604591726,0.0,0.0
S2(c),8.0,decisions (49),2025,6,0.16666666666666666,0.012328080303949846,0.0,0.0
S2(c),8.0,decisions (56),all,56,0.26785714285714285,0.0068018291075524935,0.0,0.0
S2(c),8.0,decisions (56),2023,19,0.05263157894736842,0.007520465894132805,0.0,0.0
S2(c),8.0,decisions (56),2024,30,0.4,0.00485758935777814,0.0,0.0
S2(c),8.0,decisions (56),2025,7,0.2857142857142857,0.01444963548067242,0.0,0.0
S2(c),10.0,models,all,77,0.2857142857142857,0.046837037727641716,0.0,0.0
S2(c),10.0,models,2023,24,0.0,0.0,0.0,0.0
S2(c),10.0,models,2024,40,0.4,0.015463314743383258,0.0,0.0
S2(c),10.0,models,2025,13,0.46153846153846156,0.20128000979841176,0.0,0.0
S2(c),10.0,models below 15B,all,59,0.3728813559322034,0.2623277678868299,0.0,0.0
S2(c),10.0,models below 15B,2023,16,0.0,0.0,0.0,0.0
S2(c),10.0,models below 15B,2024,33,0.48484848484848486,0.139954445966978,0.0,0.0
S2(c),10.0,models below 15B,2025,10,0.6,0.4137572723458481,0.0,0.0
S2(c),10.0,decisions (49),all,49,0.22448979591836735,0.005035057222401653,0.0,0.0
S2(c),10.0,decisions (49),2023,16,0.0,0.0,0.0,0.0
S2(c),10.0,decisions (49),2024,27,0.37037037037037035,0.003920976604591726,0.0,0.0
S2(c),10.0,decisions (49),2025,6,0.16666666666666666,0.012328080303949846,0.0,0.0
S2(c),10.0,decisions (56),all,56,0.25,0.006096312946324535,0.0,0.0
S2(c),10.0,decisions (56),2023,19,0.0,0.0,0.0,0.0
S2(c),10.0,decisions (56),2024,30,0.4,0.00485758935777814,0.0,0.0
S2(c),10.0,decisions (56),2025,7,0.2857142857142857,0.01444963548067242,0.0,0.0
S2(d),1.0,models,all,77,0.12987012987012986,0.0029072722807903665,0.0,0.0
S2(d),1.0,models,2023,24,0.0,0.0,0.0,0.0
S2(d),1.0,models,2024,40,0.225,0.0021292770286514516,0.0,0.0
S2(d),1.0,models,2025,13,0.07692307692307693,0.007664249498882077,0.0,0.0
S2(d),1.0,models below 15B,all,59,0.1694915254237288,0.01628322979121486,0.0,0.0
S2(d),1.0,models below 15B,2023,16,0.0,0.0,0.0,0.0
S2(d),1.0,models below 15B,2024,33,0.2727272727272727,0.019271533419614434,0.0,0.0
S2(d),1.0,models below 15B,2025,10,0.1,0.015754862941488708,0.0,0.0
S2(d),1.0,decisions (49),all,49,0.14285714285714285,0.000992308627753697,0.0,0.0
S2(d),1.0,decisions (49),2023,16,0.0,0.0,0.0,0.0
S2(d),1.0,decisions (49),2024,27,0.25925925925925924,0.001359480768755231,0.0,0.0
S2(d),1.0,decisions (49),2025,6,0.0,0.0,0.0,0.0
S2(d),1.0,decisions (56),all,56,0.14285714285714285,0.0009923086277536968,0.0,0.0
S2(d),1.0,decisions (56),2023,19,0.0,0.0,0.0,0.0
S2(d),1.0,decisions (56),2024,30,0.26666666666666666,0.001360187865153666,0.0,0.0
S2(d),1.0,decisions (56),2025,7,0.0,0.0,0.0,0.0
S2(d),1.3,models,all,77,0.12987012987012986,0.0029072722807903665,0.0,0.0
S2(d),1.3,models,2023,24,0.0,0.0,0.0,0.0
S2(d),1.3,models,2024,40,0.225,0.0021292770286514516,0.0,0.0
S2(d),1.3,models,2025,13,0.07692307692307693,0.007664249498882077,0.0,0.0
S2(d),1.3,models below 15B,all,59,0.1694915254237288,0.01628322979121486,0.0,0.0
S2(d),1.3,models below 15B,2023,16,0.0,0.0,0.0,0.0
S2(d),1.3,models below 15B,2024,33,0.2727272727272727,0.019271533419614434,0.0,0.0
S2(d),1.3,models below 15B,2025,10,0.1,0.015754862941488708,0.0,0.0
S2(d),1.3,decisions (49),all,49,0.14285714285714285,0.000992308627753697,0.0,0.0
S2(d),1.3,decisions (49),2023,16,0.0,0.0,0.0,0.0
S2(d),1.3,decisions (49),2024,27,0.25925925925925924,0.001359480768755231,0.0,0.0
S2(d),1.3,decisions (49),2025,6,0.0,0.0,0.0,0.0
S2(d),1.3,decisions (56),all,56,0.14285714285714285,0.0009923086277536968,0.0,0.0
S2(d),1.3,decisions (56),2023,19,0.0,0.0,0.0,0.0
S2(d),1.3,decisions (56),2024,30,0.26666666666666666,0.001360187865153666,0.0,0.0
S2(d),1.3,decisions (56),2025,7,0.0,0.0,0.0,0.0
S2(d),1.84,models,all,77,0.1038961038961039,0.0025457182975937615,0.0,0.0
S2(d),1.84,models,2023,24,0.0,0.0,0.0,0.0
S2(d),1.84,models,2024,40,0.175,0.0016336838968500614,0.0,0.0
S2(d),1.84,models,2025,13,0.07692307692307693,0.007664249498882077,0.0,0.0
S2(d),1.84,models below 15B,all,59,0.13559322033898305,0.014258215956350087,0.0,0.0
S2(d),1.84,models below 15B,2023,16,0.0,0.0,0.0,0.0
S2(d),1.84,models below 15B,2024,33,0.21212121212121213,0.014786048687695468,0.0,0.0
S2(d),1.84,models below 15B,2025,10,0.1,0.015754862941488708,0.0,0.0
S2(d),1.84,decisions (49),all,49,0.10204081632653061,0.0006307546445570918,0.0,0.0
S2(d),1.84,decisions (49),2023,16,0.0,0.0,0.0,0.0
S2(d),1.84,decisions (49),2024,27,0.18518518518518517,0.0008641452720405543,0.0,0.0
S2(d),1.84,decisions (49),2025,6,0.0,0.0,0.0,0.0
S2(d),1.84,decisions (56),all,56,0.10714285714285714,0.0006307546445570917,0.0,0.0
S2(d),1.84,decisions (56),2023,19,0.0,0.0,0.0,0.0
S2(d),1.84,decisions (56),2024,30,0.2,0.0008645947333522755,0.0,0.0
S2(d),1.84,decisions (56),2025,7,0.0,0.0,0.0,0.0
S2(d),3.4,models,all,77,0.1038961038961039,0.0025457182975937615,0.0,0.0
S2(d),3.4,models,2023,24,0.0,0.0,0.0,0.0
S2(d),3.4,models,2024,40,0.175,0.0016336838968500614,0.0,0.0
S2(d),3.4,models,2025,13,0.07692307692307693,0.007664249498882077,0.0,0.0
S2(d),3.4,models below 15B,all,59,0.13559322033898305,0.014258215956350087,0.0,0.0
S2(d),3.4,models below 15B,2023,16,0.0,0.0,0.0,0.0
S2(d),3.4,models below 15B,2024,33,0.21212121212121213,0.014786048687695468,0.0,0.0
S2(d),3.4,models below 15B,2025,10,0.1,0.015754862941488708,0.0,0.0
S2(d),3.4,decisions (49),all,49,0.10204081632653061,0.0006307546445570918,0.0,0.0
S2(d),3.4,decisions (49),2023,16,0.0,0.0,0.0,0.0
S2(d),3.4,decisions (49),2024,27,0.18518518518518517,0.0008641452720405543,0.0,0.0
S2(d),3.4,decisions (49),2025,6,0.0,0.0,0.0,0.0
S2(d),3.4,decisions (56),all,56,0.10714285714285714,0.0006307546445570917,0.0,0.0
S2(d),3.4,decisions (56),2023,19,0.0,0.0,0.0,0.0
S2(d),3.4,decisions (56),2024,30,0.2,0.0008645947333522755,0.0,0.0
S2(d),3.4,decisions (56),2025,7,0.0,0.0,0.0,0.0
S2(d),4.4,models,all,77,0.1038961038961039,0.0025457182975937615,0.0,0.0
S2(d),4.4,models,2023,24,0.0,0.0,0.0,0.0
S2(d),4.4,models,2024,40,0.175,0.0016336838968500614,0.0,0.0
S2(d),4.4,models,2025,13,0.07692307692307693,0.007664249498882077,0.0,0.0
S2(d),4.4,models below 15B,all,59,0.13559322033898305,0.014258215956350087,0.0,0.0
S2(d),4.4,models below 15B,2023,16,0.0,0.0,0.0,0.0
S2(d),4.4,models below 15B,2024,33,0.21212121212121213,0.014786048687695468,0.0,0.0
S2(d),4.4,models below 15B,2025,10,0.1,0.015754862941488708,0.0,0.0
S2(d),4.4,decisions (49),all,49,0.10204081632653061,0.0006307546445570918,0.0,0.0
S2(d),4.4,decisions (49),2023,16,0.0,0.0,0.0,0.0
S2(d),4.4,decisions (49),2024,27,0.18518518518518517,0.0008641452720405543,0.0,0.0
S2(d),4.4,decisions (49),2025,6,0.0,0.0,0.0,0.0
S2(d),4.4,decisions (56),all,56,0.10714285714285714,0.0006307546445570917,0.0,0.0
S2(d),4.4,decisions (56),2023,19,0.0,0.0,0.0,0.0
S2(d),4.4,decisions (56),2024,30,0.2,0.0008645947333522755,0.0,0.0
S2(d),4.4,decisions (56),2025,7,0.0,0.0,0.0,0.0
S2(d),8.0,models,all,77,0.025974025974025976,2.2066852528647478e-05,0.0,0.0
S2(d),8.0,models,2023,24,0.0,0.0,0.0,0.0
S2(d),8.0,models,2024,40,0.05,3.0247711439884682e-05,0.0,0.0
S2(d),8.0,models,2025,13,0.0,0.0,0.0,0.0
S2(d),8.0,models below 15B,all,59,0.03389830508474576,0.00012359338781819688,0.0,0.0
S2(d),8.0,models below 15B,2023,16,0.0,0.0,0.0,0.0
S2(d),8.0,models below 15B,2024,33,0.06060606060606061,0.0002737641810045618,0.0,0.0
S2(d),8.0,models below 15B,2025,10,0.0,0.0,0.0,0.0
S2(d),8.0,decisions (49),all,49,0.02040816326530612,1.697450194511344e-05,0.0,0.0
S2(d),8.0,decisions (49),2023,16,0.0,0.0,0.0,0.0
S2(d),8.0,decisions (49),2024,27,0.037037037037037035,2.325537469710266e-05,0.0,0.0
S2(d),8.0,decisions (49),2025,6,0.0,0.0,0.0,0.0
S2(d),8.0,decisions (56),all,56,0.03571428571428571,2.2066852528647475e-05,0.0,0.0
S2(d),8.0,decisions (56),2023,19,0.0,0.0,0.0,0.0
S2(d),8.0,decisions (56),2024,30,0.06666666666666667,3.0247711439884693e-05,0.0,0.0
S2(d),8.0,decisions (56),2025,7,0.0,0.0,0.0,0.0
S2(d),10.0,models,all,77,0.025974025974025976,2.2066852528647478e-05,0.0,0.0
S2(d),10.0,models,2023,24,0.0,0.0,0.0,0.0
S2(d),10.0,models,2024,40,0.05,3.0247711439884682e-05,0.0,0.0
S2(d),10.0,models,2025,13,0.0,0.0,0.0,0.0
S2(d),10.0,models below 15B,all,59,0.03389830508474576,0.00012359338781819688,0.0,0.0
S2(d),10.0,models below 15B,2023,16,0.0,0.0,0.0,0.0
S2(d),10.0,models below 15B,2024,33,0.06060606060606061,0.0002737641810045618,0.0,0.0
S2(d),10.0,models below 15B,2025,10,0.0,0.0,0.0,0.0
S2(d),10.0,decisions (49),all,49,0.02040816326530612,1.697450194511344e-05,0.0,0.0
S2(d),10.0,decisions (49),2023,16,0.0,0.0,0.0,0.0
S2(d),10.0,decisions (49),2024,27,0.037037037037037035,2.325537469710266e-05,0.0,0.0
S2(d),10.0,decisions (49),2025,6,0.0,0.0,0.0,0.0
S2(d),10.0,decisions (56),all,56,0.03571428571428571,2.2066852528647475e-05,0.0,0.0
S2(d),10.0,decisions (56),2023,19,0.0,0.0,0.0,0.0
S2(d),10.0,decisions (56),2024,30,0.06666666666666667,3.0247711439884693e-05,0.0,0.0
S2(d),10.0,decisions (56),2025,7,0.0,0.0,0.0,0.0
S2(d) PI-1 anchors,1.0,models,all,77,0.14285714285714285,0.003286721294373417,0.0,0.0
S2(d) PI-1 anchors,1.0,models,2023,24,0.0,0.0,0.0,0.0
S2(d) PI-1 anchors,1.0,models,2024,40,0.225,0.0021292770286514516,0.0,0.0
S2(d) PI-1 anchors,1.0,models,2025,13,0.15384615384615385,0.009812285840115176,0.0,0.0
S2(d) PI-1 anchors,1.0,models below 15B,all,59,0.1864406779661017,0.0184084712152974,0.0,0.0
S2(d) PI-1 anchors,1.0,models below 15B,2023,16,0.0,0.0,0.0,0.0
S2(d) PI-1 anchors,1.0,models below 15B,2024,33,0.2727272727272727,0.019271533419614434,0.0,0.0
S2(d) PI-1 anchors,1.0,models below 15B,2025,10,0.2,0.020170431374431894,0.0,0.0
S2(d) PI-1 anchors,1.0,decisions (49),all,49,0.14285714285714285,0.000992308627753697,0.0,0.0
S2(d) PI-1 anchors,1.0,decisions (49),2023,16,0.0,0.0,0.0,0.0
S2(d) PI-1 anchors,1.0,decisions (49),2024,27,0.25925925925925924,0.001359480768755231,0.0,0.0
S2(d) PI-1 anchors,1.0,decisions (49),2025,6,0.0,0.0,0.0,0.0
S2(d) PI-1 anchors,1.0,decisions (56),all,56,0.16071428571428573,0.001371757641336747,0.0,0.0
S2(d) PI-1 anchors,1.0,decisions (56),2023,19,0.0,0.0,0.0,0.0
S2(d) PI-1 anchors,1.0,decisions (56),2024,30,0.26666666666666666,0.001360187865153666,0.0,0.0
S2(d) PI-1 anchors,1.0,decisions (56),2025,7,0.14285714285714285,0.002148036341233098,0.0,0.0
S2(d) PI-1 anchors,1.3,models,all,77,0.12987012987012986,0.0029072722807903665,0.0,0.0
S2(d) PI-1 anchors,1.3,models,2023,24,0.0,0.0,0.0,0.0
S2(d) PI-1 anchors,1.3,models,2024,40,0.225,0.0021292770286514516,0.0,0.0
S2(d) PI-1 anchors,1.3,models,2025,13,0.07692307692307693,0.007664249498882077,0.0,0.0
S2(d) PI-1 anchors,1.3,models below 15B,all,59,0.1694915254237288,0.01628322979121486,0.0,0.0
S2(d) PI-1 anchors,1.3,models below 15B,2023,16,0.0,0.0,0.0,0.0
S2(d) PI-1 anchors,1.3,models below 15B,2024,33,0.2727272727272727,0.019271533419614434,0.0,0.0
S2(d) PI-1 anchors,1.3,models below 15B,2025,10,0.1,0.015754862941488708,0.0,0.0
S2(d) PI-1 anchors,1.3,decisions (49),all,49,0.14285714285714285,0.000992308627753697,0.0,0.0
S2(d) PI-1 anchors,1.3,decisions (49),2023,16,0.0,0.0,0.0,0.0
S2(d) PI-1 anchors,1.3,decisions (49),2024,27,0.25925925925925924,0.001359480768755231,0.0,0.0
S2(d) PI-1 anchors,1.3,decisions (49),2025,6,0.0,0.0,0.0,0.0
S2(d) PI-1 anchors,1.3,decisions (56),all,56,0.14285714285714285,0.0009923086277536968,0.0,0.0
S2(d) PI-1 anchors,1.3,decisions (56),2023,19,0.0,0.0,0.0,0.0
S2(d) PI-1 anchors,1.3,decisions (56),2024,30,0.26666666666666666,0.001360187865153666,0.0,0.0
S2(d) PI-1 anchors,1.3,decisions (56),2025,7,0.0,0.0,0.0,0.0
S2(d) PI-1 anchors,1.84,models,all,77,0.1038961038961039,0.0025457182975937615,0.0,0.0
S2(d) PI-1 anchors,1.84,models,2023,24,0.0,0.0,0.0,0.0
S2(d) PI-1 anchors,1.84,models,2024,40,0.175,0.0016336838968500614,0.0,0.0
S2(d) PI-1 anchors,1.84,models,2025,13,0.07692307692307693,0.007664249498882077,0.0,0.0
S2(d) PI-1 anchors,1.84,models below 15B,all,59,0.13559322033898305,0.014258215956350087,0.0,0.0
S2(d) PI-1 anchors,1.84,models below 15B,2023,16,0.0,0.0,0.0,0.0
S2(d) PI-1 anchors,1.84,models below 15B,2024,33,0.21212121212121213,0.014786048687695468,0.0,0.0
S2(d) PI-1 anchors,1.84,models below 15B,2025,10,0.1,0.015754862941488708,0.0,0.0
S2(d) PI-1 anchors,1.84,decisions (49),all,49,0.10204081632653061,0.0006307546445570918,0.0,0.0
S2(d) PI-1 anchors,1.84,decisions (49),2023,16,0.0,0.0,0.0,0.0
S2(d) PI-1 anchors,1.84,decisions (49),2024,27,0.18518518518518517,0.0008641452720405543,0.0,0.0
S2(d) PI-1 anchors,1.84,decisions (49),2025,6,0.0,0.0,0.0,0.0
S2(d) PI-1 anchors,1.84,decisions (56),all,56,0.10714285714285714,0.0006307546445570917,0.0,0.0
S2(d) PI-1 anchors,1.84,decisions (56),2023,19,0.0,0.0,0.0,0.0
S2(d) PI-1 anchors,1.84,decisions (56),2024,30,0.2,0.0008645947333522755,0.0,0.0
S2(d) PI-1 anchors,1.84,decisions (56),2025,7,0.0,0.0,0.0,0.0
S2(d) PI-1 anchors,3.4,models,all,77,0.1038961038961039,0.0025457182975937615,0.0,0.0
S2(d) PI-1 anchors,3.4,models,2023,24,0.0,0.0,0.0,0.0
S2(d) PI-1 anchors,3.4,models,2024,40,0.175,0.0016336838968500614,0.0,0.0
S2(d) PI-1 anchors,3.4,models,2025,13,0.07692307692307693,0.007664249498882077,0.0,0.0
S2(d) PI-1 anchors,3.4,models below 15B,all,59,0.13559322033898305,0.014258215956350087,0.0,0.0
S2(d) PI-1 anchors,3.4,models below 15B,2023,16,0.0,0.0,0.0,0.0
S2(d) PI-1 anchors,3.4,models below 15B,2024,33,0.21212121212121213,0.014786048687695468,0.0,0.0
S2(d) PI-1 anchors,3.4,models below 15B,2025,10,0.1,0.015754862941488708,0.0,0.0
S2(d) PI-1 anchors,3.4,decisions (49),all,49,0.10204081632653061,0.0006307546445570918,0.0,0.0
S2(d) PI-1 anchors,3.4,decisions (49),2023,16,0.0,0.0,0.0,0.0
S2(d) PI-1 anchors,3.4,decisions (49),2024,27,0.18518518518518517,0.0008641452720405543,0.0,0.0
S2(d) PI-1 anchors,3.4,decisions (49),2025,6,0.0,0.0,0.0,0.0
S2(d) PI-1 anchors,3.4,decisions (56),all,56,0.10714285714285714,0.0006307546445570917,0.0,0.0
S2(d) PI-1 anchors,3.4,decisions (56),2023,19,0.0,0.0,0.0,0.0
S2(d) PI-1 anchors,3.4,decisions (56),2024,30,0.2,0.0008645947333522755,0.0,0.0
S2(d) PI-1 anchors,3.4,decisions (56),2025,7,0.0,0.0,0.0,0.0
S2(d) PI-1 anchors,4.4,models,all,77,0.1038961038961039,0.0025457182975937615,0.0,0.0
S2(d) PI-1 anchors,4.4,models,2023,24,0.0,0.0,0.0,0.0
S2(d) PI-1 anchors,4.4,models,2024,40,0.175,0.0016336838968500614,0.0,0.0
S2(d) PI-1 anchors,4.4,models,2025,13,0.07692307692307693,0.007664249498882077,0.0,0.0
S2(d) PI-1 anchors,4.4,models below 15B,all,59,0.13559322033898305,0.014258215956350087,0.0,0.0
S2(d) PI-1 anchors,4.4,models below 15B,2023,16,0.0,0.0,0.0,0.0
S2(d) PI-1 anchors,4.4,models below 15B,2024,33,0.21212121212121213,0.014786048687695468,0.0,0.0
S2(d) PI-1 anchors,4.4,models below 15B,2025,10,0.1,0.015754862941488708,0.0,0.0
S2(d) PI-1 anchors,4.4,decisions (49),all,49,0.10204081632653061,0.0006307546445570918,0.0,0.0
S2(d) PI-1 anchors,4.4,decisions (49),2023,16,0.0,0.0,0.0,0.0
S2(d) PI-1 anchors,4.4,decisions (49),2024,27,0.18518518518518517,0.0008641452720405543,0.0,0.0
S2(d) PI-1 anchors,4.4,decisions (49),2025,6,0.0,0.0,0.0,0.0
S2(d) PI-1 anchors,4.4,decisions (56),all,56,0.10714285714285714,0.0006307546445570917,0.0,0.0
S2(d) PI-1 anchors,4.4,decisions (56),2023,19,0.0,0.0,0.0,0.0
S2(d) PI-1 anchors,4.4,decisions (56),2024,30,0.2,0.0008645947333522755,0.0,0.0
S2(d) PI-1 anchors,4.4,decisions (56),2025,7,0.0,0.0,0.0,0.0
S2(d) PI-1 anchors,8.0,models,all,77,0.05194805194805195,0.0009571997019463622,0.0,0.0
S2(d) PI-1 anchors,8.0,models,2023,24,0.0,0.0,0.0,0.0
S2(d) PI-1 anchors,8.0,models,2024,40,0.1,0.0013120629839361954,0.0,0.0
S2(d) PI-1 anchors,8.0,models,2025,13,0.0,0.0,0.0,0.0
S2(d) PI-1 anchors,8.0,models below 15B,all,59,0.06779661016949153,0.005361143091364569,0.0,0.0
S2(d) PI-1 anchors,8.0,models below 15B,2023,16,0.0,0.0,0.0,0.0
S2(d) PI-1 anchors,8.0,models below 15B,2024,33,0.12121212121212122,0.011875141328876133,0.0,0.0
S2(d) PI-1 anchors,8.0,models below 15B,2025,10,0.0,0.0,0.0,0.0
S2(d) PI-1 anchors,8.0,decisions (49),all,49,0.04081632653061224,0.0003910276417121993,0.0,0.0
S2(d) PI-1 anchors,8.0,decisions (49),2023,16,0.0,0.0,0.0,0.0
S2(d) PI-1 anchors,8.0,decisions (49),2024,27,0.07407407407407407,0.0005357149419962455,0.0,0.0
S2(d) PI-1 anchors,8.0,decisions (49),2025,6,0.0,0.0,0.0,0.0
S2(d) PI-1 anchors,8.0,decisions (56),all,56,0.05357142857142857,0.0003961199922957333,0.0,0.0
S2(d) PI-1 anchors,8.0,decisions (56),2023,19,0.0,0.0,0.0,0.0
S2(d) PI-1 anchors,8.0,decisions (56),2024,30,0.1,0.0005429738204384091,0.0,0.0
S2(d) PI-1 anchors,8.0,decisions (56),2025,7,0.0,0.0,0.0,0.0
S2(d) PI-1 anchors,10.0,models,all,77,0.025974025974025976,2.2066852528647478e-05,0.0,0.0
S2(d) PI-1 anchors,10.0,models,2023,24,0.0,0.0,0.0,0.0
S2(d) PI-1 anchors,10.0,models,2024,40,0.05,3.0247711439884682e-05,0.0,0.0
S2(d) PI-1 anchors,10.0,models,2025,13,0.0,0.0,0.0,0.0
S2(d) PI-1 anchors,10.0,models below 15B,all,59,0.03389830508474576,0.00012359338781819688,0.0,0.0
S2(d) PI-1 anchors,10.0,models below 15B,2023,16,0.0,0.0,0.0,0.0
S2(d) PI-1 anchors,10.0,models below 15B,2024,33,0.06060606060606061,0.0002737641810045618,0.0,0.0
S2(d) PI-1 anchors,10.0,models below 15B,2025,10,0.0,0.0,0.0,0.0
S2(d) PI-1 anchors,10.0,decisions (49),all,49,0.02040816326530612,1.697450194511344e-05,0.0,0.0
S2(d) PI-1 anchors,10.0,decisions (49),2023,16,0.0,0.0,0.0,0.0
S2(d) PI-1 anchors,10.0,decisions (49),2024,27,0.037037037037037035,2.325537469710266e-05,0.0,0.0
S2(d) PI-1 anchors,10.0,decisions (49),2025,6,0.0,0.0,0.0,0.0
S2(d) PI-1 anchors,10.0,decisions (56),all,56,0.03571428571428571,2.2066852528647475e-05,0.0,0.0
S2(d) PI-1 anchors,10.0,decisions (56),2023,19,0.0,0.0,0.0,0.0
S2(d) PI-1 anchors,10.0,decisions (56),2024,30,0.06666666666666667,3.0247711439884693e-05,0.0,0.0
S2(d) PI-1 anchors,10.0,decisions (56),2025,7,0.0,0.0,0.0,0.0
S2(e),1.0,models,all,77,0.23376623376623376,0.027536777559981653,0.0,0.0
S2(e),1.0,models,2023,24,0.0,0.0,0.0,0.0
S2(e),1.0,models,2024,40,0.325,0.014509831926085646,0.0,0.0
S2(e),1.0,models,2025,13,0.38461538461538464,0.09596024165154965,0.0,0.0
S2(e),1.0,models below 15B,all,59,0.3050847457627119,0.1542296810936649,0.0,0.0
S2(e),1.0,models below 15B,2023,16,0.0,0.0,0.0,0.0
S2(e),1.0,models below 15B,2024,33,0.3939393939393939,0.13132472060417885,0.0,0.0
S2(e),1.0,models below 15B,2025,10,0.5,0.19725877338320225,0.0,0.0
S2(e),1.0,decisions (49),all,49,0.16326530612244897,0.004334362999269114,0.0,0.0
S2(e),1.0,decisions (49),2023,16,0.0,0.0,0.0,0.0
S2(e),1.0,decisions (49),2024,27,0.25925925925925924,0.0029610128448459877,0.0,0.0
S2(e),1.0,decisions (49),2025,6,0.16666666666666666,0.012328080303949846,0.0,0.0
S2(e),1.0,decisions (56),all,56,0.19642857142857142,0.00540071107377553,0.0,0.0
S2(e),1.0,decisions (56),2023,19,0.0,0.0,0.0,0.0
S2(e),1.0,decisions (56),2024,30,0.3,0.003904106540480528,0.0,0.0
S2(e),1.0,decisions (56),2025,7,0.2857142857142857,0.01444963548067242,0.0,0.0
S2(e),1.3,models,all,77,0.2077922077922078,0.025224899835848108,0.0,0.0
S2(e),1.3,models,2023,24,0.0,0.0,0.0,0.0
S2(e),1.3,models,2024,40,0.3,0.014319561578168705,0.0,0.0
S2(e),1.3,models,2025,13,0.3076923076923077,0.08365864251211033,0.0,0.0
S2(e),1.3,models below 15B,all,59,0.2711864406779661,0.14128117383481836,0.0,0.0
S2(e),1.3,models below 15B,2023,16,0.0,0.0,0.0,0.0
S2(e),1.3,models below 15B,2024,33,0.36363636363636365,0.12960263309780806,0.0,0.0
S2(e),1.3,models below 15B,2025,10,0.4,0.17197123434480435,0.0,0.0
S2(e),1.3,decisions (49),all,49,0.12244897959183673,0.0020224852751355715,0.0,0.0
S2(e),1.3,decisions (49),2023,16,0.0,0.0,0.0,0.0
S2(e),1.3,decisions (49),2024,27,0.2222222222222222,0.0027708414093522405,0.0,0.0
S2(e),1.3,decisions (49),2025,6,0.0,0.0,0.0,0.0
S2(e),1.3,decisions (56),all,56,0.16071428571428573,0.0030888333496419864,0.0,0.0
S2(e),1.3,decisions (56),2023,19,0.0,0.0,0.0,0.0
S2(e),1.3,decisions (56),2024,30,0.26666666666666666,0.003713836192563587,0.0,0.0
S2(e),1.3,decisions (56),2025,7,0.14285714285714285,0.002148036341233098,0.0,0.0
S2(e),1.84,models,all,77,0.14285714285714285,0.01006298132942807,0.0,0.0
S2(e),1.84,models,2023,24,0.0,0.0,0.0,0.0
S2(e),1.84,models,2024,40,0.225,0.006580791226138694,0.0,0.0
S2(e),1.84,models,2025,13,0.15384615384615385,0.02978809425604108,0.0,0.0
S2(e),1.84,models below 15B,all,59,0.1864406779661017,0.05636136610061026,0.0,0.0
S2(e),1.84,models below 15B,2023,16,0.0,0.0,0.0,0.0
S2(e),1.84,models below 15B,2024,33,0.2727272727272727,0.05956103237649551,0.0,0.0
S2(e),1.84,models below 15B,2025,10,0.2,0.061233306974222114,0.0,0.0
S2(e),1.84,decisions (49),all,49,0.10204081632653061,0.0017997407260477967,0.0,0.0
S2(e),1.84,decisions (49),2023,16,0.0,0.0,0.0,0.0
S2(e),1.84,decisions (49),2024,27,0.18518518518518517,0.0024656773481313114,0.0,0.0
S2(e),1.84,decisions (49),2025,6,0.0,0.0,0.0,0.0
S2(e),1.84,decisions (56),all,56,0.125,0.002486639786971162,0.0,0.0
S2(e),1.84,decisions (56),2023,19,0.0,0.0,0.0,0.0
S2(e),1.84,decisions (56),2024,30,0.23333333333333334,0.0034085134086791376,0.0,0.0
S2(e),1.84,decisions (56),2025,7,0.0,0.0,0.0,0.0
S2(e),3.4,models,all,77,0.1038961038961039,0.008188306331453423,0.0,0.0
S2(e),3.4,models,2023,24,0.0,0.0,0.0,0.0
S2(e),3.4,models,2024,40,0.15,0.004011116719605021,0.0,0.0
S2(e),3.4,models,2025,13,0.15384615384615385,0.02978809425604108,0.0,0.0
S2(e),3.4,models below 15B,all,59,0.13559322033898305,0.045861570819114385,0.0,0.0
S2(e),3.4,models below 15B,2023,16,0.0,0.0,0.0,0.0
S2(e),3.4,models below 15B,2024,33,0.18181818181818182,0.036303575754442576,0.0,0.0
S2(e),3.4,models below 15B,2025,10,0.2,0.061233306974222114,0.0,0.0
S2(e),3.4,decisions (49),all,49,0.08163265306122448,0.0006119647889965151,0.0,0.0
S2(e),3.4,decisions (49),2023,16,0.0,0.0,0.0,0.0
S2(e),3.4,decisions (49),2024,27,0.14814814814814814,0.0008384028300544176,0.0,0.0
S2(e),3.4,decisions (49),2025,6,0.0,0.0,0.0,0.0
S2(e),3.4,decisions (56),all,56,0.07142857142857142,0.0006119647889965151,0.0,0.0
S2(e),3.4,decisions (56),2023,19,0.0,0.0,0.0,0.0
S2(e),3.4,decisions (56),2024,30,0.13333333333333333,0.0008388389021454644,0.0,0.0
S2(e),3.4,decisions (56),2025,7,0.0,0.0,0.0,0.0
S2(e),4.4,models,all,77,0.09090909090909091,0.006435089076293856,0.0,0.0
S2(e),4.4,models,2023,24,0.0,0.0,0.0,0.0
S2(e),4.4,models,2024,40,0.125,0.0016079280656432504,0.0,0.0
S2(e),4.4,models,2025,13,0.15384615384615385,0.02978809425604108,0.0,0.0
S2(e),4.4,models below 15B,all,59,0.11864406779661017,0.03604204355009467,0.0,0.0
S2(e),4.4,models below 15B,2023,16,0.0,0.0,0.0,0.0
S2(e),4.4,models below 15B,2024,33,0.15151515151515152,0.014552939348152943,0.0,0.0
S2(e),4.4,models below 15B,2025,10,0.2,0.061233306974222114,0.0,0.0
S2(e),4.4,decisions (49),all,49,0.08163265306122448,0.0006119647889965151,0.0,0.0
S2(e),4.4,decisions (49),2023,16,0.0,0.0,0.0,0.0
S2(e),4.4,decisions (49),2024,27,0.14814814814814814,0.0008384028300544176,0.0,0.0
S2(e),4.4,decisions (49),2025,6,0.0,0.0,0.0,0.0
S2(e),4.4,decisions (56),all,56,0.07142857142857142,0.0006119647889965151,0.0,0.0
S2(e),4.4,decisions (56),2023,19,0.0,0.0,0.0,0.0
S2(e),4.4,decisions (56),2024,30,0.13333333333333333,0.0008388389021454644,0.0,0.0
S2(e),4.4,decisions (56),2025,7,0.0,0.0,0.0,0.0
S2(e),8.0,models,all,77,0.05194805194805195,0.002305991294748869,0.0,0.0
S2(e),8.0,models,2023,24,0.0,0.0,0.0,0.0
S2(e),8.0,models,2024,40,0.075,0.0013050827428346835,0.0,0.0
S2(e),8.0,models,2025,13,0.07692307692307693,0.007664249498882077,0.0,0.0
S2(e),8.0,models below 15B,all,59,0.06779661016949153,0.012915538182316002,0.0,0.0
S2(e),8.0,models below 15B,2023,16,0.0,0.0,0.0,0.0
S2(e),8.0,models below 15B,2024,33,0.09090909090909091,0.011811964979413543,0.0,0.0
S2(e),8.0,models below 15B,2025,10,0.1,0.015754862941488708,0.0,0.0
S2(e),8.0,decisions (49),all,49,0.04081632653061224,0.0003910276417121993,0.0,0.0
S2(e),8.0,decisions (49),2023,16,0.0,0.0,0.0,0.0
S2(e),8.0,decisions (49),2024,27,0.07407407407407407,0.0005357149419962455,0.0,0.0
S2(e),8.0,decisions (49),2025,6,0.0,0.0,0.0,0.0
S2(e),8.0,decisions (56),all,56,0.03571428571428571,0.0003910276417121993,0.0,0.0
S2(e),8.0,decisions (56),2023,19,0.0,0.0,0.0,0.0
S2(e),8.0,decisions (56),2024,30,0.06666666666666667,0.0005359935793368973,0.0,0.0
S2(e),8.0,decisions (56),2025,7,0.0,0.0,0.0,0.0
S2(e),10.0,models,all,77,0.03896103896103896,0.0022890167928037554,0.0,0.0
S2(e),10.0,models,2023,24,0.0,0.0,0.0,0.0
S2(e),10.0,models,2024,40,0.05,0.0012818152724963106,0.0,0.0
S2(e),10.0,models,2025,13,0.07692307692307693,0.007664249498882077,0.0,0.0
S2(e),10.0,models below 15B,all,59,0.05084745762711865,0.012820466345532773,0.0,0.0
S2(e),10.0,models below 15B,2023,16,0.0,0.0,0.0,0.0
S2(e),10.0,models below 15B,2024,33,0.06060606060606061,0.01160137714787157,0.0,0.0
S2(e),10.0,models below 15B,2025,10,0.1,0.015754862941488708,0.0,0.0
S2(e),10.0,decisions (49),all,49,0.02040816326530612,0.0003740531397670858,0.0,0.0
S2(e),10.0,decisions (49),2023,16,0.0,0.0,0.0,0.0
S2(e),10.0,decisions (49),2024,27,0.037037037037037035,0.0005124595672991428,0.0,0.0
S2(e),10.0,decisions (49),2025,6,0.0,0.0,0.0,0.0
S2(e),10.0,decisions (56),all,56,0.017857142857142856,0.0003740531397670858,0.0,0.0
S2(e),10.0,decisions (56),2023,19,0.0,0.0,0.0,0.0
S2(e),10.0,decisions (56),2024,30,0.03333333333333333,0.0005127261089985244,0.0,0.0
S2(e),10.0,decisions (56),2025,7,0.0,0.0,0.0,0.0
S2(e) PI-4 as published,1.0,models,all,77,0.23376623376623376,0.027536777559981653,0.0,0.0
S2(e) PI-4 as published,1.0,models,2023,24,0.0,0.0,0.0,0.0
S2(e) PI-4 as published,1.0,models,2024,40,0.325,0.014509831926085646,0.0,0.0
S2(e) PI-4 as published,1.0,models,2025,13,0.38461538461538464,0.09596024165154965,0.0,0.0
S2(e) PI-4 as published,1.0,models below 15B,all,59,0.3050847457627119,0.1542296810936649,0.0,0.0
S2(e) PI-4 as published,1.0,models below 15B,2023,16,0.0,0.0,0.0,0.0
S2(e) PI-4 as published,1.0,models below 15B,2024,33,0.3939393939393939,0.13132472060417885,0.0,0.0
S2(e) PI-4 as published,1.0,models below 15B,2025,10,0.5,0.19725877338320225,0.0,0.0
S2(e) PI-4 as published,1.0,decisions (49),all,49,0.16326530612244897,0.004334362999269114,0.0,0.0
S2(e) PI-4 as published,1.0,decisions (49),2023,16,0.0,0.0,0.0,0.0
S2(e) PI-4 as published,1.0,decisions (49),2024,27,0.25925925925925924,0.0029610128448459877,0.0,0.0
S2(e) PI-4 as published,1.0,decisions (49),2025,6,0.16666666666666666,0.012328080303949846,0.0,0.0
S2(e) PI-4 as published,1.0,decisions (56),all,56,0.19642857142857142,0.00540071107377553,0.0,0.0
S2(e) PI-4 as published,1.0,decisions (56),2023,19,0.0,0.0,0.0,0.0
S2(e) PI-4 as published,1.0,decisions (56),2024,30,0.3,0.003904106540480528,0.0,0.0
S2(e) PI-4 as published,1.0,decisions (56),2025,7,0.2857142857142857,0.01444963548067242,0.0,0.0
S2(e) PI-4 as published,1.3,models,all,77,0.2077922077922078,0.025224899835848108,0.0,0.0
S2(e) PI-4 as published,1.3,models,2023,24,0.0,0.0,0.0,0.0
S2(e) PI-4 as published,1.3,models,2024,40,0.3,0.014319561578168705,0.0,0.0
S2(e) PI-4 as published,1.3,models,2025,13,0.3076923076923077,0.08365864251211033,0.0,0.0
S2(e) PI-4 as published,1.3,models below 15B,all,59,0.2711864406779661,0.14128117383481836,0.0,0.0
S2(e) PI-4 as published,1.3,models below 15B,2023,16,0.0,0.0,0.0,0.0
S2(e) PI-4 as published,1.3,models below 15B,2024,33,0.36363636363636365,0.12960263309780806,0.0,0.0
S2(e) PI-4 as published,1.3,models below 15B,2025,10,0.4,0.17197123434480435,0.0,0.0
S2(e) PI-4 as published,1.3,decisions (49),all,49,0.12244897959183673,0.0020224852751355715,0.0,0.0
S2(e) PI-4 as published,1.3,decisions (49),2023,16,0.0,0.0,0.0,0.0
S2(e) PI-4 as published,1.3,decisions (49),2024,27,0.2222222222222222,0.0027708414093522405,0.0,0.0
S2(e) PI-4 as published,1.3,decisions (49),2025,6,0.0,0.0,0.0,0.0
S2(e) PI-4 as published,1.3,decisions (56),all,56,0.16071428571428573,0.0030888333496419864,0.0,0.0
S2(e) PI-4 as published,1.3,decisions (56),2023,19,0.0,0.0,0.0,0.0
S2(e) PI-4 as published,1.3,decisions (56),2024,30,0.26666666666666666,0.003713836192563587,0.0,0.0
S2(e) PI-4 as published,1.3,decisions (56),2025,7,0.14285714285714285,0.002148036341233098,0.0,0.0
S2(e) PI-4 as published,1.84,models,all,77,0.14285714285714285,0.01006298132942807,0.0,0.0
S2(e) PI-4 as published,1.84,models,2023,24,0.0,0.0,0.0,0.0
S2(e) PI-4 as published,1.84,models,2024,40,0.225,0.006580791226138694,0.0,0.0
S2(e) PI-4 as published,1.84,models,2025,13,0.15384615384615385,0.02978809425604108,0.0,0.0
S2(e) PI-4 as published,1.84,models below 15B,all,59,0.1864406779661017,0.05636136610061026,0.0,0.0
S2(e) PI-4 as published,1.84,models below 15B,2023,16,0.0,0.0,0.0,0.0
S2(e) PI-4 as published,1.84,models below 15B,2024,33,0.2727272727272727,0.05956103237649551,0.0,0.0
S2(e) PI-4 as published,1.84,models below 15B,2025,10,0.2,0.061233306974222114,0.0,0.0
S2(e) PI-4 as published,1.84,decisions (49),all,49,0.10204081632653061,0.0017997407260477967,0.0,0.0
S2(e) PI-4 as published,1.84,decisions (49),2023,16,0.0,0.0,0.0,0.0
S2(e) PI-4 as published,1.84,decisions (49),2024,27,0.18518518518518517,0.0024656773481313114,0.0,0.0
S2(e) PI-4 as published,1.84,decisions (49),2025,6,0.0,0.0,0.0,0.0
S2(e) PI-4 as published,1.84,decisions (56),all,56,0.125,0.002486639786971162,0.0,0.0
S2(e) PI-4 as published,1.84,decisions (56),2023,19,0.0,0.0,0.0,0.0
S2(e) PI-4 as published,1.84,decisions (56),2024,30,0.23333333333333334,0.0034085134086791376,0.0,0.0
S2(e) PI-4 as published,1.84,decisions (56),2025,7,0.0,0.0,0.0,0.0
S2(e) PI-4 as published,3.4,models,all,77,0.1038961038961039,0.008188306331453423,0.0,0.0
S2(e) PI-4 as published,3.4,models,2023,24,0.0,0.0,0.0,0.0
S2(e) PI-4 as published,3.4,models,2024,40,0.15,0.004011116719605021,0.0,0.0
S2(e) PI-4 as published,3.4,models,2025,13,0.15384615384615385,0.02978809425604108,0.0,0.0
S2(e) PI-4 as published,3.4,models below 15B,all,59,0.13559322033898305,0.045861570819114385,0.0,0.0
S2(e) PI-4 as published,3.4,models below 15B,2023,16,0.0,0.0,0.0,0.0
S2(e) PI-4 as published,3.4,models below 15B,2024,33,0.18181818181818182,0.036303575754442576,0.0,0.0
S2(e) PI-4 as published,3.4,models below 15B,2025,10,0.2,0.061233306974222114,0.0,0.0
S2(e) PI-4 as published,3.4,decisions (49),all,49,0.08163265306122448,0.0006119647889965151,0.0,0.0
S2(e) PI-4 as published,3.4,decisions (49),2023,16,0.0,0.0,0.0,0.0
S2(e) PI-4 as published,3.4,decisions (49),2024,27,0.14814814814814814,0.0008384028300544176,0.0,0.0
S2(e) PI-4 as published,3.4,decisions (49),2025,6,0.0,0.0,0.0,0.0
S2(e) PI-4 as published,3.4,decisions (56),all,56,0.07142857142857142,0.0006119647889965151,0.0,0.0
S2(e) PI-4 as published,3.4,decisions (56),2023,19,0.0,0.0,0.0,0.0
S2(e) PI-4 as published,3.4,decisions (56),2024,30,0.13333333333333333,0.0008388389021454644,0.0,0.0
S2(e) PI-4 as published,3.4,decisions (56),2025,7,0.0,0.0,0.0,0.0
S2(e) PI-4 as published,4.4,models,all,77,0.09090909090909091,0.006435089076293856,0.0,0.0
S2(e) PI-4 as published,4.4,models,2023,24,0.0,0.0,0.0,0.0
S2(e) PI-4 as published,4.4,models,2024,40,0.125,0.0016079280656432504,0.0,0.0
S2(e) PI-4 as published,4.4,models,2025,13,0.15384615384615385,0.02978809425604108,0.0,0.0
S2(e) PI-4 as published,4.4,models below 15B,all,59,0.11864406779661017,0.03604204355009467,0.0,0.0
S2(e) PI-4 as published,4.4,models below 15B,2023,16,0.0,0.0,0.0,0.0
S2(e) PI-4 as published,4.4,models below 15B,2024,33,0.15151515151515152,0.014552939348152943,0.0,0.0
S2(e) PI-4 as published,4.4,models below 15B,2025,10,0.2,0.061233306974222114,0.0,0.0
S2(e) PI-4 as published,4.4,decisions (49),all,49,0.08163265306122448,0.0006119647889965151,0.0,0.0
S2(e) PI-4 as published,4.4,decisions (49),2023,16,0.0,0.0,0.0,0.0
S2(e) PI-4 as published,4.4,decisions (49),2024,27,0.14814814814814814,0.0008384028300544176,0.0,0.0
S2(e) PI-4 as published,4.4,decisions (49),2025,6,0.0,0.0,0.0,0.0
S2(e) PI-4 as published,4.4,decisions (56),all,56,0.07142857142857142,0.0006119647889965151,0.0,0.0
S2(e) PI-4 as published,4.4,decisions (56),2023,19,0.0,0.0,0.0,0.0
S2(e) PI-4 as published,4.4,decisions (56),2024,30,0.13333333333333333,0.0008388389021454644,0.0,0.0
S2(e) PI-4 as published,4.4,decisions (56),2025,7,0.0,0.0,0.0,0.0
S2(e) PI-4 as published,8.0,models,all,77,0.05194805194805195,0.002305991294748869,0.0,0.0
S2(e) PI-4 as published,8.0,models,2023,24,0.0,0.0,0.0,0.0
S2(e) PI-4 as published,8.0,models,2024,40,0.075,0.0013050827428346835,0.0,0.0
S2(e) PI-4 as published,8.0,models,2025,13,0.07692307692307693,0.007664249498882077,0.0,0.0
S2(e) PI-4 as published,8.0,models below 15B,all,59,0.06779661016949153,0.012915538182316002,0.0,0.0
S2(e) PI-4 as published,8.0,models below 15B,2023,16,0.0,0.0,0.0,0.0
S2(e) PI-4 as published,8.0,models below 15B,2024,33,0.09090909090909091,0.011811964979413543,0.0,0.0
S2(e) PI-4 as published,8.0,models below 15B,2025,10,0.1,0.015754862941488708,0.0,0.0
S2(e) PI-4 as published,8.0,decisions (49),all,49,0.04081632653061224,0.0003910276417121993,0.0,0.0
S2(e) PI-4 as published,8.0,decisions (49),2023,16,0.0,0.0,0.0,0.0
S2(e) PI-4 as published,8.0,decisions (49),2024,27,0.07407407407407407,0.0005357149419962455,0.0,0.0
S2(e) PI-4 as published,8.0,decisions (49),2025,6,0.0,0.0,0.0,0.0
S2(e) PI-4 as published,8.0,decisions (56),all,56,0.03571428571428571,0.0003910276417121993,0.0,0.0
S2(e) PI-4 as published,8.0,decisions (56),2023,19,0.0,0.0,0.0,0.0
S2(e) PI-4 as published,8.0,decisions (56),2024,30,0.06666666666666667,0.0005359935793368973,0.0,0.0
S2(e) PI-4 as published,8.0,decisions (56),2025,7,0.0,0.0,0.0,0.0
S2(e) PI-4 as published,10.0,models,all,77,0.03896103896103896,0.0022890167928037554,0.0,0.0
S2(e) PI-4 as published,10.0,models,2023,24,0.0,0.0,0.0,0.0
S2(e) PI-4 as published,10.0,models,2024,40,0.05,0.0012818152724963106,0.0,0.0
S2(e) PI-4 as published,10.0,models,2025,13,0.07692307692307693,0.007664249498882077,0.0,0.0
S2(e) PI-4 as published,10.0,models below 15B,all,59,0.05084745762711865,0.012820466345532773,0.0,0.0
S2(e) PI-4 as published,10.0,models below 15B,2023,16,0.0,0.0,0.0,0.0
S2(e) PI-4 as published,10.0,models below 15B,2024,33,0.06060606060606061,0.01160137714787157,0.0,0.0
S2(e) PI-4 as published,10.0,models below 15B,2025,10,0.1,0.015754862941488708,0.0,0.0
S2(e) PI-4 as published,10.0,decisions (49),all,49,0.02040816326530612,0.0003740531397670858,0.0,0.0
S2(e) PI-4 as published,10.0,decisions (49),2023,16,0.0,0.0,0.0,0.0
S2(e) PI-4 as published,10.0,decisions (49),2024,27,0.037037037037037035,0.0005124595672991428,0.0,0.0
S2(e) PI-4 as published,10.0,decisions (49),2025,6,0.0,0.0,0.0,0.0
S2(e) PI-4 as published,10.0,decisions (56),all,56,0.017857142857142856,0.0003740531397670858,0.0,0.0
S2(e) PI-4 as published,10.0,decisions (56),2023,19,0.0,0.0,0.0,0.0
S2(e) PI-4 as published,10.0,decisions (56),2024,30,0.03333333333333333,0.0005127261089985244,0.0,0.0
S2(e) PI-4 as published,10.0,decisions (56),2025,7,0.0,0.0,0.0,0.0
S2(f)-total,1.0,models,all,77,0.7142857142857143,0.1730013620003787,0.0,0.0
S2(f)-total,1.0,models,2023,24,0.5,0.06887840943264799,0.0,0.0
S2(f)-total,1.0,models,2024,40,0.825,0.11048819947479054,0.0,0.0
S2(f)-total,1.0,models,2025,13,0.7692307692307693,0.48646881457147517,0.0,0.0
S2(f)-total,1.0,models below 15B,all,59,0.9322033898305084,0.9689566918993501,0.0,0.0
S2(f)-total,1.0,models below 15B,2023,16,0.75,0.5382815007239036,0.0,0.0
S2(f)-total,1.0,models below 15B,2024,33,1.0,1.0,0.0,0.0
S2(f)-total,1.0,models below 15B,2025,10,1.0,1.0,0.0,0.0
S2(f)-total,1.0,decisions (49),all,49,0.6530612244897959,0.11578325886444348,0.0,0.0
S2(f)-total,1.0,decisions (49),2023,16,0.4375,0.0363873590938376,0.0,0.0
S2(f)-total,1.0,decisions (49),2024,27,0.8148148148148148,0.05098288004831185,0.0,0.0
S2(f)-total,1.0,decisions (49),2025,6,0.5,0.42637120327361794,0.0,0.0
S2(f)-total,1.0,decisions (56),all,56,0.6607142857142857,0.12025378915281643,0.0,0.0
S2(f)-total,1.0,decisions (56),2023,19,0.42105263157894735,0.040919381084351836,0.0,0.0
S2(f)-total,1.0,decisions (56),2024,30,0.8333333333333334,0.056034385636257976,0.0,0.0
S2(f)-total,1.0,decisions (56),2025,7,0.5714285714285714,0.42760337877536403,0.0,0.0
S2(f)-total,1.3,models,all,77,0.6493506493506493,0.16651637577459955,0.0,0.0
S2(f)-total,1.3,models,2023,24,0.3333333333333333,0.047260458619884566,0.0,0.0
S2(f)-total,1.3,models,2024,40,0.8,0.10437892807270924,0.0,0.0
S2(f)-total,1.3,models,2025,13,0.7692307692307693,0.48646881457147517,0.0,0.0
S2(f)-total,1.3,models below 15B,all,59,0.847457627118644,0.9326351813188145,0.0,0.0
S2(f)-total,1.3,models below 15B,2023,16,0.5,0.3693382411172994,0.0,0.0
S2(f)-total,1.3,models below 15B,2024,33,0.9696969696969697,0.9447065710987969,0.0,0.0
S2(f)-total,1.3,models below 15B,2025,10,1.0,1.0,0.0,0.0
S2(f)-total,1.3,decisions (49),all,49,0.5918367346938775,0.11016510081206919,0.0,0.0
S2(f)-total,1.3,decisions (49),2023,16,0.3125,0.024009383312713503,0.0,0.0
S2(f)-total,1.3,decisions (49),2024,27,0.7777777777777778,0.04487678456326096,0.0,0.0
S2(f)-total,1.3,decisions (49),2025,6,0.5,0.42637120327361794,0.0,0.0
S2(f)-total,1.3,decisions (56),all,56,0.5892857142857143,0.11421046930829269,0.0,0.0
S2(f)-total,1.3,decisions (56),2023,19,0.2631578947368421,0.024009383312713507,0.0,0.0
S2(f)-total,1.3,decisions (56),2024,30,0.8,0.0499251142341767,0.0,0.0
S2(f)-total,1.3,decisions (56),2025,7,0.5714285714285714,0.42760337877536403,0.0,0.0
S2(f)-total,1.84,models,all,77,0.5844155844155844,0.15886960799395025,0.0,0.0
S2(f)-total,1.84,models,2023,24,0.25,0.02573299748396289,0.0,0.0
S2(f)-total,1.84,models,2024,40,0.725,0.09666553080820554,0.0,0.0
S2(f)-total,1.84,models,2025,13,0.7692307692307693,0.48646881457147517,0.0,0.0
S2(f)-total,1.84,models below 15B,all,59,0.7627118644067796,0.8898066929948657,0.0,0.0
S2(f)-total,1.84,models below 15B,2023,16,0.375,0.2011021540405432,0.0,0.0
S2(f)-total,1.84,models below 15B,2024,33,0.8787878787878788,0.8748946156033718,0.0,0.0
S2(f)-total,1.84,models below 15B,2025,10,1.0,1.0,0.0,0.0
S2(f)-total,1.84,decisions (49),all,49,0.5306122448979592,0.10425198937822952,0.0,0.0
S2(f)-total,1.84,decisions (49),2023,16,0.25,0.011545966157820314,0.0,0.0
S2(f)-total,1.84,decisions (49),2024,27,0.7037037037037037,0.03837757898607769,0.0,0.0
S2(f)-total,1.84,decisions (49),2025,6,0.5,0.42637120327361794,0.0,0.0
S2(f)-total,1.84,decisions (56),all,56,0.5357142857142857,0.10829735787445303,0.0,0.0
S2(f)-total,1.84,decisions (56),2023,19,0.21052631578947367,0.011545966157820315,0.0,0.0
S2(f)-total,1.84,decisions (56),2024,30,0.7333333333333333,0.04342252827459896,0.0,0.0
S2(f)-total,1.84,decisions (56),2025,7,0.5714285714285714,0.42760337877536403,0.0,0.0
S2(f)-total,3.4,models,all,77,0.45454545454545453,0.1294982111632126,0.0,0.0
S2(f)-total,3.4,models,2023,24,0.08333333333333333,0.01013779009171165,0.0,0.0
S2(f)-total,3.4,models,2024,40,0.6,0.06221669022978804,0.0,0.0
S2(f)-total,3.4,models,2025,13,0.6923076923076923,0.47075048707443057,0.0,0.0
S2(f)-total,3.4,models below 15B,all,59,0.5932203389830508,0.7253015632057008,0.0,0.0
S2(f)-total,3.4,models below 15B,2023,16,0.125,0.07922634842383404,0.0,0.0
S2(f)-total,3.4,models below 15B,2024,33,0.7272727272727273,0.5631071057862941,0.0,0.0
S2(f)-total,3.4,models below 15B,2025,10,0.9,0.967688930870336,0.0,0.0
S2(f)-total,3.4,decisions (49),all,49,0.40816326530612246,0.09538322723299875,0.0,0.0
S2(f)-total,3.4,decisions (49),2023,16,0.125,0.01013779009171165,0.0,0.0
S2(f)-total,3.4,decisions (49),2024,27,0.5555555555555556,0.02640820063796071,0.0,0.0
S2(f)-total,3.4,decisions (49),2025,6,0.5,0.42637120327361794,0.0,0.0
S2(f)-total,3.4,decisions (56),all,56,0.42857142857142855,0.0998080447428053,0.0,0.0
S2(f)-total,3.4,decisions (56),2023,19,0.10526315789473684,0.01013779009171165,0.0,0.0
S2(f)-total,3.4,decisions (56),2024,30,0.6,0.03196704678340683,0.0,0.0
S2(f)-total,3.4,decisions (56),2025,7,0.5714285714285714,0.42760337877536403,0.0,0.0
S2(f)-total,4.4,models,all,77,0.4155844155844156,0.0923439775484427,0.0,0.0
S2(f)-total,4.4,models,2023,24,0.041666666666666664,0.007520465894132805,0.0,0.0
S2(f)-total,4.4,models,2024,40,0.575,0.057606152946432725,0.0,0.0
S2(f)-total,4.4,models,2025,13,0.6153846153846154,0.28085365585442706,0.0,0.0
S2(f)-total,4.4,models below 15B,all,59,0.5423728813559322,0.5172058414313006,0.0,0.0
S2(f)-total,4.4,models below 15B,2023,16,0.0625,0.05877208403883306,0.0,0.0
S2(f)-total,4.4,models below 15B,2024,33,0.696969696969697,0.5213783301770285,0.0,0.0
S2(f)-total,4.4,models below 15B,2025,10,0.8,0.5773312644960147,0.0,0.0
S2(f)-total,4.4,decisions (49),all,49,0.3673469387755102,0.028589109474737886,0.0,0.0
S2(f)-total,4.4,decisions (49),2023,16,0.0625,0.007520465894132804,0.0,0.0
S2(f)-total,4.4,decisions (49),2024,27,0.5555555555555556,0.02640820063796071,0.0,0.0
S2(f)-total,4.4,decisions (49),2025,6,0.3333333333333333,0.048833032023827896,0.0,0.0
S2(f)-total,4.4,decisions (56),all,56,0.375,0.02965036519866077,0.0,0.0
S2(f)-total,4.4,decisions (56),2023,19,0.05263157894736842,0.007520465894132805,0.0,0.0
S2(f)-total,4.4,decisions (56),2024,30,0.5666666666666667,0.02735650950005152,0.0,0.0
S2(f)-total,4.4,decisions (56),2025,7,0.42857142857142855,0.05087617323762121,0.0,0.0
S2(f)-total,8.0,models,all,77,0.2987012987012987,0.04754255388886968,0.0,0.0
S2(f)-total,8.0,models,2023,24,0.041666666666666664,0.007520465894132805,0.0,0.0
S2(f)-total,8.0,models,2024,40,0.4,0.015463314743383258,0.0,0.0
S2(f)-total,8.0,models,2025,13,0.46153846153846156,0.20128000979841176,0.0,0.0
S2(f)-total,8.0,models below 15B,all,59,0.3898305084745763,0.266279266289851,0.0,0.0
S2(f)-total,8.0,models below 15B,2023,16,0.0625,0.05877208403883306,0.0,0.0
S2(f)-total,8.0,models below 15B,2024,33,0.48484848484848486,0.139954445966978,0.0,0.0
S2(f)-total,8.0,models below 15B,2025,10,0.6,0.4137572723458481,0.0,0.0
S2(f)-total,8.0,decisions (49),all,49,0.24489795918367346,0.005740573383629613,0.0,0.0
S2(f)-total,8.0,decisions (49),2023,16,0.0625,0.007520465894132804,0.0,0.0
S2(f)-total,8.0,decisions (49),2024,27,0.37037037037037035,0.003920976604591726,0.0,0.0
S2(f)-total,8.0,decisions (49),2025,6,0.16666666666666666,0.012328080303949846,0.0,0.0
S2(f)-total,8.0,decisions (56),all,56,0.26785714285714285,0.0068018291075524935,0.0,0.0
S2(f)-total,8.0,decisions (56),2023,19,0.05263157894736842,0.007520465894132805,0.0,0.0
S2(f)-total,8.0,decisions (56),2024,30,0.4,0.00485758935777814,0.0,0.0
S2(f)-total,8.0,decisions (56),2025,7,0.2857142857142857,0.01444963548067242,0.0,0.0
S2(f)-total,10.0,models,all,77,0.2597402597402597,0.027757997103197766,0.0,0.0
S2(f)-total,10.0,models,2023,24,0.0,0.0,0.0,0.0
S2(f)-total,10.0,models,2024,40,0.375,0.014813064337657583,0.0,0.0
S2(f)-total,10.0,models,2025,13,0.38461538461538464,0.09596024165154965,0.0,0.0
S2(f)-total,10.0,models below 15B,all,59,0.3389830508474576,0.1554687011470313,0.0,0.0
S2(f)-total,10.0,models below 15B,2023,16,0.0,0.0,0.0,0.0
S2(f)-total,10.0,models below 15B,2024,33,0.45454545454545453,0.13406919841278978,0.0,0.0
S2(f)-total,10.0,models below 15B,2025,10,0.5,0.19725877338320225,0.0,0.0
S2(f)-total,10.0,decisions (49),all,49,0.20408163265306123,0.004560674893068762,0.0,0.0
S2(f)-total,10.0,decisions (49),2023,16,0.0,0.0,0.0,0.0
S2(f)-total,10.0,decisions (49),2024,27,0.3333333333333333,0.00327106423284779,0.0,0.0
S2(f)-total,10.0,decisions (49),2025,6,0.16666666666666666,0.012328080303949846,0.0,0.0
S2(f)-total,10.0,decisions (56),all,56,0.23214285714285715,0.005621930616991643,0.0,0.0
S2(f)-total,10.0,decisions (56),2023,19,0.0,0.0,0.0,0.0
S2(f)-total,10.0,decisions (56),2024,30,0.36666666666666664,0.004207338952052466,0.0,0.0
S2(f)-total,10.0,decisions (56),2025,7,0.2857142857142857,0.01444963548067242,0.0,0.0
S2(f)-NF,1.0,models,all,77,0.7532467532467533,0.23522611786388534,0.0,0.0
S2(f)-NF,1.0,models,2023,24,0.5416666666666666,0.09746366951107635,0.0,0.0
S2(f)-NF,1.0,models,2024,40,0.875,0.19210574132196373,0.0,0.0
S2(f)-NF,1.0,models,2025,13,0.7692307692307693,0.48646881457147517,0.0,0.0
S2(f)-NF,1.0,models below 15B,all,59,0.9491525423728814,0.9839763211536993,0.0,0.0
S2(f)-NF,1.0,models below 15B,2023,16,0.8125,0.7616739515708622,0.0,0.0
S2(f)-NF,1.0,models below 15B,2024,33,1.0,1.0,0.0,0.0
S2(f)-NF,1.0,models below 15B,2025,10,1.0,1.0,0.0,0.0
S2(f)-NF,1.0,decisions (49),all,49,0.673469387755102,0.1381159723047163,0.0,0.0
S2(f)-NF,1.0,decisions (49),2023,16,0.4375,0.0363873590938376,0.0,0.0
S2(f)-NF,1.0,decisions (49),2024,27,0.8518518518518519,0.08157910141232515,0.0,0.0
S2(f)-NF,1.0,decisions (49),2025,6,0.5,0.42637120327361794,0.0,0.0
S2(f)-NF,1.0,decisions (56),all,56,0.6964285714285714,0.14526816663387287,0.0,0.0
S2(f)-NF,1.0,decisions (56),2023,19,0.47368421052631576,0.0695046411627802,0.0,0.0
S2(f)-NF,1.0,decisions (56),2024,30,0.8666666666666667,0.08664652078031833,0.0,0.0
S2(f)-NF,1.0,decisions (56),2025,7,0.5714285714285714,0.42760337877536403,0.0,0.0
S2(f)-NF,1.3,models,all,77,0.7012987012987013,0.2311994677748267,0.0,0.0
S2(f)-NF,1.3,models,2023,24,0.375,0.05454149943680644,0.0,0.0
S2(f)-NF,1.3,models,2024,40,0.875,0.19210574132196373,0.0,0.0
S2(f)-NF,1.3,models,2025,13,0.7692307692307693,0.48646881457147517,0.0,0.0
S2(f)-NF,1.3,models below 15B,all,59,0.8813559322033898,0.9614236111367574,0.0,0.0
S2(f)-NF,1.3,models below 15B,2023,16,0.5625,0.4262392295409229,0.0,0.0
S2(f)-NF,1.3,models below 15B,2024,33,1.0,1.0,0.0,0.0
S2(f)-NF,1.3,models below 15B,2025,10,1.0,1.0,0.0,0.0
S2(f)-NF,1.3,decisions (49),all,49,0.6530612244897959,0.13763781442984607,0.0,0.0
S2(f)-NF,1.3,decisions (49),2023,16,0.375,0.031290424129635376,0.0,0.0
S2(f)-NF,1.3,decisions (49),2024,27,0.8518518518518519,0.08157910141232515,0.0,0.0
S2(f)-NF,1.3,decisions (49),2025,6,0.5,0.42637120327361794,0.0,0.0
S2(f)-NF,1.3,decisions (56),all,56,0.6428571428571429,0.1416831829260696,0.0,0.0
S2(f)-NF,1.3,decisions (56),2023,19,0.3157894736842105,0.031290424129635376,0.0,0.0
S2(f)-NF,1.3,decisions (56),2024,30,0.8666666666666667,0.08664652078031833,0.0,0.0
S2(f)-NF,1.3,decisions (56),2025,7,0.5714285714285714,0.42760337877536403,0.0,0.0
S2(f)-NF,1.84,models,all,77,0.6493506493506493,0.16651637577459955,0.0,0.0
S2(f)-NF,1.84,models,2023,24,0.3333333333333333,0.047260458619884566,0.0,0.0
S2(f)-NF,1.84,models,2024,40,0.8,0.10437892807270924,0.0,0.0
S2(f)-NF,1.84,models,2025,13,0.7692307692307693,0.48646881457147517,0.0,0.0
S2(f)-NF,1.84,models below 15B,all,59,0.847457627118644,0.9326351813188145,0.0,0.0
S2(f)-NF,1.84,models below 15B,2023,16,0.5,0.3693382411172994,0.0,0.0
S2(f)-NF,1.84,models below 15B,2024,33,0.9696969696969697,0.9447065710987969,0.0,0.0
S2(f)-NF,1.84,models below 15B,2025,10,1.0,1.0,0.0,0.0
S2(f)-NF,1.84,decisions (49),all,49,0.5918367346938775,0.11016510081206919,0.0,0.0
S2(f)-NF,1.84,decisions (49),2023,16,0.3125,0.024009383312713503,0.0,0.0
S2(f)-NF,1.84,decisions (49),2024,27,0.7777777777777778,0.04487678456326096,0.0,0.0
S2(f)-NF,1.84,decisions (49),2025,6,0.5,0.42637120327361794,0.0,0.0
S2(f)-NF,1.84,decisions (56),all,56,0.5892857142857143,0.11421046930829269,0.0,0.0
S2(f)-NF,1.84,decisions (56),2023,19,0.2631578947368421,0.024009383312713507,0.0,0.0
S2(f)-NF,1.84,decisions (56),2024,30,0.8,0.0499251142341767,0.0,0.0
S2(f)-NF,1.84,decisions (56),2025,7,0.5714285714285714,0.42760337877536403,0.0,0.0
S2(f)-NF,3.4,models,all,77,0.4805194805194805,0.14904936935564614,0.0,0.0
S2(f)-NF,3.4,models,2023,24,0.08333333333333333,0.01013779009171165,0.0,0.0
S2(f)-NF,3.4,models,2024,40,0.625,0.08521004931701341,0.0,0.0
S2(f)-NF,3.4,models,2025,13,0.7692307692307693,0.48646881457147517,0.0,0.0
S2(f)-NF,3.4,models below 15B,all,59,0.6271186440677966,0.8348048951210865,0.0,0.0
S2(f)-NF,3.4,models below 15B,2023,16,0.125,0.07922634842383404,0.0,0.0
S2(f)-NF,3.4,models below 15B,2024,33,0.7575757575757576,0.7712140275799798,0.0,0.0
S2(f)-NF,3.4,models below 15B,2025,10,1.0,1.0,0.0,0.0
S2(f)-NF,3.4,decisions (49),all,49,0.40816326530612246,0.09538322723299875,0.0,0.0
S2(f)-NF,3.4,decisions (49),2023,16,0.125,0.01013779009171165,0.0,0.0
S2(f)-NF,3.4,decisions (49),2024,27,0.5555555555555556,0.02640820063796071,0.0,0.0
S2(f)-NF,3.4,decisions (49),2025,6,0.5,0.42637120327361794,0.0,0.0
S2(f)-NF,3.4,decisions (56),all,56,0.42857142857142855,0.0998080447428053,0.0,0.0
S2(f)-NF,3.4,decisions (56),2023,19,0.10526315789473684,0.01013779009171165,0.0,0.0
S2(f)-NF,3.4,decisions (56),2024,30,0.6,0.03196704678340683,0.0,0.0
S2(f)-NF,3.4,decisions (56),2025,7,0.5714285714285714,0.42760337877536403,0.0,0.0
S2(f)-NF,4.4,models,all,77,0.44155844155844154,0.12925267258268322,0.0,0.0
S2(f)-NF,4.4,models,2023,24,0.041666666666666664,0.007520465894132805,0.0,0.0
S2(f)-NF,4.4,models,2024,40,0.6,0.06221669022978804,0.0,0.0
S2(f)-NF,4.4,models,2025,13,0.6923076923076923,0.47075048707443057,0.0,0.0
S2(f)-NF,4.4,models below 15B,all,59,0.576271186440678,0.7239263355891524,0.0,0.0
S2(f)-NF,4.4,models below 15B,2023,16,0.0625,0.05877208403883306,0.0,0.0
S2(f)-NF,4.4,models below 15B,2024,33,0.7272727272727273,0.5631071057862941,0.0,0.0
S2(f)-NF,4.4,models below 15B,2025,10,0.9,0.967688930870336,0.0,0.0
S2(f)-NF,4.4,decisions (49),all,49,0.3877551020408163,0.09513768865246938,0.0,0.0
S2(f)-NF,4.4,decisions (49),2023,16,0.0625,0.007520465894132804,0.0,0.0
S2(f)-NF,4.4,decisions (49),2024,27,0.5555555555555556,0.02640820063796071,0.0,0.0
S2(f)-NF,4.4,decisions (49),2025,6,0.5,0.42637120327361794,0.0,0.0
S2(f)-NF,4.4,decisions (56),all,56,0.4107142857142857,0.09956250616227592,0.0,0.0
S2(f)-NF,4.4,decisions (56),2023,19,0.05263157894736842,0.007520465894132805,0.0,0.0
S2(f)-NF,4.4,decisions (56),2024,30,0.6,0.03196704678340683,0.0,0.0
S2(f)-NF,4.4,decisions (56),2025,7,0.5714285714285714,0.42760337877536403,0.0,0.0
S2(f)-NF,8.0,models,all,77,0.3116883116883117,0.05721716865459164,0.0,0.0
S2(f)-NF,8.0,models,2023,24,0.041666666666666664,0.007520465894132805,0.0,0.0
S2(f)-NF,8.0,models,2024,40,0.425,0.028724605874309285,0.0,0.0
S2(f)-NF,8.0,models,2025,13,0.46153846153846156,0.20128000979841176,0.0,0.0
S2(f)-NF,8.0,models below 15B,all,59,0.4067796610169492,0.3204654450019818,0.0,0.0
S2(f)-NF,8.0,models below 15B,2023,16,0.0625,0.05877208403883306,0.0,0.0
S2(f)-NF,8.0,models below 15B,2024,33,0.5151515151515151,0.25997894807638,0.0,0.0
S2(f)-NF,8.0,models below 15B,2025,10,0.6,0.4137572723458481,0.0,0.0
S2(f)-NF,8.0,decisions (49),all,49,0.24489795918367346,0.0067660292713649685,0.0,0.0
S2(f)-NF,8.0,decisions (49),2023,16,0.0625,0.007520465894132804,0.0,0.0
S2(f)-NF,8.0,decisions (49),2024,27,0.37037037037037035,0.005325869719084598,0.0,0.0
S2(f)-NF,8.0,decisions (49),2025,6,0.16666666666666666,0.012328080303949846,0.0,0.0
S2(f)-NF,8.0,decisions (56),all,56,0.26785714285714285,0.00782728499528785,0.0,0.0
S2(f)-NF,8.0,decisions (56),2023,19,0.05263157894736842,0.007520465894132805,0.0,0.0
S2(f)-NF,8.0,decisions (56),2024,30,0.4,0.006263213188647643,0.0,0.0
S2(f)-NF,8.0,decisions (56),2025,7,0.2857142857142857,0.01444963548067242,0.0,0.0
S2(f)-NF,10.0,models,all,77,0.2727272727272727,0.046362655398308826,0.0,0.0
S2(f)-NF,10.0,models,2023,24,0.0,0.0,0.0,0.0
S2(f)-NF,10.0,models,2024,40,0.375,0.014813064337657583,0.0,0.0
S2(f)-NF,10.0,models,2025,13,0.46153846153846156,0.20128000979841176,0.0,0.0
S2(f)-NF,10.0,models below 15B,all,59,0.3559322033898305,0.25967081809631376,0.0,0.0
S2(f)-NF,10.0,models below 15B,2023,16,0.0,0.0,0.0,0.0
S2(f)-NF,10.0,models below 15B,2024,33,0.45454545454545453,0.13406919841278978,0.0,0.0
S2(f)-NF,10.0,models below 15B,2025,10,0.6,0.4137572723458481,0.0,0.0
S2(f)-NF,10.0,decisions (49),all,49,0.20408163265306123,0.004560674893068762,0.0,0.0
S2(f)-NF,10.0,decisions (49),2023,16,0.0,0.0,0.0,0.0
S2(f)-NF,10.0,decisions (49),2024,27,0.3333333333333333,0.00327106423284779,0.0,0.0
S2(f)-NF,10.0,decisions (49),2025,6,0.16666666666666666,0.012328080303949846,0.0,0.0
S2(f)-NF,10.0,decisions (56),all,56,0.23214285714285715,0.005621930616991643,0.0,0.0
S2(f)-NF,10.0,decisions (56),2023,19,0.0,0.0,0.0,0.0
S2(f)-NF,10.0,decisions (56),2024,30,0.36666666666666664,0.004207338952052466,0.0,0.0
S2(f)-NF,10.0,decisions (56),2025,7,0.2857142857142857,0.01444963548067242,0.0,0.0
S2(f)-Chinchilla N_F,1.0,models,all,77,0.7792207792207793,0.23726581020279672,0.0,0.0
S2(f)-Chinchilla N_F,1.0,models,2023,24,0.625,0.11920581733460503,0.0,0.0
S2(f)-Chinchilla N_F,1.0,models,2024,40,0.875,0.19210574132196373,0.0,0.0
S2(f)-Chinchilla N_F,1.0,models,2025,13,0.7692307692307693,0.48646881457147517,0.0,0.0
S2(f)-Chinchilla N_F,1.0,models below 15B,all,59,0.9830508474576272,0.995400355729795,0.0,0.0
S2(f)-Chinchilla N_F,1.0,models below 15B,2023,16,0.9375,0.9315878049221654,0.0,0.0
S2(f)-Chinchilla N_F,1.0,models below 15B,2024,33,1.0,1.0,0.0,0.0
S2(f)-Chinchilla N_F,1.0,models below 15B,2025,10,1.0,1.0,0.0,0.0
S2(f)-Chinchilla N_F,1.0,decisions (49),all,49,0.6938775510204082,0.1386968460757243,0.0,0.0
S2(f)-Chinchilla N_F,1.0,decisions (49),2023,16,0.5,0.04257919653673692,0.0,0.0
S2(f)-Chinchilla N_F,1.0,decisions (49),2024,27,0.8518518518518519,0.08157910141232515,0.0,0.0
S2(f)-Chinchilla N_F,1.0,decisions (49),2025,6,0.5,0.42637120327361794,0.0,0.0
S2(f)-Chinchilla N_F,1.0,decisions (56),all,56,0.7142857142857143,0.1458490404048809,0.0,0.0
S2(f)-Chinchilla N_F,1.0,decisions (56),2023,19,0.5263157894736842,0.07569647860567952,0.0,0.0
S2(f)-Chinchilla N_F,1.0,decisions (56),2024,30,0.8666666666666667,0.08664652078031833,0.0,0.0
S2(f)-Chinchilla N_F,1.0,decisions (56),2025,7,0.5714285714285714,0.42760337877536403,0.0,0.0
S2(f)-Chinchilla N_F,1.3,models,all,77,0.7402597402597403,0.2325444538231017,0.0,0.0
S2(f)-Chinchilla N_F,1.3,models,2023,24,0.5,0.06887840943264799,0.0,0.0
S2(f)-Chinchilla N_F,1.3,models,2024,40,0.875,0.19210574132196373,0.0,0.0
S2(f)-Chinchilla N_F,1.3,models,2025,13,0.7692307692307693,0.48646881457147517,0.0,0.0
S2(f)-Chinchilla N_F,1.3,models below 15B,all,59,0.9322033898305084,0.9689566918993501,0.0,0.0
S2(f)-Chinchilla N_F,1.3,models below 15B,2023,16,0.75,0.5382815007239036,0.0,0.0
S2(f)-Chinchilla N_F,1.3,models below 15B,2024,33,1.0,1.0,0.0,0.0
S2(f)-Chinchilla N_F,1.3,models below 15B,2025,10,1.0,1.0,0.0,0.0
S2(f)-Chinchilla N_F,1.3,decisions (49),all,49,0.673469387755102,0.1381159723047163,0.0,0.0
S2(f)-Chinchilla N_F,1.3,decisions (49),2023,16,0.4375,0.0363873590938376,0.0,0.0
S2(f)-Chinchilla N_F,1.3,decisions (49),2024,27,0.8518518518518519,0.08157910141232515,0.0,0.0
S2(f)-Chinchilla N_F,1.3,decisions (49),2025,6,0.5,0.42637120327361794,0.0,0.0
S2(f)-Chinchilla N_F,1.3,decisions (56),all,56,0.6785714285714286,0.14258650259308925,0.0,0.0
S2(f)-Chinchilla N_F,1.3,decisions (56),2023,19,0.42105263157894735,0.040919381084351836,0.0,0.0
S2(f)-Chinchilla N_F,1.3,decisions (56),2024,30,0.8666666666666667,0.08664652078031833,0.0,0.0
S2(f)-Chinchilla N_F,1.3,decisions (56),2025,7,0.5714285714285714,0.42760337877536403,0.0,0.0
S2(f)-Chinchilla N_F,1.84,models,all,77,0.6623376623376623,0.17097332093407522,0.0,0.0
S2(f)-Chinchilla N_F,1.84,models,2023,24,0.3333333333333333,0.047260458619884566,0.0,0.0
S2(f)-Chinchilla N_F,1.84,models,2024,40,0.825,0.11048819947479054,0.0,0.0
S2(f)-Chinchilla N_F,1.84,models,2025,13,0.7692307692307693,0.48646881457147517,0.0,0.0
S2(f)-Chinchilla N_F,1.84,models below 15B,all,59,0.864406779661017,0.9575979144890477,0.0,0.0
S2(f)-Chinchilla N_F,1.84,models below 15B,2023,16,0.5,0.3693382411172994,0.0,0.0
S2(f)-Chinchilla N_F,1.84,models below 15B,2024,33,1.0,1.0,0.0,0.0
S2(f)-Chinchilla N_F,1.84,models below 15B,2025,10,1.0,1.0,0.0,0.0
S2(f)-Chinchilla N_F,1.84,decisions (49),all,49,0.6122448979591837,0.11462204597154485,0.0,0.0
S2(f)-Chinchilla N_F,1.84,decisions (49),2023,16,0.3125,0.024009383312713503,0.0,0.0
S2(f)-Chinchilla N_F,1.84,decisions (49),2024,27,0.8148148148148148,0.05098288004831185,0.0,0.0
S2(f)-Chinchilla N_F,1.84,decisions (49),2025,6,0.5,0.42637120327361794,0.0,0.0
S2(f)-Chinchilla N_F,1.84,decisions (56),all,56,0.6071428571428571,0.11866741446776838,0.0,0.0
S2(f)-Chinchilla N_F,1.84,decisions (56),2023,19,0.2631578947368421,0.024009383312713507,0.0,0.0
S2(f)-Chinchilla N_F,1.84,decisions (56),2024,30,0.8333333333333334,0.056034385636257976,0.0,0.0
S2(f)-Chinchilla N_F,1.84,decisions (56),2025,7,0.5714285714285714,0.42760337877536403,0.0,0.0
S2(f)-Chinchilla N_F,3.4,models,all,77,0.5324675324675324,0.15746732980646963,0.0,0.0
S2(f)-Chinchilla N_F,3.4,models,2023,24,0.125,0.02236710606689069,0.0,0.0
S2(f)-Chinchilla N_F,3.4,models,2024,40,0.7,0.09517621220173272,0.0,0.0
S2(f)-Chinchilla N_F,3.4,models,2025,13,0.7692307692307693,0.48646881457147517,0.0,0.0
S2(f)-Chinchilla N_F,3.4,models below 15B,all,59,0.6949152542372882,0.8819527268875884,0.0,0.0
S2(f)-Chinchilla N_F,3.4,models below 15B,2023,16,0.1875,0.17479787236245106,0.0,0.0
S2(f)-Chinchilla N_F,3.4,models below 15B,2024,33,0.8484848484848485,0.8614151796676579,0.0,0.0
S2(f)-Chinchilla N_F,3.4,models below 15B,2025,10,1.0,1.0,0.0,0.0
S2(f)-Chinchilla N_F,3.4,decisions (49),all,49,0.46938775510204084,0.10303337000107163,0.0,0.0
S2(f)-Chinchilla N_F,3.4,decisions (49),2023,16,0.125,0.01013779009171165,0.0,0.0
S2(f)-Chinchilla N_F,3.4,decisions (49),2024,27,0.6666666666666666,0.03688903460487899,0.0,0.0
S2(f)-Chinchilla N_F,3.4,decisions (49),2025,6,0.5,0.42637120327361794,0.0,0.0
S2(f)-Chinchilla N_F,3.4,decisions (56),all,56,0.48214285714285715,0.10707873849729516,0.0,0.0
S2(f)-Chinchilla N_F,3.4,decisions (56),2023,19,0.10526315789473684,0.01013779009171165,0.0,0.0
S2(f)-Chinchilla N_F,3.4,decisions (56),2024,30,0.7,0.04193320966812614,0.0,0.0
S2(f)-Chinchilla N_F,3.4,decisions (56),2025,7,0.5714285714285714,0.42760337877536403,0.0,0.0
S2(f)-Chinchilla N_F,4.4,models,all,77,0.4675324675324675,0.13227484196290618,0.0,0.0
S2(f)-Chinchilla N_F,4.4,models,2023,24,0.08333333333333333,0.01013779009171165,0.0,0.0
S2(f)-Chinchilla N_F,4.4,models,2024,40,0.6,0.06221669022978804,0.0,0.0
S2(f)-Chinchilla N_F,4.4,models,2025,13,0.7692307692307693,0.48646881457147517,0.0,0.0
S2(f)-Chinchilla N_F,4.4,models below 15B,all,59,0.6101694915254238,0.740853088136996,0.0,0.0
S2(f)-Chinchilla N_F,4.4,models below 15B,2023,16,0.125,0.07922634842383404,0.0,0.0
S2(f)-Chinchilla N_F,4.4,models below 15B,2024,33,0.7272727272727273,0.5631071057862941,0.0,0.0
S2(f)-Chinchilla N_F,4.4,models below 15B,2025,10,1.0,1.0,0.0,0.0
S2(f)-Chinchilla N_F,4.4,decisions (49),all,49,0.40816326530612246,0.09538322723299875,0.0,0.0
S2(f)-Chinchilla N_F,4.4,decisions (49),2023,16,0.125,0.01013779009171165,0.0,0.0
S2(f)-Chinchilla N_F,4.4,decisions (49),2024,27,0.5555555555555556,0.02640820063796071,0.0,0.0
S2(f)-Chinchilla N_F,4.4,decisions (49),2025,6,0.5,0.42637120327361794,0.0,0.0
S2(f)-Chinchilla N_F,4.4,decisions (56),all,56,0.42857142857142855,0.0998080447428053,0.0,0.0
S2(f)-Chinchilla N_F,4.4,decisions (56),2023,19,0.10526315789473684,0.01013779009171165,0.0,0.0
S2(f)-Chinchilla N_F,4.4,decisions (56),2024,30,0.6,0.03196704678340683,0.0,0.0
S2(f)-Chinchilla N_F,4.4,decisions (56),2025,7,0.5714285714285714,0.42760337877536403,0.0,0.0
S2(f)-Chinchilla N_F,8.0,models,all,77,0.37662337662337664,0.07960723079159537,0.0,0.0
S2(f)-Chinchilla N_F,8.0,models,2023,24,0.041666666666666664,0.007520465894132805,0.0,0.0
S2(f)-Chinchilla N_F,8.0,models,2024,40,0.525,0.04896777252211685,0.0,0.0
S2(f)-Chinchilla N_F,8.0,models,2025,13,0.5384615384615384,0.2444271180974783,0.0,0.0
S2(f)-Chinchilla N_F,8.0,models below 15B,all,59,0.4915254237288136,0.44586908511693385,0.0,0.0
S2(f)-Chinchilla N_F,8.0,models below 15B,2023,16,0.0625,0.05877208403883306,0.0,0.0
S2(f)-Chinchilla N_F,8.0,models below 15B,2024,33,0.6363636363636364,0.4431945923174315,0.0,0.0
S2(f)-Chinchilla N_F,8.0,models below 15B,2025,10,0.7,0.5024517723973557,0.0,0.0
S2(f)-Chinchilla N_F,8.0,decisions (49),all,49,0.30612244897959184,0.013934123218742222,0.0,0.0
S2(f)-Chinchilla N_F,8.0,decisions (49),2023,16,0.0625,0.007520465894132804,0.0,0.0
S2(f)-Chinchilla N_F,8.0,decisions (49),2024,27,0.48148148148148145,0.015146288082421602,0.0,0.0
S2(f)-Chinchilla N_F,8.0,decisions (49),2025,6,0.16666666666666666,0.012328080303949846,0.0,0.0
S2(f)-Chinchilla N_F,8.0,decisions (56),all,56,0.32142857142857145,0.014995378942665104,0.0,0.0
S2(f)-Chinchilla N_F,8.0,decisions (56),2023,19,0.05263157894736842,0.007520465894132805,0.0,0.0
S2(f)-Chinchilla N_F,8.0,decisions (56),2024,30,0.5,0.016088739371540046,0.0,0.0
S2(f)-Chinchilla N_F,8.0,decisions (56),2025,7,0.2857142857142857,0.01444963548067242,0.0,0.0
S2(f)-Chinchilla N_F,10.0,models,all,77,0.3246753246753247,0.057691550983924526,0.0,0.0
S2(f)-Chinchilla N_F,10.0,models,2023,24,0.041666666666666664,0.007520465894132805,0.0,0.0
S2(f)-Chinchilla N_F,10.0,models,2024,40,0.45,0.02937485628003496,0.0,0.0
S2(f)-Chinchilla N_F,10.0,models,2025,13,0.46153846153846156,0.20128000979841176,0.0,0.0
S2(f)-Chinchilla N_F,10.0,models below 15B,all,59,0.423728813559322,0.3231223947924979,0.0,0.0
S2(f)-Chinchilla N_F,10.0,models below 15B,2023,16,0.0625,0.05877208403883306,0.0,0.0
S2(f)-Chinchilla N_F,10.0,models below 15B,2024,33,0.5454545454545454,0.26586419563056823,0.0,0.0
S2(f)-Chinchilla N_F,10.0,models below 15B,2025,10,0.6,0.4137572723458481,0.0,0.0
S2(f)-Chinchilla N_F,10.0,decisions (49),all,49,0.2653061224489796,0.00724041160069786,0.0,0.0
S2(f)-Chinchilla N_F,10.0,decisions (49),2023,16,0.0625,0.007520465894132804,0.0,0.0
S2(f)-Chinchilla N_F,10.0,decisions (49),2024,27,0.4074074074074074,0.005975782090828535,0.0,0.0
S2(f)-Chinchilla N_F,10.0,decisions (49),2025,6,0.16666666666666666,0.012328080303949846,0.0,0.0
S2(f)-Chinchilla N_F,10.0,decisions (56),all,56,0.2857142857142857,0.00830166732462074,0.0,0.0
S2(f)-Chinchilla N_F,10.0,decisions (56),2023,19,0.05263157894736842,0.007520465894132805,0.0,0.0
S2(f)-Chinchilla N_F,10.0,decisions (56),2024,30,0.43333333333333335,0.006913463594373316,0.0,0.0
S2(f)-Chinchilla N_F,10.0,decisions (56),2025,7,0.2857142857142857,0.01444963548067242,0.0,0.0
S1 HC2 studentization,1.0,models,all,77,0.7532467532467533,0.23522611786388534,0.0,0.0
S1 HC2 studentization,1.0,models,2023,24,0.5416666666666666,0.09746366951107635,0.0,0.0
S1 HC2 studentization,1.0,models,2024,40,0.875,0.19210574132196373,0.0,0.0
S1 HC2 studentization,1.0,models,2025,13,0.7692307692307693,0.48646881457147517,0.0,0.0
S1 HC2 studentization,1.0,models below 15B,all,59,0.9491525423728814,0.9839763211536993,0.0,0.0
S1 HC2 studentization,1.0,models below 15B,2023,16,0.8125,0.7616739515708622,0.0,0.0
S1 HC2 studentization,1.0,models below 15B,2024,33,1.0,1.0,0.0,0.0
S1 HC2 studentization,1.0,models below 15B,2025,10,1.0,1.0,0.0,0.0
S1 HC2 studentization,1.0,decisions (49),all,49,0.673469387755102,0.1381159723047163,0.0,0.0
S1 HC2 studentization,1.0,decisions (49),2023,16,0.4375,0.0363873590938376,0.0,0.0
S1 HC2 studentization,1.0,decisions (49),2024,27,0.8518518518518519,0.08157910141232515,0.0,0.0
S1 HC2 studentization,1.0,decisions (49),2025,6,0.5,0.42637120327361794,0.0,0.0
S1 HC2 studentization,1.0,decisions (56),all,56,0.6964285714285714,0.14526816663387287,0.0,0.0
S1 HC2 studentization,1.0,decisions (56),2023,19,0.47368421052631576,0.0695046411627802,0.0,0.0
S1 HC2 studentization,1.0,decisions (56),2024,30,0.8666666666666667,0.08664652078031833,0.0,0.0
S1 HC2 studentization,1.0,decisions (56),2025,7,0.5714285714285714,0.42760337877536403,0.0,0.0
S1 HC2 studentization,1.3,models,all,77,0.6753246753246753,0.1716563759521036,0.0,0.0
S1 HC2 studentization,1.3,models,2023,24,0.375,0.05454149943680644,0.0,0.0
S1 HC2 studentization,1.3,models,2024,40,0.825,0.11048819947479054,0.0,0.0
S1 HC2 studentization,1.3,models,2025,13,0.7692307692307693,0.48646881457147517,0.0,0.0
S1 HC2 studentization,1.3,models below 15B,all,59,0.8813559322033898,0.9614236111367574,0.0,0.0
S1 HC2 studentization,1.3,models below 15B,2023,16,0.5625,0.4262392295409229,0.0,0.0
S1 HC2 studentization,1.3,models below 15B,2024,33,1.0,1.0,0.0,0.0
S1 HC2 studentization,1.3,models below 15B,2025,10,1.0,1.0,0.0,0.0
S1 HC2 studentization,1.3,decisions (49),all,49,0.6326530612244898,0.11530510098957326,0.0,0.0
S1 HC2 studentization,1.3,decisions (49),2023,16,0.375,0.031290424129635376,0.0,0.0
S1 HC2 studentization,1.3,decisions (49),2024,27,0.8148148148148148,0.05098288004831185,0.0,0.0
S1 HC2 studentization,1.3,decisions (49),2025,6,0.5,0.42637120327361794,0.0,0.0
S1 HC2 studentization,1.3,decisions (56),all,56,0.625,0.11935046948579676,0.0,0.0
S1 HC2 studentization,1.3,decisions (56),2023,19,0.3157894736842105,0.031290424129635376,0.0,0.0
S1 HC2 studentization,1.3,decisions (56),2024,30,0.8333333333333334,0.056034385636257976,0.0,0.0
S1 HC2 studentization,1.3,decisions (56),2025,7,0.5714285714285714,0.42760337877536403,0.0,0.0
S1 HC2 studentization,1.84,models,all,77,0.6493506493506493,0.16651637577459955,0.0,0.0
S1 HC2 studentization,1.84,models,2023,24,0.3333333333333333,0.047260458619884566,0.0,0.0
S1 HC2 studentization,1.84,models,2024,40,0.8,0.10437892807270924,0.0,0.0
S1 HC2 studentization,1.84,models,2025,13,0.7692307692307693,0.48646881457147517,0.0,0.0
S1 HC2 studentization,1.84,models below 15B,all,59,0.847457627118644,0.9326351813188145,0.0,0.0
S1 HC2 studentization,1.84,models below 15B,2023,16,0.5,0.3693382411172994,0.0,0.0
S1 HC2 studentization,1.84,models below 15B,2024,33,0.9696969696969697,0.9447065710987969,0.0,0.0
S1 HC2 studentization,1.84,models below 15B,2025,10,1.0,1.0,0.0,0.0
S1 HC2 studentization,1.84,decisions (49),all,49,0.5918367346938775,0.11016510081206919,0.0,0.0
S1 HC2 studentization,1.84,decisions (49),2023,16,0.3125,0.024009383312713503,0.0,0.0
S1 HC2 studentization,1.84,decisions (49),2024,27,0.7777777777777778,0.04487678456326096,0.0,0.0
S1 HC2 studentization,1.84,decisions (49),2025,6,0.5,0.42637120327361794,0.0,0.0
S1 HC2 studentization,1.84,decisions (56),all,56,0.5892857142857143,0.11421046930829269,0.0,0.0
S1 HC2 studentization,1.84,decisions (56),2023,19,0.2631578947368421,0.024009383312713507,0.0,0.0
S1 HC2 studentization,1.84,decisions (56),2024,30,0.8,0.0499251142341767,0.0,0.0
S1 HC2 studentization,1.84,decisions (56),2025,7,0.5714285714285714,0.42760337877536403,0.0,0.0
S1 HC2 studentization,3.4,models,all,77,0.4805194805194805,0.14904936935564614,0.0,0.0
S1 HC2 studentization,3.4,models,2023,24,0.08333333333333333,0.01013779009171165,0.0,0.0
S1 HC2 studentization,3.4,models,2024,40,0.625,0.08521004931701341,0.0,0.0
S1 HC2 studentization,3.4,models,2025,13,0.7692307692307693,0.48646881457147517,0.0,0.0
S1 HC2 studentization,3.4,models below 15B,all,59,0.6271186440677966,0.8348048951210865,0.0,0.0
S1 HC2 studentization,3.4,models below 15B,2023,16,0.125,0.07922634842383404,0.0,0.0
S1 HC2 studentization,3.4,models below 15B,2024,33,0.7575757575757576,0.7712140275799798,0.0,0.0
S1 HC2 studentization,3.4,models below 15B,2025,10,1.0,1.0,0.0,0.0
S1 HC2 studentization,3.4,decisions (49),all,49,0.40816326530612246,0.09538322723299875,0.0,0.0
S1 HC2 studentization,3.4,decisions (49),2023,16,0.125,0.01013779009171165,0.0,0.0
S1 HC2 studentization,3.4,decisions (49),2024,27,0.5555555555555556,0.02640820063796071,0.0,0.0
S1 HC2 studentization,3.4,decisions (49),2025,6,0.5,0.42637120327361794,0.0,0.0
S1 HC2 studentization,3.4,decisions (56),all,56,0.42857142857142855,0.0998080447428053,0.0,0.0
S1 HC2 studentization,3.4,decisions (56),2023,19,0.10526315789473684,0.01013779009171165,0.0,0.0
S1 HC2 studentization,3.4,decisions (56),2024,30,0.6,0.03196704678340683,0.0,0.0
S1 HC2 studentization,3.4,decisions (56),2025,7,0.5714285714285714,0.42760337877536403,0.0,0.0
S1 HC2 studentization,4.4,models,all,77,0.44155844155844154,0.12613464937732893,0.0,0.0
S1 HC2 studentization,4.4,models,2023,24,0.08333333333333333,0.01013779009171165,0.0,0.0
S1 HC2 studentization,4.4,models,2024,40,0.575,0.057606152946432725,0.0,0.0
S1 HC2 studentization,4.4,models,2025,13,0.6923076923076923,0.47075048707443057,0.0,0.0
S1 HC2 studentization,4.4,models below 15B,all,59,0.576271186440678,0.706462719029192,0.0,0.0
S1 HC2 studentization,4.4,models below 15B,2023,16,0.125,0.07922634842383404,0.0,0.0
S1 HC2 studentization,4.4,models below 15B,2024,33,0.696969696969697,0.5213783301770285,0.0,0.0
S1 HC2 studentization,4.4,models below 15B,2025,10,0.9,0.967688930870336,0.0,0.0
S1 HC2 studentization,4.4,decisions (49),all,49,0.40816326530612246,0.09538322723299875,0.0,0.0
S1 HC2 studentization,4.4,decisions (49),2023,16,0.125,0.01013779009171165,0.0,0.0
S1 HC2 studentization,4.4,decisions (49),2024,27,0.5555555555555556,0.02640820063796071,0.0,0.0
S1 HC2 studentization,4.4,decisions (49),2025,6,0.5,0.42637120327361794,0.0,0.0
S1 HC2 studentization,4.4,decisions (56),all,56,0.4107142857142857,0.09644448295692162,0.0,0.0
S1 HC2 studentization,4.4,decisions (56),2023,19,0.10526315789473684,0.01013779009171165,0.0,0.0
S1 HC2 studentization,4.4,decisions (56),2024,30,0.5666666666666667,0.02735650950005152,0.0,0.0
S1 HC2 studentization,4.4,decisions (56),2025,7,0.5714285714285714,0.42760337877536403,0.0,0.0
S1 HC2 studentization,8.0,models,all,77,0.3246753246753247,0.057691550983924526,0.0,0.0
S1 HC2 studentization,8.0,models,2023,24,0.041666666666666664,0.007520465894132805,0.0,0.0
S1 HC2 studentization,8.0,models,2024,40,0.45,0.02937485628003496,0.0,0.0
S1 HC2 studentization,8.0,models,2025,13,0.46153846153846156,0.20128000979841176,0.0,0.0
S1 HC2 studentization,8.0,models below 15B,all,59,0.423728813559322,0.3231223947924979,0.0,0.0
S1 HC2 studentization,8.0,models below 15B,2023,16,0.0625,0.05877208403883306,0.0,0.0
S1 HC2 studentization,8.0,models below 15B,2024,33,0.5454545454545454,0.26586419563056823,0.0,0.0
S1 HC2 studentization,8.0,models below 15B,2025,10,0.6,0.4137572723458481,0.0,0.0
S1 HC2 studentization,8.0,decisions (49),all,49,0.2653061224489796,0.00724041160069786,0.0,0.0
S1 HC2 studentization,8.0,decisions (49),2023,16,0.0625,0.007520465894132804,0.0,0.0
S1 HC2 studentization,8.0,decisions (49),2024,27,0.4074074074074074,0.005975782090828535,0.0,0.0
S1 HC2 studentization,8.0,decisions (49),2025,6,0.16666666666666666,0.012328080303949846,0.0,0.0
S1 HC2 studentization,8.0,decisions (56),all,56,0.2857142857142857,0.00830166732462074,0.0,0.0
S1 HC2 studentization,8.0,decisions (56),2023,19,0.05263157894736842,0.007520465894132805,0.0,0.0
S1 HC2 studentization,8.0,decisions (56),2024,30,0.43333333333333335,0.006913463594373316,0.0,0.0
S1 HC2 studentization,8.0,decisions (56),2025,7,0.2857142857142857,0.01444963548067242,0.0,0.0
S1 HC2 studentization,10.0,models,all,77,0.2857142857142857,0.047068171559536784,0.0,0.0
S1 HC2 studentization,10.0,models,2023,24,0.041666666666666664,0.007520465894132805,0.0,0.0
S1 HC2 studentization,10.0,models,2024,40,0.375,0.014813064337657583,0.0,0.0
S1 HC2 studentization,10.0,models,2025,13,0.46153846153846156,0.20128000979841176,0.0,0.0
S1 HC2 studentization,10.0,models below 15B,all,59,0.3728813559322034,0.2636223164993349,0.0,0.0
S1 HC2 studentization,10.0,models below 15B,2023,16,0.0625,0.05877208403883306,0.0,0.0
S1 HC2 studentization,10.0,models below 15B,2024,33,0.45454545454545453,0.13406919841278978,0.0,0.0
S1 HC2 studentization,10.0,models below 15B,2025,10,0.6,0.4137572723458481,0.0,0.0
S1 HC2 studentization,10.0,decisions (49),all,49,0.22448979591836735,0.0052661910542967216,0.0,0.0
S1 HC2 studentization,10.0,decisions (49),2023,16,0.0625,0.007520465894132804,0.0,0.0
S1 HC2 studentization,10.0,decisions (49),2024,27,0.3333333333333333,0.00327106423284779,0.0,0.0
S1 HC2 studentization,10.0,decisions (49),2025,6,0.16666666666666666,0.012328080303949846,0.0,0.0
S1 HC2 studentization,10.0,decisions (56),all,56,0.25,0.006327446778219604,0.0,0.0
S1 HC2 studentization,10.0,decisions (56),2023,19,0.05263157894736842,0.007520465894132805,0.0,0.0
S1 HC2 studentization,10.0,decisions (56),2024,30,0.36666666666666664,0.004207338952052466,0.0,0.0
S1 HC2 studentization,10.0,decisions (56),2025,7,0.2857142857142857,0.01444963548067242,0.0,0.0
S1 pointwise bands,1.0,models,all,77,0.7792207792207793,0.23726581020279672,0.0,0.0
S1 pointwise bands,1.0,models,2023,24,0.625,0.11920581733460503,0.0,0.0
S1 pointwise bands,1.0,models,2024,40,0.875,0.19210574132196373,0.0,0.0
S1 pointwise bands,1.0,models,2025,13,0.7692307692307693,0.48646881457147517,0.0,0.0
S1 pointwise bands,1.0,models below 15B,all,59,0.9830508474576272,0.995400355729795,0.0,0.0
S1 pointwise bands,1.0,models below 15B,2023,16,0.9375,0.9315878049221654,0.0,0.0
S1 pointwise bands,1.0,models below 15B,2024,33,1.0,1.0,0.0,0.0
S1 pointwise bands,1.0,models below 15B,2025,10,1.0,1.0,0.0,0.0
S1 pointwise bands,1.0,decisions (49),all,49,0.6938775510204082,0.1386968460757243,0.0,0.0
S1 pointwise bands,1.0,decisions (49),2023,16,0.5,0.04257919653673692,0.0,0.0
S1 pointwise bands,1.0,decisions (49),2024,27,0.8518518518518519,0.08157910141232515,0.0,0.0
S1 pointwise bands,1.0,decisions (49),2025,6,0.5,0.42637120327361794,0.0,0.0
S1 pointwise bands,1.0,decisions (56),all,56,0.7142857142857143,0.1458490404048809,0.0,0.0
S1 pointwise bands,1.0,decisions (56),2023,19,0.5263157894736842,0.07569647860567952,0.0,0.0
S1 pointwise bands,1.0,decisions (56),2024,30,0.8666666666666667,0.08664652078031833,0.0,0.0
S1 pointwise bands,1.0,decisions (56),2025,7,0.5714285714285714,0.42760337877536403,0.0,0.0
S1 pointwise bands,1.3,models,all,77,0.7532467532467533,0.23522611786388534,0.0,0.0
S1 pointwise bands,1.3,models,2023,24,0.5416666666666666,0.09746366951107635,0.0,0.0
S1 pointwise bands,1.3,models,2024,40,0.875,0.19210574132196373,0.0,0.0
S1 pointwise bands,1.3,models,2025,13,0.7692307692307693,0.48646881457147517,0.0,0.0
S1 pointwise bands,1.3,models below 15B,all,59,0.9491525423728814,0.9839763211536993,0.0,0.0
S1 pointwise bands,1.3,models below 15B,2023,16,0.8125,0.7616739515708622,0.0,0.0
S1 pointwise bands,1.3,models below 15B,2024,33,1.0,1.0,0.0,0.0
S1 pointwise bands,1.3,models below 15B,2025,10,1.0,1.0,0.0,0.0
S1 pointwise bands,1.3,decisions (49),all,49,0.673469387755102,0.1381159723047163,0.0,0.0
S1 pointwise bands,1.3,decisions (49),2023,16,0.4375,0.0363873590938376,0.0,0.0
S1 pointwise bands,1.3,decisions (49),2024,27,0.8518518518518519,0.08157910141232515,0.0,0.0
S1 pointwise bands,1.3,decisions (49),2025,6,0.5,0.42637120327361794,0.0,0.0
S1 pointwise bands,1.3,decisions (56),all,56,0.6964285714285714,0.14526816663387287,0.0,0.0
S1 pointwise bands,1.3,decisions (56),2023,19,0.47368421052631576,0.0695046411627802,0.0,0.0
S1 pointwise bands,1.3,decisions (56),2024,30,0.8666666666666667,0.08664652078031833,0.0,0.0
S1 pointwise bands,1.3,decisions (56),2025,7,0.5714285714285714,0.42760337877536403,0.0,0.0
S1 pointwise bands,1.84,models,all,77,0.6753246753246753,0.1716563759521036,0.0,0.0
S1 pointwise bands,1.84,models,2023,24,0.375,0.05454149943680644,0.0,0.0
S1 pointwise bands,1.84,models,2024,40,0.825,0.11048819947479054,0.0,0.0
S1 pointwise bands,1.84,models,2025,13,0.7692307692307693,0.48646881457147517,0.0,0.0
S1 pointwise bands,1.84,models below 15B,all,59,0.8813559322033898,0.9614236111367574,0.0,0.0
S1 pointwise bands,1.84,models below 15B,2023,16,0.5625,0.4262392295409229,0.0,0.0
S1 pointwise bands,1.84,models below 15B,2024,33,1.0,1.0,0.0,0.0
S1 pointwise bands,1.84,models below 15B,2025,10,1.0,1.0,0.0,0.0
S1 pointwise bands,1.84,decisions (49),all,49,0.6326530612244898,0.11530510098957326,0.0,0.0
S1 pointwise bands,1.84,decisions (49),2023,16,0.375,0.031290424129635376,0.0,0.0
S1 pointwise bands,1.84,decisions (49),2024,27,0.8148148148148148,0.05098288004831185,0.0,0.0
S1 pointwise bands,1.84,decisions (49),2025,6,0.5,0.42637120327361794,0.0,0.0
S1 pointwise bands,1.84,decisions (56),all,56,0.625,0.11935046948579676,0.0,0.0
S1 pointwise bands,1.84,decisions (56),2023,19,0.3157894736842105,0.031290424129635376,0.0,0.0
S1 pointwise bands,1.84,decisions (56),2024,30,0.8333333333333334,0.056034385636257976,0.0,0.0
S1 pointwise bands,1.84,decisions (56),2025,7,0.5714285714285714,0.42760337877536403,0.0,0.0
S1 pointwise bands,3.4,models,all,77,0.5324675324675324,0.15746732980646963,0.0,0.0
S1 pointwise bands,3.4,models,2023,24,0.125,0.02236710606689069,0.0,0.0
S1 pointwise bands,3.4,models,2024,40,0.7,0.09517621220173272,0.0,0.0
S1 pointwise bands,3.4,models,2025,13,0.7692307692307693,0.48646881457147517,0.0,0.0
S1 pointwise bands,3.4,models below 15B,all,59,0.6949152542372882,0.8819527268875884,0.0,0.0
S1 pointwise bands,3.4,models below 15B,2023,16,0.1875,0.17479787236245106,0.0,0.0
S1 pointwise bands,3.4,models below 15B,2024,33,0.8484848484848485,0.8614151796676579,0.0,0.0
S1 pointwise bands,3.4,models below 15B,2025,10,1.0,1.0,0.0,0.0
S1 pointwise bands,3.4,decisions (49),all,49,0.46938775510204084,0.10303337000107163,0.0,0.0
S1 pointwise bands,3.4,decisions (49),2023,16,0.125,0.01013779009171165,0.0,0.0
S1 pointwise bands,3.4,decisions (49),2024,27,0.6666666666666666,0.03688903460487899,0.0,0.0
S1 pointwise bands,3.4,decisions (49),2025,6,0.5,0.42637120327361794,0.0,0.0
S1 pointwise bands,3.4,decisions (56),all,56,0.48214285714285715,0.10707873849729516,0.0,0.0
S1 pointwise bands,3.4,decisions (56),2023,19,0.10526315789473684,0.01013779009171165,0.0,0.0
S1 pointwise bands,3.4,decisions (56),2024,30,0.7,0.04193320966812614,0.0,0.0
S1 pointwise bands,3.4,decisions (56),2025,7,0.5714285714285714,0.42760337877536403,0.0,0.0
S1 pointwise bands,4.4,models,all,77,0.4935064935064935,0.1522814893204885,0.0,0.0
S1 pointwise bands,4.4,models,2023,24,0.08333333333333333,0.01013779009171165,0.0,0.0
S1 pointwise bands,4.4,models,2024,40,0.65,0.0896404152656109,0.0,0.0
S1 pointwise bands,4.4,models,2025,13,0.7692307692307693,0.48646881457147517,0.0,0.0
S1 pointwise bands,4.4,models below 15B,all,59,0.6440677966101694,0.8529075518443823,0.0,0.0
S1 pointwise bands,4.4,models below 15B,2023,16,0.125,0.07922634842383404,0.0,0.0
S1 pointwise bands,4.4,models below 15B,2024,33,0.7878787878787878,0.8113121192282949,0.0,0.0
S1 pointwise bands,4.4,models below 15B,2025,10,1.0,1.0,0.0,0.0
S1 pointwise bands,4.4,decisions (49),all,49,0.42857142857142855,0.0986153471978411,0.0,0.0
S1 pointwise bands,4.4,decisions (49),2023,16,0.125,0.01013779009171165,0.0,0.0
S1 pointwise bands,4.4,decisions (49),2024,27,0.5925925925925926,0.03083626345190579,0.0,0.0
S1 pointwise bands,4.4,decisions (49),2025,6,0.5,0.42637120327361794,0.0,0.0
S1 pointwise bands,4.4,decisions (56),all,56,0.44642857142857145,0.10304016470764767,0.0,0.0
S1 pointwise bands,4.4,decisions (56),2023,19,0.10526315789473684,0.01013779009171165,0.0,0.0
S1 pointwise bands,4.4,decisions (56),2024,30,0.6333333333333333,0.036397412732004315,0.0,0.0
S1 pointwise bands,4.4,decisions (56),2025,7,0.5714285714285714,0.42760337877536403,0.0,0.0
S1 pointwise bands,8.0,models,all,77,0.4155844155844156,0.11970262470454052,0.0,0.0
S1 pointwise bands,8.0,models,2023,24,0.041666666666666664,0.007520465894132805,0.0,0.0
S1 pointwise bands,8.0,models,2024,40,0.55,0.0491261467515039,0.0,0.0
S1 pointwise bands,8.0,models,2025,13,0.6923076923076923,0.47075048707443057,0.0,0.0
S1 pointwise bands,8.0,models below 15B,all,59,0.5423728813559322,0.670437838779137,0.0,0.0
S1 pointwise bands,8.0,models below 15B,2023,16,0.0625,0.05877208403883306,0.0,0.0
S1 pointwise bands,8.0,models below 15B,2024,33,0.6666666666666666,0.4446279963383125,0.0,0.0
S1 pointwise bands,8.0,models below 15B,2025,10,0.9,0.967688930870336,0.0,0.0
S1 pointwise bands,8.0,decisions (49),all,49,0.3673469387755102,0.087032963061062,0.0,0.0
S1 pointwise bands,8.0,decisions (49),2023,16,0.0625,0.007520465894132804,0.0,0.0
S1 pointwise bands,8.0,decisions (49),2024,27,0.5185185185185185,0.015304579980646868,0.0,0.0
S1 pointwise bands,8.0,decisions (49),2025,6,0.5,0.42637120327361794,0.0,0.0
S1 pointwise bands,8.0,decisions (56),all,56,0.375,0.08809421878498487,0.0,0.0
S1 pointwise bands,8.0,decisions (56),2023,19,0.05263157894736842,0.007520465894132805,0.0,0.0
S1 pointwise bands,8.0,decisions (56),2024,30,0.5333333333333333,0.016247113600927114,0.0,0.0
S1 pointwise bands,8.0,decisions (56),2025,7,0.5714285714285714,0.42760337877536403,0.0,0.0
S1 pointwise bands,10.0,models,all,77,0.3246753246753247,0.057691550983924526,0.0,0.0
S1 pointwise bands,10.0,models,2023,24,0.041666666666666664,0.007520465894132805,0.0,0.0
S1 pointwise bands,10.0,models,2024,40,0.45,0.02937485628003496,0.0,0.0
S1 pointwise bands,10.0,models,2025,13,0.46153846153846156,0.20128000979841176,0.0,0.0
S1 pointwise bands,10.0,models below 15B,all,59,0.423728813559322,0.3231223947924979,0.0,0.0
S1 pointwise bands,10.0,models below 15B,2023,16,0.0625,0.05877208403883306,0.0,0.0
S1 pointwise bands,10.0,models below 15B,2024,33,0.5454545454545454,0.26586419563056823,0.0,0.0
S1 pointwise bands,10.0,models below 15B,2025,10,0.6,0.4137572723458481,0.0,0.0
S1 pointwise bands,10.0,decisions (49),all,49,0.2653061224489796,0.00724041160069786,0.0,0.0
S1 pointwise bands,10.0,decisions (49),2023,16,0.0625,0.007520465894132804,0.0,0.0
S1 pointwise bands,10.0,decisions (49),2024,27,0.4074074074074074,0.005975782090828535,0.0,0.0
S1 pointwise bands,10.0,decisions (49),2025,6,0.16666666666666666,0.012328080303949846,0.0,0.0
S1 pointwise bands,10.0,decisions (56),all,56,0.2857142857142857,0.00830166732462074,0.0,0.0
S1 pointwise bands,10.0,decisions (56),2023,19,0.05263157894736842,0.007520465894132805,0.0,0.0
S1 pointwise bands,10.0,decisions (56),2024,30,0.43333333333333335,0.006913463594373316,0.0,0.0
S1 pointwise bands,10.0,decisions (56),2025,7,0.2857142857142857,0.01444963548067242,0.0,0.0
S1 Marin at the mean corpus level,1.0,models,all,77,0.7792207792207793,0.23726581020279672,0.0,0.0
S1 Marin at the mean corpus level,1.0,models,2023,24,0.625,0.11920581733460503,0.0,0.0
S1 Marin at the mean corpus level,1.0,models,2024,40,0.875,0.19210574132196373,0.0,0.0
S1 Marin at the mean corpus level,1.0,models,2025,13,0.7692307692307693,0.48646881457147517,0.0,0.0
S1 Marin at the mean corpus level,1.0,models below 15B,all,59,0.9830508474576272,0.995400355729795,0.0,0.0
S1 Marin at the mean corpus level,1.0,models below 15B,2023,16,0.9375,0.9315878049221654,0.0,0.0
S1 Marin at the mean corpus level,1.0,models below 15B,2024,33,1.0,1.0,0.0,0.0
S1 Marin at the mean corpus level,1.0,models below 15B,2025,10,1.0,1.0,0.0,0.0
S1 Marin at the mean corpus level,1.0,decisions (49),all,49,0.6938775510204082,0.1386968460757243,0.0,0.0
S1 Marin at the mean corpus level,1.0,decisions (49),2023,16,0.5,0.04257919653673692,0.0,0.0
S1 Marin at the mean corpus level,1.0,decisions (49),2024,27,0.8518518518518519,0.08157910141232515,0.0,0.0
S1 Marin at the mean corpus level,1.0,decisions (49),2025,6,0.5,0.42637120327361794,0.0,0.0
S1 Marin at the mean corpus level,1.0,decisions (56),all,56,0.7142857142857143,0.1458490404048809,0.0,0.0
S1 Marin at the mean corpus level,1.0,decisions (56),2023,19,0.5263157894736842,0.07569647860567952,0.0,0.0
S1 Marin at the mean corpus level,1.0,decisions (56),2024,30,0.8666666666666667,0.08664652078031833,0.0,0.0
S1 Marin at the mean corpus level,1.0,decisions (56),2025,7,0.5714285714285714,0.42760337877536403,0.0,0.0
S1 Marin at the mean corpus level,1.3,models,all,77,0.7792207792207793,0.23726581020279672,0.0,0.0
S1 Marin at the mean corpus level,1.3,models,2023,24,0.625,0.11920581733460503,0.0,0.0
S1 Marin at the mean corpus level,1.3,models,2024,40,0.875,0.19210574132196373,0.0,0.0
S1 Marin at the mean corpus level,1.3,models,2025,13,0.7692307692307693,0.48646881457147517,0.0,0.0
S1 Marin at the mean corpus level,1.3,models below 15B,all,59,0.9830508474576272,0.995400355729795,0.0,0.0
S1 Marin at the mean corpus level,1.3,models below 15B,2023,16,0.9375,0.9315878049221654,0.0,0.0
S1 Marin at the mean corpus level,1.3,models below 15B,2024,33,1.0,1.0,0.0,0.0
S1 Marin at the mean corpus level,1.3,models below 15B,2025,10,1.0,1.0,0.0,0.0
S1 Marin at the mean corpus level,1.3,decisions (49),all,49,0.6938775510204082,0.1386968460757243,0.0,0.0
S1 Marin at the mean corpus level,1.3,decisions (49),2023,16,0.5,0.04257919653673692,0.0,0.0
S1 Marin at the mean corpus level,1.3,decisions (49),2024,27,0.8518518518518519,0.08157910141232515,0.0,0.0
S1 Marin at the mean corpus level,1.3,decisions (49),2025,6,0.5,0.42637120327361794,0.0,0.0
S1 Marin at the mean corpus level,1.3,decisions (56),all,56,0.7142857142857143,0.1458490404048809,0.0,0.0
S1 Marin at the mean corpus level,1.3,decisions (56),2023,19,0.5263157894736842,0.07569647860567952,0.0,0.0
S1 Marin at the mean corpus level,1.3,decisions (56),2024,30,0.8666666666666667,0.08664652078031833,0.0,0.0
S1 Marin at the mean corpus level,1.3,decisions (56),2025,7,0.5714285714285714,0.42760337877536403,0.0,0.0
S1 Marin at the mean corpus level,1.84,models,all,77,0.7402597402597403,0.2325444538231017,0.0,0.0
S1 Marin at the mean corpus level,1.84,models,2023,24,0.5,0.06887840943264799,0.0,0.0
S1 Marin at the mean corpus level,1.84,models,2024,40,0.875,0.19210574132196373,0.0,0.0
S1 Marin at the mean corpus level,1.84,models,2025,13,0.7692307692307693,0.48646881457147517,0.0,0.0
S1 Marin at the mean corpus level,1.84,models below 15B,all,59,0.9322033898305084,0.9689566918993501,0.0,0.0
S1 Marin at the mean corpus level,1.84,models below 15B,2023,16,0.75,0.5382815007239036,0.0,0.0
S1 Marin at the mean corpus level,1.84,models below 15B,2024,33,1.0,1.0,0.0,0.0
S1 Marin at the mean corpus level,1.84,models below 15B,2025,10,1.0,1.0,0.0,0.0
S1 Marin at the mean corpus level,1.84,decisions (49),all,49,0.673469387755102,0.1381159723047163,0.0,0.0
S1 Marin at the mean corpus level,1.84,decisions (49),2023,16,0.4375,0.0363873590938376,0.0,0.0
S1 Marin at the mean corpus level,1.84,decisions (49),2024,27,0.8518518518518519,0.08157910141232515,0.0,0.0
S1 Marin at the mean corpus level,1.84,decisions (49),2025,6,0.5,0.42637120327361794,0.0,0.0
S1 Marin at the mean corpus level,1.84,decisions (56),all,56,0.6785714285714286,0.14258650259308925,0.0,0.0
S1 Marin at the mean corpus level,1.84,decisions (56),2023,19,0.42105263157894735,0.040919381084351836,0.0,0.0
S1 Marin at the mean corpus level,1.84,decisions (56),2024,30,0.8666666666666667,0.08664652078031833,0.0,0.0
S1 Marin at the mean corpus level,1.84,decisions (56),2025,7,0.5714285714285714,0.42760337877536403,0.0,0.0
S1 Marin at the mean corpus level,3.4,models,all,77,0.5974025974025974,0.16272254922983737,0.0,0.0
S1 Marin at the mean corpus level,3.4,models,2023,24,0.25,0.02573299748396289,0.0,0.0
S1 Marin at the mean corpus level,3.4,models,2024,40,0.75,0.10194687551047554,0.0,0.0
S1 Marin at the mean corpus level,3.4,models,2025,13,0.7692307692307693,0.48646881457147517,0.0,0.0
S1 Marin at the mean corpus level,3.4,models below 15B,all,59,0.7796610169491526,0.9113864837597476,0.0,0.0
S1 Marin at the mean corpus level,3.4,models below 15B,2023,16,0.375,0.2011021540405432,0.0,0.0
S1 Marin at the mean corpus level,3.4,models below 15B,2024,33,0.9090909090909091,0.9226946949546064,0.0,0.0
S1 Marin at the mean corpus level,3.4,models below 15B,2025,10,1.0,1.0,0.0,0.0
S1 Marin at the mean corpus level,3.4,decisions (49),all,49,0.5510204081632653,0.10810493061411663,0.0,0.0
S1 Marin at the mean corpus level,3.4,decisions (49),2023,16,0.25,0.011545966157820314,0.0,0.0
S1 Marin at the mean corpus level,3.4,decisions (49),2024,27,0.7407407407407407,0.04365617817067803,0.0,0.0
S1 Marin at the mean corpus level,3.4,decisions (49),2025,6,0.5,0.42637120327361794,0.0,0.0
S1 Marin at the mean corpus level,3.4,decisions (56),all,56,0.5535714285714286,0.11215029911034016,0.0,0.0
S1 Marin at the mean corpus level,3.4,decisions (56),2023,19,0.21052631578947367,0.011545966157820315,0.0,0.0
S1 Marin at the mean corpus level,3.4,decisions (56),2024,30,0.7666666666666667,0.048703872976868984,0.0,0.0
S1 Marin at the mean corpus level,3.4,decisions (56),2025,7,0.5714285714285714,0.42760337877536403,0.0,0.0
S1 Marin at the mean corpus level,4.4,models,all,77,0.5324675324675324,0.15746732980646963,0.0,0.0
S1 Marin at the mean corpus level,4.4,models,2023,24,0.125,0.02236710606689069,0.0,0.0
S1 Marin at the mean corpus level,4.4,models,2024,40,0.7,0.09517621220173272,0.0,0.0
S1 Marin at the mean corpus level,4.4,models,2025,13,0.7692307692307693,0.48646881457147517,0.0,0.0
S1 Marin at the mean corpus level,4.4,models below 15B,all,59,0.6949152542372882,0.8819527268875884,0.0,0.0
S1 Marin at the mean corpus level,4.4,models below 15B,2023,16,0.1875,0.17479787236245106,0.0,0.0
S1 Marin at the mean corpus level,4.4,models below 15B,2024,33,0.8484848484848485,0.8614151796676579,0.0,0.0
S1 Marin at the mean corpus level,4.4,models below 15B,2025,10,1.0,1.0,0.0,0.0
S1 Marin at the mean corpus level,4.4,decisions (49),all,49,0.46938775510204084,0.10303337000107163,0.0,0.0
S1 Marin at the mean corpus level,4.4,decisions (49),2023,16,0.125,0.01013779009171165,0.0,0.0
S1 Marin at the mean corpus level,4.4,decisions (49),2024,27,0.6666666666666666,0.03688903460487899,0.0,0.0
S1 Marin at the mean corpus level,4.4,decisions (49),2025,6,0.5,0.42637120327361794,0.0,0.0
S1 Marin at the mean corpus level,4.4,decisions (56),all,56,0.48214285714285715,0.10707873849729516,0.0,0.0
S1 Marin at the mean corpus level,4.4,decisions (56),2023,19,0.10526315789473684,0.01013779009171165,0.0,0.0
S1 Marin at the mean corpus level,4.4,decisions (56),2024,30,0.7,0.04193320966812614,0.0,0.0
S1 Marin at the mean corpus level,4.4,decisions (56),2025,7,0.5714285714285714,0.42760337877536403,0.0,0.0
S1 Marin at the mean corpus level,8.0,models,all,77,0.42857142857142855,0.12588911079679957,0.0,0.0
S1 Marin at the mean corpus level,8.0,models,2023,24,0.041666666666666664,0.007520465894132805,0.0,0.0
S1 Marin at the mean corpus level,8.0,models,2024,40,0.575,0.057606152946432725,0.0,0.0
S1 Marin at the mean corpus level,8.0,models,2025,13,0.6923076923076923,0.47075048707443057,0.0,0.0
S1 Marin at the mean corpus level,8.0,models below 15B,all,59,0.559322033898305,0.7050874914126436,0.0,0.0
S1 Marin at the mean corpus level,8.0,models below 15B,2023,16,0.0625,0.05877208403883306,0.0,0.0
S1 Marin at the mean corpus level,8.0,models below 15B,2024,33,0.696969696969697,0.5213783301770285,0.0,0.0
S1 Marin at the mean corpus level,8.0,models below 15B,2025,10,0.9,0.967688930870336,0.0,0.0
S1 Marin at the mean corpus level,8.0,decisions (49),all,49,0.3877551020408163,0.09513768865246938,0.0,0.0
S1 Marin at the mean corpus level,8.0,decisions (49),2023,16,0.0625,0.007520465894132804,0.0,0.0
S1 Marin at the mean corpus level,8.0,decisions (49),2024,27,0.5555555555555556,0.02640820063796071,0.0,0.0
S1 Marin at the mean corpus level,8.0,decisions (49),2025,6,0.5,0.42637120327361794,0.0,0.0
S1 Marin at the mean corpus level,8.0,decisions (56),all,56,0.39285714285714285,0.09619894437639226,0.0,0.0
S1 Marin at the mean corpus level,8.0,decisions (56),2023,19,0.05263157894736842,0.007520465894132805,0.0,0.0
S1 Marin at the mean corpus level,8.0,decisions (56),2024,30,0.5666666666666667,0.02735650950005152,0.0,0.0
S1 Marin at the mean corpus level,8.0,decisions (56),2025,7,0.5714285714285714,0.42760337877536403,0.0,0.0
S1 Marin at the mean corpus level,10.0,models,all,77,0.38961038961038963,0.07972277079769362,0.0,0.0
S1 Marin at the mean corpus level,10.0,models,2023,24,0.041666666666666664,0.007520465894132805,0.0,0.0
S1 Marin at the mean corpus level,10.0,models,2024,40,0.55,0.0491261467515039,0.0,0.0
S1 Marin at the mean corpus level,10.0,models,2025,13,0.5384615384615384,0.2444271180974783,0.0,0.0
S1 Marin at the mean corpus level,10.0,models below 15B,all,59,0.5084745762711864,0.4465162087048438,0.0,0.0
S1 Marin at the mean corpus level,10.0,models below 15B,2023,16,0.0625,0.05877208403883306,0.0,0.0
S1 Marin at the mean corpus level,10.0,models below 15B,2024,33,0.6666666666666666,0.4446279963383125,0.0,0.0
S1 Marin at the mean corpus level,10.0,models below 15B,2025,10,0.7,0.5024517723973557,0.0,0.0
S1 Marin at the mean corpus level,10.0,decisions (49),all,49,0.32653061224489793,0.014049663224840482,0.0,0.0
S1 Marin at the mean corpus level,10.0,decisions (49),2023,16,0.0625,0.007520465894132804,0.0,0.0
S1 Marin at the mean corpus level,10.0,decisions (49),2024,27,0.5185185185185185,0.015304579980646868,0.0,0.0
S1 Marin at the mean corpus level,10.0,decisions (49),2025,6,0.16666666666666666,0.012328080303949846,0.0,0.0
S1 Marin at the mean corpus level,10.0,decisions (56),all,56,0.3392857142857143,0.01511091894876336,0.0,0.0
S1 Marin at the mean corpus level,10.0,decisions (56),2023,19,0.05263157894736842,0.007520465894132805,0.0,0.0
S1 Marin at the mean corpus level,10.0,decisions (56),2024,30,0.5333333333333333,0.016247113600927114,0.0,0.0
S1 Marin at the mean corpus level,10.0,decisions (56),2025,7,0.2857142857142857,0.01444963548067242,0.0,0.0
S1 bootstrap critical value alone,1.0,models,all,77,0.7792207792207793,0.23726581020279672,0.0,0.0
S1 bootstrap critical value alone,1.0,models,2023,24,0.625,0.11920581733460503,0.0,0.0
S1 bootstrap critical value alone,1.0,models,2024,40,0.875,0.19210574132196373,0.0,0.0
S1 bootstrap critical value alone,1.0,models,2025,13,0.7692307692307693,0.48646881457147517,0.0,0.0
S1 bootstrap critical value alone,1.0,models below 15B,all,59,0.9830508474576272,0.995400355729795,0.0,0.0
S1 bootstrap critical value alone,1.0,models below 15B,2023,16,0.9375,0.9315878049221654,0.0,0.0
S1 bootstrap critical value alone,1.0,models below 15B,2024,33,1.0,1.0,0.0,0.0
S1 bootstrap critical value alone,1.0,models below 15B,2025,10,1.0,1.0,0.0,0.0
S1 bootstrap critical value alone,1.0,decisions (49),all,49,0.6938775510204082,0.1386968460757243,0.0,0.0
S1 bootstrap critical value alone,1.0,decisions (49),2023,16,0.5,0.04257919653673692,0.0,0.0
S1 bootstrap critical value alone,1.0,decisions (49),2024,27,0.8518518518518519,0.08157910141232515,0.0,0.0
S1 bootstrap critical value alone,1.0,decisions (49),2025,6,0.5,0.42637120327361794,0.0,0.0
S1 bootstrap critical value alone,1.0,decisions (56),all,56,0.7142857142857143,0.1458490404048809,0.0,0.0
S1 bootstrap critical value alone,1.0,decisions (56),2023,19,0.5263157894736842,0.07569647860567952,0.0,0.0
S1 bootstrap critical value alone,1.0,decisions (56),2024,30,0.8666666666666667,0.08664652078031833,0.0,0.0
S1 bootstrap critical value alone,1.0,decisions (56),2025,7,0.5714285714285714,0.42760337877536403,0.0,0.0
S1 bootstrap critical value alone,1.3,models,all,77,0.7402597402597403,0.2325444538231017,0.0,0.0
S1 bootstrap critical value alone,1.3,models,2023,24,0.5,0.06887840943264799,0.0,0.0
S1 bootstrap critical value alone,1.3,models,2024,40,0.875,0.19210574132196373,0.0,0.0
S1 bootstrap critical value alone,1.3,models,2025,13,0.7692307692307693,0.48646881457147517,0.0,0.0
S1 bootstrap critical value alone,1.3,models below 15B,all,59,0.9322033898305084,0.9689566918993501,0.0,0.0
S1 bootstrap critical value alone,1.3,models below 15B,2023,16,0.75,0.5382815007239036,0.0,0.0
S1 bootstrap critical value alone,1.3,models below 15B,2024,33,1.0,1.0,0.0,0.0
S1 bootstrap critical value alone,1.3,models below 15B,2025,10,1.0,1.0,0.0,0.0
S1 bootstrap critical value alone,1.3,decisions (49),all,49,0.673469387755102,0.1381159723047163,0.0,0.0
S1 bootstrap critical value alone,1.3,decisions (49),2023,16,0.4375,0.0363873590938376,0.0,0.0
S1 bootstrap critical value alone,1.3,decisions (49),2024,27,0.8518518518518519,0.08157910141232515,0.0,0.0
S1 bootstrap critical value alone,1.3,decisions (49),2025,6,0.5,0.42637120327361794,0.0,0.0
S1 bootstrap critical value alone,1.3,decisions (56),all,56,0.6785714285714286,0.14258650259308925,0.0,0.0
S1 bootstrap critical value alone,1.3,decisions (56),2023,19,0.42105263157894735,0.040919381084351836,0.0,0.0
S1 bootstrap critical value alone,1.3,decisions (56),2024,30,0.8666666666666667,0.08664652078031833,0.0,0.0
S1 bootstrap critical value alone,1.3,decisions (56),2025,7,0.5714285714285714,0.42760337877536403,0.0,0.0
S1 bootstrap critical value alone,1.84,models,all,77,0.6623376623376623,0.17097332093407522,0.0,0.0
S1 bootstrap critical value alone,1.84,models,2023,24,0.3333333333333333,0.047260458619884566,0.0,0.0
S1 bootstrap critical value alone,1.84,models,2024,40,0.825,0.11048819947479054,0.0,0.0
S1 bootstrap critical value alone,1.84,models,2025,13,0.7692307692307693,0.48646881457147517,0.0,0.0
S1 bootstrap critical value alone,1.84,models below 15B,all,59,0.864406779661017,0.9575979144890477,0.0,0.0
S1 bootstrap critical value alone,1.84,models below 15B,2023,16,0.5,0.3693382411172994,0.0,0.0
S1 bootstrap critical value alone,1.84,models below 15B,2024,33,1.0,1.0,0.0,0.0
S1 bootstrap critical value alone,1.84,models below 15B,2025,10,1.0,1.0,0.0,0.0
S1 bootstrap critical value alone,1.84,decisions (49),all,49,0.6122448979591837,0.11462204597154485,0.0,0.0
S1 bootstrap critical value alone,1.84,decisions (49),2023,16,0.3125,0.024009383312713503,0.0,0.0
S1 bootstrap critical value alone,1.84,decisions (49),2024,27,0.8148148148148148,0.05098288004831185,0.0,0.0
S1 bootstrap critical value alone,1.84,decisions (49),2025,6,0.5,0.42637120327361794,0.0,0.0
S1 bootstrap critical value alone,1.84,decisions (56),all,56,0.6071428571428571,0.11866741446776838,0.0,0.0
S1 bootstrap critical value alone,1.84,decisions (56),2023,19,0.2631578947368421,0.024009383312713507,0.0,0.0
S1 bootstrap critical value alone,1.84,decisions (56),2024,30,0.8333333333333334,0.056034385636257976,0.0,0.0
S1 bootstrap critical value alone,1.84,decisions (56),2025,7,0.5714285714285714,0.42760337877536403,0.0,0.0
S1 bootstrap critical value alone,3.4,models,all,77,0.5324675324675324,0.15746732980646963,0.0,0.0
S1 bootstrap critical value alone,3.4,models,2023,24,0.125,0.02236710606689069,0.0,0.0
S1 bootstrap critical value alone,3.4,models,2024,40,0.7,0.09517621220173272,0.0,0.0
S1 bootstrap critical value alone,3.4,models,2025,13,0.7692307692307693,0.48646881457147517,0.0,0.0
S1 bootstrap critical value alone,3.4,models below 15B,all,59,0.6949152542372882,0.8819527268875884,0.0,0.0
S1 bootstrap critical value alone,3.4,models below 15B,2023,16,0.1875,0.17479787236245106,0.0,0.0
S1 bootstrap critical value alone,3.4,models below 15B,2024,33,0.8484848484848485,0.8614151796676579,0.0,0.0
S1 bootstrap critical value alone,3.4,models below 15B,2025,10,1.0,1.0,0.0,0.0
S1 bootstrap critical value alone,3.4,decisions (49),all,49,0.46938775510204084,0.10303337000107163,0.0,0.0
S1 bootstrap critical value alone,3.4,decisions (49),2023,16,0.125,0.01013779009171165,0.0,0.0
S1 bootstrap critical value alone,3.4,decisions (49),2024,27,0.6666666666666666,0.03688903460487899,0.0,0.0
S1 bootstrap critical value alone,3.4,decisions (49),2025,6,0.5,0.42637120327361794,0.0,0.0
S1 bootstrap critical value alone,3.4,decisions (56),all,56,0.48214285714285715,0.10707873849729516,0.0,0.0
S1 bootstrap critical value alone,3.4,decisions (56),2023,19,0.10526315789473684,0.01013779009171165,0.0,0.0
S1 bootstrap critical value alone,3.4,decisions (56),2024,30,0.7,0.04193320966812614,0.0,0.0
S1 bootstrap critical value alone,3.4,decisions (56),2025,7,0.5714285714285714,0.42760337877536403,0.0,0.0
S1 bootstrap critical value alone,4.4,models,all,77,0.4805194805194805,0.14904936935564614,0.0,0.0
S1 bootstrap critical value alone,4.4,models,2023,24,0.08333333333333333,0.01013779009171165,0.0,0.0
S1 bootstrap critical value alone,4.4,models,2024,40,0.625,0.08521004931701341,0.0,0.0
S1 bootstrap critical value alone,4.4,models,2025,13,0.7692307692307693,0.48646881457147517,0.0,0.0
S1 bootstrap critical value alone,4.4,models below 15B,all,59,0.6271186440677966,0.8348048951210865,0.0,0.0
S1 bootstrap critical value alone,4.4,models below 15B,2023,16,0.125,0.07922634842383404,0.0,0.0
S1 bootstrap critical value alone,4.4,models below 15B,2024,33,0.7575757575757576,0.7712140275799798,0.0,0.0
S1 bootstrap critical value alone,4.4,models below 15B,2025,10,1.0,1.0,0.0,0.0
S1 bootstrap critical value alone,4.4,decisions (49),all,49,0.40816326530612246,0.09538322723299875,0.0,0.0
S1 bootstrap critical value alone,4.4,decisions (49),2023,16,0.125,0.01013779009171165,0.0,0.0
S1 bootstrap critical value alone,4.4,decisions (49),2024,27,0.5555555555555556,0.02640820063796071,0.0,0.0
S1 bootstrap critical value alone,4.4,decisions (49),2025,6,0.5,0.42637120327361794,0.0,0.0
S1 bootstrap critical value alone,4.4,decisions (56),all,56,0.42857142857142855,0.0998080447428053,0.0,0.0
S1 bootstrap critical value alone,4.4,decisions (56),2023,19,0.10526315789473684,0.01013779009171165,0.0,0.0
S1 bootstrap critical value alone,4.4,decisions (56),2024,30,0.6,0.03196704678340683,0.0,0.0
S1 bootstrap critical value alone,4.4,decisions (56),2025,7,0.5714285714285714,0.42760337877536403,0.0,0.0
S1 bootstrap critical value alone,8.0,models,all,77,0.37662337662337664,0.07960723079159537,0.0,0.0
S1 bootstrap critical value alone,8.0,models,2023,24,0.041666666666666664,0.007520465894132805,0.0,0.0
S1 bootstrap critical value alone,8.0,models,2024,40,0.525,0.04896777252211685,0.0,0.0
S1 bootstrap critical value alone,8.0,models,2025,13,0.5384615384615384,0.2444271180974783,0.0,0.0
S1 bootstrap critical value alone,8.0,models below 15B,all,59,0.4915254237288136,0.44586908511693385,0.0,0.0
S1 bootstrap critical value alone,8.0,models below 15B,2023,16,0.0625,0.05877208403883306,0.0,0.0
S1 bootstrap critical value alone,8.0,models below 15B,2024,33,0.6363636363636364,0.4431945923174315,0.0,0.0
S1 bootstrap critical value alone,8.0,models below 15B,2025,10,0.7,0.5024517723973557,0.0,0.0
S1 bootstrap critical value alone,8.0,decisions (49),all,49,0.30612244897959184,0.013934123218742222,0.0,0.0
S1 bootstrap critical value alone,8.0,decisions (49),2023,16,0.0625,0.007520465894132804,0.0,0.0
S1 bootstrap critical value alone,8.0,decisions (49),2024,27,0.48148148148148145,0.015146288082421602,0.0,0.0
S1 bootstrap critical value alone,8.0,decisions (49),2025,6,0.16666666666666666,0.012328080303949846,0.0,0.0
S1 bootstrap critical value alone,8.0,decisions (56),all,56,0.32142857142857145,0.014995378942665104,0.0,0.0
S1 bootstrap critical value alone,8.0,decisions (56),2023,19,0.05263157894736842,0.007520465894132805,0.0,0.0
S1 bootstrap critical value alone,8.0,decisions (56),2024,30,0.5,0.016088739371540046,0.0,0.0
S1 bootstrap critical value alone,8.0,decisions (56),2025,7,0.2857142857142857,0.01444963548067242,0.0,0.0
S1 bootstrap critical value alone,10.0,models,all,77,0.3246753246753247,0.057691550983924526,0.0,0.0
S1 bootstrap critical value alone,10.0,models,2023,24,0.041666666666666664,0.007520465894132805,0.0,0.0
S1 bootstrap critical value alone,10.0,models,2024,40,0.45,0.02937485628003496,0.0,0.0
S1 bootstrap critical value alone,10.0,models,2025,13,0.46153846153846156,0.20128000979841176,0.0,0.0
S1 bootstrap critical value alone,10.0,models below 15B,all,59,0.423728813559322,0.3231223947924979,0.0,0.0
S1 bootstrap critical value alone,10.0,models below 15B,2023,16,0.0625,0.05877208403883306,0.0,0.0
S1 bootstrap critical value alone,10.0,models below 15B,2024,33,0.5454545454545454,0.26586419563056823,0.0,0.0
S1 bootstrap critical value alone,10.0,models below 15B,2025,10,0.6,0.4137572723458481,0.0,0.0
S1 bootstrap critical value alone,10.0,decisions (49),all,49,0.2653061224489796,0.00724041160069786,0.0,0.0
S1 bootstrap critical value alone,10.0,decisions (49),2023,16,0.0625,0.007520465894132804,0.0,0.0
S1 bootstrap critical value alone,10.0,decisions (49),2024,27,0.4074074074074074,0.005975782090828535,0.0,0.0
S1 bootstrap critical value alone,10.0,decisions (49),2025,6,0.16666666666666666,0.012328080303949846,0.0,0.0
S1 bootstrap critical value alone,10.0,decisions (56),all,56,0.2857142857142857,0.00830166732462074,0.0,0.0
S1 bootstrap critical value alone,10.0,decisions (56),2023,19,0.05263157894736842,0.007520465894132805,0.0,0.0
S1 bootstrap critical value alone,10.0,decisions (56),2024,30,0.43333333333333335,0.006913463594373316,0.0,0.0
S1 bootstrap critical value alone,10.0,decisions (56),2025,7,0.2857142857142857,0.01444963548067242,0.0,0.0
S1 without DeepSeek,1.0,models,all,77,0.7792207792207793,0.23726581020279672,0.0,0.0
S1 without DeepSeek,1.0,models,2023,24,0.625,0.11920581733460503,0.0,0.0
S1 without DeepSeek,1.0,models,2024,40,0.875,0.19210574132196373,0.0,0.0
S1 without DeepSeek,1.0,models,2025,13,0.7692307692307693,0.48646881457147517,0.0,0.0
S1 without DeepSeek,1.0,models below 15B,all,59,0.9830508474576272,0.995400355729795,0.0,0.0
S1 without DeepSeek,1.0,models below 15B,2023,16,0.9375,0.9315878049221654,0.0,0.0
S1 without DeepSeek,1.0,models below 15B,2024,33,1.0,1.0,0.0,0.0
S1 without DeepSeek,1.0,models below 15B,2025,10,1.0,1.0,0.0,0.0
S1 without DeepSeek,1.0,decisions (49),all,49,0.6938775510204082,0.1386968460757243,0.0,0.0
S1 without DeepSeek,1.0,decisions (49),2023,16,0.5,0.04257919653673692,0.0,0.0
S1 without DeepSeek,1.0,decisions (49),2024,27,0.8518518518518519,0.08157910141232515,0.0,0.0
S1 without DeepSeek,1.0,decisions (49),2025,6,0.5,0.42637120327361794,0.0,0.0
S1 without DeepSeek,1.0,decisions (56),all,56,0.7142857142857143,0.1458490404048809,0.0,0.0
S1 without DeepSeek,1.0,decisions (56),2023,19,0.5263157894736842,0.07569647860567952,0.0,0.0
S1 without DeepSeek,1.0,decisions (56),2024,30,0.8666666666666667,0.08664652078031833,0.0,0.0
S1 without DeepSeek,1.0,decisions (56),2025,7,0.5714285714285714,0.42760337877536403,0.0,0.0
S1 without DeepSeek,1.3,models,all,77,0.7402597402597403,0.2325444538231017,0.0,0.0
S1 without DeepSeek,1.3,models,2023,24,0.5,0.06887840943264799,0.0,0.0
S1 without DeepSeek,1.3,models,2024,40,0.875,0.19210574132196373,0.0,0.0
S1 without DeepSeek,1.3,models,2025,13,0.7692307692307693,0.48646881457147517,0.0,0.0
S1 without DeepSeek,1.3,models below 15B,all,59,0.9322033898305084,0.9689566918993501,0.0,0.0
S1 without DeepSeek,1.3,models below 15B,2023,16,0.75,0.5382815007239036,0.0,0.0
S1 without DeepSeek,1.3,models below 15B,2024,33,1.0,1.0,0.0,0.0
S1 without DeepSeek,1.3,models below 15B,2025,10,1.0,1.0,0.0,0.0
S1 without DeepSeek,1.3,decisions (49),all,49,0.673469387755102,0.1381159723047163,0.0,0.0
S1 without DeepSeek,1.3,decisions (49),2023,16,0.4375,0.0363873590938376,0.0,0.0
S1 without DeepSeek,1.3,decisions (49),2024,27,0.8518518518518519,0.08157910141232515,0.0,0.0
S1 without DeepSeek,1.3,decisions (49),2025,6,0.5,0.42637120327361794,0.0,0.0
S1 without DeepSeek,1.3,decisions (56),all,56,0.6785714285714286,0.14258650259308925,0.0,0.0
S1 without DeepSeek,1.3,decisions (56),2023,19,0.42105263157894735,0.040919381084351836,0.0,0.0
S1 without DeepSeek,1.3,decisions (56),2024,30,0.8666666666666667,0.08664652078031833,0.0,0.0
S1 without DeepSeek,1.3,decisions (56),2025,7,0.5714285714285714,0.42760337877536403,0.0,0.0
S1 without DeepSeek,1.84,models,all,77,0.6623376623376623,0.17097332093407522,0.0,0.0
S1 without DeepSeek,1.84,models,2023,24,0.3333333333333333,0.047260458619884566,0.0,0.0
S1 without DeepSeek,1.84,models,2024,40,0.825,0.11048819947479054,0.0,0.0
S1 without DeepSeek,1.84,models,2025,13,0.7692307692307693,0.48646881457147517,0.0,0.0
S1 without DeepSeek,1.84,models below 15B,all,59,0.864406779661017,0.9575979144890477,0.0,0.0
S1 without DeepSeek,1.84,models below 15B,2023,16,0.5,0.3693382411172994,0.0,0.0
S1 without DeepSeek,1.84,models below 15B,2024,33,1.0,1.0,0.0,0.0
S1 without DeepSeek,1.84,models below 15B,2025,10,1.0,1.0,0.0,0.0
S1 without DeepSeek,1.84,decisions (49),all,49,0.6122448979591837,0.11462204597154485,0.0,0.0
S1 without DeepSeek,1.84,decisions (49),2023,16,0.3125,0.024009383312713503,0.0,0.0
S1 without DeepSeek,1.84,decisions (49),2024,27,0.8148148148148148,0.05098288004831185,0.0,0.0
S1 without DeepSeek,1.84,decisions (49),2025,6,0.5,0.42637120327361794,0.0,0.0
S1 without DeepSeek,1.84,decisions (56),all,56,0.6071428571428571,0.11866741446776838,0.0,0.0
S1 without DeepSeek,1.84,decisions (56),2023,19,0.2631578947368421,0.024009383312713507,0.0,0.0
S1 without DeepSeek,1.84,decisions (56),2024,30,0.8333333333333334,0.056034385636257976,0.0,0.0
S1 without DeepSeek,1.84,decisions (56),2025,7,0.5714285714285714,0.42760337877536403,0.0,0.0
S1 without DeepSeek,3.4,models,all,77,0.5324675324675324,0.15746732980646963,0.0,0.0
S1 without DeepSeek,3.4,models,2023,24,0.125,0.02236710606689069,0.0,0.0
S1 without DeepSeek,3.4,models,2024,40,0.7,0.09517621220173272,0.0,0.0
S1 without DeepSeek,3.4,models,2025,13,0.7692307692307693,0.48646881457147517,0.0,0.0
S1 without DeepSeek,3.4,models below 15B,all,59,0.6949152542372882,0.8819527268875884,0.0,0.0
S1 without DeepSeek,3.4,models below 15B,2023,16,0.1875,0.17479787236245106,0.0,0.0
S1 without DeepSeek,3.4,models below 15B,2024,33,0.8484848484848485,0.8614151796676579,0.0,0.0
S1 without DeepSeek,3.4,models below 15B,2025,10,1.0,1.0,0.0,0.0
S1 without DeepSeek,3.4,decisions (49),all,49,0.46938775510204084,0.10303337000107163,0.0,0.0
S1 without DeepSeek,3.4,decisions (49),2023,16,0.125,0.01013779009171165,0.0,0.0
S1 without DeepSeek,3.4,decisions (49),2024,27,0.6666666666666666,0.03688903460487899,0.0,0.0
S1 without DeepSeek,3.4,decisions (49),2025,6,0.5,0.42637120327361794,0.0,0.0
S1 without DeepSeek,3.4,decisions (56),all,56,0.48214285714285715,0.10707873849729516,0.0,0.0
S1 without DeepSeek,3.4,decisions (56),2023,19,0.10526315789473684,0.01013779009171165,0.0,0.0
S1 without DeepSeek,3.4,decisions (56),2024,30,0.7,0.04193320966812614,0.0,0.0
S1 without DeepSeek,3.4,decisions (56),2025,7,0.5714285714285714,0.42760337877536403,0.0,0.0
S1 without DeepSeek,4.4,models,all,77,0.4675324675324675,0.13227484196290618,0.0,0.0
S1 without DeepSeek,4.4,models,2023,24,0.08333333333333333,0.01013779009171165,0.0,0.0
S1 without DeepSeek,4.4,models,2024,40,0.6,0.06221669022978804,0.0,0.0
S1 without DeepSeek,4.4,models,2025,13,0.7692307692307693,0.48646881457147517,0.0,0.0
S1 without DeepSeek,4.4,models below 15B,all,59,0.6101694915254238,0.740853088136996,0.0,0.0
S1 without DeepSeek,4.4,models below 15B,2023,16,0.125,0.07922634842383404,0.0,0.0
S1 without DeepSeek,4.4,models below 15B,2024,33,0.7272727272727273,0.5631071057862941,0.0,0.0
S1 without DeepSeek,4.4,models below 15B,2025,10,1.0,1.0,0.0,0.0
S1 without DeepSeek,4.4,decisions (49),all,49,0.40816326530612246,0.09538322723299875,0.0,0.0
S1 without DeepSeek,4.4,decisions (49),2023,16,0.125,0.01013779009171165,0.0,0.0
S1 without DeepSeek,4.4,decisions (49),2024,27,0.5555555555555556,0.02640820063796071,0.0,0.0
S1 without DeepSeek,4.4,decisions (49),2025,6,0.5,0.42637120327361794,0.0,0.0
S1 without DeepSeek,4.4,decisions (56),all,56,0.42857142857142855,0.0998080447428053,0.0,0.0
S1 without DeepSeek,4.4,decisions (56),2023,19,0.10526315789473684,0.01013779009171165,0.0,0.0
S1 without DeepSeek,4.4,decisions (56),2024,30,0.6,0.03196704678340683,0.0,0.0
S1 without DeepSeek,4.4,decisions (56),2025,7,0.5714285714285714,0.42760337877536403,0.0,0.0
S1 without DeepSeek,8.0,models,all,77,0.37662337662337664,0.07960723079159537,0.0,0.0
S1 without DeepSeek,8.0,models,2023,24,0.041666666666666664,0.007520465894132805,0.0,0.0
S1 without DeepSeek,8.0,models,2024,40,0.525,0.04896777252211685,0.0,0.0
S1 without DeepSeek,8.0,models,2025,13,0.5384615384615384,0.2444271180974783,0.0,0.0
S1 without DeepSeek,8.0,models below 15B,all,59,0.4915254237288136,0.44586908511693385,0.0,0.0
S1 without DeepSeek,8.0,models below 15B,2023,16,0.0625,0.05877208403883306,0.0,0.0
S1 without DeepSeek,8.0,models below 15B,2024,33,0.6363636363636364,0.4431945923174315,0.0,0.0
S1 without DeepSeek,8.0,models below 15B,2025,10,0.7,0.5024517723973557,0.0,0.0
S1 without DeepSeek,8.0,decisions (49),all,49,0.30612244897959184,0.013934123218742222,0.0,0.0
S1 without DeepSeek,8.0,decisions (49),2023,16,0.0625,0.007520465894132804,0.0,0.0
S1 without DeepSeek,8.0,decisions (49),2024,27,0.48148148148148145,0.015146288082421602,0.0,0.0
S1 without DeepSeek,8.0,decisions (49),2025,6,0.16666666666666666,0.012328080303949846,0.0,0.0
S1 without DeepSeek,8.0,decisions (56),all,56,0.32142857142857145,0.014995378942665104,0.0,0.0
S1 without DeepSeek,8.0,decisions (56),2023,19,0.05263157894736842,0.007520465894132805,0.0,0.0
S1 without DeepSeek,8.0,decisions (56),2024,30,0.5,0.016088739371540046,0.0,0.0
S1 without DeepSeek,8.0,decisions (56),2025,7,0.2857142857142857,0.01444963548067242,0.0,0.0
S1 without DeepSeek,10.0,models,all,77,0.3246753246753247,0.057691550983924526,0.0,0.0
S1 without DeepSeek,10.0,models,2023,24,0.041666666666666664,0.007520465894132805,0.0,0.0
S1 without DeepSeek,10.0,models,2024,40,0.45,0.02937485628003496,0.0,0.0
S1 without DeepSeek,10.0,models,2025,13,0.46153846153846156,0.20128000979841176,0.0,0.0
S1 without DeepSeek,10.0,models below 15B,all,59,0.423728813559322,0.3231223947924979,0.0,0.0
S1 without DeepSeek,10.0,models below 15B,2023,16,0.0625,0.05877208403883306,0.0,0.0
S1 without DeepSeek,10.0,models below 15B,2024,33,0.5454545454545454,0.26586419563056823,0.0,0.0
S1 without DeepSeek,10.0,models below 15B,2025,10,0.6,0.4137572723458481,0.0,0.0
S1 without DeepSeek,10.0,decisions (49),all,49,0.2653061224489796,0.00724041160069786,0.0,0.0
S1 without DeepSeek,10.0,decisions (49),2023,16,0.0625,0.007520465894132804,0.0,0.0
S1 without DeepSeek,10.0,decisions (49),2024,27,0.4074074074074074,0.005975782090828535,0.0,0.0
S1 without DeepSeek,10.0,decisions (49),2025,6,0.16666666666666666,0.012328080303949846,0.0,0.0
S1 without DeepSeek,10.0,decisions (56),all,56,0.2857142857142857,0.00830166732462074,0.0,0.0
S1 without DeepSeek,10.0,decisions (56),2023,19,0.05263157894736842,0.007520465894132805,0.0,0.0
S1 without DeepSeek,10.0,decisions (56),2024,30,0.43333333333333335,0.006913463594373316,0.0,0.0
S1 without DeepSeek,10.0,decisions (56),2025,7,0.2857142857142857,0.01444963548067242,0.0,0.0
S1 without Marin (comparison only),1.0,models,all,77,0.8831168831168831,0.5167705825274346,0.0,0.0
S1 without Marin (comparison only),1.0,models,2023,24,0.7083333333333334,0.1973461477169958,0.0,0.0
S1 without Marin (comparison only),1.0,models,2024,40,0.95,0.44083757805968116,0.0,0.0
S1 without Marin (comparison only),1.0,models,2025,13,1.0,1.0,0.0,0.0
S1 without Marin (comparison only),1.0,models below 15B,all,59,1.0,1.0,0.0,0.0
S1 without Marin (comparison only),1.0,models below 15B,2023,16,1.0,1.0,0.0,0.0
S1 without Marin (comparison only),1.0,models below 15B,2024,33,1.0,1.0,0.0,0.0
S1 without Marin (comparison only),1.0,models below 15B,2025,10,1.0,1.0,0.0,0.0
S1 without Marin (comparison only),1.0,decisions (49),all,49,0.8367346938775511,0.4358970541128289,0.0,0.0
S1 without Marin (comparison only),1.0,decisions (49),2023,16,0.625,0.13748086488482095,0.0,0.0
S1 without Marin (comparison only),1.0,decisions (49),2024,27,0.9259259259259259,0.33802426459387896,0.0,0.0
S1 without Marin (comparison only),1.0,decisions (49),2025,6,1.0,1.0,0.0,0.0
S1 without Marin (comparison only),1.0,decisions (56),all,56,0.8392857142857143,0.43857871815361255,0.0,0.0
S1 without Marin (comparison only),1.0,decisions (56),2023,19,0.631578947368421,0.16606612496324935,0.0,0.0
S1 without Marin (comparison only),1.0,decisions (56),2024,30,0.9333333333333333,0.3376799561864969,0.0,0.0
S1 without Marin (comparison only),1.0,decisions (56),2025,7,1.0,1.0,0.0,0.0
S1 without Marin (comparison only),1.3,models,all,77,0.8831168831168831,0.5167705825274346,0.0,0.0
S1 without Marin (comparison only),1.3,models,2023,24,0.7083333333333334,0.1973461477169958,0.0,0.0
S1 without Marin (comparison only),1.3,models,2024,40,0.95,0.44083757805968116,0.0,0.0
S1 without Marin (comparison only),1.3,models,2025,13,1.0,1.0,0.0,0.0
S1 without Marin (comparison only),1.3,models below 15B,all,59,1.0,1.0,0.0,0.0
S1 without Marin (comparison only),1.3,models below 15B,2023,16,1.0,1.0,0.0,0.0
S1 without Marin (comparison only),1.3,models below 15B,2024,33,1.0,1.0,0.0,0.0
S1 without Marin (comparison only),1.3,models below 15B,2025,10,1.0,1.0,0.0,0.0
S1 without Marin (comparison only),1.3,decisions (49),all,49,0.8367346938775511,0.4358970541128289,0.0,0.0
S1 without Marin (comparison only),1.3,decisions (49),2023,16,0.625,0.13748086488482095,0.0,0.0
S1 without Marin (comparison only),1.3,decisions (49),2024,27,0.9259259259259259,0.33802426459387896,0.0,0.0
S1 without Marin (comparison only),1.3,decisions (49),2025,6,1.0,1.0,0.0,0.0
S1 without Marin (comparison only),1.3,decisions (56),all,56,0.8392857142857143,0.43857871815361255,0.0,0.0
S1 without Marin (comparison only),1.3,decisions (56),2023,19,0.631578947368421,0.16606612496324935,0.0,0.0
S1 without Marin (comparison only),1.3,decisions (56),2024,30,0.9333333333333333,0.3376799561864969,0.0,0.0
S1 without Marin (comparison only),1.3,decisions (56),2025,7,1.0,1.0,0.0,0.0
S1 without Marin (comparison only),1.84,models,all,77,0.8441558441558441,0.47732813141991587,0.0,0.0
S1 without Marin (comparison only),1.84,models,2023,24,0.625,0.11920581733460503,0.0,0.0
S1 without Marin (comparison only),1.84,models,2024,40,0.925,0.39682083140205643,0.0,0.0
S1 without Marin (comparison only),1.84,models,2025,13,1.0,1.0,0.0,0.0
S1 without Marin (comparison only),1.84,models below 15B,all,59,0.9830508474576272,0.995400355729795,0.0,0.0
S1 without Marin (comparison only),1.84,models below 15B,2023,16,0.9375,0.9315878049221654,0.0,0.0
S1 without Marin (comparison only),1.84,models below 15B,2024,33,1.0,1.0,0.0,0.0
S1 without Marin (comparison only),1.84,models below 15B,2025,10,1.0,1.0,0.0,0.0
S1 without Marin (comparison only),1.84,decisions (49),all,49,0.7755102040816326,0.3908368060206035,0.0,0.0
S1 without Marin (comparison only),1.84,decisions (49),2023,16,0.5,0.04257919653673692,0.0,0.0
S1 without Marin (comparison only),1.84,decisions (49),2024,27,0.8888888888888888,0.2884881721187098,0.0,0.0
S1 without Marin (comparison only),1.84,decisions (49),2025,6,1.0,1.0,0.0,0.0
S1 without Marin (comparison only),1.84,decisions (56),all,56,0.7857142857142857,0.39798900034976015,0.0,0.0
S1 without Marin (comparison only),1.84,decisions (56),2023,19,0.5263157894736842,0.07569647860567952,0.0,0.0
S1 without Marin (comparison only),1.84,decisions (56),2024,30,0.9,0.293663209528872,0.0,0.0
S1 without Marin (comparison only),1.84,decisions (56),2025,7,1.0,1.0,0.0,0.0
S1 without Marin (comparison only),3.4,models,all,77,0.7272727272727273,0.23435928969048053,0.0,0.0
S1 without Marin (comparison only),3.4,models,2023,24,0.4583333333333333,0.08822369447943702,0.0,0.0
S1 without Marin (comparison only),3.4,models,2024,40,0.875,0.19210574132196373,0.0,0.0
S1 without Marin (comparison only),3.4,models,2025,13,0.7692307692307693,0.48646881457147517,0.0,0.0
S1 without Marin (comparison only),3.4,models below 15B,all,59,0.9152542372881356,0.9791213364897886,0.0,0.0
S1 without Marin (comparison only),3.4,models below 15B,2023,16,0.6875,0.6894639852308918,0.0,0.0
S1 without Marin (comparison only),3.4,models below 15B,2024,33,1.0,1.0,0.0,0.0
S1 without Marin (comparison only),3.4,models below 15B,2025,10,1.0,1.0,0.0,0.0
S1 without Marin (comparison only),3.4,decisions (49),all,49,0.673469387755102,0.1381159723047163,0.0,0.0
S1 without Marin (comparison only),3.4,decisions (49),2023,16,0.4375,0.0363873590938376,0.0,0.0
S1 without Marin (comparison only),3.4,decisions (49),2024,27,0.8518518518518519,0.08157910141232515,0.0,0.0
S1 without Marin (comparison only),3.4,decisions (49),2025,6,0.5,0.42637120327361794,0.0,0.0
S1 without Marin (comparison only),3.4,decisions (56),all,56,0.6785714285714286,0.14484300484172344,0.0,0.0
S1 without Marin (comparison only),3.4,decisions (56),2023,19,0.42105263157894735,0.06497261917226596,0.0,0.0
S1 without Marin (comparison only),3.4,decisions (56),2024,30,0.8666666666666667,0.08664652078031833,0.0,0.0
S1 without Marin (comparison only),3.4,decisions (56),2025,7,0.5714285714285714,0.42760337877536403,0.0,0.0
S1 without Marin (comparison only),4.4,models,all,77,0.6883116883116883,0.23118604486418648,0.0,0.0
S1 without Marin (comparison only),4.4,models,2023,24,0.3333333333333333,0.0543984176093201,0.0,0.0
S1 without Marin (comparison only),4.4,models,2024,40,0.875,0.19210574132196373,0.0,0.0
S1 without Marin (comparison only),4.4,models,2025,13,0.7692307692307693,0.48646881457147517,0.0,0.0
S1 without Marin (comparison only),4.4,models below 15B,all,59,0.864406779661017,0.9613484312714708,0.0,0.0
S1 without Marin (comparison only),4.4,models below 15B,2023,16,0.5,0.42512105184982824,0.0,0.0
S1 without Marin (comparison only),4.4,models below 15B,2024,33,1.0,1.0,0.0,0.0
S1 without Marin (comparison only),4.4,models below 15B,2025,10,1.0,1.0,0.0,0.0
S1 without Marin (comparison only),4.4,decisions (49),all,49,0.6326530612244898,0.13762439151920586,0.0,0.0
S1 without Marin (comparison only),4.4,decisions (49),2023,16,0.3125,0.031147342302149033,0.0,0.0
S1 without Marin (comparison only),4.4,decisions (49),2024,27,0.8518518518518519,0.08157910141232515,0.0,0.0
S1 without Marin (comparison only),4.4,decisions (49),2025,6,0.5,0.42637120327361794,0.0,0.0
S1 without Marin (comparison only),4.4,decisions (56),all,56,0.625,0.14166976001542939,0.0,0.0
S1 without Marin (comparison only),4.4,decisions (56),2023,19,0.2631578947368421,0.031147342302149036,0.0,0.0
S1 without Marin (comparison only),4.4,decisions (56),2024,30,0.8666666666666667,0.08664652078031833,0.0,0.0
S1 without Marin (comparison only),4.4,decisions (56),2025,7,0.5714285714285714,0.42760337877536403,0.0,0.0
S1 without Marin (comparison only),8.0,models,all,77,0.5454545454545454,0.16132027104235677,0.0,0.0
S1 without Marin (comparison only),8.0,models,2023,24,0.125,0.02236710606689069,0.0,0.0
S1 without Marin (comparison only),8.0,models,2024,40,0.725,0.10045755690400274,0.0,0.0
S1 without Marin (comparison only),8.0,models,2025,13,0.7692307692307693,0.48646881457147517,0.0,0.0
S1 without Marin (comparison only),8.0,models below 15B,all,59,0.711864406779661,0.9035325176524703,0.0,0.0
S1 without Marin (comparison only),8.0,models below 15B,2023,16,0.1875,0.17479787236245106,0.0,0.0
S1 without Marin (comparison only),8.0,models below 15B,2024,33,0.8787878787878788,0.9092152590188926,0.0,0.0
S1 without Marin (comparison only),8.0,models below 15B,2025,10,1.0,1.0,0.0,0.0
S1 without Marin (comparison only),8.0,decisions (49),all,49,0.4897959183673469,0.10688631123695873,0.0,0.0
S1 without Marin (comparison only),8.0,decisions (49),2023,16,0.125,0.01013779009171165,0.0,0.0
S1 without Marin (comparison only),8.0,decisions (49),2024,27,0.7037037037037037,0.04216763378947933,0.0,0.0
S1 without Marin (comparison only),8.0,decisions (49),2025,6,0.5,0.42637120327361794,0.0,0.0
S1 without Marin (comparison only),8.0,decisions (56),all,56,0.5,0.11093167973318226,0.0,0.0
S1 without Marin (comparison only),8.0,decisions (56),2023,19,0.10526315789473684,0.01013779009171165,0.0,0.0
S1 without Marin (comparison only),8.0,decisions (56),2024,30,0.7333333333333333,0.047214554370396164,0.0,0.0
S1 without Marin (comparison only),8.0,decisions (56),2025,7,0.5714285714285714,0.42760337877536403,0.0,0.0
S1 without Marin (comparison only),10.0,models,all,77,0.5324675324675324,0.15746732980646963,0.0,0.0
S1 without Marin (comparison only),10.0,models,2023,24,0.125,0.02236710606689069,0.0,0.0
S1 without Marin (comparison only),10.0,models,2024,40,0.7,0.09517621220173272,0.0,0.0
S1 without Marin (comparison only),10.0,models,2025,13,0.7692307692307693,0.48646881457147517,0.0,0.0
S1 without Marin (comparison only),10.0,models below 15B,all,59,0.6949152542372882,0.8819527268875884,0.0,0.0
S1 without Marin (comparison only),10.0,models below 15B,2023,16,0.1875,0.17479787236245106,0.0,0.0
S1 without Marin (comparison only),10.0,models below 15B,2024,33,0.8484848484848485,0.8614151796676579,0.0,0.0
S1 without Marin (comparison only),10.0,models below 15B,2025,10,1.0,1.0,0.0,0.0
S1 without Marin (comparison only),10.0,decisions (49),all,49,0.46938775510204084,0.10303337000107163,0.0,0.0
S1 without Marin (comparison only),10.0,decisions (49),2023,16,0.125,0.01013779009171165,0.0,0.0
S1 without Marin (comparison only),10.0,decisions (49),2024,27,0.6666666666666666,0.03688903460487899,0.0,0.0
S1 without Marin (comparison only),10.0,decisions (49),2025,6,0.5,0.42637120327361794,0.0,0.0
S1 without Marin (comparison only),10.0,decisions (56),all,56,0.48214285714285715,0.10707873849729516,0.0,0.0
S1 without Marin (comparison only),10.0,decisions (56),2023,19,0.10526315789473684,0.01013779009171165,0.0,0.0
S1 without Marin (comparison only),10.0,decisions (56),2024,30,0.7,0.04193320966812614,0.0,0.0
S1 without Marin (comparison only),10.0,decisions (56),2025,7,0.5714285714285714,0.42760337877536403,0.0,0.0
S1 Marin alone (comparison only),1.0,models,all,77,0.7792207792207793,0.23726581020279672,0.07792207792207792,0.4646854685016669
S1 Marin alone (comparison only),1.0,models,2023,24,0.625,0.11920581733460503,0.16666666666666666,0.6049841978622594
S1 Marin alone (comparison only),1.0,models,2024,40,0.875,0.19210574132196373,0.05,0.5591624219403187
S1 Marin alone (comparison only),1.0,models,2025,13,0.7692307692307693,0.48646881457147517,0.0,0.0
S1 Marin alone (comparison only),1.0,models below 15B,all,59,0.9830508474576272,0.995400355729795,0.0,0.0
S1 Marin alone (comparison only),1.0,models below 15B,2023,16,0.9375,0.9315878049221654,0.0,0.0
S1 Marin alone (comparison only),1.0,models below 15B,2024,33,1.0,1.0,0.0,0.0
S1 Marin alone (comparison only),1.0,models below 15B,2025,10,1.0,1.0,0.0,0.0
S1 Marin alone (comparison only),1.0,decisions (49),all,49,0.6938775510204082,0.1386968460757243,0.04081632653061224,0.042284189662764655
S1 Marin alone (comparison only),1.0,decisions (49),2023,16,0.5,0.04257919653673692,0.125,0.45072930103597775
S1 Marin alone (comparison only),1.0,decisions (49),2024,27,0.8518518518518519,0.08157910141232515,0.0,0.0
S1 Marin alone (comparison only),1.0,decisions (49),2025,6,0.5,0.42637120327361794,0.0,0.0
S1 Marin alone (comparison only),1.0,decisions (56),all,56,0.7142857142857143,0.1458490404048809,0.05357142857142857,0.04805108641440468
S1 Marin alone (comparison only),1.0,decisions (56),2023,19,0.5263157894736842,0.07569647860567952,0.15789473684210525,0.5122016707974422
S1 Marin alone (comparison only),1.0,decisions (56),2024,30,0.8666666666666667,0.08664652078031833,0.0,0.0
S1 Marin alone (comparison only),1.0,decisions (56),2025,7,0.5714285714285714,0.42760337877536403,0.0,0.0
S1 Marin alone (comparison only),1.3,models,all,77,0.7402597402597403,0.2325444538231017,0.025974025974025976,0.045411437596755914
S1 Marin alone (comparison only),1.3,models,2023,24,0.5,0.06887840943264799,0.08333333333333333,0.4840642729651034
S1 Marin alone (comparison only),1.3,models,2024,40,0.875,0.19210574132196373,0.0,0.0
S1 Marin alone (comparison only),1.3,models,2025,13,0.7692307692307693,0.48646881457147517,0.0,0.0
S1 Marin alone (comparison only),1.3,models below 15B,all,59,0.9322033898305084,0.9689566918993501,0.0,0.0
S1 Marin alone (comparison only),1.3,models below 15B,2023,16,0.75,0.5382815007239036,0.0,0.0
S1 Marin alone (comparison only),1.3,models below 15B,2024,33,1.0,1.0,0.0,0.0
S1 Marin alone (comparison only),1.3,models below 15B,2025,10,1.0,1.0,0.0,0.0
S1 Marin alone (comparison only),1.3,decisions (49),all,49,0.673469387755102,0.1381159723047163,0.02040816326530612,0.039644540845115886
S1 Marin alone (comparison only),1.3,decisions (49),2023,16,0.4375,0.0363873590938376,0.0625,0.42259190320363904
S1 Marin alone (comparison only),1.3,decisions (49),2024,27,0.8518518518518519,0.08157910141232515,0.0,0.0
S1 Marin alone (comparison only),1.3,decisions (49),2025,6,0.5,0.42637120327361794,0.0,0.0
S1 Marin alone (comparison only),1.3,decisions (56),all,56,0.6785714285714286,0.14258650259308925,0.03571428571428571,0.04541143759675591
S1 Marin alone (comparison only),1.3,decisions (56),2023,19,0.42105263157894735,0.040919381084351836,0.10526315789473684,0.4840642729651034
S1 Marin alone (comparison only),1.3,decisions (56),2024,30,0.8666666666666667,0.08664652078031833,0.0,0.0
S1 Marin alone (comparison only),1.3,decisions (56),2025,7,0.5714285714285714,0.42760337877536403,0.0,0.0
S1 Marin alone (comparison only),1.84,models,all,77,0.6623376623376623,0.17097332093407522,0.012987012987012988,0.0396445408451159
S1 Marin alone (comparison only),1.84,models,2023,24,0.3333333333333333,0.047260458619884566,0.041666666666666664,0.42259190320363904
S1 Marin alone (comparison only),1.84,models,2024,40,0.825,0.11048819947479054,0.0,0.0
S1 Marin alone (comparison only),1.84,models,2025,13,0.7692307692307693,0.48646881457147517,0.0,0.0
S1 Marin alone (comparison only),1.84,models below 15B,all,59,0.864406779661017,0.9575979144890477,0.0,0.0
S1 Marin alone (comparison only),1.84,models below 15B,2023,16,0.5,0.3693382411172994,0.0,0.0
S1 Marin alone (comparison only),1.84,models below 15B,2024,33,1.0,1.0,0.0,0.0
S1 Marin alone (comparison only),1.84,models below 15B,2025,10,1.0,1.0,0.0,0.0
S1 Marin alone (comparison only),1.84,decisions (49),all,49,0.6122448979591837,0.11462204597154485,0.02040816326530612,0.039644540845115886
S1 Marin alone (comparison only),1.84,decisions (49),2023,16,0.3125,0.024009383312713503,0.0625,0.42259190320363904
S1 Marin alone (comparison only),1.84,decisions (49),2024,27,0.8148148148148148,0.05098288004831185,0.0,0.0
S1 Marin alone (comparison only),1.84,decisions (49),2025,6,0.5,0.42637120327361794,0.0,0.0
S1 Marin alone (comparison only),1.84,decisions (56),all,56,0.6071428571428571,0.11866741446776838,0.017857142857142856,0.039644540845115886
S1 Marin alone (comparison only),1.84,decisions (56),2023,19,0.2631578947368421,0.024009383312713507,0.05263157894736842,0.42259190320363904
S1 Marin alone (comparison only),1.84,decisions (56),2024,30,0.8333333333333334,0.056034385636257976,0.0,0.0
S1 Marin alone (comparison only),1.84,decisions (56),2025,7,0.5714285714285714,0.42760337877536403,0.0,0.0
S1 Marin alone (comparison only),3.4,models,all,77,0.5324675324675324,0.15746732980646963,0.0,0.0
S1 Marin alone (comparison only),3.4,models,2023,24,0.125,0.02236710606689069,0.0,0.0
S1 Marin alone (comparison only),3.4,models,2024,40,0.7,0.09517621220173272,0.0,0.0
S1 Marin alone (comparison only),3.4,models,2025,13,0.7692307692307693,0.48646881457147517,0.0,0.0
S1 Marin alone (comparison only),3.4,models below 15B,all,59,0.6949152542372882,0.8819527268875884,0.0,0.0
S1 Marin alone (comparison only),3.4,models below 15B,2023,16,0.1875,0.17479787236245106,0.0,0.0
S1 Marin alone (comparison only),3.4,models below 15B,2024,33,0.8484848484848485,0.8614151796676579,0.0,0.0
S1 Marin alone (comparison only),3.4,models below 15B,2025,10,1.0,1.0,0.0,0.0
S1 Marin alone (comparison only),3.4,decisions (49),all,49,0.46938775510204084,0.10303337000107163,0.0,0.0
S1 Marin alone (comparison only),3.4,decisions (49),2023,16,0.125,0.01013779009171165,0.0,0.0
S1 Marin alone (comparison only),3.4,decisions (49),2024,27,0.6666666666666666,0.03688903460487899,0.0,0.0
S1 Marin alone (comparison only),3.4,decisions (49),2025,6,0.5,0.42637120327361794,0.0,0.0
S1 Marin alone (comparison only),3.4,decisions (56),all,56,0.48214285714285715,0.10707873849729516,0.0,0.0
S1 Marin alone (comparison only),3.4,decisions (56),2023,19,0.10526315789473684,0.01013779009171165,0.0,0.0
S1 Marin alone (comparison only),3.4,decisions (56),2024,30,0.7,0.04193320966812614,0.0,0.0
S1 Marin alone (comparison only),3.4,decisions (56),2025,7,0.5714285714285714,0.42760337877536403,0.0,0.0
S1 Marin alone (comparison only),4.4,models,all,77,0.4675324675324675,0.13227484196290618,0.0,0.0
S1 Marin alone (comparison only),4.4,models,2023,24,0.08333333333333333,0.01013779009171165,0.0,0.0
S1 Marin alone (comparison only),4.4,models,2024,40,0.6,0.06221669022978804,0.0,0.0
S1 Marin alone (comparison only),4.4,models,2025,13,0.7692307692307693,0.48646881457147517,0.0,0.0
S1 Marin alone (comparison only),4.4,models below 15B,all,59,0.6101694915254238,0.740853088136996,0.0,0.0
S1 Marin alone (comparison only),4.4,models below 15B,2023,16,0.125,0.07922634842383404,0.0,0.0
S1 Marin alone (comparison only),4.4,models below 15B,2024,33,0.7272727272727273,0.5631071057862941,0.0,0.0
S1 Marin alone (comparison only),4.4,models below 15B,2025,10,1.0,1.0,0.0,0.0
S1 Marin alone (comparison only),4.4,decisions (49),all,49,0.40816326530612246,0.09538322723299875,0.0,0.0
S1 Marin alone (comparison only),4.4,decisions (49),2023,16,0.125,0.01013779009171165,0.0,0.0
S1 Marin alone (comparison only),4.4,decisions (49),2024,27,0.5555555555555556,0.02640820063796071,0.0,0.0
S1 Marin alone (comparison only),4.4,decisions (49),2025,6,0.5,0.42637120327361794,0.0,0.0
S1 Marin alone (comparison only),4.4,decisions (56),all,56,0.42857142857142855,0.0998080447428053,0.0,0.0
S1 Marin alone (comparison only),4.4,decisions (56),2023,19,0.10526315789473684,0.01013779009171165,0.0,0.0
S1 Marin alone (comparison only),4.4,decisions (56),2024,30,0.6,0.03196704678340683,0.0,0.0
S1 Marin alone (comparison only),4.4,decisions (56),2025,7,0.5714285714285714,0.42760337877536403,0.0,0.0
S1 Marin alone (comparison only),8.0,models,all,77,0.37662337662337664,0.07960723079159537,0.0,0.0
S1 Marin alone (comparison only),8.0,models,2023,24,0.041666666666666664,0.007520465894132805,0.0,0.0
S1 Marin alone (comparison only),8.0,models,2024,40,0.525,0.04896777252211685,0.0,0.0
S1 Marin alone (comparison only),8.0,models,2025,13,0.5384615384615384,0.2444271180974783,0.0,0.0
S1 Marin alone (comparison only),8.0,models below 15B,all,59,0.4915254237288136,0.44586908511693385,0.0,0.0
S1 Marin alone (comparison only),8.0,models below 15B,2023,16,0.0625,0.05877208403883306,0.0,0.0
S1 Marin alone (comparison only),8.0,models below 15B,2024,33,0.6363636363636364,0.4431945923174315,0.0,0.0
S1 Marin alone (comparison only),8.0,models below 15B,2025,10,0.7,0.5024517723973557,0.0,0.0
S1 Marin alone (comparison only),8.0,decisions (49),all,49,0.30612244897959184,0.013934123218742222,0.0,0.0
S1 Marin alone (comparison only),8.0,decisions (49),2023,16,0.0625,0.007520465894132804,0.0,0.0
S1 Marin alone (comparison only),8.0,decisions (49),2024,27,0.48148148148148145,0.015146288082421602,0.0,0.0
S1 Marin alone (comparison only),8.0,decisions (49),2025,6,0.16666666666666666,0.012328080303949846,0.0,0.0
S1 Marin alone (comparison only),8.0,decisions (56),all,56,0.32142857142857145,0.014995378942665104,0.0,0.0
S1 Marin alone (comparison only),8.0,decisions (56),2023,19,0.05263157894736842,0.007520465894132805,0.0,0.0
S1 Marin alone (comparison only),8.0,decisions (56),2024,30,0.5,0.016088739371540046,0.0,0.0
S1 Marin alone (comparison only),8.0,decisions (56),2025,7,0.2857142857142857,0.01444963548067242,0.0,0.0
S1 Marin alone (comparison only),10.0,models,all,77,0.3246753246753247,0.057691550983924526,0.0,0.0
S1 Marin alone (comparison only),10.0,models,2023,24,0.041666666666666664,0.007520465894132805,0.0,0.0
S1 Marin alone (comparison only),10.0,models,2024,40,0.45,0.02937485628003496,0.0,0.0
S1 Marin alone (comparison only),10.0,models,2025,13,0.46153846153846156,0.20128000979841176,0.0,0.0
S1 Marin alone (comparison only),10.0,models below 15B,all,59,0.423728813559322,0.3231223947924979,0.0,0.0
S1 Marin alone (comparison only),10.0,models below 15B,2023,16,0.0625,0.05877208403883306,0.0,0.0
S1 Marin alone (comparison only),10.0,models below 15B,2024,33,0.5454545454545454,0.26586419563056823,0.0,0.0
S1 Marin alone (comparison only),10.0,models below 15B,2025,10,0.6,0.4137572723458481,0.0,0.0
S1 Marin alone (comparison only),10.0,decisions (49),all,49,0.2653061224489796,0.00724041160069786,0.0,0.0
S1 Marin alone (comparison only),10.0,decisions (49),2023,16,0.0625,0.007520465894132804,0.0,0.0
S1 Marin alone (comparison only),10.0,decisions (49),2024,27,0.4074074074074074,0.005975782090828535,0.0,0.0
S1 Marin alone (comparison only),10.0,decisions (49),2025,6,0.16666666666666666,0.012328080303949846,0.0,0.0
S1 Marin alone (comparison only),10.0,decisions (56),all,56,0.2857142857142857,0.00830166732462074,0.0,0.0
S1 Marin alone (comparison only),10.0,decisions (56),2023,19,0.05263157894736842,0.007520465894132805,0.0,0.0
S1 Marin alone (comparison only),10.0,decisions (56),2024,30,0.43333333333333335,0.006913463594373316,0.0,0.0
S1 Marin alone (comparison only),10.0,decisions (56),2025,7,0.2857142857142857,0.01444963548067242,0.0,0.0
S1 Marin without Comma (comparison only),1.0,models,all,77,0.8571428571428571,0.4781493701090291,0.0,0.0
S1 Marin without Comma (comparison only),1.0,models,2023,24,0.6666666666666666,0.12795983020040147,0.0,0.0
S1 Marin without Comma (comparison only),1.0,models,2024,40,0.925,0.39682083140205643,0.0,0.0
S1 Marin without Comma (comparison only),1.0,models,2025,13,1.0,1.0,0.0,0.0
S1 Marin without Comma (comparison only),1.0,models below 15B,all,59,1.0,1.0,0.0,0.0
S1 Marin without Comma (comparison only),1.0,models below 15B,2023,16,1.0,1.0,0.0,0.0
S1 Marin without Comma (comparison only),1.0,models below 15B,2024,33,1.0,1.0,0.0,0.0
S1 Marin without Comma (comparison only),1.0,models below 15B,2025,10,1.0,1.0,0.0,0.0
S1 Marin without Comma (comparison only),1.0,decisions (49),all,49,0.7959183673469388,0.39208320650186596,0.0,0.0
S1 Marin without Comma (comparison only),1.0,decisions (49),2023,16,0.5625,0.05586523139304761,0.0,0.0
S1 Marin without Comma (comparison only),1.0,decisions (49),2024,27,0.8888888888888888,0.2884881721187098,0.0,0.0
S1 Marin without Comma (comparison only),1.0,decisions (49),2025,6,1.0,1.0,0.0,0.0
S1 Marin without Comma (comparison only),1.0,decisions (56),all,56,0.8035714285714286,0.39881023903887314,0.0,0.0
S1 Marin without Comma (comparison only),1.0,decisions (56),2023,19,0.5789473684210527,0.08445049147147597,0.0,0.0
S1 Marin without Comma (comparison only),1.0,decisions (56),2024,30,0.9,0.293663209528872,0.0,0.0
S1 Marin without Comma (comparison only),1.0,decisions (56),2025,7,1.0,1.0,0.0,0.0
S1 Marin without Comma (comparison only),1.3,models,all,77,0.8181818181818182,0.3437364452179669,0.0,0.0
S1 Marin without Comma (comparison only),1.3,models,2023,24,0.625,0.11920581733460503,0.0,0.0
S1 Marin without Comma (comparison only),1.3,models,2024,40,0.9,0.3052916612987132,0.0,0.0
S1 Marin without Comma (comparison only),1.3,models,2025,13,0.9230769230769231,0.6217493998083929,0.0,0.0
S1 Marin without Comma (comparison only),1.3,models below 15B,all,59,0.9830508474576272,0.995400355729795,0.0,0.0
S1 Marin without Comma (comparison only),1.3,models below 15B,2023,16,0.9375,0.9315878049221654,0.0,0.0
S1 Marin without Comma (comparison only),1.3,models below 15B,2024,33,1.0,1.0,0.0,0.0
S1 Marin without Comma (comparison only),1.3,models below 15B,2025,10,1.0,1.0,0.0,0.0
S1 Marin without Comma (comparison only),1.3,decisions (49),all,49,0.7551020408163265,0.3163972158965591,0.0,0.0
S1 Marin without Comma (comparison only),1.3,decisions (49),2023,16,0.5,0.04257919653673692,0.0,0.0
S1 Marin without Comma (comparison only),1.3,decisions (49),2024,27,0.8888888888888888,0.2884881721187098,0.0,0.0
S1 Marin without Comma (comparison only),1.3,decisions (49),2025,6,0.8333333333333334,0.5776951653774788,0.0,0.0
S1 Marin without Comma (comparison only),1.3,decisions (56),all,56,0.7678571428571429,0.3235494102257157,0.0,0.0
S1 Marin without Comma (comparison only),1.3,decisions (56),2023,19,0.5263157894736842,0.07569647860567952,0.0,0.0
S1 Marin without Comma (comparison only),1.3,decisions (56),2024,30,0.9,0.293663209528872,0.0,0.0
S1 Marin without Comma (comparison only),1.3,decisions (56),2025,7,0.8571428571428571,0.5786022915093264,0.0,0.0
S1 Marin without Comma (comparison only),1.84,models,all,77,0.7792207792207793,0.23726581020279672,0.0,0.0
S1 Marin without Comma (comparison only),1.84,models,2023,24,0.625,0.11920581733460503,0.0,0.0
S1 Marin without Comma (comparison only),1.84,models,2024,40,0.875,0.19210574132196373,0.0,0.0
S1 Marin without Comma (comparison only),1.84,models,2025,13,0.7692307692307693,0.48646881457147517,0.0,0.0
S1 Marin without Comma (comparison only),1.84,models below 15B,all,59,0.9830508474576272,0.995400355729795,0.0,0.0
S1 Marin without Comma (comparison only),1.84,models below 15B,2023,16,0.9375,0.9315878049221654,0.0,0.0
S1 Marin without Comma (comparison only),1.84,models below 15B,2024,33,1.0,1.0,0.0,0.0
S1 Marin without Comma (comparison only),1.84,models below 15B,2025,10,1.0,1.0,0.0,0.0
S1 Marin without Comma (comparison only),1.84,decisions (49),all,49,0.6938775510204082,0.1386968460757243,0.0,0.0
S1 Marin without Comma (comparison only),1.84,decisions (49),2023,16,0.5,0.04257919653673692,0.0,0.0
S1 Marin without Comma (comparison only),1.84,decisions (49),2024,27,0.8518518518518519,0.08157910141232515,0.0,0.0
S1 Marin without Comma (comparison only),1.84,decisions (49),2025,6,0.5,0.42637120327361794,0.0,0.0
S1 Marin without Comma (comparison only),1.84,decisions (56),all,56,0.7142857142857143,0.1458490404048809,0.0,0.0
S1 Marin without Comma (comparison only),1.84,decisions (56),2023,19,0.5263157894736842,0.07569647860567952,0.0,0.0
S1 Marin without Comma (comparison only),1.84,decisions (56),2024,30,0.8666666666666667,0.08664652078031833,0.0,0.0
S1 Marin without Comma (comparison only),1.84,decisions (56),2025,7,0.5714285714285714,0.42760337877536403,0.0,0.0
S1 Marin without Comma (comparison only),3.4,models,all,77,0.7012987012987013,0.2311994677748267,0.0,0.0
S1 Marin without Comma (comparison only),3.4,models,2023,24,0.375,0.05454149943680644,0.0,0.0
S1 Marin without Comma (comparison only),3.4,models,2024,40,0.875,0.19210574132196373,0.0,0.0
S1 Marin without Comma (comparison only),3.4,models,2025,13,0.7692307692307693,0.48646881457147517,0.0,0.0
S1 Marin without Comma (comparison only),3.4,models below 15B,all,59,0.8813559322033898,0.9614236111367574,0.0,0.0
S1 Marin without Comma (comparison only),3.4,models below 15B,2023,16,0.5625,0.4262392295409229,0.0,0.0
S1 Marin without Comma (comparison only),3.4,models below 15B,2024,33,1.0,1.0,0.0,0.0
S1 Marin without Comma (comparison only),3.4,models below 15B,2025,10,1.0,1.0,0.0,0.0
S1 Marin without Comma (comparison only),3.4,decisions (49),all,49,0.6530612244897959,0.13763781442984607,0.0,0.0
S1 Marin without Comma (comparison only),3.4,decisions (49),2023,16,0.375,0.031290424129635376,0.0,0.0
S1 Marin without Comma (comparison only),3.4,decisions (49),2024,27,0.8518518518518519,0.08157910141232515,0.0,0.0
S1 Marin without Comma (comparison only),3.4,decisions (49),2025,6,0.5,0.42637120327361794,0.0,0.0
S1 Marin without Comma (comparison only),3.4,decisions (56),all,56,0.6428571428571429,0.1416831829260696,0.0,0.0
S1 Marin without Comma (comparison only),3.4,decisions (56),2023,19,0.3157894736842105,0.031290424129635376,0.0,0.0
S1 Marin without Comma (comparison only),3.4,decisions (56),2024,30,0.8666666666666667,0.08664652078031833,0.0,0.0
S1 Marin without Comma (comparison only),3.4,decisions (56),2025,7,0.5714285714285714,0.42760337877536403,0.0,0.0
S1 Marin without Comma (comparison only),4.4,models,all,77,0.6363636363636364,0.16650295286395933,0.0,0.0
S1 Marin without Comma (comparison only),4.4,models,2023,24,0.2916666666666667,0.047117376792398226,0.0,0.0
S1 Marin without Comma (comparison only),4.4,models,2024,40,0.8,0.10437892807270924,0.0,0.0
S1 Marin without Comma (comparison only),4.4,models,2025,13,0.7692307692307693,0.48646881457147517,0.0,0.0
S1 Marin without Comma (comparison only),4.4,models below 15B,all,59,0.8305084745762712,0.932560001453528,0.0,0.0
S1 Marin without Comma (comparison only),4.4,models below 15B,2023,16,0.4375,0.3682200634262048,0.0,0.0
S1 Marin without Comma (comparison only),4.4,models below 15B,2024,33,0.9696969696969697,0.9447065710987969,0.0,0.0
S1 Marin without Comma (comparison only),4.4,models below 15B,2025,10,1.0,1.0,0.0,0.0
S1 Marin without Comma (comparison only),4.4,decisions (49),all,49,0.5714285714285714,0.11015167790142898,0.0,0.0
S1 Marin without Comma (comparison only),4.4,decisions (49),2023,16,0.25,0.02386630148522716,0.0,0.0
S1 Marin without Comma (comparison only),4.4,decisions (49),2024,27,0.7777777777777778,0.04487678456326096,0.0,0.0
S1 Marin without Comma (comparison only),4.4,decisions (49),2025,6,0.5,0.42637120327361794,0.0,0.0
S1 Marin without Comma (comparison only),4.4,decisions (56),all,56,0.5714285714285714,0.1141970463976525,0.0,0.0
S1 Marin without Comma (comparison only),4.4,decisions (56),2023,19,0.21052631578947367,0.023866301485227163,0.0,0.0
S1 Marin without Comma (comparison only),4.4,decisions (56),2024,30,0.8,0.0499251142341767,0.0,0.0
S1 Marin without Comma (comparison only),4.4,decisions (56),2025,7,0.5714285714285714,0.42760337877536403,0.0,0.0
S1 Marin without Comma (comparison only),8.0,models,all,77,0.4935064935064935,0.1522814893204885,0.0,0.0
S1 Marin without Comma (comparison only),8.0,models,2023,24,0.08333333333333333,0.01013779009171165,0.0,0.0
S1 Marin without Comma (comparison only),8.0,models,2024,40,0.65,0.0896404152656109,0.0,0.0
S1 Marin without Comma (comparison only),8.0,models,2025,13,0.7692307692307693,0.48646881457147517,0.0,0.0
S1 Marin without Comma (comparison only),8.0,models below 15B,all,59,0.6440677966101694,0.8529075518443823,0.0,0.0
S1 Marin without Comma (comparison only),8.0,models below 15B,2023,16,0.125,0.07922634842383404,0.0,0.0
S1 Marin without Comma (comparison only),8.0,models below 15B,2024,33,0.7878787878787878,0.8113121192282949,0.0,0.0
S1 Marin without Comma (comparison only),8.0,models below 15B,2025,10,1.0,1.0,0.0,0.0
S1 Marin without Comma (comparison only),8.0,decisions (49),all,49,0.42857142857142855,0.0986153471978411,0.0,0.0
S1 Marin without Comma (comparison only),8.0,decisions (49),2023,16,0.125,0.01013779009171165,0.0,0.0
S1 Marin without Comma (comparison only),8.0,decisions (49),2024,27,0.5925925925925926,0.03083626345190579,0.0,0.0
S1 Marin without Comma (comparison only),8.0,decisions (49),2025,6,0.5,0.42637120327361794,0.0,0.0
S1 Marin without Comma (comparison only),8.0,decisions (56),all,56,0.44642857142857145,0.10304016470764767,0.0,0.0
S1 Marin without Comma (comparison only),8.0,decisions (56),2023,19,0.10526315789473684,0.01013779009171165,0.0,0.0
S1 Marin without Comma (comparison only),8.0,decisions (56),2024,30,0.6333333333333333,0.036397412732004315,0.0,0.0
S1 Marin without Comma (comparison only),8.0,decisions (56),2025,7,0.5714285714285714,0.42760337877536403,0.0,0.0
S1 Marin without Comma (comparison only),10.0,models,all,77,0.4805194805194805,0.14904936935564614,0.0,0.0
S1 Marin without Comma (comparison only),10.0,models,2023,24,0.08333333333333333,0.01013779009171165,0.0,0.0
S1 Marin without Comma (comparison only),10.0,models,2024,40,0.625,0.08521004931701341,0.0,0.0
S1 Marin without Comma (comparison only),10.0,models,2025,13,0.7692307692307693,0.48646881457147517,0.0,0.0
S1 Marin without Comma (comparison only),10.0,models below 15B,all,59,0.6271186440677966,0.8348048951210865,0.0,0.0
S1 Marin without Comma (comparison only),10.0,models below 15B,2023,16,0.125,0.07922634842383404,0.0,0.0
S1 Marin without Comma (comparison only),10.0,models below 15B,2024,33,0.7575757575757576,0.7712140275799798,0.0,0.0
S1 Marin without Comma (comparison only),10.0,models below 15B,2025,10,1.0,1.0,0.0,0.0
S1 Marin without Comma (comparison only),10.0,decisions (49),all,49,0.40816326530612246,0.09538322723299875,0.0,0.0
S1 Marin without Comma (comparison only),10.0,decisions (49),2023,16,0.125,0.01013779009171165,0.0,0.0
S1 Marin without Comma (comparison only),10.0,decisions (49),2024,27,0.5555555555555556,0.02640820063796071,0.0,0.0
S1 Marin without Comma (comparison only),10.0,decisions (49),2025,6,0.5,0.42637120327361794,0.0,0.0
S1 Marin without Comma (comparison only),10.0,decisions (56),all,56,0.42857142857142855,0.0998080447428053,0.0,0.0
S1 Marin without Comma (comparison only),10.0,decisions (56),2023,19,0.10526315789473684,0.01013779009171165,0.0,0.0
S1 Marin without Comma (comparison only),10.0,decisions (56),2024,30,0.6,0.03196704678340683,0.0,0.0
S1 Marin without Comma (comparison only),10.0,decisions (56),2025,7,0.5714285714285714,0.42760337877536403,0.0,0.0
