model,epoch_model,org,org_cat,country,date,open_weights,accessibility,arch,moe,N_total,N_active,N,D,D_src,D_flag,D_epoch,epochs,C_epoch,C_method,confidence,C_D_ratio,D_C_mismatch,code,distilled,notable,frontier,hf_dev,core,in_B,M,C6,sample
Nemotron 3.5 Lightning,Nemotron 3.5 Lightning,Nvidia,Industry,United States of America,2026-08-11,True,Open weights (unrestricted),moe,True,30000000000.0,3000000000.0,3000000000.0,20000000000000.0,Epoch dataset size x epochs,,20000000000000.0,,,,Speculative,,False,False,False,False,False,nvidia,False,False,6666.666666666667,3.6e+23,A
LongCat-2.0,LongCat-2.0,Meituan Inc,Industry,China,2026-06-29,True,Open weights (unrestricted),moe,True,1600000000000.0,48000000000.0,48000000000.0,35000000000000.0,Epoch dataset size x epochs,,35000000000000.0,,1.008e+25,,Likely,1.0,False,False,False,True,False,meituan-longcat,True,False,729.1666666666666,1.008e+25,A
Ring-2.6-1T,Ring-2.6-1T,Ant Group,Industry,China,2026-05-14,True,Open weights (unrestricted),moe,True,1000000000000.0,63000000000.0,63000000000.0,9600000000000.0,Epoch dataset size x epochs,,9600000000000.0,,,,Speculative,,False,False,False,False,False,inclusionAI,False,False,152.38095238095238,3.6288e+24,A
Granite 4.1 30B,Granite 4.1 30B,IBM,Industry,United States of America,2026-04-29,True,Open weights (unrestricted),dense,False,30000000000.0,30000000000.0,30000000000.0,15034952533333.0,Epoch dataset size x epochs,,15034952533333.0,,2.7e+24,,Likely,0.9976752481755091,False,False,False,False,False,ibm-granite,True,False,501.1650844444333,2.70629145599994e+24,A
Granite 4.1 8B,Granite 4.1 8B,IBM,Industry,United States of America,2026-04-29,True,Open weights (unrestricted),dense,False,8000000000.0,8000000000.0,8000000000.0,15034952533333.0,Epoch dataset size x epochs,,15034952533333.0,,7.2e+23,,Likely,0.997675248175509,False,False,False,False,False,ibm-granite,True,False,1879.369066666625,7.21677721599984e+23,A
MiMo-V2.5-Pro,MiMo-V2.5-Pro,Xiaomi Corp,Industry,China,2026-04-23,True,Open weights (unrestricted),moe,True,1020000000000.0,42000000000.0,42000000000.0,27000000000000.0,Epoch dataset size x epochs,,27000000000000.0,,6.804e+24,,Likely,1.0,False,False,False,True,False,,True,False,642.8571428571429,6.804e+24,A
Solar Open 100B,Solar Open 100B,Upstage,Industry,South Korea,2025-12-31,True,Open weights (restricted use),moe,True,102000000000.0,12000000000.0,12000000000.0,19700000000000.0,Epoch dataset size x epochs,,19700000000000.0,,1.3999999999999998e+24,,Confident,0.9870276367738295,False,False,False,True,False,,True,False,1641.6666666666667,1.4184e+24,A
K-EXAONE,K-EXAONE,LG AI Research,Industry,South Korea,2025-12-31,True,Open weights (restricted use),moe,True,236000000000.0,23000000000.0,23000000000.0,11000000000000.0,Epoch dataset size x epochs,,11000000000000.0,1.0,1.52e+24,,Confident,1.0013175230566533,False,False,False,True,False,,True,False,478.2608695652174,1.518e+24,A
Olmo 3,Olmo 3,Allen Institute for AI,Research collective,United States of America,2025-11-20,True,Open weights (unrestricted),dense,False,32000000000.0,32000000000.0,32000000000.0,5500000000000.0,Epoch dataset size x epochs,,5500000000000.0,1.0,1.0999999999999999e+24,,Confident,1.0416666666666665,False,False,False,True,False,,True,True,171.875,1.056e+24,A
Kimi Linear,Kimi Linear,Moonshot,Industry,China,2025-10-30,True,Open weights (unrestricted),moe,True,48000000000.0,3000000000.0,3000000000.0,5700000000000.0,Epoch dataset size x epochs,,5700000000000.0,,1.026e+23,Operation counting,Confident,1.0,False,False,False,False,False,moonshotai,True,False,1900.0,1.026e+23,A
Ling-1T,Ling-1T,Ant Group,Industry,China,2025-10-10,True,Open weights (unrestricted),moe,True,1000000000000.0,50000000000.0,50000000000.0,20000000000000.0,Epoch dataset size x epochs,,20000000000000.0,,6.000001e+24,Operation counting,Confident,1.0000001666666667,False,False,False,True,False,inclusionAI,True,False,400.0,6e+24,A
Granite-4.0-H-Tiny,Granite-4.0-H-Tiny,IBM,Industry,United States of America,2025-10-02,True,Open weights (unrestricted),moe,True,7000000000.0,1000000000.0,1000000000.0,22500000000000.0,Epoch C/(6N) (operation counting),D from compute,,,1.35e+23,Operation counting,Confident,1.0,False,False,False,False,False,ibm-granite,True,False,22500.0,1.35e+23,A
Granite-4.0-H-Micro,Granite-4.0-H-Micro,IBM,Industry,United States of America,2025-10-02,True,Open weights (unrestricted),ssm/hybrid,False,3000000000.0,3000000000.0,3000000000.0,17500000000000.002,Epoch C/(6N) (operation counting),D from compute,,,3.15e+23,Operation counting,Confident,1.0,False,False,False,False,False,ibm-granite,True,False,5833.333333333334,3.15e+23,A
Granite-4.0-H-Small,Granite-4.0-H-Small,IBM,Industry,United States of America,2025-10-02,True,Open weights (unrestricted),moe,True,32000000000.0,9000000000.0,9000000000.0,22500000000000.004,Epoch C/(6N) (operation counting),D from compute,,,1.215e+24,Operation counting,Confident,1.0,False,False,False,False,False,ibm-granite,True,False,2500.0000000000005,1.215e+24,A
Qwen3-Next-80B-A3B,Qwen3-Next-80B-A3B,Alibaba,Industry,China,2025-09-10,True,Open weights (unrestricted),moe,True,80000000000.0,3000000000.0,3000000000.0,15000000000000.0,Epoch dataset size x epochs,,15000000000000.0,,2.7e+23,Operation counting,Confident,1.0,False,False,False,False,False,Qwen,True,False,5000.0,2.7e+23,A
Ling-mini-base-2.0-20T,Ling-mini-base-2.0-20T,Ant Group,Industry,China,2025-09-10,True,Open weights (unrestricted),moe,True,16000000000.0,1400000000.0,1400000000.0,20000000000000.0,Epoch dataset size x epochs,,20000000000000.0,,1.68e+23,Operation counting,Confident,1.0,False,False,False,False,False,inclusionAI,True,False,14285.714285714286,1.68e+23,A
Ling-flash-base-2.0-20T,Ling-flash-base-2.0-20T,Ant Group,Industry,China,2025-09-10,True,Open weights (unrestricted),moe,True,100000000000.0,6100000000.0,6100000000.0,20000000000000.0,Epoch dataset size x epochs,,20000000000000.0,,7.32e+23,Operation counting,Confident,1.0,False,False,False,False,False,inclusionAI,True,False,3278.688524590164,7.32e+23,A
Apertus 70B,Apertus 70B,"ETH Zurich,Ecole Polytechnique F´ed´erale de Lausanne (EPFL),Swiss National Supercomputing Centre (CSCS),Swisscom","Academia,Academia,Academia,Industry","Switzerland,Switzerland,Switzerland,Switzerland",2025-09-02,True,Open weights (unrestricted),dense,False,70000000000.0,70000000000.0,70000000000.0,15000000000000.0,Epoch dataset size x epochs,,15000000000000.0,,6.74e+24,"Reported,Operation counting,Hardware",Confident,1.0698412698412698,False,False,False,False,False,swiss-ai,True,True,214.28571428571428,6.3e+24,A
LongCat-Flash,LongCat-Flash,Meituan Inc,Industry,China,2025-09-01,True,Open weights (unrestricted),moe,True,560000000000.0,27000000000.0,27000000000.0,23000000000000.0,Epoch dataset size x epochs,,23000000000000.0,,3.726e+24,Operation counting,Likely,1.0,False,False,False,True,False,meituan-longcat,True,False,851.8518518518518,3.726e+24,A
Teuken 7B,Teuken 7B,"OpenGPT-X,Fraunhofer Institute for Algorithms and Scientific Computing,Forschungszentrum Julich,Technische Universität Dresden","Government,Academia,Government,Academia","Germany,Germany,Germany,Germany",2025-08-21,True,Open weights (non-commercial),dense,False,7000000000.0,7000000000.0,7000000000.0,4000000000000.0,Epoch dataset size x epochs,,4000000000000.0,,2.1444092e+23,"Operation counting,Hardware",Confident,1.2764340476190477,False,False,False,False,False,openGPT-X,True,False,571.4285714285714,1.68e+23,A
NVIDIA-Nemotron-Nano-9B-v2,NVIDIA-Nemotron-Nano-9B-v2,Nvidia,Industry,United States of America,2025-08-18,True,Open weights (restricted use),dense,False,9000000000.0,9000000000.0,9000000000.0,21100000000000.0,Epoch dataset size x epochs,,21100000000000.0,,1.53e+24,"Reported,Operation counting",Confident,1.3428120063191153,False,False,False,False,False,nvidia,True,False,2344.4444444444443,1.1394e+24,A
NVIDIA-Nemotron-Nano-12B-v2,NVIDIA-Nemotron-Nano-12B-v2,Nvidia,Industry,United States of America,2025-08-18,True,Open weights (restricted use),dense,False,12000000000.0,12000000000.0,12000000000.0,21100000000000.0,Epoch dataset size x epochs,,21100000000000.0,,1.5192e+24,Operation counting,Confident,1.0,False,False,False,False,False,nvidia,True,False,1758.3333333333333,1.5192e+24,A
Gemma 3 270M,Gemma 3 270M,Google DeepMind,Industry,United States of America,2025-08-14,True,Open weights (restricted use),dense,False,270000000.0,270000000.0,270000000.0,6000000000000.0,Epoch dataset size x epochs,,6000000000000.0,,9.72e+21,Operation counting,Confident,1.0,False,False,False,False,False,google,True,True,22222.222222222223,9.72e+21,A
Tri-21B,Tri-21B,Trillion Labs,Industry,South Korea,2025-08-01,True,Open weights (restricted use),dense,False,20730000000.0,20730000000.0,20730000000.0,2300000000000.0,Epoch dataset size x epochs,,2300000000000.0,,2.95e+23,"Reported,Operation counting",Confident,1.0312017170382488,False,False,False,False,False,trillionlabs,True,False,110.95031355523396,2.86074e+23,A
GLM-4.5,GLM-4.5,"Z.ai (Zhipu AI),Tsinghua University","Industry,Academia","China,China",2025-07-28,True,Open weights (unrestricted),moe,True,355000000000.0,32000000000.0,32000000000.0,23100000000000.0,Epoch dataset size x epochs,,23100000000000.0,,4.42e+24,Operation counting,Confident,0.9965728715728716,False,False,False,True,False,zai-org,True,True,721.875,4.4352e+24,A
Qwen3-Coder-480B-A35B,Qwen3-Coder-480B-A35B,Alibaba,Industry,China,2025-07-22,True,Open weights (unrestricted),moe,True,480000000000.0,35000000000.0,35000000000.0,7500000000000.0,Epoch dataset size x epochs,,7500000000000.0,,1.575e+24,Operation counting,Confident,1.0,False,True,False,True,False,Qwen,False,False,214.28571428571428,1.575e+24,A
EXAONE 4.0 (32B),EXAONE 4.0 (32B),LG AI Research,Industry,South Korea,2025-07-15,True,Open weights (non-commercial),dense,False,32000000000.0,32000000000.0,32000000000.0,14000000000000.0,Epoch dataset size x epochs,,14000000000000.0,,2.69000000000001e+24,Reported,Confident,1.0007440476190514,False,False,False,True,False,LGAI-EXAONE,True,False,437.5,2.688e+24,A
EXAONE 4.0 (1.2B),EXAONE 4.0 (1.2B),LG AI Research,Industry,South Korea,2025-07-15,True,Open weights (non-commercial),dense,False,1200000000.0,1200000000.0,1200000000.0,12000000000000.0,Epoch dataset size x epochs,,12000000000000.0,,8.65e+22,Reported,Confident,1.0011574074074074,False,False,False,False,False,LGAI-EXAONE,True,False,10000.0,8.64e+22,A
Kimi K2,Kimi K2,Moonshot,Industry,China,2025-07-11,True,Open weights (restricted use),moe,True,1000000000000.0,32000000000.0,32000000000.0,15500000000000.0,Epoch dataset size x epochs,,15500000000000.0,,2.976e+24,Operation counting,Confident,1.0,False,False,False,True,False,moonshotai,True,True,484.375,2.976e+24,A
dots.llm1,dots.llm1,Rednote,Industry,China,2025-07-06,True,Open weights (unrestricted),moe,True,142000000000.0,17897916666.666668,17897916666.666668,11328000000000.0,Epoch dataset size x epochs,,11328000000000.0,,1.2164856e+24,"Hardware,Operation counting",Confident,1.0,False,False,False,False,False,rednote-hilab,True,False,632.9228262134792,1.2164856e+24,A
MiMo-7B-Base,MiMo-7B-Base,Xiaomi Corp,Industry,China,2025-06-05,True,Open weights (unrestricted),dense,False,7000000000.0,7000000000.0,7000000000.0,25000000000000.0,Epoch dataset size x epochs,,25000000000000.0,,1.05e+24,Operation counting,Confident,1.0,False,False,False,False,False,XiaomiMiMo,True,False,3571.4285714285716,1.05e+24,A
Seed-Coder,Seed-Coder,ByteDance,Industry,China,2025-06-04,True,Open weights (unrestricted),dense,False,8200000000.0,8200000000.0,8200000000.0,6000000000000.0,Epoch dataset size x epochs,,6000000000000.0,,2.952e+23,,Confident,1.0,False,True,False,False,False,ByteDance-Seed,False,False,731.7073170731708,2.952e+23,A
Pangu Pro MoE,Pangu Pro MoE,Huawei,Industry,China,2025-05-28,True,Open weights (unrestricted),moe,True,71990000000.0,16500000000.0,16500000000.0,13000000000000.0,Epoch dataset size x epochs,,13000000000000.0,,1.287e+24,Operation counting,Confident,1.0,False,False,False,False,False,,True,False,787.8787878787879,1.287e+24,A
Falcon-H1,Falcon-H1,Technology Innovation Institute,Government,United Arab Emirates,2025-05-21,True,Open weights (unrestricted),ssm/hybrid,False,34000000000.0,34000000000.0,34000000000.0,18000000000000.0,Epoch dataset size x epochs,,18000000000000.0,,3.672e+24,Operation counting,Confident,1.0,False,False,False,False,False,tiiuae,True,False,529.4117647058823,3.672e+24,A
Marin 8B,Marin 8B,Marin,Research collective,United States of America,2025-05-19,True,Open weights (unrestricted),dense,False,8000000000.0,8000000000.0,8000000000.0,12750000000000.0,Epoch C/(6N) (operation counting),D from compute,,,6.12e+23,Operation counting,Confident,1.0,False,False,False,False,False,marin-community,True,True,1593.75,6.12e+23,A
Qwen3-235B-A22B,Qwen3-235B-A22B,Alibaba,Industry,China,2025-04-29,True,Open weights (unrestricted),moe,True,235000000000.0,22000000000.0,22000000000.0,36000000000000.0,Epoch dataset size x epochs,,36000000000000.0,1.0,4.752e+24,Operation counting,Likely,1.0,False,False,False,True,False,Qwen,True,True,1636.3636363636363,4.752e+24,A
Qwen3-30B-A3B,Qwen3-30B-A3B,Alibaba,Industry,China,2025-04-29,True,Open weights (unrestricted),moe,True,30000000000.0,3000000000.0,3000000000.0,36000000000000.0,Epoch C/(6N) (operation counting),D from compute,,1.0,6.48e+23,Operation counting,Likely,1.0,False,False,False,False,False,Qwen,True,True,12000.0,6.48e+23,A
Qwen3-32B,Qwen3-32B,Alibaba,Industry,China,2025-04-29,True,Open weights (unrestricted),dense,False,32800000000.0,32800000000.0,32800000000.0,36000000000000.0,Epoch C/(6N) (operation counting),D from compute,,1.0,7.0848e+24,Operation counting,Confident,1.0,False,False,False,False,False,Qwen,True,True,1097.560975609756,7.0848e+24,A
Qwen3-14B,Qwen3-14B,Alibaba,Industry,China,2025-04-29,True,Open weights (unrestricted),dense,False,14800000000.0,14800000000.0,14800000000.0,36000000000000.0,Epoch C/(6N) (operation counting),D from compute,,1.0,3.1968e+24,Operation counting,Confident,1.0,False,False,False,False,False,Qwen,True,True,2432.4324324324325,3.1968e+24,A
Qwen3-8B,Qwen3-8B,Alibaba,Industry,China,2025-04-29,True,Open weights (unrestricted),dense,False,8200000000.0,8200000000.0,8200000000.0,36000000000000.0,Epoch C/(6N) (operation counting),D from compute,,1.0,1.7712e+24,Operation counting,Confident,1.0,False,False,False,False,False,Qwen,True,True,4390.243902439024,1.7712e+24,A
Qwen3-4B,Qwen3-4B,Alibaba,Industry,China,2025-04-29,True,Open weights (unrestricted),dense,False,4000000000.0,4000000000.0,4000000000.0,36000000000000.0,Epoch C/(6N) (operation counting),D from compute,,1.0,8.64e+23,Operation counting,Confident,1.0,False,False,False,False,False,Qwen,True,True,9000.0,8.64e+23,A
Qwen3-1.7B,Qwen3-1.7B,Alibaba,Industry,China,2025-04-29,True,Open weights (unrestricted),dense,False,1700000000.0,1700000000.0,1700000000.0,36000000000000.0,Epoch C/(6N) (operation counting),D from compute,,1.0,3.672e+23,Operation counting,Confident,1.0,False,False,False,False,False,Qwen,True,True,21176.470588235294,3.672e+23,A
MamayLM,MamayLM,"INSAIT,ETH Zurich","Academia,Academia","Bulgaria,Switzerland",2025-04-23,True,Open weights (unrestricted),dense,False,9000000000.0,9000000000.0,9000000000.0,8075000000000.0,Epoch dataset size x epochs,,8075000000000.0,,4.36e+23,,Likely,0.9998853342506593,False,False,False,False,False,,True,False,897.2222222222222,4.3605e+23,A
Trillion-7B,Trillion-7B,Trillion Labs,Industry,South Korea,2025-04-21,True,Open weights (unrestricted),dense,False,7000000000.0,7000000000.0,7000000000.0,2000000000000.0,Epoch dataset size x epochs,,2000000000000.0,,9.3e+22,"Reported,Operation counting,Hardware",Confident,1.1071428571428572,False,False,False,False,False,rillionlabs,True,False,285.7142857142857,8.4e+22,A
Demist-2,Demist-2,Darktrace,Industry,United Kingdom,2025-04-17,False,Hosted access (no API),dense,False,95000000.0,95000000.0,95000000.0,631800000000.0,Epoch dataset size x epochs,,631800000000.0,1.8,4.579186e+20,"Operation counting,Hardware",Confident,1.271551068237228,False,False,False,False,False,,False,False,6650.526315789473,3.60126e+20,A
Nemotron-H 8B,Nemotron-H 8B,Nvidia,Industry,United States of America,2025-04-14,True,Open weights (non-commercial),ssm/hybrid,False,8000000000.0,8000000000.0,8000000000.0,15000000000000.0,Epoch C/(6N) (operation counting),D from compute,,1.0,7.2e+23,Operation counting,Confident,1.0,False,False,False,False,False,nvidia,True,False,1875.0,7.2e+23,A
Nemotron-H 56B,Nemotron-H 56B,Nvidia,Industry,United States of America,2025-04-14,True,Open weights (non-commercial),ssm/hybrid,False,56000000000.0,56000000000.0,56000000000.0,20000000000000.0,Epoch C/(6N) (operation counting),D from compute,,1.0,6.72e+24,Operation counting,Confident,1.0,False,False,False,False,False,nvidia,True,False,357.14285714285717,6.72e+24,A
GLM-4-9B-0414,GLM-4-9B-0414,Tsinghua University,Academia,China,2025-04-14,True,Open weights (unrestricted),dense,False,9000000000.0,9000000000.0,9000000000.0,15000000000000.0,Epoch C/(6N) (operation counting),D from compute,,,8.1e+23,Operation counting,Likely,1.0,False,False,False,False,False,THUDM,True,False,1666.6666666666667,8.1e+23,A
GLM-4-32B-0414,GLM-4-32B-0414,"Z.ai (Zhipu AI),Tsinghua University","Industry,Academia","China,China",2025-04-14,True,Open weights (unrestricted),dense,False,32000000000.0,32000000000.0,32000000000.0,15000000000000.0,Epoch dataset size x epochs,,15000000000000.0,,2.88e+24,Operation counting,Confident,1.0,False,False,False,False,False,zai-org,True,False,468.75,2.88e+24,A
Pangu Ultra,Pangu Ultra,Huawei,Industry,China,2025-04-10,False,Hosted access (no API),dense,False,135000000000.0,135000000000.0,135000000000.0,13200000000000.0,Epoch dataset size x epochs,,13200000000000.0,,1.0692e+25,"Operation counting,Comparison with other models",Confident,1.0,False,False,False,True,False,,True,False,97.77777777777777,1.0692e+25,A
OLMo 2 32B,OLMo 2 32B,Allen Institute for AI,Research collective,United States of America,2025-03-13,True,Open weights (unrestricted),dense,False,32000000000.0,32000000000.0,32000000000.0,6000000000000.0,Epoch dataset size x epochs,,6000000000000.0,1.5,1.3e+24,Reported,Confident,1.128472222222222,False,False,False,False,False,allenai,True,True,187.5,1.152e+24,A
Hunyuan-TurboS,Hunyuan-TurboS,Tencent,Industry,China,2025-03-11,False,API access,moe,True,560000000000.0,56000000000.0,56000000000.0,16000000000000.0,Epoch dataset size x epochs,,16000000000000.0,,5.4e+24,,Confident,1.0044642857142858,False,False,False,True,False,,True,False,285.7142857142857,5.376e+24,A
"Ling-lite-1.5 (""Bailing"")","Ling-lite-1.5 (""Bailing"")",Ant Group,Industry,China,2025-03-10,True,Open weights (unrestricted),moe,True,16800000000.0,2750000000.0,2750000000.0,9000000000000.0,Epoch dataset size x epochs,,9000000000000.0,,1.485e+23,Operation counting,Confident,1.0,False,False,False,False,False,inclusionAI,True,False,3272.7272727272725,1.485e+23,A
"Ling-Plus (""Bailing"")","Ling-Plus (""Bailing"")",Ant Group,Industry,China,2025-03-10,True,Open weights (unrestricted),moe,True,290000000000.0,28800000000.0,28800000000.0,9000000000000.0,Epoch dataset size x epochs,,9000000000000.0,,1.5552e+24,Operation counting,Confident,1.0,False,False,False,False,False,inclusionAI,True,False,312.5,1.5552e+24,A
Phi-4 Mini,Phi-4 Mini,Microsoft,Industry,United States of America,2025-03-03,True,Open weights (unrestricted),dense,False,3800000000.0,3800000000.0,3800000000.0,5000000000000.0,Epoch dataset size x epochs,,5000000000000.0,,9.9561596e+22,"Operation counting,Hardware",Confident,0.8733473333333334,False,False,False,False,False,microsoft,True,True,1315.7894736842106,1.14e+23,A
YandexGPT 5 Lite,YandexGPT 5 Lite,Yandex,Industry,Russia,2025-02-25,True,Open weights (restricted use),dense,False,8000000000.0,8000000000.0,8000000000.0,15320000000000.0,Epoch dataset size x epochs,,15320000000000.0,,7.3536e+23,Operation counting,Confident,1.0,False,False,False,False,False,yandex,True,False,1915.0,7.3536e+23,A
Step-1,Step-1,StepFun,Industry,China,2025-02-18,False,Unreleased,dense,False,130000000000.0,130000000000.0,130000000000.0,800000000000.0,Epoch dataset size x epochs,,800000000000.0,,6.24e+23,Operation counting,Confident,1.0,False,False,False,False,False,,True,False,6.153846153846154,6.24e+23,A
Mistral Small 3,Mistral Small 3,Mistral AI,Industry,France,2025-01-30,True,Open weights (unrestricted),dense,False,24000000000.0,24000000000.0,24000000000.0,8000000000000.0,Epoch dataset size x epochs,,8000000000000.0,,1.152e+24,Operation counting,Confident,1.0,False,False,False,False,False,mistralai,True,False,333.3333333333333,1.152e+24,A
MiniMax-Text-01,MiniMax-Text-01,MiniMax,Industry,China,2025-01-14,True,Open weights (restricted use),moe,True,456000000000.0,45900000000.0,45900000000.0,7200000000000.0,Epoch dataset size x epochs,,7200000000000.0,,3.1417632e+24,Operation counting,Likely,1.5844444444444445,True,False,False,False,False,MiniMaxAI,True,False,156.86274509803923,1.98288e+24,A
OLMo 2 Furious 7B,OLMo 2 Furious 7B,"Allen Institute for AI,University of Washington,New York University (NYU)","Research collective,Academia,Academia","United States of America,United States of America,United States of America",2024-12-31,True,Open weights (unrestricted),dense,False,7000000000.0,7000000000.0,7000000000.0,4285714285714.2856,Epoch C/(6N) (operation counting),D from compute,,1.0,1.8e+23,"Reported,Operation counting",Confident,1.0,False,False,False,False,False,allenai,True,True,612.2448979591836,1.8e+23,A
OLMo 2 Furious 13B,OLMo 2 Furious 13B,"Allen Institute for AI,University of Washington,New York University (NYU)","Research collective,Academia,Academia","United States of America,United States of America,United States of America",2024-12-31,True,Open weights (unrestricted),dense,False,13000000000.0,13000000000.0,13000000000.0,5897435897435.897,Epoch C/(6N) (operation counting),D from compute,,1.2,4.6e+23,"Reported,Operation counting",Confident,1.0,False,False,False,False,False,allenai,True,True,453.6489151873767,4.6e+23,A
DeepSeek-V3,DeepSeek-V3,DeepSeek,Industry,China,2024-12-24,True,Open weights (restricted use),moe,True,671000000000.0,37000000000.0,37000000000.0,14800000000000.0,Epoch dataset size x epochs,,14800000000000.0,,3.3e+24,"Operation counting,Hardware",Confident,1.004382761139518,False,False,False,True,False,deepseek-ai,True,True,400.0,3.2856e+24,A
Falcon3-7B,Falcon3-7B,Technology Innovation Institute,Government,United Arab Emirates,2024-12-17,True,Open weights (unrestricted),dense,False,7000000000.0,7000000000.0,7000000000.0,14000000000000.0,Epoch dataset size x epochs,,14000000000000.0,,5.88e+23,Operation counting,Confident,1.0,False,False,False,False,False,tiiuae,True,True,2000.0,5.88e+23,A
Phi-4,Phi-4,Microsoft Research,Industry,United States of America,2024-12-12,True,Open weights (unrestricted),dense,False,14000000000.0,14000000000.0,14000000000.0,11095477976190.477,Epoch C/(6N) (operation counting),D from compute,,,9.3202015e+23,"Operation counting,Hardware",Confident,1.0,False,False,False,False,False,microsoft,True,True,792.5341411564626,9.3202015e+23,A
EXAONE 3.5 2.4B,EXAONE 3.5 2.4B,LG AI Research,Industry,South Korea,2024-12-09,True,Open weights (non-commercial),dense,False,2400000000.0,2400000000.0,2400000000.0,6500000000000.0,Epoch dataset size x epochs,,6500000000000.0,,9.36e+22,Reported,Confident,1.0,False,False,False,False,False,LGAI-EXAONE,True,False,2708.3333333333335,9.36e+22,A
EXAONE 3.5 7.8B,EXAONE 3.5 7.8B,LG AI Research,Industry,South Korea,2024-12-09,True,Open weights (non-commercial),dense,False,7800000000.0,7800000000.0,7800000000.0,9000000000000.0,Epoch dataset size x epochs,,9000000000000.0,,4.21e+23,Reported,Confident,0.9995251661918327,False,False,False,False,False,LGAI-EXAONE,True,False,1153.8461538461538,4.212e+23,A
EXAONE 3.5 32B,EXAONE 3.5 32B,LG AI Research,Industry,South Korea,2024-12-09,True,Open weights (non-commercial),dense,False,32000000000.0,32000000000.0,32000000000.0,6500000000000.0,Epoch dataset size x epochs,,6500000000000.0,,1.25e+24,Reported,Confident,1.001602564102564,False,False,False,True,False,LGAI-EXAONE,True,False,203.125,1.248e+24,A
Pleias 1.0 350m,Pleias 1.0 350m,PleIAs,Industry,France,2024-12-05,True,Open weights (unrestricted),dense,False,350000000.0,350000000.0,350000000.0,1275665809523.8096,Epoch C/(6N) (operation counting),D from compute,,1.0,2.6788982e+21,"Hardware,Operation counting",Confident,1.0,False,False,False,False,False,PleIAs,True,False,3644.759455782313,2.6788982e+21,A
Pleias 1.0 1.2B,Pleias 1.0 1.2B,PleIAs,Industry,France,2024-12-05,True,Open weights (unrestricted),dense,False,1200000000.0,1200000000.0,1200000000.0,4134831527777.778,Epoch C/(6N) (operation counting),D from compute,,3.0,2.9770787e+22,"Hardware,Operation counting",Confident,1.0,False,False,False,False,False,PleIAs,True,False,3445.692939814815,2.9770787e+22,A
INTELLECT-1,INTELLECT-1,"Prime Intellect,Hugging Face,Arcee AI","Industry,Industry,Industry","United States of America,United States of America,United States of America",2024-11-29,False,nan,dense,False,10000000000.0,10000000000.0,10000000000.0,1000000000000.0,Epoch dataset size x epochs,,1000000000000.0,,6.000001e+22,Operation counting,Confident,1.0000001666666667,False,False,False,False,False,,True,False,100.0,6e+22,A
Hymba,Hymba,Nvidia,Industry,United States of America,2024-11-22,True,Open weights (unrestricted),ssm/hybrid,False,1500000000.0,1500000000.0,1500000000.0,1500000000000.0,Epoch dataset size x epochs,,1500000000000.0,,1.35e+22,Operation counting,Confident,1.0,False,False,False,False,False,nvidia,True,False,1000.0,1.35e+22,A
Qwen2.5-Coder (32B),Qwen2.5-Coder (32B),Alibaba,Industry,China,2024-11-12,True,Open weights (unrestricted),dense,False,32500000000.0,32500000000.0,32500000000.0,5500000000000.0,Epoch C/(6N) (operation counting),D from compute,,1.0,1.0725e+24,Operation counting,Confident,1.0,False,True,False,False,False,Qwen,False,False,169.23076923076923,1.0725e+24,A
Hunyuan-Large,Hunyuan-Large,Tencent,Industry,China,2024-11-06,True,Open weights (restricted use),moe,True,389000000000.0,52000000000.0,52000000000.0,7000000000000.0,Epoch dataset size x epochs,,7000000000000.0,,3.49237e+24,Operation counting,Confident,1.5990705128205127,True,False,False,True,False,,True,False,134.6153846153846,2.184e+24,A
Granite 3.0 8B,Granite 3.0 8B,IBM,Industry,United States of America,2024-10-21,True,Open weights (unrestricted),dense,False,8100000000.0,8100000000.0,8100000000.0,12000000000000.0,Epoch dataset size x epochs,,12000000000000.0,,5.832e+23,"Operation counting,Hardware",Confident,1.0,False,False,False,False,False,ibm-granite,True,True,1481.4814814814815,5.832e+23,A
Granite 3.0 2B,Granite 3.0 2B,IBM,Industry,United States of America,2024-10-21,True,Open weights (unrestricted),dense,False,2500000000.0,2500000000.0,2500000000.0,12000000000000.0,Epoch dataset size x epochs,,12000000000000.0,,1.8e+23,"Operation counting,Hardware",Confident,1.0,False,False,False,False,False,ibm-granite,True,True,4800.0,1.8e+23,A
RWKV-5 (Eagle) 7B,RWKV-5 (Eagle) 7B,"RWKV Foundation,EleutherAI,Ohio State University,University of California Santa Barbara (UCSB),Wroclaw Tech (Wrocław University of Science and Technology),Guangdong Laboratory of Artificial Intelligence and Digital Economy (Pazhou Lab),New York University (NYU),Harvard University,Contextual AI,University of Chinese Academy of Sciences,University of California Santa Cruz,Tsinghua University,University of Edinburgh,University of British Columbia (UBC),Pennsylvania State University","Research collective,Research collective,Academia,Academia,Government,Academia,Academia,Industry,Academia,Academia,Academia,Academia,Academia,Academia","Multinational,United States of America,United States of America,United States of America,Poland,China,United States of America,United States of America,United States of America,China,United States of America,China,United Kingdom,Canada,United States of America",2024-09-26,True,Open weights (unrestricted),ssm/hybrid,False,7520000000.0,7520000000.0,7520000000.0,1104388297872.3406,Epoch C/(6N) (operation counting),D from compute,,,4.983e+22,Operation counting,Confident,1.0,False,False,False,False,False,,True,False,146.86014599366231,4.983e+22,A
RWKV-6 (Finch) 3B,RWKV-6 (Finch) 3B,"RWKV Foundation,EleutherAI,Ohio State University,University of California Santa Barbara (UCSB),Wroclaw Tech (Wrocław University of Science and Technology),Guangdong Laboratory of Artificial Intelligence and Digital Economy (Pazhou Lab),New York University (NYU),Harvard University,Contextual AI,University of Chinese Academy of Sciences,University of California Santa Cruz,Tsinghua University,University of Edinburgh,University of British Columbia (UBC),Pennsylvania State University","Research collective,Research collective,Academia,Academia,Government,Academia,Academia,Industry,Academia,Academia,Academia,Academia,Academia,Academia","Multinational,United States of America,United States of America,United States of America,Poland,China,United States of America,United States of America,United States of America,China,United States of America,China,United Kingdom,Canada,United States of America",2024-09-26,True,Open weights (unrestricted),ssm/hybrid,False,3100000000.0,3100000000.0,3100000000.0,1126021505376.344,Epoch C/(6N) (operation counting),D from compute,,,2.0944e+22,Operation counting,Confident,1.0,False,False,False,False,False,,True,False,363.23274366978836,2.0944e+22,A
Llama 3.2 1B,Llama 3.2 1B,Meta AI,Industry,United States of America,2024-09-24,True,Open weights (restricted use),dense,False,1230000000.0,1230000000.0,1230000000.0,9000000000000.0,Epoch dataset size x epochs,,9000000000000.0,,6.642e+22,"Operation counting,Hardware",Confident,1.0,False,False,False,False,False,,True,True,7317.073170731707,6.642e+22,A
Llama 3.2 3B,Llama 3.2 3B,Meta AI,Industry,United States of America,2024-09-24,True,Open weights (restricted use),dense,False,3210000000.0,3210000000.0,3210000000.0,9000000000000.0,Epoch dataset size x epochs,,9000000000000.0,,1.7334e+23,"Operation counting,Hardware",Confident,1.0,False,False,False,False,False,,True,True,2803.7383177570096,1.7334e+23,A
Telechat2-115B,Telechat2-115B,China Telecom,Industry,China,2024-09-20,True,Open weights (restricted use),dense,False,115000000000.0,115000000000.0,115000000000.0,10000000000000.0,Epoch dataset size x epochs,,10000000000000.0,1.0,6.899999999999999e+24,Operation counting,Confident,0.9999999999999999,False,False,False,True,False,Tele-AI,True,False,86.95652173913044,6.9e+24,A
Qwen2.5-72B,Qwen2.5-72B,Alibaba,Industry,China,2024-09-19,True,Open weights (unrestricted),dense,False,72700000000.0,72700000000.0,72700000000.0,18000000000000.0,Epoch dataset size x epochs,,18000000000000.0,1.0,7.8e+24,Operation counting,Confident,0.9934280910897142,False,False,False,True,False,Qwen,True,True,247.59284731774414,7.8516e+24,A
Qwen2.5-3B,Qwen2.5-3B,Alibaba,Industry,China,2024-09-19,True,Open weights (non-commercial),dense,False,3090000000.0,3090000000.0,3090000000.0,18000000000000.0,Epoch C/(6N) (operation counting),D from compute,,1.0,3.3372e+23,Operation counting,Confident,1.0,False,False,False,False,False,Qwen,True,True,5825.242718446602,3.3372e+23,A
Qwen2.5-7B,Qwen2.5-7B,Alibaba,Industry,China,2024-09-19,True,Open weights (unrestricted),dense,False,7610000000.0,7610000000.0,7610000000.0,18000000000000.0,Epoch C/(6N) (operation counting),D from compute,,1.0,8.2188e+23,Operation counting,Confident,1.0,False,False,False,False,False,Qwen,True,True,2365.3088042049935,8.2188e+23,A
Qwen2.5-1.5B,Qwen2.5-1.5B,Alibaba,Industry,China,2024-09-19,True,Open weights (unrestricted),dense,False,1540000000.0,1540000000.0,1540000000.0,18000000000000.0,Epoch C/(6N) (operation counting),D from compute,,1.0,1.6632e+23,Operation counting,Confident,1.0,False,False,False,False,False,Qwen,True,True,11688.311688311689,1.6632e+23,A
Qwen2.5-14B,Qwen2.5-14B,Alibaba,Industry,China,2024-09-19,True,Open weights (unrestricted),dense,False,14700000000.0,14700000000.0,14700000000.0,18000000000000.113,Epoch C/(6N) (operation counting),D from compute,,1.0,1.58760000000001e+24,Operation counting,Confident,1.0,False,False,False,False,False,Qwen,True,True,1224.489795918375,1.58760000000001e+24,A
Qwen2.5-Coder (7B),Qwen2.5-Coder (7B),Alibaba,Industry,China,2024-09-18,True,Open weights (unrestricted),dense,False,7610000000.0,7610000000.0,7610000000.0,5500000000000.0,Epoch C/(6N) (operation counting),D from compute,,,2.5113e+23,Operation counting,Confident,1.0,False,True,False,False,False,Qwen,False,False,722.7332457293036,2.5113e+23,A
Qwen2.5-Coder (1.5B),Qwen2.5-Coder (1.5B),Alibaba,Industry,China,2024-09-18,True,Open weights (unrestricted),dense,False,1540000000.0,1540000000.0,1540000000.0,5500000000000.0,Epoch C/(6N) (operation counting),D from compute,,,5.082e+22,Operation counting,Confident,1.0,False,True,False,False,False,Qwen,False,False,3571.4285714285716,5.082e+22,A
Qwen2.5-32B,Qwen2.5-32B,Alibaba,Industry,China,2024-09-17,True,Open weights (unrestricted),dense,False,32500000000.0,32500000000.0,32500000000.0,18000000000000.0,Epoch dataset size x epochs,,18000000000000.0,1.0,3.51e+24,Operation counting,Confident,1.0,False,False,False,True,False,Qwen,True,True,553.8461538461538,3.51e+24,A
OLMoE,OLMoE,"Allen Institute for AI,Contextual AI,University of Washington,Princeton University","Research collective,Industry,Academia,Academia","United States of America,United States of America,United States of America,United States of America",2024-09-03,True,Open weights (unrestricted),moe,True,7000000000.0,1300000000.0,1300000000.0,6633539489102.564,Epoch C/(6N) (operation counting),D from compute,,1.2642857143,5.1741608015e+22,"Operation counting,Hardware",Confident,1.0,False,False,False,False,False,,True,True,5102.72268392505,5.1741608015e+22,A
GLA Transformer 1.3B,GLA Transformer 1.3B,"MIT-IBM Watson AI Lab,Massachusetts Institute of Technology (MIT)","Academia,Industry,Academia","United States of America,United States of America",2024-08-27,True,Open weights (unrestricted),ssm/hybrid,False,1300000000.0,1300000000.0,1300000000.0,100000000000.0,Epoch dataset size x epochs,,100000000000.0,,7.8e+20,Operation counting,Confident,1.0,False,False,False,False,False,fla-hub,False,False,76.92307692307692,7.8e+20,A
GLA Transformer 340M,GLA Transformer 340M,"MIT-IBM Watson AI Lab,Massachusetts Institute of Technology (MIT)","Academia,Industry,Academia","United States of America,United States of America",2024-08-27,True,Open weights (unrestricted),ssm/hybrid,False,340000000.0,340000000.0,340000000.0,15000000000.0,Epoch dataset size x epochs,,15000000000.0,,3.06e+19,Operation counting,Confident,1.0,False,False,False,False,False,fla-hub,False,False,44.11764705882353,3.06e+19,A
Falcon Mamba,Falcon Mamba,Technology Innovation Institute,Government,United Arab Emirates,2024-08-12,True,Open weights (restricted use),ssm/hybrid,False,7000000000.0,7000000000.0,7000000000.0,5500000000000.0,Epoch dataset size x epochs,,5500000000000.0,,3.9391101e+23,Hardware,Confident,1.7052424675324676,False,False,False,False,False,tiiuae,True,False,785.7142857142857,2.31e+23,A
EXAONE 3.0,EXAONE 3.0,LG AI Research,Industry,South Korea,2024-08-07,True,Open weights (non-commercial),dense,False,7820000000.0,7820000000.0,7820000000.0,8000000000000.0,Epoch dataset size x epochs,,8000000000000.0,,4e+23,"Reported,Operation counting",Confident,1.0656436487638534,False,False,False,False,False,LGAI-EXAONE,True,False,1023.0179028132992,3.7536e+23,A
AFM-on-device,AFM-on-device,Apple,Industry,United States of America,2024-07-29,False,Hosted access (no API),dense,False,2730000000.0,2730000000.0,2730000000.0,7588000000000.0,Epoch dataset size x epochs,,7588000000000.0,1.0,4.5126e+23,Operation counting,Confident,3.630660325441559,True,False,False,True,False,,True,False,2779.4871794871797,1.2429144e+23,A
Llama 3.1-405B,Llama 3.1-405B,Meta AI,Industry,United States of America,2024-07-23,True,Open weights (restricted use),dense,False,405000000000.0,405000000000.0,405000000000.0,15600000000000.0,Epoch dataset size x epochs,,15600000000000.0,1.0,3.8e+25,"Reported,Operation counting",Confident,1.0024269283528542,False,False,False,True,True,meta-llama,True,True,38.51851851851852,3.7908e+25,A
Llama 3.1-70B,Llama 3.1-70B,Meta AI,Industry,United States of America,2024-07-23,True,Open weights (restricted use),dense,False,70000000000.0,70000000000.0,70000000000.0,15000000000000.0,Epoch dataset size x epochs,,15000000000000.0,,7.929e+24,"Hardware,Operation counting",Confident,1.2585714285714285,False,False,False,True,False,meta-llama,True,True,214.28571428571428,6.3e+24,A
Llama 3.1-8B,Llama 3.1-8B,Meta AI,Industry,United States of America,2024-07-23,True,Open weights (restricted use),dense,False,8000000000.0,8000000000.0,8000000000.0,25500000000000.0,Epoch C/(6N) (operation counting),D from compute,,,1.224e+24,"Hardware,Operation counting",Likely,1.0,False,False,False,False,False,meta-llama,True,True,3187.5,1.224e+24,A
DCLM 7B,DCLM 7B,Apple,Industry,United States of America,2024-07-20,True,Open weights (restricted use),dense,False,7000000000.0,7000000000.0,7000000000.0,2500000000000.0,Epoch dataset size x epochs,,2500000000000.0,,1.05e+23,Operation counting,Confident,1.0,False,False,False,False,False,apple,True,True,357.14285714285717,1.05e+23,A
SmolLM-1.7B,SmolLM-1.7B,,,,2024-07-16,True,Open weights (unrestricted),dense,False,1710000000.0,1710000000.0,1710000000.0,1003898635477.583,Epoch C/(6N) (operation counting),D from compute,,,1.03e+22,Operation counting,Confident,1.0,False,False,False,False,False,HuggingFaceTB,True,True,587.0752254254871,1.03e+22,A
MAP-Neo,MAP-Neo,"University of Waterloo,01.AI,Wuhan University","Academia,Industry,Academia","Canada,China,China",2024-07-10,True,Open weights (unrestricted),dense,False,7000000000.0,7000000000.0,7000000000.0,4500000000000.0,Epoch dataset size x epochs,,4500000000000.0,,1.89e+23,Operation counting,Confident,1.0,False,False,False,False,False,m-a-p,True,True,642.8571428571429,1.89e+23,A
Gemma 2 9B,Gemma 2 9B,Google DeepMind,Industry,United States of America,2024-06-24,True,Open weights (restricted use),dense,False,9000000000.0,9000000000.0,9000000000.0,8000000000000.0,Epoch dataset size x epochs,,8000000000000.0,,4.32e+23,Operation counting,Confident,1.0,False,False,False,False,False,google,True,True,888.8888888888889,4.32e+23,A
Gemma 2 27B,Gemma 2 27B,Google DeepMind,Industry,United States of America,2024-06-24,True,Open weights (restricted use),dense,False,27000000000.0,27000000000.0,27000000000.0,13000000000000.0,Epoch dataset size x epochs,,13000000000000.0,,2.106e+24,Operation counting,Confident,1.0,False,False,False,False,False,google,True,True,481.48148148148147,2.106e+24,A
Gemma 2 2B,Gemma 2 2B,Google DeepMind,Industry,United States of America,2024-06-24,True,Open weights (restricted use),dense,False,2600000000.0,2600000000.0,2600000000.0,2000000000000.0,Epoch dataset size x epochs,,2000000000000.0,,3.12e+22,Operation counting,Confident,1.0,False,False,False,False,False,,True,True,769.2307692307693,3.12e+22,A
Nemotron-4 340B,Nemotron-4 340B,Nvidia,Industry,United States of America,2024-06-14,True,Open weights (unrestricted),dense,False,340000000000.0,340000000000.0,340000000000.0,9000000000000.0,Epoch dataset size x epochs,notes mention words; kept,9000000000000.0,,1.7999999999999999e+25,"Operation counting,Hardware",Confident,0.980392156862745,False,False,False,True,True,nvidia,True,False,26.470588235294116,1.836e+25,A
PLaMo-100B,PLaMo-100B,Preferred Networks Inc,Industry,Japan,2024-06-14,False,API access,dense,False,100000000000.0,100000000000.0,100000000000.0,1999999999999.9998,Epoch C/(6N) (operation counting),D from compute,,,1.1999999999999999e+24,Operation counting,Confident,1.0,False,False,False,False,False,,True,False,19.999999999999996,1.1999999999999999e+24,A
Mamba2-Hybrid,Mamba2-Hybrid,Nvidia,Industry,United States of America,2024-06-12,True,Open weights (unrestricted),ssm/hybrid,False,8660000000.0,8660000000.0,8660000000.0,3500000000000.0005,Epoch C/(6N) (operation counting),D from compute,,,1.8186e+23,Operation counting,Likely,1.0,False,False,False,False,False,,True,False,404.1570438799077,1.8186e+23,A
Samba 3.8B,Samba 3.8B,"Microsoft,University of Illinois Urbana-Champaign (UIUC)","Industry,Academia","United States of America,United States of America",2024-06-11,False,Unreleased,ssm/hybrid,False,3800000000.0,3800000000.0,3800000000.0,3201754385964.912,Epoch C/(6N) (operation counting),D from compute,,1.0,7.3e+22,Operation counting,Confident,1.0,False,False,False,False,False,,True,False,842.5669436749769,7.3e+22,A
Qwen2-72B,Qwen2-72B,Alibaba,Industry,China,2024-06-07,True,Open weights (unrestricted),dense,False,72710000000.0,72710000000.0,72710000000.0,7000000000000.0,Epoch dataset size x epochs,,7000000000000.0,,3.02e+24,Operation counting,Confident,0.9889253459601417,False,False,False,True,False,Qwen,True,True,96.27286480539128,3.05382e+24,A
Qwen2-7B,Qwen2-7B,Alibaba,Industry,China,2024-06-07,True,Open weights (unrestricted),dense,False,7000000000.0,7000000000.0,7000000000.0,7000000000000.0,Epoch dataset size x epochs,,7000000000000.0,,2.9400000000001e+23,Operation counting,Confident,1.000000000000034,False,False,False,False,False,Qwen,True,True,1000.0,2.94e+23,A
Qwen2-1.5B,Qwen2-1.5B,Alibaba,Industry,China,2024-06-07,True,Open weights (unrestricted),dense,False,1500000000.0,1500000000.0,1500000000.0,7000000000000.0,Epoch dataset size x epochs,,7000000000000.0,,6.3e+22,Operation counting,Confident,1.0,False,False,False,False,False,Qwen,True,True,4666.666666666667,6.3e+22,A
Qwen2-0.5B,Qwen2-0.5B,Alibaba,Industry,China,2024-06-07,True,Open weights (unrestricted),dense,False,500000000.0,500000000.0,500000000.0,12000000000000.0,Epoch dataset size x epochs,,12000000000000.0,,3.6e+22,Operation counting,Confident,1.0,False,False,False,False,False,Qwen,True,True,24000.0,3.6e+22,A
MiniCPM-1.2B,MiniCPM-1.2B,"Tsinghua University,ModelBest","Academia,Industry","China,China",2024-06-03,True,Open weights (restricted use),dense,False,1247442432.0,1247442432.0,1247442432.0,1058165063283.6578,Epoch C/(6N) (operation counting),D from compute,,,7.92e+21,Operation counting,Confident,1.0,False,False,False,False,False,,True,False,848.2676523894754,7.92e+21,A
"Mamba 2, 2.7B","Mamba 2, 2.7B","Princeton University,Carnegie Mellon University (CMU)","Academia,Academia","United States of America,United States of America",2024-05-31,True,Open weights (unrestricted),ssm/hybrid,False,2700000000.0,2700000000.0,2700000000.0,300000000000.0,Epoch C/(6N) (operation counting),D from compute,,,4.86e+21,Operation counting,Confident,1.0,False,False,False,False,False,,True,False,111.11111111111111,4.86e+21,A
Granite 20B,Granite 20B,IBM Research,Industry,United States of America,2024-05-31,True,Open weights (unrestricted),dense,False,20000000000.0,20000000000.0,20000000000.0,2500000000000.0,Epoch dataset size x epochs,,2500000000000.0,,3.0000000000001e+23,Operation counting,Confident,1.0000000000000333,False,False,False,False,False,ibm-granite,True,False,125.0,3e+23,A
ALLaM 34B,ALLaM 34B,Saudi Data and Artificial Intelligence Authority,"Industry,Government",Saudi Arabia,2024-05-21,False,Unreleased,dense,False,34000000000.0,34000000000.0,34000000000.0,5200000000000.0,Epoch dataset size x epochs,,5200000000000.0,1.0,1.0608e+24,,Confident,1.0,False,False,False,False,False,,True,False,152.94117647058823,1.0608e+24,A
Yi-Large,Yi-Large,01.AI,Industry,China,2024-05-13,False,API access,dense,False,100000000000.0,100000000000.0,100000000000.0,3000000000000.0,Epoch dataset size x epochs,,3000000000000.0,,1.8e+24,Operation counting,Speculative,1.0,False,False,False,True,False,,False,False,30.0,1.8e+24,A
Yi-1.5-34B,Yi-1.5-34B,01.AI,Industry,China,2024-05-13,True,Open weights (restricted use),dense,False,34000000000.0,34000000000.0,34000000000.0,3599999999999.9995,Epoch C/(6N) (operation counting),D from compute,,,7.344e+23,Operation counting,Confident,1.0,False,False,False,False,False,01-ai,True,True,105.88235294117645,7.344e+23,A
Yi-1.5-9B,Yi-1.5-9B,01.AI,Industry,China,2024-05-13,True,Open weights (unrestricted),dense,False,8830000000.0,8830000000.0,8830000000.0,3600000000000.0005,Epoch C/(6N) (operation counting),D from compute,,,1.90728e+23,Operation counting,Confident,1.0,False,False,False,False,False,01-ai,True,True,407.7010192525482,1.90728e+23,A
Fugaku-LLM,Fugaku-LLM,"Tohoku University,CyberAgent,Tokyo Institute of Technology,Fujitsu,RIKEN,Nagoya University,Kotoba Technologies","Academia,Industry,Academia,Industry,Academia,Industry","Japan,Japan,Japan,Japan,Japan,Japan,Japan",2024-05-10,True,Open weights (unrestricted),dense,False,13000000000.0,13000000000.0,13000000000.0,380000000000.0,Epoch dataset size x epochs,,380000000000.0,,2.9640000000001e+22,Operation counting,Confident,1.0000000000000338,False,False,False,False,False,,True,False,29.23076923076923,2.964e+22,A
Falcon 2 11B,Falcon 2 11B,Technology Innovation Institute,Government,United Arab Emirates,2024-05-09,True,Open weights (restricted use),dense,False,11000000000.0,11000000000.0,11000000000.0,5500000000000.0,Epoch dataset size x epochs,,5500000000000.0,,3.6e+23,Operation counting,Confident,0.9917355371900827,False,False,False,False,False,tiiuae,True,True,500.0,3.63e+23,A
DeepSeek-V2 (MoE-236B),DeepSeek-V2 (MoE-236B),DeepSeek,Industry,China,2024-05-07,True,Open weights (restricted use),moe,True,236000000000.0,21000000000.0,21000000000.0,8100000000000.0,Epoch dataset size x epochs,,8100000000000.0,,1.02e+24,Operation counting,Confident,0.9994121105232217,False,False,False,False,False,deepseek-ai,True,True,385.7142857142857,1.0206e+24,A
OpenELM-1.1B,OpenELM-1.1B,Apple,Industry,United States of America,2024-05-02,True,Open weights (non-commercial),dense,False,1080000000.0,1080000000.0,1080000000.0,1623507253086.4197,Epoch C/(6N) (operation counting),D from compute,,1.0,1.0520327e+22,"Operation counting,Hardware",Confident,1.0,False,False,False,False,False,apple,True,False,1503.2474565614998,1.0520327e+22,A
OpenELM-3B,OpenELM-3B,Apple,Industry,United States of America,2024-05-02,True,Open weights (non-commercial),dense,False,3040000000.0,3040000000.0,3040000000.0,1873420504385.9648,Epoch C/(6N) (operation counting),D from compute,,1.0,3.417119e+22,"Operation counting,Hardware",Confident,1.0,False,False,False,False,False,apple,True,False,616.2567448638042,3.417119e+22,A
OpenELM-450M,OpenELM-450M,Apple,Industry,United States of America,2024-05-02,True,Open weights (non-commercial),dense,False,450000000.0,450000000.0,450000000.0,2339132148148.148,Epoch C/(6N) (operation counting),D from compute,,1.0,6.3156568e+21,"Operation counting,Hardware",Confident,1.0,False,False,False,False,False,apple,True,False,5198.071440329218,6.3156568e+21,A
OpenELM-270M,OpenELM-270M,Apple,Industry,United States of America,2024-05-02,True,Open weights (non-commercial),dense,False,270000000.0,270000000.0,270000000.0,1695698086419.753,Epoch C/(6N) (operation counting),D from compute,,1.0,2.7470309e+21,"Operation counting,Hardware",Confident,1.0,False,False,False,False,False,apple,True,False,6280.363283036122,2.7470309e+21,A
Arctic,Arctic,Snowflake,Industry,United States of America,2024-04-24,True,Open weights (unrestricted),moe,True,480000000000.0,17000000000.0,17000000000.0,3759526960784.314,Epoch C/(6N) (operation counting),D from compute,,,3.8347175e+23,"Other,Operation counting",Confident,1.0,False,False,False,False,False,,True,False,221.14864475201847,3.8347175e+23,A
phi-3-mini 3.8B,phi-3-mini 3.8B,Microsoft,Industry,United States of America,2024-04-23,True,Open weights (unrestricted),dense,False,3800000000.0,3800000000.0,3800000000.0,3300000000000.0,Epoch dataset size x epochs,,3300000000000.0,,7.524e+22,"Hardware,Operation counting",Confident,1.0,False,False,False,True,False,microsoft,True,True,868.421052631579,7.524e+22,A
phi-3-medium 14B,phi-3-medium 14B,Microsoft,Industry,United States of America,2024-04-23,True,Open weights (unrestricted),dense,False,14000000000.0,14000000000.0,14000000000.0,4800000000000.0,Epoch dataset size x epochs,,4800000000000.0,,4.032e+23,Operation counting,Likely,1.0,False,False,False,False,False,microsoft,True,True,342.85714285714283,4.032e+23,A
phi-3-small 7.4B,phi-3-small 7.4B,Microsoft,Industry,United States of America,2024-04-23,True,Open weights (unrestricted),dense,False,7400000000.0,7400000000.0,7400000000.0,4800000000000.0,Epoch dataset size x epochs,,4800000000000.0,,2.1312e+23,Operation counting,Confident,1.0,False,False,False,False,False,microsoft,True,True,648.6486486486486,2.1312e+23,A
Phi-3.5-mini,Phi-3.5-mini,Microsoft,Industry,United States of America,2024-04-23,True,Open weights (unrestricted),dense,False,3800000000.0,3800000000.0,3800000000.0,1627243596491.228,Epoch C/(6N) (operation counting),D from compute,,,3.7101154e+22,"Hardware,Operation counting",Confident,1.0,False,False,False,False,False,microsoft,True,True,428.22199907663895,3.7101154e+22,A
Phi-3.5-MoE,Phi-3.5-MoE,Microsoft,Industry,United States of America,2024-04-23,True,Open weights (unrestricted),moe,True,60800000000.0,6600000000.0,6600000000.0,7626993939393.939,Epoch C/(6N) (operation counting),D from compute,,,3.0202896e+23,"Hardware,Operation counting",Confident,1.0,False,False,False,False,False,microsoft,True,True,1155.605142332415,3.0202896e+23,A
Llama 3-70B,Llama 3-70B,Meta AI,Industry,United States of America,2024-04-18,True,Open weights (restricted use),dense,False,70000000000.0,70000000000.0,70000000000.0,15000000000000.0,Epoch dataset size x epochs,,15000000000000.0,,7.861e+24,"Operation counting,Hardware",Confident,1.2477777777777779,False,False,False,True,False,meta-llama,True,True,214.28571428571428,6.3e+24,A
Llama 3-8B,Llama 3-8B,Meta AI,Industry,United States of America,2024-04-18,True,Open weights (restricted use),dense,False,8000000000.0,8000000000.0,8000000000.0,15000000000000.0,Epoch dataset size x epochs,,15000000000000.0,,7.2e+23,Operation counting,Confident,1.0,False,False,False,True,False,meta-llama,True,True,1875.0,7.2e+23,A
OLMo 1.7-7B,OLMo 1.7-7B,Allen Institute for AI,Research collective,United States of America,2024-04-17,True,Open weights (unrestricted),dense,False,7000000000.0,7000000000.0,7000000000.0,2000000000000.0,Epoch dataset size x epochs,,2000000000000.0,,,,,,False,False,False,False,False,allenai,True,True,285.7142857142857,8.4e+22,A
HGRN2 3B,HGRN2 3B,"Shanghai AI Lab,Massachusetts Institute of Technology (MIT),Taptap","Academia,Academia,Industry","China,United States of America,Spain",2024-04-11,False,nan,ssm/hybrid,False,2900000000.0,2900000000.0,2900000000.0,100000000000.0,Epoch dataset size x epochs,,100000000000.0,,1.74e+21,Operation counting,Confident,1.0,False,False,False,False,False,,True,False,34.48275862068966,1.74e+21,A
HGRN2 1B,HGRN2 1B,"Shanghai AI Lab,Massachusetts Institute of Technology (MIT),Taptap","Academia,Academia,Industry","China,United States of America,Spain",2024-04-11,False,nan,ssm/hybrid,False,1000000000.0,1000000000.0,1000000000.0,100000000000.0,Epoch dataset size x epochs,,100000000000.0,,6.000000001e+21,Operation counting,Confident,10.000000001666667,True,False,False,False,False,,False,False,100.0,6e+20,A
Viking,Viking,"Silo AI,University of Turku","Industry,Academia","Finland,Finland",2024-04-04,True,Open weights (unrestricted),dense,False,33000000000.0,33000000000.0,33000000000.0,2000000000000.0,Epoch dataset size x epochs,,2000000000000.0,,2.574e+23,Operation counting,Confident,0.6499999999999999,True,False,False,False,False,,True,False,60.60606060606061,3.96e+23,A
DBRX,DBRX,Databricks,Industry,United States of America,2024-03-27,True,Open weights (restricted use),moe,True,132000000000.0,36000000000.0,36000000000.0,12000000000000.0,Epoch dataset size x epochs,notes mention words; kept,12000000000000.0,1.0,2.6e+24,Operation counting,Confident,1.0030864197530862,False,False,False,True,False,databricks,True,False,333.3333333333333,2.592e+24,A
Aramco Metabrain AI,Aramco Metabrain AI,Saudi Aramco,"Industry,Government",Saudi Arabia,2024-03-04,False,Unreleased,dense,False,250000000000.0,250000000000.0,250000000000.0,7000000000000.0,Epoch dataset size x epochs,,7000000000000.0,,1.05e+25,Operation counting,Likely,1.0,False,False,False,True,False,,True,False,28.0,1.05e+25,A
StarCoder 2 15B,StarCoder 2 15B,"Hugging Face,ServiceNow,Nvidia,BigCode","Industry,Industry,Industry","United States of America,United States of America,United States of America",2024-02-29,True,Open weights (restricted use),dense,False,15000000000.0,15000000000.0,15000000000.0,4100402700000.0,Epoch dataset size x epochs,,4100402700000.0,4.49,3.87e+23,Reported,Confident,1.048677487213634,False,True,False,False,False,,False,False,273.36018,3.69036243e+23,A
StarCoder 2 7B,StarCoder 2 7B,"Hugging Face,ServiceNow,Nvidia,BigCode","Industry,Industry,Industry","United States of America,United States of America,United States of America",2024-02-29,True,Open weights (restricted use),dense,False,7000000000.0,7000000000.0,7000000000.0,3497059799999.9995,Epoch dataset size x epochs,,3497059799999.9995,5.31,1.55e+23,Reported,Confident,1.055308287972711,False,True,False,False,False,bigcode,False,False,499.57997142857135,1.4687651159999997e+23,A
StarCoder 2 3B,StarCoder 2 3B,"Hugging Face,ServiceNow,Nvidia,BigCode","Industry,Industry,Industry","United States of America,United States of America,United States of America",2024-02-29,True,Open weights (restricted use),dense,False,3000000000.0,3000000000.0,3000000000.0,3098008200000.0005,Epoch dataset size x epochs,,3098008200000.0005,4.98,5.94e+22,Reported,Confident,1.065200537558293,False,True,False,False,False,,False,False,1032.6694000000002,5.5764147600000006e+22,A
Griffin,Griffin,Google DeepMind,Industry,United States of America,2024-02-29,False,Unreleased,ssm/hybrid,False,14000000000.0,14000000000.0,14000000000.0,300000000000.0,Epoch dataset size x epochs,,300000000000.0,,1.5848931924611137e+22,Reported,Confident,0.6289258700242515,True,False,False,False,False,,True,False,21.428571428571427,2.52e+22,A
Hawk,Hawk,Google DeepMind,Industry,United States of America,2024-02-29,False,Unreleased,ssm/hybrid,False,7000000000.0,7000000000.0,7000000000.0,300000000000.0,Epoch dataset size x epochs,,300000000000.0,,3.95e+21,Reported,Confident,0.3134920634920635,True,False,False,False,False,,True,False,42.857142857142854,1.26e+22,A
Nemotron-4 15B,Nemotron-4 15B,Nvidia,Industry,United States of America,2024-02-27,False,Unreleased,dense,False,15000000000.0,15000000000.0,15000000000.0,8333901777777.778,Epoch C/(6N) (operation counting),D from compute,,,7.5005116e+23,"Operation counting,Hardware",Confident,1.0,False,False,False,False,False,,True,False,555.5934518518519,7.5005116e+23,A
Gemma 7B,Gemma 7B,Google DeepMind,Industry,United States of America,2024-02-21,True,Open weights (restricted use),dense,False,8538074112.0,8538074112.0,8538074112.0,6000000000000.0,Epoch dataset size x epochs,,6000000000000.0,,3.07e+23,"Operation counting,Hardware",Confident,0.998794068300748,False,False,False,False,False,,True,True,702.7345887718619,3.07370668032e+23,A
Gemma 2B,Gemma 2B,Google DeepMind,Industry,United States of America,2024-02-21,True,Open weights (restricted use),dense,False,2506434560.0,2506434560.0,2506434560.0,3000000000000.0,Epoch dataset size x epochs,,3000000000000.0,,4.5115822e+22,Operation counting,Confident,0.9999999982267862,False,False,False,False,False,,True,True,1196.9193402759336,4.511582208e+22,A
Qwen1.5-72B,Qwen1.5-72B,Alibaba,Industry,China,2024-02-04,True,Open weights (restricted use),dense,False,72000000000.0,72000000000.0,72000000000.0,3000000000000.0,Epoch dataset size x epochs,,3000000000000.0,,1.3e+24,Operation counting,Confident,1.0030864197530862,False,False,False,True,False,Qwen,True,True,41.666666666666664,1.296e+24,A
Qwen1.5-7B,Qwen1.5-7B,Alibaba,Industry,China,2024-02-04,True,Open weights (unrestricted),dense,False,7000000000.0,7000000000.0,7000000000.0,3999999999999.9995,Epoch C/(6N) (operation counting),D from compute,,,1.68e+23,Operation counting,Confident,1.0,False,False,False,False,False,Qwen,True,True,571.4285714285713,1.68e+23,A
Qwen1.5-14B,Qwen1.5-14B,Alibaba,Industry,China,2024-02-04,True,Open weights (unrestricted),dense,False,14000000000.0,14000000000.0,14000000000.0,3999999999999.9995,Epoch C/(6N) (operation counting),D from compute,,,3.36e+23,Operation counting,Confident,1.0,False,False,False,False,False,Qwen,True,True,285.71428571428567,3.36e+23,A
OLMo-7B,OLMo-7B,"Allen Institute for AI,University of Washington","Research collective,Academia","United States of America,United States of America",2024-02-01,True,Open weights (unrestricted),dense,False,7000000000.0,7000000000.0,7000000000.0,2460000000000.0,Epoch dataset size x epochs,,2460000000000.0,1.23,1.0332e+23,Operation counting,Confident,1.0,False,False,False,False,False,allenai,True,True,351.42857142857144,1.0332e+23,A
OLMo-1B,OLMo-1B,"Allen Institute for AI,University of Washington","Research collective,Academia","United States of America,United States of America",2024-02-01,True,Open weights (unrestricted),dense,False,1000000000.0,1000000000.0,1000000000.0,2000000000000.0,Epoch dataset size x epochs,,2000000000000.0,1.0,1.2e+22,Operation counting,Confident,1.0,False,False,False,False,False,allenai,True,True,2000.0,1.2e+22,A
StableLM-2-1.6B,StableLM-2-1.6B,Stability AI,Industry,United Kingdom,2024-01-18,True,Open weights (non-commercial),dense,False,1644417024.0,1644417024.0,1644417024.0,2000000000000.0,Epoch dataset size x epochs,,2000000000000.0,,1.92e+22,Operation counting,Confident,0.9729891971733807,False,False,False,False,False,stabilityai,True,True,1216.2364964667258,1.9733004288e+22,A
DeciCoder-6B,DeciCoder-6B,Deci AI,Industry,Israel,2024-01-15,True,Open weights (unrestricted),dense,False,6000000000.0,6000000000.0,6000000000.0,210000000000.0,Epoch C/(6N) (operation counting),D from compute,,,7.56e+21,Operation counting,Likely,1.0,False,True,False,False,False,,False,False,35.0,7.56e+21,A
InternLM2-20B,InternLM2-20B,"Shanghai AI Lab,SenseTime,Chinese University of Hong Kong (CUHK),Fudan University","Academia,Industry,Academia,Academia","China,Hong Kong,Hong Kong,China",2024-01-12,True,Open weights (restricted use),dense,False,20000000000.0,20000000000.0,20000000000.0,2600000000000.0,Epoch dataset size x epochs,,2600000000000.0,1.0,3.12e+23,Operation counting,Confident,1.0,False,False,False,False,False,internlm,True,False,130.0,3.12e+23,A
DeepSeekMoE-16B,DeepSeekMoE-16B,DeepSeek,Industry,China,2024-01-11,True,Open weights (restricted use),moe,True,16000000000.0,2833333333.3333335,2833333333.3333335,2000000000000.0,Epoch dataset size x epochs,,2000000000000.0,1.0,3.4e+22,Operation counting,Likely,1.0,False,False,False,False,False,,True,True,705.8823529411765,3.4e+22,A
Stable Code 3B,Stable Code 3B,Stability AI,Industry,United Kingdom,2024-01-09,True,Open weights (non-commercial),dense,False,2796431360.0,2796431360.0,2796431360.0,1255171162148.6035,Epoch C/(6N) (operation counting),D from compute,,,2.106e+22,Operation counting,Likely,1.0,False,True,False,False,False,,False,False,448.8474775753493,2.106e+22,A
DeepSeek LLM 67B,DeepSeek LLM 67B,DeepSeek,Industry,China,2024-01-05,True,Open weights (restricted use),dense,False,67000000000.0,67000000000.0,67000000000.0,2000000000000.0,Epoch dataset size x epochs,,2000000000000.0,1.0,8.04e+23,Operation counting,Confident,1.0,False,False,False,False,False,deepseek-ai,True,True,29.850746268656717,8.04e+23,A
DeepSeek-LLM-1.3b-base,DeepSeek-LLM-1.3b-base,DeepSeek,Industry,China,2024-01-05,False,Unreleased,dense,False,1300000000.0,1300000000.0,1300000000.0,500000000000.0,Epoch dataset size x epochs,,500000000000.0,,3.9e+21,Operation counting,Confident,1.0,False,False,False,False,False,,True,False,384.61538461538464,3.9e+21,A
DeepSeek LLM 7B,DeepSeek LLM 7B,DeepSeek,Industry,China,2024-01-05,True,Open weights (restricted use),dense,False,7000000000.0,7000000000.0,7000000000.0,2000000000000.0,Epoch dataset size x epochs,,2000000000000.0,1.0,8.4e+22,Operation counting,Confident,1.0,False,False,False,False,False,deepseek-ai,True,True,285.7142857142857,8.4e+22,A
Poro 34B,Poro 34B,"High-Performance Language Technologies (HPLT),University of Turku","Research collective,Academia","Multinational,Finland",2023-12-14,True,Open weights (unrestricted),dense,False,34200000000.0,34200000000.0,34200000000.0,1000000000000.0,Epoch dataset size x epochs,,1000000000000.0,,2.052e+23,Operation counting,Confident,1.0,False,False,False,False,False,LumiOpen,True,False,29.239766081871345,2.052e+23,A
Phi-2,Phi-2,Microsoft,Industry,United States of America,2023-12-12,True,Open weights (unrestricted),dense,False,2700000000.0,2700000000.0,2700000000.0,250000000000.0,Epoch dataset size x epochs,,250000000000.0,,2.27e+22,"Operation counting,Hardware",Confident,5.604938271604938,True,False,False,False,False,,True,True,92.5925925925926,4.05e+21,A
CRYSTALCODER,CRYSTALCODER,"Mohamed bin Zayed University of Artificial Intelligence (MBZUAI),Petuum,University of Southern California,Carnegie Mellon University (CMU),University of Illinois Urbana-Champaign (UIUC),University of California San Diego,LLM360","Academia,Industry,Academia,Academia,Academia,Academia,Research collective","United Arab Emirates,United States of America,United States of America,United States of America,United States of America,United States of America",2023-12-11,True,Open weights (unrestricted),dense,False,6700000000.0,6700000000.0,6700000000.0,1382000000000.0,Epoch dataset size x epochs,,1382000000000.0,,5.55564e+22,Operation counting,Confident,1.0,False,False,False,False,False,LLM360,True,False,206.26865671641792,5.55564e+22,A
Amber,Amber,"Mohamed bin Zayed University of Artificial Intelligence (MBZUAI),Petuum,University of Southern California,Carnegie Mellon University (CMU),University of Illinois Urbana-Champaign (UIUC),University of California San Diego,LLM360","Academia,Industry,Academia,Academia,Academia,Academia,Research collective","United Arab Emirates,United States of America,United States of America,United States of America,United States of America,United States of America",2023-12-11,True,Open weights (unrestricted),dense,False,6700000000.0,6700000000.0,6700000000.0,1191494253731.3433,Epoch C/(6N) (operation counting),D from compute,,,4.7898069e+22,"Operation counting,Hardware",Confident,1.0,False,False,False,False,False,LLM360,True,True,177.83496324348408,4.7898069e+22,A
XVERSE-65B-2,XVERSE-65B-2,"XVERSE Technology,Shenzhen Yuanxiang Technology","Industry,Industry","China,China",2023-12-08,True,Open weights (restricted use),dense,False,65000000000.0,65000000000.0,65000000000.0,3200000000000.026,Epoch dataset size x epochs,words->tokens via C/(6N),2600000000000.0,,1.24800000000001e+24,Operation counting,Confident,1.0,False,False,False,False,False,,True,False,49.23076923076963,1.24800000000001e+24,A
Mamba-2.8B,Mamba-2.8B,"Carnegie Mellon University (CMU),Princeton University","Academia,Academia","United States of America,United States of America",2023-12-01,True,Open weights (unrestricted),ssm/hybrid,False,2800000000.0,2800000000.0,2800000000.0,300000000000.0,Epoch dataset size x epochs,,300000000000.0,,5.400000000000001e+21,Operation counting,Likely,1.0714285714285716,False,False,False,False,False,,True,False,107.14285714285714,5.04e+21,A
SEA-LION V1 3B,SEA-LION V1 3B,AI Singapore,Government,Singapore,2023-12-01,True,Open weights (unrestricted),dense,False,3000000000.0,3000000000.0,3000000000.0,980000000000.0,Epoch dataset size x epochs,,980000000000.0,,2.1893426e+22,"Hardware,Operation counting",Confident,1.2411239229024944,False,False,False,False,False,aisingapore,True,False,326.6666666666667,1.764e+22,A
SEA-LION V1 7B,SEA-LION V1 7B,AI Singapore,Government,Singapore,2023-12-01,True,Open weights (unrestricted),dense,False,7000000000.0,7000000000.0,7000000000.0,980000000000.0,Epoch dataset size x epochs,,980000000000.0,,4.3297598e+22,"Hardware,Operation counting",Confident,1.0519338678328474,False,False,False,False,False,aisingapore,True,False,140.0,4.116e+22,A
Qwen-72B,Qwen-72B,Alibaba,Industry,China,2023-11-30,True,Open weights (restricted use),dense,False,72000000000.0,72000000000.0,72000000000.0,3000000000000.0,Epoch dataset size x epochs,,3000000000000.0,,1.3e+24,Operation counting,Confident,1.0030864197530862,False,False,False,True,False,,True,True,41.666666666666664,1.296e+24,A
Granite 13B,Granite 13B,IBM,Industry,United States of America,2023-11-30,False,API access,dense,False,13000000000.0,13000000000.0,13000000000.0,3128205128205.128,Epoch dataset size x epochs,words->tokens via C/(6N),2500000000000.0,1.0,2.44e+23,"Hardware,Operation counting",Likely,1.0,False,False,False,False,False,,True,False,240.63116370808677,2.44e+23,A
Yuan 2.0,Yuan 2.0,Inspur,Industry,China,2023-11-27,True,Open weights (restricted use),dense,False,102600000000.0,102600000000.0,102600000000.0,289148797920.7278,Epoch C/(6N) (operation counting),D from compute,,1.0,1.78e+23,Operation counting,Confident,1.0,False,False,False,False,False,IEITYuan,True,False,2.818214404685456,1.78e+23,A
Nemotron-3-8B,Nemotron-3-8B,Nvidia,Industry,United States of America,2023-11-15,True,Open weights (restricted use),dense,False,8000000000.0,8000000000.0,8000000000.0,3800000000000.0,Epoch dataset size x epochs,,3800000000000.0,,1.8e+23,"Operation counting,Hardware",Confident,0.9868421052631579,False,False,False,True,False,,True,False,475.0,1.824e+23,A
HGRN 1B (WT 103),HGRN 1B (WT 103),"Shanghai AI Lab,Massachusetts Institute of Technology (MIT)","Academia,Academia","China,United States of America",2023-11-08,True,Open weights (unrestricted),ssm/hybrid,False,1000000000.0,1000000000.0,1000000000.0,100000000000.0,Epoch dataset size x epochs,,100000000000.0,,1.96608e+19,Operation counting,Confident,0.032768,True,False,False,False,False,OpenNLPLab,False,False,100.0,6e+20,A
Jais-30b (phase 1),Jais-30b (phase 1),"Cerebras Systems,Mohamed bin Zayed University of Artificial Intelligence (MBZUAI),Inception G42,G42","Industry,Academia,Industry,Industry","United States of America,United Arab Emirates,United Arab Emirates,United Arab Emirates",2023-11-08,True,Open weights (unrestricted),dense,False,30000000000.0,30000000000.0,30000000000.0,427000000000.0,Epoch dataset size x epochs,,427000000000.0,,1.0372049e+23,"Operation counting,Hardware",Confident,1.3494729378090036,False,False,False,False,False,inceptionai,True,False,14.233333333333333,7.686e+22,A
XVERSE-13B-2,XVERSE-13B-2,"XVERSE Technology,Shenzhen Yuanxiang Technology","Industry,Industry","China,China",2023-11-06,True,Open weights (restricted use),dense,False,13000000000.0,13000000000.0,13000000000.0,3200000000000.0,Epoch dataset size x epochs,,3200000000000.0,,,,Likely,,False,False,False,False,False,,True,False,246.15384615384616,2.496e+23,A
DeepSeek Coder 33B,DeepSeek Coder 33B,"DeepSeek,Peking University","Industry,Academia","China,China",2023-11-02,True,Open weights (restricted use),dense,False,33000000000.0,33000000000.0,33000000000.0,2000000000000.0,Epoch dataset size x epochs,,2000000000000.0,,3.96e+23,Operation counting,Likely,1.0,False,True,False,False,False,deepseek-ai,False,False,60.60606060606061,3.96e+23,A
Yi-34B,Yi-34B,01.AI,Industry,China,2023-11-02,True,Open weights (restricted use),dense,False,34000000000.0,34000000000.0,34000000000.0,3100000000000.0,Epoch dataset size x epochs,,3100000000000.0,,6.1e+23,Operation counting,Confident,0.9645793801391523,False,False,False,True,False,01-ai,True,True,91.17647058823529,6.324e+23,A
BlueLM 70B,BlueLM 70B,vivo AI lab,Industry,China,2023-11-02,False,Unreleased,dense,False,70000000000.0,70000000000.0,70000000000.0,1000000000000.0,Epoch C/(6N) (operation counting),D from compute,,,4.2e+23,Operation counting,Confident,1.0,False,False,False,False,False,,True,False,14.285714285714286,4.2e+23,A
BlueLM 130B,BlueLM 130B,vivo AI lab,Industry,China,2023-11-02,False,Unreleased,dense,False,130000000000.0,130000000000.0,130000000000.0,1000000000000.0,Epoch C/(6N) (operation counting),D from compute,,,7.8e+23,Operation counting,Confident,1.0,False,False,False,False,False,,True,False,7.6923076923076925,7.8e+23,A
BlueLM 175B,BlueLM 175B,vivo AI lab,Industry,China,2023-11-02,False,Unreleased,dense,False,175000000000.0,175000000000.0,175000000000.0,1000000000000.0,Epoch C/(6N) (operation counting),D from compute,,,1.05e+24,Operation counting,Confident,1.0,False,False,False,False,False,,True,False,5.714285714285714,1.05e+24,A
Yi 6B,Yi 6B,01.AI,Industry,China,2023-11-02,True,Open weights (restricted use),dense,False,6000000000.0,6000000000.0,6000000000.0,3500000000000.0,Epoch C/(6N) (operation counting),D from compute,,,1.26e+23,Operation counting,Confident,1.0,False,False,False,False,False,,True,True,583.3333333333334,1.26e+23,A
DeepSeek Coder 1.3B,DeepSeek Coder 1.3B,"DeepSeek,Peking University","Industry,Academia","China,China",2023-11-02,True,Open weights (restricted use),dense,False,1300000000.0,1300000000.0,1300000000.0,2000000000000.0,Epoch dataset size x epochs,,2000000000000.0,,1.56e+22,Operation counting,Likely,1.0,False,True,False,False,False,deepseek-ai,False,False,1538.4615384615386,1.56e+22,A
DeepSeek Coder 6.7B,DeepSeek Coder 6.7B,"DeepSeek,Peking University","Industry,Academia","China,China",2023-11-02,True,Open weights (restricted use),dense,False,6700000000.0,6700000000.0,6700000000.0,2000000000000.0,Epoch dataset size x epochs,,2000000000000.0,,8.04e+22,Operation counting,Likely,1.0,False,True,False,False,False,deepseek-ai,False,False,298.5074626865672,8.04e+22,A
Nanbeige-16B,Nanbeige-16B,Nanbeige LLM Lab,Industry,China,2023-11-01,True,Open weights (unrestricted),dense,False,16000000000.0,16000000000.0,16000000000.0,2500000000000.0,Epoch dataset size x epochs,,2500000000000.0,,2.4e+23,Operation counting,Likely,1.0,False,False,False,False,False,,True,False,156.25,2.4e+23,A
Calm2-7B,Calm2-7B,CyberAgent,Industry,Japan,2023-11-01,True,Open weights (unrestricted),dense,False,7000000000.0,7000000000.0,7000000000.0,1300000000000.0,Epoch dataset size x epochs,,1300000000000.0,,5.46e+22,Operation counting,Confident,1.0,False,False,False,False,False,,True,False,185.71428571428572,5.46e+22,A
BlueLM 7B,BlueLM 7B,vivo AI lab,Industry,China,2023-10-31,True,Open weights (restricted use),dense,False,7000000000.0,7000000000.0,7000000000.0,2592000000000.0,Epoch dataset size x epochs,,2592000000000.0,,1.0920000000001e+23,Operation counting,Confident,1.0030864197531781,False,False,False,False,False,,True,False,370.2857142857143,1.08864e+23,A
Mi:dm 200B,Mi:dm 200B,KT,Industry,South Korea,2023-10-31,False,API access,dense,False,200000000000.0,200000000000.0,200000000000.0,1000000000000.0,Epoch dataset size x epochs,,1000000000000.0,,1.1999999999999999e+24,Operation counting,Confident,0.9999999999999999,False,False,False,False,False,,True,False,5.0,1.2e+24,A
Skywork-13B,Skywork-13B,Kunlun Inc.,Industry,China,2023-10-30,True,Open weights (restricted use),dense,False,13000000000.0,13000000000.0,13000000000.0,3200000000000.0,Epoch dataset size x epochs,notes mention words; kept,3200000000000.0,1.0,2.5e+23,Operation counting,Confident,1.001602564102564,False,False,False,True,False,,True,False,246.15384615384616,2.496e+23,A
Stockmark-13B,Stockmark-13B,Stockmark,Industry,Japan,2023-10-23,True,Open weights (unrestricted),dense,False,13200000000.0,13200000000.0,13200000000.0,220000000000.0,Epoch dataset size x epochs,,220000000000.0,,1.716e+22,Operation counting,Likely,0.9848484848484849,False,False,False,False,False,,True,False,16.666666666666668,1.7424e+22,A
Aquila2 34B,Aquila2 34B,Beijing Academy of Artificial Intelligence / BAAI,Academia,China,2023-10-13,True,Open weights (unrestricted),dense,False,34000000000.0,34000000000.0,34000000000.0,2000000000000.0,Epoch dataset size x epochs,,2000000000000.0,,,,Likely,,False,False,False,False,False,,True,False,58.8235294117647,4.08e+23,A
Jiutian,Jiutian,China Mobile,Industry,China,2023-10-12,True,Open weights (unrestricted),dense,False,13900000000.0,13900000000.0,13900000000.0,2000000000000.0,Epoch dataset size x epochs,,2000000000000.0,,1.668e+23,Operation counting,Likely,1.0,False,False,False,False,False,,True,False,143.88489208633092,1.668e+23,A
CodeFuse-13B,CodeFuse-13B,Ant Group,Industry,China,2023-10-10,True,Open weights (unrestricted),dense,False,13000000000.0,13000000000.0,13000000000.0,1000000000000.0,Epoch dataset size x epochs,,1000000000000.0,,3.09e+23,Hardware,Confident,3.9615384615384617,False,True,False,False,False,,False,False,76.92307692307692,7.8e+22,A
Phi-1,Phi-1,Microsoft Research,Industry,United States of America,2023-10-02,True,Open weights (unrestricted),dense,False,1300000000.0,1300000000.0,1300000000.0,42607942307.69231,Epoch C/(6N) (operation counting),D from compute,,7.3,3.3234195e+20,"Operation counting,Hardware",Confident,1.0,False,False,False,False,False,microsoft,False,False,32.77534023668639,3.3234195e+20,A
TinyLlama-1.1B (3T token checkpoint),TinyLlama-1.1B (3T token checkpoint),Singapore University of Technology & Design,Academia,Singapore,2023-10-01,True,Open weights (unrestricted),dense,False,1100000000.0,1100000000.0,1100000000.0,3293630836363.636,Epoch C/(6N) (operation counting),D from compute,,3.0,2.173796352e+22,"Hardware,Operation counting",Confident,1.0,False,False,False,False,False,,True,False,2994.209851239669,2.173796352e+22,A
StableLM-3B-4E1T,StableLM-3B-4E1T,Stability AI,Industry,United Kingdom,2023-09-29,True,Open weights (unrestricted),dense,False,2795443200.0,2795443200.0,2795443200.0,4000000000000.0,Epoch dataset size x epochs,notes mention words; kept,4000000000000.0,4.0,6.21e+22,Hardware,Confident,0.9256135127338664,False,False,False,False,False,,True,True,1430.9001163035614,6.70906368e+22,A
Qwen-14B,Qwen-14B,Alibaba,Industry,China,2023-09-28,True,Open weights (restricted use),dense,False,14000000000.0,14000000000.0,14000000000.0,3000000000000.0,Epoch dataset size x epochs,,3000000000000.0,1.0,2.5e+23,Operation counting,Confident,0.992063492063492,False,False,False,False,False,,True,True,214.28571428571428,2.52e+23,A
Qwen-7B,Qwen-7B,Alibaba,Industry,China,2023-09-28,True,Open weights (restricted use),dense,False,7000000000.0,7000000000.0,7000000000.0,2400000000000.0,Epoch dataset size x epochs,,2400000000000.0,1.0,1.01e+23,Operation counting,Confident,1.001984126984127,False,False,False,False,False,,True,True,342.85714285714283,1.008e+23,A
PLaMo-13B,PLaMo-13B,Preferred Networks Inc,Industry,Japan,2023-09-28,True,Open weights (unrestricted),dense,False,13000000000.0,13000000000.0,13000000000.0,1500000000000.0,Epoch dataset size x epochs,notes mention words but C/(6ND)~1: kept as tokens,1500000000000.0,,1.17e+23,Operation counting,Confident,1.0,False,False,False,False,False,,True,False,115.38461538461539,1.17e+23,A
BTLM-3B,BTLM-3B,Cerebras Systems,Industry,United States of America,2023-09-20,True,Open weights (unrestricted),dense,False,2600000000.0,2600000000.0,2600000000.0,627000000000.0,Epoch dataset size x epochs,,627000000000.0,1.0,9.8e+21,Operation counting,Confident,1.0019220545536336,False,False,False,False,False,,True,True,241.15384615384616,9.7812e+21,A
Baichuan 2-7B,Baichuan 2-7B,Baichuan,Industry,China,2023-09-20,True,Open weights (restricted use),dense,False,7000000000.0,7000000000.0,7000000000.0,2600000000000.0,Epoch dataset size x epochs,,2600000000000.0,,1.092e+23,Operation counting,Confident,1.0,False,False,False,False,False,baichuan-inc,True,False,371.42857142857144,1.092e+23,A
DeciLM 6B,DeciLM 6B,Deci AI,Industry,Israel,2023-09-13,True,Open weights (restricted use),dense,False,5700000000.0,5700000000.0,5700000000.0,299999999999.99994,Epoch C/(6N) (operation counting),D from compute,,,1.026e+22,Operation counting,Likely,1.0,False,False,False,False,False,,True,False,52.63157894736841,1.026e+22,A
Phi-1.5,Phi-1.5,Microsoft,Industry,United States of America,2023-09-11,True,Open weights (unrestricted),dense,False,1300000000.0,1300000000.0,1300000000.0,150000000000.0,Epoch dataset size x epochs,,150000000000.0,5.0,1.17e+21,"Operation counting,Hardware",Confident,1.0,False,False,False,False,False,,True,True,115.38461538461539,1.17e+21,A
Persimmon-8B,Persimmon-8B,Adept,Industry,United States of America,2023-09-07,True,Open weights (unrestricted),dense,False,9300000000.0,9300000000.0,9300000000.0,737000000000.0,Epoch dataset size x epochs,notes mention words; kept,737000000000.0,,4.11246e+22,Operation counting,Confident,1.0,False,False,False,False,False,,True,False,79.24731182795699,4.11246e+22,A
FLM-101B,FLM-101B,"Chinese Academy of Sciences,Harbin Institute of Technology,Nanyang Technological University,Beijing Academy of Artificial Intelligence / BAAI","Academia,Academia,Academia,Academia","China,China,Singapore,China",2023-09-07,True,Open weights (unrestricted),dense,False,101000000000.0,101000000000.0,101000000000.0,311540000000.0,Epoch dataset size x epochs,notes mention words; kept,311540000000.0,,5.72e+22,Hardware,Confident,0.3029769498102793,False,False,False,False,False,,True,False,3.0845544554455446,1.8879324e+23,A
XGen-7B,XGen-7B,Salesforce,Industry,United States of America,2023-09-07,True,Open weights (unrestricted),dense,False,6700000000.0,6700000000.0,6700000000.0,1429520000000.0,Epoch dataset size x epochs,,1429520000000.0,1.0,8.02e+22,"Hardware,Operation counting",Confident,1.3955907406835095,False,False,False,False,False,,True,False,213.36119402985074,5.7466704e+22,A
Falcon-180B,Falcon-180B,Technology Innovation Institute,Government,United Arab Emirates,2023-09-06,True,Open weights (restricted use),dense,False,180000000000.0,180000000000.0,180000000000.0,3500000000000.0,Epoch dataset size x epochs,notes mention words but C/(6ND)~1: kept as tokens,3500000000000.0,1.0,3.76e+24,"Reported,Operation counting",Confident,0.9947089947089945,False,False,False,True,True,,True,True,19.444444444444443,3.78e+24,A
Baichuan2-13B,Baichuan2-13B,Baichuan,Industry,China,2023-09-06,True,Open weights (restricted use),dense,False,13000000000.0,13000000000.0,13000000000.0,2600000000000.0,Epoch dataset size x epochs,notes mention words but C/(6ND)~1: kept as tokens,2600000000000.0,1.0,2.03e+23,Operation counting,Confident,1.0009861932938855,False,False,False,False,False,,True,False,200.0,2.028e+23,A
Jais,Jais,"Cerebras Systems,Mohamed bin Zayed University of Artificial Intelligence (MBZUAI),Inception G42","Industry,Academia,Industry","United States of America,United Arab Emirates,United Arab Emirates",2023-08-29,True,Open weights (unrestricted),dense,False,13000000000.0,13000000000.0,13000000000.0,395000000000.0,Epoch dataset size x epochs,notes mention words; kept,395000000000.0,1.0,4.8946763e+22,"Operation counting,Hardware",Confident,1.588664816617981,True,False,False,True,False,inceptionai,True,False,30.384615384615383,3.081e+22,A
Refact-1.6B,Refact-1.6B,Refact AI,Industry,United Kingdom,2023-08-29,True,Open weights (restricted use),dense,False,1600000000.0,1600000000.0,1600000000.0,1200000000000.0,Epoch dataset size x epochs,,1200000000000.0,,1.152e+22,"Operation counting,Hardware",Likely,1.0,False,True,False,False,False,,False,False,750.0,1.152e+22,A
PULI GPTrio,PULI GPTrio,Hungarian Research Centre for Linguistics,Academia,Hungary,2023-08-23,True,Open weights (non-commercial),dense,False,6700000000.0,6700000000.0,6700000000.0,230590476190.0,Epoch dataset size x epochs,notes mention words; kept,230590476190.0,,5.8e+21,Hardware,Confident,0.625691959828786,False,False,False,False,False,,True,False,34.41648898358209,9.269737142838e+21,A
VARCO LLM 2.0 base,VARCO LLM 2.0 base,NCSOFT,Industry,South Korea,2023-08-16,False,API access,dense,False,13000000000.0,13000000000.0,13000000000.0,1600000000000.0,Epoch dataset size x epochs,,1600000000000.0,,1.248e+23,Operation counting,Likely,1.0,False,False,False,False,False,,True,False,123.07692307692308,1.248e+23,A
VARCO LLM 2.0 small Finetuning,VARCO LLM 2.0 small Finetuning,NCSOFT,Industry,South Korea,2023-08-16,False,API access,dense,False,7000000000.0,7000000000.0,7000000000.0,1600000000000.0,Epoch dataset size x epochs,,1600000000000.0,,6.72e+22,Operation counting,Likely,1.0,False,False,False,False,False,,True,False,228.57142857142858,6.72e+22,A
VARCO LLM KO/EN-13B-IST ver.1,VARCO LLM KO/EN-13B-IST ver.1,NCSOFT,Industry,South Korea,2023-08-16,False,API access,dense,False,13000000000.0,13000000000.0,13000000000.0,350000000000.0,Epoch dataset size x epochs,,350000000000.0,,2.73e+22,Operation counting,Likely,1.0,False,False,False,False,False,,True,False,26.923076923076923,2.73e+22,A
DeciCoder-1B,DeciCoder-1B,Deci AI,Industry,Israel,2023-08-15,True,Open weights (unrestricted),dense,False,1100000000.0,1100000000.0,1100000000.0,446000000000.0,Epoch dataset size x epochs,,446000000000.0,,2.9e+21,Operation counting,Confident,0.9851882049191466,False,True,False,False,False,,False,False,405.45454545454544,2.9436e+21,A
Japanese-LM-3.6B,Japanese-LM-3.6B,LINE Corporation,Industry,Japan,2023-08-14,True,Open weights (unrestricted),dense,False,3600000000.0,3600000000.0,3600000000.0,72150000000.0,Epoch dataset size x epochs,notes mention words; kept,72150000000.0,,,,Likely,,False,False,False,False,False,,True,False,20.041666666666668,1.55844e+21,A
Japanese StableLM Base Alpha 7B,Japanese StableLM Base Alpha 7B,Stability AI,Industry,United Kingdom,2023-08-10,True,Open weights (unrestricted),dense,False,7000000000.0,7000000000.0,7000000000.0,750000000000.0,Epoch dataset size x epochs,,750000000000.0,,3.15e+22,Operation counting,Confident,1.0,False,False,False,False,False,stabilityai,True,False,107.14285714285714,3.15e+22,A
Baichuan2-53B,Baichuan2-53B,Baichuan,Industry,China,2023-08-09,False,Unreleased,dense,False,53000000000.0,53000000000.0,53000000000.0,2600000000000.0,Epoch C/(6N) (operation counting),D from compute,,,8.268e+23,Operation counting,Likely,1.0,False,False,False,False,False,,True,False,49.056603773584904,8.268e+23,A
StableLM-Base-Alpha-7B,StableLM-Base-Alpha-7B,Stability AI,Industry,United Kingdom,2023-08-05,True,Open weights (unrestricted),dense,False,6890209280.0,6890209280.0,6890209280.0,1100000000000.0,Epoch dataset size x epochs,,1100000000000.0,1.0,4.5e+22,Operation counting,Confident,0.9895464043411201,False,False,False,False,False,stabilityai,True,True,159.64681990036738,4.5475381248e+22,A
Weblab-10B,Weblab-10B,Matsuo Lab,,Japan,2023-08-04,True,Open weights (non-commercial),dense,False,10000000000.0,10000000000.0,10000000000.0,599346540000.0,Epoch dataset size x epochs,,599346540000.0,2.34,3.6e+22,Operation counting,Confident,1.0010902874320422,False,False,False,False,False,,True,False,59.934654,3.59607924e+22,A
bilingual-gpt-neox-4b,bilingual-gpt-neox-4b,rinna,Industry,Japan,2023-07-31,True,Open weights (unrestricted),dense,False,3800000000.0,3800000000.0,3800000000.0,526315789473.6842,Epoch C/(6N) (operation counting),D from compute,,,1.2e+22,Operation counting,Likely,1.0,False,False,False,False,False,,True,False,138.50415512465375,1.2e+22,A
Llama 2-70B,Llama 2-70B,Meta AI,Industry,United States of America,2023-07-18,True,Open weights (restricted use),dense,False,70000000000.0,70000000000.0,70000000000.0,2000000000000.0,Epoch dataset size x epochs,notes mention words; kept,2000000000000.0,1.0,8.1e+23,"Hardware,Operation counting",Confident,0.9642857142857143,False,False,False,True,False,meta-llama,True,True,28.571428571428573,8.4e+23,A
Llama 2-7B,Llama 2-7B,Meta AI,Industry,United States of America,2023-07-18,True,Open weights (restricted use),dense,False,7000000000.0,7000000000.0,7000000000.0,2000000000000.0,Epoch dataset size x epochs,notes mention words; kept,2000000000000.0,1.0,8.4e+22,"Hardware,Operation counting",Confident,1.0,False,False,False,True,False,,True,True,285.7142857142857,8.4e+22,A
Llama 2-13B,Llama 2-13B,Meta AI,Industry,United States of America,2023-07-18,True,Open weights (restricted use),dense,False,13000000000.0,13000000000.0,13000000000.0,2000000000000.0,Epoch dataset size x epochs,notes mention words; kept,2000000000000.0,1.0,1.6e+23,"Hardware,Operation counting",Confident,1.0256410256410255,False,False,False,True,False,,True,True,153.84615384615384,1.56e+23,A
RetNet,RetNet,"Microsoft Research,Tsinghua University","Industry,Academia","United States of America,China",2023-07-17,False,Unreleased,ssm/hybrid,False,6700000000.0,6700000000.0,6700000000.0,100000000000.0,Epoch dataset size x epochs,,100000000000.0,,4.02e+21,Operation counting,Confident,1.0,False,False,False,False,False,,True,False,14.925373134328359,4.02e+21,A
Baichuan 1-13B,Baichuan 1-13B,Baichuan,Industry,China,2023-07-11,True,Open weights (restricted use),dense,False,13264901120.0,13264901120.0,13264901120.0,1400000000000.0,Epoch dataset size x epochs,,1400000000000.0,,9.36e+22,Operation counting,Confident,0.8400256467842515,False,False,False,False,False,baichuan-inc,True,False,105.5416838267393,1.11425169408e+23,A
InternLM,InternLM,"Shanghai AI Lab,SenseTime","Academia,Industry","China,Hong Kong",2023-07-06,False,Unreleased,dense,False,104000000000.0,104000000000.0,104000000000.0,1600000000000.0,Epoch dataset size x epochs,,1600000000000.0,,9.984e+23,Operation counting,Confident,1.0,False,False,False,True,False,,True,False,15.384615384615385,9.984e+23,A
CodeGen2.5,CodeGen2.5,Salesforce,Industry,United States of America,2023-07-06,True,Open weights (unrestricted),dense,False,7000000000.0,7000000000.0,7000000000.0,1398000000000.0,Epoch dataset size x epochs,,1398000000000.0,4.66,5.9e+22,Operation counting,Confident,1.004836841746713,False,True,False,False,False,,False,False,199.71428571428572,5.8716e+22,A
LongNet,LongNet,"Microsoft,Xi’an Jiaotong University","Industry,Academia","United States of America,China",2023-07-05,False,Unreleased,dense,False,2700000000.0,2700000000.0,2700000000.0,300000000000.0,Epoch dataset size x epochs,,300000000000.0,1.0,4.86e+21,Operation counting,Confident,1.0,False,False,False,False,False,,True,False,111.11111111111111,4.86e+21,A
MPT-30B,MPT-30B,MosaicML,Industry,United States of America,2023-06-22,True,Open weights (unrestricted),dense,False,30000000000.0,30000000000.0,30000000000.0,1050000000000.0,Epoch dataset size x epochs,,1050000000000.0,1.0,1.8900000000001e+23,Operation counting,Confident,1.0000000000000528,False,False,False,False,False,mosaicml,True,True,35.0,1.89e+23,A
RedPajama-INCITE-7B-Base,RedPajama-INCITE-7B-Base,Together,Industry,United States of America,2023-06-06,True,Open weights (unrestricted),dense,False,6900000000.0,6900000000.0,6900000000.0,1001000000000.0,Epoch dataset size x epochs,,1001000000000.0,1.0,4.1e+22,Operation counting,Confident,0.9893488154357719,False,False,False,False,False,,True,True,145.07246376811594,4.14414e+22,A
Polyglot-Ko-12.8B,Polyglot-Ko-12.8B,EleutherAI,Research collective,United States of America,2023-06-04,True,Open weights (unrestricted),dense,False,12898631680.0,12898631680.0,12898631680.0,167000000000.0,Epoch dataset size x epochs,fixed: Epoch compute notes: 'trained for 167 billion tokens'; the dataset field (96B) is a Korean word count,95793000000.0,,1.28e+22,Operation counting,Confident,0.9903725770859744,False,False,False,False,False,,True,False,12.947109751101909,1.292442894336e+22,A
Baichuan1-7B,Baichuan1-7B,Baichuan,Industry,China,2023-06-01,True,Open weights (non-commercial),dense,False,7000559616.0,7000559616.0,7000559616.0,1200000000000.0,Epoch dataset size x epochs,,1200000000000.0,,5.04e+22,Operation counting,Confident,0.9999200612478578,False,False,False,False,False,baichuan-inc,True,False,171.41486764248992,5.04040292352e+22,A
RWKV-4 14B,RWKV-4 14B,RWKV Foundation,Research collective,Multinational,2023-05-22,False,nan,ssm/hybrid,False,14000000000.0,14000000000.0,14000000000.0,330000000000.0,Epoch dataset size x epochs,,330000000000.0,,2.78e+22,Operation counting,Confident,1.002886002886003,False,False,False,False,False,,True,True,23.571428571428573,2.772e+22,A
WeLM,WeLM,WeChat AI,Industry,China,2023-05-16,False,nan,dense,False,10000000000.0,10000000000.0,10000000000.0,262000000000.0,Epoch dataset size x epochs,,262000000000.0,,2.484338688e+22,Hardware,Confident,1.5803681221374046,False,False,False,False,False,,True,False,26.2,1.572e+22,A
PaLM 2,PaLM 2,Google,Industry,United States of America,2023-05-10,False,API access,dense,False,340000000000.0,340000000000.0,340000000000.0,3600000000000.0,Epoch dataset size x epochs,,3600000000000.0,,7.34e+24,Operation counting,Likely,0.9994553376906318,False,False,False,True,True,,True,False,10.588235294117647,7.344e+24,A
StarCoder,StarCoder,"Hugging Face,ServiceNow,Northeastern University,Mila - Quebec AI (originally Montreal Institute for Learning Algorithms),Carnegie Mellon University (CMU),Johns Hopkins University,Leipzig University,ScaDS.AI,Queen Mary University of London,Roblox,Sea AI Lab,Technion - Israel Institute of Technology,Monash University,CSIRO,Data61,McGill University,Saama,University of British Columbia (UBC),Massachusetts Institute of Technology (MIT),Technical University of Munich,IBM,University of Vermont,UnfoldML,SAP,University of Notre Dame,Columbia University,New York University (NYU),University of Allahabad,Discover Dollar,Toloka,Telefonica,Stanford University,Weizmann Institute of Science,Alan Turing Institute,Wellesley College,EleutherAI,Forschungszentrum Julich","Industry,Industry,Academia,Academia,Academia,Academia,Academia,Academia,Industry,Academia,Academia,Government,Government,Academia,Academia,Academia,Academia,Industry,Academia,Industry,Academia,Academia,Academia,Academia,Industry,Industry,Industry,Academia,Academia,Government,Academia,Research collective,Government","United States of America,United States of America,United States of America,Canada,United States of America,United States of America,Germany,Germany,United Kingdom,United States of America,Singapore,Israel,Australia,Australia,Australia,Canada,United States of America,Canada,United States of America,Germany,United States of America,United States of America,Sweden,Germany,United States of America,United States of America,United States of America,India,India,Netherlands,Spain,United States of America,Israel,United Kingdom,United States of America,United States of America,Germany",2023-05-09,True,Open weights (restricted use),dense,False,15500000000.0,15500000000.0,15500000000.0,203750000000.0,Epoch dataset size x epochs,,203750000000.0,1.0,8.46e+22,"Reported,Hardware",Confident,4.4646744508212945,True,True,False,True,False,,False,False,13.14516129032258,1.894875e+22,A
OpenLLaMA-13B,OpenLLaMA-13B,OpenLM Research,Research collective,United States of America,2023-05-01,True,Open weights (unrestricted),dense,False,13000000000.0,13000000000.0,13000000000.0,1000000000000.0,Epoch dataset size x epochs,notes mention words; kept,1000000000000.0,1.0,7.8e+22,Operation counting,Confident,1.0,False,False,False,False,False,,True,True,76.92307692307692,7.8e+22,A
Falcon-7B,Falcon-7B,Technology Innovation Institute,Government,United Arab Emirates,2023-04-24,True,Open weights (unrestricted),dense,False,7000000000.0,7000000000.0,7000000000.0,1500000000000.0,Epoch dataset size x epochs,notes mention words but C/(6ND)~1: kept as tokens,1500000000000.0,,6.3e+22,"Operation counting,Reported",Confident,1.0,False,False,False,False,False,tiiuae,True,True,214.28571428571428,6.3e+22,A
ruGPT-3.5 13B,ruGPT-3.5 13B,Sber,"Industry,Government",Russia,2023-04-24,True,Open weights (unrestricted),dense,False,13000000000.0,13000000000.0,13000000000.0,900000000000.0,Epoch dataset size x epochs,,900000000000.0,3.0,1.0699776e+23,"Operation counting,Hardware",Confident,1.5241846153846152,True,False,False,False,False,ai-forever,True,False,69.23076923076923,7.02e+22,A
Incoder-6.7B,Incoder-6.7B,"Facebook AI Research,University of Washington,University of California (UC) Berkeley,Carnegie Mellon University (CMU),Toyota Technological Institute at Chicago","Industry,Academia,Academia,Academia,Academia","United States of America,France,United States of America,United States of America,United States of America,United States of America",2023-04-09,True,Open weights (non-commercial),dense,False,6700000000.0,6700000000.0,6700000000.0,52000000000.0,Epoch dataset size x epochs,,52000000000.0,1.0,3.00001e+21,Reported,Confident,1.4351368159203979,False,True,False,True,False,,False,False,7.7611940298507465,2.0904e+21,A
Cerebras-GPT-13B,Cerebras-GPT-13B,Cerebras Systems,Industry,United States of America,2023-04-06,True,Open weights (unrestricted),dense,False,13000000000.0,13000000000.0,13000000000.0,257100000000.0,Epoch dataset size x epochs,"fixed: Dey et al. (2023): 13B trained on 257B tokens (20 tokens/parameter); Epoch's 257.1B is already tokens seen (0.69 epochs of the Pile), so size x epochs double-counts",177399000000.0,0.69,2.3e+22,Reported,Confident,1.1469147991901785,False,False,False,False,False,cerebras,True,False,19.776923076923076,2.00538e+22,A
Pythia-12b,Pythia-12b,"EleutherAI,Booz Allen Hamilton, McLean,University of Cambridge,Indraprastha Institute of Information Technology
Delhi,Stability AI,datasaur.ai,University of Amsterdam","Research collective,Industry,Academia,Academia,Industry,Industry,Academia","United States of America,United States of America,United Kingdom,India,United Kingdom,United States of America,Netherlands",2023-04-03,True,Open weights (unrestricted),dense,False,12000000000.0,12000000000.0,12000000000.0,299892736000.0,Epoch dataset size x epochs,,299892736000.0,1.0,2.1590000000001e+22,Operation counting,Confident,0.9998945459990235,False,False,False,False,False,,True,True,24.991061333333334,2.1592276992e+22,A
Pythia-2.8b,Pythia-2.8b,"EleutherAI,Booz Allen Hamilton, McLean,University of Cambridge,Indraprastha Institute of Information Technology
Delhi,Stability AI,datasaur.ai,University of Amsterdam","Research collective,Industry,Academia,Academia,Industry,Industry,Academia","United States of America,United States of America,United Kingdom,India,United Kingdom,United States of America,Netherlands",2023-04-03,True,Open weights (unrestricted),dense,False,2800000000.0,2800000000.0,2800000000.0,299892736000.0,Epoch dataset size x epochs,,299892736000.0,1.0,5.038000000001e+21,Operation counting,Confident,0.9999607072210375,False,False,False,False,False,,True,True,107.10454857142857,5.0381979648e+21,A
Pythia-6.9b,Pythia-6.9b,"EleutherAI,Booz Allen Hamilton, McLean,University of Cambridge,Indraprastha Institute of Information Technology
Delhi,Stability AI,datasaur.ai,University of Amsterdam","Research collective,Industry,Academia,Academia,Industry,Industry,Academia","United States of America,United States of America,United Kingdom,India,United Kingdom,United States of America,Netherlands",2023-04-03,True,Open weights (unrestricted),dense,False,6900000000.0,6900000000.0,6900000000.0,299892736000.0,Epoch dataset size x epochs,,299892736000.0,1.0,1.2420000000001e+22,Operation counting,Confident,1.000357674552091,False,False,False,False,False,,True,True,43.46271536231884,1.24155592704e+22,A
Pythia-160m,Pythia-160m,"EleutherAI,Booz Allen Hamilton, McLean,University of Cambridge,Indraprastha Institute of Information Technology
Delhi,Stability AI,datasaur.ai,University of Amsterdam","Research collective,Industry,Academia,Academia,Industry,Industry,Academia","United States of America,United States of America,United Kingdom,India,United Kingdom,United States of America,Netherlands",2023-04-03,True,Open weights (unrestricted),dense,False,160000000.0,160000000.0,160000000.0,299892736000.0,Epoch dataset size x epochs,,299892736000.0,1.0,2.87900000001e+20,"Operation counting,Hardware",Confident,1.000010328140709,False,False,False,False,False,,False,True,1874.3296,2.8789702656e+20,A
Pythia-1b,Pythia-1b,"EleutherAI,Booz Allen Hamilton, McLean,University of Cambridge,Indraprastha Institute of Information Technology
Delhi,Stability AI,datasaur.ai,University of Amsterdam","Research collective,Industry,Academia,Academia,Industry,Industry,Academia","United States of America,United States of America,United Kingdom,India,United Kingdom,United States of America,Netherlands",2023-04-03,True,Open weights (unrestricted),dense,False,1000000000.0,1000000000.0,1000000000.0,299892736000.0,Epoch dataset size x epochs,,299892736000.0,1.0,1.799000000001e+21,Operation counting,Confident,0.9998019202889262,False,False,False,False,False,,True,True,299.892736,1.799356416e+21,A
Pythia-1.4b,Pythia-1.4b,"EleutherAI,Booz Allen Hamilton, McLean,University of Cambridge,Indraprastha Institute of Information Technology
Delhi,Stability AI,datasaur.ai,University of Amsterdam","Research collective,Industry,Academia,Academia,Industry,Industry,Academia","United States of America,United States of America,United Kingdom,India,United Kingdom,United States of America,Netherlands",2023-04-03,True,Open weights (unrestricted),dense,False,1400000000.0,1400000000.0,1400000000.0,299892736000.0,Epoch dataset size x epochs,,299892736000.0,1.0,2.5190000000001e+21,Operation counting,Confident,0.9999607072208787,False,False,False,False,False,,True,True,214.20909714285713,2.5190989824e+21,A
Pythia-70m,Pythia-70m,"EleutherAI,Booz Allen Hamilton, McLean,University of Cambridge,Indraprastha Institute of Information Technology
Delhi,Stability AI,datasaur.ai,University of Amsterdam","Research collective,Industry,Academia,Academia,Industry,Industry,Academia","United States of America,United States of America,United Kingdom,India,United Kingdom,United States of America,Netherlands",2023-04-03,True,Open weights (unrestricted),dense,False,70000000.0,70000000.0,70000000.0,299892736000.0,Epoch dataset size x epochs,,299892736000.0,1.0,1.26000000001e+20,Operation counting,Confident,1.0003576745599498,False,False,False,False,False,,False,True,4284.1819428571425,1.2595494912e+20,A
Pythia-410m,Pythia-410m,"EleutherAI,Booz Allen Hamilton, McLean,University of Cambridge,Indraprastha Institute of Information Technology
Delhi,Stability AI,datasaur.ai,University of Amsterdam","Research collective,Industry,Academia,Academia,Industry,Industry,Academia","United States of America,United States of America,United Kingdom,India,United Kingdom,United States of America,Netherlands",2023-04-03,True,Open weights (unrestricted),dense,False,410000000.0,410000000.0,410000000.0,299892736000.0,Epoch dataset size x epochs,,299892736000.0,1.0,7.37700000001e+20,Operation counting,Confident,0.9999510250921659,False,False,False,False,False,,False,True,731.4456975609756,7.3773613056e+20,A
BloombergGPT,BloombergGPT,"Bloomberg,Johns Hopkins University","Industry,Academia","United States of America,United States of America",2023-03-30,False,Unreleased,dense,False,50558868480.0,50558868480.0,50558868480.0,569000000000.0,Epoch dataset size x epochs,"fixed: Wu et al. (2023): 569B tokens trained = 0.8 epochs of the 708.9B-token corpus; Epoch's 569B is already tokens seen, so size x epochs double-counts",455200000000.0,0.8,2.36e+23,"Reported,Hardware",Confident,1.367260100688673,False,False,False,True,False,,True,False,11.254207562518614,1.7260797699072e+23,A
CPM-Bee,CPM-Bee,"Tsinghua University,Beijing Academy of Artificial Intelligence / BAAI,ModelBest,OpenBMB (Open Lab for Big Model Base)","Academia,Academia,Industry","China,China,China,China",2023-03-24,True,Open weights (unrestricted),dense,False,10000000000.0,10000000000.0,10000000000.0,140066666667.0,Epoch dataset size x epochs,,140066666667.0,,6.012e+22,Operation counting,Confident,7.1537363160229575,True,False,False,False,False,openbmb,True,False,14.0066666667,8.40400000002e+21,A
LightOn Mini,LightOn Mini,LightOn,Industry,France,2023-03-21,False,Hosted access (no API),dense,False,40000000000.0,40000000000.0,40000000000.0,1000000000000.0,Epoch dataset size x epochs,notes mention words but C/(6ND)~1: kept as tokens,1000000000000.0,,2.4e+23,Operation counting,Confident,1.0,False,False,False,False,False,,True,False,25.0,2.4e+23,A
Falcon-40B,Falcon-40B,Technology Innovation Institute,Government,United Arab Emirates,2023-03-15,True,Open weights (unrestricted),dense,False,40000000000.0,40000000000.0,40000000000.0,1000000000000.0,Epoch dataset size x epochs,notes mention words; kept,1000000000000.0,,2.4e+23,"Operation counting,Reported",Confident,1.0,False,False,False,True,False,,True,True,25.0,2.4e+23,A
Palmyra Large 20B,Palmyra Large 20B,Writer,Industry,United States of America,2023-03-01,True,Open weights (unrestricted),dense,False,20000000000.0,20000000000.0,20000000000.0,800000000000.0,Epoch dataset size x epochs,words->tokens via C/(6N),640000000000.0,0.8,9.6e+22,Operation counting,Speculative,1.0,False,False,False,False,False,Writer,False,False,40.0,9.6e+22,A
gpt-sw3-40b,gpt-sw3-40b,AI Sweden,,Sweden,2023-03-01,True,Open weights (restricted use),dense,False,40000000000.0,40000000000.0,40000000000.0,320000000000.0,Epoch C/(6N) (operation counting),D from compute,,,7.68e+22,Operation counting,Confident,1.0,False,False,False,False,False,,True,False,8.0,7.68e+22,A
CodeGen-Mono 16.1B,CodeGen-Mono 16.1B,Salesforce,Industry,United States of America,2023-02-27,True,Open weights (unrestricted),dense,False,16100000000.0,16100000000.0,16100000000.0,299706000000.0,Epoch dataset size x epochs,,299706000000.0,4.18,,,Likely,,False,True,False,False,False,,False,False,18.61527950310559,2.89515996e+22,A
LLaMA-13B,LLaMA-13B,Meta AI,Industry,United States of America,2023-02-27,True,Open weights (non-commercial),dense,False,13000000000.0,13000000000.0,13000000000.0,1000000000000.0,Epoch dataset size x epochs,,1000000000000.0,1.0,7.8e+22,Operation counting,Confident,1.0,False,False,False,True,False,,True,True,76.92307692307692,7.8e+22,A
LLaMA-33B,LLaMA-33B,Meta AI,Industry,United States of America,2023-02-27,True,Open weights (non-commercial),dense,False,32500000000.0,32500000000.0,32500000000.0,1456000000000.0,Epoch dataset size x epochs,,1456000000000.0,1.04,2.7300000000001e+23,Operation counting,Confident,0.9615384615384968,False,False,False,False,False,,True,True,44.8,2.8392e+23,A
LLaMA-65B,LLaMA-65B,Meta AI,Industry,United States of America,2023-02-24,True,Open weights (non-commercial),dense,False,65200000000.0,65200000000.0,65200000000.0,1526000000000.0,Epoch dataset size x epochs,,1526000000000.0,1.09,5.5e+23,Operation counting,Confident,0.9213174772920368,False,False,False,True,False,,True,True,23.404907975460123,5.969712e+23,A
LLaMA-7B,LLaMA-7B,Meta AI,Industry,United States of America,2023-02-24,True,Open weights (non-commercial),dense,False,6700000000.0,6700000000.0,6700000000.0,1000000000000.0,Epoch dataset size x epochs,notes mention words but C/(6ND)~1: kept as tokens,1000000000000.0,1.0,4.00000001e+22,Operation counting,Confident,0.9950248781094528,False,False,False,True,False,,True,True,149.2537313432836,4.02e+22,A
Hyena-2 355M,Hyena-2 355M,"Stanford University,University of Montreal / Université de Montréal,Mila - Quebec AI (originally Montreal Institute for Learning Algorithms)","Academia,Academia,Academia","United States of America,Canada,Canada",2023-02-21,False,Unreleased,ssm/hybrid,False,355000000.0,355000000.0,355000000.0,15000000000.0,Epoch dataset size x epochs,,15000000000.0,,3.93e+19,"Reported,Operation counting",Confident,1.2300469483568075,False,False,False,False,False,,False,False,42.25352112676056,3.195e+19,A
Hyena-2 153M,Hyena-2 153M,"Stanford University,University of Montreal / Université de Montréal,Mila - Quebec AI (originally Montreal Institute for Learning Algorithms)","Academia,Academia,Academia","United States of America,Canada,Canada",2023-02-21,True,Open weights (unrestricted),ssm/hybrid,False,153000000.0,153000000.0,153000000.0,15000000000.0,Epoch dataset size x epochs,,15000000000.0,,1.87e+19,"Reported,Operation counting",Confident,1.3580246913580247,False,False,False,False,False,,False,False,98.03921568627452,1.377e+19,A
Hybrid H3-1.3B,Hybrid H3-1.3B,"Stanford University,University at Buffalo","Academia,Academia","United States of America,United States of America",2022-12-28,True,Open weights (unrestricted),dense,False,1300000000.0,1300000000.0,1300000000.0,400000000000.0,Epoch dataset size x epochs,,400000000000.0,1.0,,,Confident,,False,False,False,False,False,,True,False,307.6923076923077,3.12e+21,A
ALM 1.0,ALM 1.0,Beijing Academy of Artificial Intelligence / BAAI,Academia,China,2022-11-28,False,Hosted access (no API),dense,False,335000000.0,335000000.0,335000000.0,22696572400.0,Epoch dataset size x epochs,,22696572400.0,,,,Speculative,,False,False,False,True,False,,False,False,67.7509623880597,4.5620110524e+19,A
Verbatim Memory Transformer (117M),Verbatim Memory Transformer (117M),"Johns Hopkins University,New York University (NYU)","Academia,Academia","United States of America,United States of America",2022-10-24,False,Unreleased,dense,False,117000000.0,117000000.0,117000000.0,10666666667.0,Epoch dataset size x epochs,,10666666667.0,,,,Confident,,False,False,False,False,False,,False,False,91.16809117094017,7.488000000234e+18,A
CPM-Ant,CPM-Ant,"Tsinghua University,Beijing Academy of Artificial Intelligence / BAAI,ModelBest,OpenBMB (Open Lab for Big Model Base)","Academia,Academia,Industry","China,China,China,China",2022-09-22,True,Open weights (non-commercial),dense,False,10000000000.0,10000000000.0,10000000000.0,33400000000.0,Epoch dataset size x epochs,,33400000000.0,,2.004e+22,Operation counting,Confident,9.999999999999998,True,False,False,False,False,,True,False,3.34,2.004e+21,A
NeMO Megatron GPT 20B,NeMO Megatron GPT 20B,Nvidia,Industry,United States of America,2022-09-15,True,Open weights (unrestricted),dense,False,20000000000.0,20000000000.0,20000000000.0,341173367965.0,Epoch dataset size x epochs,notes mention words; kept,341173367965.0,,,,Confident,,False,False,False,False,False,,True,False,17.05866839825,4.09408041558e+22,A
Luminous-supreme,Luminous-supreme,Aleph Alpha,Industry,Germany,2022-08-15,False,API access,dense,False,70000000000.0,70000000000.0,70000000000.0,1069300000000.0,Epoch dataset size x epochs,,1069300000000.0,,3.5461e+23,"Hardware,Operation counting",Confident,0.7895908760960663,False,False,False,False,False,,True,False,15.275714285714285,4.49106e+23,A
Luminous-extended,Luminous-extended,Aleph Alpha,Industry,Germany,2022-08-15,False,API access,dense,False,30000000000.0,30000000000.0,30000000000.0,460000000000.0,Epoch dataset size x epochs,,460000000000.0,,1.0019457e+23,"Operation counting,Hardware",Confident,1.210079347826087,False,False,False,False,False,,True,False,15.333333333333334,8.28e+22,A
Luminous-base,Luminous-base,Aleph Alpha,Industry,Germany,2022-08-15,False,API access,dense,False,13000000000.0,13000000000.0,13000000000.0,402000000000.0,Epoch dataset size x epochs,,402000000000.0,,3.1673782e+22,"Operation counting,Hardware",Confident,1.0101346472764383,False,False,False,False,False,,True,False,30.923076923076923,3.1356e+22,A
GLM-130B,GLM-130B,Tsinghua University,Academia,China,2022-08-04,True,Open weights (non-commercial),dense,False,130000000000.0,130000000000.0,130000000000.0,400000000000.0,Epoch dataset size x epochs,fixed: GLM-130B paper (quoted in Epoch's notes): trained on over 400B tokens (200B Chinese + 200B English); Epoch's dataset field says 152B; its compute notes use 6 x 400B x 130B,152000000000.0,1.0,3.5490054945e+23,"Operation counting,Hardware",Confident,1.1375017610576923,False,False,False,True,False,,True,False,3.076923076923077,3.12e+23,A
BLOOM-176B,BLOOM-176B,"Hugging Face,BigScience","Industry,Research collective","United States of America,France",2022-07-11,True,Open weights (restricted use),dense,False,176247271424.0,176247271424.0,176247271424.0,379000000000.0,Epoch dataset size x epochs,,379000000000.0,1.0,3.65664e+23,Hardware,Confident,0.9123665264076545,False,False,False,True,False,,True,True,2.1503879006911575,4.00786295218176e+23,A
BLOOM-7.1B,BLOOM-7.1B,"Hugging Face,BigScience","Industry,Research collective","United States of America,France",2022-07-05,True,Open weights (restricted use),dense,False,7070000000.0,7070000000.0,7070000000.0,354000000000.0,Epoch dataset size x epochs,,354000000000.0,1.0,1.5014556e+22,Operation counting,Confident,0.9998585572843,False,False,False,False,False,bigscience,True,True,50.07072135785007,1.501668e+22,A
BLOOM-1.7B,BLOOM-1.7B,"Hugging Face,BigScience","Industry,Research collective","United States of America,France",2022-07-05,True,Open weights (restricted use),dense,False,1700000000.0,1700000000.0,1700000000.0,354000000000.0,Epoch dataset size x epochs,,354000000000.0,1.0,,,Confident,,False,False,False,False,False,,True,False,208.23529411764707,3.6108e+21,A
BLOOM-560M,BLOOM-560M,"Hugging Face,BigScience","Industry,Research collective","United States of America,France",2022-07-05,True,Open weights (restricted use),dense,False,560000000.0,560000000.0,560000000.0,354000000000.0,Epoch dataset size x epochs,,354000000000.0,1.0,,,Confident,,False,False,False,False,False,,True,True,632.1428571428571,1.18944e+21,A
BLOOM-1B,BLOOM-1B,"Hugging Face,BigScience","Industry,Research collective","United States of America,France",2022-07-05,True,Open weights (restricted use),dense,False,1000000000.0,1000000000.0,1000000000.0,354000000000.0,Epoch dataset size x epochs,,354000000000.0,1.0,,,Confident,,False,False,False,False,False,,True,True,354.0,2.124e+21,A
BLOOM-3B,BLOOM-3B,"Hugging Face,BigScience","Industry,Research collective","United States of America,France",2022-07-05,True,Open weights (restricted use),dense,False,3000000000.0,3000000000.0,3000000000.0,354000000000.0,Epoch dataset size x epochs,,354000000000.0,1.0,,,Confident,,False,False,False,False,False,,True,True,118.0,6.372e+21,A
GPT-SW3,GPT-SW3,"AI Sweden,RISE",Academia,"Sweden,Sweden",2022-06-25,False,Unreleased,dense,False,3500000000.0,3500000000.0,3500000000.0,101700000000.0,Epoch dataset size x epochs,"fixed: Epoch notes: 97,000 steps x 512 x 2,048 = 101.7B tokens processed; the dataset field is already tokens seen, so x 5 epochs over-counts",508559360000.0,5.0,1.6663535e+21,"Hardware,Operation counting",Confident,0.7802376270075385,False,False,False,False,False,,True,False,29.057142857142857,2.1357e+21,A
YaLM,YaLM,Yandex,Industry,Russia,2022-06-23,True,Open weights (unrestricted),dense,False,100000000000.0,100000000000.0,100000000000.0,300000000000.0,Epoch dataset size x epochs,,300000000000.0,,2.2e+23,Hardware,Likely,1.2222222222222223,False,False,False,False,False,,True,False,3.0,1.8e+23,A
CodeGeeX,CodeGeeX,"Z.ai (Zhipu AI),Tsinghua University","Industry,Academia","China,China",2022-06-22,True,Open weights (restricted use),dense,False,13000000000.0,13000000000.0,13000000000.0,850000000000.0,Epoch dataset size x epochs,,850000000000.0,,6.630000000001e+22,Operation counting,Confident,1.0000000000001508,False,True,False,False,False,,False,False,65.38461538461539,6.63e+22,A
OPT-1.3B,OPT-1.3B,Meta AI,Industry,United States of America,2022-06-21,True,Open weights (non-commercial),dense,False,1300000000.0,1300000000.0,1300000000.0,300600000000.0,Epoch dataset size x epochs,,300600000000.0,1.67,,,Confident,,False,False,False,False,False,,True,True,231.23076923076923,2.34468e+21,A
OPT-6.7B,OPT-6.7B,Meta AI,Industry,United States of America,2022-06-21,True,Open weights (non-commercial),dense,False,6700000000.0,6700000000.0,6700000000.0,300600000000.0,Epoch dataset size x epochs,,300600000000.0,1.67,1.2060000000001e+22,Comparison with other models,Confident,0.9980039920160507,False,False,False,False,False,,True,True,44.865671641791046,1.208412e+22,A
OPT-66B,OPT-66B,Meta AI,Industry,United States of America,2022-06-21,True,Open weights (non-commercial),dense,False,66000000000.0,66000000000.0,66000000000.0,300600000000.0,Epoch dataset size x epochs,,300600000000.0,1.67,1.100000000001e+23,Operation counting,Confident,0.9240777703859957,False,False,False,False,False,,True,True,4.554545454545455,1.190376e+23,A
OPT-350M,OPT-350M,Meta AI,Industry,United States of America,2022-06-21,True,Open weights (non-commercial),dense,False,350000000.0,350000000.0,350000000.0,300600000000.0,Epoch dataset size x epochs,,300600000000.0,1.67,,,Confident,,False,False,False,False,False,,False,True,858.8571428571429,6.3126e+20,A
OPT-2.7B,OPT-2.7B,Meta AI,Industry,United States of America,2022-06-21,True,Open weights (non-commercial),dense,False,2700000000.0,2700000000.0,2700000000.0,300600000000.0,Epoch dataset size x epochs,,300600000000.0,1.67,,,Confident,,False,False,False,False,False,,True,True,111.33333333333333,4.86972e+21,A
OPT-30B,OPT-30B,Meta AI,Industry,United States of America,2022-06-21,True,Open weights (non-commercial),dense,False,30000000000.0,30000000000.0,30000000000.0,300600000000.0,Epoch dataset size x epochs,,300600000000.0,1.67,5.4000000000001e+22,Operation counting,Confident,0.9980039920159866,False,False,False,False,False,,True,True,10.02,5.4108e+22,A
BIG-G 137B,BIG-G 137B,Google,Industry,United States of America,2022-06-09,False,Unreleased,dense,False,137000000000.0,137000000000.0,137000000000.0,681200000000.0,Epoch dataset size x epochs,,681200000000.0,1.0,5.6e+23,Operation counting,Confident,1.0000957234478158,False,False,False,False,False,,True,False,4.972262773722628,5.599464e+23,A
GPT-2 Medium (FlashAttention),GPT-2 Medium (FlashAttention),"Stanford University,University at Buffalo","Academia,Academia","United States of America,United States of America",2022-05-27,True,Open weights (unrestricted),dense,False,355000000.0,355000000.0,355000000.0,10130000000.0,Epoch dataset size x epochs,,10130000000.0,,8.9280922e+20,"Comparison with other models,Hardware",Confident,41.378011669887705,False,False,False,True,False,,False,False,28.535211267605632,2.15769e+19,A
OPT-175B,OPT-175B,Meta AI,Industry,United States of America,2022-05-02,True,Open weights (non-commercial),dense,False,175000000000.0,175000000000.0,175000000000.0,300006000000.0,Epoch dataset size x epochs,notes mention words; kept,300006000000.0,1.6667,4.3e+23,Reported,Confident,1.3650520640380843,False,False,False,True,False,,True,False,1.71432,3.150063e+23,A
Sparse all-MLP,Sparse all-MLP,Meta AI,Industry,United States of America,2022-04-14,False,Unreleased,dense,False,9410000000.0,9410000000.0,9410000000.0,100000000000.0,Epoch dataset size x epochs,notes mention words; kept,100000000000.0,,5.32224e+20,Hardware,Confident,0.09426567481402762,False,False,False,True,False,,True,False,10.626992561105208,5.646e+21,A
PaLM (540B),PaLM (540B),Google Research,Industry,United States of America,2022-04-04,False,Unreleased,dense,False,540350000000.0,540350000000.0,540350000000.0,780000000000.0,Epoch dataset size x epochs,notes mention words; kept,780000000000.0,1.0,2.5272e+24,Hardware,Confident,0.9993522716757658,False,False,False,True,True,,True,False,1.4435088368649949,2.528838e+24,A
NoPos,NoPos,"Tel Aviv University,University of Washington,Intel Labs,Meta AI","Academia,Academia,Industry,Industry","Israel,United States of America,United States of America,United States of America",2022-03-30,False,Unreleased,dense,False,1300000000.0,1300000000.0,1300000000.0,2520000000.0,Epoch dataset size x epochs,,2520000000.0,0.12,2.09664e+19,Operation counting,Confident,1.0666666666666667,False,False,False,False,False,,False,False,1.9384615384615385,1.9656e+19,A
Chinchilla,Chinchilla,DeepMind,Industry,United Kingdom,2022-03-29,False,Unreleased,dense,False,70000000000.0,70000000000.0,70000000000.0,1400000000000.0,Epoch dataset size x epochs,notes mention words; kept,1400000000000.0,1.0,5.76e+23,Reported,Confident,0.9795918367346939,False,False,False,True,False,,True,False,20.0,5.88e+23,A
GPT3-6.7B + muP,GPT3-6.7B + muP,"Microsoft,OpenAI","Industry,Industry","United States of America,United States of America",2022-03-07,False,Unreleased,dense,False,6700000000.0,6700000000.0,6700000000.0,300000000000.0,Epoch dataset size x epochs,,300000000000.0,1.0,1.28e+22,"Comparison with other models,Operation counting",Confident,1.0613598673300164,False,False,False,False,False,,True,False,44.776119402985074,1.206e+22,A
Statement Curriculum Learning,Statement Curriculum Learning,OpenAI,Industry,United States of America,2022-03-02,False,API access,dense,False,774000000.0,774000000.0,774000000.0,372000000000.0,Epoch dataset size x epochs,,372000000000.0,,1.7901648e+22,Hardware,Likely,10.362340585146287,False,False,False,True,False,,True,False,480.62015503875966,1.727568e+21,A
PolyCoder,PolyCoder,Carnegie Mellon University (CMU),Academia,United States of America,2022-02-26,True,Open weights (unrestricted),dense,False,2700000000.0,2700000000.0,2700000000.0,39300000000.0,Epoch dataset size x epochs,,39300000000.0,,1.1e+21,Hardware,Likely,1.7277667828982501,False,True,False,True,False,NinedayWang,False,False,14.555555555555555,6.3666e+20,A
LaMDA,LaMDA,Google,Industry,United States of America,2022-02-10,False,Unreleased,dense,False,137000000000.0,137000000000.0,137000000000.0,2080000000000.0,Epoch dataset size x epochs,notes mention words; kept,2080000000000.0,,3.55e+23,Hardware,Confident,0.20763148044169943,False,False,False,True,False,,True,False,15.182481751824817,1.70976e+24,A
GPT-NeoX-20B,GPT-NeoX-20B,EleutherAI,Research collective,United States of America,2022-02-09,True,Open weights (unrestricted),dense,False,20000000000.0,20000000000.0,20000000000.0,477642715151.0,Epoch dataset size x epochs,,477642715151.0,1.4,9.31627008e+22,Hardware,Confident,1.625390308223514,False,False,False,True,False,,True,True,23.88213575755,5.731712581812e+22,A
RETRO-7B,RETRO-7B,DeepMind,Industry,United Kingdom,2022-02-07,False,Unreleased,dense,False,7500000000.0,7500000000.0,7500000000.0,419430400000.0,Epoch dataset size x epochs,notes mention words; kept,419430400000.0,,1.68e+22,Operation counting,Confident,0.8900960286458334,False,False,False,True,False,,True,False,55.92405333333333,1.8874368e+22,A
AlphaCode,AlphaCode,DeepMind,Industry,United Kingdom,2022-02-02,False,Unreleased,dense,False,41100000000.0,41100000000.0,41100000000.0,967000000000.0,Epoch dataset size x epochs,,967000000000.0,,2.38010000000001e+23,Hardware,Confident,0.9981036826801103,False,True,False,True,False,,False,False,23.527980535279806,2.384622e+23,A
Primer (GPT-3 XL-like 1.9B),Primer (GPT-3 XL-like 1.9B),Google Brain,Industry,United States of America,2022-01-24,False,Unreleased,dense,False,1900000000.0,1900000000.0,1900000000.0,2000000000000.0,Epoch dataset size x epochs,,2000000000000.0,,2.2049963e+22,"Hardware,Operation counting",Confident,0.9671036403508771,False,False,False,False,False,,True,False,1052.6315789473683,2.28e+22,A
Fairseq-dense 13B,Fairseq-dense 13B,Meta AI,Industry,United States of America,2021-12-20,True,Open weights (unrestricted),dense,False,13000000000.0,13000000000.0,13000000000.0,400213333333.3333,Epoch dataset size x epochs,words->tokens x4/3,300160000000.0,2.68,3.267e+22,Reported,Likely,1.0465572207643103,False,False,False,False,False,,True,False,30.785641025641024,3.121664e+22,A
XGLM-7.5B,XGLM-7.5B,"Meta AI,Facebook AI Research","Industry,Industry","United States of America,United States of America,France",2021-12-20,True,Open weights (non-commercial),dense,False,7500000000.0,7500000000.0,7500000000.0,500000000000.0,Epoch dataset size x epochs,,500000000000.0,1.0,2.25e+22,"Operation counting,Hardware",Confident,1.0,False,False,False,True,False,,True,True,66.66666666666667,2.25e+22,A
GLaM,GLaM,Google,Industry,United States of America,2021-12-13,False,Unreleased,moe,True,1200000000000.0,101008645650.0,101008645650.0,600000000000.0,Epoch dataset size x epochs,notes mention words but C/(6ND)~1: kept as tokens,600000000000.0,,3.6363112434e+23,"Operation counting,Hardware",Confident,1.0,False,False,False,True,False,,True,False,5.940085585139216,3.6363112434e+23,A
Gopher (280B),Gopher (280B),DeepMind,Industry,United Kingdom,2021-12-08,False,Unreleased,dense,False,280000000000.0,280000000000.0,280000000000.0,300000000000.0,Epoch dataset size x epochs,notes mention words; kept,300000000000.0,1.0,6.31e+23,Reported,Confident,1.251984126984127,False,False,False,True,True,,True,False,1.0714285714285714,5.04e+23,A
Japanese dialog transformers,Japanese dialog transformers,NTT Communication Science Laboratories,Industry,Japan,2021-11-09,True,Open weights (non-commercial),dense,False,1600000000.0,1600000000.0,1600000000.0,42630000000.0,Epoch dataset size x epochs,,42630000000.0,,,,,,False,False,False,False,False,,False,False,26.64375,4.09248e+20,A
Yuan 1.0,Yuan 1.0,Inspur,Industry,China,2021-10-12,False,API access,dense,False,245730000000.0,245730000000.0,245730000000.0,180000000000.0,Epoch dataset size x epochs,notes mention words; kept,180000000000.0,,3.5380000000001e+23,Reported,Confident,1.3331404085484144,False,False,False,True,True,,True,False,0.7325112928824319,2.653884e+23,A
Megatron-Turing NLG 530B,Megatron-Turing NLG 530B,"Microsoft,Nvidia","Industry,Industry","United States of America,United States of America",2021-10-11,False,Unreleased,dense,False,530000000000.0,530000000000.0,530000000000.0,270000000000.0,Epoch dataset size x epochs,notes mention words; kept,270000000000.0,,8.586e+23,Third-party estimation,Confident,1.0,False,False,False,True,True,,True,False,0.5094339622641509,8.586e+23,A
HyperCLOVA 82B,HyperCLOVA 82B,"NAVER,Search Solutions","Industry,Industry","South Korea,South Korea",2021-09-10,False,API access,dense,False,82000000000.0,82000000000.0,82000000000.0,300000000000.0,Epoch dataset size x epochs,notes mention words but C/(6ND)~1: kept as tokens,300000000000.0,,1.476e+23,"Operation counting,Hardware",Confident,1.0,False,False,False,True,False,,True,False,3.658536585365854,1.476e+23,A
HyperCLOVA 204B,HyperCLOVA 204B,NAVER,Industry,South Korea,2021-09-10,False,Hosted access (no API),dense,False,204000000000.0,204000000000.0,204000000000.0,560000000000.0,Epoch dataset size x epochs,,560000000000.0,,2.0000000001e+23,,Speculative,0.2917833800332633,False,False,False,True,True,,False,False,2.7450980392156863,6.8544e+23,A
NLM,NLM,"Carnegie Mellon University (CMU),University of California San Diego","Academia,Academia","United States of America,United States of America",2021-09-09,False,Unreleased,dense,False,247000512.0,247000512.0,247000512.0,18778638537.127136,Epoch C/(6N) (operation counting),D from compute,,,2.783e+19,Operation counting,Confident,1.0,False,False,False,False,False,,False,False,76.0267190746841,2.783e+19,A
MEB,MEB,Microsoft,Industry,United States of America,2021-09-04,False,Hosted access (no API),dense,False,135000000000.0,135000000000.0,135000000000.0,500000000000.0,Epoch dataset size x epochs,,500000000000.0,,,,Confident,,False,False,False,True,False,,True,False,3.7037037037037037,4.05e+23,A
"GPT-2 (1.5B, Curriculum Learning 45K)","GPT-2 (1.5B, Curriculum Learning 45K)",Microsoft,Industry,United States of America,2021-08-13,False,Unreleased,dense,False,1500000000.0,1500000000.0,1500000000.0,251200000000.0,Epoch dataset size x epochs,,251200000000.0,1.6,2.3811e+21,"Comparison with other models,Hardware,Operation counting",Likely,1.053211252653928,False,False,False,False,False,,True,False,167.46666666666667,2.2608e+21,A
"GPT-2 (117M, SLW 110K)","GPT-2 (117M, SLW 110K)",Microsoft,Industry,United States of America,2021-08-13,False,Unreleased,dense,False,117000000.0,117000000.0,117000000.0,157000000000.0,Epoch C/(6N) (operation counting),D from compute,,,1.10214e+20,Operation counting,Confident,1.0,False,False,False,False,False,,False,False,1341.8803418803418,1.10214e+20,A
Jurassic-1-Jumbo,Jurassic-1-Jumbo,AI21 Labs,Industry,Israel,2021-08-11,False,API access,dense,False,178000000000.0,178000000000.0,178000000000.0,300000000000.0,Epoch dataset size x epochs,notes mention words; kept,300000000000.0,,3.7e+23,Third-party estimation,Confident,1.1548064918851437,False,False,False,True,True,,True,False,1.6853932584269662,3.204e+23,A
EMDR,EMDR,"Mila - Quebec AI (originally Montreal Institute for Learning Algorithms),McGill University,DeepMind","Academia,Academia,Industry","Canada,Canada,United Kingdom",2021-06-09,True,Open weights (unrestricted),dense,False,440000000.0,440000000.0,440000000.0,694980000000.0,Epoch dataset size x epochs,notes mention words; kept,694980000000.0,4.05,1.91e+21,"Hardware,Operation counting",Confident,1.0410153507796605,False,False,False,True,False,,True,False,1579.5,1.8347472e+21,A
GPT-J-6B,GPT-J-6B,"EleutherAI,LAION","Research collective,Research collective","United States of America,Germany",2021-05-01,True,Open weights (unrestricted),dense,False,6053381344.0,6053381344.0,6053381344.0,400000000000.0,Epoch dataset size x epochs,notes mention words; kept,400000000000.0,1.0,1.5e+22,Reported,Confident,1.0324807978923853,False,False,False,False,False,,True,True,66.07877106511266,1.45281152256e+22,A
PanGu-α,PanGu-α,Huawei Noah's Ark Lab,Industry,China,2021-04-25,False,Unreleased,dense,False,207000000000.0,207000000000.0,207000000000.0,41159420289.85508,Epoch C/(6N) (operation counting),D from compute,,1.0,5.112e+22,"Operation counting,Third-party estimation",Likely,0.9999999999999999,False,False,False,False,False,,True,False,0.19883777917804385,5.112000000000001e+22,A
GPT-Neo-2.7B,GPT-Neo-2.7B,EleutherAI,Research collective,United States of America,2021-03-21,True,Open weights (unrestricted),dense,False,2700000000.0,2700000000.0,2700000000.0,420000000000.0,Epoch dataset size x epochs,,420000000000.0,,7.9e+21,"Third-party estimation,Operation counting",Confident,1.1610817166372722,False,False,False,False,False,EleutherAI,True,True,155.55555555555554,6.804e+21,A
GLM-10B,GLM-10B,"Tsinghua University,Beijing Academy of Artificial Intelligence / BAAI,Massachusetts Institute of Technology (MIT),Shanghai Qi Zhi institute","Academia,Academia,Academia","China,China,United States of America,China",2021-03-18,True,Open weights (unrestricted),dense,False,10000000000.0,10000000000.0,10000000000.0,82329255000.0,Epoch C/(6N) (operation counting),D from compute,,1.0,4.9397553e+21,"Hardware,Operation counting",Likely,1.0,False,False,False,False,False,,True,False,8.2329255,4.9397553e+21,A
GLM-2B,GLM-2B,"Tsinghua University,Beijing Academy of Artificial Intelligence / BAAI,Massachusetts Institute of Technology (MIT)","Academia,Academia,Academia","China,China,United States of America",2021-03-18,True,Open weights (unrestricted),dense,False,2000000000.0,2000000000.0,2000000000.0,33000000000.0,Epoch dataset size x epochs,,33000000000.0,1.0,,,Confident,,False,False,False,False,False,,False,False,16.5,3.96e+20,A
AraGPT2-Mega,AraGPT2-Mega,American University of Beirut,Academia,Lebanon,2020-12-31,True,Open weights (unrestricted),dense,False,1500000000.0,1500000000.0,1500000000.0,222222222222.22223,Epoch C/(6N) (operation counting),D from compute,,20.0,2e+21,"Third-party estimation,Hardware,Operation counting",Confident,1.0,False,False,False,False,False,aubmindlab,True,False,148.14814814814815,2e+21,A
CPM-Large,CPM-Large,"Tsinghua University,Beijing Academy of Artificial Intelligence / BAAI","Academia,Academia","China,China",2020-12-01,True,Open weights (unrestricted),dense,False,2600000000.0,2600000000.0,2600000000.0,16700000000.0,Epoch dataset size x epochs,notes mention words; kept,16700000000.0,,2.6052e+20,Third-party estimation,Confident,1.0,False,False,False,True,False,,False,False,6.423076923076923,2.6052e+20,A
GShard (dense),GShard (dense),Google,Industry,United States of America,2020-06-30,False,Unreleased,dense,False,2300000000.0,2300000000.0,2300000000.0,462222222222.6667,Epoch dataset size x epochs,words->tokens x4/3,346666666667.0,,4.765e+22,"Operation counting,Hardware",Confident,7.470213210695158,True,False,False,True,True,,True,False,200.96618357507248,6.3786666666728e+21,A
GShard (600B),GShard (600B),Google,Industry,United States of America,2020-06-30,False,Unreleased,dense,False,600000000000.0,600000000000.0,600000000000.0,1333333333333.3333,Epoch dataset size x epochs,words->tokens x4/3,1000000000000.0,,1.33e+22,"Third-party estimation,Hardware",Confident,0.0027708333333333335,False,False,False,False,False,,True,False,2.222222222222222,4.7999999999999996e+24,A
GPT-3 6.7B,GPT-3 6.7B,OpenAI,Industry,United States of America,2020-06-22,False,nan,dense,False,6660000000.0,6660000000.0,6660000000.0,300000000000.0,Epoch dataset size x epochs,,300000000000.0,,1.2e+22,Reported,Confident,1.001001001001001,False,False,False,False,False,,True,False,45.04504504504504,1.1988e+22,A
GPT-3 XL,GPT-3 XL,OpenAI,Industry,United States of America,2020-06-22,False,nan,dense,False,1320000000.0,1320000000.0,1320000000.0,300000000000.0,Epoch dataset size x epochs,,300000000000.0,,2.38e+21,Reported,Confident,1.0016835016835017,False,False,False,False,False,,True,False,227.27272727272728,2.376e+21,A
GPT-3 Small,GPT-3 Small,OpenAI,Industry,United States of America,2020-06-22,False,nan,dense,False,125000000.0,125000000.0,125000000.0,300000000000.0,Epoch dataset size x epochs,,300000000000.0,,2.25e+20,Reported,Confident,1.0,False,False,False,False,False,,False,False,2400.0,2.25e+20,A
GPT-3 Medium,GPT-3 Medium,OpenAI,Industry,United States of America,2020-06-22,False,nan,dense,False,356000000.0,356000000.0,356000000.0,300000000000.0,Epoch dataset size x epochs,,300000000000.0,,6.41e+20,Reported,Confident,1.0003121098626717,False,False,False,False,False,,False,False,842.6966292134831,6.408e+20,A
GPT-3 Large,GPT-3 Large,OpenAI,Industry,United States of America,2020-06-22,False,nan,dense,False,760000000.0,760000000.0,760000000.0,300000000000.0,Epoch dataset size x epochs,,300000000000.0,,1.37e+21,Reported,Confident,1.0014619883040936,False,False,False,False,False,,True,False,394.7368421052632,1.368e+21,A
GPT-3 2.7B,GPT-3 2.7B,OpenAI,Industry,United States of America,2020-06-22,False,nan,dense,False,2650000000.0,2650000000.0,2650000000.0,300000000000.0,Epoch dataset size x epochs,,300000000000.0,,4.77e+21,Reported,Confident,1.0,False,False,False,False,False,,True,False,113.20754716981132,4.77e+21,A
GPT-3 13B,GPT-3 13B,OpenAI,Industry,United States of America,2020-06-22,False,nan,dense,False,12850000000.0,12850000000.0,12850000000.0,300000000000.0,Epoch dataset size x epochs,,300000000000.0,,2.31e+22,Reported,Confident,0.9987029831387808,False,False,False,False,False,,True,False,23.346303501945524,2.313e+22,A
GPT-3 175B (davinci),GPT-3 175B (davinci),OpenAI,Industry,United States of America,2020-05-28,False,API access,dense,False,174600000000.0,174600000000.0,174600000000.0,300000000000.0,Epoch dataset size x epochs,fixed: Brown et al. (2020) Table D.1: all GPT-3 models trained for 300B tokens; Epoch records 238B words x 0.6 epochs,142800000000.0,0.6,3.14e+23,Reported,Confident,0.9991090747104494,False,False,False,True,True,,True,False,1.7182130584192439,3.1428e+23,A
GPT3-6.7B (rerun of original),GPT3-6.7B (rerun of original),"Microsoft,OpenAI","Industry,Industry","United States of America,United States of America",2020-05-28,False,Unreleased,dense,False,6700000000.0,6700000000.0,6700000000.0,300000000000.0,Epoch dataset size x epochs,,300000000000.0,1.0,1.2e+22,Operation counting,Confident,0.9950248756218905,False,False,False,False,False,,True,False,44.776119402985074,1.206e+22,A
FFN SwiGLU,FFN SwiGLU,Google,Industry,United States of America,2020-02-14,False,Unreleased,dense,False,220000000.0,220000000.0,220000000.0,50600083456.0,Epoch dataset size x epochs,,50600083456.0,,3.3687317e+19,"Hardware,Operation counting",Confident,0.5043607234197859,True,False,False,True,False,,False,False,230.00037934545455,6.679211016192e+19,A
RMSNorm (Transformer-base),RMSNorm (Transformer-base),"University of Edinburgh,University of Zurich","Academia,Academia","United Kingdom,Switzerland",2019-10-16,False,Unreleased,dense,False,65000000.0,65000000.0,65000000.0,7500000000.0,Epoch dataset size x epochs,,7500000000.0,,2.7570535e+18,"Operation counting,Hardware",Confident,0.9425823931623931,False,False,False,False,False,,False,False,115.38461538461539,2.925e+18,A
Megatron-LM (8.3B),Megatron-LM (8.3B),Nvidia,Industry,United States of America,2019-09-17,False,Unreleased,dense,False,8300000000.0,8300000000.0,8300000000.0,204160000000.00003,Epoch dataset size x epochs,,204160000000.00003,4.4,9.1e+21,"Hardware,Operation counting,Third-party estimation",Likely,0.8950378315770919,False,False,False,True,True,,True,False,24.597590361445786,1.0167168000000002e+22,A
Megatron-LM (2.5B),Megatron-LM (2.5B),Nvidia,Industry,United States of America,2019-09-17,False,Unreleased,dense,False,2500000000.0,2500000000.0,2500000000.0,157266666666.66666,Epoch C/(6N) (operation counting),D from compute,,3.4,2.359e+21,Operation counting,Likely,1.0000000000000002,False,False,False,False,False,,True,False,62.90666666666666,2.3589999999999997e+21,A
Megatron-LM (355M),Megatron-LM (355M),Nvidia,Industry,United States of America,2019-09-17,True,Open weights (unrestricted),dense,False,355000000.0,355000000.0,355000000.0,204160000000.00003,Epoch dataset size x epochs,,204160000000.00003,4.4,3.35e+20,Operation counting,Confident,0.7703614581953581,False,False,False,False,False,,False,False,575.0985915492959,4.3486080000000007e+20,A
Megatron-LM (1.2B),Megatron-LM (1.2B),Nvidia,Industry,United States of America,2019-09-17,False,Unreleased,dense,False,1200000000.0,1200000000.0,1200000000.0,157000000000.0,Epoch dataset size x epochs,,157000000000.0,,1.1304e+21,Operation counting,Confident,1.0,False,False,False,True,False,,True,False,130.83333333333334,1.1304e+21,A
Grover-Mega,Grover-Mega,University of Washington,Academia,United States of America,2019-05-29,True,Open weights (unrestricted),dense,False,1500000000.0,1500000000.0,1500000000.0,515402033333.3333,Epoch dataset size x epochs,words->tokens via C/(6N),416000000000.0,13.0,4.6386183e+21,"Hardware,Operation counting",Confident,1.0,False,False,False,False,True,,True,False,343.60135555555553,4.6386183e+21,A
GPT-2 (1.5B),GPT-2 (1.5B),OpenAI,Industry,United States of America,2019-02-14,True,Open weights (unrestricted),dense,False,1500000000.0,1500000000.0,1500000000.0,213333333333.3333,Epoch dataset size x epochs,,213333333333.3333,20.0,1.920000000001e+21,Operation counting,Speculative,1.000000000000521,False,False,False,True,False,,False,False,142.2222222222222,1.9199999999999997e+21,A
